date,close,ma60,ma120,deviation60Pct,deviation120Pct,forwardReturn5Pct,forwardReturn10Pct,forwardReturn20Pct,forwardReturn60Pct,maxForwardGain20Pct,maxForwardDrawdown20Pct
2005-01-04,982.79,,,,,1.449572,-0.827599,-2.768986,0.197203,1.560862,-2.839874
2005-01-05,992.56,,,,,0.421252,-2.587183,1.435405,1.091188,1.445756,-3.796244
2005-01-06,983.17,,,,,1.384836,-2.777312,1.017015,1.238271,2.414638,-2.877427
2005-01-07,983.96,,,,,0.441117,-0.138313,3.288948,-0.536009,3.343632,-2.955405
2005-01-10,993.88,,,,,-2.695273,0.426705,2.944509,0.70384,2.988288,-3.924015
2005-01-11,997.14,,,,,-2.277171,0.064163,2.326459,-1.025154,2.651584,-4.238121
2005-01-12,996.75,,,,,-3.008435,-0.686575,0.928706,-2.300655,2.691748,-4.200652
2005-01-13,996.88,,,,,-4.162147,-2.257249,2.843194,-3.377772,2.883998,-4.213145
2005-01-14,988.31,,,,,-0.579429,-1.951511,5.743944,-2.294646,5.912113,-3.382542
2005-01-17,967.45,,,,,3.121978,-1.307807,7.609355,-1.728639,8.195772,-1.299292
2005-01-18,974.69,,,,,2.341334,-1.941386,7.009279,-3.201449,7.392094,-2.032441
2005-01-19,967.21,,,,,2.32186,4.022588,7.903932,-2.949367,8.224688,-1.274801
2005-01-20,956.24,,,,,1.904898,3.794326,8.395745,-2.774908,9.466243,-0.142224
2005-01-21,982.6,,,,,-1.372081,3.427261,5.285273,-4.743346,6.529615,-2.821087
2005-01-24,998.13,,,,,-4.429785,2.517804,2.296766,-7.436156,4.872111,-4.333103
2005-01-25,997.78,,,,,-4.28272,2.262296,2.955549,-5.745323,4.908898,-4.299545
2005-01-26,989.93,,,,,1.700728,1.615282,3.351525,-5.987233,5.74081,-3.540654
2005-01-27,974.63,,,,,1.889428,5.100443,5.512995,-6.952582,7.400757,-2.02641
2005-01-28,969.21,,,,,4.799342,7.695454,7.910177,-5.965781,8.231446,-1.478524
2005-01-31,954.88,,,,,6.947589,8.917162,9.165909,-5.713747,9.855689,0.112056
2005-02-01,955.95,,,,,6.545016,8.950665,6.721225,-7.619184,9.732727,3.898739
2005-02-02,1006.91,,,,,-0.085446,3.881344,2.01743,-12.618792,4.179122,-1.359605
2005-02-03,993.22,,,,,3.211015,4.601419,3.736139,-12.641978,5.61507,1.291758
2005-02-04,1016.86,,,,,2.896112,1.858013,-0.329003,-14.28951,3.159727,-1.063077
2005-02-16,1023.58,,,,,1.969573,-0.221038,-2.024099,-14.750989,2.482464,-2.003752
2005-02-17,1020.61,,,,,2.405649,0.693254,-2.75661,-14.350641,2.78069,-2.718962
2005-02-18,1006.05,,,,,3.966791,1.736244,-2.760276,-13.073369,4.268178,-2.722529
2005-02-21,1025.63,,,,,1.390404,0.412552,-4.358305,-17.225375,2.277624,-4.579624
2005-02-22,1046.74,,,,,-1.0381,0.214722,-8.232381,-18.671432,0.214953,-7.902631
2005-02-23,1043.94,,,,,-2.190611,0.248747,-8.485579,-18.404728,0.483744,-8.135525
2005-02-24,1045.46,,,,,-1.712395,-2.229439,-8.029143,-19.838935,0.33765,-8.269087
2005-02-25,1046.76,,,,,-2.230547,-1.863914,-8.344308,-20.879525,0.213038,-8.38301
2005-02-28,1039.99,,,,,-0.977852,-0.86528,-7.930419,-19.515171,0.865393,-7.786613
2005-03-01,1035.93,,,,,1.252822,-2.187015,-8.114458,-19.084289,1.260703,-7.793963
2005-03-02,1021.32,,,,,2.439358,-1.803061,-8.613589,-19.83941,2.709239,-8.253045
2005-03-03,1027.71,,,,,-0.517044,-3.449864,-8.687074,-22.776153,2.070623,-8.823501
2005-03-04,1023.67,,,,,0.366633,-4.49652,-4.548646,-22.425048,2.473453,-8.463665
2005-03-07,1029.87,,,,,0.112572,-4.770857,-6.799671,-20.497715,1.856545,-9.01473
2005-03-08,1048.99,,,,,-3.439838,-8.447103,-9.324366,-22.542453,-0.233558,-10.673124
2005-03-09,1046.54,,,,,-4.242419,-8.734326,-7.217233,-14.445935,-1.482026,-10.464005
2005-03-10,1022.41,,,,,-2.93282,-5.799704,-3.755037,-11.36202,0.843106,-8.350857
2005-03-11,1027.43,,,,,-4.863153,-6.480394,-2.361648,-13.848384,0.350389,-8.798653
2005-03-14,1031.03,,,,,-4.88343,-7.06514,-3.514882,-14.377179,-1.698302,-9.117096
2005-03-15,1013.52,,,,,-5.007266,-5.927443,-3.495954,-13.724813,-0.993567,-7.546965
2005-03-16,1003.07,,,,,-4.491907,-6.810528,-0.21657,-14.59777,0.037884,-6.583788
2005-03-17,992.86,,,,,-2.866884,-5.23721,-0.595002,-12.153177,1.066616,-5.623149
2005-03-18,978.66,,,,,-1.617241,-0.052126,-0.469085,-10.587609,2.533055,-4.253776
2005-03-21,981.89,,,,,-2.18171,-2.028814,-1.862661,-8.015305,2.195765,-4.56874
2005-03-22,964.02,,,,,-0.920177,-0.877263,0.193791,-7.298191,4.090164,-2.799734
2005-03-23,959.01,,,,,-2.31862,1.517093,-0.852415,-6.278478,4.633945,-2.291947
2005-03-24,964.8,,,,,-2.370326,2.044667,-2.181585,-7.669615,4.006012,-2.878317
2005-03-25,962.96,,,,,1.565116,4.118747,-2.50899,-6.950779,4.204744,-2.692739
2005-03-28,960.7,,,,,0.152896,3.550257,-3.240233,-4.760215,4.44988,-3.1883
2005-03-29,955.19,,,,,0.042914,2.431489,-1.914162,-5.53907,5.052398,-2.629843
2005-03-30,937.03,,,,,3.835714,6.593958,-1.119333,-4.154351,7.088354,-1.113091
2005-03-31,942.2,,,,,4.414993,4.642208,-0.013798,-6.97854,6.500743,-1.655699
2005-04-01,978.15,,,,,2.553631,-0.41696,-4.790113,-12.932384,2.586515,-5.270153
2005-04-04,962.17,,,,,3.397361,0.166153,-5.665905,-11.700255,4.290302,-5.508382
2005-04-05,955.6,,,,,2.388574,1.071054,-4.551592,-11.747961,5.007325,-4.858728
2005-04-06,973.67,995.338167,,-2.201011,,2.758244,-2.369508,-7.662423,-14.462756,3.058531,-7.376216
2005-04-07,984.73,995.3705,,-1.074754,,0.227215,-4.226251,-10.585372,-15.335044,1.901029,-10.044378
2005-04-08,1003.45,995.552,,0.790198,,-2.970591,-6.627737,-12.274575,-19.038829,-0.254123,-11.722557
2005-04-11,995.42,995.756167,,-0.033766,,-3.231208,-6.790491,-12.863235,-18.887288,0.550521,-12.070282
2005-04-12,978.7,995.6685,,-1.718921,,-1.31752,-4.34565,-10.464554,-13.884992,2.268315,-10.568101
2005-04-13,1000.9,995.7855,,0.5123,,-5.127752,-7.71329,-12.51032,-16.786368,-1.391747,-12.551703
2005-04-14,986.97,995.616,,-0.8722,,-4.453466,-4.656006,-10.999029,-14.988576,-1.306017,-11.317467
2005-04-15,974.08,995.238167,,-2.148864,,-3.657147,-4.373153,-9.844007,-14.690178,-0.840793,-10.143931
2005-04-18,963.77,994.686333,,-3.157477,,-3.559282,-5.832058,-11.004409,-14.583104,0.219969,-10.420536
2005-04-19,965.89,994.312667,,-2.900176,,-3.02813,-5.622646,-10.632843,-14.488796,-1.555042,-10.617151
2005-04-20,950.87,994.036333,,-4.43964,,-2.585538,-5.292915,-9.066734,-12.083753,-0.7246,-9.205254
2005-04-21,943.98,993.5245,,-5.115374,,-0.20254,-6.359121,-9.628207,-11.196433,-0.202335,-9.17922
2005-04-22,939.1,993.056,,-5.586509,,-0.716006,-5.646838,-10.026226,-8.835011,0.31626,-9.539985
2005-04-25,930.07,992.619833,,-6.508789,,-2.272776,-6.072744,-8.344519,-8.198531,1.290225,-8.661714
2005-04-26,937.08,991.861167,,-5.681449,,-2.594516,-6.118903,-9.055669,-6.685477,0.532505,-9.344987
2005-04-27,926.6,990.669,,-6.68585,,-2.707376,-4.79703,-10.106489,-3.580501,1.669545,-9.612562
2005-04-28,942.07,989.7405,,-4.936321,,-6.156581,-6.343023,-14.075281,-5.585862,-1.026463,-13.129598
2005-04-29,932.4,988.781667,,-5.871164,,-4.930832,-5.470854,-13.08629,-4.861,-2.072072,-12.266195
2005-05-09,909.17,987.690667,,-8.283746,,-3.799969,-5.172351,-8.032139,-1.950328,0.430063,-10.024528
2005-05-10,913.08,986.755167,,-7.759845,,-3.524388,-5.010197,-8.666496,-1.043672,-1.229903,-10.409822
2005-05-11,901.85,985.871333,,-8.907764,,-2.089653,-3.77382,0.43372,0.852375,0.434662,-9.294229
2005-05-12,885.82,984.7025,,-10.58258,,-0.186442,-3.269086,2.97839,2.048151,3.023188,-7.652796
2005-05-13,887.54,982.713,,-10.186352,,-0.540023,-4.379388,0.787839,4.004201,2.823535,-7.83176
2005-05-16,875.27,980.747167,,-11.378229,,-1.372382,-2.271775,2.000938,5.792804,4.26497,-6.539696
2005-05-17,881.46,978.4905,,-10.443145,,-1.48581,-2.936766,0.235694,5.692204,3.532775,-7.196016
2005-05-18,883.2,976.150833,,-10.006544,,-1.684166,-5.309459,-1.87088,6.272174,3.328804,-7.37885
2005-05-19,884.17,973.876833,,-9.663549,,-3.082644,-7.732258,-0.559145,7.600384,3.215445,-7.480462
2005-05-20,882.76,971.822,,-9.61193,,-3.839365,-7.615435,-0.274517,6.103768,3.380307,-7.332684
2005-05-23,863.34,969.117167,,-11.557693,,-0.899392,-2.859788,4.851765,10.037906,5.705747,-5.248222
2005-05-24,868.46,966.145833,,-10.659326,,-1.450956,-3.656299,3.14086,8.452689,5.08256,-5.80683
2005-05-25,868.45,963.221,,-10.357286,,-3.625293,4.20754,3.640671,9.291538,5.08377,-5.805746
2005-05-26,857.33,960.0855,,-11.319943,,-4.649613,6.247476,4.140177,7.127876,6.446759,-4.583999
2005-05-27,849.51,956.798,,-11.893258,,-3.77607,5.167226,5.584438,8.301286,7.426634,-3.705666
2005-05-30,855.61,953.725,,-10.856071,,-1.960396,4.272712,6.824537,8.516401,7.062797,-4.392188
2005-05-31,855.95,950.725333,,-10.501324,,-2.205342,3.17246,5.430761,7.586138,7.02027,-4.430165
2005-06-01,837.53,947.662167,,-12.354099,,7.832833,3.43858,7.071471,10.542618,9.373993,-2.328275
2005-06-02,818.38,944.173333,,-14.298299,,10.897089,7.173112,7.110539,12.798683,11.933332,-0.042767
2005-06-03,818.03,940.746,,-13.977417,,8.943297,7.340919,4.944018,12.641286,11.981223,2.353214
2005-06-06,839,937.564833,,-11.10752,,6.233108,7.711553,1.997789,8.930017,9.18236,-0.205006
2005-06-07,837.28,934.036333,,-10.93568,,5.377802,6.797158,1.470127,8.863437,9.40665,1.480986
2005-06-08,905.77,931.690167,,-2.821491,,-4.394253,-0.566869,-7.234053,2.416011,1.133842,-6.978593
2005-06-09,912.6,929.86,,-1.873637,,-3.723977,-2.107299,-7.728062,3.442154,0.376945,-7.674775
2005-06-10,894.56,927.6455,,-3.631768,,-1.602378,0.417211,-7.552092,5.788538,2.40118,-7.273967
2005-06-13,892.96,925.344333,,-3.562413,,1.478445,2.551824,-8.024991,6.477926,2.584662,-7.711432
2005-06-14,883.54,923.178,,-4.38855,,1.419356,2.258301,-3.656133,5.833041,3.678385,-6.727483
2005-06-15,866.83,920.907333,,-6.051654,,3.827385,3.632891,-2.405169,9.452016,5.677007,-4.929456
2005-06-16,879.24,919.013667,,-4.42431,,1.616678,-0.062574,-3.430402,8.294659,4.185433,-6.271325
2005-06-17,880.34,917.375,,-4.120813,,2.019589,-2.396901,-4.571654,7.517436,4.055251,-6.388441
2005-06-20,906.26,916.1145,,-1.081512,,1.073379,-5.713764,-8.43046,4.661982,1.079161,-9.065831
2005-06-21,896.17,914.983667,,-2.077609,,0.838945,-5.327032,-6.996813,7.272255,2.217213,-8.042001
2005-06-22,900.65,914.011,,-1.472588,,-0.194493,-6.667185,-6.65769,7.43752,1.708766,-8.499417
2005-06-23,893.57,912.823833,,-2.131823,,-1.679251,-5.620763,-5.708403,8.165894,2.514632,-7.774433
2005-06-24,898.3,911.746167,,-1.485754,,-4.41649,-7.969303,-4.393223,7.4201,1.974841,-8.260047
2005-06-27,916.04,911.001833,,0.551512,,-6.787143,-10.576815,-6.678549,5.841061,-1.344919,-10.03668
2005-06-28,903.72,910.144,,-0.708325,,-6.165977,-5.914434,-3.060569,6.241171,-0.533351,-8.810251
2005-06-29,898.9,909.5085,,-1.173255,,-6.472692,-6.03806,-0.545483,4.93886,-0.543998,-8.321282
2005-06-30,878.69,908.45,,-3.330769,,-3.941511,-3.367828,1.37888,4.948955,1.743505,-6.212657
2005-07-01,859.49,906.472333,,-5.322132,,-3.552814,-2.174753,3.281272,6.384092,4.016335,-4.117558
2005-07-04,855.93,904.701667,,-5.541664,,-3.789672,-2.716696,4.084022,7.053153,4.448962,-3.718762
2005-07-05,849.68,902.936333,,-6.079224,,0.251543,-1.669781,6.152698,6.220183,6.345918,-3.010545
2005-07-06,842.56,900.751167,948.044667,-6.678417,-11.795674,0.434631,0.009494,7.652708,7.00747,7.953143,-2.190942
2005-07-07,844.73,898.417833,946.894167,-6.16182,-11.417028,0.573683,-0.08764,6.797823,8.096656,7.675825,-2.4422
2005-07-08,829.49,895.5185,945.53525,-7.659183,-13.094012,1.378061,3.576081,10.768454,10.072163,11.369637,-0.649797
2005-07-11,824.1,892.663167,944.209667,-7.991743,-13.605636,1.072976,3.898266,11.816857,9.620332,12.543381,1.078753
2005-07-12,851.82,890.5485,943.1085,-4.446233,-10.18061,-1.921324,2.853865,9.112642,7.669404,9.540748,-2.210561
2005-07-13,846.23,887.970667,941.878083,-4.814752,-10.708465,-0.425137,5.492577,10.548222,8.735795,11.124635,-1.564586
2005-07-14,849.59,885.681,940.6485,-4.160296,-10.181565,-0.661323,4.746708,11.589931,7.580819,12.28828,-1.953884
2005-07-15,841,883.463,939.350583,-4.925775,-11.059711,2.19802,5.456025,10.949938,7.315542,13.435196,-0.952438
2005-07-18,832.99,881.283333,937.984833,-5.635754,-11.871214,2.825291,6.800718,13.616601,7.472518,14.58721,0.31453
2005-07-19,835.61,879.112,936.712333,-5.075031,-11.421423,4.775189,7.822479,12.308642,7.686264,14.227929,0.841302
2005-07-20,842.64,877.308167,935.67225,-4.03185,-10.472543,5.917714,7.643214,12.308558,6.445396,13.274945,0.160211
2005-07-21,843.99,875.641667,934.583083,-3.68163,-10.195988,5.408032,6.885463,8.696102,6.415411,13.093757,1.5249
2005-07-22,859.69,874.318167,933.687083,-1.687249,-8.256949,3.258005,7.192374,7.110071,5.071094,11.028394,-0.329188
2005-07-25,856.86,873.098,932.858917,-1.877326,-8.497943,3.975427,7.91859,8.370413,5.648194,11.395094,2.289756
2005-07-26,876.48,872.088,931.974583,0.502355,-6.139166,3.04729,6.258777,5.215945,2.009386,8.901515,1.332603
2005-07-27,894.01,871.544833,931.106917,2.544965,-4.065715,1.7255,5.055645,4.016631,-2.055637,6.766144,-0.654355
2005-07-28,890.89,870.691833,930.216167,2.293286,-4.319603,1.477431,6.843223,4.309265,-1.702612,7.140051,-0.306435
2005-07-29,888.16,869.9545,929.368083,2.0711,-4.535297,3.934369,5.493914,4.415996,-2.32713,7.469375,0.388444
2005-08-01,891.61,869.661833,928.67625,2.492438,-4.073137,3.943163,6.815883,2.848206,-1.734314,7.053532,1.344758
2005-08-02,903.6,869.503833,928.1295,3.846404,-2.678449,3.211487,4.486163,1.240612,-3.461161,5.633023,0.060868
2005-08-03,909.57,869.6325,927.751917,4.490125,-1.979241,3.330145,4.665344,1.997356,-3.023583,4.939697,-0.595886
2005-08-04,904.15,869.938,927.32025,3.857333,-2.53037,5.365791,1.810639,4.372393,-3.32515,5.568766,1.18675
2005-08-05,923.8,870.542333,926.627667,5.937921,-0.305623,1.559544,-0.082303,2.572176,-5.043907,3.32323,-0.965577
2005-08-08,927.47,871.412333,926.07975,6.234518,0.150009,2.872719,0.451823,2.68606,-5.563424,2.91438,-1.357456
2005-08-09,933.09,872.272833,925.381667,6.73994,0.829539,1.274676,-1.042832,0.376531,-5.685397,2.294527,-1.95158
2005-08-10,940.37,873.225667,924.68825,7.40794,1.681676,1.335198,-1.039015,1.308962,-6.720414,1.5026,-2.710635
2005-08-11,953.99,874.389333,924.133083,8.712745,3.17971,-3.555152,-2.533958,0.13513,-10.027326,0.135222,-4.099624
2005-08-12,938.32,875.315333,923.568667,6.950684,1.584589,-1.641847,-1.077918,1.139152,-8.160434,1.807486,-2.498082
2005-08-15,954.5,876.834667,922.975917,8.486919,3.35845,-2.420897,-3.967676,-0.524158,-10.175837,0.081718,-4.150864
2005-08-16,945.06,878.111333,922.128583,7.347503,2.456374,-2.317508,-3.245551,1.960426,-9.823066,1.979768,-3.193448
2005-08-17,953.01,879.520667,921.370833,8.024833,3.37628,-2.374213,-2.667987,1.786653,-9.907167,1.802709,-4.001007
2005-08-18,920.67,880.576333,920.330917,4.452505,0.036837,1.021194,2.561754,5.178195,-6.508103,5.378692,-0.62889
2005-08-19,923.04,881.801833,919.299917,4.570522,0.406015,0.56393,2.654479,4.703252,-4.520844,5.108121,-0.884035
2005-08-22,931.67,883.0695,918.39725,5.357477,1.434864,-1.546779,2.234238,4.149196,-5.266868,4.236479,-1.80214
2005-08-23,923.41,884.193833,917.459583,4.339703,0.646481,-0.928043,1.419363,4.085795,-6.0017,5.168885,-0.92375
2005-08-24,930.65,885.745833,916.704,4.945323,1.509864,-0.293774,2.347977,1.467713,-6.025465,4.350723,-1.694515
2005-08-25,930.12,887.608167,915.89075,4.678322,1.541652,1.54056,2.669088,-0.739189,-5.369995,4.410184,-1.638498
2005-08-26,928.26,889.445333,915.095667,4.271382,1.428325,2.09055,2.217069,-1.313176,-4.874169,4.619395,-1.441407
2005-08-29,917.37,890.7515,914.158167,2.944539,0.350728,3.781017,3.443518,0.120925,-4.139581,5.861321,-0.271428
2005-08-30,914.88,892.044833,913.040583,2.527652,0.201258,2.347406,5.205977,-1.173127,-4.879508,6.14944,-1.166273
2005-08-31,927.92,892.414,912.052083,3.901537,1.724842,2.641751,4.454641,-2.642594,-6.005967,4.657729,-2.607983
2005-09-01,944.56,892.946667,911.403333,5.619236,3.573367,1.128528,2.61644,-3.07356,-7.870347,2.814009,-4.323706
2005-09-02,947.87,893.835167,910.740333,5.869598,3.995954,0.12652,2.048773,-3.268468,-8.579312,2.454978,-4.657812
2005-09-05,952.72,894.831167,910.08775,6.268599,4.578003,-0.337499,1.914959,-4.882585,-10.284225,1.933412,-5.143169
2005-09-06,936.61,895.715667,909.446833,4.464395,2.943043,2.85857,2.666431,-1.81977,-7.828969,3.6867,-3.5116
2005-09-07,952.76,897.147833,909.027583,6.014238,4.69876,1.812889,-0.880264,-3.121389,-8.646574,1.929132,-5.147151
2005-09-08,955.28,898.415167,908.714417,6.137221,4.997362,1.487912,-3.408278,-4.144242,-8.885547,1.660246,-5.39737
2005-09-09,949.07,899.560667,908.467833,5.357606,4.372308,1.922253,-3.530245,-4.773548,-6.72318,2.325434,-4.778362
2005-09-12,949.51,900.2815,908.198,5.323857,4.448365,2.252458,-3.322593,-5.619925,-6.63889,2.278017,-5.464924
2005-09-13,963.77,901.408167,908.195917,6.689451,5.939255,-0.192139,-6.379104,-6.582804,-8.064296,0.764705,-6.863671
2005-09-14,970.19,902.567167,908.289083,7.224882,6.592923,-2.693153,-7.097235,-7.649815,-7.715484,0.097919,-7.479978
2005-09-15,969.6,903.834333,908.329083,7.023753,6.527688,-4.89619,-5.69,-7.458886,-7.846341,0.158828,-7.42368
2005-09-16,967.49,904.9875,908.366833,6.678396,6.305679,-5.452498,-5.317241,-6.742229,-6.946992,0.377265,-7.22178
2005-09-19,971.14,905.905833,908.453833,6.953528,6.672657,-5.575051,-6.797544,-6.871415,-7.284776,-0.9494,-7.570484
2005-09-20,961.92,906.875833,908.509917,5.892574,5.712548,-6.186965,-4.486201,-7.292354,-5.843609,-1.820318,-7.032809
2005-09-21,944.41,907.634333,908.571417,3.971881,3.86869,-4.404082,-2.241125,-7.53998,-4.468281,-2.216198,-7.262735
2005-09-22,923.27,908.377333,908.413667,1.626186,1.622186,-0.79381,-0.735965,-5.272687,-1.585169,0.022745,-5.139342
2005-09-23,916.15,909.321667,907.897,0.748121,0.904917,0.135258,-1.243303,-5.42995,-0.028384,0.800087,-5.285161
2005-09-26,918.48,910.364167,907.532917,0.887543,1.199029,-1.222493,-2.297331,-4.703446,0.423716,0.544378,-5.525433
2005-09-27,904.21,911.273,907.104667,-0.778089,-0.319621,1.700764,-0.2037,-3.528646,1.661614,2.131142,-4.034461
2005-09-28,903.72,912.292333,906.52175,-0.94409,-0.309545,2.162956,-0.55258,-2.378345,1.885359,2.186518,-3.982428
2005-09-29,915.97,913.479667,905.94875,0.27225,1.100088,0.057845,-1.768885,-4.623984,1.738139,0.819896,-5.266548
2005-09-30,917.39,914.944667,905.231583,0.266909,1.334188,-1.37856,-1.424988,-4.347615,0.658397,0.66384,-5.413183
2005-10-10,907.32,916.331667,904.497417,-0.988318,0.311575,-1.074838,-0.073871,-3.366899,3.69048,1.78107,-4.3634
2005-10-11,919.72,917.463333,904.005917,0.245666,1.723337,-1.904464,-2.806153,-4.242159,4.195735,0.40882,-5.652807
2005-10-12,923.48,918.750833,903.36075,0.513419,2.202717,-2.715536,-5.298855,-4.907987,4.917786,-0.755837,-6.036947
2005-10-13,916.5,919.866,902.7735,-0.366594,1.509038,-1.826731,-4.536722,-6.018214,6.213178,-1.074741,-5.840698
2005-10-14,904.83,920.929833,902.196417,-1.763677,0.291483,-0.046428,-4.186647,-4.526038,7.791595,0.201143,-4.626283
2005-10-17,897.62,922.007,901.645167,-2.6806,-0.447424,1.000967,-2.406114,-4.031755,8.113046,1.005994,-3.951561
2005-10-18,902.37,923.119667,901.115833,-2.273424,0.139083,-0.901689,-3.324946,-5.200688,8.631667,0.474307,-5.067766
2005-10-19,898.74,924.054667,900.681417,-2.777745,-0.215782,-2.583319,-1.825766,-4.044005,8.534377,0.880121,-4.684336
2005-10-20,899.91,924.986667,900.314167,-2.748456,-0.044902,-2.709991,-2.855099,-4.227412,6.61374,0.748964,-4.808259
2005-10-21,904.41,925.732,900.025083,-2.330198,0.486016,-4.140219,-2.922627,-2.481867,6.410928,0.247675,-5.281896
2005-10-24,906.65,926.561833,899.829917,-2.172429,0.755072,-3.407081,-3.293028,-2.54465,8.148316,-1.365466,-5.51591
2005-10-25,894.27,926.858333,899.473167,-3.579299,-0.580148,-2.423257,-1.436005,-2.795141,10.292876,-1.16296,-4.207901
2005-10-26,875.82,926.555167,899.05,-5.6313,-2.617806,0.757554,0.390868,0.046802,12.591241,0.919139,-2.189948
2005-10-27,875.85,926.3045,898.498167,-5.600817,-2.552982,-0.145107,-1.481492,0.641881,12.871304,0.915682,-2.193298
2005-10-28,867.73,925.964,897.95925,-6.495475,-3.424408,1.217593,-0.33939,1.868957,14.096426,1.886532,-1.278047
2005-10-31,876.28,925.7085,897.685167,-5.487372,-2.413374,0.114054,-1.625641,0.44294,14.162382,0.892409,-2.241293
2005-11-01,872.86,925.196167,897.35,-5.823061,-2.76708,0.987251,-1.875742,-0.177735,16.866992,1.287721,-1.858259
2005-11-02,882.48,924.744667,897.188583,-4.678154,-1.652995,-0.366685,-2.218239,-0.985028,15.45197,0.183574,-2.928112
2005-11-03,874.58,924.251833,897.094917,-5.524081,-2.54179,-1.336384,-1.372313,-0.172804,16.654646,1.088522,-2.05127
2005-11-04,878.36,923.4945,897.018417,-5.010831,-2.101986,-1.556983,0.44076,-0.963229,14.910914,0.653491,-2.47279
2005-11-07,877.28,922.658,897.035167,-5.043242,-2.226885,-1.739694,0.748378,-2.034741,16.275714,0.777403,-2.352727
2005-11-08,881.52,921.7985,897.035667,-4.467896,-1.744793,-2.862993,-1.359136,-1.767041,15.722828,0.292676,-2.822398
2005-11-09,879.25,920.779833,897.00275,-4.615168,-1.998966,-1.851554,-0.344066,-0.617198,16.649226,0.551606,-2.57151
2005-11-10,862.97,919.262833,896.826083,-6.319215,-3.848203,-0.035929,2.123373,1.27691,18.819095,2.448521,-0.733513
2005-11-11,864.79,918.037333,896.676333,-5.975136,-3.620826,1.997742,2.208348,2.576406,16.518884,2.609882,-0.942425
2005-11-14,862.15,916.498167,896.666417,-6.11308,-3.925464,2.488072,2.06858,3.012789,16.849132,3.058632,-0.6391
2005-11-15,856.64,915.0245,896.567917,-6.593308,-4.555629,1.503857,1.698007,3.719195,17.61467,3.789223,0.346703
2005-11-16,863.12,913.526333,896.5235,-5.675847,-3.797077,1.507488,1.233212,3.978336,18.5287,4.058532,-0.406664
2005-11-17,862.66,912.5595,896.567917,-5.623265,-3.855341,2.159302,1.19951,3.839957,18.492445,4.114019,-0.353558
2005-11-18,882.24,911.8795,896.840667,-3.304373,-1.641409,0.210605,-1.403988,2.277104,16.582831,2.303228,-2.565062
2005-11-21,883.87,911.082833,897.076167,-3.032383,-1.483078,-0.419492,-2.783119,2.131289,17.170197,2.154163,-2.744748
2005-11-22,869.62,910.186333,897.190083,-4.559301,-3.121142,0.194149,-0.407905,4.243886,18.642985,4.335227,-1.151077
2005-11-23,876.23,909.279333,897.512583,-3.702373,-2.399853,-0.274276,-0.273132,3.024897,18.37794,3.548155,-1.896762
2005-11-24,881.49,908.468833,898.0385,-3.014692,-1.859928,-0.959792,-0.846463,3.045637,18.121676,3.092491,-2.482161
2005-11-25,884.1,907.732833,898.589083,-2.637992,-1.625567,-1.614593,0.368058,3.532609,16.112615,3.595747,-2.770049
2005-11-28,880.17,907.112833,898.932167,-3.015177,-2.109251,-2.363627,0.944209,4.684222,16.8475,4.795664,-2.335912
2005-11-29,871.31,906.386667,899.21575,-3.946817,-3.152517,-0.602054,2.021189,5.367995,17.589104,5.861289,-1.342806
2005-11-30,873.83,905.485167,898.949583,-3.558505,-2.83411,0.001144,2.745124,5.248732,14.972849,5.556001,-1.627319
2005-12-01,873.07,904.293667,898.620167,-3.513842,-2.88447,0.113329,2.640447,6.534927,14.496684,6.753181,-1.541686
2005-12-02,869.94,902.994833,898.415,-3.729259,-3.220786,1.982652,3.681093,5.969241,14.366164,7.137274,-1.187438
2005-12-05,859.61,901.443,898.137083,-4.751801,-4.384391,3.307836,4.914408,9.09212,16.013711,9.51827,0.752667
2005-12-06,866.08,900.2675,897.991583,-3.871466,-3.618341,2.623243,4.651792,10.204934,16.344336,10.743811,0.895991
2005-12-07,873.84,898.952167,898.05,-2.833253,-2.732845,2.74398,3.298029,10.442971,15.29631,11.007736,0.025176
2005-12-08,874.06,897.5985,898.006833,-2.657384,-2.702865,2.527119,3.892101,10.954483,16.315484,11.577008,1.521635
2005-12-09,887.36,896.57,898.065333,-1.032561,-1.199206,1.698441,3.164551,9.741227,14.674997,10.231473,0.130725
2005-12-12,888.52,895.5535,897.9175,-0.788481,-1.052104,1.606572,3.740013,9.132012,14.193418,10.087561,0.065277
2005-12-13,889.1,894.309,897.858583,-0.584164,-0.980286,2.028548,3.346806,10.113159,15.451374,10.642222,0.824429
2005-12-14,898.15,893.108333,897.83775,0.56292,0.034772,0.554049,2.503608,8.600046,14.73694,9.527362,-0.191505
2005-12-15,896.43,891.888833,897.861583,0.507871,-0.159571,1.364982,3.894479,7.001195,15.590372,9.737514,0.683824
2005-12-16,902.56,890.806667,897.897083,1.310775,0.517971,1.46611,2.288149,6.615691,14.991883,8.9922,0.038779
2005-12-19,902.91,889.6695,897.787667,1.477284,0.568929,2.133441,4.177712,8.561676,14.384999,8.949951,0.025473
2005-12-20,907.32,888.7595,897.817667,2.066853,1.05282,1.318258,5.553142,8.844131,14.672621,9.247013,-0.460697
2005-12-21,903.14,888.071667,897.853,1.682513,0.587122,1.949559,7.144942,9.519542,15.634694,9.987377,0.621166
2005-12-22,908.75,887.829667,898.1035,2.329012,1.178471,2.529497,7.062382,9.183786,15.893231,9.618707,0.785695
2005-12-23,915.89,887.825333,898.5735,3.112124,1.908776,0.822039,6.576676,8.694859,14.199675,9.08406,0.378866
2005-12-26,922.38,887.890333,899.12725,3.810905,2.553272,2.044271,5.391999,9.035221,14.009467,9.455973,-0.327414
2005-12-27,919.36,888.142833,899.707917,3.45452,2.16076,4.234885,6.766353,11.676732,16.040872,12.38579,0.169683
2005-12-28,920.92,888.4295,900.360917,3.591787,2.257747,5.195383,6.096438,11.188266,16.798166,12.195413,0.274725
2005-12-29,932.03,888.697167,901.088417,4.760847,3.376162,4.532885,3.106716,10.292523,16.567318,10.85802,-0.920571
2005-12-30,923.45,888.798167,901.871417,3.824648,2.36447,5.754638,4.327542,9.904902,17.788993,11.888029,1.947046
2006-01-04,941.43,889.366667,902.849167,5.68904,4.184449,3.347728,4.383965,9.218335,15.852501,9.751123,1.880119
2006-01-05,959.13,890.0235,903.743417,7.477876,5.948113,2.531468,3.290988,7.284934,15.318953,7.725751,0.240843
2006-01-06,970.03,890.799333,904.775083,8.520781,6.964061,0.901055,2.3746,6.823453,14.670796,7.061637,-0.88554
2006-01-09,975.25,891.7785,905.82225,8.947607,7.385075,-1.426169,2.121404,6.587703,13.577062,6.809536,-1.416047
2006-01-10,978.15,893.0005,906.965167,9.107589,7.555899,-1.427095,2.118183,4.201251,11.186896,6.492869,-1.708327
2006-01-11,973.48,894.264833,908.135917,8.487531,6.948322,1.036236,3.643221,4.704331,13.896484,7.003739,-1.2368
2006-01-12,983.72,895.620667,909.370167,9.382434,7.858907,0.75952,4.910379,3.782315,13.367243,5.889887,-2.264872
2006-01-13,978.81,896.955167,910.504917,8.733167,7.233825,1.473545,5.091828,5.950318,14.476747,6.421062,-1.774604
2006-01-16,961.44,897.980667,911.483667,6.828362,5.335849,3.547573,7.185807,7.651292,16.880633,8.343734,0.29643
2006-01-17,964.29,898.978667,912.355333,7.013278,5.536255,3.545279,5.577359,7.690035,16.244945,8.02352,2.004584
2006-01-18,983.62,900.2615,913.411667,8.855437,7.405297,2.606985,4.834371,6.477232,15.554688,6.691609,0.772656
2006-01-19,991.22,901.877333,914.367833,9.445799,8.070357,4.150859,3.993946,5.554967,14.221265,5.87357,0.213878
2006-01-20,993.34,903.836,915.195583,9.442507,8.193521,3.618282,4.448853,5.833501,13.940209,6.007007,0.283891
2006-01-23,996.16,905.841167,916.072833,9.504391,8.381201,3.638234,4.466299,5.892253,14.857957,6.069306,0.294129
2006-01-24,999.09,908.0305,916.99725,9.55669,8.574039,2.032081,2.083068,3.885146,14.52445,5.75824,1.051957
2006-01-25,1009.6,910.2525,917.9805,10.358746,9.513334,2.227386,1.061109,3.128058,14.945607,4.65729,0.990491
2006-02-06,1033.23,912.925333,919.06075,12.3791,11.709287,-0.156913,-1.128064,0.544377,16.488153,2.263775,-1.319164
2006-02-07,1029.94,915.383,920.063833,11.791327,11.281278,0.83057,0.858491,-1.464149,19.493017,2.590442,-1.453483
2006-02-08,1033.07,918.0245,921.138167,11.806615,11.468019,0.828064,0.465485,-2.330765,20.327208,2.279613,-2.303813
2006-02-09,1019.6,920.3785,921.9365,10.238067,10.068932,0.050987,2.112676,-1.507978,20.775705,3.630836,-1.496665
2006-02-10,1032.34,922.962833,922.810417,11.199438,11.215953,-1.166276,1.642862,-2.296744,22.765512,2.351938,-2.712285
2006-02-13,1031.61,925.464333,923.631417,10.858037,11.056288,-0.971151,1.561021,-1.145533,27.058263,2.424366,-2.643441
2006-02-14,1038.53,928.119,924.449417,11.240157,11.63632,0.02792,1.384648,-1.970114,24.822195,1.741885,-3.292153
2006-02-15,1041.66,931.097167,925.18,11.220723,11.858256,-0.362579,1.425954,-1.226701,24.850513,1.436169,-3.582743
2006-02-16,1020.12,933.686,925.861667,8.853535,9.695071,2.061689,1.802078,0.732518,26.616052,3.57801,-1.546877
2006-02-17,1020.37,936.323,926.410583,8.596008,9.660305,2.809138,2.066949,0.357075,29.179466,3.552633,-1.570999
2006-02-20,1021.64,939.073,927.04875,8.427124,9.715831,2.532172,1.67244,1.5559,29.607681,3.423907,-1.693356
2006-02-21,1038.82,942.001333,927.763833,9.783404,11.306352,1.356728,-2.32264,0.186576,23.776439,1.713483,-3.319151
2006-02-22,1037.89,944.921833,928.740667,9.384288,11.111554,1.788533,-2.796251,0.937884,23.149292,1.804623,-3.23252
2006-02-23,1041.37,947.574,929.72675,9.43874,11.340171,-0.259611,-3.620654,0.686157,22.773271,1.464417,-3.555893
2006-02-24,1049.44,950.3335,930.708167,9.919899,12.00662,-0.742189,-3.939606,-0.65391,23.768888,0.684174,-4.29753
2006-02-27,1047.84,953.303833,931.745083,9.455251,11.742692,-0.859732,-2.706554,0.273522,26.536813,0.837914,-4.151397
2006-02-28,1053.01,956.250167,932.76475,9.638845,12.125498,-3.679367,-3.354762,0.281652,26.953181,0.342827,-4.621988
2006-03-01,1056.62,959.169,933.818917,9.676313,12.354787,-4.584784,-2.652655,0.817193,25.640891,0.820541,-4.947853
2006-03-02,1038.67,961.745167,934.739,7.694681,10.542898,-3.361044,-1.06956,1.61967,30.058622,2.562893,-3.305188
2006-03-03,1041.68,964.437,935.774917,7.704556,10.72151,-3.197417,-1.709874,1.846189,28.855528,2.266531,-3.584594
2006-03-06,1038.87,967.229667,936.808167,7.145289,10.341033,-1.846822,-0.116541,3.819763,30.059325,3.893654,-3.323804
2006-03-07,1014.97,969.582,937.533583,4.574928,7.936175,0.324605,2.509216,7.074049,32.099871,7.330266,-1.047322
2006-03-08,1009.27,971.852,938.072833,3.777905,7.315498,1.932129,3.734135,8.605561,26.857867,8.986693,-0.488472
2006-03-09,1004.34,974.092,938.543417,3.058013,6.775677,2.291484,4.306811,9.39207,27.78212,9.847263,0.45403
2006-03-10,1008.9,976.580167,939.011583,3.255906,7.178809,1.487543,3.285696,8.93091,24.902439,9.350778,0.928734
2006-03-13,1019.86,979.143167,939.705333,4.074277,8.185429,1.730282,2.980076,9.179551,24.090499,9.614065,-0.155904
2006-03-14,1018.27,981.550333,940.25125,3.672709,7.971326,2.184611,3.636414,9.817458,24.29352,10.315535,0.564683
2006-03-15,1028.96,984.132,940.86525,4.454383,8.950393,1.802007,3.469848,8.21606,22.133816,9.169453,-0.480096
2006-03-16,1027.62,986.469667,941.519833,4.086815,8.750531,2.015327,2.68923,6.253127,22.381673,9.311808,-0.350324
2006-03-17,1024.02,988.728,942.14075,3.507207,8.333666,1.798154,3.556062,8.835079,25.238697,9.6961,1.332005
2006-03-20,1037.66,991.204,942.7565,4.580309,9.591543,1.249795,3.936304,8.029028,25.188071,8.360157,0.298749
2006-03-21,1040.76,993.580833,943.344583,4.639107,9.827487,1.451803,4.564833,8.339852,25.138916,8.69749,0.176794
2006-03-22,1047.67,996.1015,943.995167,5.047477,10.420288,1.667841,4.871426,8.291456,24.126091,8.644898,-0.483931
2006-03-23,1048.54,998.5345,944.670583,4.88653,10.431772,0.673902,5.085258,7.868753,23.894496,8.554752,-0.566502
2006-03-24,1042.6,1000.862667,945.266083,4.08553,9.800641,1.757909,5.645213,9.731365,25.054149,10.220602,0.777863
2006-03-27,1050.71,1003.2525,946.006,4.62189,10.497249,2.686509,6.199474,8.392776,26.052279,9.369855,0.468255
2006-03-28,1055.98,1005.799833,946.93575,4.868617,10.899328,3.11303,6.181044,7.825057,25.5879,8.824031,-0.033145
2006-03-29,1065.29,1008.408833,948.11925,5.487339,11.652206,3.203584,4.746212,8.148512,24.636038,8.489707,-0.906795
2006-03-30,1055.63,1010.737833,949.281583,4.345715,10.618755,4.411356,3.563897,9.019634,27.884269,9.482489,0.517227
2006-03-31,1061.09,1013.049667,950.47,4.633143,11.009536,3.887304,5.279016,9.97136,27.285194,10.485444,1.718045
2006-04-03,1079.32,1015.715667,951.92925,6.073776,12.559578,3.512966,4.092724,12.124014,27.455803,12.889597,0.931142
2006-04-04,1089.37,1018.523167,953.476333,6.724585,13.324022,3.068014,3.775019,13.883118,25.870621,14.893012,0.418591
2006-04-05,1099.97,1021.322167,955.009667,7.418488,14.131672,1.542628,3.42003,14.052412,23.618397,15.087684,-0.549106
2006-04-06,1103.24,1024.318667,956.558417,7.422363,14.266472,-0.847459,2.783494,12.891614,25.147556,14.746565,-0.843878
2006-04-07,1103.15,1027.014,958.190333,7.151416,14.087857,1.391712,4.086152,16.131347,24.57249,17.505326,-0.835788
2006-04-10,1117.91,1029.660333,959.841917,8.22319,15.244755,0.579758,2.193301,19.024244,23.363125,20.954281,-2.145074
2006-04-11,1123.31,1032.215,961.507167,8.457271,15.553294,0.707005,1.644013,16.974852,23.336964,20.372827,-2.615485
2006-04-12,1117.07,1034.578667,963.178583,7.671493,14.822563,1.877402,3.402299,17.861154,23.938415,21.045234,-2.071491
2006-04-13,1093.93,1036.508333,964.754417,5.391902,12.565842,3.630953,5.455737,19.630407,20.742738,23.605715,2.256086
2006-04-14,1118.61,1038.927167,966.596,7.389823,14.60615,2.69444,4.692344,19.987312,19.328533,22.12478,0.518501
2006-04-17,1124.41,1041.272,968.446333,7.681541,14.932066,1.613543,8.03129,20.022754,19.919327,22.16807,0.610987
2006-04-18,1131.28,1043.813167,970.384167,8.046922,15.341297,0.937008,10.108099,15.250011,19.395424,21.426172,0.274026
2006-04-19,1138.24,1046.759833,972.37025,8.378369,15.750184,1.524897,10.632382,13.919951,16.067579,20.683687,-0.33912
2006-04-20,1134.38,1049.594667,974.286667,7.768219,15.213595,1.824784,10.10812,14.218362,17.044902,21.094342,0.665562
2006-04-21,1149.16,1052.353667,976.307583,8.8002,16.300884,1.997904,12.045195,14.691432,16.553007,19.536879,-0.629155
2006-04-24,1142.7,1054.878333,978.377833,7.996845,15.525323,6.417747,16.830943,17.870515,17.270751,20.212654,-0.067384
2006-04-25,1141.93,1057.354833,980.595417,7.694946,15.231514,9.171091,15.330839,18.846473,18.51301,20.73945,1.168198
2006-04-26,1155.73,1060.014333,982.92775,8.644975,16.195184,9.107485,14.458855,16.675187,17.102702,19.29776,-0.039802
2006-04-27,1155.27,1062.617333,985.323917,8.359904,15.911893,8.283336,14.174671,19.419318,15.987319,21.433085,1.478442
2006-04-28,1172.35,1065.329833,987.791167,9.572583,17.129425,10.047291,15.294968,17.037979,13.469611,19.663923,3.93142
2006-05-08,1218.44,1068.416667,990.671,13.139355,20.694414,10.413196,11.991464,14.115548,6.042183,15.160369,2.722333
2006-05-09,1251.61,1072.111167,993.747083,15.480097,23.070327,6.159748,5.141912,11.142704,2.403744,12.108404,0.274047
2006-05-10,1265.93,1075.992167,997.008333,16.256385,23.880318,5.35137,3.287569,4.199893,0.720973,10.840252,-0.860237
2006-05-11,1255.04,1079.916167,1000.147333,15.028403,22.702012,5.891335,4.110242,5.498436,1.32186,11.802014,3.284357
2006-05-12,1296.26,1084.314833,1003.638833,17.85349,25.585097,5.247677,2.646237,-0.159818,-4.283268,8.246802,-0.15969
2006-05-15,1352.16,1089.657333,1007.560833,21.584004,29.417092,1.578268,1.039572,-4.113297,-9.949743,3.771743,-4.287215
2006-05-16,1331.13,1094.534,1011.3265,19.56995,27.476537,-1.017836,3.515634,-2.498789,-6.097448,5.411192,-2.775086
2006-05-17,1335.52,1099.431667,1015.264417,19.452735,27.417164,-2.063801,2.216332,-3.943399,-6.513772,5.064694,-3.866659
2006-05-18,1331.2,1104.616333,1019.151167,18.658273,26.71107,-1.781092,5.244648,-3.501862,-4.590708,5.405649,-3.554687
2006-05-19,1366.1,1110.3785,1023.35075,20.725902,28.887767,-2.60144,1.743011,-3.583694,-6.850411,2.712832,-6.018593
2006-05-22,1373.67,1116.245667,1027.659333,20.751502,29.020227,-0.538695,2.124085,-2.86371,-9.777231,2.146804,-6.536504
2006-05-23,1317.65,1120.892833,1031.447083,16.172431,24.48871,4.53347,6.000792,1.549053,-4.009811,6.489584,-2.562896
2006-05-24,1308.24,1125.398667,1035.16025,15.054538,23.412648,4.280132,0.912324,1.914684,-1.903746,7.255549,-1.862044
2006-05-25,1307.7,1129.8375,1038.70575,14.619605,23.02944,7.02574,1.388194,1.807381,-2.797033,7.299839,-1.821519
2006-05-26,1331.02,1134.5305,1042.432,15.972666,24.438912,4.344451,-2.806055,0.631352,-4.860724,5.419904,-3.541645
2006-05-29,1366.29,1139.838,1046.570917,18.121289,26.658001,2.66278,-5.152869,-0.211012,-7.264129,2.698549,-6.031662
2006-05-30,1378.76,1145.267167,1050.758667,18.55466,27.16721,1.467322,-6.014423,-1.08363,-7.021573,1.769706,-6.881546
2006-05-31,1365.45,1150.414333,1054.791667,17.136188,25.814077,-3.367808,-6.15973,-0.18766,-6.019628,2.761727,-5.973855
2006-06-01,1402.88,1156.4845,1059.114833,19.314247,28.109377,-5.637546,-8.746509,-0.554683,-8.202631,0.019959,-8.48255
2006-06-02,1390.12,1162.291833,1063.364417,17.89963,26.795221,-7.150506,-5.326705,0.275854,-7.053967,0.938049,-7.642506
2006-06-05,1403.16,1168.363333,1067.7965,18.312293,27.312966,-7.815649,-4.987794,1.21624,-5.66429,1.223667,-8.500812
2006-06-06,1399.14,1174.766167,1072.174083,17.478864,26.616932,-7.481745,-4.451739,0.8448,-5.055853,1.514502,-8.237918
2006-06-07,1320.23,1179.948833,1075.900417,11.233489,20.464806,-2.791922,1.00236,5.366091,1.087811,7.582012,-2.753308
2006-06-08,1325.98,1185.3095,1079.70075,11.214789,20.546789,-3.108963,0.419187,6.757505,0.953972,7.115492,-3.17501
2006-06-09,1294.19,1190.064333,1083.32225,8.387765,17.785254,1.823801,3.437407,8.600961,1.830629,9.746637,-0.796637
2006-06-12,1297.67,1194.6945,1086.918833,8.267984,17.722341,2.827854,4.941857,8.452177,3.003744,9.452326,-1.062674
2006-06-13,1298.28,1199.361333,1090.455833,7.925112,17.444451,3.030006,4.930793,8.860901,3.213664,9.4009,-1.10916
2006-06-14,1283.88,1203.61,1093.871,6.456137,16.016396,3.794282,5.97207,10.020659,4.752534,10.62794,0.117612
2006-06-15,1285.39,1207.906167,1097.187917,6.217375,15.831171,3.52815,8.191826,4.614192,3.289798,10.497981,2.537751
2006-06-16,1318.01,1212.806,1100.767,8.318634,18.011581,1.613606,5.602559,2.924915,1.067116,7.763219,1.027306
2006-06-19,1334.89,1217.759833,1104.481917,9.183592,18.947252,2.114002,6.204035,2.760284,0.289492,6.400527,-0.250208
2006-06-20,1338.22,1222.7175,1108.149167,9.026453,18.864917,1.900787,5.296539,2.596361,0.701454,6.135762,-0.498423
2006-06-21,1333.53,1227.481833,1111.791667,8.286478,18.185673,2.177788,4.363731,0.232944,0.363784,6.50904,-0.148478
2006-06-22,1331.55,1232.198667,1115.366583,7.754357,17.716055,4.663676,6.338318,1.019159,0.504153,6.667418,0.382261
2006-06-23,1339.45,1237.146167,1119.004417,7.945183,17.981971,3.988954,5.163554,1.230223,1.693005,6.038299,-0.209788
2006-06-26,1363.41,1242.357833,1122.805167,9.297786,19.415875,4.090032,3.510321,-0.388752,0.887201,4.174826,-1.963459
2006-06-27,1363.9,1247.489833,1126.644833,8.921484,19.11042,3.395752,3.930108,0.750167,1.050987,4.1374,-1.99868
2006-06-28,1362.89,1252.449833,1130.429333,8.450595,18.700994,2.185943,4.048589,0.615175,1.135949,4.214573,-1.926054
2006-06-29,1395.12,1258.108,1134.422917,10.337143,20.685635,1.674643,-3.577634,-2.877316,-0.557056,1.807013,-4.191754
2006-06-30,1393.96,1263.655833,1138.35275,9.813964,20.256636,1.1746,-2.677644,-3.844223,-1.380398,1.891733,-4.112026
2006-07-03,1420.33,1269.339333,1142.5275,11.239268,21.764633,-0.579712,-3.443751,-9.289605,-3.432821,-0.079559,-8.871178
2006-07-04,1411.01,1274.7,1146.611583,10.15949,20.749462,0.534356,-2.700178,-9.58376,-3.85505,0.580435,-9.138844
2006-07-05,1393.01,1279.584,1150.453083,8.493185,19.131102,1.862646,-4.130787,-8.845011,-1.583895,1.880101,-8.465122
2006-07-06,1418.68,1284.841333,1154.58,9.909163,20.599022,-5.252277,-5.319159,-10.934082,-2.258372,0.036654,-10.357515
2006-07-07,1410.43,1289.962667,1158.488333,8.928135,19.677863,-3.852245,-3.933331,-12.724411,-0.50894,0.621796,-11.948129
2006-07-10,1412.12,1294.866167,1162.26325,8.668478,19.472294,-2.864039,-3.899073,-14.288624,1.681809,0.501374,-13.314732
2006-07-11,1418.57,1299.787167,1166.001083,8.744879,19.60693,-3.234534,-3.179941,-12.45956,1.307529,0.044411,-13.708876
2006-07-12,1419.2,1304.822667,1169.700667,8.402619,19.334546,-5.993433,-3.433414,-12.591032,1.170546,-3.172914,-13.747182
2006-07-13,1346.09,1309.025333,1172.766833,2.792125,13.783832,-0.066883,0.700318,-5.703038,5.80198,2.086042,-9.062544
2006-07-14,1357.13,1313.000667,1175.963917,3.305707,14.328401,-0.081086,-1.166579,-6.191632,5.291746,1.255591,-9.802303
2006-07-17,1372.25,1317.131333,1179.201667,4.099559,15.161407,-1.035034,-5.845854,-9.673805,3.316235,0.139916,-10.796138
2006-07-18,1373.42,1321.167,1182.490083,3.878854,14.968152,0.054593,-6.883582,-8.155225,2.943678,0.054608,-10.872129
2006-07-19,1336.64,1324.473667,1185.61675,0.914385,11.98959,2.560019,-4.714224,-4.051374,7.28091,2.807787,-8.419619
2006-07-20,1345.19,1327.987167,1188.790917,1.287088,12.359851,0.767201,-5.614923,-5.623572,6.76772,2.154343,-9.001702
2006-07-21,1356.03,1331.435,1191.894333,1.830401,12.901739,-1.085492,-8.79108,-6.722299,6.020679,1.337729,-9.729136
2006-07-24,1358.12,1335.025333,1194.951833,1.715112,12.799551,-4.81082,-10.389551,-6.664364,3.6573,1.181781,-9.868053
2006-07-25,1374.17,1338.896,1198.125417,2.600452,13.709173,-6.938175,-9.279619,-6.68811,4.682792,-0.208853,-10.920774
2006-07-26,1371.3,1342.488833,1201.251583,2.123397,13.23952,-7.274243,-9.157618,-6.447143,5.360885,-1.148545,-10.73434
2006-07-27,1355.55,1345.826833,1204.222083,0.719871,11.837349,-6.382123,-6.403356,-4.770632,7.154749,-1.044594,-9.697171
2006-07-28,1341.39,1348.644167,1206.987,-0.539338,10.557922,-7.705587,-5.025054,-3.485598,7.027678,-3.425551,-8.743915
2006-07-31,1294.33,1349.909,1209.162833,-4.2044,6.806494,-5.578731,-3.827951,2.409075,11.09739,2.438327,-5.425973
2006-08-01,1282.06,1350.4165,1211.263833,-5.19449,5.680385,-2.341443,-1.271643,3.683108,13.302524,3.751774,-4.520849
2006-08-02,1275.09,1350.569167,1213.280667,-5.750934,4.968878,-1.883375,0.662849,4.566731,14.86266,4.672611,-3.998933
2006-08-03,1271.74,1350.8475,1215.381833,-6.034613,4.532775,-0.021233,-0.00865,5.130548,15.142629,5.264441,-3.746049
2006-08-04,1241.91,1349.941667,1217.12825,-8.341086,2.015633,2.680534,2.068781,5.954079,18.097729,7.792835,-1.434081
2006-08-07,1224.1,1347.807333,1218.732333,-9.627319,0.439463,1.75078,3.725187,8.840191,20.850544,9.361163,1.766196
2006-08-08,1252.39,1346.495,1220.5145,-7.245119,2.578123,1.069801,2.591509,6.812322,19.108752,7.049721,-0.532582
2006-08-09,1251.3,1345.091333,1222.2615,-7.227891,2.348018,2.546225,2.710475,7.322907,18.006135,7.597698,-0.445936
2006-08-10,1271.47,1344.095833,1224.356083,-5.554783,3.775865,0.012583,1.632724,4.378644,18.163052,5.890819,-2.025215
2006-08-11,1275.65,1342.588333,1226.483417,-5.114349,3.930479,-0.611753,1.539455,4.333833,16.471227,5.54384,-2.346255
2006-08-14,1245.72,1340.455833,1228.35075,-7.329605,1.404126,1.974407,6.237026,7.203014,16.947299,8.079665,1.616736
2006-08-15,1265.86,1339.592667,1230.24275,-5.661385,2.854023,1.521708,4.95475,6.260318,16.555809,6.46043,0.158785
2006-08-16,1283.57,1339.1815,1232.290083,-4.241335,4.077096,0.16425,3.903881,4.182214,17.872876,4.991547,-1.223151
2006-08-17,1271.63,1338.580333,1234.208917,-5.131006,2.986933,1.620141,5.139198,5.108567,18.711621,5.977368,-0.295683
2006-08-18,1267.87,1337.527833,1236.029167,-5.348468,2.543437,2.151208,3.885298,7.18508,20.867994,7.449502,0.212167
2006-08-21,1270.56,1335.932333,1237.885167,-5.017168,2.605334,4.262618,5.115004,7.940317,22.626172,8.264073,1.157757
2006-08-22,1285.27,1334.374167,1239.820667,-3.749358,3.600207,3.433042,4.220813,6.98893,22.666191,7.238946,0.0319
2006-08-23,1285.68,1333.044667,1241.7295,-3.617779,3.47826,3.739631,4.612432,6.967917,23.362295,7.216415,0.522681
2006-08-24,1292.4,1331.203333,1243.843917,-2.958234,3.829444,3.519057,2.74592,7.090891,23.50868,7.348344,0.235221
2006-08-25,1295.44,1329.625333,1245.958583,-2.604679,3.894523,1.73409,2.794377,5.949423,23.375829,7.096431,1.749213
2006-08-28,1325.89,1328.3375,1248.350417,-0.184423,6.026092,0.852386,0.965988,3.44771,21.978167,4.636885,-0.58753
2006-08-29,1330.16,1327.187833,1250.977,0.223694,6.137439,0.787771,1.305568,2.045603,21.183914,4.300986,-0.906658
2006-08-30,1334.67,1327.4285,1253.688667,0.544046,6.259393,0.872801,0.278333,2.694385,22.242551,3.948542,-1.241505
2006-08-31,1338.69,1327.640333,1256.474917,0.828834,6.338141,-0.773137,-0.030632,3.545162,24.734831,3.636391,-1.538071
2006-09-01,1318.1,1328.038833,1259.051583,-0.751199,4.583258,1.060287,3.299782,6.261392,27.147913,6.461573,0.77991
2006-09-04,1337.24,1328.698333,1261.696417,0.640802,5.815061,0.113602,2.825313,7.130243,28.642122,7.390596,-0.662559
2006-09-05,1340.68,1329.405,1264.383167,0.844547,5.859256,0.517797,2.768116,6.954766,29.139901,7.202315,-0.917445
2006-09-06,1346.37,1330.4465,1267.02825,1.189748,6.073788,-0.594468,2.355485,6.438671,27.886977,6.749259,-1.336185
2006-09-07,1328.38,1331.163,1269.534583,-0.209284,4.530979,0.742505,4.344971,7.126374,29.024019,8.194944,0.283804
2006-09-08,1332.15,1331.398667,1272.102333,0.056416,4.612327,2.239495,3.155046,7.149546,25.062274,7.888751,0.460158
2006-09-11,1338.76,1331.463167,1274.6115,0.546535,4.910239,2.711711,2.481722,5.787026,29.042711,7.356061,-0.035854
2006-09-12,1347.64,1331.620167,1277.168833,1.195854,5.370914,2.25032,0.740035,4.838585,29.098055,6.64866,-0.694548
2006-09-13,1338.39,1331.701167,1279.5915,0.50102,4.492651,2.949953,2.416053,7.15007,29.846141,7.41189,-0.008219
2006-09-14,1338.28,1331.813333,1282.006,0.484379,4.295917,3.602466,3.575793,7.282726,31.628033,7.554473,1.44738
2006-09-15,1362.32,1332.1945,1284.670333,2.236155,5.868699,0.915551,2.96161,5.557898,31.548647,5.71525,-0.342798
2006-09-18,1375.56,1332.397,1287.377417,3.188135,6.625378,-0.229989,4.30493,2.381347,33.143617,4.697723,-1.302015
2006-09-19,1378.31,1332.637167,1290.0635,3.36983,6.616667,-1.510285,4.18665,4.381972,33.221679,4.488831,-1.498937
2006-09-20,1378.46,1332.896667,1292.67325,3.361242,6.425457,-0.533901,4.083186,4.840111,33.994111,4.959157,-1.509656
2006-09-21,1387.37,1332.7675,1295.43775,4.015226,6.85612,-0.026673,2.781402,4.834489,31.91592,4.953257,-2.142183
2006-09-22,1374.85,1332.449,1298.052417,3.132603,5.747963,2.046059,3.994501,4.563854,32.121188,5.909008,-1.251046
2006-09-25,1372.4,1331.650167,1300.49475,3.014213,5.381626,4.534918,3.305304,5.240605,34.566292,6.098076,-1.07476
2006-09-26,1357.65,1330.760833,1302.730417,2.000443,4.129288,5.696934,4.09855,7.573814,35.602508,7.868007,0.992156
2006-09-27,1371.12,1330.396,1304.99,3.015128,4.943255,4.617087,4.734018,7.601544,36.892241,7.897923,1.158177
2006-09-28,1387,1329.868,1307.354667,4.206345,5.913738,2.808075,3.706932,6.466919,35.591835,6.680606,1.173035
2006-09-29,1403.27,1329.748667,1309.855667,5.381528,6.888827,1.948441,2.596288,5.882258,37.465915,6.058706,0.387666
2006-10-09,1436.07,1330.147833,1312.507,7.662013,8.997117,-1.229614,-1.923582,4.880111,36.423161,5.001149,-1.9052
2006-10-10,1437.24,1330.459,1315.123083,7.720061,8.879435,-1.598384,0.195323,5.341664,36.621434,5.486905,-1.985055
2006-10-11,1435.91,1330.7375,1317.780083,7.606549,8.585023,0.116931,0.756925,4.244557,39.505531,5.584612,-1.894269
2006-10-12,1426.5,1332.077667,1320.5515,6.848401,7.717444,0.898857,2.053087,6.658034,43.327438,6.884683,-1.247108
2006-10-13,1430.88,1333.306833,1323.15375,7.062744,7.827155,0.647847,0.569353,4.987848,45.52904,6.557503,-1.549396
2006-10-16,1418.52,1334.078,1325.604667,6.137366,6.774537,-0.693968,1.935301,3.957259,45.311819,7.485971,-0.691566
2006-10-17,1414.45,1334.761833,1327.964417,5.798789,6.309351,1.793707,3.475264,5.456906,42.971302,7.795256,-0.405811
2006-10-18,1437.59,1336.444333,1330.459,7.29555,7.74441,0.639994,2.867526,6.540592,46.442147,6.759229,-2.008918
2006-10-19,1439.38,1338.014167,1333.000667,7.302592,7.677992,1.15423,2.759987,6.320329,49.184832,6.626464,-2.130779
2006-10-20,1440.18,1339.416667,1335.425833,7.253391,7.551789,-0.078493,3.28597,8.125016,47.201611,8.46422,-2.185144
2006-10-23,1408.71,1340.259833,1337.642583,4.981089,5.176559,2.629269,6.803693,12.304507,49.76377,13.093539,2.153743
2006-10-24,1440.05,1341.357833,1340.126917,7.099543,7.191351,1.681557,5.146341,11.295288,50.916041,11.957918,-0.069442
2006-10-25,1446.82,1342.6165,1342.552667,7.474772,7.479527,2.227532,3.487632,11.554267,54.344063,12.248241,-0.53704
2006-10-26,1456.09,1344.292167,1345.0595,7.988716,7.931651,1.605757,4.604947,11.5833,54.378269,12.280834,-1.170257
2006-10-27,1439.05,1345.919833,1347.282,6.69055,6.589394,3.364464,4.418494,12.862552,56.677441,13.726417,0.499635
2006-10-30,1446.24,1348.451667,1349.180333,7.001006,6.946984,4.174424,2.021958,13.289852,52.827537,14.213409,1.26051
2006-10-31,1464.47,1351.491833,1350.954167,8.028436,8.068227,3.464785,1.981642,11.564498,53.995202,12.791658,0.772293
2006-11-01,1479.41,1354.897167,1352.733167,8.79178,8.951625,1.2601,3.673066,11.946622,55.495153,12.689518,-0.245368
2006-11-02,1479.66,1358.3625,1354.605,8.55324,8.830243,2.99919,3.560342,14.72275,54.501801,15.861752,-0.262222
2006-11-03,1488.29,1362.468833,1356.20525,8.832944,9.293727,1.054031,4.839046,15.004263,47.170967,16.188377,-0.840562
2006-11-06,1507.89,1367.198667,1357.503,9.794745,10.506434,-2.152466,5.500814,16.631769,46.274289,18.094821,-2.129466
2006-11-07,1516.1,1371.593833,1359.044417,10.01678,10.935943,-1.483143,6.148947,16.843471,41.589793,18.345096,-2.659455
2006-11-08,1498.17,1375.708333,1360.399833,8.527561,9.646571,2.412965,8.066635,17.203749,41.632811,19.761442,-1.49449
2006-11-09,1524.71,1379.929,1362.012417,9.977218,11.28409,0.561153,6.978353,15.239611,41.80546,17.676804,-3.209135
2006-11-10,1504.06,1383.735833,1363.162083,8.338115,9.836106,3.785015,8.444058,12.92488,45.463323,19.292448,-1.880244
2006-11-13,1475.78,1387.570167,1364.013,6.163253,7.875557,7.65328,11.267894,19.298426,49.068902,21.57842,1.219694
2006-11-14,1493.78,1391.368833,1365.48075,7.102179,8.980326,7.63209,9.582856,18.802564,47.301243,20.686446,2.644968
2006-11-15,1534.76,1395.555333,1367.368417,9.508159,11.548599,5.65367,8.273557,16.15548,48.205557,17.533686,-0.09578
2006-11-16,1533.29,1399.916333,1369.248333,9.100328,11.315383,6.4172,11.162408,18.024979,49.788625,19.751645,1.877662
2006-11-17,1562.08,1404.819833,1371.173833,10.61092,13.035108,4.659043,10.165217,17.865734,50.500234,19.561098,1.989655
2006-11-20,1593.16,1410.1965,1373.064417,12.199041,14.867442,3.614614,11.130954,18.457762,51.584577,20.271034,1.198248
2006-11-21,1612.25,1415.646167,1375.010167,13.004464,15.916959,1.950766,10.694524,17.544419,50.696892,19.177547,0.730656
2006-11-22,1624.03,1421.285333,1377.165,13.334909,16.488368,2.619887,9.137113,17.599732,51.118147,19.243487,0.669938
2006-11-23,1634.91,1426.993833,1379.098583,13.601774,17.015767,4.745208,8.261259,15.498131,40.755275,18.449945,0.102146
2006-11-24,1636.58,1432.6795,1381.152417,13.306223,16.969046,5.506174,4.480822,14.694781,44.135298,18.329076,0.453996
2006-11-27,1651.8,1438.111333,1383.224417,13.853492,17.744829,7.516341,8.030532,16.035835,40.378472,17.393147,-0.471607
2006-11-28,1644.01,1443.342167,1385.265,13.017701,17.124692,8.743758,9.219709,16.464197,42.263827,17.949404,1.406926
2006-11-29,1667.14,1448.883333,1388.155917,14.031644,18.31334,6.517227,7.881923,17.344075,39.537725,18.939021,2.665643
2006-11-30,1714.36,1455.1445,1391.392417,16.393462,20.873485,3.516051,6.862571,14.402166,38.533414,15.662988,-0.16216
2006-12-01,1729.22,1461.9965,1395.017667,16.786747,21.476336,-1.025352,7.700516,16.579394,40.37712,18.032986,-1.020113
2006-12-04,1780.74,1469.388167,1399.04325,19.218291,24.12404,0.514192,7.326808,14.911281,38.905329,16.080394,-3.883779
2006-12-05,1794.23,1476.947333,1403.176167,19.459862,24.58376,0.47595,6.849894,14.436298,37.530669,15.530339,-4.606433
2006-12-06,1779.41,1484.164667,1407.305583,18.142975,23.460491,1.364696,8.462619,18.057226,38.542957,19.790268,-3.811938
2006-12-07,1775.71,1491.620167,1411.391583,17.433745,22.962419,3.34652,7.236873,21.429793,39.664297,23.899173,-3.611513
2006-12-08,1711.58,1497.944,1414.671333,13.332342,19.051969,8.725868,10.213959,27.616312,41.707862,31.806284,4.577057
2006-12-11,1789.92,1505.463333,1418.46325,17.307021,23.259686,6.812616,8.005302,22.056133,39.070806,26.037477,0.719027
2006-12-12,1802.79,1513.049167,1422.334667,17.520853,23.703581,6.373944,7.244488,18.711832,36.780158,25.137703,0.059352
2006-12-13,1803.86,1520.807,1426.254083,17.06877,23.487733,7.097923,9.462152,23.746076,38.817548,26.802523,1.789496
2006-12-14,1836.14,1529.104667,1430.459,18.298316,24.967017,3.890353,7.539595,24.839524,37.544985,28.196652,1.715555
2006-12-15,1867.64,1537.526667,1434.860583,19.450054,26.360791,1.488091,8.878878,21.210861,36.953867,26.034461,1.499218
2006-12-18,1916.11,1546.535833,1439.466417,21.427961,28.602459,1.192686,7.584473,19.0015,34.713851,22.846288,-1.06831
2006-12-19,1921.44,1555.588,1444.112583,21.12213,28.55799,0.870544,7.586404,22.076334,34.618471,24.702827,-1.342743
2006-12-20,1936.55,1564.8895,1448.893083,21.309282,29.010817,2.364229,9.594607,25.190064,35.578172,28.64682,-2.11252
2006-12-21,1908.98,1573.583,1453.17525,19.321388,27.281808,3.649242,14.19292,27.296839,37.732686,31.385871,-0.698803
2006-12-22,1895.64,1582.262833,1457.355917,18.070052,26.293273,7.390787,17.402352,29.120107,38.922327,33.803359,2.247262
2006-12-25,1939.1,1591.707833,1461.679,19.74164,28.263817,6.391787,14.050831,23.501851,36.141333,30.804497,-0.04435
2006-12-26,1938.24,1601.384333,1466.072583,19.091188,27.919323,6.71586,11.467344,25.966508,36.131067,30.862535,2.15092
2006-12-27,1982.88,1611.580333,1470.988167,20.733506,29.861594,7.230377,14.283924,26.204455,36.280726,29.958444,-0.148774
2006-12-28,1979.93,1621.4625,1475.66525,19.973297,29.395259,10.543678,17.299929,25.376885,37.754082,30.152076,3.086978
2006-12-29,2041.05,1632.092167,1480.920417,22.360165,32.080058,10.011565,12.331983,15.58731,35.531393,26.254624,1.275814
2007-01-04,2067.09,1642.609167,1486.3785,22.985589,32.97992,7.659044,11.417027,14.731239,35.398058,24.664141,0.280104
2007-01-05,2072.88,1653.203167,1491.831083,22.622423,32.893466,4.751484,14.48993,10.310023,36.029955,24.315928,2.830844
2007-01-08,2131.56,1664.797333,1497.767417,24.715071,35.28785,7.053546,15.595457,6.371836,35.440125,20.893618,1.979302
2007-01-09,2200.09,1677.6905,1504.884083,27.108012,37.978239,6.756251,13.103919,5.136056,33.694094,17.127936,-1.197224
2007-01-10,2255.97,1691.442,1512.374417,28.799862,39.989916,2.320418,11.717754,4.922131,32.467595,14.226696,-3.644552
2007-01-11,2231.63,1704.993833,1519.535917,26.917077,38.432729,3.757983,9.45102,7.714342,35.302881,15.472547,-2.59362
2007-01-12,2173.75,1717.648833,1526.205333,23.549739,35.366931,9.738446,14.499164,9.786846,37.703487,18.547211,4.510638
2007-01-15,2287.34,1731.811333,1534.127833,27.82217,39.942754,8.541911,11.920532,8.304002,35.310988,12.66012,-0.679392
2007-01-16,2353.87,1747.052833,1542.5335,29.813051,42.263459,6.347667,8.076956,6.924123,33.28796,9.475884,-3.486599
2007-01-17,2308.93,1761.532,1550.474333,27.060033,39.822331,9.397337,3.255327,11.423639,35.850096,12.101709,-1.608104
2007-01-18,2317.09,1776.671667,1558.46575,26.557032,39.661024,5.693037,3.314212,14.125314,30.71856,15.171616,-1.954607
2007-01-19,2396.09,1792.605667,1566.98175,29.0168,42.468693,4.760718,-4.179906,11.076139,31.683045,11.712832,-5.187201
2007-01-22,2491.31,1810.013833,1576.315167,31.947419,45.771873,3.378621,-9.223621,8.32835,32.013635,8.684989,-8.811027
2007-01-23,2508.13,1827.547833,1585.92,31.656237,45.837277,1.729289,-7.967862,-2.039695,31.74445,7.956127,-9.422558
2007-01-24,2536.43,1845.8375,1595.878667,31.782448,46.333311,-6.14201,-6.795624,0.32041,30.711798,6.751615,-10.433168
2007-01-25,2452.83,1862.614,1605.532833,27.526158,42.378678,-2.378825,-1.736678,0.840786,35.368454,10.390039,-7.380454
2007-01-26,2512.92,1880.088167,1615.79,29.012675,44.162142,-8.940624,-4.712318,-0.166877,32.285902,7.750346,-9.595212
2007-01-29,2576.92,1898.38,1626.638583,30.5594,46.007922,-12.602242,-3.61653,-4.010806,32.280323,5.074275,-11.840492
2007-01-30,2551.88,1916.250333,1637.306417,28.646002,44.377788,-9.697151,-1.152833,-1.245637,36.771966,6.105303,-10.975438
2007-01-31,2385.33,1931.201,1646.834917,21.119539,37.048227,-0.653614,8.168313,8.210416,43.934123,13.513853,-4.759509
2007-02-01,2395.17,1945.989,1656.593833,20.768388,36.869062,0.642147,10.811102,9.262809,44.148109,13.047508,-5.150783
2007-02-02,2298,1959.020667,1665.30725,15.959449,32.202954,4.228307,15.256046,12.784347,47.69988,17.827676,-1.140122
2007-02-05,2271.8,1971.9145,1673.811417,14.156757,30.546916,8.985712,17.551971,14.113895,49.702005,19.186548,1.947355
2007-02-06,2316.04,1985.103333,1682.516167,15.418786,31.956844,8.544318,5.928167,13.098448,44.236307,16.909898,2.320772
2007-02-07,2369.79,1999.532167,1691.634,16.988811,33.710642,8.821926,7.116033,9.16942,44.560985,14.258225,1.158752
2007-02-08,2410.6,2015.1125,1701.341333,17.920065,34.845872,10.168955,2.577464,9.30033,44.947789,12.323903,-0.553804
2007-02-09,2397.25,2030.170333,1710.769583,16.620255,33.737893,11.027739,4.54544,8.28148,45.450983,12.949421,2.512879
2007-02-12,2485.39,2046.014167,1720.78475,19.4536,36.764915,8.566259,-0.394276,6.76747,43.281112,8.943868,-1.12256
2007-02-13,2522.63,2062.503167,1731.20975,20.138163,37.648157,-2.61615,-0.092803,5.781338,42.807911,7.335598,-2.582226
2007-02-14,2588.35,2079.607667,1742.21375,21.884135,39.586403,-1.705893,0.042103,4.319367,41.989358,4.610273,-5.05573
2007-02-15,2668.63,2097.532167,1753.864333,24.080374,41.974369,-7.591491,-1.548293,1.587037,38.446264,1.599697,-7.911925
2007-02-16,2676.74,2115.273667,1765.459917,23.541544,41.61884,-6.482299,-2.471699,1.465998,39.800041,1.476796,-8.190934
2007-02-26,2707.68,2133.3345,1777.309917,23.840593,42.099124,-8.960535,-3.438076,2.059758,40.818453,2.081117,-9.240014
2007-02-27,2457.49,2147.044167,1787.019,13.504841,31.859164,2.523347,7.170281,12.475542,52.836538,13.287134,0.653105
2007-02-28,2544.57,2162.177333,1797.428417,16.284594,34.760469,1.747996,2.053387,9.48181,42.353704,9.945885,-2.791434
2007-03-01,2473.54,2175.873,1806.992167,12.822036,31.398665,6.043198,6.722866,11.798695,46.246734,13.103083,0.083686
2007-03-02,2508.73,2190.285,1816.813583,13.574498,32.269246,4.0106,3.73604,10.331436,41.626335,11.516584,-1.32019
2007-03-05,2475.61,2203.7595,1826.321417,11.632206,30.418304,5.522459,7.161746,14.087076,34.953653,15.127585,1.804808
2007-03-06,2520.29,2217.191667,1836.168083,12.813259,31.669314,4.646933,5.874141,13.622833,36.613334,14.594352,2.743732
2007-03-07,2589.44,2231.528667,1846.762583,14.875478,33.800748,0.305391,4.277264,11.733668,35.081329,12.449796,0.305858
2007-03-08,2627.63,2245.6435,1857.515833,15.709018,34.684228,0.679668,3.13533,11.40401,36.952385,12.079707,-1.151989
2007-03-09,2611.39,2259.262833,1868.105083,14.484407,33.495805,-0.27456,3.937697,12.935584,38.503488,13.809504,-0.537262
2007-03-12,2616.17,2273.208833,1878.68675,14.0519,33.113842,1.639288,5.497834,14.954394,40.740118,16.13045,-0.71899
2007-03-13,2640.17,2287.6165,1889.618333,14.333286,33.446844,1.227208,5.305262,15.45959,42.443805,16.71862,-1.621486
2007-03-14,2597.36,2302.3795,1900.16175,12.055239,31.255653,3.971873,7.428423,18.376044,46.093763,20.172791,0.264499
2007-03-15,2645.55,2316.64,1911.051667,13.276112,32.522528,2.455662,5.075829,18.288209,43.219297,20.067283,-1.561868
2007-03-16,2604.23,2329.997333,1921.52325,11.126992,30.401882,4.212257,6.595396,19.635161,45.36987,21.97233,2.11886
2007-03-19,2659.41,2344.2565,1932.53175,12.6136,31.927336,3.858547,6.92533,20.239515,46.352307,22.433171,0.502367
2007-03-20,2672.77,2358.200333,1943.6525,12.521663,31.854645,4.078054,7.748692,20.582499,46.450923,22.853818,1.116071
2007-03-21,2702.6,2372.116333,1954.8215,13.043175,32.391539,3.456551,7.456404,20.10709,43.072371,22.271146,0.322652
2007-03-22,2711.32,2385.369833,1965.952833,12.808142,32.145857,2.620167,8.26868,15.006209,43.70011,21.877904,0.182568
2007-03-23,2716.27,2398.617,1977.1025,12.436729,31.762723,2.383139,8.997888,19.140908,39.981029,21.6558,1.758294
2007-03-26,2764.03,2412.408333,1988.648917,13.60642,32.923429,3.066783,9.45656,21.625527,33.852407,24.141923,0.642178
2007-03-27,2784.02,2426.992333,2000.287667,13.724316,33.060492,3.670638,10.154328,21.308603,34.428793,23.749111,-0.080459
2007-03-28,2797.65,2442.025833,2012.144333,13.595182,32.957879,3.999854,10.947621,20.909578,36.758372,23.256304,-0.567262
2007-03-29,2783.3,2456.095833,2023.901833,12.506424,31.861003,5.648513,13.21238,22.728972,32.664642,25.519348,-0.054611
2007-03-30,2781.78,2470.154833,2035.769583,11.881018,31.221709,6.614748,13.039765,22.121343,30.241246,25.587933,2.456341
2007-04-02,2850.11,2484.608667,2048.0945,13.724242,33.044774,6.389777,13.314186,22.204053,27.643883,24.862198,1.333282
2007-04-03,2888.11,2499.745,2060.60375,14.441358,33.760329,6.48369,12.833807,24.394769,28.284457,27.627757,0.820952
2007-04-04,2911.82,2514.257833,2073.175,14.680065,33.969707,6.947767,12.650686,23.990039,25.126406,27.112253,1.140867
2007-04-05,2945.04,2528.890333,2085.74975,15.23418,34.499402,7.563867,6.737529,23.48129,18.32809,26.467213,0.915777
2007-04-06,2972.01,2543.875833,2098.5395,15.554965,34.799687,6.425016,10.14302,21.979948,22.186885,25.319565,2.226103
2007-04-09,3038.17,2558.986,2111.891667,17.164427,36.367129,6.924409,12.168967,20.633716,22.933532,22.916756,1.428491
2007-04-10,3081.57,2573.677333,2125.683917,18.010346,37.134561,6.350117,11.154275,15.67827,20.31254,21.185629,1.289927
2007-04-11,3121.32,2588.099833,2139.770917,18.733204,37.755721,5.702919,9.961957,17.015521,19.407573,19.642331,0.928453
2007-04-12,3176.44,2603.846667,2154.42025,19.877123,38.823941,-0.826339,9.516593,17.35925,18.368274,18.957071,-0.822934
2007-04-13,3169.23,2620.438,2169.043417,19.014718,37.920241,3.718004,9.081578,17.534342,18.679318,19.227699,-0.597306
2007-04-16,3256,2636.582333,2184.196833,21.101594,39.925127,5.244558,8.889867,16.274126,12.728457,17.673219,-3.246314
2007-04-17,3283.6,2652.077833,2199.565333,21.359696,40.068062,4.804158,11.560962,16.444073,14.333329,17.873371,-4.059569
2007-04-18,3304.5,2668.670667,2215.101333,21.370471,39.998702,4.259038,11.339353,17.562901,14.170601,19.199576,-4.666364
2007-04-19,3150.3,2682.5575,2229.614583,16.072706,34.566895,10.342931,16.743761,21.853019,18.934379,25.034124,4.411643
2007-04-20,3289.28,2697.444,2245.024833,19.836404,38.195211,5.363574,11.836928,19.193135,18.857084,21.158734,4.31827
2007-04-23,3431.32,2713.110833,2261.562333,23.484914,41.688915,3.645309,8.464749,17.133168,19.178127,18.688435,0.404509
2007-04-24,3445.2,2728.728667,2278.13825,23.314615,41.362341,6.756804,4.523995,19.052392,18.885758,20.988332,0.0894
2007-04-25,3448.28,2743.926167,2294.881833,22.848575,40.71942,7.080315,7.053564,11.962316,21.032731,20.880265,0.644959
2007-04-26,3493.58,2761.272,2311.943,23.523556,41.28387,6.40083,7.842657,11.719066,20.842961,19.312854,-0.660068
2007-04-27,3470.52,2777.232,2328.660083,22.284969,39.901141,6.473354,8.452764,9.173556,21.596967,20.105633,2.541118
2007-04-30,3558.71,2793.595167,2345.987583,24.206876,41.669166,4.81944,7.384259,-1.337476,21.454459,17.129241,-1.328571
2007-05-08,3686.03,2812.497667,2364.374,27.047706,44.40367,-2.232809,4.883112,-1.404268,19.072432,13.083453,-4.736804
2007-05-09,3701.28,2834.430167,2382.815583,26.683779,44.03959,-0.026751,6.223548,-0.642378,14.771991,12.617527,-5.129307
2007-05-10,3724.51,2856.585833,2401.287417,26.530815,43.893028,1.441827,5.109258,2.067085,17.48606,11.915124,-5.721021
2007-05-11,3702.61,2879.996,2419.508333,25.124907,42.547362,1.97941,7.356207,3.587955,21.666609,12.577074,-5.163385
2007-05-14,3734.42,2904.373,2438.14375,25.137499,42.635553,2.564819,8.668419,5.152008,23.081644,11.618136,-5.971208
2007-05-15,3604.64,2925.849667,2455.4765,20.863698,38.390107,7.115921,14.528398,11.305945,27.055041,15.63679,-2.585834
2007-05-16,3700.29,2948.024667,2473.778417,22.727585,40.266449,6.2503,4.908752,10.702198,23.23388,12.647657,-5.103924
2007-05-17,3778.6,2970.824667,2492.968583,24.051399,41.587937,3.667431,3.876409,7.571838,23.451987,10.313079,-7.070608
2007-05-18,3776.63,2993.814333,2511.992333,23.228381,40.775588,5.376797,0.720792,8.200367,22.439098,10.370621,-7.022133
2007-05-21,3831.44,3016.2485,2531.131333,23.922687,41.457434,6.103599,-8.721735,9.838665,20.882017,10.338933,-8.352212
2007-05-22,3870.49,3038.712833,2550.608,24.19471,41.704935,7.412477,-6.28738,9.42435,21.431146,9.882728,-9.276862
2007-05-23,3938.95,3061.222833,2570.41525,25.209974,42.684673,-1.341547,-6.865926,5.402379,19.744128,7.972937,-10.853654
2007-05-24,3919.75,3082.074833,2589.8035,24.042486,41.444587,0.208979,-3.042173,6.840882,18.619186,8.501818,-10.416991
2007-05-25,3985.25,3103.883333,2609.5785,24.994603,42.341133,-4.656004,-3.768252,1.646986,14.921789,6.718525,-11.889342
2007-05-28,4072.58,3126.631667,2629.983083,26.432042,43.729929,-14.825334,-3.516411,-4.906288,18.19806,4.430116,-13.778735
2007-05-29,4168.29,3155.145,2651.094583,27.847143,45.253327,-13.699856,-3.222452,-5.932203,17.645908,2.032248,-15.7585
2007-05-30,3886.46,3177.509833,2669.843583,20.14009,37.547883,-5.524379,5.793445,3.886478,26.222412,9.431205,-9.649655
2007-05-31,3927.95,3201.75,2688.8115,20.442013,37.901839,-3.251151,3.695429,-1.783397,26.814328,8.275309,-10.604005
2007-06-01,3803.95,3223.337,2706.811,16.562284,34.026881,0.887752,7.479574,-1.053653,31.599369,11.804834,-7.689901
2007-06-04,3511.43,3240.600667,2722.180083,8.026466,25.45903,11.308923,18.5604,6.777306,40.08991,21.118746,3.508542
2007-06-05,3634.63,3259.173,2738.182333,10.903384,28.3213,10.477404,15.71173,5.293956,36.805785,17.013286,1.181688
2007-06-06,3677.58,3277.308667,2754.418667,11.523237,28.904852,11.317825,12.268306,1.778745,34.096973,15.646702,1.794658
2007-06-07,3802.3,3296.8865,2771.265,14.262761,31.630225,6.946581,9.883055,-7.220285,32.095006,11.853352,-6.965784
2007-06-08,3837.87,3317.327833,2788.295333,14.575794,31.948711,6.591822,5.415238,-3.381018,32.218723,10.816677,-7.82804
2007-06-11,3931.86,3339.256,2806.232417,16.336457,33.726979,7.251476,-1.389877,-2.852192,32.083007,8.167636,-10.031385
2007-06-12,4036.11,3362.521667,2825.069083,18.259017,35.674854,5.234326,-2.709751,-6.671675,28.374418,5.373739,-12.355213
2007-06-13,4118.27,3387.870167,2845.124833,19.523172,36.982623,0.950481,-1.906968,-8.310145,26.413696,3.271519,-14.103738
2007-06-14,4075.82,3411.708,2864.174,17.785891,35.279195,2.936474,-5.478826,-6.562814,28.355415,4.347101,-13.209121
2007-06-15,4099.38,3436.627167,2883.31225,17.634523,35.189602,-1.176584,-8.533227,-7.055391,25.588758,3.747396,-13.707927
2007-06-18,4227.57,3462.763167,2903.509833,19.956049,37.570707,-8.641353,-11.783094,-13.384334,24.054415,0.601528,-16.324508
2007-06-19,4253,3489.100333,2923.650333,19.79807,37.479167,-7.944076,-10.417774,-11.535095,18.632833,-1.310134,-16.82483
2007-06-20,4157.6,3513.350333,2942.733333,16.836789,34.559913,-2.857449,-10.489561,-8.794679,22.427049,0.954397,-14.916298
2007-06-21,4197.28,3538.116333,2961.743083,17.084222,34.865872,-8.415301,-17.103339,-9.759522,24.265426,-3.474869,-15.720657
2007-06-22,4051.43,3560.369,2979.493,12.920571,30.731675,-7.356643,-8.796256,-1.983037,28.682522,-0.270275,-12.686632
2007-06-25,3877.59,3578.928333,2995.668333,8.015042,25.804647,-3.14174,-1.462315,6.951248,34.933606,7.198543,-8.772201
2007-06-26,3928.21,3597.998167,3012.49525,8.780623,26.541513,-2.473697,-3.961924,5.765569,33.234444,5.935019,-9.947788
2007-06-27,4040.48,3618.712,3030.368917,11.024534,28.767913,-7.632112,-6.403178,5.183937,29.359762,5.320655,-12.450006
2007-06-28,3858.52,3636.632333,3046.364083,5.922562,23.633491,-8.688039,-1.083988,10.907292,35.354034,11.524367,-8.321325
2007-06-29,3764.08,3653.004,3061.579417,2.995363,20.657254,-1.439613,1.477836,13.477064,37.342773,14.42743,-6.021126
2007-07-02,3757.66,3668.129833,3076.36925,2.411447,20.004634,1.679426,-1.60124,16.014629,38.347575,17.368256,-5.860562
2007-07-03,3832.23,3683.865167,3091.805083,3.948436,21.469179,-1.488227,-1.117321,15.182744,35.301608,16.395937,-7.692388
2007-07-04,3743.58,3697.727833,3105.992833,1.232384,18.670896,1.228934,1.694882,13.635624,35.911188,19.152255,-5.506494
2007-07-05,3537.44,3707.601167,3118.24575,-4.698178,12.613272,7.604051,7.343818,22.63926,42.81048,26.095708,4.538028
2007-07-06,3710.28,3719.905667,3131.89075,-0.259096,16.947045,2.917449,6.813219,21.459672,40.822658,23.936199,-0.331781
2007-07-09,3821.3,3732.957833,3145.971917,2.338977,19.44678,-3.280666,8.413562,20.781828,39.162046,23.098945,-3.227436
2007-07-10,3775.62,3744.525333,3159.101333,0.826975,17.827701,0.370906,9.727493,22.420771,40.766982,25.133091,-2.056616
2007-07-11,3789.87,3755.667833,3171.883833,0.90656,17.800604,0.465947,11.587115,20.841828,40.563309,24.662587,-2.424885
2007-07-12,3816.92,3766.3425,3185.094583,1.333944,18.096183,-0.260234,11.991279,22.442963,41.150755,25.160863,-3.116387
2007-07-13,3820.12,3777.190667,3198.814333,1.130131,17.750162,3.89577,11.999228,21.294122,40.669294,25.056019,-3.197544
2007-07-16,3697.97,3784.556833,3210.569583,-2.314477,14.133566,11.694228,17.615869,24.427687,45.376535,29.186824,2.479198
2007-07-17,3789.65,3792.991,3222.534417,-0.088122,16.210553,9.356587,16.300065,23.541891,43.880679,26.543876,0.457826
2007-07-18,3807.57,3801.3755,3235.023083,0.162822,16.295513,11.121167,11.940742,23.136428,42.501672,26.031826,-0.01497
2007-07-19,3807,3812.3205,3247.439,-0.139658,15.897479,12.251513,15.295442,21.537825,38.873367,26.050696,4.330969
2007-07-20,3971.88,3823.697167,3260.570583,3.802174,19.733733,8.103458,14.646453,15.25784,34.603463,20.818101,4.653716
2007-07-23,4156.72,3835.787167,3274.449,8.035163,23.857669,5.921641,12.368266,16.1531,27.504214,17.53089,0.111386
2007-07-24,4161.35,3847.723,3288.225833,7.8358,23.549138,6.943478,12.693278,17.812542,28.617121,19.497519,2.261526
2007-07-25,4255.46,3861.176,3302.551083,9.723106,25.350764,0.819575,9.254713,17.151998,27.242037,18.710786,0.822943
2007-07-26,4303.19,3874.6695,3317.97075,10.489624,26.000323,3.043929,10.451683,17.690433,21.470545,19.35169,-0.295362
2007-07-27,4307.14,3888.613167,3332.922583,10.222153,25.642454,6.542996,9.294894,19.175958,22.516327,21.137924,-0.3868
2007-07-30,4410.3,3902.806333,3348.20075,12.224685,27.55196,6.446624,6.811817,17.297975,22.232422,18.884203,-2.716822
2007-07-31,4460.56,3915.715167,3364.106417,13.027633,28.211194,5.7498,7.241826,16.329084,22.679025,17.737907,-3.812974
2007-08-01,4290.48,3925.535167,3379.982667,8.889592,23.852803,8.435138,11.195685,18.682604,28.205501,22.405185,3.396124
2007-08-02,4436.19,3937.3965,3396.991167,11.927618,26.690581,7.407754,6.242383,16.67603,23.390419,18.384695,3.656065
2007-08-03,4598.38,3952.326,3416.161,15.13998,29.718666,2.751899,0.611387,14.140069,17.411005,15.18861,0.613259
2007-08-06,4703.98,3968.485333,3436.429167,17.002447,31.397606,0.365193,3.784835,14.153371,13.061285,15.203934,-1.645415
2007-08-07,4724.55,3987.1505,3456.500083,16.96955,31.251578,1.492026,5.119264,12.625322,11.824035,14.702353,-2.073637
2007-08-08,4668.09,4003.2805,3475.652583,15.363584,29.496774,2.760547,7.897285,13.882014,13.646432,16.089664,-0.889229
2007-08-09,4777.29,4019.925333,3495.375,17.261011,31.243277,-1.165371,7.23875,12.475266,6.412515,13.436069,-3.154717
2007-08-10,4726.68,4035.7595,3514.786917,15.802854,29.624415,-2.140512,9.881064,11.350026,6.42862,14.650664,-2.117766
2007-08-13,4721.19,4050.588667,3533.418583,15.319867,28.979505,3.419642,10.486158,13.011063,5.301754,14.783985,-2.003944
2007-08-14,4795.57,4066.006667,3552.35975,16.503122,30.008047,3.627239,9.087259,6.626037,2.95189,13.003668,-3.523877
2007-08-15,4798.75,4080.336667,3570.77975,16.217597,29.557148,5.136737,7.486919,8.085301,6.984287,12.928784,-3.587809
2007-08-16,4721.94,4093.7065,3587.890667,14.276894,27.465526,8.40412,10.433647,12.487122,7.331001,14.765753,-2.019509
2007-08-17,4626.58,4104.395333,3604.139333,11.97595,24.973493,12.021576,13.528682,15.407719,7.915081,17.131229,5.594845
2007-08-20,4885.43,4117.942833,3622.28725,17.090358,29.915164,7.066516,10.368536,11.829258,2.206398,12.557339,1.786537
2007-08-21,4972.71,4131.349833,3643.247417,18.536077,31.108953,5.46002,7.506058,9.656333,1.925356,10.581755,1.588269
2007-08-22,5051.69,4150.770333,3664.140083,19.64289,32.112916,2.350182,5.984729,7.023828,-1.076104,8.852879,1.433184
2007-08-23,5135.93,4170.903333,3686.326667,20.81283,33.163046,2.029527,5.236516,6.756309,-7.336552,7.067464,-0.230533
2007-08-24,5217.58,4194.463833,3708.900417,21.826817,34.129824,1.507106,1.468963,4.689751,-7.178569,5.391963,-1.791827
2007-08-27,5243.15,4223.325833,3731.96325,21.629953,33.998803,3.30202,2.524905,5.034971,-8.828988,5.16388,-2.270772
2007-08-28,5251.77,4250.278167,3754.725583,21.158073,33.554996,2.046038,-2.461221,3.789779,-10.863312,4.99127,-2.43118
2007-08-29,5171.82,4275.182167,3776.245417,19.039794,31.449442,3.634548,0.598382,3.59296,-10.662629,6.614306,-0.922886
2007-08-30,5241.23,4299.164333,3798.025417,19.813554,32.20749,3.20699,2.053475,3.49519,-7.921389,5.202405,-2.234972
2007-08-31,5296.81,4323.48,3820.403917,20.304412,32.67486,-0.038143,1.879037,5.222917,-11.161418,5.361718,-3.260831
2007-09-03,5419.17,4348.2685,3843.76225,22.016495,34.349103,-0.777116,1.460722,4.226848,-12.703677,4.317451,-5.445114
2007-09-04,5360.33,4370.338833,3866.43025,20.4185,32.669388,-4.507259,2.150275,5.720889,-10.434265,5.887697,-4.407191
2007-09-05,5363.25,4391.0885,3889.479333,19.999299,32.129483,-3.036166,1.039099,5.839467,-7.696552,6.013331,-4.459236
2007-09-06,5412.04,4413.358833,3912.533417,20.399006,32.4441,-1.153515,1.519793,6.232526,-8.4993,6.430847,-5.320545
2007-09-07,5294.79,4433.282333,3934.95475,17.758308,29.682394,1.91718,3.220789,8.025145,-4.904941,8.787695,-3.223924
2007-09-10,5377.22,4452.443167,3957.603167,18.871854,30.653293,2.237838,2.510066,7.937786,-4.637214,8.261332,-4.707451
2007-09-11,5124.09,4466.961333,3978.030833,13.724456,25.316602,6.657534,6.251001,13.712751,0.310013,14.697439,1.537249
2007-09-12,5202.86,4484.382333,3998.866333,14.860771,26.319757,4.075265,2.994578,11.279944,-2.441112,12.960948,2.827483
2007-09-13,5349.97,4503.593833,4020.855083,17.221525,28.559637,2.673308,1.441715,4.84842,-9.106497,9.854822,0.206543
2007-09-14,5397.28,4526.024667,4043.196833,17.605113,28.885945,1.303608,3.34388,3.937904,-8.093723,8.891886,-0.67182
2007-09-17,5498.91,4553.046667,4065.9875,18.875328,30.189325,0.272229,2.766125,-0.478145,-12.406922,6.879363,-2.507588
2007-09-18,5476.84,4578.857167,4088.427667,17.907885,29.236783,-0.406534,3.570613,1.148245,-12.570046,7.310055,-2.114723
2007-09-19,5419.27,4601.837,4110.2745,16.350555,27.647131,-1.080686,4.800368,3.066211,-9.132332,8.450031,-1.074868
2007-09-20,5494.92,4629.110333,4132.871333,17.145933,28.485163,-1.231593,4.712733,-2.976197,-8.697564,6.956971,-2.932345
2007-09-21,5468.1,4657.510667,4155.257333,16.045009,27.455685,2.040272,4.804357,-1.349383,-6.932799,7.481575,-2.456246
2007-09-24,5513.9,4686.781333,4177.455583,16.252611,27.756983,2.493897,5.427719,-0.100524,-5.724334,6.588803,-3.266472
2007-09-25,5454.62,4713.821167,4198.843167,14.596409,26.165391,3.977147,7.46175,2.560161,-4.457685,7.747194,-2.215186
2007-09-26,5361.02,4740.7785,4219.253167,12.295289,23.949612,5.881055,8.285366,5.929937,-1.806741,9.628392,-0.507926
2007-09-27,5427.66,4772.282167,4239.941667,12.868347,24.695859,5.944326,3.406705,3.219199,-1.114026,8.282391,-1.729475
2007-09-28,5580.81,4803.457667,4261.681667,14.999792,26.967009,2.764085,0.594024,-1.951981,-4.44323,5.310878,-4.426239
2007-10-08,5653.14,4833.988333,4283.473083,15.653927,27.744699,2.933823,-3.24427,-5.318933,-4.857526,3.963461,-5.649073
2007-10-09,5675.93,4865.660167,4305.09275,15.403202,27.643574,3.484603,-2.422368,-6.522176,-4.576414,3.546027,-6.314031
2007-10-10,5685.76,4897.258333,4326.463083,14.928928,27.321444,2.404311,-1.734157,-6.075049,-3.619387,3.367008,-6.476003
2007-10-11,5760.08,4929.644333,4347.993417,15.568452,28.123691,-2.537621,-7.688931,-12.295277,-3.596675,2.033305,-11.569457
2007-10-12,5737.22,4961.596,4369.393333,14.524731,27.23506,-2.170061,-6.153739,-12.946552,-3.713964,2.439858,-12.143512
2007-10-15,5821.45,4996.987333,4390.772083,15.271417,28.204429,-6.178093,-5.528243,-15.647095,-3.632864,0.957665,-14.484364
2007-10-16,5877.2,5031.779833,4412.385417,15.530669,28.6665,-5.906971,-4.901589,-17.386898,-3.551222,-0.903151,-15.9593
2007-10-17,5824.12,5065.389,4433.38225,13.957698,27.284513,-4.138468,-2.355429,-12.380958,-2.169087,-2.327905,-15.193368
2007-10-18,5615.75,5095.534833,4453.927667,9.721052,23.178882,-5.15131,-0.187506,-10.004541,2.044749,1.296176,-12.046654
2007-10-19,5614.06,5122.9045,4473.300833,9.15526,22.714759,-3.983679,-2.546004,-11.430543,1.456901,1.326669,-12.020178
2007-10-22,5472.68,5144.837167,4490.312167,6.177472,19.784622,0.64985,-2.074663,-9.144715,0.601911,3.94432,-9.747327
2007-10-23,5540.09,5167.816167,4507.769583,6.956055,20.620826,1.005382,-4.099808,-8.879222,-3.199881,2.679559,-10.845492
2007-10-24,5588.01,5190.025333,4525.600667,7.388465,21.087292,1.783039,-4.340892,-11.166143,-3.154823,1.79903,-11.610036
2007-10-25,5333.79,5207.202,4540.93575,2.401939,16.092895,4.963804,-4.606346,-11.116663,-3.589481,6.650993,-10.521037
2007-10-26,5394.81,5225.329833,4556.9715,3.191946,16.877912,1.437674,-6.792813,-10.518938,-12.647836,5.444677,-11.533122
2007-10-29,5508.36,5243.630833,4573.218583,4.925277,18.60497,-2.724513,-10.118851,-13.763435,-10.181946,3.271028,-13.356789
2007-10-30,5596.07,5262.556,4589.135583,6.144773,19.837289,-5.105189,-12.485309,-17.213253,-10.719941,1.65241,-15.81324
2007-10-31,5688.54,5285.857,4605.696083,7.341886,21.115981,-6.123931,-10.025529,-20.185526,-11.36484,-1.464523,-18.27868
2007-11-01,5605.23,5305.341,4621.36875,5.498604,19.300916,-9.57015,-9.817035,-14.635778,-16.93775,-2.360296,-17.064063
2007-11-02,5472.93,5319.916833,4636.121417,2.835645,16.593601,-8.230487,-8.884538,-14.432355,-13.912957,-2.057764,-15.05921
2007-11-05,5360.31,5330.855667,4649.6705,0.551005,14.222545,-7.394339,-7.070052,-11.611591,-12.919591,-0.180587,-13.274605
2007-11-06,5317.55,5340.739,4663.94475,-0.435136,13.115107,-7.38012,-4.779415,-9.632978,-14.053139,0.622091,-12.577221
2007-11-07,5350.63,5352.114667,4677.697583,-0.027744,13.440829,-3.901597,-6.825251,-7.460969,-15.727669,-3.826465,-13.117708
2007-11-08,5093.67,5357.387667,4688.6565,-5.047789,8.285251,-0.246885,-6.510317,-2.43655,-2.858677,1.025194,-8.734763
2007-11-09,5040.52,5362.618333,4699.188917,-6.19431,7.011933,-0.654051,-3.726125,0.016465,-2.382884,2.090459,-7.772412
2007-11-12,4978.25,5366.902667,4708.745667,-7.517253,5.565686,0.324287,-3.644584,3.072095,-3.31181,3.367448,-6.618792
2007-11-13,4939.24,5369.297167,4717.651917,-8.348555,4.590027,2.600705,-4.727943,3.984161,-1.201503,4.183842,-5.881269
2007-11-14,5145.89,5375.082833,4727.70975,-4.357565,8.475745,-2.923654,-10.159997,-1.340099,-6.681334,-0.11446,-9.660914
2007-11-15,5081.11,5381.069,4737.38775,-5.735731,7.004387,-6.263432,-4.818743,-3.950376,-3.405419,1.158999,-8.509164
2007-11-16,5007.66,5387.420333,4745.907833,-7.309793,5.3686,-3.072074,-5.547817,-0.601085,0.261058,2.642751,-7.16722
2007-11-19,4994.42,5389.236833,4753.589833,-7.60825,4.94212,-3.96887,-4.541539,-2.784062,-1.730807,2.914853,-6.921124
2007-11-20,5069.38,5390.848,4761.098917,-6.148418,6.274002,-7.328648,-4.853563,-4.839069,-3.888716,1.39307,-8.297464
2007-11-21,4997.62,5389.946833,4770.358583,-7.557372,4.654032,-7.236343,-0.635718,-1.0324,-6.092281,2.848956,-6.980723
2007-11-22,4772.62,5383.891667,4777.3975,-12.051605,-0.100052,1.444689,4.073768,5.395297,-5.44321,7.697659,-2.59543
2007-11-23,4856.16,5377.868,4786.165917,-10.204401,1.451835,-2.475743,3.74259,4.935522,-7.272544,5.844947,-4.27107
2007-11-26,4800.08,5370.4835,4796.904667,-11.228536,0.066174,-0.572669,6.716679,8.139626,-3.396779,8.480067,-3.152656
2007-11-27,4711.15,5361.473167,4805.875667,-12.930674,-1.990723,2.475085,8.712104,10.195406,-1.909155,10.73326,-1.324517
2007-11-28,4648.75,5352.755333,4813.96875,-14.101308,-3.492348,6.600625,8.819898,12.448848,0.553454,13.256897,1.907179
2007-11-29,4842.07,5346.102667,4822.6335,-9.902551,0.402217,2.629078,0.868366,10.302552,-1.065743,10.85197,-2.161472
2007-11-30,4737.41,5336.779333,4830.129667,-11.913178,-1.938274,6.218333,4.946732,11.941106,-1.408528,13.300939,0.744289
2007-12-03,4772.67,5326.004333,4837.136417,-10.96954,-1.3417,7.289348,1.757477,12.072998,-3.062552,12.832021,1.184662
2007-12-04,4829.21,5317.152333,4843.745583,-9.625499,-0.300541,6.237019,0.014494,11.578739,-3.031057,12.275714,0.014495
2007-12-05,4965.95,5310.530667,4850.809583,-6.708715,2.3459,2.219273,-0.396682,9.916632,-7.184418,10.424994,-2.739456
2007-12-06,4971.06,5303.181,4858.269917,-6.467373,2.295071,-1.760712,1.321529,11.135151,-11.487466,11.778776,-2.839435
2007-12-07,5041.35,5298.957,4866.119667,-4.983611,3.537707,-1.271601,1.192932,9.216123,-12.67538,10.220278,-4.194115
2007-12-10,5133.56,5294.896,4873.669583,-3.094396,5.195221,-5.531871,1.422946,8.942135,-17.494268,9.354132,-5.914999
2007-12-11,5140,5295.161167,4881.06125,-2.974034,5.169041,-6.222525,1.483302,9.851516,-20.22162,10.353113,-6.032879
2007-12-12,5077.39,5293.07,4888.726167,-4.160107,3.786558,-2.615955,3.628949,11.551969,-19.979443,12.245662,-4.874158
2007-12-13,4884.3,5285.308833,4894.451333,-7.890507,-0.20762,3.082241,9.434186,15.999666,-20.844951,17.350695,-1.113568
2007-12-14,4977.65,5278.315,4902.169833,-5.864903,1.527996,2.464533,6.994374,13.488528,-27.948895,15.14992,-2.968067
2007-12-17,4857.29,5267.621333,4910.334,-8.109823,-1.086129,6.954817,10.315521,12.530688,-22.236461,18.003249,-0.563689
2007-12-18,4829.91,5256.839167,4917.848167,-8.470209,-1.804324,7.705827,11.564245,10.51841,-18.807608,18.672191,2.409569
2007-12-19,4946.29,5248.956167,4925.396583,-5.939143,0.4233,6.244904,10.313314,9.04372,-20.293038,15.879983,1.837741
2007-12-20,5037.19,5241.327333,4935.218833,-3.972639,2.045137,6.351945,9.813622,2.131886,-26.693537,13.788839,1.283652
2007-12-21,5101.85,5235.223167,4946.366917,-2.580625,3.094987,4.529841,8.023191,-7.06442,-26.714827,12.346698,-6.820663
2007-12-24,5207.13,5230.110333,4958.445833,-0.440353,4.893649,3.360704,7.519189,-4.558136,-28.537444,10.075224,-8.704603
2007-12-25,5216.81,5226.146833,4969.984,-0.178816,4.846948,3.858418,8.368213,-3.702095,-33.041831,9.870975,-8.874005
2007-12-26,5265.03,5224.547,4982.66275,0.771875,5.512241,4.068409,7.92302,-3.628162,-29.546469,8.864717,-9.708587
2007-12-27,5367.53,5223.544833,4997.9135,2.719158,7.134731,3.461677,6.56548,-12.604525,-34.786199,6.785803,-11.842505
2007-12-28,5338.27,5219.5025,5011.480083,2.249954,6.317033,3.49335,6.494154,-11.421708,-39.874306,7.371115,-11.359298
2008-01-02,5385.1,5215.035167,5024.51175,3.209005,6.93076,4.158485,2.215167,-13.380998,-41.725745,6.437392,-12.524373
2008-01-03,5422.03,5210.8035,5038.231833,3.973622,7.341509,4.509795,-1.045835,-15.9989,-39.555135,5.712436,-14.784684
2008-01-04,5483.65,5207.435,5052.346667,5.168353,8.191812,3.85461,-1.269594,-18.183332,-35.478409,4.524541,-16.62597
2008-01-07,5556.59,5204.0435,5066.843917,6.554869,9.226649,3.103803,-7.681737,-11.557279,-35.6303,3.152473,-17.7204
2008-01-08,5528.05,5200.557333,5081.076667,6.106933,8.431195,3.000804,-15.087611,-11.615472,-40.471829,3.685025,-17.295611
2008-01-09,5613.76,5197.095833,5097.041583,7.712075,9.656044,-1.943317,-12.077325,-15.326041,-40.220701,2.101978,-18.558328
2008-01-10,5672.15,5193.678333,5112.729083,8.812605,10.383491,-5.55563,-12.070308,-15.037179,-40.485794,1.050924,-19.396701
2008-01-11,5699.15,5191.5955,5128.49225,9.327597,10.550533,-5.124204,-11.551181,-16.893204,-47.722757,0.572191,-19.778563
2008-01-14,5731.76,5193.529,5144.531917,9.860921,10.808825,-10.785539,-19.170005,-15.454709,-46.973848,-0.616041,-20.234971
2008-01-15,5696.45,5194.902167,5158.903333,9.216538,9.911915,-18.088415,-17.915863,-12.626385,-48.879024,-3.348226,-19.74054
2008-01-16,5505.72,5195.452833,5170.145,5.800376,6.288682,-10.134007,-15.596165,-11.477434,-48.595223,-1.657367,-16.96018
2008-01-17,5365.62,5192.545,5180.180583,3.278799,3.517202,-6.514677,-14.953065,-9.568057,-49.445771,0.910426,-14.791953
2008-01-18,5414.47,5189.652667,5189.839,4.240823,4.237232,-6.426977,-16.913738,-14.103601,-50.503453,-4.963367,-15.56071
2008-01-21,5145.73,5186.518333,5196.860167,-0.789539,-0.988738,-8.384466,-3.875543,-12.970392,-44.537268,-1.327314,-12.164455
2008-01-22,4753.87,5175.836,5200.582917,-8.504185,-8.98117,0.172552,3.472139,-5.143646,-31.950422,6.806244,-5.013599
2008-01-23,4975.11,5166.9485,5205.289667,-3.78348,-4.522787,-5.462158,-3.248716,-6.978268,-27.617956,2.056638,-9.237585
2008-01-24,5027.21,5157.4675,5210.01175,-2.558051,-3.571695,-8.438388,-2.966871,-8.402467,-27.905652,0.998964,-10.17821
2008-01-25,5077.43,5147.282333,5216.569667,-1.366365,-2.703481,-10.486761,-5.342023,-8.267233,-30.86249,-1.116313,-11.066622
2008-01-28,4731.88,5132.7265,5219.03375,-8.131441,-9.798969,4.508923,3.715296,1.23623,-22.540843,6.104762,-4.572178
2008-01-29,4762.08,5120.879,5220.397917,-7.264156,-9.188908,3.299586,5.289478,-1.927925,-18.466277,5.43187,-5.177359
2008-01-30,4710.65,5110.051333,5220.4535,-8.138355,-10.275837,2.213442,4.118731,-1.754553,-14.968288,6.582956,-4.142104
2008-01-31,4620.4,5098.432167,5219.585583,-9.845179,-12.193673,5.471517,5.385008,1.389104,-14.146812,8.664834,-2.269717
2008-02-01,4571.94,5085.454,5218.784333,-10.644669,-13.232687,5.144737,2.810137,1.082282,-17.934171,9.816621,-1.233831
2008-02-04,4950.12,5083.0615,5220.224583,-2.650192,-5.312861,-0.793627,-9.09485,-11.065338,-23.203528,1.426834,-10.4751
2008-02-05,4921.83,5081.083333,5221.850833,-3.184408,-5.917149,1.989891,-8.615785,-10.276031,-23.812365,2.009822,-9.960523
2008-02-13,4816.08,5078.3805,5222.641583,-5.303209,-8.104301,1.90529,-3.729552,-11.110362,-20.972302,4.249722,-10.515398
2008-02-14,4880.25,5077.397333,5223.34725,-3.960235,-6.794198,-0.086508,-5.435595,-15.035957,-23.668444,2.878951,-13.960145
2008-02-15,4813.31,5071.854333,5223.468583,-5.23215,-8.177666,-2.334601,-2.92521,-14.638207,-19.116404,4.309716,-13.617241
2008-02-18,4910.99,5069.019,5225.044,-3.167176,-6.198767,-8.301223,-2.479066,-21.389908,-21.824363,2.234987,-19.257013
2008-02-19,5020.75,5069.237167,5228.32875,-0.961102,-4.051235,-10.605676,-7.217403,-28.811039,-24.338386,-2.23134,-25.032117
2008-02-20,4908.72,5067.808833,5228.522833,-3.189533,-6.311558,-5.634842,-5.873284,-23.289716,-22.643546,-0.665958,-23.321151
2008-02-21,4876.03,5064.586333,5227.717167,-3.79411,-6.964333,-5.349087,-3.995905,-19.757961,-27.307849,-1.749169,-22.807079
2008-02-22,4702.24,5059.663333,5224.805083,-7.326096,-10.53785,-0.590609,-1.727855,-15.233157,-21.750843,1.882082,-19.954107
2008-02-25,4519.78,5055.449333,5219.6705,-11.200342,-14.397096,5.822157,-1.970488,-15.855031,-19.704338,5.994982,-16.722717
2008-02-26,4515.53,5049.772167,5213.820083,-11.182056,-14.379024,3.388273,-1.660246,-14.506762,-20.592862,6.094744,-16.644336
2008-02-27,4639.77,5047.100333,5208.791917,-8.414909,-11.568316,-0.238442,-7.38081,-17.00104,-26.512338,3.253825,-18.876367
2008-02-28,4622.06,5045.6155,5203.544333,-8.767916,-11.84995,1.353183,-9.600362,-20.937269,-25.653971,3.649455,-18.890711
2008-02-29,4674.55,5046.0455,5199.400417,-7.647197,-10.641041,-1.137246,-11.712998,-17.651075,-24.024513,2.485587,-19.801478
2008-03-03,4790.74,5045.19,5195.646333,-5.175043,-8.113614,-7.792645,-18.910842,-23.417904,-29.10791,-2.206548,-21.746536
2008-03-04,4671.15,5044.085667,5190.4325,-7.681111,-10.541173,-5.048519,-21.593636,-26.524672,-25.732917,0.297143,-23.298331
2008-03-05,4628.72,5041.6865,5183.845417,-8.546028,-11.326677,-7.142368,-17.416432,-26.590194,-24.419714,1.216535,-23.348572
2008-03-06,4685.03,5039.2835,5178.217917,-7.289159,-10.008865,-10.953544,-15.762056,-24.945339,-25.952669,-1.351966,-24.269855
2008-03-07,4621.69,5033.545833,5172.03825,-8.536423,-11.250642,-10.575752,-13.505302,-18.377359,-26.468082,-3.905714,-23.231978
2008-03-10,4431.59,5024.554667,5163.867833,-12.557839,-15.292744,-11.118197,-13.884542,-13.007682,-23.25329,0.216401,-19.938893
2008-03-11,4441.18,5014.551833,5156.754417,-12.142395,-14.938729,-16.545117,-12.846516,-18.580326,-24.116165,-2.9616,-20.111772
2008-03-12,4309.65,5000.82,5147.858,-14.87452,-17.772401,-10.274064,-9.62023,-13.784298,-29.565798,-2.568422,-17.673593
2008-03-13,4198.96,4985.136,5140.148583,-17.162381,-20.224511,-4.808512,-11.336908,-10.412658,-29.051854,-0.978576,-15.503363
2008-03-14,4157.87,4969.810667,5131.440333,-17.837882,-21.038346,-2.92955,-5.938077,-16.191346,-29.857121,-2.887055,-14.948519
2008-03-17,3965.28,4954.493667,5119.90125,-22.271851,-25.555868,-2.766346,-4.507062,-10.129231,-28.594852,1.829631,-10.817647
2008-03-18,3763.95,4934.265333,5106.290167,-27.073486,-30.500421,3.698601,-4.931036,-7.4416,-24.290473,7.276398,-7.171456
2008-03-19,3888.86,4918.124833,5092.873083,-23.481127,-26.972607,0.653834,-9.173763,-13.828073,-31.336879,3.830686,-12.914582
2008-03-20,4001.83,4904.3235,5080.581333,-20.336541,-23.867393,-6.528396,-9.183283,-20.119754,-29.105371,0.899588,-18.224912
2008-03-21,4037.83,4889.1825,5069.069333,-19.131769,-22.744982,-3.008526,-4.872057,-21.166695,-37.57488,-2.963721,-19.076583
2008-03-24,3857.09,4869.514167,5055.42075,-23.308116,-27.054807,-1.740716,0.87686,-15.711845,-30.270982,1.583318,-15.28458
2008-03-25,3905.77,4849.5795,5042.401333,-21.643705,-25.542748,-8.629637,-5.73381,-12.300014,-33.643486,0.317223,-16.34044
2008-03-26,3914.37,4828.0335,5029.071917,-20.978484,-25.058106,-9.827597,-4.164068,-3.638647,-31.666195,0.096823,-16.524243
2008-03-27,3748.92,4803.568667,5014.85775,-24.789132,-29.093726,-2.654887,0.92425,1.434084,-23.306074,4.514367,-12.840231
2008-03-28,3918.16,4781.120833,5002.833917,-19.905285,-24.438238,-1.863531,-10.253269,-4.944183,-27.339353,-0.691651,-16.604988
2008-03-31,3790.53,4754.8375,4989.191167,-22.665667,-27.476795,2.617576,-5.622169,-0.359169,-29.718131,2.652136,-13.797015
2008-04-01,3582.85,4725.5805,4972.5415,-27.683184,-32.77725,2.895827,-2.510564,9.986321,-24.946486,10.501975,-8.800257
2008-04-02,3547.98,4694.961833,4954.9985,-28.011156,-33.401844,5.663529,-4.65431,13.37646,-27.373795,14.312369,-7.903934
2008-04-03,3650.7,4665.439667,4938.121583,-24.526315,-30.206608,3.579137,-10.936471,9.409423,-30.181532,11.095954,-10.495247
2008-04-07,3845.82,4638.1425,4922.78875,-18.732712,-24.688834,-8.389738,-16.294638,-0.639093,-33.153517,5.459434,-15.036325
2008-04-08,3891.06,4610.383667,4907.213583,-16.962946,-23.202467,-8.239745,-16.588705,0.869493,-35.004874,4.233294,-16.024168
2008-04-09,3688.12,4579.718167,4890.13775,-21.652062,-28.210363,-5.406391,-6.566204,5.043992,-24.636867,9.968765,-11.403371
2008-04-10,3754.72,4548.734167,4872.915,-19.183527,-26.067861,-10.317839,0.525421,3.922358,-25.76687,8.018174,-12.974869
2008-04-11,3783.73,4517.2605,4855.469417,-17.719543,-24.939549,-14.515608,0.509834,1.780172,-22.706735,7.189995,-13.642094
2008-04-14,3536.33,4481.2135,4836.4045,-23.680441,-31.308211,-7.9049,5.309086,11.713149,-17.327241,14.688957,-7.600535
2008-04-15,3583.3,4445.405833,4819.467417,-21.5587,-29.637926,-8.34896,5.262999,9.694775,-19.329326,13.185611,-8.81171
2008-04-16,3494.02,4408.698667,4801.800417,-23.252662,-31.7938,-1.159813,12.496884,11.914253,-16.05165,16.077756,-6.481646
2008-04-17,3386.63,4373.3805,4784.416667,-25.570095,-34.552878,10.84326,18.03077,14.474243,-17.147126,19.75858,-3.51618
2008-04-18,3272.5,4338.495167,4765.520083,-28.197333,-37.585246,15.025442,20.345894,12.569866,-17.555459,23.935218,-0.151261
2008-04-21,3267.55,4302.713167,4746.182917,-27.520532,-37.330023,13.213986,15.655544,14.649009,-18.41184,24.122967,0.879252
2008-04-22,3296.28,4271.889,4729.203667,-25.926156,-36.096227,13.61196,17.458198,11.862538,-15.76689,23.041125,4.776597
2008-04-23,3453.73,4250.22,4713.028,-20.751594,-31.087578,13.656697,11.610196,6.213914,-17.094097,17.431878,6.41104
2008-04-24,3774.5,4230.209833,4698.579167,-11.398367,-21.899223,7.18751,3.396937,-5.87265,-26.192404,7.452113,-5.703537
2008-04-25,3803.07,4209.8075,4683.6375,-10.160829,-20.826642,5.320453,1.270338,-6.150785,-27.686623,6.644895,-6.411925
2008-04-28,3729.15,4187.336167,4667.30925,-11.588445,-22.44024,2.441559,6.404063,-1.429256,-22.514332,8.758832,-4.556802
2008-04-29,3776.94,4171.4205,4652.0735,-9.934247,-20.839888,3.846238,4.431776,-5.330837,-25.077672,7.382696,-5.764455
2008-04-30,3959.12,4158.037833,4639.458417,-4.902151,-15.857586,-2.046501,-0.582631,-9.194565,-29.054539,2.441452,-10.100729
2008-05-05,4055.78,4147.123333,4628.587333,-2.22719,-13.210869,-3.790573,-3.556527,-11.20598,-33.349279,-1.106815,-12.243268
2008-05-06,4010.89,4136.964833,4617.6985,-3.094923,-14.088326,-4.050115,-7.776029,-10.416753,-32.970319,-0.875367,-11.261092
2008-05-07,3821.32,4124.4545,4604.95425,-7.633786,-18.653682,3.962504,-1.006535,-7.451629,-30.911751,4.042059,-7.180765
2008-05-08,3925.04,4107.369833,4595.215667,-4.540634,-15.763915,0.585538,-5.59566,-11.1151,-32.329436,1.292726,-10.519638
2008-05-09,3878.92,4089.988,4585.535667,-5.298527,-16.735016,1.46387,-5.396282,-10.57983,-33.557291,2.497087,-10.039392
2008-05-12,3904.92,4074.802,4576.59125,-4.258486,-15.871716,0.234046,-9.269588,-19.703859,-36.784543,1.814634,-17.884105
2008-05-13,3851.69,4057.659333,4567.528333,-5.209428,-17.04602,-3.725914,-7.421123,-20.419368,-34.7259,3.221703,-18.469555
2008-05-14,3975.78,4043.7005,4557.777417,-1.693928,-13.661414,-4.969039,-7.833318,-25.378924,-37.942732,-0.696467,-22.41447
2008-05-15,3948.09,4027.652167,4548.335583,-1.99517,-14.152944,-6.181198,-9.762613,-28.160396,-42.101049,-0.303185,-24.542754
2008-05-16,3936.12,4009.575,4539.406083,-1.848978,-14.260072,-6.860152,-8.611934,-28.763126,-47.133171,-0.560196,-24.996189
2008-05-19,3914.07,3992.9975,4530.403167,-1.996445,-14.623318,-9.503633,-7.649453,-31.983048,-47.087625,-3.347411,-27.372786
2008-05-20,3710.82,3973.577333,4519.081833,-6.84139,-19.705596,-3.695209,-2.640725,-21.555483,-41.734273,1.94647,-23.394829
2008-05-21,3783.05,3958.2575,4508.960417,-4.527334,-17.553606,-2.864279,-6.445094,-31.057195,-43.709503,-1.892917,-26.697242
2008-05-22,3711.44,3944.785167,4500.11725,-6.097455,-19.268351,-3.581415,-5.51944,-26.421674,-41.63079,-0.948688,-25.282909
2008-05-23,3675.15,3930.778833,4490.2755,-6.724363,-20.032011,-1.751782,-5.183549,-27.557386,-46.287564,0.029387,-24.545121
2008-05-26,3559.22,3912.769667,4479.935,-9.470406,-23.006712,1.854181,-10.434271,-22.154897,-41.577737,3.287518,-22.087424
2008-05-27,3576.2,3895.338667,4470.477083,-8.547984,-22.319435,1.054484,-12.998245,-18.589373,-34.49201,2.797103,-22.457357
2008-05-28,3676.23,3878.7,4462.37275,-5.361228,-19.379286,-3.580815,-17.545606,-20.965915,-40.825991,-1.37097,-24.567288
2008-05-29,3580.87,3858.5355,4451.86275,-7.468192,-21.771682,-1.938025,-18.397783,-24.028125,-39.808499,1.255561,-22.558484
2008-05-30,3611.33,3840.871833,4442.47875,-6.162326,-20.713637,-3.431767,-20.151192,-25.738241,-40.837825,0.401514,-23.21167
2008-06-02,3625.83,3824.157,4432.92175,-5.325482,-20.097568,-12.288452,-24.333596,-29.544275,-44.155852,-0.323236,-25.579798
2008-06-03,3614.11,3806.308333,4422.795917,-5.181415,-20.192643,-14.052729,-18.914758,-29.174202,-44.100087,-1.859102,-25.338465
2008-06-04,3546.92,3788.3955,4410.970667,-6.586296,-21.801515,-13.964791,-24.612101,-25.062795,-41.769949,-0.980569,-23.924137
2008-06-05,3512.14,3773.071333,4398.813,-7.166381,-22.510919,-16.459758,-20.902234,-24.759266,-38.424622,-0.644621,-23.170773
2008-06-06,3489.5,3757.21,4385.880917,-7.39182,-22.863204,-16.719426,-22.373837,-19.101029,-41.287031,-8.108325,-22.672303
2008-06-10,3206.56,3738.825167,4369.822583,-15.357272,-30.95237,-12.045144,-11.720626,-9.985369,-33.865327,-2.066389,-15.849072
2008-06-11,3140.3,3721.180833,4353.158417,-16.972271,-32.658332,-4.862029,-5.591128,-4.067539,-33.518529,-1.772761,-14.073496
2008-06-12,3084.63,3703.2935,4336.552083,-18.279084,-34.064787,-10.64731,-3.420309,-3.661466,-31.499052,-2.253107,-12.522734
2008-06-13,2979.12,3686.8575,4320.675583,-21.314651,-37.178382,-4.442476,-5.630341,-0.863705,-31.073092,1.208746,-9.424595
2008-06-16,2952.24,3673.329,4303.797167,-21.853413,-37.693349,-5.654411,-5.587049,0.797223,-32.807736,2.130247,-8.599911
2008-06-17,2842.68,3655.892667,4287.00875,-25.159303,-41.084196,0.324518,-5.210679,0.361679,-28.433872,6.066458,-5.077251
2008-06-18,2991.27,3639.05,4271.68675,-19.602461,-35.631073,-0.729099,-10.259443,-8.569842,-33.340734,0.797655,-9.792496
2008-06-19,2773.08,3617.970833,4253.576667,-26.595471,-42.780158,7.227001,-0.450695,-2.003655,-29.138155,8.728562,-2.694838
2008-06-20,2849.67,3601.1805,4235.347333,-23.405851,-39.626214,-1.187866,-3.857032,-1.207754,-31.586949,5.806286,-5.310089
2008-06-23,2789.94,3582.583333,4216.081417,-25.006405,-41.288603,0.067362,3.272808,4.249375,-33.254796,8.0715,-3.282866
2008-06-24,2851.92,3564.875833,4196.454667,-22.313677,-38.624759,-5.535198,1.735257,1.835143,-39.091814,5.722811,-5.384793
2008-06-25,2969.54,3551.886167,4177.727417,-17.907172,-34.136036,-9.530344,1.523589,-2.946465,-44.866593,1.535255,-9.132391
2008-06-26,2980.91,3536.265333,4158.693083,-17.084256,-33.297224,-7.677695,-0.241157,-0.119162,-36.317873,1.147972,-9.478985
2008-06-27,2816.02,3520.0235,4137.4305,-22.314313,-38.47504,-2.669167,4.766637,4.281289,-24.341406,7.070617,-4.178592
2008-06-30,2791.82,3506.839667,4116.210083,-22.802154,-38.823914,3.205446,6.384272,5.878268,-27.363746,7.998725,-3.347995
2008-07-01,2698.35,3492.679167,4093.8205,-25.802864,-41.683817,7.270454,5.572359,7.400976,-23.237217,11.739767,0.046325
2008-07-02,2699.6,3476.8275,4071.133583,-25.301663,-41.081787,11.053933,1.689602,6.620636,-19.400759,11.688028,0.684175
2008-07-03,2760.61,3458.740667,4048.441583,-22.545288,-38.288034,7.436539,-1.55296,1.602673,-20.734321,9.219701,-1.540964
2008-07-04,2741.85,3439.587167,4024.985417,-22.671858,-38.388841,7.435803,2.649278,3.544931,-25.312141,9.966993,-0.867298
2008-07-07,2882.76,3426.1645,4002.941333,-17.269325,-32.828126,3.178826,0.976567,-3.876431,-31.564484,4.59178,-5.712928
2008-07-08,2901.84,3411.949833,3980.342,-16.193891,-31.602273,-1.698096,0.099887,-7.095315,-36.082278,3.904075,-6.849447
2008-07-09,3015.13,3399.139833,3958.200167,-11.987946,-27.214647,-9.364332,-4.470054,-10.238994,-41.284853,-1.252682,-10.349471
2008-07-10,2973.73,3389.763167,3935.488333,-13.0943,-28.021792,-8.989499,0.121994,-8.902343,-44.430671,0.122069,-9.101364
2008-07-11,2953.5,3379.2665,3912.336167,-13.466777,-28.114377,-4.786525,-0.485347,-13.076948,-39.712517,0.807855,-12.257999
2008-07-14,2975.87,3370.630667,3889.664667,-12.456344,-26.778652,-2.202259,-0.506004,-19.167267,-43.062551,0.050069,-17.442294
2008-07-15,2852.98,3361.7365,3867.5585,-16.409359,-30.425937,1.797982,1.828617,-15.466256,-39.89807,4.359652,-14.329578
2008-07-16,2745.6,3352.954833,3845.725,-19.984237,-33.696251,4.894278,4.931034,-11.608949,-41.066875,8.441142,-10.979021
2008-07-17,2718.07,3343.796833,3823.255,-20.718487,-34.118008,9.111493,3.155633,-10.648654,-39.382627,9.539489,-10.101285
2008-07-18,2815.46,3335.783167,3803.836083,-16.958183,-30.088439,4.301178,0.895652,-14.001362,-39.499431,5.750392,-13.210985
2008-07-21,2911.05,3326.7385,3788.47925,-13.347855,-26.345084,1.696255,-4.852998,-22.979554,-43.649235,2.277872,-20.530393
2008-07-22,2904.74,3312.2425,3771.226167,-13.128157,-26.105631,0.030635,-7.195202,-21.257983,-46.021535,2.500052,-20.35776
2008-07-23,2883.32,3296.913333,3753.360417,-13.404427,-26.370914,0.036756,-5.76894,-12.956172,-45.201782,3.261518,-19.766103
2008-07-24,2977.36,3284.3835,3735.859833,-9.814196,-22.6941,-5.95586,-9.024337,-19.740914,-51.352516,-0.554518,-22.300293
2008-07-25,2939.2,3270.421167,3720.920833,-10.678134,-23.583374,-3.405525,-12.591601,-20.061664,-57.453584,0.736595,-21.291508
2008-07-28,2960.85,3253.783333,3705.910583,-9.434203,-22.445261,-6.549253,-18.661263,-20.977851,-55.143046,-1.865005,-21.867031
2008-07-29,2905.63,3234.614167,3690.86875,-10.725942,-23.921163,-7.225837,-17.294873,-22.012553,-56.09055,-0.731339,-20.382155
2008-07-30,2884.38,3215.839,3676.401917,-10.877832,-24.262456,-5.805696,-16.539983,-21.546521,-53.005914,-1.511243,-19.795589
2008-07-31,2805.21,3198.903833,3661.679167,-13.13298,-26.644343,-3.068477,-13.804287,-18.309827,-52.245841,1.268354,-17.532021
2008-08-01,2840.79,3180.833,3644.101417,-11.306093,-24.902763,-9.186076,-14.897014,-17.210286,-54.116374,-2.381028,-18.564906
2008-08-04,2773.15,3162.4035,3626.19575,-13.134848,-26.820024,-12.11201,-18.126555,-18.309571,-53.277902,-1.855652,-16.731154
2008-08-05,2703.08,3142.372833,3608.587417,-15.058633,-28.892453,-10.069036,-14.062781,-16.784642,-46.882345,0.688474,-15.451633
2008-08-06,2721.69,3123.5395,3590.599417,-13.77138,-27.706615,-10.734287,-7.187233,-19.211996,-50.061107,-0.045927,-17.479213
2008-08-07,2720.44,3102.617167,3573.158833,-13.145237,-27.26564,-10.73581,-10.716577,-18.935244,-48.329234,-4.741145,-17.441296
2008-08-08,2591.46,3080.006667,3553.829417,-17.271034,-31.580431,-5.710939,-7.470063,-17.132439,-36.350741,-2.258187,-15.745178
2008-08-11,2456.81,3055.3515,3532.46325,-21.803088,-36.313167,-6.014546,-2.316588,-14.437692,-32.148664,3.098734,-13.443856
2008-08-12,2444.16,3030.853,3511.92525,-21.514259,-36.246289,-3.993745,-4.71768,-13.329295,-30.490424,3.632332,-12.995876
2008-08-13,2444.67,3009.7505,3491.663917,-20.794704,-35.646825,3.547054,-5.006538,-13.161944,-26.579227,3.610712,-13.014026
2008-08-14,2443.51,2987.424833,3472.841167,-20.097623,-35.153751,0.019233,-4.50554,-16.485847,-22.886788,3.659899,-15.198628
2008-08-15,2447.61,2966.361,3455.573083,-19.222391,-34.487628,-1.759124,-2.313272,-16.377833,-20.837536,3.486258,-15.340679
2008-08-18,2313.4,2943.665167,3437.222,-24.093716,-39.594528,3.697957,-0.183015,-14.524618,-22.905056,9.489928,-13.519063
2008-08-19,2348.47,2923.486,3418.127833,-21.901269,-37.532893,-0.723935,-2.721861,-19.668974,-18.431548,7.854901,-17.855455
2008-08-20,2532.94,2906.098333,3400.7185,-13.743072,-29.460605,-8.553592,-12.024764,-28.963955,-27.060241,-3.512124,-25.146668
2008-08-21,2443.98,2885.560833,3382.130417,-16.609142,-32.487795,-4.524773,-8.218666,-16.457796,-24.092254,-1.597804,-22.422033
2008-08-22,2404.93,2865.961833,3362.248667,-17.538322,-33.50892,-0.554147,-9.662376,-8.561031,-26.903866,-0.182126,-21.162362
2008-08-25,2400.55,2845.782167,3343.327,-17.014008,-33.126854,-3.880973,-12.121104,-12.264163,-26.904039,-0.371165,-21.018517
2008-08-26,2331.53,2824.2105,3324.18375,-19.170415,-35.469945,-1.997927,-8.611615,-8.62564,-23.486419,2.578135,-18.680437
2008-08-27,2325.29,2802.730167,3304.51925,-18.674924,-35.144624,-3.471172,-8.155406,-4.474874,-21.765503,2.853408,-18.462213
2008-08-28,2335.86,2782.545833,3285.470667,-17.498614,-34.112979,-3.693893,-11.980307,-4.027167,-24.410788,2.387986,-18.83118
2008-08-29,2391.64,2763.870833,3268.471083,-14.465285,-31.234299,-9.108229,-14.064562,-11.646786,-24.914732,-3.448261,-20.724273
2008-09-01,2309.17,2744.198667,3250.704333,-17.260096,-34.198354,-8.240131,-14.341602,-9.378482,-21.168261,-1.028941,-17.893009
2008-09-02,2285.41,2728.846167,3233.835667,-17.733343,-34.712351,-6.613689,-16.947113,-12.20232,-15.734777,-1.499075,-17.039393
2008-09-03,2245.96,2713.9405,3217.560667,-18.926859,-35.949047,-4.684234,-16.939192,-11.833863,-12.45575,0.231082,-15.582201
2008-09-04,2251.15,2700.049167,3201.671333,-18.182879,-35.223177,-8.286413,-8.23913,-16.593085,-11.172564,-0.332719,-15.776825
2008-09-05,2183.43,2686.787667,3186.822583,-20.744927,-37.812733,-4.956333,1.101345,-9.50313,-4.132439,2.758504,-13.164608
2008-09-08,2126.52,2673.025667,3173.177333,-22.87242,-40.024656,-6.101471,-0.143059,-9.457592,-4.112045,5.50853,-10.840716
2008-09-09,2139.15,2661.300167,3158.596417,-21.840623,-38.97192,-10.333425,-0.014025,-11.102519,-2.019174,4.885585,-11.367132
2008-09-10,2143.18,2647.165333,3143.107667,-21.119867,-38.292131,-12.254958,3.680532,-16.295982,-4.623788,4.68836,-15.037468
2008-09-11,2072.13,2635.482833,3126.726833,-24.048934,-41.140965,0.047283,7.95314,-12.248126,-5.543873,8.277956,-12.124239
2008-09-12,2077.85,2622.619167,3111.899833,-23.28398,-40.389971,6.057678,2.417776,-9.120235,-5.075012,7.979883,-12.366148
2008-09-16,2000.65,2609.464333,3096.023833,-26.567284,-43.664653,5.958412,4.96312,-6.145063,-0.31038,12.146552,-8.98458
2008-09-17,1929.14,2594.084667,3079.48025,-29.615942,-46.768652,10.319399,4.744793,-5.094578,3.678262,16.303638,-5.61079
2008-09-18,1895.99,2576.192167,3064.039167,-30.657127,-47.999291,15.935489,5.105329,-3.281655,7.570556,18.337122,-3.960464
2008-09-19,2073.11,2561.062167,3048.66375,-21.137219,-38.565348,7.905857,-8.353954,-15.153806,-1.018136,8.22677,-14.061483
2008-09-22,2207.61,2550.922,3035.47275,-14.454438,-31.84567,-3.639902,-10.604475,-28.830889,-9.002658,1.632988,-25.046997
2008-09-23,2123.48,2539.783,3023.311333,-17.902239,-35.329645,-0.995292,-9.314533,-21.901032,-10.127809,5.659578,-22.077439
2008-09-24,2138.85,2530.458,3011.568583,-16.813201,-34.219277,-5.574606,-11.088494,-25.452356,-12.524294,4.900297,-22.637399
2008-09-25,2223.53,2522.5235,2999.6755,-12.616377,-29.940809,-10.830161,-19.976514,-26.984519,-17.274591,0.905317,-25.583644
2008-09-26,2243.66,2513.907667,2986.324167,-11.372992,-28.593479,-16.259811,-20.201266,-29.908847,-18.640358,-5.123771,-26.251304
2008-10-06,2128.7,2503.6885,2971.637833,-16.225358,-33.36018,-6.964573,-11.538011,-25.259302,-13.775616,-1.233147,-22.321605
2008-10-07,2102.45,2490.683333,2958.423917,-16.945377,-34.155333,-8.319241,-11.108184,-25.589849,-13.690935,-3.784632,-22.577945
2008-10-08,2022.88,2476.034,2943.991917,-20.213585,-37.524422,-5.513888,-9.839371,-17.895383,-10.693927,-1.363403,-19.532548
2008-10-09,1995.3,2459.036833,2929.088333,-20.897533,-38.389681,-9.146353,-8.386983,-19.015247,-5.794941,-0.491655,-18.420288
2008-10-10,1906.96,2441.257333,2915.51025,-24.700286,-42.45345,-3.941455,-6.799851,-12.800906,1.861988,4.118073,-14.641104
2008-10-13,1985.49,2425.123833,2902.195167,-20.001685,-37.960167,-4.573438,-18.226414,-9.715172,-2.773452,-2.562088,-18.017215
2008-10-14,1934.62,2407.769667,2889.200167,-21.878994,-40.106878,-2.788943,-12.586499,-8.253381,-2.439815,-1.047234,-15.861513
2008-10-15,1914.36,2392.126,2876.93125,-22.279915,-40.734082,-4.325483,-14.363863,-6.05861,0.208729,-0.920934,-14.971061
2008-10-16,1820.9,2376.714333,2864.834583,-26.638812,-45.317973,0.75937,-7.008005,2.878699,5.335361,4.164424,-10.606843
2008-10-17,1833.26,2361.9675,2852.882167,-25.339916,-44.223397,-2.858397,-9.707581,5.847185,2.314732,6.021514,-11.209539
2008-10-20,1896.73,2346.655333,2841.21925,-21.28597,-40.410192,-13.652976,-13.721291,4.660533,3.03816,4.770842,-14.180722
2008-10-21,1881.41,2329.494667,2828.116583,-21.362987,-40.758948,-9.797556,-14.481666,-2.235375,3.83022,5.623974,-13.48191
2008-10-22,1833.32,2311.637667,2811.940083,-23.182769,-42.774614,-10.038379,-8.056012,6.332004,8.211163,8.394607,-11.212445
2008-10-23,1834.78,2294.162,2795.537667,-22.344305,-42.109987,-7.767375,-10.628264,5.18537,9.243327,8.308353,-11.283097
2008-10-24,1781.6,2274.232667,2779.308083,-24.413087,-44.469017,-6.849184,-6.001055,7.519349,12.815169,11.541311,-8.634935
2008-10-27,1654.67,2252.823833,2761.6225,-30.858287,-51.221678,-0.068315,8.511242,10.488055,20.034209,20.097663,-1.626306
2008-10-28,1705.82,2231.906667,2742.845,-26.881029,-47.494977,-4.68411,4.333118,7.261155,18.113178,16.496465,-4.576098
2008-10-29,1658.22,2211.1165,2722.865333,-28.775285,-49.594002,1.982367,8.305253,10.591578,20.361038,19.840552,-1.836909
2008-10-30,1697.66,2191.337833,2703.588417,-25.526141,-46.53291,-2.860889,9.886704,9.69389,19.202695,17.056419,-4.117432
2008-10-31,1663.66,2172.312,2685.607917,-26.677204,-47.888712,0.84813,15.554765,9.525226,23.715123,19.448685,-2.157893
2008-11-03,1653.54,2152.5245,2666.67875,-26.37229,-47.791534,8.579557,18.381823,11.991356,27.015298,20.179736,-1.559079
2008-11-04,1627.76,2133.434667,2647.919083,-27.052836,-48.656924,9.017228,12.24629,13.800071,27.871407,22.083108,1.352779
2008-11-05,1691.42,2116.573667,2629.47325,-22.423017,-44.121513,6.322885,14.388016,14.362925,27.969243,17.488264,-2.461837
2008-11-06,1649.78,2098.7085,2611.124,-24.068021,-45.913883,12.747593,15.813633,18.39336,33.08183,20.453636,1.700227
2008-11-07,1677.83,2081.331667,2591.974417,-21.550662,-43.491862,14.706636,13.520403,18.221427,32.697115,19.987126,6.17047
2008-11-10,1801.67,2068.1685,2574.087583,-13.794942,-35.678112,9.802266,1.976813,15.085863,25.764341,16.283226,-1.127287
2008-11-11,1781.36,2056.911,2556.13125,-14.382823,-36.111777,3.229062,2.928037,13.598927,26.347429,17.609018,1.148561
2008-11-12,1801.82,2046.205333,2538.529167,-12.718976,-34.278758,8.065131,2.286325,15.141955,28.627973,16.34847,1.559534
2008-11-13,1874.08,2036.6955,2523.223,-8.321077,-29.741918,3.066041,-0.192814,8.793496,27.295769,11.862354,-2.356356
2008-11-14,1943.65,2028.3645,2507.894667,-4.266215,-25.487597,-1.186233,-6.02954,0.857068,20.475306,7.858411,-5.851362
2008-11-17,1987.22,2020.691333,2493.526167,-1.670302,-22.696116,-7.825454,-6.390467,-0.615309,13.561254,5.493604,-7.915581
2008-11-18,1839.82,2012.798333,2478.23175,-8.985822,-29.787756,-0.301026,1.55378,8.070058,22.254984,13.945386,-0.538096
2008-11-19,1953.16,2006.209833,2464.847917,-2.679871,-23.268153,-5.778806,-0.025091,2.440835,18.254681,7.333245,-6.309775
2008-11-20,1932.43,1996.201333,2451.149833,-3.246776,-23.777896,-3.258854,2.579727,5.666841,22.104762,8.484654,-5.30472
2008-11-21,1920.73,1987.4805,2436.520667,-3.416243,-23.786574,-4.843307,4.701024,6.616321,18.100783,9.145481,-4.72789
2008-11-24,1837.64,1978.025667,2421.99375,-7.361707,-27.610892,1.434987,13.109051,9.340176,22.62731,14.08056,-0.420104
2008-11-25,1834.29,1968.588,2407.185083,-7.065905,-27.180056,1.854806,10.67089,4.512068,17.733081,14.288907,-0.238239
2008-11-26,1843.49,1960.454,2392.33225,-6.151556,-26.060821,5.753715,12.85563,2.336485,14.937426,13.718545,-0.736104
2008-11-27,1870.47,1952.873667,2377.801917,-4.311223,-23.998676,5.838581,8.98631,0.016037,14.607819,12.078248,-2.167904
2008-11-28,1829.92,1944.441333,2363.493583,-6.070245,-25.586861,9.544331,6.886608,1.743263,15.753775,14.561839,1.758547
2008-12-01,1864.2,1935.650667,2349.76075,-3.761153,-23.148151,11.674064,5.775158,-0.50767,20.359966,12.455209,-0.506383
2008-12-02,1868.63,1928.308333,2336.2535,-3.143757,-22.334304,8.816085,6.516278,-1.901156,20.984043,12.188609,-1.883198
2008-12-03,1952.67,1922.762667,2325.804417,1.543463,-17.48683,7.101915,2.465926,-7.16147,15.785958,7.360179,-6.91105
2008-12-04,1982.93,1918.378833,2316.159667,3.309508,-15.533495,3.147728,3.087114,-5.173054,10.503115,5.721836,-8.33161
2008-12-05,2013.18,1914.412667,2307.230917,5.030469,-13.633251,-2.657723,1.915297,-3.558533,10.710846,4.133262,-9.709018
2008-12-08,2095.04,1912.9395,2299.863583,9.093158,-9.327716,-5.898906,-3.768874,-8.144143,5.810571,0.064438,-13.236979
2008-12-09,2040.85,1911.511667,2292.268667,6.547201,-11.617562,-2.299806,-6.158823,-7.785362,8.220199,2.721415,-10.93319
2008-12-10,2096.39,1910.799,2286.049583,9.269534,-8.660844,-4.635989,-10.519146,-8.874616,5.070115,-2.112202,-13.292851
2008-12-11,2046.34,1909.185,2278.175167,6.937638,-10.732193,-0.060614,-8.970272,-6.336834,9.114153,0.281967,-11.172141
2008-12-12,1960.38,1907.3225,2271.402667,2.743791,-14.725922,4.57302,-5.143345,-4.389521,16.94628,4.679195,-7.277161
2008-12-15,1975.03,1905.608833,2264.114,3.578203,-13.659992,2.130032,-6.282828,-1.007064,16.642137,3.902726,-7.964942
2008-12-16,1994.45,1905.5055,2257.484917,4.5621,-12.3883,-3.859016,-8.417434,-2.004463,17.780722,2.891023,-8.86109
2008-12-17,2001.42,1906.710167,2250.397417,4.84776,-11.72499,-5.883157,-9.627396,-0.561677,17.317633,2.532702,-9.178483
2008-12-18,2045.1,1909.195333,2242.69375,6.876483,-9.223102,-8.909658,-8.260168,-1.608883,17.630542,0.342771,-11.118283
2008-12-19,2052.11,1908.845333,2234.95375,7.237001,-8.5352,-9.716365,-5.47383,-1.320501,17.794576,-1.311821,-11.421902
2008-12-22,2017.55,1905.677667,2228.299833,5.704623,-9.935498,-8.41286,-4.375269,0.205978,17.413885,0.378677,-9.904587
2008-12-23,1918.95,1902.268833,2221.025917,0.873086,-14.619105,-4.558418,-1.626539,6.339955,25.639572,6.545246,-5.275281
2008-12-24,1887.07,1898.0725,2214.26525,-0.581354,-15.989527,-3.744239,1.644529,7.432976,28.083728,8.345212,-3.675009
2008-12-25,1870.77,1892.193167,2207.358333,-1.138645,-16.544637,0.64949,2.633439,9.492767,28.37173,9.957932,-2.835731
2008-12-26,1862.1,1885.833833,2199.87075,-1.266519,-16.669373,4.242535,0.753824,12.446634,29.7697,13.25439,-2.383331
2008-12-29,1854.76,1881.268167,2192.478333,-1.41908,-16.727726,4.037591,5.275764,15.531611,31.763977,16.802713,-1.997024
2008-12-30,1833.44,1876.784667,2183.734,-2.336605,-17.484227,2.931879,6.412971,15.972492,34.019909,18.160943,-0.857405
2008-12-31,1817.72,1873.365333,2174.699667,-3.015349,-17.93076,5.388769,9.065719,20.767787,34.651746,23.081663,3.216667
2009-01-05,1882.96,1871.493,2165.264917,0.61085,-13.969771,1.983949,6.651285,19.861524,31.376152,21.971258,-0.35954
2009-01-06,1942.8,1872.090333,2156.673833,3.70746,-10.443691,-3.488711,4.153329,18.034221,24.38662,19.762714,-3.428557
2009-01-07,1931.18,1871.185167,2148.1545,3.155921,-10.647789,1.238173,4.581247,18.82262,26.520266,20.710654,-2.847482
2009-01-08,1887.99,1870.408,2139.088833,0.935618,-12.486719,3.481092,7.966495,20.533864,31.827796,23.472052,-0.625003
2009-01-09,1918.36,1870.474667,2131.300333,2.527842,-10.526162,3.676951,5.788447,22.360634,32.554634,25.057862,-2.198232
2009-01-12,1920.69,1872.137833,2124.426083,2.560349,-10.081719,4.667336,6.859328,24.839107,33.196371,28.196117,-2.316876
2009-01-13,1876.19,1872.853333,2117.410417,0.178001,-12.095072,7.64204,11.69281,24.007759,35.917848,31.236708,4.193605
2009-01-14,1955.24,1873.8285,2110.241917,4.252928,-7.628965,3.343074,10.255847,15.183627,31.795332,25.930832,-0.018924
2009-01-15,1954.87,1875.052833,2102.27375,4.168686,-7.26958,4.485402,9.559521,16.189388,30.449629,25.954667,1.807793
2009-01-16,1990.21,1877.667667,2094.652667,5.820976,-5.114759,2.111496,11.702068,16.375522,30.784833,23.7181,1.117972
2009-01-19,2012.46,1880.629,2087.3955,6.775156,-3.655926,2.191992,13.210239,18.046804,28.4756,22.350258,0.459636
2009-01-20,2025.19,1884.688833,2079.46075,7.190079,-2.644508,4.05077,13.880892,12.804962,24.068297,21.581185,-0.171836
2009-01-21,2021.71,1890.806167,2071.815,6.694041,-2.448135,6.912773,14.241373,13.081156,24.908776,21.790465,0.54261
2009-01-22,2044.55,1896.451667,2064.179167,7.519312,-0.955493,5.074119,12.56737,6.881058,22.985206,20.429923,-0.580568
2009-01-23,2032.68,1902.692667,2056.904583,6.608504,-1.18471,9.590572,16.572187,5.167966,21.223753,21.133184,1.199402
2009-02-02,2057.06,1908.682667,2050.01025,7.486448,0.343299,11.018247,17.979779,5.099015,20.239762,19.697529,2.520588
2009-02-03,2108.91,1916.1035,2044.20775,9.587753,3.116092,9.830122,12.314948,1.563877,21.140347,16.754627,1.497456
2009-02-04,2166.41,1924.651333,2038.587917,11.832659,6.081405,7.3286,4.92778,5.336025,19.122059,13.655772,-1.196449
2009-02-05,2150.97,1933.3715,2033.403083,10.665353,5.620812,7.493251,6.629868,6.912707,23.261519,14.47161,-0.487222
2009-02-06,2237.28,1942.469167,2029.521417,14.130091,9.746083,6.981615,4.673454,2.179641,19.794493,10.055514,-4.326235
2009-02-09,2296.67,1953.250667,2025.979583,16.196525,12.540692,6.961532,4.836565,-4.185355,18.557315,7.209569,-6.80028
2009-02-10,2326.75,1964.066,2022.698833,16.945563,14.003977,2.484827,-1.07593,-3.764842,17.332017,5.823574,-8.005157
2009-02-11,2331.14,1972.8905,2020.5295,16.685769,14.299781,-2.40082,-1.160217,-4.867907,17.940457,5.624287,-8.178402
2009-02-12,2318.34,1981.840167,2019.375583,15.682562,13.806307,-0.863383,-5.686311,-4.528303,16.173444,6.207459,-7.671437
2009-02-13,2399.06,1991.794167,2018.99975,18.604117,17.247478,-2.308161,-11.404222,-8.415903,15.044834,2.633948,-10.777971
2009-02-16,2462.25,2001.597,2019.14625,20.71302,19.840079,-2.124967,-12.880764,-9.388121,13.353139,-2.102548,-13.067723
2009-02-17,2385.29,2008.957667,2018.661083,17.17047,16.688625,-3.560756,-10.751071,-2.671958,15.765235,1.056056,-10.262903
2009-02-18,2275.84,2013.768,2017.229667,12.234162,12.06241,1.240603,0.408245,2.465575,20.588353,5.916057,-5.947255
2009-02-19,2298.41,2021.411167,2017.10475,12.842171,13.055439,-4.822928,0.282839,3.595796,20.116973,4.875979,-6.870837
2009-02-20,2344.32,2027.9305,2017.070167,14.497957,15.034934,-9.096061,-2.493813,1.503788,19.183684,2.82214,-8.694632
2009-02-23,2410.48,2035.898,2016.049667,16.88889,17.868591,-10.755797,-9.02192,1.192621,15.437586,1.199761,-11.200674
2009-02-24,2301.85,2042.25,2014.86525,11.966101,13.316083,-7.190315,-2.688913,6.310114,17.78914,6.513457,-7.010014
2009-02-25,2304.25,2050.026833,2014.02625,11.690236,13.461942,-0.832358,-3.707689,4.126751,17.345082,6.402517,-7.106868
2009-02-26,2190.19,2055.9585,2012.27325,6.324614,8.472324,5.105767,1.158008,12.418558,22.860122,13.222597,-2.26921
2009-02-27,2140.49,2060.9085,2010.68125,3.788787,6.256118,6.602248,2.988319,15.482787,23.950887,16.745698,0.077552
2009-03-02,2164.67,2065.811833,2009.34275,4.674464,7.446025,1.733877,3.492643,13.779948,24.285768,15.441615,-1.040343
2009-03-03,2142.15,2071.015667,2007.7285,3.377085,6.480601,4.501402,8.079114,15.759189,28.843104,17.068833,2.818663
2009-03-04,2285.15,2078.0315,2006.841083,9.501062,12.986978,-2.875332,2.057329,10.896341,22.617159,11.512155,-3.615518
2009-03-05,2304.92,2085.303,2006.805667,10.01318,13.850173,-3.947759,3.312957,11.134711,24.315611,11.778283,-4.442237
2009-03-06,2286.58,2090.868167,2006.815417,8.947788,13.050816,-3.613928,3.997601,11.704318,25.60183,12.674824,-3.675795
2009-03-09,2202.53,2094.528167,2006.4535,5.027839,9.323796,1.758766,10.214541,15.699983,28.856816,16.999541,0.131213
2009-03-10,2240.78,2098.3215,2006.367083,6.568628,11.049835,3.577711,8.999027,10.117241,27.446576,15.002365,-1.578022
2009-03-11,2220.38,2100.4105,2006.675,5.554555,10.119923,4.932661,7.83444,12.565552,28.770009,16.058963,-0.673759
2009-03-12,2215.7,2103.324667,2007.418167,5.204911,9.871898,7.260716,11.26055,15.822235,29.956787,17.142664,-0.463962
2009-03-13,2205.42,2105.141833,2007.970417,4.653512,9.37935,7.611529,12.494467,18.609903,29.482183,20.454154,1.640957
2009-03-16,2241.61,2108.396333,2008.790667,6.126673,10.966148,8.455775,10.287305,17.745384,25.9683,19.417294,3.604106
2009-03-17,2322.4,2114.43,2010.87625,9.381586,14.403056,5.421316,7.680075,14.582047,24.467717,15.698846,0.441354
2009-03-18,2332.65,2120.390333,2012.999583,9.540477,14.737902,2.901779,8.839012,14.146131,23.859639,15.195593,2.023021
2009-03-19,2382.56,2126.858833,2016.182167,11.352937,16.696983,3.999834,7.821754,10.664444,23.396053,12.782469,-0.114163
2009-03-20,2379.84,2133.165833,2019.938,10.942608,16.396644,4.882938,7.706717,12.905523,25.054144,13.775296,0.903002
2009-03-23,2439.4,2139.7375,2024.466417,13.106895,18.644594,1.83153,5.485442,9.236175,23.317749,10.997376,-1.56063
2009-03-24,2451.78,2146.398667,2027.622,13.302289,18.995061,2.25876,1.118214,4.953221,22.894613,10.436907,-2.057689
2009-03-25,2401.33,2152.795,2029.236333,10.925575,16.836322,5.937233,4.731112,7.70087,25.017228,12.757097,3.249033
2009-03-26,2479.79,2162.142333,2032.205583,13.707433,19.905218,3.82192,4.561686,3.68559,22.989307,9.189488,-0.017743
2009-03-27,2498.93,2172.34,2035.20625,14.005771,20.526548,2.823779,6.115436,0.573001,22.130347,8.353175,-0.783535
2009-03-30,2484.49,2182.568667,2037.380917,12.956494,19.840229,3.653912,7.458079,1.360799,23.046068,8.98293,-0.206884
2009-03-31,2507.79,2193.330167,2039.582,13.398087,20.6657,-1.140546,6.901972,3.817281,23.746988,7.970364,-1.134066
2009-04-01,2548.22,2204.887833,2043.078,14.471844,22.093758,-1.206121,5.307119,2.889694,21.722233,6.257309,-2.702671
2009-04-02,2576.4,2217.2705,2047.027583,15.011614,23.000429,0.739766,2.842691,5.214102,22.85319,5.35243,-3.766884
2009-04-03,2570.5,2229.816833,2051.591083,14.218099,22.54848,3.291656,5.198805,5.910534,24.446224,6.088699,-3.546003
2009-04-07,2576.95,2241.383333,2056.438167,13.951329,22.563109,3.804167,3.750732,7.042687,25.550655,7.29661,-3.787423
2009-04-08,2479.35,2250.325833,2061.208083,9.692141,18.470417,8.042518,3.835007,10.979618,30.832482,11.605058,1.368907
2009-04-09,2517.67,2260.100667,2065.642917,10.792452,19.789235,6.51324,2.969758,10.242812,28.278363,10.785766,-0.17397
2009-04-10,2595.53,2271.893,2071.1505,13.317733,22.568648,2.102925,-0.876095,4.879512,25.584699,7.462445,-3.168524
2009-04-13,2656.52,2284.195667,2077.335167,15.100304,24.593109,1.907149,-5.542434,4.850834,24.566961,4.995257,-5.39164
2009-04-14,2676.87,2296.798667,2084.46825,15.313193,25.013441,-0.053435,-6.09728,4.995876,23.863005,5.122774,-6.110868
2009-04-15,2686.99,2310.312,2091.582667,15.103903,25.050057,-4.207511,-3.084691,3.855145,22.381992,4.72685,-6.464483
2009-04-16,2687.11,2322.509833,2098.169167,14.581784,24.740113,-3.543482,-2.417425,3.976648,25.128383,4.722174,-6.46866
2009-04-17,2650.69,2334.106833,2104.579833,12.719068,23.070414,-2.97902,2.371411,5.856733,27.602686,6.161037,-5.183556
2009-04-20,2707.67,2346.0645,2111.866083,14.334924,24.851653,-7.449583,0.711728,4.774373,25.70287,4.890182,-7.178866
2009-04-21,2675.44,2357.114167,2118.871583,12.667579,23.323018,-6.043845,3.291955,5.008791,27.429316,6.153754,-6.060685
2009-04-22,2576.28,2366.299,2125.493917,8.501937,19.234229,1.12282,7.144611,6.525805,33.211763,10.23957,-2.444998
2009-04-23,2593.56,2375.829833,2133.318,8.768467,19.535294,1.126056,7.273054,5.517462,31.104725,9.505082,-3.094974
2009-04-24,2572.89,2384.6355,2140.543583,7.59835,18.396997,5.350431,5.755607,6.755973,33.782444,10.38482,-2.316461
2009-04-27,2513.29,2392.645667,2147.669167,4.919292,15.720951,8.161312,10.393268,7.895099,37.36741,13.002479,0.208492
2009-04-28,2518.53,2400.336833,2154.50975,4.806632,15.611219,9.3358,11.093156,9.14502,37.585119,12.767368,3.448043
2009-04-29,2605.37,2408.611167,2162.357333,7.85244,18.637572,6.021791,6.939836,9.266634,36.248103,9.709561,0.673993
2009-04-30,2622.93,2416.219833,2170.435583,8.208775,18.936414,6.146997,6.394073,8.831124,35.901462,9.232805,3.483509
2009-05-04,2714.3,2425.608667,2179.490083,11.24516,21.944315,0.405176,3.485322,7.966798,27.080782,8.292746,0.201157
2009-05-05,2727.01,2433.770833,2188.12,11.376393,22.016304,2.231956,4.062645,7.986978,28.735382,8.314601,-0.265859
2009-05-06,2764.98,2441.576,2197.413333,12.438967,22.975249,1.757356,1.716836,6.114146,30.061267,6.827174,-1.635455
2009-05-07,2767.08,2448.914833,2206.490417,12.214761,22.638941,0.918045,-0.618806,6.349717,31.378946,6.746101,-1.710106
2009-05-08,2789.22,2456.5495,2214.72,12.700426,23.0636,0.247076,-1.755592,5.961645,30.570917,6.142936,-2.490302
2009-05-11,2725.32,2463.3325,2222.586333,10.107074,20.391432,3.080146,1.000366,9.25504,31.675106,9.696843,-0.204013
2009-05-12,2788.56,2469.824167,2230.809167,12.137837,22.316096,1.830689,-2.498169,6.021446,27.278991,7.209097,-2.467223
2009-05-13,2814,2475.686667,2238.641833,12.808916,22.87376,-0.04052,-1.948136,3.22704,23.377342,6.239872,-3.348969
2009-05-14,2792.6,2482.475167,2245.716417,11.771695,21.794847,-1.536851,2.326798,6.030524,23.843533,7.054,-2.608322
2009-05-15,2796.12,2491.1465,2252.45725,11.54897,21.621101,-2.002668,2.437051,5.73686,24.051043,6.919231,-2.730927
2009-05-18,2810.57,2499.6825,2260.546833,11.722359,21.778056,-2.07978,4.481477,6.874876,18.962312,7.116706,-3.231017
2009-05-19,2840.08,2507.945167,2267.937833,12.436846,22.496125,-4.328858,3.924333,7.374247,19.187759,7.652953,-4.2365
2009-05-20,2812.86,2514.6515,2275.27475,11.206753,21.210094,-1.907616,4.39731,9.072784,17.310349,9.497095,-3.309799
2009-05-21,2750.01,2522.120833,2282.185417,8.65044,18.647105,3.863649,6.968524,11.415587,13.270424,12.092683,-1.099996
2009-05-22,2740.68,2529.394667,2289.71075,8.022605,17.978057,4.439719,7.717237,11.798896,14.615309,12.523169,-0.763314
2009-05-25,2752.72,2538.770167,2297.364333,8.090974,18.082699,6.561256,8.254674,12.547744,9.086769,13.368959,-1.197361
2009-05-26,2719.76,2548.424667,2304.666583,6.506825,16.560762,8.253191,8.519615,13.662247,14.507627,14.742845,1.46888
2009-05-27,2759.71,2558.342,2312.076917,7.576621,17.697938,6.304926,5.175175,12.540248,14.915582,13.360462,3.573926
2009-06-01,2858.34,2570.2785,2320.647083,10.622678,20.839497,3.104875,3.703726,10.663073,12.211725,11.252335,0.236501
2009-06-02,2865.1,2579.944333,2328.987917,10.483543,20.716945,3.277519,3.299809,10.001415,8.196481,10.989843,1.437646
2009-06-03,2939.39,2590.518833,2337.910917,12.63439,22.894432,1.693418,2.3934,9.672289,7.628317,10.155508,-1.126084
2009-06-04,2953.75,2601.638333,2346.25325,12.693417,23.025586,0.266424,3.449914,10.548713,6.632491,11.12518,-1.606771
2009-06-05,2939.31,2613.918,2354.223083,11.732461,22.196409,-1.129751,4.675474,12.393822,3.591044,13.194593,-1.123393
2009-06-08,2948.48,2625.713,2362.01725,11.593731,22.177376,0.598852,4.447064,13.503146,-4.091767,14.45728,-1.430907
2009-06-09,2960.56,2638.049333,2369.229917,11.533868,22.281347,0.022291,4.081659,12.073906,-4.027242,13.990259,-1.833099
2009-06-10,2989.59,2650.9475,2377.136083,12.021913,22.923982,0.699982,4.293069,11.450147,-3.3558,12.883372,-2.786335
2009-06-11,2961.63,2663.551,2384.346417,10.60796,21.681474,3.18349,5.142632,13.694681,3.004421,14.676715,-1.868566
2009-06-12,2906.29,2674.629,2391.512667,8.306667,19.495127,5.805224,7.365073,15.64009,5.712324,16.929487,1.890039
2009-06-15,2966.19,2685.358833,2399.894417,9.946394,21.185356,3.848212,6.959346,12.496322,4.548095,14.568183,-0.167555
2009-06-16,2961.22,2695.835,2408.112667,9.389336,20.675803,4.059368,6.701606,15.414875,6.843619,16.666442,1.667218
2009-06-17,3010.59,2706.302167,2416.5805,10.655288,21.978255,3.593088,7.27889,14.871078,5.942285,16.033734,1.555841
2009-06-18,3057.43,2717.595333,2425.380583,11.782727,23.158624,1.959142,7.098798,13.55425,3.39178,14.515786,0.738202
2009-06-19,3080,2728.272,2434.00475,12.126116,23.539165,1.559849,7.718348,13.347741,5.006641,14.279545,0.083117
2009-06-22,3082.56,2738.785,2442.591833,11.824603,23.270072,3.111134,9.056083,15.270371,6.615701,16.497976,0.04347
2009-06-23,3083.9,2750.161167,2451.478083,11.453551,22.950389,2.642237,7.992247,13.788367,6.852712,16.447356,1.103149
2009-06-24,3120.73,2760.8435,2461.492917,12.25307,23.729891,3.685802,7.157078,14.478727,4.312022,15.579368,-0.090043
2009-06-25,3117.92,2771.16,2471.75,11.790011,23.223971,5.139656,8.552049,15.810064,6.282879,17.128406,0.336763
2009-06-26,3128.42,2781.892167,2482.230417,11.739675,23.137057,6.158499,8.275016,15.899851,2.252585,17.23362,1.216269
2009-06-29,3179.97,2793.095167,2493.212667,12.97214,24.329966,5.944948,5.536976,16.318397,0.896294,17.725324,-0.424532
2009-06-30,3166.47,2803.399333,2504.143583,12.178467,23.467061,5.35001,8.713269,17.068923,-1.125538,18.612209,2.255824
2009-07-01,3237.9,2814.424333,2515.847417,14.016723,25.231528,3.471276,7.592188,9.441695,-5.648718,15.995553,1.373112
2009-07-02,3282.36,2826.288667,2528.05275,14.959825,26.111333,3.412393,6.455452,10.199692,-6.333118,14.424378,1.364262
2009-07-03,3327.14,2838.791833,2540.087583,15.873453,26.991451,2.116517,5.629393,11.5533,-8.417867,12.884339,0.401246
2009-07-06,3374.75,2853.715167,2552.0205,16.769953,27.943585,-0.407972,6.214288,11.526082,-12.68708,12.216609,-1.015186
2009-07-07,3340.49,2867.428833,2563.76475,15.270175,26.464072,3.363259,5.79612,12.535366,-11.67848,13.3675,0.352643
2009-07-08,3352.27,2880.041167,2575.967083,15.183314,26.34127,4.120912,7.321649,10.969919,-10.942672,12.969122,0.260719
2009-07-09,3396.3,2892.370833,2588.28325,16.061008,27.169179,3.043059,7.258014,7.562864,-7.094121,11.504579,-1.039072
2009-07-10,3398.31,2904.394833,2600.59675,15.70532,26.753731,3.512876,7.624834,4.510213,-7.535847,11.438627,-1.097604
2009-07-13,3361.01,2915.6285,2612.97025,14.215612,25.175392,6.622261,10.78142,5.316687,-4.955332,12.675357,2.789043
2009-07-14,3454.75,2928.4225,2625.466167,16.528621,27.449163,2.432861,8.355654,2.899308,-6.807324,9.618062,1.115855
2009-07-15,3493.3,2942.466,2638.286417,17.159884,28.071723,3.200737,1.849507,-2.783641,-7.538464,8.408382,-2.745255
2009-07-16,3501.24,2955.692167,2650.878333,16.938433,27.822616,4.214956,3.74424,-1.740738,-7.701622,8.162537,-2.965806
2009-07-17,3519.81,2969.765,2663.439583,16.992419,27.878865,4.111958,5.923906,-5.110177,-5.568699,7.591887,-4.981803
2009-07-20,3591.12,2986.679,2676.489,18.430206,29.395827,4.15916,5.311794,-13.415535,-6.130762,5.455401,-12.554579
2009-07-21,3539.83,3002.450167,2689.14,16.465003,27.485726,5.922793,6.739246,-10.971955,-4.937963,6.983386,-11.287548
2009-07-22,3606.92,3019.684,2702.15975,17.770203,28.880286,-1.35123,3.648269,-17.939702,-7.46942,4.993457,-16.422599
2009-07-23,3651.97,3038.662,2715.653833,18.384946,29.6234,-0.470716,0.30485,-14.964684,-6.760183,3.698278,-17.453594
2009-07-24,3667.56,3057.8125,2729.074667,18.18268,29.556399,1.811948,-3.114621,-13.524517,-7.157167,3.257479,-17.80448
2009-07-27,3743.63,3076.7835,2742.697333,19.6171,31.111386,1.152634,-5.464734,-14.769744,-12.168257,1.159303,-19.474681
2009-07-28,3755.82,3095.665,2755.942417,19.330389,30.954718,0.816452,-5.456346,-18.873857,-12.053555,0.830977,-19.736036
2009-07-29,3558.51,3109.735167,2767.671917,13.480435,25.133541,4.9995,-4.633148,-11.485667,-9.159503,6.421789,-15.285611
2009-07-30,3634.82,3124.865333,2779.318083,15.11684,26.835399,0.775565,-5.484978,-14.115914,-10.260337,4.187553,-17.064119
2009-07-31,3734.62,3141.026,2791.301,17.309657,29.113828,-4.926569,-11.034083,-20.356078,-9.599053,1.403356,-19.280409
2009-08-03,3787.03,3158.025167,2803.47,18.163519,30.072414,-6.617368,-18.727329,-29.120996,-9.743997,-0.01109,-25.264125
2009-08-04,3786.61,3174.648333,2815.598917,17.627429,29.629616,-6.272799,-17.711201,-28.636514,-9.197003,-1.206092,-25.255836
2009-08-05,3740.94,3191.575333,2827.453917,15.882229,27.996029,-9.632648,-21.587972,-25.775867,-7.682055,-2.080226,-24.343347
2009-08-06,3663.12,3206.151333,2837.98775,13.324399,25.521998,-6.260543,-15.269533,-18.253124,-5.041551,-2.913909,-22.736083
2009-08-07,3555.09,3218.502833,2847.09475,9.946409,22.208129,-6.107513,-10.409896,-14.437979,-1.682099,0.036286,-20.388232
2009-08-10,3544.54,3231.035167,2856.755167,9.260582,21.572197,-12.109961,-9.30501,-13.264914,-1.156601,0.334035,-20.151275
2009-08-11,3556.38,3243.706167,2867.426333,9.202662,21.532829,-11.438402,-13.417511,-11.470564,-1.721811,-3.249372,-20.41711
2009-08-12,3397.4,3253.486667,2876.584583,4.328319,16.640675,-11.955323,-6.852519,-6.145151,2.974968,1.278036,-16.693059
2009-08-13,3440.82,3263.499,2885.722083,5.290988,17.593466,-9.00899,-8.630936,-8.421733,2.238747,-2.800495,-17.744317
2009-08-14,3344.46,3272.359,2893.50525,2.179411,14.483659,-4.302383,-9.321995,-3.230924,8.076971,-3.179288,-15.37438
2009-08-17,3140.27,3278.863333,2900.492083,-4.318803,7.942838,2.804951,-10.393667,4.760865,14.446922,4.876014,-9.871763
2009-08-18,3171.99,3286.051833,2907.72325,-3.532764,8.698876,-1.979109,-10.925313,4.0363,13.493686,4.118865,-10.773048
2009-08-19,3014.57,3290.416,2914.593083,-8.75568,3.372698,5.102805,-4.187895,7.772997,18.919659,9.555923,-6.113641
2009-08-20,3144.39,3297.493167,2922.958917,-4.754262,7.302348,0.378054,-2.983591,5.437499,14.389093,5.588047,-9.989855
2009-08-21,3203.62,3304.891667,2931.616833,-3.112227,8.872733,-5.019613,-4.028083,-0.122749,13.468606,3.635887,-11.654004
2009-08-24,3229.6,3311.079333,2940.678917,-2.491593,9.371781,-13.198618,-3.959904,-0.652359,9.404832,2.802205,-12.364689
2009-08-25,3109.83,3315.158167,2947.55125,-6.393727,5.359332,-8.946204,1.946947,0.679396,15.456265,6.761463,-8.989559
2009-08-26,3172.39,3319.0415,2954.780167,-4.519079,7.106099,-9.2907,0.707367,-3.604746,9.420372,4.656111,-10.784298
2009-08-27,3156.3,3322.417333,2962.027833,-5.129217,6.352634,-3.361645,0.209203,-2.416896,6.921758,5.189621,-10.3295
2009-08-28,3046.78,3324.2085,2969.06325,-8.714631,2.58388,0.99153,6.091071,0.384911,14.200641,8.970782,-7.106191
2009-08-31,2830.27,3322.238333,2973.975667,-16.026664,-4.952755,9.238714,15.154532,4.907833,22.962155,17.306829,0.474513
2009-09-01,2843.7,3320.290667,2979.17,-15.494631,-4.653872,10.893151,14.961613,4.422668,23.508588,16.752822,1.660864
2009-09-02,2890.93,3318.646333,2984.796917,-13.797872,-3.195346,9.998067,11.960892,3.863276,21.681905,14.845396,2.814319
2009-09-03,3051.96,3320.151833,2991.851417,-8.422651,1.989161,3.570848,8.42109,3.596138,17.715801,8.785829,-2.610454
2009-09-04,3077.14,3322.999333,2998.814167,-7.686719,2.578366,5.099541,3.905334,2.391919,17.587222,7.895643,-3.407385
2009-09-07,3104.21,3325.299667,3005.32925,-6.880054,3.237213,5.915817,3.307545,2.992895,15.482465,6.954749,-4.249712
2009-09-08,3170.97,3328.7955,3012.31525,-4.857299,5.132857,4.068461,-1.267551,1.763932,11.417124,4.702977,-6.265591
2009-09-09,3194.91,3331.8675,3019.084833,-4.197404,5.660517,1.962825,-4.312113,1.390329,11.303263,3.91842,-6.967958
2009-09-10,3162.91,3333.6255,3025.610417,-5.256796,4.437963,4.850241,-2.626099,2.460848,12.247828,4.96979,-6.026729
2009-09-11,3238.13,3336.261,3032.2665,-2.985472,6.568564,-1.194207,-5.706159,2.772402,10.947325,2.81119,-8.209677
2009-09-14,3293.39,3339.774833,3039.279917,-1.398596,8.029681,-2.608272,-10.246698,2.523909,8.43779,2.556029,-9.749832
2009-09-15,3302.64,3343.4205,3046.790833,-1.227224,8.06333,-5.336012,-10.538945,1.997692,7.524062,2.268791,-10.002604
2009-09-16,3258.24,3345.712333,3053.277917,-2.649245,6.497143,-6.274938,-8.097616,2.697285,6.588822,3.662407,-8.77621
2009-09-17,3320.1,3349.082,3060.121,-0.869138,8.154045,-7.47634,-4.824951,2.767001,2.134816,2.805638,-10.475889
2009-09-18,3199.69,3350.269833,3066.081,-4.598696,4.265373,-4.511952,-1.513415,6.490099,5.972689,6.705337,-7.106938
2009-09-21,3208.6,3350.747,3071.921083,-4.33486,4.353158,-7.638426,-0.31465,3.253845,2.976514,6.409026,-7.364894
2009-09-22,3131.03,3350.156333,3076.777833,-6.764499,1.747913,-5.202932,3.031484,6.140906,6.355434,9.045266,-5.069897
2009-09-23,3060.07,3347.1925,3080.808417,-8.968414,-0.675424,-1.822678,5.702442,5.93091,11.66906,11.573918,-2.868562
2009-09-24,3080.93,3343.835333,3085.062,-8.188695,-0.134025,2.651389,5.086947,6.272472,10.580574,10.818487,-3.526208
2009-09-25,3058.53,3339.3585,3089.075167,-8.784431,-0.993734,2.998537,8.478561,10.372113,12.864663,11.630097,-2.819655
2009-09-28,2972.64,3332.656667,3093.185917,-11.431934,-3.975115,7.323776,12.770607,14.469165,16.352393,15.568316,-0.011774
2009-09-29,2972.29,3326.52,3096.974417,-11.259401,-4.109294,8.234416,12.536637,15.016843,18.010757,16.202995,1.093769
2009-09-30,3004.8,3320.728833,3100.385,-9.997328,-3.131529,7.52512,10.794902,14.230536,17.394436,15.292865,4.886515
2009-10-09,3163.71,3316.852333,3104.611583,-4.727085,1.885678,2.435558,7.591953,9.615434,11.103297,10.092897,-0.38183
2009-10-12,3151.63,3312.741,3108.567917,-4.985616,1.375764,5.480024,8.003514,10.363961,12.297495,10.920064,1.487802
2009-10-13,3198.52,3310.032833,3112.830667,-3.426991,2.715571,5.446831,3.568495,9.115418,10.192711,9.543789,0.902918
2009-10-14,3227.4,3306.243667,3117.333083,-2.413584,3.4699,4.302221,3.109422,7.98482,7.28984,8.56355,0.379253
2009-10-15,3239.64,3302.016,3122.241,-1.907098,3.69112,3.269781,0.228468,7.72979,7.160744,8.153375,0.063896
2009-10-16,3241.71,3297.6905,3126.691333,-1.712141,3.61256,5.156395,1.185525,8.199632,7.152023,8.545181,0.164728
2009-10-19,3329.16,3294.513,3132.139,1.046166,6.100386,2.52349,1.893552,8.535493,5.997065,8.910356,-2.466388
2009-10-20,3377.57,3290.953833,3138.816417,2.597907,7.331072,-1.878336,1.698558,7.162148,1.281731,7.424865,-3.864317
2009-10-21,3369.28,3288.111333,3145.28075,2.438573,6.879592,-1.192799,2.480206,7.459694,2.918171,7.744978,-3.627778
2009-10-22,3347.32,3283.784667,3151.734333,1.916341,6.020714,-3.041313,3.435634,8.449376,3.965931,8.816606,-2.995531
2009-10-23,3413.25,3279.806,3159.234,3.988064,7.733532,-3.97087,2.023482,6.184593,2.529232,6.714715,-4.86926
2009-10-26,3414.24,3275.584,3166.69825,4.145875,7.526544,-0.629938,2.360447,7.101256,2.694291,7.359471,-4.896844
2009-10-27,3314.72,3268.4355,3172.6095,1.406173,4.381872,3.576894,5.546923,6.803346,2.37627,10.582794,-2.0415
2009-10-28,3329.33,3261.327333,3178.496167,2.063681,4.63629,3.673005,4.875398,8.635963,2.352177,10.097527,-2.471368
2009-10-29,3247.05,3256.136333,3182.93575,-0.279443,1.994293,6.476947,7.501322,7.094207,3.603762,12.88739,1.026162
2009-10-30,3280.37,3250.228833,3187.547083,0.923082,2.870454,5.994351,7.014107,3.066182,1.441831,11.740749,3.113673
2009-11-02,3392.8,3244.531833,3192.778917,4.468447,6.076387,2.990385,6.641941,3.443617,-4.521839,8.037904,-0.303289
2009-11-03,3435.43,3238.671833,3198.3485,5.897878,7.150752,1.970029,5.46359,3.585156,-7.143826,6.697269,-1.540419
2009-11-04,3453.89,3233.1265,3203.887417,6.605151,7.513624,1.202393,4.979488,4.069077,-7.42993,6.127005,-2.066655
2009-11-05,3464.32,3228.516167,3210.04575,7.049372,7.623118,1.024375,5.013742,3.588093,-7.80664,5.807489,-2.361502
2009-11-06,3483.02,3225.5145,3215.832917,7.680726,7.981334,1.019755,4.161111,4.504228,-9.963733,5.239419,-2.885714
2009-11-09,3495.79,3224.526167,3221.5145,8.077337,8.17078,3.651557,4.740809,4.831342,-10.536719,4.949954,-3.240469
2009-11-10,3503.78,3223.846833,3227.441,8.326707,8.215282,3.493561,1.256423,3.374152,-8.113736,4.710627,-3.461119
2009-11-11,3495.67,3222.835,3233.270583,8.126365,7.803087,3.777095,3.760565,1.668372,-8.251644,4.953557,-3.237148
2009-11-12,3499.99,3224.544833,3239.01575,8.196831,7.749061,3.989368,-0.407114,2.183144,-10.437719,4.824014,-3.356581
2009-11-13,3518.72,3225.843167,3244.671083,8.690292,8.10833,3.141356,-3.947925,1.587348,-11.03806,4.26604,-3.87101
2009-11-16,3625.8,3230.532167,3251.445583,11.542807,10.897526,1.089253,-3.198325,-0.36057,-13.459892,1.186773,-6.709967
2009-11-17,3628.35,3238.666833,3258.765083,11.361623,10.742968,-2.237139,-1.878434,-1.248267,-12.122128,1.115659,-6.775532
2009-11-18,3630.23,3246.304167,3266.178,11.177884,10.567551,-0.016529,-0.91041,-1.933324,-11.979043,1.063294,-6.82381
2009-11-19,3642.44,3256.768667,3273.592333,11.191829,10.676583,-4.396482,-1.425649,-4.557839,-11.360502,0.724514,-7.13615
2009-11-20,3631.01,3264.879,3281.186083,10.628814,10.130588,-7.089281,0.343117,-6.816778,-11.599519,1.041583,-6.843826
2009-11-23,3665.51,3272.577167,3288.734417,11.338968,10.846466,-4.287577,0.090533,-7.618666,-13.624489,0.090574,-7.720617
2009-11-24,3548.08,3277.885167,3294.48225,7.920816,7.415759,0.358705,2.117729,-7.080676,-8.945152,3.403249,-6.83581
2009-11-25,3629.63,3286.5485,3300.853333,9.929279,9.494969,-0.893881,-2.092194,-8.421436,-9.759594,1.08,-8.929009
2009-11-26,3485.77,3291.7715,3305.4065,5.72631,5.312951,2.970833,2.590259,-1.356058,-6.033653,5.251637,-5.17045
2009-11-27,3382.51,3295.541667,3308.9795,2.604749,2.19782,7.432398,5.535273,1.24192,-1.732281,8.46472,-2.275529
2009-11-30,3511.67,3303.289833,3313.749167,6.117282,5.801148,4.37811,2.837755,-0.951067,-5.876897,4.475364,-5.869857
2009-12-01,3560.83,3315.465833,3318.852083,7.139553,7.03747,1.759024,0.630166,-1.701929,-6.5497,3.033001,-7.169396
2009-12-02,3597.33,3328.026333,3324.1585,7.781247,7.897534,-1.198312,-1.022913,-1.075163,-10.136154,1.987585,-8.111294
2009-12-03,3590.88,3339.692167,3329.16925,7.251866,7.56745,-0.380574,-3.13219,-0.424193,-9.674372,2.170777,-7.946242
2009-12-04,3643.49,3349.551,3334.851417,8.411571,8.851389,-1.897124,-7.159895,-3.016365,-10.321622,0.695487,-9.275447
2009-12-07,3668.83,3359.4125,3341.205917,8.81067,9.354102,-1.540355,-7.709199,-2.897808,-10.417616,-1.22137,-9.902067
2009-12-08,3624.02,3368.076,3346.687833,7.324225,7.961276,-1.128858,-9.198406,-2.29686,-9.9835,-0.310981,-8.788031
2009-12-09,3554.48,3374.467833,3351.631667,5.197115,5.876149,0.175399,-6.329242,-2.363352,-8.136891,1.63934,-7.003556
2009-12-10,3577.24,3380.84,3356.35375,5.646735,6.373636,-2.751616,-3.946316,-2.75219,-10.114085,0.992665,-7.595241
2009-12-11,3575.02,3387.7085,3360.667,5.381704,6.18313,-5.262771,-4.293353,-2.634957,-11.609007,1.055379,-7.53786
2009-12-14,3612.75,3393.952167,3365.106583,6.247418,7.100962,-6.168844,-3.788821,-2.177859,-12.007859,-0.814061,-8.503495
2009-12-15,3583.34,3398.784667,3369.27975,5.287741,6.159633,-8.069548,-2.332095,-4.63215,-9.030728,-0.213767,-7.752544
2009-12-16,3560.72,3403.086,3373.25325,4.52801,5.408514,-6.504641,-0.05225,-2.608199,-8.59223,0.42014,-7.166528
2009-12-17,3480.15,3406.7845,3376.248417,2.130651,3.031024,-1.194701,2.707997,0.074394,-5.501223,2.744997,-5.017312
2009-12-18,3391.74,3407.9785,3378.53025,-0.477624,0.390229,0.969417,4.14353,3.161417,-2.662394,5.423175,-2.541468
2009-12-21,3396.62,3411.260667,3380.76525,-0.43011,0.467873,2.380022,4.811391,3.211701,-3.628892,5.271711,-2.681489
2009-12-22,3305.54,3412.876333,3381.811667,-3.195559,-2.281171,5.737453,6.901546,2.6536,-0.877219,8.172341,0.936004
2009-12-23,3336.48,3416.3005,3383.228417,-2.364188,-1.391405,6.452391,3.96589,2.137649,-3.270361,7.169232,1.73686
2009-12-24,3438.82,3422.613,3384.90275,0.472409,1.580321,3.902698,1.194126,-2.134388,-4.881052,3.979854,-2.111771
2009-12-25,3424.78,3428.343833,3386.089583,-0.104006,1.13615,3.174112,1.658396,-2.866271,-1.953088,4.406122,-2.825583
2009-12-28,3478.43,3435.342167,3387.350333,1.246451,2.653304,2.431369,1.610963,-7.014389,-3.264504,2.795802,-6.774033
2009-12-29,3500.74,3444.143833,3388.40025,1.629903,3.261647,1.164093,-2.300055,-9.027054,-4.532534,2.14069,-8.631604
2009-12-30,3558.86,3453.92,3390.22,2.993045,4.854545,-2.486501,-2.555949,-10.423844,-4.803824,0.472623,-10.123747
2009-12-31,3575.68,3463.434667,3392.08175,3.189459,5.271155,-2.708572,-2.633603,-10.97054,-4.82205,-0.325532,-10.546525
2010-01-04,3535.23,3469.626667,3393.2395,1.873136,4.099329,-1.515716,-0.982113,-11.451596,-3.748937,0.81494,-10.82023
2010-01-05,3564.04,3476.500167,3394.620583,2.486864,4.870274,-0.820406,-1.59969,-12.470254,-5.096492,-0.625975,-11.724055
2010-01-06,3541.73,3482.220333,3396.126583,1.694519,4.197977,-3.464148,-4.247946,-9.191029,-5.662857,-0.192279,-11.167989
2010-01-07,3471.46,3486.288,3396.265833,-0.426231,2.189871,-0.069447,-1.828241,-7.556664,-2.694514,1.828049,-9.369833
2010-01-08,3480.13,3490.296167,3396.156083,-0.291694,2.442542,0.074969,-3.328514,-9.868673,-3.766761,1.574366,-9.595619
2010-01-11,3482.05,3494.301833,3395.996167,-0.351239,2.502406,0.533603,-4.524667,-9.990451,-2.628403,1.518358,-9.645467
2010-01-12,3534.92,3497.731167,3396.122083,1.057615,4.005645,-0.779284,-8.625351,-10.921463,-3.782466,-0.776255,-10.996854
2010-01-13,3421.14,3498.457333,3394.705583,-2.234828,0.775679,-0.783798,-6.726999,-6.241711,-0.779673,2.52372,-8.036795
2010-01-14,3469.05,3500.120167,3394.11575,-0.891652,2.183751,-1.758793,-7.867895,-7.437521,-3.303267,1.107796,-9.306871
2010-01-15,3482.74,3502.377167,3393.080917,-0.562259,2.608101,-3.403483,-8.336937,-6.877058,-9.206456,0.71036,-9.663368
2010-01-18,3500.68,3503.834333,3391.820167,-0.090066,3.159054,-5.058271,-10.469483,-7.944158,-9.816312,0.194248,-10.126318
2010-01-19,3507.48,3505.388333,3390.486167,0.059652,3.392451,-7.846068,-10.870563,-9.217524,-8.034972,-2.819973,-10.300558
2010-01-20,3394.43,3506.716833,3387.576167,-3.254437,0.202118,-5.943202,-4.943083,-4.518076,-5.850391,0.416565,-7.313157
2010-01-21,3408.57,3508.0375,3384.682417,-2.876392,0.703277,-6.109102,-5.728423,-3.475808,-6.627193,-1.243043,-7.697656
2010-01-22,3366.2,3510.023333,3383.079833,-4.183817,-0.500198,-4.933455,-6.540159,-2.543207,-5.942221,-1.134514,-6.535856
2010-01-25,3328.01,3510.817333,3380.523083,-5.347434,-1.565593,-5.411213,-5.465784,-0.10793,-6.826319,-0.107872,-5.463325
2010-01-26,3242.8,3508.317333,3376.424583,-7.869938,-4.038018,-3.024496,-2.296112,2.088559,-4.589025,2.516961,-2.979215
2010-01-27,3198.57,3504.369667,3371.52075,-9.130683,-5.266007,1.000119,0.485288,4.179283,-4.426931,4.267845,-1.637607
2010-01-28,3206.57,3500.247667,3366.687083,-8.76319,-4.872737,0.380679,0.430375,1.362854,-4.438457,4.007709,-1.883009
2010-01-29,3204.16,3495.911667,3362.213917,-8.714422,-4.81497,-1.606704,1.45988,1.720361,-5.937527,4.085938,-1.809211
2010-02-01,3152.71,3490.4065,3357.9605,-10.17558,-6.30714,-0.054571,2.525326,4.14634,-3.759309,5.784547,-0.206806
2010-02-02,3146.19,3484.579833,3354.553,-10.215528,-6.412633,0.728384,1.65304,4.950445,-8.256481,6.00377,0.152565
2010-02-03,3230.72,3480.028833,3351.937833,-7.433556,-3.683361,-0.514831,0.425007,1.504388,-13.003189,3.23024,-2.467871
2010-02-04,3218.8,3475.414333,3349.124667,-7.670509,-3.96904,0.049696,2.252615,1.783125,-11.880607,3.612526,-2.106686
2010-02-05,3153.09,3469.632667,3347.08875,-9.56658,-5.970801,3.066584,3.996951,2.506778,-11.847069,5.771798,-0.066601
2010-02-08,3150.99,3463.503833,3344.6735,-9.456406,-5.965239,2.579897,5.357853,1.016401,-11.16325,5.842291,0.577596
2010-02-09,3169.19,3455.893667,3343.212917,-8.660505,-5.345626,0.924656,4.384671,1.091463,-9.328931,5.234461,0.441438
2010-02-10,3214.13,3448.99,3343.828417,-7.052472,-3.955967,0.939838,3.693995,1.843133,-11.393482,3.763071,-0.962936
2010-02-11,3220.4,3442.1595,3344.231833,-6.659346,-3.773145,2.20292,0.932479,1.453489,-17.081676,3.561048,-1.155757
2010-02-12,3251.28,3435.640167,3346.204417,-5.515451,-2.877793,0.930367,0.260481,1.30144,-15.97142,2.577446,-2.09456
2010-02-22,3233.34,3429.012333,3346.945667,-5.875661,-3.453253,2.777956,1.621014,2.120346,-15.749906,3.146591,-1.551337
2010-02-23,3198.63,3421.231,3346.904083,-6.727783,-4.531317,3.460015,3.297406,2.376931,-15.987992,4.265889,-0.483019
2010-02-24,3244.48,3416.171,3347.028083,-5.156524,-3.111772,2.754158,1.079381,0.987257,-15.854469,2.792435,-1.889363
2010-02-25,3292.13,3410.546,3348.54725,-3.533762,-1.699182,-1.270441,-0.46949,-1.932202,-13.601441,1.304626,-3.309408
2010-02-26,3281.67,3407.144333,3349.457917,-3.752206,-2.044608,-0.669887,-1.490173,-0.203457,-15.37668,1.627525,-3.001216
2010-03-01,3324.42,3406.176167,3350.858917,-2.429508,-0.792148,-1.156943,-4.341453,1.021113,-16.670959,1.026344,-4.248561
2010-03-02,3311.24,3402.835667,3353.06275,-2.728636,-1.255144,-0.162609,-3.293208,1.661326,-14.650811,1.675203,-3.867433
2010-03-03,3335.08,3399.073167,3357.2695,-1.900613,-0.663133,-1.674776,-1.850862,0.315237,-15.707242,0.948403,-4.554613
2010-03-04,3250.57,3393.293833,3360.660083,-4.297072,-3.330704,0.80095,0.52101,4.257166,-15.880684,4.349083,-2.073175
2010-03-05,3259.76,3387.775167,3363.733667,-3.851984,-3.139799,-0.820286,1.040959,4.428129,-17.217856,4.527634,-2.349253
2010-03-08,3286.18,3381.82,3365.6855,-2.868823,-2.390586,-3.18451,0.499332,3.55632,-17.539044,3.68726,-3.134338
2010-03-09,3305.86,3375.7705,3367.5915,-2.092694,-1.850115,-3.130599,-0.920475,2.423316,-18.917041,3.070003,-3.710986
2010-03-10,3279.69,3370.031667,3369.053833,-2.717324,-2.688304,-0.176086,-0.092124,2.023783,-17.819008,3.892441,-2.942656
2010-03-11,3276.71,3365.402167,3369.935,-2.67076,-2.805359,-0.27994,-1.462712,3.079025,-19.517454,3.986926,-2.854387
2010-03-12,3233.13,3359.667,3370.2535,-3.839115,-4.153726,1.861246,1.286716,3.595133,-18.044341,5.388586,-1.544943
2010-03-15,3183.18,3353.136333,3370.422417,-5.201543,-5.715739,3.683842,5.362566,6.345647,-13.466388,7.042329,0.65312
2010-03-16,3203.97,3346.323333,3370.13775,-4.347156,-5.056295,2.210123,4.954534,6.047535,-15.278248,6.34775,0.785276
2010-03-17,3273.92,3341.166333,3369.9755,-2.03319,-2.891743,0.083962,2.166099,3.618905,-17.116687,4.075542,-1.368085
2010-03-18,3267.55,3336.280167,3369.683083,-2.0816,-3.077823,-1.182772,3.736156,2.680765,-17.508669,4.278435,-1.175805
2010-03-19,3293.87,3333.1755,3369.98,-1.186229,-2.284364,-0.57453,3.38717,-3.630839,-20.023092,3.445188,-3.565714
2010-03-22,3302.63,3331.690333,3369.834417,-0.876066,-2.014449,1.678723,3.056987,-3.992501,-17.203081,3.170806,-3.91385
2010-03-23,3275.57,3329.672833,3370.46675,-1.638215,-2.855934,2.744411,3.343791,-1.194379,-16.270374,4.023117,-3.120068
2010-03-24,3276.67,3329.191667,3371.034,-1.590187,-2.839186,2.082138,2.115907,-2.319572,-17.214061,3.988195,-3.152591
2010-03-25,3229.13,3327.4025,3371.8515,-2.997922,-4.324925,4.918928,4.541737,-1.219183,-15.788828,5.519134,-1.726781
2010-03-26,3275,3324.672167,3373.642583,-1.50532,-2.967518,3.961699,2.308417,-3.195557,-17.971488,4.041221,-3.145038
2010-03-29,3358.54,3323.568167,3375.956,1.04674,-0.517219,1.378264,0.983081,-7.739501,-21.2059,1.45331,-7.447581
2010-03-30,3366.71,3321.706167,3378.524167,1.345745,-0.350297,0.599381,1.093001,-8.33891,-26.149851,1.207113,-8.000689
2010-03-31,3345.61,3319.120667,3381.63225,0.794915,-1.070947,0.03377,1.452806,-8.921452,-26.644328,1.845403,-8.535065
2010-04-01,3391.94,3316.338667,3385.129333,2.254067,0.200992,-0.377191,-1.055391,-10.058477,-29.473729,0.454312,-9.784371
2010-04-02,3407.35,3313.533167,3388.483917,2.791982,0.555226,-1.653282,-7.018009,-12.086017,-29.609632,-0.064566,-11.384214
2010-04-06,3405.15,3311.365167,3390.495917,2.792845,0.431279,-0.395182,-7.049488,-11.461968,-30.395102,-0.042289,-11.326961
2010-04-07,3386.95,3308.413667,3392.456917,2.346099,-0.16246,0.49362,-4.53817,-15.630242,-27.879038,0.49484,-14.469951
2010-04-08,3346.74,3305.163833,3393.692083,1.250069,-1.39317,1.419036,-4.435479,-16.531361,-26.001131,1.702254,-15.237216
2010-04-09,3379.17,3303.625667,3394.956833,2.260956,-0.466093,-0.6782,-5.76092,-16.742757,-27.142337,0.726214,-16.050687
2010-04-12,3351.48,3301.4815,3395.888833,1.503073,-1.316349,-5.364726,-5.503974,-17.948981,-23.593734,1.558416,-16.430353
2010-04-13,3391.72,3299.976,3397.138917,2.742197,-0.159641,-6.654305,-8.722583,-18.525298,-23.693182,0.353508,-17.421839
2010-04-14,3403.71,3297.789167,3397.760167,3.161372,0.174957,-5.03179,-9.431911,-16.467929,-25.613844,-0.268531,-17.712731
2010-04-15,3394.57,3297.346333,3397.901833,2.905909,-0.098104,-5.854515,-10.374257,-16.85552,-24.625612,-1.126505,-17.49117
2010-04-16,3356.33,3295.467667,3397.793917,1.830003,-1.227826,-5.08272,-9.003086,-21.21593,-25.20651,-3.564906,-19.116416
2010-04-19,3176.42,3290.362333,3396.36975,-3.524291,-6.695236,-0.139247,-5.068008,-13.642021,-19.405865,1.897104,-14.535231
2010-04-20,3173.37,3284.907167,3394.37075,-3.454428,-6.732428,-2.068277,-4.41248,-13.877751,-16.80561,1.99504,-14.453089
2010-04-21,3236.68,3280.393833,3392.891083,-1.341537,-4.713427,-4.400121,-11.092072,-17.170544,-16.60429,-1.08568,-16.126401
2010-04-22,3201.54,3277.179,3391.947917,-2.335105,-5.777242,-4.519742,-12.095881,-14.522154,-15.300241,-0.360452,-15.205807
2010-04-23,3190,3273.536167,3390.786833,-2.584988,-6.104108,-3.920366,-10.981836,-10.450056,-13.710607,-0.564263,-14.89906
2010-04-26,3172,3270.2995,3390.161417,-3.051927,-6.651523,-4.928761,-12.445007,-11.977667,-12.721737,-2.004729,-14.416141
2010-04-27,3108.41,3266.6395,3388.728417,-4.965044,-8.634341,-2.344203,-9.802715,-9.95257,-10.055326,-0.355809,-12.665318
2010-04-28,3097.35,3264.215333,3386.266333,-5.24725,-8.918103,-6.691952,-7.036018,-7.973228,-10.245723,-0.968247,-12.353463
2010-04-29,3060.06,3261.906833,3383.13825,-6.387742,-10.036923,-7.576139,-6.481263,-7.101027,-6.631304,0.238557,-11.2854
2010-04-30,3067.36,3259.586667,3379.917167,-6.078314,-9.703395,-7.06147,-12.212844,-10.079373,-6.37286,-1.009663,-11.496531
2010-05-04,3019.45,3256.508167,3376.209917,-7.558081,-11.167906,-7.516246,-8.574013,-9.559968,-5.116344,0.561029,-10.092235
2010-05-05,3036.39,3254.5695,3372.488,-6.93907,-10.498144,-7.458512,-9.465271,-9.633396,-4.002106,-4.59526,-10.59383
2010-05-06,2896.86,3250.414,3367.496917,-11.515498,-15.054232,-0.344067,-6.078472,-5.710115,-1.072053,-0.343475,-6.287497
2010-05-07,2836.79,3243.8485,3361.938667,-13.40873,-16.984466,1.094876,-2.426273,-3.31143,1.387681,1.766786,-4.303103
2010-05-10,2858.23,3237.839,3356.626667,-12.470358,-16.073395,-5.151373,0.531781,-5.853722,-0.259237,1.003418,-5.685687
2010-05-11,2800.82,3231.967833,3350.80025,-14.317896,-17.928697,-1.057767,0.467341,-3.690493,3.399128,3.073743,-3.752472
2010-05-12,2818.16,3226.420667,3344.96225,-13.528918,-17.137122,-2.006759,-0.149855,-1.286737,3.489651,2.439535,-4.344679
2010-05-13,2886.91,3221.716,3338.804833,-10.972741,-14.542618,-5.734406,-0.937209,-4.857854,-1.897759,-0.46555,-6.622652
2010-05-14,2868.02,3215.9475,3332.46875,-11.450013,-15.00915,-3.521149,-0.619764,-3.880072,-0.622922,0.190027,-6.007629
2010-05-17,2714.72,3207.5195,3324.8395,-16.680908,-20.273258,5.683154,2.133471,1.026496,3.676711,5.847749,-0.699888
2010-05-18,2771.35,3199.520667,3317.580417,-14.366644,-17.990116,1.525107,-0.985955,-2.750232,2.99299,3.684847,-2.728995
2010-05-19,2762.17,3191.667833,3310.340083,-14.452701,-18.103433,1.856903,-0.168125,0.667171,5.627909,4.029441,-2.405717
2010-05-20,2726.02,3183.791,3302.511,-15.522996,-19.184042,4.797196,0.368357,2.094549,7.634552,5.408985,-1.111511
2010-05-21,2768.79,3175.862833,3296.016917,-13.716895,-17.430434,2.901385,-0.885157,-0.372335,5.910082,3.780713,-2.639059
2010-05-24,2873.47,3168.885167,3289.715583,-9.785948,-13.528075,-3.549684,-6.385503,-4.119589,2.811365,-0.469467,-6.185901
2010-05-25,2813.94,3161.089667,3284.117,-11.633116,-15.451218,-2.511062,-4.157834,-2.798265,2.954907,1.63614,-4.201227
2010-05-26,2813.94,3152.581667,3279.378917,-11.363606,-15.306841,-2.025028,-1.136882,-3.513828,2.881044,1.63614,-4.201227
2010-05-27,2859.98,3145.060667,3273.948167,-9.501855,-13.518202,-4.428839,-3.920645,-9.837714,1.796712,-0.338464,-9.369296
2010-05-28,2850.3,3136.981,3268.027083,-9.583662,-13.676221,-3.786542,-3.260308,-10.621849,-0.255738,-2.335894,-10.077185
2010-05-31,2773.26,3129.025833,3261.159833,-12.06982,-16.205939,-2.835819,-1.106975,-9.335879,2.732705,0.377173,-8.913337
2010-06-01,2744.16,3120.4325,3254.103833,-12.84966,-17.04419,-1.646772,-1.764277,-7.963647,4.084648,1.441607,-7.947423
2010-06-02,2757.53,3111.621667,3246.720833,-12.080868,-16.331016,0.888147,0.835296,-9.299738,5.55379,0.949763,-8.880411
2010-06-03,2736.08,3102.125333,3238.947917,-12.556123,-16.872232,0.508195,1.726192,-6.538681,5.928389,1.741177,-8.166062
2010-06-04,2744.39,3093.203667,3231.617667,-11.964851,-16.342401,0.526235,0.512823,-6.15834,4.963326,1.433105,-8.444135
2010-06-07,2695.72,3083.5205,3224.461333,-13.440663,-17.910058,1.728844,2.265914,-4.545858,8.03942,3.264434,-6.791136
2010-06-08,2699.34,3074.624,3217.1455,-13.017532,-17.548718,-0.117505,1.359569,-1.95426,7.864823,3.125949,-6.916135
2010-06-09,2782.13,3067.939833,3210.538083,-9.778945,-14.322173,-0.052851,-2.376947,-3.881147,6.705747,0.05715,-9.686104
2010-06-10,2750.02,3060.374,3203.348667,-10.692895,-15.258854,1.217998,-5.917069,-4.288061,8.13582,1.225446,-8.631574
2010-06-11,2758.87,3051.789833,3196.478083,-10.090707,-14.722843,-0.013412,-7.361542,-3.89002,7.742758,0.900731,-8.924668
2010-06-17,2742.73,3043.042833,3189.6615,-10.390417,-15.096102,0.53707,-8.228904,-5.017076,6.483973,1.494496,-8.388722
2010-06-18,2696.17,3033.081167,3183.128333,-11.774674,-16.603222,1.477074,-6.19937,-3.013612,8.40401,3.247199,-6.806692
2010-06-21,2780.66,3024.381667,3178.036,-8.401835,-13.357509,-2.324095,-10.135034,-3.59503,6.328444,0.110046,-9.638359
2010-06-22,2783.72,3016.184167,3172.9285,-8.020435,-13.086682,-7.135067,-8.264873,-1.528295,6.309224,-0.905982,-9.737689
2010-06-23,2758.5,3007.548,3168.369833,-8.643808,-13.853015,-7.348129,-6.671163,-0.405752,5.456165,-0.036252,-8.912452
2010-06-24,2757.5,2999.6875,3163.545,-8.418364,-13.736876,-8.765974,-6.811772,0.859038,3.572413,0.862738,-8.87942
2010-06-25,2736.29,2990.709,3157.690583,-8.890749,-14.323794,-7.676444,-3.313829,2.054194,4.469754,2.075438,-8.17311
2010-06-28,2716.78,2980.013,3151.790583,-9.248031,-14.852337,-7.810938,-1.5042,3.411072,4.781199,3.469917,-7.513674
2010-06-29,2592.02,2967.1015,3144.403833,-13.514806,-19.318682,-1.129806,1.629008,7.565218,9.750262,8.450166,-3.062091
2010-06-30,2563.07,2954.059167,3136.589917,-14.197445,-20.193044,0.676967,3.471522,11.091572,12.523796,11.730074,-1.967172
2010-07-01,2526.07,2939.628,3127.983333,-15.161831,-21.372376,1.954202,3.211828,13.042392,13.144148,13.931126,-0.53126
2010-07-02,2534.1,2925.073833,3119.3035,-14.348118,-20.77712,4.362616,3.185758,12.407271,12.614804,13.570104,-0.846454
2010-07-05,2512.65,2910.198833,3110.782,-14.688343,-21.353617,6.306738,6.540004,14.931027,15.556367,16.103317,1.999881
2010-07-06,2562.9,2896.464667,3102.439167,-12.235148,-19.10492,2.758814,6.736579,11.176743,17.210857,13.826915,0.508018
2010-07-07,2580.48,2883.693667,3094.42875,-11.109657,-18.162789,2.794555,6.26541,10.857451,19.398367,13.051448,-0.176711
2010-07-08,2575.92,2870.306167,3086.965917,-10.821195,-18.098195,1.257626,7.67081,10.140343,20.838566,13.251576,1.265567
2010-07-09,2647.1,2858.5665,3080.024,-7.685557,-15.147269,-1.176857,5.368023,9.043881,19.516482,10.206263,-1.457444
2010-07-12,2676.22,2846.6415,3073.30875,-6.173453,-13.83494,0.233266,4.915273,8.657534,18.62609,9.043352,-2.529687
2010-07-13,2634.59,2833.822833,3065.806,-7.289905,-15.158293,3.977764,5.93621,7.248157,23.354779,10.766381,-0.989528
2010-07-14,2653.61,2821.4735,3059.409917,-6.133829,-14.230108,3.470855,7.62005,7.14717,21.986642,9.972453,-1.699195
2010-07-15,2608.52,2809.01,3052.238833,-7.40491,-15.709235,6.413184,9.830565,7.667291,25.781081,11.873399,0.291736
2010-07-16,2616.13,2799.671833,3045.017083,-6.780608,-15.181038,6.54488,9.221513,8.756834,26.116124,11.547974,2.535807
2010-07-19,2682.47,2791.490167,3038.198667,-3.983755,-12.452678,4.682007,8.391024,8.555768,22.956546,8.932439,2.200584
2010-07-20,2741.5,2783.237167,3031.8155,-1.510948,-10.06564,1.958446,4.440165,7.068297,20.897397,7.324093,0.212657
2010-07-21,2747.33,2775.667,3026.423,-1.026155,-9.675186,4.149195,4.592041,6.688169,23.671306,7.096344,1.236109
2010-07-22,2781.29,2768.855167,3021.195667,0.448091,-8.273782,3.417381,2.469533,6.071916,22.010942,6.260045,0.423904
2010-07-23,2793.08,2762.539833,3016.419667,1.099444,-7.692566,2.676632,3.675859,3.698978,19.776809,5.811506,0.094519
2010-07-26,2811.05,2757.583833,3012.111667,1.920321,-6.90833,3.709017,3.742262,2.9838,18.953771,5.135092,-0.545348
2010-07-27,2795.72,2752.556667,3008.386,1.55595,-7.331405,2.481719,1.311946,4.069207,18.978012,5.711588,0.739344
2010-07-28,2863.72,2749.284333,3005.595583,4.078084,-4.835427,0.442846,-0.47288,-0.725461,19.289729,3.20143,-1.652745
2010-07-29,2877.98,2746.128,3002.857333,4.689674,-4.247562,-0.947848,-2.163274,-0.973809,18.508415,2.690081,-2.140043
2010-07-30,2868.85,2743.618,3000.063083,4.463377,-4.472206,0.999226,-0.464678,-0.358975,17.582871,3.016888,-1.828607
2010-08-02,2917.27,2741.632667,2998.101083,6.209464,-2.733087,0.033245,0.164744,-0.0775,17.652771,1.307044,-3.458028
2010-08-03,2865.97,2741.117833,2995.765917,4.454106,-4.429307,-1.169772,2.628133,1.290327,20.578137,3.120409,-1.729955
2010-08-04,2876.43,2741.7785,2992.8135,4.794314,-3.966397,-0.915727,2.096128,0.264215,20.999476,2.745417,-2.08731
2010-08-05,2850.83,2741.655167,2989.747083,3.904837,-4.757862,-1.215426,3.602383,2.444935,21.197234,3.668055,-1.208069
2010-08-06,2897.66,2743.269167,2987.6185,5.475318,-3.057307,-1.463905,0.023119,0.775202,18.860514,1.992642,-2.804677
2010-08-09,2918.24,2744.937167,2985.678917,6.122251,-2.284647,0.1315,-0.758461,1.92936,18.462964,1.948092,-3.490117
2010-08-10,2832.64,2744.032667,2982.874333,3.178052,-5.167824,3.797905,2.757261,5.175724,15.02345,5.312006,-0.57367
2010-08-11,2850.21,2743.735833,2979.841667,3.807224,-4.447749,3.011854,-0.252581,4.485608,15.103176,4.662814,-1.186579
2010-08-12,2816.39,2745.430333,2976.474917,2.551809,-5.528376,4.817808,1.189465,3.833758,11.813054,5.919635,0.945537
2010-08-13,2855.55,2746.833667,2973.177167,3.881561,-4.036667,1.487024,0.105703,2.660788,8.339814,4.46709,-0.438795
2010-08-16,2922.08,2749.498833,2970.583333,6.087704,-1.646265,-0.889961,-0.242244,1.367705,7.445893,2.088581,-2.705607
2010-08-17,2942.29,2753.103333,2968.447167,6.645943,-0.885079,-1.040644,-1.337806,0.769222,7.733131,1.387355,-3.373903
2010-08-18,2937.36,2755.912833,2965.887833,6.376249,-0.966521,-3.264435,-1.831913,-0.826252,7.683217,1.557521,-3.211728
2010-08-19,2955.4,2757.278333,2963.08175,6.938992,-0.259585,-3.628343,-1.157448,-3.358541,5.008156,0.937606,-3.802531
2010-08-20,2898.33,2758.684833,2959.88725,4.938065,-2.101647,-1.381321,0.752082,-1.283418,9.181524,2.925133,-1.90834
2010-08-23,2896.19,2760.055667,2956.318667,4.814523,-2.054872,0.647717,2.687821,-1.613674,10.706544,3.001184,-1.83586
2010-08-24,2911.83,2760.919833,2952.99025,5.321785,-1.403655,-0.297162,2.418463,-1.884163,9.275839,2.447945,-2.363119
2010-08-25,2843.02,2760.7985,2948.88975,2.934692,-3.656188,1.432522,4.738188,2.157685,11.516972,4.927507,0.239534
2010-08-26,2850.09,2762.079,2945.552417,3.136692,-3.29458,2.470896,2.644293,1.075564,9.591317,4.667221,-0.009123
2010-08-27,2858.57,2763.985833,2942.209167,3.364772,-2.883922,2.133403,2.555085,0.566509,9.263298,4.356724,-0.305747
2010-08-30,2915.01,2766.6105,2939.116083,5.225033,-0.823563,2.040104,1.609949,0.702839,7.913426,2.336184,-2.236013
2010-08-31,2903.19,2769.395667,2935.7605,4.718101,-1.11564,2.715625,2.107027,4.743786,8.417945,4.858104,-1.837978
2010-09-01,2884.04,2771.723167,2932.463417,3.972288,-1.665074,3.305666,1.005661,8.2767,9.314105,8.628868,-1.186183
2010-09-02,2921.39,2775.484333,2929.502417,5.123426,-0.277305,0.173397,-2.201093,8.253289,9.119752,8.603439,-2.449519
2010-09-03,2920.21,2779.1655,2926.89475,4.950483,-0.228652,0.421682,-2.0355,9.697399,8.266894,10.183172,-2.410101
2010-09-06,2975.09,2782.3815,2925.160667,6.696707,1.692488,-0.430155,-4.301495,8.039196,4.863826,8.371175,-4.210293
2010-09-07,2983.11,2786.266333,2923.320167,6.826391,2.024637,-0.608598,-4.302626,10.930898,5.823203,11.550697,-4.46782
2010-09-08,2980.97,2789.968,2920.878917,6.621862,2.036418,-2.300005,-2.580503,10.353864,8.980354,11.630778,-4.399239
2010-09-09,2926.46,2793.030167,2918.0365,4.666641,0.288254,-2.37449,-1.568728,14.280032,11.083439,15.349945,-2.618522
2010-09-10,2932.55,2796.969833,2915.0255,4.733572,0.599378,-2.457182,-1.988577,14.698501,10.205623,15.83366,-2.820753
2010-09-13,2962.32,2799.9975,2912.189583,5.635422,1.706751,-3.87134,-0.90711,13.033072,8.67168,14.669583,-3.797362
2010-09-14,2965.01,2803.019,2909.601583,5.618335,1.886425,-3.694029,2.636759,13.059878,8.425718,14.56555,-3.884641
2010-09-15,2913.19,2805.597167,2906.572583,3.763229,0.227412,-0.280498,7.271039,17.809389,8.721102,19.493751,-2.174935
2010-09-16,2857.79,2807.268667,2903.478083,1.783659,-1.586076,0.805762,10.454382,19.297567,12.845562,21.81021,-0.278537
2010-09-17,2861.37,2809.353333,2900.031167,1.83462,-1.342095,0.468605,11.732899,17.361249,11.666679,21.657807,-0.403303
2010-09-20,2849.83,2811.570833,2895.791917,1.3516,-1.599928,2.96423,12.34069,17.583645,11.232574,22.150444,0.268437
2010-09-21,2857.48,2815.995167,2891.548333,1.46244,-1.1852,6.330788,15.233525,16.792967,10.156818,21.823425,0.606478
2010-09-27,2905.03,2821.6945,2887.876833,2.910613,0.592214,7.551538,12.934368,17.857506,6.486484,19.829399,-1.040265
2010-09-28,2880.91,2827.6085,2883.61825,1.867492,-0.093963,9.64862,15.848761,18.406659,5.53717,20.832654,-0.211739
2010-09-29,2874.81,2833.287,2879.180417,1.454906,-0.151909,11.264294,16.687078,17.375338,6.302619,21.089046,2.113531
2010-09-30,2935.57,2840.335667,2875.26725,3.29794,2.075602,9.376461,13.940183,17.027432,4.285225,18.582762,3.701496
2010-10-08,3044.23,2848.357833,2872.41125,6.650537,5.809616,8.902737,10.423119,14.544024,2.722894,15.654862,2.912723
2010-10-11,3132.9,2857.564833,2870.62925,9.198929,8.742784,5.38283,10.53835,12.458561,1.796151,13.267899,1.271346
2010-10-12,3172.73,2867.511667,2868.908917,10.114778,10.066063,6.200141,8.843186,10.49901,0.092307,11.84595,1.413609
2010-10-13,3217.58,2877.019667,2867.793083,11.18746,11.508675,5.422784,5.62835,8.387913,-1.817143,10.286924,0.20388
2010-10-14,3224.14,2886.151667,2866.396583,11.074224,11.761055,4.563722,5.242954,8.494409,-1.800148,10.062528,2.543934
2010-10-15,3327.68,2897.703167,2865.763,13.835695,14.944073,1.520382,1.559443,-1.083172,-6.82348,6.637958,-1.077327
2010-10-18,3306.16,2908.579,2865.02625,12.812275,14.320988,5.15552,4.923138,0.263705,-5.637871,7.332071,-0.433433
2010-10-19,3375.67,2921.364833,2865.187417,14.454291,16.396006,2.643045,2.557898,-6.300736,-7.162608,5.121946,-6.106343
2010-10-20,3396.88,2934.377333,2867.024583,14.636208,16.95826,0.205566,0.68826,-9.019476,-7.8227,4.465568,-8.624679
2010-10-21,3374.69,2945.914333,2868.70225,13.588423,16.244372,0.679232,3.087249,-6.954884,-8.753062,5.152473,-8.023848
2010-10-22,3378.66,2956.533667,2869.885417,13.346166,16.320708,0.039061,4.120906,-6.095969,-12.745365,5.028917,-8.131922
2010-10-25,3481.08,2968.762833,2872.214917,15.919728,19.225911,-0.232382,1.920211,-9.29992,-15.620819,1.938766,-10.834856
2010-10-26,3466.08,2980.176,2874.515583,15.104191,18.714011,-0.085147,1.655825,-10.930871,-12.957263,2.379922,-10.44898
2010-10-27,3403.87,2990.355833,2876.447833,12.952063,16.835688,0.482694,2.759563,-6.896307,-14.490268,4.251044,-8.812322
2010-10-28,3397.69,3000.133167,2878.8585,12.443911,16.570193,2.408017,3.251455,-5.263427,-13.001209,4.440664,-8.646463
2010-10-29,3379.98,3009.870833,2881.21375,11.597263,15.965815,4.081844,-2.642615,-5.632965,-13.463175,4.987899,-8.1678
2010-11-01,3473,3020.0255,2884.654917,13.97535,18.561349,2.152593,-4.659433,-8.498218,-16.706848,2.175929,-10.627411
2010-11-02,3463.13,3029.778,2887.953,13.368345,18.162486,1.740972,-8.858634,-9.890906,-15.077649,2.467132,-10.372698
2010-11-03,3420.34,3038.9695,2891.29375,11.822148,16.80359,2.276869,-9.707735,-8.678548,-12.234304,3.749042,-9.251419
2010-11-04,3480.5,3048.356667,2894.994667,13.257331,18.419269,0.843438,-10.042134,-9.816845,-13.639139,1.955753,-10.819997
2010-11-05,3520.8,3059.2705,2900.194167,14.051175,19.391055,-6.72446,-10.216874,-10.869866,-13.48924,0.788741,-11.840775
2010-11-08,3548.57,3070.472833,2906.125667,14.471314,19.97239,-6.812026,-11.220132,-11.421157,-14.249862,-0.693801,-12.530681
2010-11-09,3523.95,3081.6915,2911.673333,13.410389,19.085457,-10.599605,-12.586696,-9.632547,-14.741255,-0.39643,-11.919579
2010-11-10,3499.11,3091.715667,2917.492417,12.378248,18.178416,-11.984604,-9.65587,-9.818418,-11.97655,0.31065,-11.294301
2010-11-11,3509.98,3101.578,2923.257583,12.369933,18.291173,-10.885572,-8.514882,-11.669779,-11.746969,-5.558151,-11.569012
2010-11-12,3291.83,3109.231167,2926.631917,5.706816,11.75914,-3.492414,-2.99035,-4.024523,-2.23294,0.700522,-5.708679
2010-11-15,3314.89,3116.975833,2930.355833,6.156119,12.330058,-4.408105,-3.838785,-1.637214,-2.976695,-1.623885,-6.364615
2010-11-16,3169.54,3122.861667,2934.146,1.483668,7.717003,-1.98709,-1.032273,3.104143,2.461612,3.152823,-2.070647
2010-11-17,3103.91,3127.001,2936.917333,-0.741179,5.53021,2.328734,1.029187,4.526597,4.473314,5.333918,0.105351
2010-11-18,3147.96,3130.765667,2940.13225,0.547703,6.830006,2.37069,0.225289,2.593492,2.010181,3.85996,-1.295442
2010-11-19,3178.85,3134.708333,2943.905833,1.398336,7.678228,0.502064,-0.652992,1.461808,2.456639,2.850716,-2.254589
2010-11-22,3171.94,3138.618,2947.265417,1.056081,7.346563,0.56932,-0.201025,0.211634,-0.263909,3.074774,-2.041653
2010-11-23,3107.18,3141.147667,2949.213,-1.087267,5.217721,0.954818,2.954149,4.478865,2.151018,5.223064,0.521051
2010-11-24,3177.04,3145.792833,2952.238833,0.988399,7.338614,-1.299547,-0.162547,1.201737,0.43656,2.909312,-1.689308
2010-11-25,3223.48,3151.247667,2955.651667,2.266306,8.674236,-2.145401,-3.154897,-1.087644,-0.805474,1.426719,-3.10565
2010-11-26,3194.85,3155.964667,2958.44225,1.224593,7.687728,-1.155056,-1.034172,-1.003184,1.389738,2.335634,-2.237351
2010-11-29,3190.05,3161.7485,2961.2735,0.891139,7.441718,-0.770346,2.201571,-2.872803,2.012189,2.489616,-2.831931
2010-11-30,3136.99,3166.530167,2964.304583,-0.937266,5.662128,1.999331,4.136415,-2.978583,3.332759,4.223157,-2.93466
2010-12-01,3136.02,3171.154333,2967.570083,-1.114118,5.521102,1.136999,3.49741,-2.39417,2.69609,4.255394,-2.904637
2010-12-02,3155.06,3175.155167,2970.882833,-0.634899,6.014835,-1.009497,2.368203,-2.925362,3.598734,3.626238,-3.490583
2010-12-03,3158.16,3179.404667,2974.400167,-0.670439,5.994719,0.120883,2.1148,-0.951264,5.433616,3.524521,-3.585316
2010-12-06,3165.57,3184.096833,2977.91,-0.583555,6.111142,2.971916,0.412659,0.758746,5.28769,3.282189,-3.811004
2010-12-07,3200.34,3188.746,2982.115167,0.362932,7.062422,2.137084,1.524716,-0.774157,4.237238,2.160083,-4.856047
2010-12-08,3171.88,3192.9405,2986.053,-0.661781,6.037202,2.360411,1.364284,-0.386637,3.359822,3.076724,-4.002358
2010-12-09,3123.37,3195.411833,2988.896667,-2.280343,4.400824,3.3777,2.067254,1.375223,3.893597,4.67764,-2.51139
2010-12-10,3161.98,3198.393,2992.329667,-1.145008,5.514618,1.993917,0.030988,-1.715785,3.142409,3.399452,-3.701794
2010-12-13,3261.06,3203.061167,2996.514583,1.794533,8.460249,-2.559257,-5.074374,-4.264361,-1.766475,0.257892,-6.6276
2010-12-14,3269.47,3208.778,3000.904083,1.873771,8.571429,-0.612368,-7.114998,-3.966015,-0.65269,-0.610497,-6.86778
2010-12-15,3247.64,3214.0295,3005.499667,1.040313,7.748475,-0.996126,-5.89158,-3.329822,-1.568443,0.05758,-6.241763
2010-12-16,3230.67,3218.502,3009.24975,0.377351,7.099875,-1.310446,-5.293566,-4.391669,-0.464759,0.583161,-5.749272
2010-12-17,3225.66,3222.846167,3012.932583,0.087271,6.82237,-1.962928,-3.066064,-8.111205,-0.576736,0.739384,-7.790964
2010-12-20,3178.66,3227.270667,3016.433917,-1.517706,5.238441,-2.515117,0.346087,-6.532533,1.384047,2.228927,-6.427551
2010-12-21,3249.51,3233.799333,3020.534,0.484651,7.307058,-6.50263,-2.298873,-6.505258,0.473411,-1.048158,-8.467738
2010-12-22,3215.45,3239.700667,3024.527,-0.751362,6.12126,-4.895454,-1.750922,-8.795698,1.110605,-0.801443,-8.419972
2010-12-23,3188.61,3245.347,3028.458917,-1.763719,5.15312,-3.98312,-0.692031,-6.650138,3.266326,0.033557,-7.649101
2010-12-24,3162.96,3250.438333,3033.21675,-2.728156,4.188461,-1.103136,-1.746773,-6.827026,3.95525,0.844778,-6.900182
2010-12-27,3099.71,3253.683,3037.68875,-4.847903,2.021161,2.861204,0.810012,-5.335827,4.979881,2.90253,-5.19597
2010-12-28,3044.93,3256.416667,3042.012583,-6.71495,0.095858,4.203757,3.148983,-2.20816,6.704611,4.753804,-3.490392
2010-12-29,3061.83,3259.533667,3046.410333,-6.257136,0.504882,3.144532,2.561758,-1.161585,5.13898,4.175607,-4.023084
2010-12-30,3064.1,3261.675833,3051.00575,-6.248723,0.42826,3.291088,0.901896,-0.896932,6.587061,4.09843,-4.094188
2010-12-31,3128.26,3263.076333,3055.717083,-4.219347,2.346265,-0.643638,-5.045141,-1.66811,5.679446,1.963392,-6.061197
2011-01-04,3189.68,3264.022667,3060.79375,-2.303978,4.124632,-2.051192,-6.87862,-3.587451,4.137462,-0.439543,-7.870068
2011-01-05,3175.66,3264.0715,3065.791583,-2.745986,3.520968,-1.054774,-4.206385,-4.334552,5.444734,-0.284665,-7.46333
2011-01-06,3159.64,3263.105833,3070.06275,-3.222135,2.87601,-0.582774,-7.044776,-1.771495,5.354371,0.220911,-6.994151
2011-01-07,3166.62,3262.147167,3074.149417,-2.972085,2.963652,-2.389192,-5.958107,-1.452413,4.933709,-0.766748,-7.199159
2011-01-10,3108.19,3258.489,3078.096083,-4.722303,0.972931,-4.401504,-5.080252,3.507368,8.147437,3.569602,-5.454621
2011-01-11,3124.92,3255.468333,3082.023667,-4.092746,1.382227,-4.827428,-6.145839,2.924881,7.061379,3.015117,-5.960793
2011-01-12,3142.34,3251.5795,3086.472167,-3.417313,1.7939,-3.151611,-5.357143,3.323484,6.66577,3.379329,-6.482112
2011-01-13,3141.28,3247.3195,3090.848417,-3.319953,1.618474,-6.462002,-3.723344,3.276538,6.714393,3.414213,-6.450555
2011-01-14,3091.86,3242.605667,3094.26,-4.760437,-0.077593,-3.568915,-1.798828,3.808358,6.387911,5.067176,-4.95527
2011-01-17,2974.35,3235.867167,3096.200417,-8.427142,-4.015016,-0.678749,3.377031,9.106036,10.261127,9.533512,-1.200262
2011-01-18,2977.65,3227.476667,3098.11975,-8.056622,-3.9661,-1.318411,3.291169,6.05699,10.80379,9.41212,-1.309758
2011-01-19,3044.85,3220.456167,3100.316083,-5.607138,-1.805243,-2.205532,-0.128167,4.17741,8.045265,6.997389,-3.487857
2011-01-20,2944.71,3212.8035,3101.579667,-8.713358,-5.190121,2.738658,5.273281,8.03052,9.851234,10.636022,-0.205793
2011-01-21,2983.46,3205.899667,3103.016417,-7.190906,-3.929098,1.770087,4.505695,6.932308,7.969561,9.199051,-1.501947
2011-01-24,2954.23,3198.803833,3104.337333,-7.95389,-4.956223,4.05578,8.58762,9.219948,8.287712,10.279498,-0.527379
2011-01-25,2938.65,3189.898,3104.96175,-8.203865,-5.50511,4.60958,9.07072,10.220819,7.318487,10.864172,1.353683
2011-01-26,2978.43,3181.819667,3105.798833,-6.605694,-4.187464,2.077365,8.680627,8.519501,6.94769,9.383467,1.61293
2011-01-27,3026.47,3175.255167,3107.112333,-4.799107,-2.629686,2.534622,6.999882,6.251845,5.922598,7.647193,0.339339
2011-01-28,3036.74,3167.859167,3108.107917,-4.227145,-2.322958,2.735608,5.607186,7.421029,2.993848,7.703327,0.138636
2011-01-31,3076.51,3160.454333,3109.862417,-2.691996,-1.078265,4.531841,5.729005,8.05299,1.599678,8.386126,-1.155855
2011-02-01,3077.28,3152.5995,3111.536167,-2.418126,-1.107046,4.461141,2.765821,8.116395,1.423553,8.454869,-1.180588
2011-02-09,3040.95,3144.5495,3113.1205,-3.350067,-2.345563,6.603262,4.305577,9.345946,2.878636,9.79661,2.078627
2011-02-10,3104.16,3137.967,3114.841333,-1.083199,-0.343507,4.465259,2.75724,5.517954,1.568101,7.560822,0.541209
2011-02-11,3120.96,3131.483333,3116.530667,-0.336615,0.142023,2.871579,2.426614,3.970787,0.769868,6.981826,1.365605
2011-02-14,3219.14,3130.271833,3119.7515,2.799439,3.136089,1.197164,0.632327,1.350826,-3.719614,3.719006,-1.725927
2011-02-15,3217.67,3128.6515,3122.813667,2.805541,2.992308,-1.69532,1.150099,-0.426995,-2.82349,3.76639,-1.68103
2011-02-16,3248.53,3129.968,3126.414833,3.717981,3.831566,-2.297685,-0.161126,-0.010159,-4.66521,2.780642,-2.615029
2011-02-17,3245.91,3132.334667,3129.667833,3.561712,3.646887,-1.70802,-0.748036,-1.515159,-4.083599,2.863604,-2.536423
2011-02-18,3211.88,3133.4,3132.082833,2.473776,2.515821,-0.444965,1.813842,0.118552,-2.283111,3.953448,-1.503792
2011-02-21,3257.91,3134.717667,3134.713,3.854677,3.854826,-0.564837,2.323986,-1.571567,-4.304778,2.484722,-2.895415
2011-02-22,3163.58,3134.578333,3136.598167,0.920964,0.856547,2.845418,5.350574,1.859589,-1.335861,5.540558,0.352765
2011-02-23,3174.74,3135.704333,3138.426,1.237192,1.150434,2.136559,5.040369,2.801258,-4.898264,5.169557,0.510278
2011-02-24,3190.94,3135.936,3140.864417,1.738785,1.581749,0.959983,2.760714,1.875783,-5.300123,4.635625,0.193047
2011-02-25,3197.62,3135.505,3143.376333,1.961654,1.71093,2.258807,1.544173,2.984156,-6.701969,4.417035,-0.016262
2011-02-28,3239.56,3136.250167,3146.107417,3.240965,2.927157,2.888822,0.718498,1.562328,-8.405799,3.065231,-1.310672
2011-03-01,3254.89,3137.330833,3149.539667,3.67861,3.290218,2.505156,-1.577094,0.094889,-9.385159,2.579811,-1.775482
2011-03-02,3243.3,3139.102667,3152.816417,3.265435,2.829518,2.90381,0.150967,0.393269,-9.325851,2.946382,-1.424475
2011-03-03,3221.72,3140.531,3155.842667,2.552348,2.065983,1.800731,-0.767123,0.04872,-7.078322,3.635946,-0.764188
2011-03-04,3270.67,3142.457833,3158.8065,3.998961,3.480059,-0.714634,-1.69529,0.062964,-8.499353,2.084894,-2.249386
2011-03-07,3334.51,3145.397,3162.400833,5.838563,5.299425,-2.170324,-3.895552,-0.705434,-12.058685,0.130454,-4.120845
2011-03-08,3337.46,3148.261833,3166.179333,5.835954,5.268444,-4.082249,-3.490985,-0.391482,-11.115813,0.041948,-4.205593
2011-03-09,3338.86,3150.5705,3169.65825,5.804588,5.200566,-2.752843,-2.239111,0.43334,-10.559815,0.43428,-4.245761
2011-03-10,3280.26,3152.376833,3172.658667,3.976597,3.335276,-2.567854,-0.884932,1.607912,-8.643121,2.228482,-2.535165
2011-03-11,3247.38,3154.443667,3174.92775,2.903637,2.256364,-0.980656,1.439982,2.415335,-9.540287,3.263554,-1.548325
2011-03-14,3262.92,3156.126,3177.2595,3.327717,2.660347,-1.725228,0.84383,3.289244,-9.678142,3.343937,-2.017212
2011-03-15,3203.96,3155.174333,3179.11775,1.534379,0.778382,0.591265,1.671983,4.563492,-8.246374,5.245696,-0.21411
2011-03-16,3248.2,3154.819833,3181.798917,2.916961,2.065426,0.513733,0.242302,3.352445,-8.163768,3.812265,-1.573179
2011-03-17,3197.1,3153.9775,3184.0035,1.357979,0.410478,1.682922,0.815843,4.953014,-7.600138,5.471521,0.313096
2011-03-18,3215.69,3153.727833,3186.114917,1.945676,0.923967,2.420639,1.758255,2.461001,-9.728745,4.861787,-0.266817
2011-03-21,3207.11,3153.418667,3188.132417,1.688306,0.593492,2.569058,3.190118,2.726657,-10.336659,5.142324,0.494214
2011-03-22,3222.96,3154.157,3190.713833,2.157893,1.005553,1.080718,3.099503,2.887211,-11.42823,4.625251,0.010239
2011-03-23,3264.93,3154.414,3194.106667,3.443558,2.193088,-0.271431,2.672451,1.066596,-11.540488,3.280315,-1.275372
2011-03-24,3251.36,3155.0125,3197.356583,3.008091,1.674897,-0.867079,2.492843,-0.055069,-11.140838,3.71137,-0.863331
2011-03-25,3294.48,3156.777,3201.062,4.269677,2.876571,-0.662384,0.975352,-1.946903,-10.786007,2.353937,-2.160887
2011-03-28,3290.57,3158.903833,3204.671083,4.083572,2.645134,0.62106,2.445413,-2.494564,-8.333351,2.475559,-2.463707
2011-03-29,3257.98,3161.541667,3207.612333,3.004759,1.558053,2.018785,2.89151,-2.997221,-7.040513,3.500635,-2.95275
2011-03-30,3256.08,3165.060833,3210.73875,2.835174,1.402297,2.943881,3.110143,-1.96508,-6.809759,3.56103,-2.89612
2011-03-31,3223.29,3167.751833,3213.64275,1.738044,0.299747,3.359923,4.137172,-0.377968,-7.173362,4.61454,-1.908299
2011-04-01,3272.73,3171.229,3216.452417,3.150529,1.734548,1.637736,0.702747,-4.490145,-7.242249,3.034164,-4.39083
2011-04-06,3311.07,3174.275833,3218.676083,4.219188,2.830128,1.824354,-0.463461,-5.747878,-8.221178,1.841097,-5.585808
2011-04-07,3324.42,3176.5215,3220.272083,4.550849,3.182937,0.872725,-0.212292,-6.30136,-6.282781,1.43213,-6.10693
2011-04-08,3353.36,3179.483167,3221.777333,5.324417,4.002965,0.166262,-1.605854,-6.90065,-7.132887,0.556755,-6.917241
2011-04-11,3333.43,3182.379667,3222.74275,4.637256,3.376902,0.777249,-2.547912,-5.557765,-6.818686,1.157966,-6.360716
2011-04-12,3326.77,3185.048833,3223.598,4.353424,3.150374,-0.93499,-2.922256,-5.616254,-7.005796,1.360479,-6.173255
2011-04-13,3372.03,3189.446167,3223.967583,5.566765,4.490217,-2.287814,-4.939978,-8.359683,-8.115591,-0.373366,-8.019798
2011-04-14,3353.56,3193.256833,3224.362583,4.898112,3.928719,-1.085017,-5.888731,-6.959987,-7.436812,0.175336,-7.51321
2011-04-15,3358.94,3196.866833,3224.223167,4.945423,4.093341,-1.772116,-5.075223,-8.007496,-9.422085,0.014886,-7.695285
2011-04-18,3359.44,3200.502833,3223.911167,4.846636,4.117902,-3.325161,-4.515139,-7.521454,-7.835808,-1.252292,-7.709023
2011-04-19,3295.81,3203.902,3223.253833,2.828252,2.226061,-1.987266,-5.192891,-4.862664,-5.618207,0.654164,-5.927223
2011-04-20,3295.76,3209.258833,3222.563,2.659678,2.245979,-2.652163,-5.284417,-5.459868,-5.195848,0.655691,-5.925796
2011-04-21,3317.37,3214.920833,3221.19875,3.136957,2.941873,-4.803714,-6.089068,-6.082661,-6.050631,-0.525416,-6.538613
2011-04-22,3299.94,3219.172333,3219.81425,2.478,2.458061,-3.303107,-5.294796,-8.766119,-6.407761,-1.526391,-8.39288
2011-04-25,3249.57,3224.253333,3218.528417,0.782128,0.959844,-1.189978,-3.009853,-7.120836,-4.984363,-0.572691,-6.972923
2011-04-26,3230.96,3228.378333,3217.139,0.079936,0.428685,-3.205625,-2.693998,-7.739221,-5.464548,-0.613749,-7.447322
2011-04-27,3209.5,3232.632833,3215.718333,-0.718176,-0.19356,-2.632254,-3.419705,-7.473563,-4.509254,0.050787,-7.201122
2011-04-28,3161.78,3236.351667,3213.124833,-2.331151,-1.610877,-1.285354,-1.071257,-6.482827,-6.314913,1.56083,-6.27716
2011-04-29,3192.72,3239.923167,3210.871417,-1.46764,-0.566915,-1.991689,-2.932273,-7.75404,-6.969852,0.576624,-7.461036
2011-05-03,3211.13,3243.000833,3209.128,-0.987618,0.062365,-1.819875,-3.006314,-6.749075,-6.799394,-1.803415,-7.991579
2011-05-04,3129.03,3244.539,3206.199083,-3.625022,-2.43631,0.511627,0.330228,-4.072173,-4.846424,0.773083,-5.577447
2011-05-05,3126.12,3245.365833,3202.910083,-3.743546,-2.426718,-0.787451,-0.175451,-5.605373,-5.053057,0.866889,-5.489553
2011-05-06,3121.4,3246.101167,3199.350333,-3.917302,-2.466615,0.214098,0.006407,-4.422971,-4.712371,1.019414,-5.346639
2011-05-09,3129.76,3247.581333,3196.065417,-3.695419,-2.096417,-0.940584,-3.471322,-4.092504,-5.699078,0.749578,-5.599471
2011-05-10,3153.22,3248.399,3193.183,-2.973811,-1.259407,-1.18644,-4.110984,-4.693268,-6.49695,-0.258149,-6.301812
2011-05-11,3145.08,3248.801,3190.142167,-3.244668,-1.422616,-0.1814,-5.045223,-6.339368,-6.054533,-0.181235,-6.14261
2011-05-12,3101.6,3246.842,3188.556917,-4.576472,-2.765033,0.612,-4.053858,-4.607702,-6.809742,1.218081,-4.826864
2011-05-13,3128.09,3245.349,3187.00025,-3.68003,-1.865752,-0.20769,-5.411571,-5.849879,-11.298413,0.360923,-5.682062
2011-05-16,3100.46,3242.881167,3186.424583,-4.49117,-2.734898,-2.530739,-4.821767,-3.508717,-10.257771,1.255298,-4.84154
2011-05-17,3116.03,3240.7165,3186.525583,-3.923469,-2.237141,-2.924544,-3.74276,-5.031699,-9.836294,0.749351,-5.317022
2011-05-18,3139.38,3239.508167,3186.454083,-3.139619,-1.48834,-4.863823,-4.4024,-7.327082,-9.078705,-0.566354,-7.065089
2011-05-19,3120.64,3237.220333,3185.969,-3.667693,-2.071837,-4.665858,-5.429922,-7.603448,-8.186023,0.030763,-7.321575
2011-05-20,3121.6,3236.520667,3185.5495,-3.615319,-2.027911,-5.20388,-4.429378,-8.23278,-6.748837,-3.055484,-7.902998
2011-05-23,3022.98,3233.991333,3184.847833,-6.747398,-5.216141,-2.291028,-0.621182,-3.840966,-4.236719,0.107179,-4.898478
2011-05-24,3026.22,3231.246,3183.591,-6.555351,-5.069549,-0.818216,-0.582284,-3.964933,-4.743939,-0.580592,-5.000297
2011-05-25,2990.34,3227.791333,3181.648167,-7.641101,-6.201226,0.461423,-1.294145,-1.099882,-5.360974,0.612305,-3.860431
2011-05-26,2978.38,3223.438333,3179.84425,-7.906907,-6.545269,-0.764064,-0.553845,1.634776,-5.902813,1.648211,-3.474372
2011-05-27,2963.31,3218.578667,3177.95475,-8.263297,-6.993094,0.774502,-0.438308,2.439536,-6.465124,2.469536,-2.983488
2011-05-30,2954.51,3213.7655,3176.434083,-8.411049,-7.242639,1.669846,1.31305,2.909362,-4.624138,2.952097,-2.694525
2011-05-31,3001.56,3210.096167,3175.313583,-6.716874,-5.627424,0.235932,-1.288939,-0.04632,-6.594055,1.338304,-4.219806
2011-06-01,3004.17,3205.6545,3174.056167,-6.491496,-5.500899,-1.755568,-2.924682,1.320068,-3.396732,1.32882,-4.303019
2011-06-02,2955.71,3199.341167,3172.369083,-7.920601,-7.073976,0.210219,-2.173526,3.132073,-1.860755,3.181638,-2.73403
2011-06-03,2986.35,3193.489333,3170.875583,-6.706225,-5.995585,-1.21281,-3.803401,4.441551,-4.574743,4.541665,-3.731981
2011-06-07,3004.26,3187.912667,3169.241583,-5.933508,-5.346103,-0.356797,-3.219784,3.860268,-5.561474,3.935745,-4.305886
2011-06-08,3008.65,3183.385833,3167.881333,-5.645388,-5.157154,-1.524871,-3.382648,3.432347,-5.530294,3.784089,-4.445515
2011-06-09,2951.89,3178.461,3166.452333,-7.395147,-7.016618,-1.169114,0.194263,4.949826,-4.05695,5.779687,-2.60816
2011-06-10,2961.93,3173.4445,3164.78525,-6.897651,-6.624412,-2.383746,2.18862,4.851794,-5.484761,5.421127,-2.938287
2011-06-13,2950.35,3169.217667,3162.196,-7.156096,-6.934292,-2.590592,2.877844,5.373054,-7.25727,5.834901,-2.557324
2011-06-14,2993.56,3164.973667,3159.89675,-5.568142,-5.407604,-2.862987,1.596312,2.094129,-9.461893,4.307246,-3.963842
2011-06-15,2963.12,3161.074,3157.52575,-6.466908,-6.354596,-1.857778,1.242619,4.717344,-6.411923,5.37879,-2.977267
2011-06-16,2917.58,3156.1055,3154.916667,-7.858433,-7.820758,1.363377,4.24475,6.571539,-5.693787,7.023629,-1.462856
2011-06-17,2892.16,3150.856333,3152.1375,-8.567064,-8.607717,4.572366,5.305599,7.867468,-5.000643,8.185232,-0.596786
2011-06-20,2874.9,3145.055333,3149.606167,-8.981359,-9.125953,5.468435,8.244952,8.26481,-5.528307,8.834742,1.171519
2011-06-21,2909.07,3139.124333,3146.769167,-7.611044,-7.854282,4.459299,7.080052,6.199324,-6.239329,7.556367,-0.016844
2011-06-22,2908.58,3133.411333,3144.211917,-7.44573,-7.789829,3.100396,6.814995,6.101406,-6.371143,7.574487,1.68639
2011-06-23,2957.63,3127.797167,3142.287083,-5.59407,-6.056263,2.881373,4.755563,3.374556,-7.862619,5.790447,1.438314
2011-06-24,3027.47,3123.412167,3141.158,-3.119876,-3.686423,0.733233,2.663174,1.329534,-12.218292,3.349992,-0.901743
2011-06-27,3036.49,3119.720667,3140.631167,-2.704122,-3.372155,2.776517,2.495211,-2.271621,-12.122053,3.042987,-2.246014
2011-06-28,3041.73,3116.148167,3140.6045,-2.417124,-3.198886,2.620753,0.497817,-2.125173,-9.321456,2.865475,-2.414415
2011-06-29,3000.17,3112.4295,3140.090667,-3.673466,-4.558272,3.714599,3.474726,-0.004,-11.073128,4.290424,-1.062606
2011-06-30,3044.09,3108.618833,3139.923917,-2.097652,-3.099656,1.874189,2.326789,-2.094319,-13.131831,2.785726,-2.490071
2011-07-01,3049.75,3104.2635,3139.269667,-1.771687,-2.893056,1.929941,2.561869,-2.579758,-15.535697,2.594967,-2.671039
2011-07-04,3121.98,3100.8895,3138.7055,0.677841,-0.534304,-0.281307,0.019857,-4.730951,-16.849185,0.221334,-4.922837
2011-07-05,3122.5,3097.041833,3138.2625,0.818655,-0.503534,-2.122936,-0.880729,-5.466842,-17.905771,0.204644,-5.320096
2011-07-06,3113.71,3093.379833,3137.87975,0.655065,-0.773239,-0.239873,-0.713589,-5.236028,-18.485615,0.487521,-5.10131
2011-07-07,3101.68,3089.628333,3137.338583,0.38931,-1.143096,0.452599,-1.381007,-4.664991,-18.363138,0.877267,-4.733241
2011-07-08,3109.18,3085.2475,3137.346833,0.772714,-0.901846,0.631928,-1.33364,-7.053834,-19.549304,0.633929,-6.810799
2011-07-11,3113.21,3081.241667,3137.24925,1.032169,-0.769203,0.301164,-4.766832,-10.821588,-19.87809,0.50366,-10.256616
2011-07-12,3056.91,3076.207833,3136.537333,-0.629301,-2.571483,1.242208,-2.62299,-8.843182,-14.482428,2.354665,-8.603786
2011-07-13,3106.25,3071.988,3136.245417,1.10913,-0.961015,-0.473716,-3.478726,-9.52194,-15.411312,0.728853,-10.055533
2011-07-14,3115.75,3068.987,3136.4445,1.512235,-0.661994,-1.833606,-4.421108,-8.323161,-16.048485,0.421728,-10.329776
2011-07-15,3128.89,3066.205833,3137.732333,2.02374,-0.282204,-1.965569,-5.141626,-8.450043,-15.974281,-0.20103,-10.706353
2011-07-18,3122.6,3062.959667,3138.94025,1.928433,-0.521925,-5.067996,-4.750808,-6.780866,-18.615519,-0.880036,-10.526484
2011-07-19,3095.12,3059.546,3139.359167,1.156014,-1.419201,-3.865198,-4.586113,-6.595077,-18.084419,-0.114697,-9.732094
2011-07-20,3091.57,3056.912667,3140.583,1.127358,-1.57294,-3.00501,-4.52244,-6.880413,-20.420986,-0.762719,-9.628441
2011-07-21,3059.14,3054.049,3141.213667,0.166558,-2.647541,-2.587502,-3.283984,-7.635648,-19.869606,0.289297,-8.670411
2011-07-22,3067.99,3051.6905,3142.161667,0.532692,-2.388837,-3.176058,-5.720194,-8.867123,-17.452476,-2.214479,-8.933862
2011-07-25,2968.29,3048.465667,3142.408667,-2.665237,-5.700357,0.317188,-6.054756,-6.633038,-12.274134,1.069976,-6.417837
2011-07-26,2977.77,3044.883167,3142.403167,-2.228783,-5.381315,-0.720915,-6.220192,-5.408327,-11.599261,0.748211,-6.715764
2011-07-27,3000.05,3041.365167,3142.183,-1.367753,-4.628883,-1.51743,-6.043214,-6.543735,-12.125065,-0.634989,-7.408543
2011-07-28,2981,3038.898,3141.7185,-1.923614,-5.251113,-0.696482,-3.902053,-2.622482,-9.567187,-0.11003,-6.81684
2011-07-29,2972.08,3036.330667,3140.84825,-2.138772,-5.523086,-2.544136,-3.308416,-2.413071,-9.774882,0.189766,-6.537173
2011-08-01,2977.72,3033.936,3140.018583,-1.870288,-5.307081,-6.371944,-2.030058,-4.285343,-9.882137,-0.584676,-6.714197
2011-08-02,2956.38,3031.046333,3139.313833,-2.494234,-6.00387,-5.499277,-2.008964,-3.954901,-7.513574,0.132933,-6.040834
2011-08-03,2954.87,3027.7405,3138.06975,-2.436198,-6.015322,-4.525785,-2.357973,-3.726613,-7.392862,0.184103,-5.992819
2011-08-04,2960.31,3024.661,3136.731,-2.150503,-5.788718,-3.205571,-4.351664,-4.341785,-6.870554,-1.433296,-6.16557
2011-08-05,2897.42,3021.258,3134.05,-4.185262,-7.850541,-0.76428,-3.146929,-3.282721,-5.723232,0.706145,-4.128846
2011-08-08,2793.9,3015.688167,3130.518583,-7.638958,-11.37602,4.341886,-0.578282,-1.808736,-2.397604,4.437525,-1.792476
2011-08-09,2798.19,3010.650333,3126.76575,-7.318333,-11.102638,3.490313,0.811865,-2.71284,-1.677205,4.277408,-2.676373
2011-08-10,2824.12,3005.785167,3123.250833,-6.234201,-10.067758,2.167811,-0.500521,-1.607328,-4.50969,3.319972,-3.569962
2011-08-11,2866.92,3001.244167,3120.376167,-4.578864,-8.471528,-1.146093,1.279572,-3.942165,-6.184008,1.777517,-5.009557
2011-08-12,2875.36,2997.156167,3117.18825,-4.148601,-8.075351,-2.382649,0.895345,-4.418069,-4.450425,1.478771,-5.288381
2011-08-15,2917.88,2993.760833,3115.14075,-2.567308,-6.541701,-4.920168,-2.255285,-7.012251,-6.119283,-0.481171,-6.77204
2011-08-16,2897.58,2991.670833,3112.831083,-3.195613,-7.165672,-2.678447,-1.945937,-5.843575,-8.175249,0.216042,-6.118899
2011-08-17,2886.01,2989.334,3110.29,-3.517569,-7.484104,-2.668332,-1.368639,-5.592136,-8.078969,0.617808,-5.74253
2011-08-18,2834.25,2986.7325,3107.261917,-5.240263,-9.196457,2.425665,0.009879,-3.601527,-8.376903,2.455323,-4.02117
2011-08-19,2807.66,2983.887167,3103.66275,-6.087547,-10.023155,3.277994,-0.135792,-4.680703,-7.311996,3.425628,-4.572847
2011-08-22,2777.79,2980.795167,3099.686917,-7.053445,-10.964546,2.664883,-1.230454,-3.217394,-6.250468,4.53778,-3.546704
2011-08-23,2821,2978.57,3096.16775,-5.435189,-9.307371,0.732511,-3.524705,-1.787956,-8.774898,2.936547,-5.024105
2011-08-24,2810.02,2975.377667,3092.736917,-5.717938,-9.586483,1.299693,-1.106806,-4.525392,-8.19508,3.338766,-4.652992
2011-08-25,2903.84,2973.7055,3089.68,-2.377482,-6.203353,-2.415786,-5.221736,-8.41503,-12.213977,-0.090225,-8.070693
2011-08-26,2901.22,2972.797333,3086.06925,-2.437203,-6.176686,-3.413787,-5.313414,-10.542869,-11.993444,-1.668608,-10.006135
2011-08-29,2852.81,2970.571667,3082.0305,-4.044994,-7.728416,-3.895336,-4.756966,-7.832891,-8.950229,-0.211371,-8.479008
2011-08-30,2841.74,2967.863,3077.887833,-4.342562,-7.982705,-4.257216,-3.897639,-8.484029,-11.955465,0.177356,-8.134101
2011-08-31,2846.78,2965.165167,3074.2755,-4.074421,-7.688073,-2.4065,-4.223497,-9.522974,-9.700089,-0.430311,-9.083596
2011-09-01,2834.53,2963.209167,3070.835083,-4.439672,-8.00734,-2.80595,-3.611406,-9.356362,-10.292021,-1.082366,-8.931992
2011-09-02,2803.85,2960.5745,3067.0095,-5.438986,-8.970951,-1.899628,-4.54491,-9.212749,-10.618314,-0.883071,-8.801113
2011-09-05,2743.82,2957.132333,3063.175,-7.486888,-11.010085,-0.861629,-1.98694,-7.247766,-8.654565,1.285434,-6.991348
2011-09-06,2723.3,2952.628,3058.800833,-8.085124,-11.617857,0.359577,1.736749,-2.926406,-7.432493,2.048617,-6.29053
2011-09-07,2779.09,2949.560833,3055.317417,-5.953275,-9.475995,-1.816997,-3.418586,-4.282045,-9.588247,-0.290743,-8.17174
2011-09-08,2756.1,2946.8695,3051.4875,-6.692678,-10.181254,-0.805456,-3.193294,-3.78316,-9.614286,0.540982,-7.405755
2011-09-09,2751.09,2944.518333,3047.687333,-6.794805,-10.238585,-2.645283,-5.229455,-3.10617,-10.467052,0.724077,-7.237131
2011-09-13,2720.28,2941.941333,3043.498333,-7.833486,-11.227281,-1.12531,-3.075925,-4.822402,-11.617007,1.864882,-6.186496
2011-09-14,2733.11,2939.008667,3039.0665,-7.263218,-10.611024,1.377172,-4.586391,-5.645767,-13.102197,1.386699,-6.626883
2011-09-15,2729.05,2936.0165,3034.713917,-7.310017,-10.61636,-1.601589,-5.299477,-7.948437,-15.346508,1.537531,-7.640754
2011-09-16,2733.99,2932.289167,3030.043167,-7.002132,-10.281479,-2.387838,-5.744956,-8.632431,-13.441432,1.354065,-8.27033
2011-09-19,2679.27,2926.485833,3024.949,-8.825796,-12.134986,-2.584172,-4.667839,-3.90465,-11.659266,3.424067,-6.396892
2011-09-20,2689.84,2920.708333,3020.2145,-8.234445,-11.584614,-1.950615,-5.260827,-2.423702,-12.361308,3.017652,-6.764715
2011-09-21,2771.01,2916.196333,3016.17225,-5.106827,-8.477669,-5.963563,-4.663155,-4.402979,-16.944136,-3.079022,-9.495816
2011-09-22,2685.69,2910.955,3011.69225,-8.054353,-11.456445,-3.697889,-0.863459,-1.055937,-13.721853,-0.603569,-6.620645
2011-09-23,2669.48,2904.7115,3006.665167,-8.445038,-11.894785,-3.357118,-0.589866,1.470325,-12.357807,1.481187,-6.053613
2011-09-26,2610.92,2897.397667,3000.830583,-10.411033,-13.918646,-2.083667,2.123285,3.181058,-11.139102,3.757296,-3.946502
2011-09-27,2637.88,2889.329333,2995.109417,-9.104885,-12.70052,-3.310212,-1.746477,2.236098,-13.488187,2.696863,-4.9282
2011-09-28,2610.59,2880.7975,2988.919667,-9.849092,-13.533576,1.300407,-1.059376,4.925355,-12.322523,5.048667,-3.93436
2011-09-29,2588.19,2872.038833,2982.709333,-10.406338,-14.187327,2.83443,-2.648959,5.856724,-11.312269,6.031628,-3.102941
2011-09-30,2581.35,2863.366667,2976.4975,-10.368557,-14.243476,2.767252,-2.887474,6.827594,-9.57116,7.06607,-2.846185
2011-10-10,2557.08,2854.165,2969.70625,-10.991335,-14.959706,4.206951,0.763189,6.772239,-10.650049,8.082266,-1.92407
2011-10-11,2551.99,2844.811333,2963.0265,-10.86233,-14.933777,1.563735,2.837125,6.658898,-11.428259,8.297838,-1.728455
2011-10-12,2644.76,2837.942167,2957.075,-7.049888,-11.162028,-2.359784,0.260176,3.962041,-14.376653,4.499085,-5.175517
2011-10-13,2662.6,2830.548,2951.268,-6.116724,-10.293182,-5.483389,-0.192478,1.379682,-11.701669,3.798918,-5.810862
2011-10-14,2653.78,2822.8485,2945.91775,-6.176144,-10.443536,-5.654726,2.060191,1.541317,-8.097923,4.1439,-5.497818
2011-10-17,2666.95,2815.1495,2940.677667,-5.407987,-9.770456,-3.443763,1.057773,3.073814,-9.073826,3.629614,-5.964491
2011-10-18,2592.21,2806.309667,2934.634667,-7.935954,-12.407218,1.27339,3.982575,5.71537,-6.247369,6.617519,-3.253209
2011-10-19,2583.08,2797.775667,2928.660833,-7.984221,-12.556278,2.61996,5.984732,3.314093,-7.587904,6.994363,-2.911253
2011-10-20,2520.53,2788.258333,2922.5855,-10.094795,-14.799947,5.290911,8.505684,5.461604,-7.190665,9.649558,-0.501879
2011-10-21,2507.88,2779.070667,2916.559833,-10.26788,-15.096701,7.714917,9.715068,3.857055,-1.903255,10.202641,2.742954
2011-10-24,2576.67,2770.882,2911.28625,-7.266781,-12.209713,4.501536,6.00905,1.273357,-6.182578,7.260534,1.157696
2011-10-25,2625.43,2765.167667,2906.816667,-5.185658,-10.181386,2.709185,3.821774,-0.609372,-6.169478,5.26847,-0.721025
2011-10-26,2651.65,2759.732333,2902.30775,-3.995161,-9.032411,3.364772,3.701864,-2.583963,-5.725669,4.227556,-2.550865
2011-10-27,2657.48,2754.022833,2897.694,-3.568439,-8.653694,3.214773,1.57216,-2.613751,-7.692432,3.998901,-2.764649
2011-10-28,2709.02,2749.489833,2894.193917,-1.482843,-6.611969,2.000151,-0.518874,-5.269272,-9.469539,2.020288,-5.132852
2011-10-31,2695.31,2744.877,2890.603833,-1.822304,-6.995219,1.507514,2.016041,-4.631633,-10.403769,2.539226,-4.6503
2011-11-01,2697.53,2740.207167,2887.071583,-1.569699,-6.790616,1.112589,1.732795,-3.353436,-8.156501,2.454838,-4.72877
2011-11-02,2742.39,2736.640667,2883.8435,0.209867,-5.029415,0.337093,-2.670639,-8.396791,-9.010603,0.778883,-8.053924
2011-11-03,2744.3,2733.131167,2880.435833,0.407813,-4.841558,-1.642612,-3.04408,-6.033839,-9.150879,0.708742,-8.117917
2011-11-04,2763.75,2729.855167,2877.258083,1.23399,-4.024933,-2.519025,-5.858013,-7.763253,-11.726078,-0.437811,-8.764541
2011-11-07,2736.25,2727.169,2874.2135,0.33243,-4.91907,0.508527,-4.735693,-8.177803,-7.906496,0.562814,-7.852353
2011-11-08,2727.71,2726.065833,2870.877,0.060295,-5.115513,0.620206,-4.431146,-8.065696,-7.554752,0.877659,-7.748991
2011-11-09,2751.65,2725.290167,2867.97025,0.962583,-4.140382,-3.007732,-6.285828,-8.468128,-8.255162,-0.052696,-8.551596
2011-11-10,2699.59,2723.214667,2864.499917,-0.871314,-5.929388,-1.401468,-4.185911,-6.685885,-6.40983,1.874729,-6.788068
2011-11-11,2695,2720.349333,2860.79675,-0.93621,-5.970197,-3.338988,-4.750398,-7.372443,-6.630235,2.048237,-7.107236
2011-11-14,2750.2,2718.263333,2857.70975,1.168044,-3.834688,-5.24422,-6.647674,-10.434696,-7.573323,-0.200713,-9.908734
2011-11-15,2744.68,2715.376667,2854.56875,1.073381,-3.925629,-5.051352,-5.086231,-12.509975,-7.904885,-2.716528,-11.759112
2011-11-16,2670.12,2711.585667,2851.62825,-1.541017,-6.576673,-3.278096,-5.726152,-10.770523,-5.110566,-0.303357,-10.210777
2011-11-17,2662.02,2707.8525,2848.59325,-1.707065,-6.774004,-2.784443,-2.989759,-12.859675,-4.664166,-1.9658,-12.067152
2011-11-18,2606.5,2704.056667,2845.394583,-3.674479,-8.769343,-1.41141,-1.90524,-8.666057,-1.704449,0.122386,-10.19413
2011-11-21,2609.69,2700.757167,2842.322167,-3.430073,-8.538994,-1.403455,-3.44211,-9.027973,-0.46897,-0.008047,-10.303906
2011-11-22,2609.48,2697.952,2839.373583,-3.3342,-8.443249,-0.034879,-3.63455,-9.328233,-0.123472,-0.034873,-10.296687
2011-11-23,2584.01,2694.002167,2836.286083,-4.168543,-9.315302,-2.448056,-2.1823,-9.957194,2.446974,0.950461,-9.477518
2011-11-24,2588.92,2690.317167,2832.847417,-3.841829,-9.004156,-0.205315,-2.499974,-10.052166,2.579502,0.759004,-9.649197
2011-11-25,2569.97,2684.752667,2829.229083,-4.369438,-9.611004,-0.49383,-2.622045,-8.55886,3.535628,1.501963,-8.982984
2011-11-28,2573.32,2679.287667,2826.0425,-4.035407,-9.368043,-2.038656,-3.787022,-9.688526,2.335986,1.369826,-9.233986
2011-11-29,2608.57,2675.217,2822.894333,-2.522832,-7.896054,-3.599671,-7.423744,-12.370849,0.945082,-0.956846,-11.63626
2011-11-30,2521.52,2669.88,2818.8715,-5.717163,-11.147473,0.265756,-5.044371,-8.851088,6.092878,2.462404,-8.585694
2011-12-01,2583.61,2665.493833,2815.3295,-3.12017,-8.589166,-2.294658,-9.869917,-11.135155,3.0153,-1.017955,-10.782587
2011-12-02,2557.31,2660.8735,2812.041333,-3.969853,-9.495475,-2.128215,-6.760817,-8.635501,2.461908,-1.137132,-9.865054
2011-12-05,2521.39,2656.165833,2808.370167,-5.207333,-10.779397,-1.748366,-5.585862,-9.244484,3.185429,0.271279,-8.83005
2011-12-06,2516.34,2652.3745,2804.753417,-5.264981,-10.851016,-3.824072,-5.693683,-10.021461,4.637748,0.472512,-9.535675
2011-12-07,2528.23,2649.123333,2800.875667,-4.670931,-10.241265,-5.310127,-7.774894,-9.870566,5.242191,-0.127757,-9.961119
2011-12-08,2525,2644.8885,2797.224667,-4.638785,-10.238667,-7.575258,-7.552192,-6.395467,4.997758,-0.853069,-9.845941
2011-12-09,2503.46,2640.677833,2793.773667,-5.336186,-10.971948,-4.632602,-5.936815,-2.266797,6.854219,-1.029375,-9.070247
2011-12-12,2477.69,2636.121167,2790.31975,-6.198191,-11.882952,-3.837496,-5.901504,-1.712944,5.014823,-1.224528,-8.124503
2011-12-13,2421.93,2631.148667,2786.545,-8.285576,-14.023773,-1.869611,-4.947105,0.547236,6.537351,1.049576,-6.009257
2011-12-14,2397.48,2625.554833,2782.28175,-9.087405,-14.885318,-2.464767,-3.806717,-0.131474,9.009874,2.080101,-5.05072
2011-12-15,2340.79,2619.083833,2777.550167,-11.23361,-17.108082,0.023066,-1.265238,0.207407,11.649917,4.552309,-2.751208
2011-12-16,2390.13,2613.352833,2772.821,-8.928625,-14.851746,-1.304213,-1.874684,2.905746,7.816496,2.948375,-4.758737
2011-12-19,2384.41,2608.4385,2767.462167,-8.980005,-14.8979,-2.064008,-3.658622,1.572038,8.185252,3.19534,-4.530261
2011-12-20,2377.07,2603.225667,2761.967,-9.088268,-15.007447,-3.077495,-4.327778,3.768127,8.33732,3.840022,-4.235466
2011-12-21,2339.11,2596.027333,2756.111833,-10.421181,-16.405042,-1.34195,-2.095672,6.815488,8.747512,7.05311,-2.681362
2011-12-22,2341.33,2590.288,2750.6215,-10.104992,-16.110774,-1.288305,1.156725,4.973485,8.750528,6.951604,-2.773637
2011-12-23,2359.16,2585.116,2744.91375,-9.146476,-15.144403,-0.570471,3.670018,4.358594,7.666554,6.143288,-3.508452
2011-12-26,2335.7,2580.529,2738.963333,-9.968278,-15.926787,-1.594614,4.188561,3.91639,5.788836,7.209402,-2.539282
2011-12-27,2305.03,2574.9815,2732.155417,-11.074866,-16.999714,-1.250284,5.494341,7.567784,5.818222,8.635896,-1.2425
2011-12-28,2307.93,2569.937167,2725.367333,-10.753043,-16.62522,-0.753723,3.675242,8.237275,6.173501,8.586049,-1.366593
2011-12-29,2311.36,2565.323333,2718.681083,-10.424843,-16.231077,2.44503,1.472645,8.018114,8.357351,8.42491,-1.512962
2011-12-30,2345.74,2561.3965,2712.381583,-8.79517,-14.522614,4.240489,4.780431,4.672675,7.159052,6.835796,-2.956423
2012-01-04,2298.75,2557.091,2705.628,-10.650479,-16.296855,5.783174,5.230659,9.515791,8.198335,9.983252,-0.972703
2012-01-05,2276.39,2552.497667,2698.6545,-11.44815,-17.016246,6.744625,8.095906,10.532405,10.158471,11.10706,0.624234
2012-01-06,2290.6,2546.595,2692.268583,-10.594338,-16.157039,4.428965,8.91116,10.083532,9.546098,10.609447,2.4033
2012-01-09,2368.57,2541.6945,2686.12125,-7.054459,-12.581184,-0.972385,3.816759,6.671521,8.179069,6.96834,-0.967672
2012-01-10,2447.35,2538.254,2680.55125,-3.647064,-9.101666,0.539942,0.688575,3.009005,5.2958,3.525037,-4.155515
2012-01-11,2435.61,2534.398333,2674.773917,-3.975903,-9.366762,-0.552515,-0.272171,4.574317,5.527941,4.680552,-3.693531
2012-01-12,2435.22,2531.781833,2669.04575,-3.888624,-9.168391,1.351281,2.073443,4.057854,4.286686,4.697317,-3.678107
2012-01-13,2394.33,2528.636,2663.205833,-5.457658,-10.642716,4.482195,4.562033,5.791431,8.237339,6.485322,-2.033137
2012-01-16,2345.65,2525.721333,2656.989833,-7.396415,-12.463129,4.789144,6.545469,7.988102,10.143236,8.695244,3.263061
2012-01-17,2460.6,2524.933333,2652.002,-2.580944,-7.49096,0.148634,-0.107755,4.055861,6.537638,4.139234,-1.561001
2012-01-18,2422.19,2522.358667,2646.620333,-4.052235,-8.861139,0.280344,4.285132,6.986965,7.315974,7.236839,0.280738
2012-01-19,2468.35,2519.740667,2642.454167,-2.060607,-6.815818,0.722162,2.4365,5.436633,5.383286,5.587133,-1.594587
2012-01-20,2504.09,2517.281333,2638.506833,-0.525409,-5.228777,0.079837,1.172372,5.58868,4.753257,5.747797,-2.999093
2012-01-30,2460.72,2514.002,2634.012417,-2.142192,-6.805433,1.756325,2.854762,7.658183,6.709624,7.959053,-1.28946
2012-01-31,2464.26,2509.922667,2629.70625,-1.836038,-6.498059,-0.256389,2.320429,7.735895,6.363114,8.042982,-1.431261
2012-02-01,2428.99,2505.484,2625.1805,-3.10064,-7.767412,4.004788,4.846487,8.108122,9.964265,9.611814,1.192265
2012-02-02,2486.24,2501.9625,2621.084833,-0.630389,-5.281676,1.714338,1.984411,5.748147,7.933456,7.087811,-1.137863
2012-02-03,2506.09,2498.024167,2617.332417,0.322368,-4.343187,1.092534,1.229399,6.706691,8.039226,6.936702,-1.920921
2012-02-06,2504.32,2494.0245,2613.577833,0.411957,-4.270286,1.098436,1.442633,6.13234,8.179813,7.012283,-1.8516
2012-02-07,2457.95,2488.927833,2609.3915,-1.252436,-5.978938,2.576818,4.163616,6.424733,9.729619,9.031103,2.610305
2012-02-08,2528.24,2485.461,2606.315,1.706525,-3.041394,0.8417,2.701834,2.914122,4.986619,5.999826,-0.242461
2012-02-09,2529.23,2482.153,2604.109417,1.878858,-2.917583,0.270073,3.000133,4.126804,4.936179,5.958335,-0.281509
2012-02-10,2533.62,2478.519167,2601.904667,2.198784,-2.659463,0.136864,4.416308,5.029225,3.996246,5.774741,-0.454291
2012-02-13,2531.98,2475.725667,2599.470167,2.246805,-2.630604,0.344196,4.803421,4.721704,3.246515,5.843253,-0.389814
2012-02-14,2522.11,2472.844167,2596.59675,1.972688,-2.910579,1.586798,5.415465,6.112012,3.707414,6.302659,0.553505
2012-02-15,2549.61,2469.501,2593.882167,3.19243,-1.721525,1.860134,3.261635,2.153449,0.97732,5.156083,-0.531062
2012-02-16,2536.07,2466.024167,2590.700417,2.800843,-2.131263,2.73006,3.763736,1.932261,3.024302,5.717508,0.04022
2012-02-17,2537.09,2463.807,2587.696333,2.931004,-1.975028,4.279444,5.477292,3.349917,1.443558,5.675006,0.142683
2012-02-20,2540.71,2461.785167,2584.818833,3.155681,-1.721185,4.459225,4.689708,3.454408,1.814424,5.52444,0.855666
2012-02-21,2562.45,2461.051,2582.553833,4.037534,-0.781494,3.828668,2.261117,0.854889,2.50766,4.629163,0.858553
2012-02-22,2597.48,2460.8475,2580.802333,5.403594,0.644141,1.401501,0.212288,-0.373751,0.74372,3.218119,-0.50164
2012-02-23,2606.26,2460.793833,2579.372917,5.743225,1.036993,1.033676,1.12667,-0.867441,-0.422954,2.870397,-0.86369
2012-02-24,2648.02,2461.860667,2577.931417,7.289476,2.682489,1.197848,0.612917,-3.656655,-2.870079,1.248102,-3.590607
2012-02-27,2656.57,2462.988167,2576.652667,7.56605,3.054468,0.230483,-0.081718,-3.88114,-1.589027,0.922242,-3.900895
2012-02-28,2662.46,2464.529667,2574.641167,7.724952,3.354034,-1.567551,0.696546,-4.427935,-0.437016,0.698978,-4.331333
2012-02-29,2634.14,2465.543333,2572.4155,6.614455,2.371141,-1.189213,-1.108185,-6.235676,0.307786,1.781606,-6.045237
2012-03-01,2633.34,2465.956167,2570.586583,6.567337,2.411889,0.092994,-1.831475,-7.497709,-0.049379,1.812527,-7.223526
2012-03-02,2679.93,2468.596333,2569.238167,8.214097,4.218125,-0.584932,-2.127375,-8.770465,-1.766679,0.042538,-8.836425
2012-03-05,2662.7,2469.9145,2567.704167,7.515711,3.632847,-0.312201,-1.2353,-5.793104,-3.971237,0.689901,-8.246517
2012-03-06,2621.05,2470.976833,2565.925167,5.896145,2.12559,2.264097,-1.406228,-3.938356,-2.402097,2.289922,-6.788501
2012-03-07,2603,2472.337,2564.251417,5.150077,1.499804,0.081027,-0.58604,-4.231578,-1.767351,2.999232,-6.142144
2012-03-08,2635.79,2474.327833,2563.351167,6.321417,2.78675,-1.92447,-1.994112,-4.500738,-3.616097,1.717891,-7.309763
2012-03-09,2664.3,2476.595667,2562.8595,7.305646,3.881773,-1.542443,-4.269572,-5.566658,-5.396568,0.629434,-8.301618
2012-03-12,2654.4,2478.752333,2561.820417,6.84633,3.550053,-0.923099,-3.799422,-3.214155,-3.68913,1.004747,-7.959614
2012-03-13,2681.07,2481.7125,2561.195167,7.726712,4.574196,-3.670325,-5.124481,-3.825217,-5.398102,-1.904464,-8.875188
2012-03-14,2605.11,2483.836167,2559.978667,4.767069,1.747598,-0.667067,-5.127491,-1.199825,-0.943747,0.955814,-6.218164
2012-03-15,2585.55,2486.563167,2558.855917,3.903675,1.0378,-0.069642,-5.666234,-1.703429,-0.976694,1.719557,-5.508693
2012-03-16,2623.52,2490.3305,2557.942667,5.210149,2.531364,-2.727129,-6.64309,-0.90401,-2.137007,0.247378,-6.876258
2012-03-19,2630.01,2495.150833,2557.117333,5.263847,2.810707,-2.876323,-4.557804,-1.299274,-1.872937,-1.144482,-7.106057
2012-03-20,2584.45,2498.3895,2555.871167,3.38664,1.111959,-1.454156,-2.532128,1.626888,-1.004467,1.640194,-5.468475
2012-03-21,2587.79,2501.779167,2555.108833,3.380208,1.270941,-4.460424,-3.645538,0.70276,-1.368786,1.50901,-5.590485
2012-03-22,2583.75,2505.223833,2554.22475,3.086375,1.149308,-5.596592,-2.506627,0.814094,-2.808695,1.667731,-5.442864
2012-03-23,2552.94,2508.787667,2552.4075,1.7446,0.02086,-3.915961,-1.297086,2.821233,-3.849992,2.894702,-4.301707
2012-03-26,2555.44,2512.356167,2551.322083,1.70034,0.161273,-1.681481,0.585267,2.932581,-4.013025,2.976004,-4.395329
2012-03-27,2547.14,2515.489167,2550.302583,1.250388,-0.124085,-1.077972,1.299264,3.055154,-4.002665,3.311557,-4.083796
2012-03-28,2474.9,2517.809167,2549.169083,-1.718915,-2.956747,0.814886,3.927666,8.091819,-2.006748,8.428219,-1.284092
2012-03-29,2443.12,2520.110667,2547.546083,-3.10269,-4.185466,3.089965,3.962805,9.683018,0.75397,10.167327,0.48217
2012-03-30,2454.9,2522.560167,2546.248667,-2.71883,-3.653514,2.618875,5.73908,10.103,0.420314,10.630983,1.639578
2012-04-05,2512.83,2525.918,2545.620667,-0.519495,-1.296489,2.266748,3.25853,7.840576,-1.770981,8.156143,-0.703589
2012-04-06,2519.83,2528.8195,2545.108,-0.356115,-0.998165,2.377236,4.159016,7.243242,-2.203209,7.855689,-0.979431
2012-04-09,2495.15,2532.092833,2544.591917,-1.469732,-1.962144,3.11278,4.348298,6.304075,-2.630534,8.92251,0.987516
2012-04-10,2519.79,2536.1495,2544.323583,-0.647142,-0.968927,0.87284,3.320721,5.310114,-1.890129,7.857401,0.009921
2012-04-11,2520.04,2539.9735,2543.28425,-0.787887,-0.918148,3.120205,4.118319,4.533679,-4.214494,7.846701,0.866653
2012-04-12,2570.44,2543.338,2542.51625,1.05997,1.092285,0.991782,2.347314,1.738966,-6.581642,5.732093,-1.111094
2012-04-13,2580.45,2545.556333,2541.905167,1.361458,1.504994,1.78178,1.75589,1.420619,-6.189725,5.32194,-1.494701
2012-04-16,2574.04,2547.8635,2541.130917,1.022148,1.286742,1.235518,4.164154,0.023695,-4.972337,5.584218,-1.249398
2012-04-17,2541.88,2549.641167,2540.7115,-0.304867,0.04598,2.447881,5.720213,2.79547,-3.655883,6.920075,1.289203
2012-04-18,2599.91,2553.0675,2540.85175,1.818125,2.297747,0.998114,4.36392,-1.002349,-8.01206,4.533618,-0.997342
2012-04-19,2596.06,2557.241,2541.481167,1.506597,2.124786,1.355531,4.582046,-0.340711,-7.262694,4.688644,-0.85052
2012-04-20,2626.84,2560.011667,2542.4725,2.576979,3.264457,-0.02589,3.084226,0.025883,-8.435979,3.461954,-2.012304
2012-04-23,2606.04,2563.075833,2542.71725,1.662379,2.459854,2.928636,1.955777,0.414712,-7.228076,4.287732,-1.230219
2012-04-24,2604.87,2565.351167,2542.545917,1.528739,2.421686,3.272332,1.989393,-0.369607,-8.255591,4.334573,-1.185856
2012-04-25,2625.99,2567.382833,2542.332083,2.257094,3.237616,3.365806,0.41536,-2.034657,-10.449814,3.495444,-2.014098
2012-04-26,2631.49,2570.229,2542.1155,2.355523,3.455362,3.226514,-0.608347,-0.640468,-10.213603,3.279131,-2.218895
2012-04-27,2626.16,2572.927333,2541.425,2.047841,3.279776,3.110116,-0.335271,0.935764,-10.682719,3.488744,-2.02044
2012-05-02,2683.49,2577.169,2541.3265,4.042668,5.4432,-0.972859,-4.140458,-1.548357,-13.377151,1.277814,-4.113673
2012-05-03,2691.52,2580.590333,2541.276417,4.208791,5.743961,-1.282939,-2.924743,-2.234688,-13.606956,0.975657,-4.399744
2012-05-04,2715.88,2584.086833,2541.0555,4.974384,6.653648,-2.950446,-5.366269,-3.099215,-15.076586,0.069959,-5.257228
2012-05-07,2717.78,2587.6445,2540.8345,4.906737,6.73228,-3.834862,-4.922757,-6.018709,-15.269467,-0.318642,-5.841164
2012-05-08,2709.12,2591.830667,2540.37925,4.425941,6.431048,-3.445386,-3.058342,-5.706983,-13.853444,-1.905047,-5.547189
2012-05-09,2657.51,2593.985167,2539.723083,2.419423,4.533454,-3.167599,-1.541065,-3.839848,-12.94291,-0.011289,-3.76706
2012-05-10,2657.21,2596.118167,2539.135583,2.325938,4.5453,-1.641804,-2.359,-4.425472,-12.127115,-0.239349,-4.328977
2012-05-11,2636.92,2597.839833,2538.1795,1.49313,3.816448,-2.415823,-2.450017,-4.363589,-10.015671,0.528268,-4.269754
2012-05-14,2615.53,2599.232333,2537.479,0.625061,3.029569,-1.087895,-0.032121,-2.213941,-9.06463,1.350396,-3.486865
2012-05-15,2617.37,2600.82,2536.832083,0.634322,3.125391,0.387044,1.271035,-2.993505,-9.09645,1.279147,-3.554713
2012-05-16,2574.65,2601.237333,2535.369167,-1.027363,1.537435,1.626534,2.592101,0.232383,-6.538171,2.959626,-1.95444
2012-05-17,2613.94,2602.535167,2534.279667,0.437263,3.094922,-0.717196,0.690055,-2.068735,-8.54941,1.412045,-3.428158
2012-05-18,2573.98,2603.15,2533.4785,-1.126891,1.586008,-0.034194,2.267054,-0.230648,-9.021707,2.986426,-1.928919
2012-05-21,2587.23,2603.925333,2532.85525,-0.643224,2.124058,1.055774,-1.095952,-0.232952,-9.31897,2.459001,-2.431172
2012-05-22,2627.52,2605.009833,2533.030417,0.860399,3.662406,0.883991,-2.64864,-2.657238,-11.948142,0.88791,-3.927277
2012-05-23,2616.87,2605.333,2533.09025,0.441845,3.253895,0.965566,-2.298783,-2.486258,-12.055401,1.298498,-3.536286
2012-05-24,2595.26,2605.149667,2532.97175,-0.380342,2.429349,1.407251,-2.066472,-3.253182,-11.493382,2.141982,-3.200835
2012-05-25,2573.1,2603.901,2532.880833,-1.189931,1.575407,2.301248,-1.913572,-4.636568,-11.142432,3.021647,-4.530722
2012-05-28,2614.69,2603.203,2533.095583,0.440293,3.170344,-2.151726,-2.18182,-6.305137,-12.229757,1.382956,-6.110476
2012-05-29,2650.85,2603.0095,2533.769583,1.821207,4.51722,-3.532631,-4.26454,-7.993583,-14.389045,-0.324047,-7.682441
2012-05-30,2642.26,2603.144833,2534.344083,1.491435,4.169975,-3.264349,-2.359718,-8.55021,-13.776942,-0.350458,-8.194879
2012-05-31,2632.04,2603.123167,2534.539667,1.104727,3.774718,-3.473723,-2.75879,-6.69436,-14.54803,0.036474,-7.838407
2012-06-01,2633,2602.341,2535.468667,1.171246,3.774538,-4.21482,-2.497702,-6.583471,-16.69298,-1.966958,-7.872009
2012-06-04,2559.03,2600.613167,2535.263833,-1.611897,0.933057,-0.030094,0.863,-3.592848,-13.386249,0.866735,-5.209005
2012-06-05,2558.84,2599.576333,2535.276583,-1.579445,0.925129,-0.731909,-0.008598,-3.739468,-14.438741,0.874224,-5.201967
2012-06-06,2557.4,2598.816333,2535.576667,-1.606497,0.857002,0.904631,-0.187475,-5.094761,-14.537888,0.931024,-5.148588
2012-06-07,2542.18,2597.256167,2535.792,-2.143359,0.251597,0.714933,-1.18671,-2.774771,-14.235343,1.535296,-4.580714
2012-06-08,2524.33,2594.923333,2535.7595,-2.758129,-0.451752,1.717118,-2.722997,-4.384584,-12.47053,2.253271,-4.289851
2012-06-11,2558.26,2593.321,2536.036667,-1.361195,0.872484,0.893094,-4.123317,-6.106667,-14.886744,0.897094,-5.923948
2012-06-12,2540.18,2590.972833,2536.342667,-1.979847,0.15118,0.723311,-3.729043,-4.61684,-14.383213,1.61524,-5.254352
2012-06-13,2580.64,2590.565,2537.200583,-0.383857,1.697609,-1.092107,-6.190492,-5.228416,-15.15127,0.022088,-6.739801
2012-06-14,2560.42,2590.146167,2538.354667,-1.1543,0.865521,-1.901642,-3.93557,-4.382617,-9.982038,0.811976,-6.003312
2012-06-15,2568.05,2589.221667,2539.776083,-0.821046,1.107094,-4.440114,-4.085769,-6.779063,-9.87088,0.512451,-6.55439
2012-06-18,2581.21,2588.408333,2541.779583,-0.278486,1.539382,-5.016411,-4.455848,-6.689031,-11.019291,-0.875171,-7.030811
2012-06-19,2558.62,2587.977833,2543.183667,-1.140876,0.605134,-4.452354,-3.73087,-5.804623,-9.787069,-0.234892,-6.209988
2012-06-20,2552.61,2587.3915,2544.585333,-1.353386,0.314866,-5.098386,-4.907286,-5.156529,-10.487703,-1.583477,-5.989164
2012-06-21,2512.19,2586.198833,2545.711333,-2.903428,-1.325523,-2.033928,-1.588061,-4.632802,-8.151196,-1.575518,-4.527126
2012-06-25,2456.52,2584.591833,2546.68975,-5.082188,-3.604866,0.354345,-1.661588,-3.778589,-8.395186,0.654992,-3.708091
2012-06-26,2454.92,2582.9165,2547.636333,-5.082501,-3.707183,0.560562,-1.98335,-3.267998,-9.374557,0.720594,-3.645333
2012-06-27,2447.2,2581.250833,2548.37,-5.332959,-4.050943,0.721484,-0.887797,-3.6249,-8.568681,1.03833,-3.559987
2012-06-28,2425.73,2580.431333,2549.12025,-6.182406,-4.961579,0.1911,0.962076,-3.278584,-9.951776,1.932614,-3.225421
2012-06-29,2461.61,2580.7395,2550.425083,-4.726038,-3.544444,0.445867,-0.447047,-4.677907,-11.278561,0.446862,-4.63599
2012-07-02,2465.24,2580.911833,2551.736,-4.585359,-3.448475,-2.015933,-2.693293,-5.3939,-10.680203,0.298957,-5.25101
2012-07-03,2468.72,2580.176667,2553.047333,-4.415807,-3.358788,-2.543913,-2.233183,-5.65791,-11.063941,0.157572,-5.500826
2012-07-04,2464.92,2579.2615,2554.0405,-4.534377,-3.551726,-1.60928,-2.073754,-4.406993,-12.059387,0.311978,-5.355143
2012-07-05,2430.37,2578.181833,2555.137333,-5.904093,-5.006246,0.770977,-0.249244,-4.008301,-7.634914,1.738007,-4.009678
2012-07-06,2472.61,2577.3955,2556.7725,-4.150512,-3.347145,-0.892914,-3.044741,-4.926872,-7.53653,-0.888939,-5.649496
2012-07-09,2416.04,2575.662167,2557.817833,-6.397682,-5.702465,-0.677361,-2.117001,-1.267498,-6.232798,1.431682,-3.44034
2012-07-10,2406.71,2572.933333,2558.135667,-6.678595,-6.101807,0.31073,-1.284648,-0.744022,-3.662452,1.824898,-3.066011
2012-07-11,2425.57,2570.352,2557.954167,-5.797631,-5.314124,-0.464473,-2.737103,-1.486105,-4.272508,1.033159,-3.819721
2012-07-12,2449.18,2568.271,2558.06725,-4.747964,-4.349872,-1.02022,-4.24066,-1.542138,-6.174476,0.059203,-4.746895
2012-07-13,2450.63,2566.750167,2558.195667,-4.629544,-4.295706,-2.151827,-4.23086,-2.098057,-6.146838,-1.073601,-4.803255
2012-07-16,2399.73,2563.413833,2558.240667,-6.598367,-6.396355,-1.439641,-2.700607,-2.011996,-4.468439,1.024699,-2.784063
2012-07-17,2414.2,2560.382833,2558.811917,-5.878882,-5.817509,-1.595378,-3.424727,-2.396986,-4.925917,0.419186,-3.366747
2012-07-18,2414.33,2556.841,2558.426333,-5.73507,-5.797054,-2.27263,-2.333239,-3.48628,-4.816493,0.413779,-3.426209
2012-07-19,2424.32,2553.812333,2558.444083,-5.20362,-5.384822,-3.22044,-3.759057,-4.412614,-3.707676,-0.520558,-4.316674
2012-07-20,2398.46,2550.372167,2557.861667,-6.141243,-6.434476,-2.079033,-1.882131,-3.607398,-2.789907,0.552021,-3.543107
2012-07-23,2365.43,2546.0295,2556.706167,-7.357526,-7.775995,-1.260966,0.849503,-2.727274,-1.012964,1.956093,-2.69042
2012-07-24,2375.99,2541.771167,2556.000083,-6.744695,-7.302938,-1.829349,0.540626,-2.656622,-2.726664,1.502952,-3.122909
2012-07-25,2360.08,2537.3365,2555.131917,-7.241939,-7.940834,-0.06061,1.250998,-2.770563,-2.240949,2.187214,-2.732534
2012-07-26,2347.49,2531.7365,2554.45275,-7.555876,-8.449134,-0.538617,2.698522,-1.948148,-2.425352,2.735262,-2.210872
2012-07-27,2349.11,2526.029667,2553.31,-7.261224,-8.335402,0.196902,2.132803,-3.175762,-4.403564,2.664413,-3.125865
2012-07-30,2335.79,2519.694833,2551.890833,-7.578763,-8.848442,2.110469,0.68861,-4.715608,-4.372869,3.249864,-4.60615
2012-07-31,2332.92,2513.2805,2550.4625,-7.446817,-8.915401,2.369975,1.027741,-4.135491,-4.069841,3.376884,-4.488795
2012-08-01,2358.65,2507.439333,2549.635,-6.117263,-7.786079,1.311607,-1.153041,-6.29228,-4.501927,2.249168,-6.098404
2012-08-02,2334.88,2502.062167,2548.023667,-6.915476,-8.735753,3.23714,-0.653556,-5.434826,-1.597354,3.290105,-5.289779
2012-08-03,2353.74,2497.004333,2546.56125,-5.908619,-7.873837,1.935901,-1.725267,-6.5337,-2.015727,2.462464,-6.324828
2012-08-06,2385.61,2492.815833,2545.327833,-4.395807,-6.48046,-1.421859,-3.576778,-6.818448,-3.572868,1.093641,-7.576259
2012-08-07,2388.87,2489.038167,2544.13525,-4.107591,-6.297036,-1.342234,-3.197248,-8.036055,-4.130403,0.955682,-7.721642
2012-08-08,2389.79,2485.245167,2543.032583,-3.916582,-6.21518,-2.464648,-4.02156,-8.280268,-4.374598,0.916817,-7.946723
2012-08-09,2411.7,2482.529333,2541.883333,-2.894604,-5.257338,-3.890696,-4.646671,-8.380716,-7.144376,-0.495501,-8.783016
2012-08-10,2399.75,2478.9595,2540.747333,-3.247435,-5.70937,-3.661168,-5.308566,-3.501364,-6.847807,-1.780602,-8.328784
2012-08-13,2351.93,2475.258667,2539.204333,-5.110863,-7.661451,-2.154919,-5.404218,-1.079821,-4.348417,0.216418,-6.464903
2012-08-14,2357.02,2471.421833,2537.673583,-4.739552,-7.384964,-1.855013,-5.163232,-1.933274,-6.330213,-1.078056,-6.666893
2012-08-15,2331.61,2466.49,2535.749917,-5.623707,-8.39304,-1.556912,-5.13924,-0.496166,-4.76519,-0.211871,-5.649744
2012-08-16,2319.67,2461.536667,2533.434833,-5.936088,-8.815109,-0.755975,-4.78127,-0.91856,-5.587179,0.301767,-5.164097
2012-08-17,2313.48,2456.840333,2530.995,-6.012322,-8.985962,-1.647398,-4.808433,0.089004,-6.069486,0.570137,-4.910352
2012-08-20,2301.79,2452.3185,2528.10975,-6.334682,-9.378481,-3.2493,-3.24167,-1.889323,-5.666301,1.080898,-4.427424
2012-08-21,2313.7,2447.302,2525.2525,-5.613822,-8.749308,-3.308218,-4.838808,-3.449937,-6.648304,0.560574,-4.919393
2012-08-22,2295.59,2441.381,2522.19525,-6.157397,-9.413976,-3.582327,-4.258708,-2.173218,-4.48534,1.3539,-4.169299
2012-08-23,2302.2,2435.713333,2519.429083,-5.637448,-9.016713,-4.025295,-3.734046,-4.725043,-5.56648,1.062896,-4.615151
2012-08-24,2275.68,2429.774,2516.448583,-6.551934,-10.056971,-3.161036,1.807202,-3.424891,-3.715437,2.240649,-3.503568
2012-08-27,2228.2,2423.027333,2512.684167,-8.382364,-12.015749,0.007629,4.324398,-0.570695,-2.38896,4.419262,-1.447357
2012-08-28,2238.41,2417.683667,2509.148417,-7.704413,-11.417763,-1.530589,3.229958,-1.270541,-4.000032,3.942977,-1.896882
2012-08-29,2214.81,2411.949833,2505.763083,-8.526886,-12.342669,-0.676381,4.643074,-1.360114,-3.943909,5.050546,-1.350906
2012-08-30,2211.37,2406.182667,2502.4995,-8.44293,-12.36778,0.29125,3.86271,1.808214,-4.423596,5.213962,-1.197448
2012-08-31,2204.87,2400.560833,2498.9085,-8.503384,-12.518549,4.968238,4.897437,3.924042,-3.002161,5.524135,-0.906176
2012-09-03,2228.37,2395.628167,2495.27575,-7.23751,-11.312887,4.316768,1.352348,1.853148,-5.51276,4.411296,-1.951202
2012-09-04,2204.41,2389.730667,2491.525833,-8.072077,-12.243541,4.760547,1.388871,5.117625,-3.364802,5.546155,-0.885498
2012-09-05,2199.88,2384.059,2487.515917,-8.040168,-12.288178,5.319454,2.085489,5.493866,0.362997,5.763496,-0.681401
2012-09-06,2217.82,2378.012,2484.2885,-6.974011,-11.346157,3.57146,-0.990998,3.748379,-0.643234,4.907973,-1.484791
2012-09-07,2317.18,2373.958,2482.052083,-2.420768,-6.873474,-0.070801,-5.232093,-0.547418,-3.086175,0.40955,-5.709095
2012-09-10,2326.67,2369.935,2479.578333,-1.842447,-6.365046,-2.964421,-4.895092,-1.376622,-2.419578,-0.109599,-6.093688
2012-09-11,2311.89,2365.446333,2476.927333,-2.290136,-6.895344,-3.371677,-4.500499,-0.595657,-2.33645,0.529004,-5.493341
2012-09-12,2320.07,2361.4705,2474.724167,-1.768716,-6.453158,-3.233965,-6.003187,-0.834047,-2.280039,0.174564,-5.826548
2012-09-13,2298.46,2357.234667,2472.313083,-2.524985,-7.291485,-4.562458,-2.054496,1.623498,-2.458559,1.636748,-4.941134
2012-09-14,2315.54,2353.957167,2470.078,-1.645489,-6.460681,-5.161293,-0.973395,0.728487,1.726292,0.88705,-5.642312
2012-09-17,2258.71,2350.660333,2467.626083,-3.990243,-8.846273,-1.930671,0.5008,3.603633,4.670273,3.669351,-3.268237
2012-09-18,2235.24,2346.999,2464.95775,-4.878889,-9.782606,-1.128822,3.728754,3.379895,5.774779,4.757878,-2.252555
2012-09-19,2246.24,2343.649667,2462.45025,-4.245169,-9.189918,-2.769222,3.408377,2.702832,5.410049,4.244871,-2.731231
2012-09-20,2195.95,2339.82,2460.125667,-6.345925,-11.359768,2.507961,4.739376,4.24784,8.25089,6.632209,-0.503654
2012-09-21,2199.06,2335.444167,2458.091833,-6.01721,-11.135538,4.187898,4.684675,2.19709,7.570348,6.481406,-0.644366
2012-09-24,2215.52,2331.282167,2456.097,-5.093126,-10.308637,2.431472,3.51847,0.913433,7.212582,5.690312,-1.38252
2012-09-25,2210.15,2326.972667,2453.574667,-5.150775,-10.448562,4.857576,3.904842,1.336191,10.237436,5.947108,-1.142909
2012-09-26,2184.89,2322.3055,2450.7835,-6.099496,-11.484229,6.177599,5.16914,3.150466,11.762792,7.171986,2.332383
2012-09-27,2251.72,2319.328,2448.754917,-2.958312,-8.388533,2.231415,3.677994,2.029259,8.218305,3.991171,-0.704795
2012-09-28,2293.11,2316.336333,2446.865917,-1.00778,-6.489901,0.496778,1.701882,0.59393,7.836975,2.114159,-2.497045
2012-10-08,2270.05,2313.903167,2444.782667,-1.913392,-7.415437,1.086998,3.102833,1.392432,10.562699,3.151472,-1.506575
2012-10-09,2320.16,2312.460667,2442.697,0.332397,-5.146661,-0.952735,-0.34886,-1.211973,8.437122,0.923643,-3.633801
2012-10-10,2324.12,2310.769833,2440.560917,0.576074,-4.888642,-1.008458,-0.705545,-1.588195,8.724262,0.751682,-3.797997
2012-10-11,2302.53,2308.325667,2438.298333,-0.251392,-5.729187,1.446579,-0.491536,-2.512039,9.236323,1.696395,-2.895945
2012-10-12,2304.53,2305.890667,2436.320417,-0.059026,-5.561212,1.205104,-2.487586,-2.799026,9.181174,1.608137,-2.980217
2012-10-15,2294.86,2304.142833,2433.778333,-0.40369,-5.877308,2.015835,-2.605037,-1.891974,9.777273,2.03629,-2.571399
2012-10-16,2298.16,2302.208833,2431.295833,-0.176022,-5.631558,0.603875,-2.568651,-3.801282,7.745133,1.889773,-3.72994
2012-10-17,2300.8,2300.316667,2428.578833,0.021009,-5.404936,0.302913,-2.018674,-3.434977,11.365228,1.772862,-3.840403
2012-10-18,2336.08,2298.846,2426.329167,1.606705,-3.790517,-1.938116,-1.648735,-6.292116,10.544356,0.235865,-6.09825
2012-10-19,2332.47,2297.746167,2424.059167,1.499908,-3.851568,-3.69269,-1.107951,-6.886977,9.973306,0.391002,-6.655177
2012-10-22,2341.59,2297.348833,2421.689167,1.907441,-3.363511,-4.620872,-1.710401,-7.380612,8.634494,-1.260255,-7.114824
2012-10-23,2312.08,2296.283667,2419.027417,0.685553,-4.521801,-3.172526,-0.863113,-6.578262,11.560851,-0.18598,-6.366562
2012-10-24,2307.78,2295.412,2416.37425,0.537368,-4.598215,-2.321588,-0.882651,-5.014954,12.340897,-0.043765,-6.192098
2012-10-25,2291.24,2294.4745,2413.1055,-0.141069,-5.182135,0.28938,-2.020502,-5.089276,12.522527,0.677799,-5.514918
2012-10-26,2247.91,2292.787833,2409.40875,-1.976758,-6.938049,2.584738,-0.31144,-2.487636,14.837567,2.618432,-3.693653
2012-10-29,2235.85,2291.122167,2405.4085,-2.442026,-7.309827,2.910471,0.713063,-2.731698,14.423325,3.171948,-3.174184
2012-10-30,2239.88,2289.5715,2401.426,-2.194239,-6.964043,2.309412,-1.232631,-4.065682,13.81332,2.986321,-3.984142
2012-10-31,2254.82,2287.841,2397.640167,-1.453843,-6.141484,1.438937,-1.416303,-5.734261,16.219113,2.303953,-5.57295
2012-11-01,2297.88,2287.224333,2394.64325,0.464796,-4.12473,-2.309883,-4.643381,-8.261068,15.22876,0.386878,-7.929048
2012-11-02,2306.77,2286.4415,2391.722917,0.88516,-3.616571,-2.896178,-5.779026,-7.520134,15.321325,-0.211985,-8.283877
2012-11-05,2301.88,2285.046,2388.930917,0.734002,-3.711977,-2.197408,-5.670211,-8.758341,15.465449,-0.420091,-8.385754
2012-11-06,2292.21,2283.435,2386.236583,0.383553,-4.020106,-3.542044,-5.715149,-7.270454,17.965245,-0.205479,-7.999267
2012-11-07,2287.5,2281.730167,2383.487667,0.252552,-4.11053,-2.85524,-4.132303,-3.542674,18.342477,-1.55847,-7.809836
2012-11-08,2245.41,2278.958667,2380.744,-1.483048,-5.852491,-2.333499,-3.068774,-1.879575,21.05655,0.286807,-6.08174
2012-11-09,2240.92,2276.3115,2377.6355,-1.566987,-5.922001,-2.882848,-2.176196,0.260268,21.406691,0.487746,-5.893562
2012-11-12,2251.85,2274.6435,2374.951083,-1.007124,-5.322474,-3.472803,-3.444761,0.849018,20.343148,0.852632,-6.350334
2012-11-13,2212.44,2272.233833,2371.827833,-2.666744,-6.956492,-2.173105,-2.833051,2.06049,22.53757,2.649111,-4.682161
2012-11-14,2223.11,2270.4255,2368.45775,-2.106014,-6.333189,-1.277063,-4.317958,1.988985,20.812702,2.156439,-5.139647
2012-11-15,2193.62,2268.324667,2364.930667,-3.348838,-7.519556,-0.735276,-3.617687,2.21006,20.235474,3.529782,-3.864389
2012-11-16,2177.24,2266.054,2361.447167,-3.998197,-8.121662,0.706652,-1.741108,7.884782,21.617105,8.203965,-3.141133
2012-11-19,2174.99,2263.940667,2358.129583,-4.008289,-8.084469,0.028042,-3.088129,8.447251,18.253686,8.814293,-3.040934
2012-11-20,2164.88,2261.460333,2354.381167,-4.364584,-8.391299,-0.659946,-1.555305,8.973146,18.183796,9.388049,-2.588134
2012-11-21,2194.9,2259.782167,2350.581583,-2.913193,-6.852629,-3.040895,0.589629,7.722171,17.128083,8.028156,-3.920452
2012-11-22,2177.55,2257.704667,2346.709,-3.614827,-7.481353,-2.882412,1.1892,9.092326,16.476732,9.518496,-3.154922
2012-11-23,2192.68,2256.321333,2343.047667,-2.861122,-6.632796,-2.44776,2.436464,7.860894,16.833865,8.762793,-3.823175
2012-11-26,2175.6,2255.444667,2339.236,-3.604266,-7.251989,-3.116171,4.293779,9.030847,20.60204,9.616657,-3.068119
2012-11-27,2150.64,2253.981833,2335.83275,-4.693288,-8.260299,-0.895359,4.89354,12.966928,21.587845,13.845181,-1.943143
2012-11-28,2129.16,2252.554333,2332.252083,-5.63373,-9.110682,3.630524,6.306943,14.346587,17.868598,15.426741,-0.953897
2012-11-29,2115.68,2250.9595,2328.571083,-6.19803,-9.587854,4.071611,5.827747,14.450115,21.486999,16.16218,-0.322828
2012-11-30,2139.66,2249.872667,2325.21675,-5.022668,-8.316632,4.884224,9.62589,14.763178,21.398817,15.908602,-1.439948
2012-12-03,2108.85,2247.880667,2321.754417,-6.384507,-9.618034,7.40995,11.53538,17.928608,21.683305,19.636295,1.072623
2012-12-04,2131.47,2246.665,2318.197833,-5.263501,-8.397821,5.788899,10.528451,16.919549,20.13614,18.435164,3.38405
2012-12-05,2207.88,2246.798333,2315.428667,-1.747346,-4.756206,2.676419,7.132542,13.855131,16.053974,14.860862,-0.193851
2012-12-06,2203.6,2246.561333,2312.286667,-1.930836,-4.814455,1.756136,7.903126,13.627936,14.819856,15.083954,1.771646
2012-12-07,2246.76,2245.387667,2309.672833,0.061099,-2.761671,4.741666,5.42443,11.719931,11.773754,12.873204,-0.183375
2012-12-10,2271.05,2244.460667,2307.197833,1.177702,-1.579145,4.12543,4.737068,10.820229,10.966335,11.665969,-1.250963
2012-12-11,2258.5,2243.570833,2304.508583,0.663216,-2.016658,4.739552,8.073387,9.485926,11.741202,12.286473,-0.702236
2012-12-12,2267.77,2242.699167,2302.084833,1.111684,-1.501819,4.456123,8.039643,12.81122,9.848927,13.668053,-1.108137
2012-12-13,2242.64,2241.768833,2299.50175,0.038853,-2.503873,6.146991,8.622368,14.626412,11.862692,15.750187,5.048514
2012-12-14,2355.86,2242.440833,2298.199,4.934091,2.478007,0.682764,5.137288,8.975501,10.250951,10.187363,0.460129
2012-12-17,2366.7,2244.240667,2297.4505,5.312935,2.969655,0.611638,6.393227,7.567855,9.976369,9.682681,0.059999
2012-12-18,2368.12,2246.455333,2296.727167,5.274282,3.061125,3.333836,6.391098,9.165967,10.043268,9.616911,0.12626
2012-12-19,2371.11,2248.5365,2296.093083,5.307864,3.214918,3.58352,6.722589,9.633679,9.717906,10.112985,0.037535
2012-12-20,2384.82,2251.684333,2295.752167,5.744512,3.806312,2.475377,5.72481,8.519478,7.67453,9.479961,-0.537567
2012-12-21,2372,2254.566667,2295.005417,5.077569,3.299828,4.454524,6.295501,9.464309,8.54232,10.071669,0.388702
2012-12-24,2381.22,2257.328333,2294.30525,5.3431,3.718289,5.781589,6.083161,8.124176,4.839773,9.645476,2.661241
2012-12-25,2448.4,2261.299167,2294.135917,7.949525,6.507848,3.057262,1.412538,4.912074,1.888604,6.636987,-0.155612
2012-12-26,2457.62,2265.844667,2294.075083,8.124579,6.886365,3.139069,4.771576,7.606788,1.436961,7.903582,-0.530188
2012-12-27,2444.59,2269.059167,2294.193583,7.451214,6.349602,3.249433,6.004045,9.039714,1.695444,9.460891,1.45055
2012-12-28,2480.05,2272.174833,2294.255583,8.754127,7.787029,1.840977,3.838213,8.07828,0.141027,8.41354,0.128223
2012-12-31,2522.95,2276.389833,2295.1465,10.283807,9.463218,0.301572,1.174628,6.295182,-2.027996,6.570087,-1.574347
2013-01-04,2524.41,2279.794,2296.127333,10.192228,9.478344,-1.644724,2.774869,8.316149,-1.39536,8.671729,-1.631272
2013-01-07,2535.99,2283.325167,2297.0475,10.495131,9.895949,1.632507,2.91109,8.03002,-2.018669,8.361232,-2.08045
2013-01-08,2525.33,2287.0385,2297.682083,9.9114,9.447092,2.754612,2.794668,9.308189,-1.896839,9.755161,-1.667109
2013-01-09,2526.13,2290.731833,2298.31125,9.781714,9.451387,1.997237,3.168808,9.426492,-2.566978,9.885081,-1.69825
2013-01-10,2530.57,2294.660333,2299.401583,9.785974,9.579567,0.873055,2.041015,8.6739,-3.775066,9.692283,-1.870725
2013-01-11,2483.23,2297.744833,2299.976833,7.7632,7.666108,4.419593,3.499536,10.991154,-0.956546,11.783443,2.799982
2013-01-14,2577.73,2302.360333,2301.3385,11.297434,11.341826,1.278582,2.835211,6.012497,-4.736996,7.685444,-0.968682
2013-01-15,2595.86,2306.69,2302.768,11.810427,11.980599,0.040056,3.035669,3.399002,-5.178691,6.933348,-1.660336
2013-01-16,2577.09,2310.767,2304.256583,10.908135,11.190275,1.171571,4.240067,4.756822,-1.692886,7.712187,-0.944088
2013-01-17,2552.76,2314.2865,2305.817667,9.807369,10.173978,1.16796,5.120554,2.23858,-0.869104,8.738777,0.740767
2013-01-18,2595.44,2319.009167,2307.646417,11.261605,11.752792,-0.920057,5.541281,0.044684,-5.788438,6.950652,-0.915837
2013-01-21,2610.9,2324.061167,2309.736583,11.637883,12.25615,1.556629,5.11893,-0.227767,-4.517382,6.317362,-1.502547
2013-01-22,2596.9,2329.1555,2311.815,10.881267,11.62855,2.995614,6.513521,-1.135071,-5.095894,6.890523,-1.128653
2013-01-23,2607.46,2335.148,2313.967917,11.03013,11.94128,3.068496,6.257684,-0.491337,-6.338711,6.457625,-1.529074
2013-01-24,2582.75,2340.929667,2316.025917,9.830658,10.900197,3.952595,6.632885,3.447016,-5.291365,7.47614,-0.586971
2013-01-25,2571.67,2346.4595,2318.0155,9.16479,10.384406,6.461337,7.491618,3.708843,-3.110479,7.939199,-0.158652
2013-01-28,2651.86,2353.076833,2320.458917,11.953752,13.349631,3.562301,3.177286,-4.084776,-4.863217,4.675209,-4.002474
2013-01-29,2675.87,2359.376667,2323.3005,12.58771,14.128576,3.517907,0.363333,-2.00283,-5.607897,3.735981,-4.863839
2013-01-30,2688.71,2365.742333,2326.091917,12.796967,14.487195,3.189188,0.516755,-1.442642,-5.579569,3.240587,-5.318164
2013-01-31,2686.88,2372.159,2328.6025,12.458016,14.311237,2.680291,-2.881974,-2.540484,-6.103527,3.310903,-5.253677
2013-02-01,2743.32,2379.6775,2331.55625,14.220389,16.26329,1.030281,-5.496597,-5.099558,-7.667413,1.185425,-7.202951
2013-02-04,2748.03,2387.353,2334.541583,14.069907,16.306874,-0.385016,-5.346697,-5.831178,-8.236069,1.011998,-7.362001
2013-02-05,2771.68,2396.124167,2337.541417,14.560113,17.035393,-3.154574,-7.648592,-8.116269,-10.583046,0.150089,-8.152456
2013-02-06,2775.84,2405.0395,2340.6755,14.338708,17.051384,-2.672433,-6.749021,-9.372669,-10.189451,-0.148063,-8.946841
2013-02-07,2759.87,2413.5065,2344.075,13.410291,16.329271,-5.562265,-3.185869,-8.527795,-7.802804,0.42973,-8.419962
2013-02-08,2771.73,2422.828,2347.530917,13.453622,16.610757,-6.526878,-3.782775,-8.735878,-6.702261,-1.236051,-8.811825
2013-02-18,2737.47,2431.400667,2350.913083,11.856664,15.223034,-4.961682,-7.262062,-8.97479,-4.783335,-1.272343,-8.583838
2013-02-19,2685.61,2439.6005,2353.962583,9.607359,13.180778,-4.494017,-2.366163,-6.162722,-2.670116,0.63412,-6.818563
2013-02-20,2702.64,2448.357167,2357.205583,9.881182,13.675223,-4.076588,-1.959396,-3.481372,-3.180695,-1.084495,-7.405722
2013-02-21,2610.55,2455.6165,2359.778583,6.118308,10.099313,2.376396,0.34149,0.169935,-1.066749,2.404857,-4.139358
2013-02-22,2596.6,2462.811833,2362.136083,5.289918,9.463657,2.744102,0.397039,0.832617,0.02426,2.955018,-3.624355
2013-02-25,2604.96,2469.646167,2364.714167,5.334243,9.676017,-2.30038,-0.48448,0.311994,-0.206358,2.624608,-3.93365
2013-02-26,2567.59,2476.146833,2366.92575,3.626406,8.137575,2.127855,-0.467677,0.290124,2.946135,4.118259,-2.535452
2013-02-27,2594.68,2482.846833,2369.584083,4.405738,9.074875,2.117191,-2.623648,-0.430651,1.828495,3.031202,-3.553039
2013-02-28,2673.33,2491.142333,2373.2935,7.058351,11.904623,-2.034906,-5.341926,-6.731419,-1.46998,-0.167955,-6.509858
2013-03-01,2668.84,2499.779,2376.880417,6.544159,11.585504,-2.347064,-4.953102,-6.732313,-2.366245,-0.698431,-6.510694
2013-03-04,2545.72,2506.721667,2379.638,1.543773,6.746514,1.8159,-1.712728,-2.08505,2.210511,4.104143,-2.063463
2013-03-05,2622.81,2515.173833,2383.066667,4.190434,9.585809,-2.595532,-3.79656,-5.34144,-2.202661,1.0443,-5.201292
2013-03-06,2650.2,2523.682833,2386.77775,4.891583,10.469087,-4.740839,-1.521976,-6.494612,-3.441694,-1.159158,-6.288205
2013-03-07,2619.48,2532.193333,2390.037,3.388997,9.166698,-3.30702,-0.171555,-5.782693,-3.561064,-0.044665,-5.618672
2013-03-08,2606.93,2540.117667,2393.391333,2.596288,8.546196,-2.606039,0.435579,-4.611952,-4.823871,0.436529,-5.164312
2013-03-11,2592.37,2546.525833,2396.662083,1.78425,7.849554,-3.528628,0.796474,-4.217511,-7.712878,1.000629,-4.631669
2013-03-12,2555.61,2552.392667,2399.477,0.125972,6.304015,-1.201028,0.757801,-3.088759,-5.5859,2.453426,-3.259887
2013-03-13,2527.49,2557.0715,2401.229583,-1.163594,5.124578,3.218864,2.192997,-2.620801,-5.015926,3.593288,-2.586756
2013-03-14,2534.27,2561.4585,2402.959583,-1.06712,5.320449,3.135465,-1.389493,-3.921172,-4.665475,3.316142,-3.845289
2013-03-15,2539.87,2566.148,2404.859417,-1.029304,5.462145,3.041617,-1.779211,-3.211823,-5.632754,3.088347,-4.057294
2013-03-18,2502.49,2570.06,2406.379583,-2.664301,3.916287,4.325102,-0.372322,-1.774703,-7.508563,4.62819,-2.624186
2013-03-19,2525.1,2574.767667,2408.26825,-1.947864,4.737275,1.958829,-1.544881,-2.414971,-8.583911,3.691339,-3.496099
2013-03-20,2610.17,2579.006167,2410.7235,1.201124,7.948844,-1.025867,-4.972637,-2.968336,-18.413074,0.311857,-6.64133
2013-03-21,2614.99,2583.144333,2413.6925,1.225288,8.010254,-4.524958,-5.611138,-3.277618,-18.864594,0.12696,-6.81341
2013-03-22,2618.31,2587.314167,2416.88475,1.190874,8.004965,-4.820828,-5.04753,-6.66574,-18.858562,-0.198983,-6.93157
2013-03-25,2613.1,2591.347333,2419.941917,0.835931,7.679372,-4.697424,-5.013986,-4.601609,-19.00865,-1.131606,-6.74601
2013-03-26,2575.05,2594.517833,2423.101083,-0.753174,6.082079,-3.503709,-3.84656,-4.250947,-15.712072,0.329314,-5.368051
2013-03-27,2583.53,2598.043333,2426.305,-0.560192,6.278716,-3.946769,-4.813797,-5.416722,-15.466303,-1.923725,-5.678664
2013-03-28,2499.3,2600.011333,2428.669833,-3.950511,2.866698,-1.08618,-2.531678,-2.006962,-11.7612,1.381587,-2.4999
2013-03-29,2495.08,2600.789333,2431.04425,-4.14942,2.59999,-0.226702,-1.432612,-0.087009,-12.412404,1.553056,-2.334995
2013-04-01,2493.19,2601.382167,2433.613417,-4.247989,2.418586,-0.316561,-1.402381,1.306609,-11.516432,1.63004,-2.260959
2013-04-02,2486.39,2602.078833,2435.569,-4.547882,2.065145,-0.34285,-0.870091,1.736373,-11.024383,1.907987,-1.993653
2013-04-03,2483.55,2602.137167,2437.156,-4.664411,1.88572,-0.867028,2.0043,2.357685,-13.790624,2.385698,-1.881581
2013-04-08,2472.3,2601.293,2438.841417,-5.085974,1.362579,-1.445498,2.33352,2.219651,-13.380532,2.851596,-1.435101
2013-04-09,2489.43,2600.71,2440.252,-4.373072,1.995246,-1.20591,-1.618209,2.044097,-11.271941,2.143864,-2.113335
2013-04-10,2485.31,2599.865333,2441.59525,-4.506225,1.774578,-1.08582,0.412377,1.81262,-6.595074,2.313192,-1.951064
2013-04-11,2477.88,2599.0745,2443.0565,-4.775206,1.415344,-0.52724,-0.404387,0.621982,-8.526068,2.619982,-1.657062
2013-04-12,2462.11,2598.0075,2444.369667,-5.37261,0.723142,2.871329,-0.602924,1.804019,-6.49407,3.27727,-1.027168
2013-04-15,2436.82,2596.445,2445.552667,-6.344929,-0.357723,3.779018,0.524716,4.646163,-5.005388,4.755788,0.430479
2013-04-16,2459.59,2596.051,2446.897917,-5.399677,0.51736,-0.412299,1.345603,5.24544,-7.457439,5.38545,-0.49927
2013-04-17,2458.47,2594.063333,2448.211833,-5.36863,0.418131,1.498196,2.70899,5.966158,-9.06867,6.147726,-0.453941
2013-04-18,2464.85,2591.879833,2449.284917,-5.025246,0.633484,0.122853,2.606463,5.907578,-11.801026,6.085563,-0.711605
2013-04-19,2533.83,2591.158833,2450.962917,-2.237321,3.325102,-3.474253,0.353384,3.269013,-14.027967,3.323033,-3.414594
2013-04-22,2530.67,2590.790667,2452.538583,-2.347902,3.136045,-3.254301,-0.113869,2.040935,-11.053854,3.45205,-3.293989
2013-04-23,2449.47,2588.357833,2453.6835,-5.515196,-0.171869,1.757903,3.662306,5.857382,-8.531931,6.881489,-0.088182
2013-04-24,2495.58,2586.435833,2455.2485,-3.575963,1.629319,1.210794,1.400244,4.083257,-10.908155,4.906675,-1.93422
2013-04-25,2467.88,2584.2855,2456.7205,-4.608958,0.453215,2.48361,1.026369,6.906959,-10.404761,7.151077,-0.833509
2013-04-26,2447.31,2581.616333,2458.382167,-5.342623,-0.451402,3.827637,2.406943,7.675868,-11.751492,8.051698,0.095207
2013-05-02,2449.64,2579.397833,2460.16375,-5.16149,-0.428684,3.140433,4.121446,7.268401,-11.231811,7.948923,1.766382
2013-05-03,2492.91,2578.085167,2462.272333,-3.359624,1.236607,1.904403,3.899837,4.453077,-12.817111,6.075229,0.017249
2013-05-06,2525.98,2575.987167,2464.532,-1.960372,2.462717,0.18945,3.257168,2.988952,-11.776324,4.686498,-1.292172
2013-05-07,2529.94,2573.555,2466.465833,-1.709262,2.54093,-1.457241,3.301115,1.402407,-11.848389,4.522637,-1.446675
2013-05-08,2542.8,2571.123167,2468.43275,-1.1077,2.96824,-1.420694,2.915629,0.695234,-10.982312,3.994022,-1.9451
2013-05-09,2527.79,2568.471667,2470.315333,-1.596564,2.29996,0.981014,2.154804,0.001978,-9.720533,4.611538,-1.362851
2013-05-10,2540.84,2565.097,2472.38725,-0.950156,2.731055,1.995433,2.195076,-2.256016,-10.80474,4.074243,-2.230758
2013-05-13,2530.77,2561.476,2474.4145,-1.206005,2.25198,3.067718,2.683014,-5.307987,-10.576144,4.488357,-5.169573
2013-05-14,2493.34,2556.837,2476.480583,-2.514777,0.678474,4.758356,5.880589,-3.119124,-8.681524,6.056936,-3.745979
2013-05-15,2506.93,2552.355167,2478.697333,-1.795763,1.132574,4.336323,5.268925,-4.199144,-6.345704,5.482004,-4.26777
2013-05-16,2552.71,2548.9025,2481.2045,0.149267,2.841141,1.17379,3.146954,-5.390466,-7.888807,3.590302,-5.98462
2013-05-17,2592.05,2545.907833,2484.367917,1.796177,4.24308,0.199642,0.55324,-7.666371,-9.842531,2.018094,-7.411508
2013-05-20,2609.61,2543.776833,2487.58875,2.555087,4.788692,-0.384704,-0.268215,-11.700018,-11.69528,1.331617,-11.041497
2013-05-21,2614.85,2542.5975,2491.099,2.802054,4.848276,1.122234,-1.898708,-12.076518,-12.649923,1.128554,-11.375796
2013-05-22,2618.03,2541.187333,2494.77225,2.97907,4.822468,0.932602,-2.220395,-18.713751,-11.594031,1.005718,-17.067031
2013-05-23,2582.85,2540.725667,2498.171083,1.64437,3.333454,1.973164,-2.152826,-17.62791,-11.057722,2.381478,-16.161604
2013-05-24,2597.23,2540.736167,2501.774,2.199162,3.744541,0.353598,-4.451092,-18.050204,-11.780854,1.814626,-16.62579
2013-05-27,2599.59,2540.646667,2505.146417,2.29351,3.700656,0.116489,-7.991,-18.490298,-12.073738,1.722195,-16.881508
2013-05-28,2644.36,2541.926167,2509.0365,3.950694,5.253026,-3.020942,-8.999713,-18.368084,-14.521876,-0.068069,-18.288735
2013-05-29,2642.56,2542.724167,2512.7855,3.851213,5.035625,-3.152997,-9.468069,-17.725449,-12.347076,-0.311819,-18.233077
2013-05-30,2634.32,2542.074,2516.608167,3.56448,4.571305,-4.12599,-8.537421,-17.022639,-11.809816,-1.058717,-17.977315
2013-05-31,2606.43,2541.033833,2520.406417,2.541045,3.35613,-4.804689,-8.219612,-16.778471,-11.294617,-0.146177,-17.099634
2013-06-03,2602.62,2541.982167,2524.351917,2.357447,3.053427,-8.107489,-11.431802,-15.811994,-11.568016,-1.419723,-16.978276
2013-06-04,2565.67,2541.029833,2528.101833,0.965021,1.47509,-5.978772,-10.17781,-14.163162,-10.328092,-0.199948,-15.782622
2013-06-05,2560.54,2539.5355,2531.609167,0.823698,1.136304,-6.315072,-16.493356,-16.843543,-9.850445,-1.277074,-15.613894
2013-06-06,2527.84,2538.008167,2535.10075,-0.40144,-0.28682,-4.411431,-15.475085,-15.602161,-7.103679,-1.727957,-14.52228
2013-06-07,2484.16,2535.962,2538.039833,-2.063848,-2.145749,-3.414922,-13.599112,-11.060022,-5.522142,-2.633083,-13.01929
2013-06-13,2399.94,2532.754833,2539.640333,-5.386384,-5.657873,-3.324313,-10.499298,-3.099708,-2.454949,0.78377,-9.966916
2013-06-14,2416.77,2530.440833,2541.41675,-4.596159,-5.028976,-4.199039,-9.368371,-6.028926,-2.471144,0.081928,-10.593892
2013-06-17,2403.84,2528.38,2542.72575,-5.051132,-5.616918,-10.178284,-8.257381,-4.098945,1.518055,0.620258,-10.112986
2013-06-18,2418.75,2526.454667,2543.956583,-4.356612,-5.04697,-11.063654,-8.485219,-4.261085,2.294507,-0.743773,-10.66708
2013-06-19,2400.76,2524.136167,2545.142083,-5.011354,-5.840112,-10.18419,-8.55886,-5.036507,3.363785,-3.085273,-9.997667
2013-06-20,2321.47,2521.119167,2545.589583,-8.250231,-9.216168,-7.174985,-4.380192,-3.33481,7.706968,0.224858,-6.92363
2013-06-21,2317.39,2517.657333,2546.2125,-8.288729,-9.416541,-5.169333,-3.985352,-5.632085,7.139929,0.401314,-6.75976
2013-06-24,2171.21,2510.341333,2544.67375,-14.513412,-15.871783,1.920903,-0.350187,1.41677,13.232454,7.160984,-0.48222
2013-06-25,2165.42,2502.8485,2542.996417,-14.481515,-16.072874,2.578435,-0.127077,4.533121,11.417343,7.447516,-0.216124
2013-06-26,2168.3,2495.348333,2541.33125,-14.048488,-15.874461,1.625331,2.53909,3.660892,11.49802,7.304801,-0.34866
2013-06-27,2160.74,2487.809,2539.578167,-14.095165,-16.154724,2.794793,7.39959,3.498886,13.469409,7.680239,0.089321
2013-06-28,2200.64,2481.568833,2538.043333,-12.014273,-14.264522,1.18398,3.339445,1.056365,10.48428,5.727879,-1.725407
2013-07-01,2213.32,2475.398667,2536.721,-11.190781,-13.637865,-2.271091,4.158436,-1.701911,9.299835,5.122169,-2.288417
2013-07-02,2221.98,2470.776667,2535.394,-10.613385,-13.195036,-2.705512,4.224134,-1.477572,7.056561,4.712464,-2.669241
2013-07-03,2203.83,2465.9225,2533.355917,-11.236922,-13.934812,0.91376,3.522353,-0.491717,8.317395,5.57484,-1.867658
2013-07-04,2221.98,2461.402333,2531.39225,-10.233255,-13.037076,4.604797,1.045381,1.046717,8.082964,4.712464,-2.669241
2013-07-05,2226.85,2457.076667,2529.57775,-9.838427,-12.746436,2.155465,-1.646733,0.912367,9.215154,4.483463,-2.882098
2013-07-08,2163.62,2451.7445,2526.940833,-12.501707,-15.522667,6.429526,1.766957,5.165997,12.576544,7.536906,-0.043908
2013-07-09,2162.67,2446.584,2523.9385,-12.33492,-15.447701,6.929646,4.660198,5.879651,11.626781,7.584144,0.614981
2013-07-10,2224.06,2442.161167,2521.435583,-9.354902,-12.549406,2.608593,1.121801,2.511298,10.428038,4.614534,-2.162262
2013-07-11,2326.69,2439.5175,2519.691417,-4.735362,-7.968978,-3.559415,-3.900704,-2.168449,6.079931,-0.379939,-6.477872
2013-07-12,2275.37,2436.142333,2517.608417,-6.82731,-10.116673,-3.802198,-2.28308,0.466526,8.107092,1.866949,-4.36852
2013-07-15,2307.3,2433.562167,2515.784833,-5.327809,-8.650681,-4.662569,-5.860347,1.952385,4.825549,1.971568,-5.691934
2013-07-16,2317.85,2431.579333,2514.012167,-4.790095,-8.123992,-2.269448,-5.701707,1.762744,4.03675,1.778372,-6.12119
2013-07-17,2282.84,2428.6335,2512.34225,-6.190847,-9.57952,-1.486791,-4.014069,2.860348,6.084414,3.339262,-4.681449
2013-07-18,2245.33,2425.081167,2509.57225,-7.701249,-11.125982,-0.341289,0.001336,3.339548,9.589992,5.065625,-3.089078
2013-07-19,2190.48,2420.508333,2506.194083,-9.985688,-13.46446,1.519117,2.5591,5.058681,11.028837,7.696487,-0.662412
2013-07-22,2202.19,2414.981,2503.069917,-9.22391,-12.806563,-1.197778,3.39904,5.702949,9.369106,7.123818,-1.190633
2013-07-23,2265.84,2410.567167,2500.678917,-6.191651,-9.861671,-3.432258,1.219452,2.037067,5.773566,4.114589,-3.966299
2013-07-24,2249.15,2407.2285,2497.793167,-6.792372,-10.485524,-2.527278,1.389497,2.608458,5.172981,4.88718,-3.253674
2013-07-25,2237.68,2402.930167,2494.683,-7.124928,-10.872205,0.342625,1.732255,2.917675,5.574002,5.424815,-2.757767
2013-07-26,2224.01,2398.865667,2491.575583,-7.568411,-11.36034,1.039982,2.749607,2.789843,6.444269,6.072814,-2.160062
2013-07-29,2175.97,2394.343333,2487.979833,-9.563447,-13.399653,4.596818,7.812732,7.080284,10.110186,8.414638,0.616736
2013-07-30,2189.39,2390.005833,2484.701833,-8.767284,-12.65297,4.651711,7.464451,6.690396,8.083538,7.750104,0.1658
2013-07-31,2193.02,2385.007667,2481.546417,-8.392275,-12.360233,3.916775,6.874417,5.975571,8.390276,7.57175,2.386663
2013-08-01,2245.36,2380.330667,2478.158917,-5.837355,-9.865005,1.38963,3.338212,3.197261,5.842368,5.064221,0.084619
2013-08-02,2247.26,2375.619333,2474.587167,-5.554648,-9.636188,1.709624,2.499581,2.922704,5.897157,4.975392,1.3136
2013-08-05,2278.33,2371.2115,2471.167333,-3.995829,-8.124793,3.215914,2.303909,1.827101,3.249061,3.543824,-0.068032
2013-08-06,2293.64,2367.309,2467.890333,-3.161379,-7.322359,2.81274,0.817614,2.618832,2.024587,2.852671,-0.735076
2013-08-07,2280.62,2362.972,2464.0345,-3.547281,-7.735271,2.957643,1.218961,3.026582,1.191235,3.439854,-0.168375
2013-08-08,2276.78,2358.738833,2460.107417,-3.536492,-7.744285,1.948582,1.18542,2.813208,1.70319,3.614315,0.405397
2013-08-09,2286.01,2355.283333,2456.060167,-2.985309,-7.175057,0.789957,0.040237,3.091256,2.334299,3.195962,0.040245
2013-08-12,2352.79,2352.714333,2452.53475,0.003216,-4.152022,-0.912004,-0.732448,3.664615,-2.787134,3.73259,-2.79923
2013-08-13,2359.07,2349.487,2449.19475,0.407047,-3.749182,-1.995126,-0.774055,4.792848,-2.340374,4.909562,-3.057985
2013-08-14,2349.08,2345.4375,2445.672667,0.155181,-4.029644,-1.738681,-0.898846,5.539944,0.070216,5.696273,-2.645717
2013-08-15,2321.58,2340.637,2442.206917,-0.817513,-5.065412,-0.763163,-0.140952,7.70223,4.519049,8.006616,-1.492518
2013-08-16,2304.14,2335.4585,2439.028,-1.350073,-5.689209,-0.74972,0.423123,7.713334,4.581511,8.824117,-0.746916
2013-08-19,2331.43,2330.681833,2435.934583,0.032096,-4.384868,0.179557,-0.476809,6.112734,3.928785,7.550302,-1.9087
2013-08-20,2312.47,2326.1755,2433.450583,-0.590929,-5.099403,1.221071,1.801217,4.847155,4.130638,8.432109,-1.104447
2013-08-21,2308.59,2321.364833,2431.0505,-0.551835,-5.168652,0.839835,1.807621,5.22867,3.798143,8.614349,-0.938235
2013-08-22,2303.93,2316.437167,2428.541917,-0.541394,-5.267468,0.622211,1.627788,7.052849,3.610362,8.834036,-0.73787
2013-08-23,2286.93,2310.48,2426.203083,-1.024499,-5.911721,1.172843,3.051019,6.638073,4.300298,9.643059,1.179748
2013-08-26,2335.62,2305.364333,2424.04425,1.303865,-3.715994,-0.656365,4.397063,3.921462,3.320656,7.357361,-0.929518
2013-08-27,2340.88,2300.473667,2421.273833,1.741188,-3.376685,0.580146,5.566902,1.843737,4.127847,7.116127,-1.152131
2013-08-28,2328.06,2295.834167,2418.434,1.393905,-3.808492,0.967785,6.43879,2.83354,4.652822,7.705987,-0.607802
2013-08-29,2318.31,2291.095667,2416.538917,1.180831,-4.149784,1.005577,7.843182,3.838986,4.242894,8.158961,-0.189793
2013-08-30,2313.91,2286.899667,2413.96475,1.174169,-4.233179,1.878176,7.290211,5.380083,5.4198,8.36463,0.277885
2013-09-02,2320.34,2282.896333,2411.215917,1.626877,-3.841742,5.053428,6.589543,5.583446,6.458323,8.064335,0.922279
2013-09-03,2354.5,2280.007333,2409.00775,3.214973,-2.288655,4.986756,3.045938,3.128299,4.716075,6.496496,-0.541941
2013-09-04,2350.7,2277.783,2406.8725,3.151055,-2.361503,5.471005,3.421049,4.890157,4.230913,6.668652,-0.381163
2013-09-05,2341.74,2276.813,2404.783917,2.811758,-2.656581,6.837605,5.42506,5.435172,4.554882,7.076789,0.684961
2013-09-06,2357.78,2275.829833,2403.135333,3.537575,-1.905378,5.412035,3.587053,4.54931,3.972171,6.348345,1.130725
2013-09-09,2440.61,2276.442667,2402.411333,6.963402,1.577505,1.536115,-0.475601,-0.791451,-1.147669,2.739069,-2.301474
2013-09-10,2474.89,2277.378333,2401.9165,8.317102,2.992899,-1.940818,-3.723165,-2.518841,-2.656505,1.316018,-3.654708
2013-09-11,2482.89,2278.747167,2401.441667,8.57974,3.335395,-2.049956,-3.60525,-2.315878,-3.119162,0.989573,-3.965137
2013-09-12,2507.46,2281.847,2401.483083,9.428509,4.318379,-1.412544,-4.004196,-1.451787,-5.725836,-0.740191,-4.90616
2013-09-13,2488.9,2284.7055,2401.181417,8.560371,3.587997,-1.824981,-1.910128,-1.743178,-5.47143,-0.422275,-4.197035
2013-09-16,2478.39,2289.825167,2400.08325,7.913369,3.210573,-2.011716,-1.006097,-2.446578,-5.012195,-0.23604,-3.790767
2013-09-17,2427.32,2294.190167,2398.519333,5.640786,1.193617,-1.782347,0.082361,-1.110655,-3.98857,1.86296,-1.766557
2013-09-18,2432.51,2298.593667,2396.971,5.662616,1.471779,-1.555294,1.469108,-2.664147,-6.556433,1.645625,-2.628972
2013-09-23,2472.29,2303.786167,2395.797583,7.059092,3.142865,-2.591652,0.010112,-4.396521,-7.895389,0.010112,-4.301275
2013-09-24,2443.89,2307.840333,2394.704583,5.727887,2.033116,-0.085146,0.962257,-2.983647,-6.58037,1.172311,-3.189178
2013-09-25,2429.03,2311.4355,2393.417083,4.962324,1.476991,1.005618,-0.315851,-0.89156,-5.23636,1.79125,-2.596921
2013-09-26,2384.44,2314.143167,2392.459917,2.99248,-0.335779,1.864709,1.204324,-0.450595,-5.124385,3.694788,-0.775444
2013-09-27,2394.97,2317.328833,2391.625667,3.295555,0.139737,3.024403,1.289372,-0.418835,-3.894968,3.238871,-1.211706
2013-09-30,2409.04,2320.4465,2390.924417,3.74687,0.754825,2.601763,2.552409,-1.193878,-4.655402,2.635905,-1.788679
2013-10-08,2441.81,2324.029167,2390.552917,4.943718,2.121488,1.047403,0.16695,-2.40563,-4.685842,1.258493,-3.106712
2013-10-09,2453.58,2328.861833,2390.303167,5.216852,2.612798,-1.321469,-1.44048,-4.161486,-5.512791,0.772748,-4.076085
2013-10-10,2429.32,2333.306,2389.945,4.032524,1.634103,-0.660385,-1.193017,-3.722544,-5.871901,1.779099,-3.654109
2013-10-11,2468.51,2337.380167,2389.770667,5.458401,3.241732,-1.735031,-4.133255,-6.725505,-9.774619,0.163256,-6.504329
2013-10-14,2472.54,2339.811,2389.66425,5.517581,3.409309,-0.049354,-4.406633,-6.54519,-9.966335,-0.049342,-6.656717
2013-10-15,2467.52,2343.0135,2389.577917,5.177568,3.209685,-0.880453,-3.945904,-5.306267,-9.588542,0.154001,-6.466817
2013-10-16,2421.37,2344.914667,2389.238417,3.208448,1.335883,-0.119012,-0.575709,-5.660298,-8.58268,2.062882,-5.503083
2013-10-17,2413.33,2346.506,2389.042667,2.808012,1.011481,-0.532632,-1.654919,-4.61438,-9.034806,2.402904,-5.188267
2013-10-18,2426.05,2348.892833,2388.763167,3.232034,1.548869,-2.398224,-1.708207,-3.15385,-10.068392,1.865996,-5.685373
2013-10-21,2471.32,2352.659333,2388.87025,4.92061,3.393187,-4.357279,-3.746288,-1.731394,-11.047114,-1.029005,-7.413042
2013-10-22,2445.89,2356.916167,2388.71225,3.705501,2.365465,-3.06545,-2.57258,-1.388645,-10.18963,-0.694635,-6.450413
2013-10-23,2418.49,2360.521167,2387.751083,2.426095,1.279142,-0.456697,-2.721005,0.262629,-8.931863,0.430434,-5.390554
2013-10-24,2400.51,2362.765667,2386.666417,1.584839,0.578363,-1.122287,-2.529527,0.394138,-9.704924,1.182665,-4.681922
2013-10-25,2368.56,2364.755833,2385.992167,0.16074,-0.733287,0.690018,-2.592249,1.23362,-8.940464,2.547539,-3.396156
2013-10-28,2365.95,2366.893667,2384.911917,-0.039877,-0.798256,0.610991,-2.138557,0.954035,-7.846144,2.660665,-3.289588
2013-10-29,2372.05,2369.361,2384.113333,0.113426,-0.507273,0.492871,-1.360363,0.645872,-5.55837,2.396661,-3.53829
2013-10-30,2407.47,2373.219333,2383.781333,1.4329,0.988838,-2.264308,-5.084588,0.290754,-7.572764,0.890146,-4.957486
2013-10-31,2373.72,2376.2915,2383.148667,-0.108273,-0.396424,-1.40724,-2.959461,2.734705,-5.544997,2.772442,-3.606154
2013-11-01,2384.96,2379.4905,2382.249083,0.229596,0.113732,-3.282267,-1.445643,2.238117,-7.351469,2.288089,-4.060445
2013-11-04,2380.45,2381.742,2381.036333,-0.054261,-0.024628,-2.749548,2.014893,1.597787,-6.984992,2.481884,-3.878678
2013-11-05,2383.77,2384.017167,2379.81825,-0.010368,0.165915,-1.853234,1.183934,2.445347,-6.767769,2.475491,-4.012552
2013-11-06,2353.57,2385.271167,2378.241333,-1.337949,-1.042795,-2.82028,2.983634,5.036364,-6.636295,5.165345,-2.780882
2013-11-07,2340.55,2386.053,2376.681,-1.925459,-1.531903,-1.552221,2.923665,5.31032,-5.627189,5.750358,-2.240072
2013-11-08,2307.95,2386.5085,2374.74025,-3.347173,-2.852838,1.836623,3.825869,6.06626,-1.766855,7.244091,-0.859204
2013-11-11,2315.89,2387.160333,2372.949583,-3.031045,-2.433967,4.764442,3.092592,5.6649,-1.318299,6.876406,-1.199107
2013-11-12,2340,2388.060167,2371.67175,-2.033046,-1.344416,3.037168,2.006236,4.729128,-2.105341,5.775214,-2.217094
2013-11-13,2288.12,2386.982333,2369.848333,-4.229943,-3.509544,5.803915,5.375342,5.30408,-0.375246,8.173522,0.715872
2013-11-14,2304.5,2386.072833,2367.779917,-3.478512,-2.708904,4.475886,5.694166,4.476716,-0.388255,7.404643,2.006075
2013-11-15,2350.73,2386.100333,2365.768917,-1.493446,-0.637717,1.989246,3.68376,2.350567,-1.676436,5.292399,1.560792
2013-11-18,2428.9,2387.889,2364.263,1.702877,2.697213,-1.67185,-0.417106,-2.542655,-6.219343,1.903742,-2.510602
2013-11-19,2412.16,2389.689333,2362.573917,0.935924,2.077094,-1.030933,1.261412,-2.339607,-4.385534,2.610938,-2.31245
2013-11-20,2424.85,2391.246333,2360.964083,1.395496,2.669962,-0.428572,2.052729,-2.828247,-5.833638,2.073943,-2.82368
2013-11-21,2409.99,2392.871667,2359.523583,0.712842,2.116287,1.21828,2.386654,-3.272053,-6.236135,2.703331,-3.2191
2013-11-22,2397.96,2394.361167,2357.863,0.150192,1.686268,1.694514,2.240391,-5.125906,-7.958722,3.218569,-4.996747
2013-11-25,2388.63,2395.772833,2356.105,-0.298589,1.371015,1.254744,2.572308,-4.452903,-10.157982,3.621741,-4.625664
2013-11-26,2387.42,2397.447667,2353.963833,-0.419141,1.411264,2.292345,2.722892,-4.242595,-9.85276,3.674259,-4.577326
2013-11-27,2414.48,2398.762,2352.063167,0.653117,2.619106,2.481302,-0.071262,-4.635555,-11.41063,2.512342,-5.646765
2013-11-28,2439.53,2400.406167,2350.439917,1.616744,3.720289,1.168374,-1.21745,-7.408495,-11.295311,1.459707,-7.14072
2013-11-29,2438.94,2402.254167,2349.044167,1.515599,3.755501,0.545876,-1.333193,-5.71425,-10.749304,1.484251,-7.118256
2013-12-02,2418.79,2403.928833,2347.51225,0.6163,2.991126,1.317565,-2.125548,-5.05931,-10.198574,2.329677,-6.344495
2013-12-03,2442.78,2406.076667,2346.488167,1.513925,4.021692,0.430547,-3.601019,-4.725559,-12.118762,1.32472,-7.264264
2013-12-04,2475.14,2408.656667,2345.7765,2.722777,5.368048,-2.552564,-4.880976,-6.387669,-12.989838,-0.280388,-8.476692
2013-12-05,2468.2,2410.551667,2345.2795,2.363351,5.108456,-2.385824,-5.658707,-7.459677,-12.951802,-0.602868,-8.21935
2013-12-06,2452.29,2412.244833,2345.013917,1.64645,4.473095,-1.87907,-7.366296,-9.115374,-15.613787,0.042002,-8.712265
2013-12-09,2450.87,2414.063667,2345.438333,1.513157,4.397076,-3.443113,-7.025211,-9.086045,-15.039039,0.099965,-8.685487
2013-12-10,2453.32,2415.656,2345.742917,1.547132,4.484005,-4.031567,-6.965488,-9.011403,-14.879883,-1.65327,-8.776678
2013-12-11,2412.76,2415.191833,2345.81725,-0.10074,2.813747,-2.328412,-4.564292,-8.226462,-11.98113,-0.113977,-7.89718
2013-12-12,2410.01,2414.1105,2345.744417,-0.17,2.70281,-3.272883,-6.191045,-8.897142,-12.687608,-0.139833,-8.512828
2013-12-13,2406.64,2412.839667,2345.793417,-0.257275,2.56079,-5.487226,-4.381056,-9.265108,-11.60062,-1.608882,-8.848852
2013-12-16,2367.92,2410.514,2346.1805,-1.782807,0.922325,-3.582098,-2.933762,-6.773066,-10.208032,-0.451451,-7.358357
2013-12-17,2356.38,2408.305333,2346.505417,-2.179678,0.419938,-2.933921,-1.12454,-6.461378,-10.530016,0.036072,-6.904659
2013-12-18,2357.23,2406.286,2348.055583,-2.059728,0.389963,-2.23588,-1.506693,-6.366245,-12.177395,-1.052931,-6.938228
2013-12-19,2332.41,2404.704167,2349.447167,-3.052482,-0.727798,-2.918162,-1.80097,-6.827009,-7.734956,-0.10204,-6.599183
2013-12-20,2278.14,2402.131333,2350.3625,-5.299708,-3.121025,1.10617,-1.749078,-5.048179,-4.561827,2.277735,-4.922876
2013-12-23,2284.6,2399.003167,2351.394667,-4.886235,-2.881767,0.648336,-2.060834,-4.347276,-4.941979,1.988532,-5.191718
2013-12-24,2288.25,2396.409167,2352.12475,-4.61841,-2.753174,1.809381,-2.045915,-1.961648,-5.257641,1.825849,-5.342948
2013-12-25,2305.11,2394.343833,2352.889667,-3.798082,-2.051582,0.729187,-3.66217,-3.227964,-6.700826,1.081076,-6.035287
2013-12-26,2265.33,2392.358667,2353.250917,-5.455933,-3.80773,1.117193,-2.706096,-0.871207,-5.133674,2.856096,-4.385233
2013-12-27,2303.48,2390.833833,2354.081333,-3.722117,-2.172954,-2.855248,-4.884052,-3.875336,-7.067559,1.152604,-5.968795
2013-12-30,2299.46,2389.0075,2354.727,-3.820369,-2.375048,-2.70917,-3.839304,-3.523469,-6.112731,1.329443,-5.804406
2013-12-31,2330.03,2387.1445,2355.586833,-2.421674,-1.090874,-3.855296,-5.336838,-4.487557,-6.622146,-0.345489,-7.040253
2014-01-02,2321.98,2384.951167,2356.9065,-2.675838,-1.492968,-4.391357,-4.859552,-5.284989,-6.999529,-1.343681,-6.717973
2014-01-03,2290.78,2382.642167,2357.974083,-3.931766,-2.891044,-3.823289,-5.026039,-3.477831,-4.706146,-1.968762,-5.44749
2014-01-06,2238.64,2378.811,2358.095583,-6.073224,-5.19858,-2.028804,-3.299101,1.282259,-0.058982,1.290516,-3.245274
2014-01-07,2238,2374.902,2357.3565,-5.937356,-5.195825,-1.130133,-2.286441,2.102846,0.027699,2.125112,-3.217605
2014-01-08,2241.91,2371.141833,2357.077667,-5.604344,-5.009439,-1.481542,0.084268,2.176934,1.410667,2.200802,-3.386398
2014-01-09,2222.22,2367.822667,2356.368667,-6.346413,-5.861504,-0.468195,0.434206,2.547136,2.156825,3.106353,-2.530353
2014-01-10,2204.85,2364.348,2355.427,-6.984282,-6.606255,-1.20275,1.834889,4.03217,2.850783,4.114566,-1.762478
2014-01-13,2193.68,2360.475167,2354.684,-7.328244,-7.082604,-1.270297,1.008717,5.238106,1.61789,5.377721,-1.262262
2014-01-14,2212.85,2356.167333,2354.413333,-6.275501,-6.20103,-1.156308,0.315835,3.096377,0.885419,4.46483,-2.117631
2014-01-15,2208.94,2352.218167,2354.567167,-6.284602,-6.384415,1.565809,0.849281,4.415451,0.715426,4.649742,-1.944372
2014-01-16,2211.84,2348.774,2354.647583,-6.006874,-6.256632,0.902401,-0.425437,3.360854,0.569843,4.512533,-2.072935
2014-01-17,2178.49,2345.073667,2353.919667,-7.368484,-7.744991,3.037639,1.548208,3.862927,0.401307,6.112491,-0.573792
2014-01-20,2165.99,2341.6975,2353.226667,-7.799856,-8.29099,2.279014,4.58136,2.215363,1.411967,6.724869,0.988924
2014-01-21,2187.41,2338.721833,2352.80775,-6.688636,-7.289121,1.472143,4.389288,-1.357803,0.33135,5.679777,-1.348627
2014-01-22,2243.8,2336.584333,2352.972667,-4.051932,-4.750864,-0.716528,2.092666,-3.648518,-2.405472,3.023888,-3.827881
2014-01-23,2231.89,2333.658,2353.438667,-4.458823,-5.302876,-1.327838,2.112929,-3.547111,-2.912209,3.573653,-3.484939
2014-01-24,2245.68,2331.524,2353.90775,-3.751376,-4.706845,-1.489431,2.197281,-3.015608,-5.055578,2.93764,-4.077607
2014-01-27,2215.92,2328.706667,2354.098583,-4.964537,-6.049022,2.302347,4.229389,-1.159719,-2.626803,4.320102,-2.789361
2014-01-28,2219.85,2326.03,2353.886,-4.672333,-5.862795,2.917144,2.780542,-1.615795,-2.795197,4.135415,-2.961461
2014-01-29,2227.78,2323.430167,2353.723667,-4.203904,-5.499304,2.809195,3.56617,-2.905646,-3.253295,3.764734,-3.306879
2014-01-30,2202.45,2320.9115,2353.091333,-5.238962,-6.615955,3.440768,3.786291,-1.31718,-2.069903,4.958115,-2.194828
2014-02-07,2212.48,2318.777,2352.415,-4.692583,-6.13284,3.686712,2.314719,-2.014294,-3.456135,4.4823,-2.638216
2014-02-10,2267.53,2318.103333,2352.305917,-2.205819,-3.670495,1.927042,-2.365997,-7.780672,-5.999032,1.945729,-7.485678
2014-02-11,2285.56,2317.597833,2352.379083,-1.392016,-2.881612,-0.136602,-5.747091,-8.05584,-6.865509,1.141515,-8.215492
2014-02-12,2291.25,2316.785333,2352.42275,-1.108307,-2.634823,0.756975,-5.741184,-8.045414,-4.974971,0.890344,-8.443426
2014-02-13,2279.55,2316.6425,2351.812417,-1.614088,-3.120822,0.345523,-5.660041,-6.301803,-4.701836,1.408173,-7.973504
2014-02-14,2295.57,2316.493667,2351.28325,-0.907351,-2.398006,-1.371993,-5.212889,-7.822636,-5.516244,0.70048,-8.615725
2014-02-17,2311.65,2315.842333,2350.971333,-0.181192,-1.686702,-4.29304,-5.389108,-7.573617,-7.5251,-0.129345,-9.251401
2014-02-18,2282.44,2313.401333,2350.645167,-1.347383,-2.944478,-5.610489,-4.396337,-6.531343,-6.16627,1.148771,-8.090026
2014-02-19,2308.66,2311.676333,2350.682833,-0.130568,-1.803858,-6.498159,-6.471815,-8.484089,-8.754627,-0.919148,-9.13387
2014-02-20,2287.44,2309.386167,2350.31625,-0.954847,-2.711661,-6.005564,-5.103471,-9.172004,-7.801448,-1.012048,-8.763946
2014-02-21,2264.29,2306.957833,2349.91475,-1.866846,-3.711781,-3.840896,-4.329012,-4.770873,-5.836846,-2.198482,-7.831152
2014-02-24,2214.51,2303.900333,2349.13075,-3.957232,-5.901421,-1.096068,-5.414675,-1.729011,-3.850081,-1.090083,-5.759288
2014-02-25,2157.91,2300.055,2347.913917,-6.379288,-8.438708,1.214152,-2.308749,0.7631,-0.441213,1.504233,-3.28744
2014-02-26,2163.41,2296.3215,2346.884583,-5.962281,-8.140306,0.026344,-2.30423,0.352524,-0.34403,1.246181,-3.533311
2014-02-27,2154.11,2291.982,2345.372,-6.20393,-8.506638,0.902094,-0.641762,0.074249,-0.317572,1.683294,-3.116832
2014-02-28,2178.97,2287.639333,2344.02275,-4.866814,-7.301629,-0.488117,-2.609747,-1.246859,-0.44247,0.523183,-4.222178
2014-03-03,2190.37,2283.4965,2342.875333,-4.163734,-6.730847,-4.318607,-2.18451,-2.032505,-1.620551,-0.278492,-4.720664
2014-03-04,2184.27,2279.587833,2341.758333,-4.271298,-6.96204,-3.5229,-2.135006,-0.973468,-1.281369,-0.353436,-4.454578
2014-03-05,2163.98,2274.941167,2340.508917,-5.000507,-7.841927,-2.330574,-2.012274,0.771056,-0.651849,0.774037,-3.558721
2014-03-06,2173.63,2269.916,2339.286333,-4.334425,-7.344732,-1.543856,-4.068533,-0.39736,-2.108914,0.326643,-3.986879
2014-03-07,2168.36,2264.918667,2337.735167,-4.356773,-7.521146,-2.121631,-0.441861,0.785979,-0.822425,0.789076,-3.753528
2014-03-10,2097.79,2259.010333,2335.627583,-7.40424,-10.739622,2.134097,3.685664,6.439431,1.745108,6.651285,-0.515781
2014-03-11,2108.66,2253.306833,2333.68525,-6.634617,-10.1396,1.387894,3.071849,5.980693,1.207668,6.163156,-1.028615
2014-03-12,2114.13,2247.653667,2331.654833,-6.124348,-9.793486,0.3183,2.656754,7.279147,2.205263,7.550624,-1.284689
2014-03-13,2140.33,2243.113167,2329.1525,-4.690468,-8.454444,-2.524677,0.716011,5.911492,0.950462,6.234085,-2.493073
2014-03-14,2122.84,2238.327,2326.21875,-5.29739,-9.148928,1.67977,1.362889,6.641249,1.429782,7.109344,-1.689718
2014-03-17,2143.04,2233.933667,2323.386667,-4.153863,-8.080051,1.551567,0.152005,3.953402,1.537324,6.099746,-2.616377
2014-03-18,2138.13,2230.103833,2320.308917,-4.211653,-8.176872,1.683954,1.161539,4.320386,2.481432,6.343394,-2.392745
2014-03-19,2120.87,2226.178667,2317.242,-4.846013,-8.85513,2.338454,2.78333,4.784064,2.27487,7.208834,-1.598401
2014-03-20,2086.97,2221.674333,2313.980167,-6.254786,-10.32558,3.240688,3.671173,6.380993,3.450607,8.950296,2.842877
2014-03-21,2158.8,2218.780833,2311.7425,-2.740536,-6.844906,-0.316881,1.22784,1.309254,-1.488229,5.325181,-0.579025
2014-03-24,2176.55,2217.087667,2309.6095,-1.845342,-5.933741,-1.399563,2.753767,0.925615,-1.846443,4.466242,-1.389814
2014-03-25,2174.44,2215.251667,2307.127417,-1.859486,-5.923205,-0.522416,2.908844,0.926053,-1.872146,4.567613,-1.294126
2014-03-26,2171.05,2213.298333,2304.85375,-1.927294,-5.98063,0.444876,4.622393,0.890521,-1.215529,4.730891,-1.140001
2014-03-27,2155.71,2210.808333,2302.576083,-2.523807,-6.59084,0.430484,5.195481,0.560653,-1.041725,5.476154,-0.436515
2014-03-28,2151.97,2208.919,2300.638833,-2.611955,-6.680314,1.544721,5.278361,-0.793111,-0.134386,5.659466,-0.789974
2014-03-31,2146.3,2206.299333,2298.566583,-2.757117,-6.854027,4.153329,3.801397,0.565421,0.184334,5.938592,-0.527885
2014-04-01,2163.11,2204.026833,2296.517167,-1.873907,-5.98467,3.43126,3.158847,-0.205934,0.092879,5.11532,-1.300905
2014-04-02,2180.73,2201.5385,2294.3415,-0.949675,-5.078619,4.177517,2.000734,-1.118706,-0.744258,4.266003,-2.09838
2014-04-03,2165.01,2198.922333,2291.93675,-1.554241,-5.697222,4.764996,2.70982,-0.355363,0.270303,5.023071,-1.387522
2014-04-04,2185.47,2197.167167,2289.904667,-0.533797,-4.667928,3.73364,0.081414,-2.22782,-0.241888,4.039863,-2.310716
2014-04-08,2237.32,2197.145167,2287.978083,1.811985,-2.238977,-0.351932,-1.828152,-4.657791,-2.655035,1.628734,-4.57467
2014-04-09,2238.62,2197.1555,2286.02875,1.869604,-2.095654,-0.272413,-1.982791,-4.790363,-2.823801,1.569717,-4.677435
2014-04-10,2273.76,2197.686333,2284.414083,3.402971,-0.467472,-2.176782,-3.731872,-4.208704,-4.18944,-0.135898,-6.150605
2014-04-11,2270.67,2198.493833,2283.15825,3.230244,-0.548474,-2.055176,-4.634827,-4.311525,-5.520728,-0.090722,-6.022892
2014-04-14,2268.61,2199.5565,2281.95225,3.091156,-0.586402,-3.652226,-6.071471,-4.334857,-5.703059,-1.590401,-5.937556
2014-04-15,2229.46,2200.152833,2280.314,1.323258,-2.255375,-1.47622,-3.235977,-3.904885,-3.721757,0.137702,-4.285791
2014-04-16,2232.53,2200.480833,2278.324083,1.445957,-2.030465,-1.710378,-3.364781,-3.955313,-2.759757,-0.346244,-4.41741
2014-04-17,2224.8,2200.745167,2276.481667,1.087101,-2.29641,-1.555089,-3.11944,-5.054602,-2.264755,-0.014383,-4.928982
2014-04-18,2224.48,2200.955833,2274.864917,1.063144,-2.239749,-2.579651,-3.065183,-5.010437,-2.439517,-1.244785,-4.915306
2014-04-21,2187.25,2201.101833,2273.08775,-0.631302,-3.84941,-2.419245,-2.309234,-2.375226,-1.389423,0.436164,-3.296834
2014-04-22,2196.79,2201.615167,2271.656333,-0.219405,-3.351202,-1.759757,-2.829639,-3.046686,-1.497415,-0.096504,-3.716787
2014-04-23,2194.67,2201.736167,2270.229,-0.321452,-3.384901,-1.654403,-2.807572,-2.130366,-1.301567,-0.191373,-3.623779
2014-04-24,2190.47,2200.847333,2268.715833,-0.472631,-3.509783,-1.564351,-0.476832,-1.587076,0.101753,-0.475697,-3.438988
2014-04-25,2167.83,2199.779667,2266.718833,-1.463054,-4.460667,-0.485532,0.323303,-0.952474,1.374384,0.563697,-2.430541
2014-04-28,2134.97,2197.9345,2264.72925,-2.906546,-5.900262,0.110011,1.736614,1.597499,4.668756,2.111505,-0.928819
2014-04-29,2158.47,2196.977,2262.841833,-1.768269,-4.722183,-1.069883,-0.668908,-0.153467,4.616427,0.999782,-2.00744
2014-04-30,2158.66,2195.957167,2260.993583,-1.713036,-4.63167,-1.153168,-0.590531,-0.101967,7.375915,0.990892,-2.016066
2014-05-05,2156.47,2194.768667,2259.099417,-1.760402,-4.649362,1.087519,-1.935162,-0.304199,7.798345,1.093454,-1.916558
2014-05-06,2157.33,2194.016667,2257.464083,-1.686261,-4.537075,0.808835,-1.945253,-1.35619,7.356184,1.053154,-1.955658
2014-05-07,2137.32,2192.764,2255.7705,-2.561014,-5.393889,1.626603,-0.065992,0.619417,9.4969,1.999233,-1.037748
2014-05-08,2135.5,2190.5635,2254.333417,-2.545801,-5.415352,0.400974,-0.217046,-0.036532,8.690991,2.086162,-0.953407
2014-05-09,2133.91,2188.036,2252.816917,-2.504836,-5.422542,0.562637,0.677206,0.017338,10.730248,2.162228,-0.879606
2014-05-12,2180.05,2186.182667,2251.484,-0.280914,-3.224174,-3.022681,-1.110244,-0.86518,8.326784,-0.238527,-2.977455
2014-05-13,2174.85,2184.437667,2250.540083,-0.439874,-3.421053,-2.754088,-1.275777,-0.649506,8.30654,-0.114031,-2.745477
2014-05-14,2172.37,2182.384333,2249.439,-0.459927,-3.486211,-1.692595,-0.139115,-0.876611,6.895881,-0.139019,-2.63445
2014-05-15,2144.08,2179.5915,2247.716917,-1.642692,-4.720444,-0.618021,0.515441,1.488806,8.364257,1.499944,-1.349763
2014-05-16,2145.95,2177.316667,2245.359,-1.451089,-4.528307,0.114569,0.488564,2.116359,9.734366,2.138913,-1.435728
2014-05-19,2115.14,2174.091333,2242.883833,-2.74898,-5.864146,1.912437,1.630963,2.545408,10.828983,3.62671,0.029785
2014-05-20,2115.77,2171.230167,2240.308167,-2.587509,-5.719462,1.478311,0.589063,2.080051,10.87766,3.595854,0.590801
2014-05-21,2135.91,2169.0905,2238.024167,-1.541517,-4.670062,1.55348,0.685409,-0.422256,8.952588,2.619024,-0.421366
2014-05-22,2130.87,2167.6965,2235.798417,-1.713474,-4.806805,1.133462,0.180514,0.274628,10.240242,2.861742,-0.18584
2014-05-23,2148.41,2167.538167,2233.796583,-0.8864,-3.897461,0.373995,-0.659868,-0.667834,10.008412,2.02196,-1.00074
2014-05-26,2155.98,2167.414333,2231.867917,-0.528953,-3.459349,-0.281474,0.245064,-0.518974,9.665521,1.663745,-1.348343
2014-05-27,2147.28,2167.3005,2229.64125,-0.928046,-3.763877,-0.889248,0.626271,-0.649904,9.705801,2.075649,-0.948642
2014-05-28,2169.35,2167.140167,2227.38975,0.101918,-2.64028,-0.868071,-0.737495,-0.938774,8.179037,1.037177,-1.956346
2014-05-29,2155.16,2166.553333,2225.024917,-0.527261,-3.190315,-0.952948,0.973365,-0.22762,9.306526,1.702426,-1.310808
2014-05-30,2156.46,2166.089833,2222.838833,-0.445563,-3.031714,-1.033864,1.627795,0.40078,8.290442,1.641116,-1.370301
2014-06-03,2149.92,2165.8555,2220.398333,-0.73848,-3.225598,0.526538,0.914445,0.678648,7.789793,1.950305,-1.070272
2014-06-04,2128.27,2165.0995,2217.50775,-1.715688,-4.107449,1.51552,1.490988,1.981857,8.952395,2.987403,-0.063902
2014-06-05,2150.6,2164.8035,2214.861083,-0.658272,-2.944281,0.130576,-1.107665,1.366516,7.205461,1.918069,-1.101553
2014-06-06,2134.72,2165.419,2212.214667,-1.427839,-3.565863,1.926313,0.094113,2.039288,9.10844,2.676229,-0.365856
2014-06-09,2134.28,2165.846,2209.576417,-1.468169,-3.467148,2.661658,-0.007966,1.949224,9.854725,2.697397,-0.345316
2014-06-10,2161.27,2166.631667,2207.142667,-0.247772,-2.100276,0.387907,-0.764038,0.884444,9.911508,1.414909,-1.589806
2014-06-11,2160.77,2166.972333,2205.04275,-0.286632,-2.028226,-0.024531,-1.276175,-0.559698,10.868066,1.438376,-1.567034
2014-06-12,2153.41,2167.481833,2202.904417,-0.651342,-2.272405,-1.238241,-0.201279,-0.491591,11.928186,1.785076,-1.230606
2014-06-13,2176.24,2168.035167,2200.984417,0.377731,-1.130611,-1.832199,-1.200985,-1.305678,11.818732,0.717292,-2.266754
2014-06-16,2191.85,2168.9305,2199.517167,1.051175,-0.349193,-2.669624,-1.227015,-0.920804,10.938916,-0.519196,-2.962794
2014-06-17,2169.67,2169.743833,2197.96125,-0.003403,-1.295514,-1.151945,-0.235797,0.244439,11.431568,0.497772,-1.970807
2014-06-18,2160.24,2170.965,2196.319667,-0.495244,-1.656375,-1.251644,0.490868,0.490868,11.497282,0.93647,-1.542884
2014-06-19,2126.91,2170.4335,2194.607167,-2.025669,-3.133284,1.036962,2.474181,1.40806,13.665546,2.518207,0.303727
2014-06-20,2136.73,2169.769833,2193.42875,-1.534447,-2.618934,0.631214,1.945175,1.274643,13.156911,2.047053,-0.15725
2014-06-23,2134.11,2169.097667,2192.174667,-1.626156,-2.684435,1.442609,1.957189,1.496633,11.27247,2.172334,-0.034675
2014-06-24,2144.82,2168.6605,2190.979417,-1.105406,-2.129303,0.916147,1.648482,2.207803,11.296712,2.232355,-0.533844
2014-06-25,2133.37,2168.288167,2189.54825,-1.62351,-2.599235,1.742512,0.716477,2.976762,12.136769,3.021511,0.444367
2014-06-26,2149.08,2168.24,2188.5795,-0.887593,-1.821286,1.437219,-0.290312,4.010031,12.087827,4.091518,-0.289891
2014-06-27,2150.26,2168.306,2187.302667,-0.835745,-1.708036,1.31396,-0.104693,4.997514,10.105784,5.124497,-0.344609
2014-06-30,2165.12,2168.3395,2186.183167,-0.148588,-0.968139,0.514581,0.306211,7.077102,10.276792,7.333543,-1.02858
2014-07-01,2164.56,2168.07,2184.80425,-0.162026,-0.930913,0.732334,0.480236,7.423897,12.054294,7.706416,-1.002975
2014-07-02,2170.87,2168.167667,2183.545,0.124559,-0.582169,-1.026035,0,6.730518,11.562746,7.393349,-1.290727
2014-07-03,2180.19,2168.079667,2182.623417,0.55702,-0.111553,-1.727531,-1.066121,7.510968,11.143781,7.800238,-1.712695
2014-07-04,2178.7,2167.102667,2182.123917,0.533727,-0.157031,-1.418654,-0.670531,6.688236,11.646129,7.873962,-1.645477
2014-07-07,2176.29,2166.063833,2181.609667,0.470997,-0.244139,-0.208369,-0.460557,8.763686,11.887043,9.159165,-1.53656
2014-07-08,2180.47,2164.509,2181.097667,0.73469,-0.028782,-0.252098,0.559321,8.307521,12.806467,8.949905,-1.725316
2014-07-09,2148.71,2162.476333,2180.485083,-0.638635,-1.467971,1.026035,2.260285,9.515743,14.418091,10.56029,-0.272722
2014-07-10,2142.85,2160.380333,2179.968417,-0.814757,-1.717367,0.66141,4.300343,8.264083,14.078099,10.862636,0.240801
2014-07-11,2148.01,2159.022833,2179.587833,-0.51139,-1.459396,0.748122,5.102208,8.18113,13.356456,10.596319,0.421786
2014-07-14,2171.76,2158.01,2179.245417,0.63514,-0.344078,-0.252187,6.770891,8.53881,11.914506,9.386857,-0.67641
2014-07-15,2174.98,2157.179667,2178.962417,0.821781,-0.182934,0.811419,6.943661,8.039137,12.471382,9.224912,-0.823456
2014-07-16,2170.87,2156.286167,2178.621,0.674063,-0.35641,1.23425,6.730518,8.30674,11.867169,9.431702,-0.63569
2014-07-17,2157.07,2155.783167,2178.4425,0.059674,-0.985935,3.638933,8.577089,7.966784,12.395599,10.131799,0.327759
2014-07-18,2164.14,2155.239,2178.427083,0.412143,-0.658004,4.354085,7.358767,8.690971,12.598557,9.772011,0.099347
2014-07-21,2166.29,2154.766,2178.251083,0.533389,-0.550627,7.023078,9.224243,9.179613,11.626932,9.663065,1.219135
2014-07-22,2192.7,2154.803167,2177.82525,1.743428,0.680687,6.132242,7.748199,7.976693,9.807174,8.342226,0.233958
2014-07-23,2197.83,2155.303167,2177.541417,1.953912,0.927406,5.496268,7.255459,7.378943,8.630513,8.089343,1.782667
2014-07-24,2237.01,2157.003833,2177.469167,3.642001,2.697688,4.938155,3.963739,5.10778,6.645024,6.196217,1.047827
2014-07-25,2260.45,2158.7035,2177.84025,4.60561,3.723023,3.004682,3.078922,4.536632,4.683225,5.095003,2.723352
2014-07-28,2323.9,2161.4575,2178.707333,7.246405,6.451507,2.201165,1.767919,0.81256,3.913547,2.225569,-0.081329
2014-07-29,2331.37,2164.3725,2179.570583,7.43256,6.73282,1.615958,1.095476,-0.312751,5.019505,1.898026,-0.401481
2014-07-30,2322.01,2167.117167,2180.566917,6.90354,6.284829,1.759191,1.576222,0.240021,6.135167,2.308776,0.089578
2014-07-31,2350.25,2170.666,2181.715,7.948767,7.441044,-0.974416,-0.610304,-1.672022,6.50915,1.07946,-1.658121
2014-08-01,2329.4,2173.897667,2182.230583,6.908901,6.526317,0.07424,1.332205,0.380917,7.568745,1.984202,-0.777883
2014-08-04,2375.62,2177.926167,2182.981083,8.688533,8.456704,-0.433245,-0.04463,-0.858186,5.628645,-0.03578,-2.708346
2014-08-05,2369.35,2181.081167,2183.631917,8.279495,8.162615,-0.520482,0.228493,0.719544,5.505412,0.722139,-2.450883
2014-08-06,2363.22,2184.220667,2184.329167,7.876601,7.871633,-0.182969,0.123484,1.912021,5.869069,1.930417,-2.197849
2014-08-07,2327.46,2186.8055,2184.594917,6.233574,6.334713,0.364112,1.144041,4.155695,7.237282,4.243252,-0.695178
2014-08-08,2331.13,2189.923,2184.75725,6.248675,6.48484,1.257964,1.45771,4.943281,9.588991,5.067499,-0.851518
2014-08-11,2365.35,2193.579667,2185.448167,7.539124,7.910508,0.388615,-0.95536,3.32091,7.853814,3.547467,-2.28592
2014-08-12,2357.05,2197.6115,2185.851417,7.003975,7.540542,0.748975,-1.408227,3.147992,9.59136,3.912094,-1.941834
2014-08-13,2358.9,2201.663667,2186.446917,6.898212,7.591759,0.306453,-1.336201,2.699674,8.949709,3.830599,-2.018738
2014-08-14,2335.95,2204.997667,2187.044083,5.769221,6.586776,0.77993,-1.061718,4.290702,9.979313,4.850703,-1.056101
2014-08-15,2360.64,2208.827167,2188.261833,6.647109,7.582522,0.199746,-0.951288,3.191297,8.384409,3.754067,-2.090958
2014-08-18,2374.56,2212.596333,2190.06725,7.064552,8.087991,-1.343975,-0.813556,0.596225,6.791082,3.145846,-2.664915
2014-08-19,2374.77,2216.242833,2191.828583,6.908725,8.016443,-2.157203,0.491051,1.112216,6.61684,3.136725,-2.673522
2014-08-20,2366.14,2219.8905,2193.5955,6.380207,7.571796,-1.642654,1.788537,1.781064,6.976176,3.512894,-2.318544
2014-08-21,2354.24,2222.972,2195.056083,5.737292,7.001036,-1.841647,3.011653,2.970016,9.291163,4.036122,-1.824793
2014-08-22,2365.36,2226.475333,2196.514333,6.051046,7.405852,-1.151034,3.485571,0.571637,11.335013,3.547029,-2.286333
2014-08-25,2342.86,2229.582,2197.835917,4.955828,6.38992,0.530419,4.276269,2.387131,13.651687,4.541458,-1.347925
2014-08-26,2324.09,2232.484833,2199.170167,4.021332,5.524847,2.648253,4.556219,4.943148,15.841299,5.385764,-0.551183
2014-08-27,2327.59,2235.806833,2200.453167,4.023124,5.617007,3.431191,4.035875,4.592207,16.839891,5.227295,-0.700725
2014-08-28,2311.28,2238.484833,2201.644167,3.200226,4.859705,4.853301,5.35242,5.304836,19.496298,5.969852,1.168617
2014-08-29,2338.29,2241.877667,2203.648333,4.210613,5.930557,4.636605,4.142584,4.576977,18.724961,4.745776,0.72831
2014-09-01,2355.32,2245.561667,2205.703833,4.772092,6.562994,3.74585,1.40978,3.981543,21.625542,4.061868,1.001987
2014-09-02,2386.46,2249.314833,2207.97325,5.918545,7.773608,1.907966,0.621165,3.779402,21.79256,3.85173,-0.315949
2014-09-03,2408.84,2253.449333,2210.210833,6.668322,8.605739,0.604684,-0.007473,2.990327,25.365905,3.035486,-1.242092
2014-09-04,2426.22,2257.996167,2212.739,7.185672,9.210338,0.499119,-0.041637,1.658322,25.306459,2.297401,-1.949535
2014-09-05,2449.26,2262.5465,2215.290833,7.929499,10.040224,-0.49402,-2.913933,0.232046,28.375482,1.335097,-2.871888
2014-09-09,2445.22,2266.769333,2217.849917,7.577948,9.759688,-2.33607,-1.889139,0.054786,23.949356,1.502523,-2.711412
2014-09-10,2432.43,2271.148667,2220.44625,6.860503,9.118257,-1.286801,0.386929,1.284253,28.097185,2.036235,-2.199858
2014-09-11,2423.45,2275.5355,2223.25025,6.297674,8.622194,-0.612157,0.556332,0.860755,27.263515,2.414327,-1.837463
2014-09-12,2438.36,2280.726333,2225.579917,6.683172,9.130816,-0.540756,-0.047584,0.138112,26.970726,1.788087,-2.437704
2014-09-15,2437.19,2285.734,2227.751917,6.415854,8.985277,-2.419913,0.434393,0.716289,27.7675,1.836952,-2.390868
2014-09-16,2388.76,2289.978167,2229.537917,4.223212,6.898005,0.446931,2.571762,1.851094,32.417784,3.901606,-0.411929
2014-09-17,2401.33,2294.253333,2231.456917,4.56153,7.336805,1.673729,3.158237,0.718265,33.609678,3.357723,-0.933233
2014-09-18,2408.66,2298.8415,2233.564833,4.666528,7.547169,1.168489,2.997799,-0.529494,32.867411,3.043186,-1.234711
2014-09-19,2425.21,2303.443667,2235.841833,5.151287,8.13003,0.493172,1.699959,-1.432773,33.289502,2.340004,-1.908701
2014-09-22,2378.92,2307.254667,2237.780333,3.058824,6.116215,2.854306,3.145979,-0.425044,35.550398,4.331377,-0.424142
2014-09-23,2399.46,2311.160333,2239.749917,3.7494,6.88795,2.124831,1.943924,0.713857,32.62019,3.438274,-1.276537
2014-09-24,2441.86,2315.782,2241.926,5.301262,8.542473,1.484508,0.897324,0.389109,27.984283,1.642191,-2.990753
2014-09-25,2436.97,2320.217,2244.192333,4.909475,8.240977,1.829311,0.304423,1.302939,31.384314,1.846145,-2.796095
2014-09-26,2437.2,2324.5005,2246.290083,4.734466,8.156984,1.206787,0.185697,2.876337,34.631787,2.918103,-2.805268
2014-09-29,2447.8,2328.9855,2248.044083,4.97569,8.512912,0.291673,0.281897,2.610851,34.476593,2.645232,-3.226162
2014-09-30,2450.99,2333.563833,2249.813833,4.909538,8.564455,-0.180907,-0.720668,2.505288,34.406822,2.536934,-3.352115
2014-10-08,2478.38,2338.529,2251.519,5.808302,9.600002,-0.587184,-2.439972,1.006466,35.474319,1.40374,-4.420226
2014-10-09,2481.96,2344.083167,2253.27975,5.715422,9.666175,-1.524888,-3.527293,0.966722,38.33581,1.257474,-4.558091
2014-10-10,2466.79,2349.482167,2254.93125,4.872276,8.979823,-1.021091,-3.132732,1.423265,38.935714,1.880176,-3.971153
2014-10-13,2454.95,2354.597833,2256.810333,4.173645,8.415393,-0.009777,-3.571023,4.413664,39.491795,4.512516,-3.508014
2014-10-14,2446.56,2359.177833,2258.593917,3.636977,7.99405,-0.539761,-1.230067,4.478119,37.48697,4.870921,-3.177114
2014-10-15,2463.87,2363.992667,2260.586167,4.138129,8.610914,-1.852789,-0.508215,5.159116,36.428995,5.294516,-3.857346
2014-10-16,2444.4,2368.5515,2262.418833,3.152111,7.736517,-2.002406,0.998516,5.38928,36.283577,6.133202,-3.091556
2014-10-17,2441.73,2373.295833,2264.5395,2.842717,7.533538,-2.111641,2.69064,5.550499,36.405957,6.249258,-2.985588
2014-10-20,2454.71,2378.138667,2266.688833,3.169052,7.968853,-3.561247,2.328955,4.476823,35.544553,5.687434,-3.49858
2014-10-21,2433.39,2382.590333,2268.678167,2.109708,7.008799,-0.690306,3.225956,4.343763,39.279229,6.613408,-2.653089
2014-10-22,2418.64,2386.356,2270.579583,1.343788,6.317028,1.344573,3.446438,4.786359,40.744498,7.263586,-2.059422
2014-10-23,2395.94,2389.657833,2272.4805,0.262545,5.290367,3.000922,4.494015,5.724606,33.672382,8.27984,-1.131497
2014-10-24,2390.71,2392.2195,2274.611667,-0.06312,4.978105,4.802281,4.555997,7.753919,35.107266,8.516717,-0.915209
2014-10-27,2368.83,2394.025833,2276.364667,-1.058024,3.981644,5.890201,7.984688,11.188419,40.423872,11.838334,2.018718
2014-10-28,2416.65,2395.571667,2278.514583,0.876039,5.885855,3.916262,5.708186,10.550699,38.951362,11.127387,1.437113
2014-10-29,2451.38,2397.571833,2280.972167,2.219464,7.204939,2.101865,5.667331,10.509043,37.639894,11.081105,0.715923
2014-10-30,2468.93,2400.0205,2283.568833,2.830758,7.804536,1.493093,4.390764,10.944745,37.936597,11.566144,1.345522
2014-10-31,2508.32,2402.655,2286.6605,4.303883,9.252075,-0.246284,2.859858,11.315126,35.433239,11.98013,-0.245981
2014-11-03,2512.55,2405.7075,2289.802583,4.345413,9.283257,2.094486,2.147868,11.537133,33.867304,12.22901,-0.413922
2014-11-04,2513.17,2408,2292.963083,4.274838,9.17,1.791924,1.117808,15.138712,32.60045,16.344696,-0.43849
2014-11-05,2503.45,2410.235,2295.658083,3.794553,8.665023,3.565466,1.339921,17.006692,31.616955,18.538417,-0.051928
2014-11-06,2506.07,2412.615833,2298.41825,3.800422,8.649462,2.897671,1.230591,21.408856,29.142595,23.873236,-0.15642
2014-11-07,2502.15,2415.527333,2301.166417,3.523274,8.373423,3.106143,3.197922,22.224872,31.757956,24.888196,1.396799
2014-11-10,2565.73,2419.437333,2304.680167,5.870803,10.730113,0.053382,3.203732,23.729772,28.205285,26.781852,-1.115862
2014-11-11,2558.61,2422.658333,2308.119,5.459872,10.303124,-0.674116,4.842513,19.416452,27.454315,27.134655,-0.840691
2014-11-12,2594.32,2426.612833,2312.112167,6.682805,11.516298,-2.225545,4.841712,21.653817,24.43546,25.384687,-2.205588
2014-11-13,2579.75,2430.293667,2315.978667,5.968039,10.786015,-1.66708,6.553981,21.013479,26.00492,26.092838,-1.653261
2014-11-14,2581.09,2434.379333,2319.6885,5.851996,10.677888,0.09178,8.455268,21.282115,27.760274,26.027376,-1.704319
2014-11-17,2567.1,2437.820333,2323.32375,5.167252,9.977805,3.15035,9.389265,22.574388,29.098385,26.714191,-1.168634
2014-11-18,2541.42,2440.601333,2326.598833,4.047852,8.831551,5.516629,14.020904,26.222926,30.358245,29.982451,-0.169984
2014-11-19,2537.22,2443.308833,2329.775833,3.771579,8.529694,7.067257,15.66677,28.105054,31.303661,32.452054,-0.00473
2014-11-20,2537.1,2446.158167,2333.024333,3.6503,8.385627,8.221061,20.178266,27.672299,32.159269,32.458319,1.827283
2014-11-21,2583.46,2449.9785,2336.47525,5.305034,10.04861,8.363488,19.02695,26.968355,30.999028,30.954998,2.546972
2014-11-24,2649.26,2454.710167,2340.59275,7.627166,12.387615,6.238915,20.52604,24.787023,27.238693,28.129364,1.370194
2014-11-25,2685.56,2460.421833,2345.001917,8.755646,13.560305,8.504275,14.573939,21.355634,28.363657,26.397474,1.394867
2014-11-26,2723.02,2467.070667,2349.77775,9.871008,14.742081,8.599514,16.812105,17.086131,27.161924,24.658651,1.155702
2014-11-27,2754.49,2474.185667,2354.99625,10.732099,15.669317,11.957205,14.459498,19.13663,26.805148,23.234428,1.972416
2014-11-28,2808.82,2482.478,2360.481417,12.350721,17.389888,10.663462,12.826848,20.440324,22.22531,22.679275,0.391268
2014-12-01,2819.81,2490.503333,2366.1905,12.418467,17.538823,14.287125,13.185123,20.328608,22.486063,22.542299,3.692802
2014-12-02,2923.94,2499.980333,2372.771,15.664916,20.887355,6.069664,12.202022,16.762822,17.878469,18.24969,1.491481
2014-12-03,2967.55,2509.665167,2379.49,16.758735,22.085052,8.212591,12.438283,17.461161,15.887022,19.078364,4.609863
2014-12-04,3104.35,2521.257,2387.353167,20.804677,26.261906,2.502294,7.494033,15.960232,13.068658,17.304428,0.082465
2014-12-05,3124.89,2532.9015,2395.448833,21.00336,26.582846,2.163386,7.941406,15.287577,11.923519,16.533382,-0.57538
2014-12-08,3252.88,2546.295167,2404.420833,24.490133,30.22317,-1.102002,4.260983,11.348359,8.024038,12.017351,-4.487408
2014-12-09,3106.91,2557.323333,2412.046333,19.466752,25.315317,6.132358,6.781695,13.592399,14.531431,17.280192,2.449379
2014-12-10,3221.55,2570.475333,2420.812,22.577177,28.575959,4.225692,0.274026,9.616062,11.59648,13.106734,-1.196319
2014-12-11,3183.01,2583.134667,2429.335083,20.882364,27.02097,4.991739,4.677132,9.880817,15.203679,14.476235,0.32108
2014-12-12,3193.23,2595.715833,2438.221083,20.717061,26.976423,5.77802,7.613476,9.573343,16.261976,14.109851,0.75159
2014-12-15,3217.23,2608.7165,2447.22525,20.96624,27.356591,5.362984,7.143485,8.493342,17.852591,13.258611,0.409048
2014-12-16,3303.4,2623.9605,2456.969333,23.026742,29.602363,0.649337,4.5608,8.712539,15.045241,10.304232,-2.210147
2014-12-17,3360.6,2639.948333,2467.100833,24.136018,30.907582,-3.951666,5.022878,7.853085,14.695008,8.426769,-3.874606
2014-12-18,3345.93,2655.5695,2477.2055,23.108555,30.061357,-0.314607,8.466199,0.275478,17.154017,8.902159,-3.453151
2014-12-19,3383.17,2671.5355,2487.489583,23.615974,30.753914,1.835457,7.346171,0.384991,16.072092,7.703426,-4.515883
2014-12-22,3394.48,2688.4615,2497.858083,23.318149,30.671698,1.780501,7.087377,4.44843,14.91342,7.344571,-4.834025
2014-12-23,3324.92,2703.885833,2507.523083,20.675568,28.215017,3.911463,6.810704,7.045029,17.226997,9.590306,-2.843076
2014-12-24,3230.39,2717.028,2516.405,17.306424,24.977158,8.974544,9.342036,10.04472,20.659134,12.797216,3.25131
2014-12-25,3335.42,2732.002167,2526.109583,19.956387,27.79182,8.780806,5.203685,7.855222,20.350127,9.245312,0.59183
2014-12-26,3445.84,2748.812833,2536.656667,22.599858,30.632077,5.510714,1.959867,3.677789,16.184543,5.744608,-2.631579
2014-12-29,3455.46,2765.607167,2547.296333,22.269539,30.492305,5.306876,1.349857,2.001562,17.684373,5.450215,-2.902653
2014-12-30,3457.55,2782.383167,2557.9735,21.725243,30.13449,2.899241,4.151739,0.698916,17.645244,5.386473,-2.961345
2014-12-31,3533.71,2799.972,2569.2505,23.273889,31.873409,0.367492,2.830207,-2.850898,16.569721,3.11514,-5.052763
2015-01-05,3641.54,2819.298333,2581.69075,25.591863,34.396216,-3.577121,-8.190721,-8.226493,15.687188,0.061787,-7.897208
2015-01-06,3641.06,2838.8695,2594.175833,24.886894,33.900598,-3.550848,-6.96118,-5.754493,16.536295,0.074978,-7.885066
2015-01-07,3643.79,2858.6835,2606.640667,24.266314,33.496206,-3.957019,-2.638947,-6.872846,15.674703,-0.237116,-7.954081
2015-01-08,3559.26,2877.2285,2618.203167,21.272515,30.706439,1.252498,0.234325,-5.554537,19.93396,2.132185,-5.768053
2015-01-09,3546.72,2895.276,2629.634333,20.294279,29.917843,2.462714,0.702684,-6.834419,22.035852,2.49329,-6.606104
2015-01-12,3513.58,2913.095667,2640.823583,18.741914,28.554463,-4.6136,2.651537,-4.889377,23.360892,3.460004,-5.725215
2015-01-13,3514.04,2930.9675,2652.131667,18.14338,28.140265,-3.410332,1.717922,-3.095185,22.039878,3.44646,-5.737556
2015-01-14,3502.42,2948.429333,2663.284,17.218156,27.389421,1.318072,0.651705,-1.969345,25.362983,3.789665,-5.424821
2015-01-15,3604.12,2967.9415,2675.265917,19.420902,29.802885,-1.018173,-3.452823,-4.577221,24.313919,0.860959,-8.093515
2015-01-16,3635.15,2988.216667,2687.286333,19.59736,30.211849,-1.76003,-5.681105,-4.654477,21.828631,-0.747149,-8.878038
2015-01-19,3355.16,3004.203667,2696.93075,11.048693,21.838509,7.265137,-0.035772,4.211493,31.971341,7.535557,-1.273859
2015-01-20,3396.22,3020.962167,2706.590833,11.708767,22.69732,5.128255,1.206687,3.645681,33.3334,6.235462,-2.467449
2015-01-21,3548.89,3040.629833,2717.327833,15.45702,26.69859,-0.666367,-4.233899,-1.996759,28.959,1.665309,-6.66321
2015-01-22,3567.61,3059.8125,2727.692083,15.354226,26.844004,-2.43465,-5.788861,-0.037006,27.622815,1.13185,-7.152968
2015-01-23,3571.73,3078.485,2738.028417,14.861248,26.581197,-3.921075,-7.537103,0.031073,29.714585,1.015194,-7.260067
2015-01-26,3607.99,3097.469333,2748.744917,15.25654,27.200642,-7.300909,-7.540914,-0.186705,27.327863,-0.18653,-8.192096
2015-01-27,3574.93,3115.246167,2758.950583,13.763742,25.909521,-3.921568,-4.813107,-1.892803,28.930805,0.736518,-7.343081
2015-01-28,3525.32,3132.125667,2768.916583,11.825931,24.151509,-3.567533,-2.621051,0.155893,29.815025,2.154131,-6.039168
2015-01-29,3481.8,3148.2695,2778.13475,10.069646,22.576965,-3.354211,-1.124398,0.416731,31.850908,3.430984,-4.864725
2015-01-30,3434.39,3163.785167,2787.010083,8.207018,20.886996,-3.616029,1.026628,1.276759,29.152978,4.858796,-3.551431
2015-02-02,3353.96,3177.916667,2795.26625,5.391589,18.221438,-0.240004,4.247265,5.334919,30.57171,7.373374,-1.238536
2015-02-03,3437.45,3193.505,2804.516167,7.361086,20.349888,-0.891539,2.438995,2.390435,26.267863,4.765451,-3.637289
2015-02-04,3401.77,3207.439,2813.438167,5.882308,18.98886,0.946482,2.23714,3.548526,29.26758,5.8643,-2.626574
2015-02-05,3366.95,3220.911333,2821.784833,4.434295,17.663769,2.229814,5.751855,6.493569,33.153829,6.959117,-1.619567
2015-02-06,3312.42,3232.879667,2829.74625,2.430576,15.7492,4.642656,7.568176,8.814837,35.992227,9.215015,1.011345
2015-02-09,3345.92,3245.649167,2837.971417,3.042631,16.465219,4.487269,7.354209,10.212239,34.373654,10.751901,1.823714
2015-02-10,3406.94,3259.413333,2846.896333,4.426731,17.958513,3.330534,2.920304,9.783818,32.191392,10.278432,0.797783
2015-02-11,3434.12,3273.863667,2855.842,4.778987,18.439399,1.290658,2.776943,11.328594,29.608623,11.995213,0.254796
2015-02-12,3442.87,3288.887833,2864.744583,4.575596,18.382623,3.522041,1.541128,10.909923,28.433187,11.710579,0.783068
2015-02-13,3469.83,3304.431333,2873.870083,4.884121,18.844602,2.92552,0.250131,11.496401,31.00775,12.183306,0.250445
2015-02-16,3499.48,3320.471,2883.314583,5.250775,19.367386,2.86694,1.087655,12.667047,30.656549,13.504292,-0.598946
2015-02-17,3522.32,3336.118667,2893.048583,5.431181,19.680904,-0.41023,-0.048559,12.04142,31.799732,12.796396,-1.243499
2015-02-25,3478.73,3349.943167,2902.326667,3.77239,18.115457,1.486285,1.311386,12.461749,35.298894,14.209783,-0.006037
2015-02-26,3566.29,3364.622,2912.521917,5.821022,20.25065,-1.980913,0.741714,10.218974,35.761666,11.405691,-2.461101
2015-02-27,3572.84,3378.785667,2922.928167,5.584442,20.077489,-2.675388,1.246661,10.583342,37.509011,11.201453,-2.639917
2015-03-02,3601.26,3392.8985,2933.542083,5.959921,20.507319,-1.779285,2.858029,12.68161,36.37973,13.520823,-3.408252
2015-03-03,3507.9,3404.549833,2943.513917,2.990484,17.541349,0.36167,6.863514,14.399557,32.065878,16.542091,-0.837538
2015-03-04,3530.82,3416.4,2953.451667,3.294277,17.85556,-0.1749,8.551651,15.526918,31.555606,16.797231,-1.481242
2015-03-05,3496.34,3425.94,2962.960167,2.034082,16.552788,2.722627,9.368795,16.529598,37.28423,17.974224,-0.509676
2015-03-06,3478.52,3434.456167,2972.060667,1.274832,15.735138,3.922049,11.246269,18.143861,39.4692,19.894093,1.209997
2015-03-09,3537.75,3441.6795,2981.46825,2.753135,17.107505,4.637315,11.579392,18.578762,37.426035,20.416649,-0.484489
2015-03-10,3520.61,3448.274833,2990.588167,2.076021,16.316419,6.501844,12.089979,19.900353,38.644488,22.018627,0.114753
2015-03-11,3524.65,3452.804333,2999.54975,2.059439,16.131895,8.726551,11.150364,18.999024,39.473529,21.878768,1.93466
2015-03-12,3592.84,3460.903167,3009.11325,3.741339,17.729754,6.646168,9.47726,18.994929,39.885427,20.918827,0.690818
2015-03-13,3617.66,3467.505,3018.990167,4.239209,18.090501,7.32422,9.336681,20.055434,38.516834,22.208002,2.432788
2015-03-16,3705.67,3476.216,3029.675333,6.391973,20.140862,6.942077,9.82358,18.03803,35.956013,19.767276,1.388413
2015-03-17,3757.12,3485.614167,3040.665,7.500845,21.157646,5.588136,7.536043,15.351245,34.529674,18.127183,2.199025
2015-03-18,3846.05,3496.0945,3052.4055,9.540016,23.111668,2.423813,6.975267,16.003734,32.726473,17.355469,-0.164064
2015-03-19,3839.74,3505.0335,3064.497,9.120458,22.552121,2.831092,7.160803,17.981216,30.731686,19.69925,1.375874
2015-03-20,3892.57,3513.899667,3076.924,10.234317,23.513921,2.012461,6.897592,14.986707,26.324899,18.074691,1.229008
2015-03-23,3972.06,3524.335167,3089.952333,11.959304,25.112919,2.881503,6.99937,15.092802,25.754058,16.291295,-0.796816
2015-03-24,3973.05,3534.1665,3102.851,11.705658,24.72127,1.947907,7.810374,17.646299,21.591648,19.299027,-0.821535
2015-03-25,3940.41,3543.265333,3115.863417,10.623607,23.477848,4.551454,7.84866,18.49401,16.279361,20.314637,0.243376
2015-03-26,3950,3553.683333,3128.784583,10.573095,23.307096,4.329711,9.517668,17.440847,19.199822,20.022532,0.549367
2015-03-27,3971.7,3566.0385,3141.53325,10.77389,23.448324,4.885131,10.718753,19.10017,20.597764,21.046152,2.001662
2015-03-30,4088.18,3578.5845,3155.293333,13.313255,25.901842,4.117867,8.21445,14.832958,14.08489,17.597317,-0.904559
2015-03-31,4051.2,3588.673833,3168.743333,12.123041,24.567805,5.862467,7.815202,16.424052,6.798295,18.670764,1.79453
2015-04-01,4123.9,3599.8145,3182.710833,13.5917,25.906602,3.297206,9.028467,14.132214,1.627128,16.578724,0.021339
2015-04-02,4124.78,3610.935,3196.659083,13.304594,25.490646,5.187958,10.820414,14.90458,8.104664,16.553853,1.109393
2015-04-03,4170.54,3621.548833,3210.760417,14.114373,26.153772,5.833622,8.089116,9.732359,1.958379,15.275,2.146005
2015-04-07,4260.04,3631.857167,3225.57775,15.953442,27.816647,4.096583,8.093432,6.658028,-3.634226,12.853166,0.049295
2015-04-08,4295.8,3642.7695,3240.8195,16.489356,28.181157,1.952735,9.835925,3.977074,-10.027804,11.91373,-0.783556
2015-04-09,4262.14,3653.075333,3255.879417,15.420201,26.930897,5.73126,10.64535,6.72003,-6.384209,12.797562,1.930486
2015-04-10,4344.42,3666.161333,3271.694917,16.974711,28.358409,5.632456,7.923179,7.665332,-10.076187,10.661262,0.830721
2015-04-13,4421.07,3680.733833,3288.004917,18.32696,29.610078,2.255493,8.381417,7.121956,-18.808834,8.74268,-0.917425
2015-04-14,4438.18,3696.143833,3304.61975,18.295431,29.492297,3.996849,6.618508,6.123385,-12.987571,8.323457,-1.299407
2015-04-15,4380.51,3710.585,3320.77625,16.597561,27.696659,7.883189,8.608849,7.05633,-6.457946,9.74955,2.044967
2015-04-16,4513.55,3727.437167,3337.93325,19.136307,30.173216,4.91409,5.103748,2.276295,-6.91915,6.514606,-0.962878
2015-04-17,4596.14,3743.970833,3355.956167,20.507005,31.448009,2.290723,4.084166,-0.457952,-11.127081,4.6006,-2.742519
2015-04-20,4521.92,3758.750333,3373.4835,18.485014,29.299079,6.125924,1.643243,4.524641,-13.098704,6.317449,-1.146195
2015-04-21,4619.16,3779.817,3392.010333,20.053727,30.879011,2.621659,-1.435404,2.8967,-14.457873,4.079313,-3.22721
2015-04-22,4739.81,3802.210167,3411.586167,22.041453,32.881972,0.72566,-5.858851,2.112013,-13.252734,2.134474,-5.690523
2015-04-23,4740.89,3822.076833,3431.353333,21.543093,32.327014,0.189658,-3.92532,4.343135,-13.056318,4.438829,-5.712008
2015-04-24,4702.64,3840.994,3450.40325,20.239287,30.963294,1.793443,-0.257847,8.101844,-12.116531,8.43909,-4.945095
2015-04-27,4807.59,3861.591667,3470.038333,21.911647,32.603028,-4.482681,-1.259461,7.825499,-14.536377,8.139837,-7.020149
2015-04-28,4741.86,3880.4895,3488.979417,20.046816,30.68202,-4.057063,-0.495123,8.865162,-10.931991,9.638834,-5.731295
2015-04-29,4774.33,3900.4795,3507.862833,20.215416,30.824668,-6.584511,-1.55252,1.24227,-13.383275,8.893185,-6.372412
2015-04-30,4749.89,3920.889,3526.507333,19.180305,29.78135,-4.114978,-2.827452,1.896473,-21.820355,9.453482,-5.890663
2015-05-04,4787.74,3942.654667,3545.462083,19.420421,30.038998,-2.05129,-4.542118,5.850053,-22.814325,8.588186,-6.634654
2015-05-05,4596.84,3962.028833,3562.907,14.861289,25.479233,3.22322,2.881399,11.592981,-15.6633,13.097693,-2.757329
2015-05-06,4553.33,3982.018333,3579.9675,13.407002,24.050511,3.56194,4.332104,12.189245,-17.68107,14.178414,-1.828113
2015-05-07,4470.09,3999.229,3596.367,11.130695,21.748437,5.031991,7.970864,14.767061,-15.802237,16.304593,1.975575
2015-05-08,4558.4,4018.506167,3612.972583,12.606145,23.244082,1.287525,8.268454,13.754475,-17.430533,14.745305,0.367234
2015-05-11,4690.53,4040.565833,3630.738583,14.916084,25.610949,-2.490828,8.359691,13.225167,-17.229593,14.139554,-2.460063
2015-05-12,4747.42,4064.4825,3648.681083,15.531488,26.323556,-0.341822,9.08496,11.339443,-20.514816,12.771779,-3.628918
2015-05-13,4718.44,4087.357833,3666.5035,14.357948,25.223975,0.770163,9.360284,11.794598,-20.813052,13.464408,-3.037021
2015-05-14,4700.78,4108.921833,3684.167583,13.456779,24.368385,2.938873,2.79479,12.122099,-18.497399,13.890673,-2.672748
2015-05-15,4617.47,4128.644333,3701.254,11.189783,22.117525,6.980929,4.723926,14.446444,-12.268189,15.945529,-0.916736
2015-05-18,4575.14,4147.5155,3718.201667,9.812782,20.739717,10.85052,10.392171,13.208422,-11.781282,17.018277,3.41148
2015-05-19,4731.22,4168.538667,3736.485,12.661756,23.603777,9.426781,8.711582,6.81355,-16.386434,13.157917,0.500928
2015-05-20,4754.92,4189.462667,3754.966833,12.660739,23.610042,8.590121,7.857141,7.764556,-15.419625,12.593903,1.66333
2015-05-21,4840.98,4211.440333,3773.7795,13.931247,24.904016,-0.144083,6.796197,1.833336,-17.260478,10.592277,-0.143979
2015-05-22,4951.33,4235.983667,3792.963417,15.604066,26.650861,-2.257003,5.486021,-6.557784,-19.408143,8.127513,-6.347385
2015-05-25,5099.5,4261.537167,3813.079583,17.951256,29.070534,-0.458349,4.865475,-6.34287,-28.747684,4.985783,-9.068536
2015-05-26,5198.92,4288.6385,3833.712083,19.24816,30.461737,-0.715199,2.254483,-6.327905,-29.103453,2.978119,-10.807437
2015-05-27,5181.43,4314.974667,3853.936583,18.298963,29.598596,-0.73298,2.434313,-9.61323,-32.027656,3.325723,-10.506366
2015-05-28,4834.01,4337.0765,3870.813167,10.847585,22.221175,6.94028,9.327309,-10.868027,-29.765229,10.751736,-10.298282
2015-05-29,4840.83,4358.91,3887.655,10.486417,21.928005,7.743024,9.722518,-14.40156,-39.060651,10.595704,-13.412576
2015-06-01,5076.18,4385.240667,3905.590333,14.63145,26.215006,5.323824,2.81625,-12.649969,-51.173814,5.468088,-17.427081
2015-06-02,5161.87,4413.2965,3923.876333,15.6677,27.421889,2.969683,-1.898032,-19.36696,-53.415975,3.717258,-18.797839
2015-06-03,5143.59,4440.0605,3940.87,14.708328,26.634977,3.167293,-0.092585,-22.481499,-47.283952,4.085862,-20.133603
2015-06-04,5181.42,4467.740667,3958.00775,14.819631,26.933834,2.387029,-4.962861,-28.771939,-43.842295,3.325922,-25.002798
2015-06-05,5230.55,4496.172333,3974.488333,15.128999,27.462042,1.979494,-12.043805,-26.858714,-44.063092,2.355393,-25.707239
2015-06-08,5353.75,4525.520833,3993.212,16.806458,29.320133,-2.507574,-11.208346,-30.966686,-46.523742,-0.34798,-27.416857
2015-06-09,5317.46,4553.850833,4010.677917,15.502253,28.203546,-4.867715,-8.582389,-37.270234,-45.732116,0.332113,-31.112975
2015-06-10,5309.11,4580.574833,4028.395417,14.759971,27.605608,-3.259879,-12.047543,-30.905554,-49.061846,0.489913,-31.004632
2015-06-11,5306.59,4606.399333,4046.00675,14.150295,27.121904,-7.34989,-20.195336,-25.636375,-46.477066,0.537633,-30.971867
2015-06-12,5335.12,4631.217167,4063.655833,14.149166,27.222836,-14.023299,-24.124078,-23.641889,-45.073891,-2.135847,-31.341001
2015-06-15,5221.17,4654.241,4079.63725,11.494267,24.671344,-8.700772,-15.466219,-23.877551,-44.1507,-1.577041,-29.842545
2015-06-16,5064.82,4673.7785,4093.839083,8.035075,21.283542,-3.714674,-17.468928,-24.436896,-41.419741,1.461256,-27.676798
2015-06-17,5138.83,4693.224667,4108.779917,9.070552,22.36993,-8.787665,-22.388914,-25.119128,-44.863755,-4.053063,-28.718405
2015-06-18,4930.55,4709.183,4121.67475,4.593611,17.919097,-12.845446,-23.809078,-17.198083,-44.73404,-1.022604,-25.707274
2015-06-19,4637.05,4720.793667,4132.0295,-1.789855,11.53097,-10.100779,-14.814909,-10.841669,-33.735681,5.242126,-21.004949
2015-06-23,4786.09,4734.7285,4144.205917,1.078941,14.40026,-6.765447,-19.75834,-13.875505,-39.106682,1.964861,-23.464874
2015-06-24,4880.13,4749.869,4157.95375,2.705482,16.014879,-13.754254,-28.687846,-16.033971,-40.612617,-3.557487,-24.939704
2015-06-25,4706.52,4760.174667,4169.379583,-1.133558,12.118154,-13.601249,-18.858011,-10.183923,-35.252943,-4.961628,-22.170946
2015-06-26,4336.19,4764.9245,4176.799167,-9.428561,3.745088,-10.963632,-5.441039,-3.757518,-26.131574,3.155074,-15.523997
2015-06-29,4191.55,4766.052,4182.93325,-12.84477,0.205786,-4.71413,0.482189,-9.315269,-25.041438,6.7147,-12.608939
2015-06-30,4473,4771.855667,4191.395333,-6.467593,6.502563,-12.992893,-8.411332,-16.014409,-30.869267,-4.917952,-18.107758
2015-07-01,4253.02,4773.230333,4197.389583,-11.539398,1.316651,-14.933592,-6.967968,-7.889321,-27.454365,-0.051963,-13.872025
2015-07-02,4108,4770.696333,4201.27675,-14.955598,-2.245218,-5.256762,-2.730215,-7.388816,-23.651456,3.476388,-10.831548
2015-07-03,3885.92,4763.865,4203.31725,-20.369955,-7.851427,5.522593,6.610995,-1.797359,-20.084027,9.390054,-5.735579
2015-07-06,3998.54,4759.471667,4206.2735,-17.420737,-5.064781,5.196319,3.97324,-4.326294,-22.185703,6.309053,-8.390563
2015-07-07,3928,4752.531333,4209.346333,-19.0547,-6.917698,4.581562,5.882835,0.511926,-17.527516,8.218177,-6.745418
2015-07-08,3663.04,4739.8975,4210.315667,-25.772211,-13.924422,7.965624,12.653875,5.415975,-9.228667,16.045962,4.041725
2015-07-09,3897.63,4730.888333,4213.516083,-19.374432,-7.79288,2.526547,8.674088,-1.702096,-12.266423,9.061404,-2.220324
2015-07-10,4106.56,4726.3225,4218.45375,-14.056172,-2.688296,1.088402,1.68352,-4.983124,-17.565018,3.512672,-7.195073
2015-07-13,4211.81,4721.2935,4224.365333,-11.419032,-0.297655,-1.223079,-9.797458,-3.072744,-21.232161,0.925968,-9.514199
2015-07-14,4112.15,4713.227,4228.598917,-13.642681,-2.792471,1.301274,-7.603077,-1.112152,-16.495873,3.371959,-7.321231
2015-07-15,3966.76,4703.974333,4231.362333,-17.045811,-6.457437,4.688251,-0.921353,1.236911,-11.549946,7.160756,-3.924361
2015-07-16,3997.36,4693.611,4236.714,-16.056808,-5.815383,6.147541,-4.658601,1.934948,-12.315284,6.340435,-4.659825
2015-07-17,4151.5,4683.805833,4243.008,-12.064128,-2.180274,0.595118,-8.408354,-1.895731,-14.874958,2.392147,-8.199687
2015-07-20,4160.61,4674.1345,4248.105667,-11.638231,-2.081146,-8.574379,-8.299535,-2.00869,-18.057094,2.167951,-8.400691
2015-07-21,4166.01,4665.190667,4253.092333,-11.316996,-2.068758,-8.904351,-5.37091,-8.529309,-16.721165,2.035521,-8.519423
2015-07-22,4157.16,4654.350167,4257.970917,-11.297015,-2.396059,-5.609604,-7.2379,-6.741577,-15.191927,2.25274,-8.324674
2015-07-23,4250.81,4646.166,4263.32775,-8.893281,-0.294046,-10.806142,-10.376184,-12.230503,-16.91635,-1.753313,-11.512159
2015-07-24,4176.28,4636.1985,4268.339,-10.447384,-2.180386,-9.003472,-6.666644,-15.139684,-15.046679,-2.201002,-14.049345
2015-07-27,3818.73,4620.679167,4270.784083,-19.062379,-11.187953,0.274844,6.724714,-15.343822,-8.006017,6.955978,-14.224624
2015-07-28,3811.09,4604.401667,4273.528167,-18.909749,-11.452452,3.533441,6.490925,-22.509437,-7.568013,7.17039,-20.155913
2015-07-29,3930.38,4593.294,4277.661417,-15.58613,-8.467035,-1.628296,2.158264,-26.159695,-10.62831,3.917687,-23.017876
2015-07-30,3815.41,4580.995333,4281.506833,-18.286817,-11.525688,0.429959,6.593549,-17.413637,-9.317743,7.049046,-20.698169
2015-07-31,3816.7,4570.1055,4284.66725,-18.015012,-11.565672,2.336828,6.512623,-13.272997,-9.653214,7.012865,-20.724972
2015-08-03,3829.24,4557.952833,4288.2295,-17.420723,-11.320759,6.44987,6.290844,-12.878084,-5.383599,6.662419,-20.984582
2015-08-04,3948.16,4545.58,4293.072917,-14.090568,-8.375313,2.957484,-3.1584,-16.068982,-6.330461,3.449708,-23.364555
2015-08-05,3866.9,4530.904667,4297.693583,-15.846847,-10.562535,3.78656,0.496322,-13.877856,-1.919835,5.623626,-21.754118
2015-08-06,3831.85,4516.128167,4301.743,-16.430731,-11.567257,6.163591,-1.854319,-16.454196,0.221579,6.589767,-21.038402
2015-08-07,3906.94,4502.8975,4305.909667,-14.196662,-9.723396,4.175794,-8.47304,-15.857568,-1.904406,4.54115,-22.556016
2015-08-10,4084.36,4494.012333,4311.328333,-9.558087,-5.408101,-0.159025,-22.068536,-18.359258,-6.334769,-0.158899,-25.920095
2015-08-11,4066.67,4485.537833,4316.526667,-9.803392,-5.962658,-6.115883,-29.000362,-19.160996,-6.905575,0.27541,-25.597848
2015-08-12,4016.13,4473.619667,4321.079167,-10.78791,-7.318643,-3.290238,-28.317959,-18.219756,-6.956608,1.537301,-24.661552
2015-08-13,4075.46,4462.295333,4325.879,-9.067966,-5.963173,-8.01791,-24.007187,-21.679575,-7.946686,0.059134,-25.758319
2015-08-14,4073.54,4449.504667,4330.4725,-8.828038,-6.116426,-12.648834,-19.78562,-25.640226,-8.052173,0.106296,-25.723327
2015-08-17,4077.87,4434.947,4335.465333,-8.394087,-6.125415,-21.909511,-19.168928,-20.885322,-9.304,-4.701719,-25.802196
2015-08-18,3825.41,4413.712167,4337.624667,-14.305045,-12.566124,-22.884478,-12.910582,-16.701868,-1.327322,1.587542,-20.905472
2015-08-19,3886.14,4391.8325,4340.2355,-12.233019,-11.051223,-25.027721,-14.374179,-17.837069,-2.918025,-3.208582,-22.141508
2015-08-20,3761.45,4368.166167,4341.570417,-14.953876,-14.343161,-15.989276,-14.599877,-12.838517,-0.215841,-4.570312,-19.560542
2015-08-21,3589.54,4347.425,4342.25075,-19.155966,-19.036876,-7.136786,-7.384528,-7.234371,4.476858,-5.299565,-15.708141
2015-08-24,3275.53,4321.336667,4340.123333,-27.708508,-28.142308,2.740582,3.709278,-0.382348,14.367016,3.77893,-7.627468
2015-08-25,3042.93,4287.449167,4336.344917,-34.287109,-35.421094,9.973896,9.839365,7.654578,21.144648,11.711738,-0.566559
2015-08-26,3025.69,4251.846167,4332.571333,-34.021412,-35.902204,10.653542,10.098202,6.594651,16.177552,12.348258,4.182187
2015-08-27,3205.64,4219.547,4329.80375,-27.481602,-30.061046,1.3894,2.327612,1.150998,10.664773,6.041539,-1.666126
2015-08-28,3342.29,4188.894833,4328.31775,-22.578074,-25.852276,-0.247742,-5.854606,-5.01367,7.196943,1.706016,-5.68652
2015-08-31,3366.54,4157.828,4327.000167,-21.110731,-25.098899,0.968696,-1.716393,-4.981325,10.036221,0.973403,-6.365883
2015-09-01,3362.08,4124.6335,4325.077167,-20.441734,-25.187015,-0.134531,-3.791286,-1.97046,10.900933,1.10735,-6.241672
2015-09-02,3365.83,4092.106333,4322.978583,-19.538524,-25.027006,-0.55534,-3.46289,-0.766785,8.858306,0.994703,-6.346132
2015-09-07,3250.49,4057.796,4319.185417,-22.183421,-28.426107,0.938212,1.761359,5.889869,12.61728,6.066778,-3.022929
2015-09-08,3334.02,4024.919833,4315.659583,-18.832621,-25.807139,-5.606864,0.150156,3.275673,8.312915,3.409398,-5.452577
2015-09-09,3399.31,3992.656333,4311.93675,-16.088429,-23.78147,-2.685089,-4.091626,0.199841,6.72952,1.42323,-7.268534
2015-09-10,3357.56,3961.596167,4307.918583,-16.54325,-24.924034,-3.656754,-2.184787,3.777276,7.610997,3.849522,-6.115453
2015-09-11,3347.19,3932.969,4303.37375,-16.127342,-25.127812,-2.90755,-3.503552,5.432899,7.504904,5.583191,-5.824587
2015-09-14,3281.13,3902.007333,4297.616,-17.330325,-26.987258,0.823147,-1.176614,7.429343,12.319973,7.712282,-3.928525
2015-09-15,3152.23,3872.368667,4290.775833,-20.575624,-30.835742,5.757021,0.840936,12.661,15.870531,13.497429,0.844482
2015-09-16,3309.25,3850.238667,4285.516167,-15.141356,-25.851943,-1.406537,-3.264932,4.836918,10.766834,8.11211,-3.94047
2015-09-17,3237,3824.4205,4279.5745,-16.675998,-27.920661,1.471968,1.820826,8.510012,14.86783,10.525178,-1.796416
2015-09-18,3251.27,3797.272833,4273.570917,-15.523744,-27.340407,-0.596002,2.696105,9.386719,14.747478,10.040077,-2.227437
2015-09-21,3308.25,3773.968333,4267.0715,-13.170771,-25.450841,-1.999761,4.128509,8.15267,15.579069,8.494219,-3.911434
2015-09-22,3339.03,3757.349,4261.13675,-11.803331,-24.385562,-4.916085,3.125517,7.327376,14.931167,7.602507,-4.797202
2015-09-23,3263.03,3741.873667,4253.962833,-13.693025,-26.519477,-1.858395,4.291467,7.720153,16.966246,10.108703,-2.579811
2015-09-24,3285,3722.073667,4246.964667,-12.49143,-25.683788,0.348858,5.962063,7.286846,15.334148,9.372298,-3.231355
2015-09-25,3231.95,3705.055833,4239.143083,-13.661266,-27.127548,3.292106,8.936451,8.936734,17.191784,11.167561,-1.642971
2015-09-28,3242.75,3690.635,4230.665667,-12.937679,-26.593761,6.128271,8.605957,6.944896,13.935091,10.797317,-1.97055
2015-09-29,3178.85,3678.8505,4221.35775,-14.608084,-28.363732,8.041602,11.820064,8.633454,16.839668,13.024521,0.758136
2015-09-30,3202.95,3665.590667,4212.531167,-13.491723,-27.399143,6.149862,8.101849,12.47581,16.172341,13.287438,2.920121
2015-10-08,3296.48,3655.065333,4203.798333,-10.325874,-24.313325,5.613205,6.689186,11.70898,12.382106,12.422038,1.323836
2015-10-09,3340.12,3649.683333,4194.790417,-8.863367,-22.783664,5.644345,6.690614,12.724807,3.787981,13.569872,1.975678
2015-10-12,3447.69,3642.184333,4186.536333,-5.487915,-19.41693,2.477686,4.024161,10.785907,0.897722,11.389075,-1.206025
2015-10-13,3445.04,3631.159,4178.74075,-5.261637,-19.307443,3.778462,4.201859,10.677488,2.713754,11.474758,-1.13003
2015-10-14,3406.11,3617.730667,4169.512083,-6.027606,-20.222814,1.951988,3.428686,11.824647,-3.335289,12.748854,1.743338
2015-10-15,3486.81,3607.308333,4160.267667,-3.39746,-17.659214,1.075982,1.324783,8.478145,-3.658213,10.139354,-0.611447
2015-10-16,3534.07,3600.096833,4152.035583,-1.851056,-16.114853,1.046269,0.000283,5.830249,-10.166153,8.666495,-1.940539
2015-10-19,3534.18,3592.377167,4142.994083,-1.633284,-15.893743,1.546475,-1.661061,6.303545,-9.443313,8.663113,-1.943591
2015-10-20,3577.7,3582.813833,4133.309833,-0.142834,-14.435836,0.423397,-3.18661,4.927054,-12.545276,7.341309,-3.136373
2015-10-21,3473.25,3571.357833,4122.746167,-2.785511,-17.142873,1.476699,4.373961,6.744403,-7.522194,10.569351,-0.223422
2015-10-22,3524.53,3560.6665,4112.928583,-1.020065,-15.438823,0.248801,5.019794,6.864534,-12.232123,8.960627,-1.675117
2015-10-23,3571.24,3550.901167,4102.625667,0.571145,-13.87143,-1.045986,6.034193,5.532326,-13.164667,7.535478,-2.961156
2015-10-26,3589.26,3539.875333,4093.020667,1.385454,-13.133719,-3.207535,6.761746,4.470006,-10.759622,6.995592,-3.448343
2015-10-27,3592.88,3530.152,4083.17525,1.761318,-12.792082,-3.610007,6.475629,4.383853,-12.384177,6.887789,-3.545624
2015-10-28,3524.92,3525.255167,4072.967167,-0.009508,-14.451403,2.897262,8.395961,7.02921,-13.448993,8.948572,-1.685996
2015-10-29,3533.31,3520.6255,4062.513583,0.359644,-13.956678,4.770992,7.153362,6.203224,-12.650046,8.689869,-1.919447
2015-10-30,3534.08,3514.0205,4053.65725,0.569219,-13.716649,7.08018,5.829966,0.646167,-12.17747,8.666188,-1.940816
2015-11-02,3475.96,3508.363,4044.679167,-0.927885,-15.153153,9.969281,7.964606,2.568879,-16.728766,10.483147,-0.301212
2015-11-03,3465.49,3502.5095,4036.3075,-1.062567,-15.247625,10.085636,8.113664,3.577159,-16.773217,10.816941,2.640319
2015-11-04,3628.54,3499.1645,4028.558667,3.630614,-10.45783,5.498699,2.370443,2.541736,-24.019294,5.837334,-1.971867
2015-11-05,3705.97,3495.128,4020.354,5.857503,-8.142493,2.38237,1.84474,1.162412,-22.946617,3.626041,-4.02
2015-11-06,3793.37,3493.9025,4012.403583,8.22355,-5.613565,-1.250214,-0.501868,-3.099716,-26.818207,1.238477,-6.231398
2015-11-09,3840.35,3494.044167,4005.086167,9.450366,-4.200159,-2.004675,-2.29174,-4.058496,-25.992502,-0.174463,-7.378494
2015-11-10,3833.24,3492.815833,3997.856667,9.300216,-4.204799,-1.971972,-2.091776,-5.640247,-26.236635,0.010696,-7.206697
2015-11-11,3833.65,3488.637333,3991.324833,9.430614,-4.030586,-3.128256,-1.366751,-5.294968,-25.029801,-0.99983,-7.216621
2015-11-12,3795.32,3484.114833,3984.826333,8.555471,-4.8725,-0.537629,-0.950138,-4.644424,-24.729987,-0.361234,-6.279576
2015-11-13,3746.24,3479.616667,3976.618167,7.383054,-5.967908,0.748346,-5.183799,-3.758244,-24.006338,0.944147,-5.051732
2015-11-16,3764.13,3474.427833,3968.361583,8.008695,-5.283655,-0.287065,-5.395727,-1.412915,-21.46334,0.464384,-5.502998
2015-11-17,3758.39,3469.175333,3959.34,8.007376,-5.208667,-0.119804,-4.536505,-1.717522,-20.449138,0.617818,-5.358678
2015-11-18,3715.58,3463.137167,3949.042083,7.035992,-6.093825,1.761506,0.171293,-0.814487,-19.618082,1.777112,-4.268243
2015-11-19,3774.97,3462.2965,3938.004333,8.646034,-4.228164,-0.412509,-0.682328,-0.506716,-21.273295,0.175895,-5.774351
2015-11-20,3774.38,3460.433833,3926.133167,8.684216,-3.941888,-5.932145,-2.597848,-0.171566,-19.076537,0.191555,-5.759621
2015-11-23,3753.34,3460.298667,3914.232417,8.129121,-4.197314,-5.108662,-1.766756,2.956392,-19.468216,3.000528,-5.231341
2015-11-24,3753.89,3463.037833,3905.231417,8.064645,-3.952441,-4.416701,-3.54847,3.219938,-18.831461,3.272339,-5.245226
2015-11-25,3781.61,3471.4725,3896.404583,8.557099,-2.990438,-1.590212,-3.928217,2.216882,-25.89944,2.515331,-5.939798
2015-11-26,3759.43,3483.414167,3885.431667,7.625445,-3.296674,-0.269819,-3.694286,1.844078,-24.31302,3.120154,-5.384859
2015-11-27,3556.99,3492.269167,3872.057667,1.836297,-8.487138,3.334296,1.425555,7.608883,-21.200325,8.989061,0.264831
2015-11-30,3566.41,3498.282,3858.9145,1.92875,-7.882644,3.341906,3.982812,4.421316,-19.63216,8.701187,0.709116
2015-12-01,3591.7,3502.438833,3845.666833,2.516609,-6.832139,0.86823,2.818982,4.629055,-16.304807,7.935796,0.455495
2015-12-02,3721.95,3508.362333,3833.095167,5.909837,-2.942489,-2.338005,-0.98578,1.154794,-19.634928,4.158573,-3.059955
2015-12-03,3749.3,3514.816,3819.72475,6.458198,-1.860921,-3.424466,0.175612,-0.489286,-19.213996,3.398768,-3.767103
2015-12-04,3677.59,3520.012,3806.059167,4.379325,-3.433667,-1.908741,2.426282,-5.83711,-16.929546,5.414959,-5.670018
2015-12-07,3687.61,3527.297333,3792.546667,4.44466,-2.805919,0.640906,4.723148,-5.829689,-17.11053,5.128525,-5.926332
2015-12-08,3623.02,3532.114,3778.516917,2.541137,-4.202365,1.950752,6.768408,-2.323488,-16.500841,7.002721,-4.249218
2015-12-09,3635.94,3536.057833,3764.357083,2.785517,-3.470941,1.352225,6.145099,-9.864969,-18.788163,6.622497,-9.393994
2015-12-10,3623.08,3540.483167,3751.039667,2.306129,-3.470855,3.600078,5.538364,-7.491934,-18.263736,7.000949,-9.072391
2015-12-11,3608.06,3544.831,3738.9,1.767975,-3.562122,4.335024,6.183327,-12.238158,-16.289757,7.446384,-11.518933
2015-12-14,3711.32,3552.000833,3727.004083,4.387655,-0.421711,4.082243,0.438503,-14.333944,-18.815425,4.456905,-13.98074
2015-12-15,3694.39,3561.036833,3716.70275,3.676371,-0.602146,4.817656,1.810072,-15.754807,-17.863465,4.935592,-14.576425
2015-12-16,3685.44,3567.306667,3708.772667,3.257905,-0.631108,4.792875,2.140575,-13.45211,-16.521167,5.190425,-14.368976
2015-12-17,3755.89,3575.954833,3700.187667,4.909305,1.494174,1.938286,-0.664898,-18.589941,-16.897558,3.217347,-16.964288
2015-12-18,3767.91,3584.5655,3690.919167,4.98832,2.064495,1.848304,-8.263392,-18.525427,-14.80378,2.888073,-17.22918
2015-12-21,3865.96,3593.860667,3683.9145,7.298301,4.823412,-3.643739,-10.552838,-18.18602,-18.103215,0.278585,-19.328446
2015-12-22,3876.73,3602.822333,3680.085667,7.327449,5.205598,-3.007584,-9.091896,-19.987968,-18.06262,-0.266978,-19.552561
2015-12-23,3866.38,3612.878167,3677.375917,6.781394,5.011924,-2.6523,-16.010068,-22.695086,-19.485588,-0.728847,-20.304005
2015-12-24,3829.4,3621.9515,3672.012583,5.569516,4.196823,-2.603184,-13.030298,-20.697348,-18.023881,0.229801,-19.534392
2015-12-25,3838.2,3632.055667,3668.55575,5.520472,4.520545,-10.111696,-18.421486,-20.43252,-19.13571,-1.902454,-19.718879
2015-12-28,3727.63,3640.137,3665.386,2.375132,1.683899,-6.909099,-14.772447,-23.718961,-17.30127,1.007342,-21.11583
2015-12-29,3761.87,3649.854,3664.35225,3.022901,2.626459,-6.084312,-17.564879,-24.97943,-15.669076,0.087988,-22.1039
2015-12-30,3765.18,3659.2245,3662.407583,2.854443,2.767493,-13.357768,-15.592685,-27.715825,-15.700765,-0.907792,-24.206545
2015-12-31,3731,3666.4665,3660.765917,1.74479,1.90039,-10.427114,-17.925043,-23.619743,-14.670815,-5.124363,-23.512195
2016-01-04,3469.07,3668.615667,3659.1495,-5.592784,-5.33442,-8.30979,-10.262034,-17.881381,-6.0783,2.039163,-17.73703
2016-01-05,3478.78,3669.133833,3655.659083,-5.327396,-4.959474,-7.863348,-7.633182,-16.104317,-6.571242,1.754351,-17.966643
2016-01-06,3539.81,3670.713333,3650.936167,-3.631296,-3.091057,-11.480567,-10.896072,-18.272901,-9.802332,-5.035581,-19.380984
2016-01-07,3294.38,3668.851167,3643.290917,-10.766059,-10.066938,-2.234917,-6.685017,-9.869864,-3.353652,2.03923,-13.374899
2016-01-08,3361.56,3666.763667,3637.036,-8.690429,-7.876391,-7.497928,-7.66705,-12.59363,-3.989206,-4.118326,-15.106082
2016-01-11,3192.45,3661.07,3630.583417,-13.696681,-12.860471,-1.952244,-2.011034,-8.009935,0.811123,0.960704,-10.609093
2016-01-12,3215.71,3655.762167,3624.069667,-12.825643,-11.954944,0.230166,-8.946514,-5.716482,1.410225,0.230431,-11.255679
2016-01-13,3155.88,3648.731833,3615.772833,-14.511228,-13.603824,0.584496,-7.414551,-2.976808,3.730389,2.130626,-9.573241
2016-01-14,3221.57,3644.537167,3607.9475,-12.336056,-11.327023,-4.450101,-12.12314,-5.351485,1.559678,0.048113,-11.417104
2016-01-15,3118.73,3637.773833,3599.220167,-15.394604,-14.329133,-0.169122,-5.6947,-2.176638,3.457628,3.347196,-8.496087
2016-01-18,3130.73,3630.432,3590.666583,-14.808545,-13.707166,-0.05879,-7.619346,-0.379545,3.37823,2.951069,-8.846818
2016-01-19,3223.12,3624.329667,3582.1025,-11.731952,-10.560008,-9.17668,-8.471134,-4.238588,-1.314479,-1.512199,-11.459704
2016-01-20,3174.38,3617.354667,3573.753333,-13.063067,-11.850406,-7.999047,-7.376829,-2.063432,-0.435045,-1.433036,-10.10024
2016-01-21,3081.35,3609.961833,3567.6085,-15.832939,-14.652767,-7.673039,-3.184847,-5.421237,2.990832,1.54283,-7.386048
2016-01-22,3113.46,3602.964333,3561.794917,-14.602228,-13.452996,-5.525578,-4.926579,-5.45975,1.547958,0.49559,-8.341202
2016-01-25,3128.89,3596.211167,3555.115833,-13.920253,-12.770934,-7.560557,-5.998902,-8.376687,1.59387,-0.320241,-8.793214
2016-01-26,2940.51,3587.287,3547.825,-19.881317,-18.77517,0.705546,3.230032,-0.334515,7.386066,6.065614,-2.950169
2016-01-27,2930.35,3578.368,3540.43875,-19.978496,-18.912879,0.622218,4.437743,4.045569,7.563369,6.433361,-2.613681
2016-01-28,2853.76,3565.455,3532.30975,-22.265425,-21.331455,4.488192,6.771655,6.926102,10.090559,9.289849,0.830834
2016-01-29,2946.09,3552.790333,3523.959167,-18.725444,-17.910625,0.598999,3.518062,4.895033,8.689427,5.864722,-2.329189
2016-02-01,2901.05,3537.918333,3515.910417,-19.846577,-19.222576,1.561655,7.239802,6.788944,10.102996,7.508316,-0.812809
2016-02-02,2961.33,3523.268,3508.656083,-17.375048,-16.959459,2.524487,4.232546,4.823476,8.185288,5.319907,-2.831836
2016-02-03,2948.64,3508.524667,3500.67025,-17.385158,-17.16104,3.815525,5.313397,4.095547,5.980077,5.77317,-2.413655
2016-02-04,2984.76,3494.3765,3491.506917,-15.763562,-15.681408,2.283463,-2.23639,0.94667,2.673049,4.493159,-3.594594
2016-02-05,2963.79,3480.517667,3482.31625,-16.071218,-16.122881,2.919063,-0.53317,1.821828,3.491876,5.232489,-2.912487
2016-02-15,2946.71,3467.192167,3473.404417,-16.26558,-16.444592,5.678146,-2.377786,3.958337,4.515222,5.842448,-2.349739
2016-02-16,3037.04,3455.074,3464.750917,-12.896052,-13.175739,1.708059,-3.564547,1.235,1.733304,2.6944,-5.254129
2016-02-17,3063.32,3443.4895,3456.332417,-11.698605,-12.070874,1.497873,-0.392173,0.86815,0.378609,1.813392,-6.066947
2016-02-18,3053.7,3432.458167,3447.797667,-11.69227,-12.13817,-4.519853,0.154447,2.282428,1.353409,2.308675,-5.771032
2016-02-19,3051.58,3420.401667,3441.349083,-11.40985,-12.020408,-3.452234,1.376971,3.86902,1.122275,3.944842,-5.705569
2016-02-22,3118.87,3409.4765,3434.955167,-8.9088,-9.653312,-8.055932,-0.450857,4.101192,-1.643184,4.186452,-7.739983
2016-02-23,3089.36,3398.410167,3429.354417,-9.534377,-10.440808,-5.272606,0.59093,4.321393,-0.873237,5.181656,-6.858702
2016-02-24,3109.55,3387.671167,3425.3545,-8.566469,-9.672695,-1.890046,-1.21785,3.988779,-1.012651,4.498722,-7.463459
2016-02-25,2918.75,3373.290167,3422.381333,-14.473314,-15.918116,4.6743,3.18306,8.630735,5.611557,11.32985,-1.414304
2016-02-26,2948.03,3359.766833,3421.5905,-13.073443,-14.896835,4.829205,2.354998,8.133218,3.844049,10.224116,-2.393463
2016-02-29,2877.47,3348.4415,3420.355333,-15.158358,-17.283301,7.605075,6.336123,9.673497,6.125181,12.926981,1.849541
2016-03-01,2930.69,3337.846167,3418.064083,-13.008785,-15.383644,5.863536,4.799546,6.752206,4.45519,10.876278,2.813672
2016-03-02,3051.33,3328.84,3415.639417,-8.704633,-11.278715,0.672196,1.260324,5.264785,0.365401,6.492579,-1.251258
2016-03-03,3058.42,3317.781167,3413.07175,-8.139779,-10.971425,-1.49124,2.127981,5.088957,0.270688,6.245709,-1.480176
2016-03-04,3093.89,3306.857667,3410.836833,-6.656919,-9.752847,-2.474207,2.492049,4.053895,2.416358,5.027651,-2.60966
2016-03-07,3104.84,3297.311833,3408.661917,-6.014536,-9.335763,-1.268952,4.552049,5.014136,1.778388,5.141972,-2.953131
2016-03-08,3107.67,3287.646167,3407.47175,-5.629861,-9.209734,-1.06399,3.730463,4.709599,1.894309,5.046224,-3.041507
2016-03-09,3071.91,3278.461,3405.2875,-6.507459,-10.302985,0.588128,5.206629,4.375021,3.751135,6.269064,-1.912816
2016-03-10,3013.15,3268.081167,3402.0695,-8.121697,-12.139788,3.619221,5.447675,5.569542,5.351458,8.341437,0.170254
2016-03-11,3018.28,3258.001167,3399.242167,-7.642674,-11.886538,4.966256,5.778219,6.782596,5.126596,8.157295,1.570762
2016-03-14,3065.69,3248.961667,3396.896333,-5.806279,-10.258951,5.821001,3.337374,4.862721,3.156122,6.484674,0.296507
2016-03-15,3074.78,3238.352667,3395.17675,-5.183141,-9.912247,4.794453,1.952659,5.891706,-0.274869,6.169872,0.49597
2016-03-16,3090.03,3228.28,3394.658417,-4.376869,-9.402234,4.618501,4.004461,5.839047,-0.455725,6.012887,1.105815
2016-03-17,3124.2,3218.926,3393.116333,-2.986951,-8.257052,1.828454,2.960977,4.628735,-0.250939,4.853402,0.358812
2016-03-18,3171.96,3209.193833,3392.574333,-1.167007,-6.723933,0.811963,1.561845,1.765245,-2.466842,3.274631,-1.152284
2016-03-21,3249.44,3200.552667,3392.559083,1.515917,-4.310185,-2.483626,0.462087,-0.343417,-4.37442,0.81214,-3.50922
2016-03-22,3225.79,3189.883167,3391.871917,1.119359,-5.020408,-2.841793,0.979136,-1.397284,-3.5697,1.551248,-2.801794
2016-03-23,3236.09,3179.205833,3391.014083,1.773438,-4.676321,-0.61404,-0.831608,-2.360393,-4.092707,1.228025,-3.111162
2016-03-24,3181.85,3167.797,3390.337583,0.44264,-6.346671,1.132523,0.121867,-0.218665,-1.516541,2.953628,-1.459528
2016-03-25,3197.82,3157.270667,3389.611083,1.276139,-5.824586,0.749882,1.004377,-1.12551,-2.549567,2.439474,-1.951642
2016-03-28,3169.73,3146.1295,3389.092583,0.747344,-6.69158,2.945714,1.525347,0.29706,-2.963932,3.347288,-1.082742
2016-03-29,3135.41,3136.259167,3388.198083,-0.027079,-7.753829,3.820929,3.939047,0.968375,-0.475388,4.478521,0.803404
2016-03-30,3216.28,3127.166,3388.51,2.809825,-5.216488,-0.217568,1.834586,-1.746986,-2.514977,1.851518,-1.731814
2016-03-31,3218.09,3118.047833,3388.636167,3.15809,-5.163951,-1.010655,1.667758,-1.9245,-2.094439,1.794232,-1.9061
2016-04-01,3221.89,3109.562667,3388.014583,3.548605,-5.027594,0.254495,0.2034,-0.259501,-2.132202,1.674173,-2.021795
2016-04-05,3264.49,3106.153,3387.384333,4.971857,-3.695449,-1.420367,-0.805505,-1.700085,-3.436865,0.347374,-3.300362
2016-04-06,3257.53,3102.4655,3385.799667,4.877212,-3.862088,0.118118,-2.37642,-1.347786,-1.635076,0.561775,-3.093755
2016-04-07,3209.29,3096.956833,3383.835083,3.562977,-5.295998,2.052154,-1.528785,-2.490491,-0.059532,2.073356,-2.459734
2016-04-08,3185.73,3095.146,3381.998583,2.884638,-5.978537,2.678414,-0.340533,-3.843163,0.970561,2.828237,-3.77025
2016-04-11,3230.1,3092.955,3379.859333,4.338615,-4.532099,-0.051095,-2.129887,-5.112548,-0.625774,1.415746,-5.092102
2016-04-12,3218.45,3093.388333,3377.229167,3.963284,-4.815572,0.614862,-1.228287,-4.305836,-0.816448,1.782846,-4.748559
2016-04-13,3261.38,3094.1495,3374.955833,5.263735,-3.423182,-2.494537,-2.970673,-5.393402,-1.795952,0.443064,-6.002367
2016-04-14,3275.83,3096.148667,3372.44025,5.64123,-2.906532,-3.580939,-3.581572,-6.328588,-0.080928,-0.110506,-6.417
2016-04-15,3272.21,3096.992667,3370.764917,5.503406,-2.96741,-3.018946,-3.592258,-5.557753,0.325244,-1.036303,-6.31347
2016-04-18,3228.45,3098.821333,3368.297583,4.098032,-4.24053,-2.078792,-0.462901,-4.511991,1.485298,0.3051,-5.043597
2016-04-19,3238.3,3100.614167,3365.523083,4.344829,-3.85349,-1.843149,-0.89458,-5.400958,1.166013,-0.752864,-5.332428
2016-04-20,3181.03,3099.912667,3362.121167,2.58311,-5.536703,-0.476135,1.028633,-3.797347,2.514159,1.033942,-3.726152
2016-04-21,3160.6,3099.683,3358.518833,1.946203,-6.073817,-0.000633,-0.961706,-2.641038,2.734835,1.687021,-3.103841
2016-04-22,3174.9,3101.242167,3355.602,2.347341,-5.535505,-0.573312,-3.50263,-2.800513,1.955618,1.229015,-3.540269
2016-04-25,3162.03,3102.051667,3352.508,1.915051,-5.84945,1.615891,-2.982661,-3.163659,2.821585,1.641034,-3.147661
2016-04-26,3179.16,3102.8895,3349.550333,2.428324,-5.22091,0.948569,-3.077549,-3.845376,1.436555,1.093371,-3.77238
2016-04-27,3165.92,3106.646333,3346.966667,1.88999,-5.561077,1.504768,-2.42273,-3.265391,2.031395,1.516147,-3.369952
2016-04-28,3160.58,3110.4835,3344.42575,1.597737,-5.653945,-0.961074,-2.747017,-3.152398,3.390904,1.687665,-3.20669
2016-04-29,3156.75,3115.533333,3340.494167,1.314267,-5.657573,-2.929318,-1.965495,-2.893769,1.929161,1.81104,-3.089253
2016-05-03,3213.54,3119.990833,3336.390583,2.954307,-3.751643,-4.598552,-4.04909,-1.378036,0.23622,0.011825,-4.80187
2016-05-04,3209.46,3125.131,3331.524667,2.66265,-3.732736,-4.026118,-4.506378,-1.535664,-0.172452,0.138964,-4.68085
2016-05-05,3213.92,3129.340833,3326.304417,2.666899,-3.437053,-3.927498,-4.82598,-1.467503,-1.161383,-1.380246,-4.813125
2016-05-06,3130.35,3132.369333,3320.447,-0.064487,-5.895459,-1.785943,-1.679331,1.866604,1.857825,1.884134,-2.27195
2016-05-09,3065.62,3133.717,3314.04675,-2.197001,-7.792019,0.963823,0.702118,3.625079,4.087079,4.035399,-0.208441
2016-05-10,3069.11,3135.472333,3307.995,-2.139221,-7.495465,0.549462,-0.180998,3.456548,4.216624,3.917096,-0.321917
2016-05-11,3082.81,3137.740667,3302.466417,-1.766149,-6.882807,-0.48026,-0.767827,2.599237,3.890489,3.455289,-0.764887
2016-05-12,3090.14,3138.625667,3296.849833,-1.556862,-6.475102,-0.898482,-0.842661,-0.773173,4.555902,3.209887,-1.000278
2016-05-13,3074.94,3138.819333,3291.154417,-2.056133,-6.7953,0.106612,-0.405381,0.033816,5.7515,3.720073,-0.510904
2016-05-16,3095.31,3139.512833,3285.9855,-1.417958,-5.977854,-0.261705,-0.928274,0.67808,4.67156,3.037499,-1.165634
2016-05-17,3086.02,3140.086833,3280.24425,-1.736822,-6.103565,-0.73046,2.671054,0.279904,4.663961,3.347678,-0.868108
2016-05-18,3068.04,3139.239667,3274.358083,-2.29417,-6.508292,-0.287567,2.970714,1.369955,7.113353,3.953338,-0.287154
2016-05-19,3062.5,3138.792,3268.601083,-2.460644,-6.513051,0.055821,3.358477,1.62493,10.260669,4.141388,-0.106776
2016-05-20,3078.22,3138.269833,3262.9705,-1.932013,-5.828647,-0.511993,3.545936,0.908724,9.300632,3.609554,-0.616915
2016-05-23,3087.22,3141.077667,3257.183917,-1.729494,-5.359198,-0.666568,2.922961,1.502637,8.854637,3.307506,-0.906641
2016-05-24,3063.56,3143.003167,3251.385,-2.560113,-5.950342,3.401514,3.637545,1.739602,9.369875,4.105355,-0.141339
2016-05-25,3059.23,3146.0325,3247.237,-2.797888,-5.964123,3.258281,3.367064,0.584384,9.527066,4.252704,0.10689
2016-05-26,3064.21,3148.257833,3243.052,-2.705944,-5.672507,3.302656,0.069488,1.821628,8.521948,4.083271,-0.055806
2016-05-27,3062.5,3148.444,3238.642,-2.767679,-5.592253,4.057929,0.439197,2.384407,8.728699,4.141388,0.125388
2016-05-30,3066.71,3148.582167,3233.181667,-2.634692,-5.286136,3.58953,1.606354,2.72383,8.232494,3.998422,-0.012065
2016-05-31,3169.56,3149.843333,3228.3505,0.624006,-1.837855,0.236032,-2.39115,-0.494665,4.304419,0.623746,-3.256603
2016-06-01,3160.55,3150.771833,3224.041833,0.309861,-1.988974,0.108783,-1.600759,-0.201117,4.532259,0.910601,-2.98081
2016-06-02,3167.1,3151.762333,3219.70425,0.485458,-1.647316,-3.233167,-1.733546,1.180214,4.346093,1.187206,-3.181459
2016-06-03,3189.33,3153.719333,3216.090167,1.122837,-0.835552,-3.618731,-2.637212,0.564354,3.773835,0.56595,-3.856296
2016-06-06,3178.79,3156.48,3212.280583,0.704314,-1.048053,-1.983176,-1.420324,1.188646,4.58078,1.195738,-3.53751
2016-06-07,3177.05,3159.126167,3208.563667,0.565763,-0.987029,-2.627182,-1.897943,1.030227,3.844805,1.251161,-3.484679
2016-06-08,3163.99,3160.7645,3204.863083,0.101996,-1.283548,-1.709541,-2.78268,0.890151,4.635522,1.669095,-3.086293
2016-06-13,3066.34,3160.623833,3199.48825,-3.028476,-4.250621,1.499621,1.75214,4.370623,7.938372,4.906827,0.314381
2016-06-14,3075.98,3160.389667,3194.334833,-2.707178,-3.775533,0.98152,1.94521,6.213844,8.313437,6.410965,0.038362
2016-06-15,3116.37,3160.259167,3189.592583,-1.398518,-2.322433,0.562852,1.117476,5.204918,6.954742,5.342755,-1.258195
2016-06-16,3094.67,3158.971,3184.082417,-2.056506,-2.848288,0.729238,1.896485,5.717385,7.615778,6.081424,-0.565812
2016-06-17,3110.36,3156.653,3178.602833,-1.477381,-2.170326,-1.073138,1.399642,5.197016,6.463577,5.546303,-1.067401
2016-06-20,3112.67,3154.767667,3172.325417,-1.343397,-1.898401,0.252518,2.91376,4.686576,4.704354,5.467974,-1.140821
2016-06-21,3106.32,3152.604833,3165.905333,-1.47903,-1.900031,0.96369,3.201566,4.467149,4.838967,5.683574,-0.938731
2016-06-22,3133.96,3151.806667,3159.801833,-0.567845,-0.821193,0.554624,2.60897,3.253493,3.28839,4.751497,-1.812403
2016-06-23,3117.32,3150.465,3153.867833,-1.05764,-1.165592,1.167247,2.92817,4.245642,4.571013,5.310651,-1.288286
2016-06-24,3077.16,3148.922167,3147.525833,-2.305313,-2.26096,2.47278,3.67283,4.697547,5.692224,6.68506,1.409741
2016-06-27,3120.54,3148.674333,3142.46675,-0.897545,-0.700202,2.661242,2.618483,3.475158,4.575587,5.201984,0.508245
2016-06-28,3136.4,3147.343,3137.2545,-0.348296,-0.027241,2.237876,4.268634,4.158895,4.815229,4.670004,0.477936
2016-06-29,3151.39,3146.231333,3132.139583,0.163829,0.612728,2.054345,4.087441,2.0991,3.86788,4.172127,0.080282
2016-06-30,3153.92,3145.0985,3127.330583,0.280091,0.846633,1.760924,3.820901,2.108921,2.082219,4.088563,0.008878
2016-07-01,3154.2,3143.260333,3124.706667,0.347431,0.939449,1.20005,3.797373,1.564328,2.706989,4.079323,1.207279
2016-07-04,3204.7,3142.379833,3122.422667,1.963806,2.600929,-0.042759,1.772815,-0.874093,0.813916,2.43923,-0.870284
2016-07-05,3207.38,3142.348,3119.652417,2.048411,2.773281,2.030758,1.265583,-0.573134,1.147295,2.353634,-0.953114
2016-07-06,3216.8,3142.865833,3119.005917,2.325201,3.087274,2.033096,0.644524,-0.726645,1.127664,2.053905,-1.243161
2016-07-07,3209.95,3142.53,3117.7425,2.122715,2.914618,2.059977,1.317472,-0.270151,2.58078,2.271686,-1.032415
2016-07-08,3192.28,3142.093833,3117.741083,1.584599,2.362667,2.597324,1.024717,0.401102,3.517298,2.837784,-0.484607
2016-07-11,3203.33,3141.126333,3117.637917,1.960945,2.711526,1.815574,0.856675,0.958452,2.973461,2.483041,-0.827888
2016-07-12,3273.18,3141.082167,3118.615417,4.119461,4.837286,-0.765176,-0.109739,-0.49616,0.896319,0.296042,-2.944232
2016-07-13,3282.87,3141.259833,3119.12625,4.40941,5.116513,-1.388573,-1.988341,-1.211438,0.697559,-0.186118,-3.23071
2016-07-14,3276.76,3142.065,3120.443167,4.19749,4.88801,-0.742505,-1.71198,-1.333329,0.034174,-0.014649,-3.050269
2016-07-15,3276.28,3142.698,3121.656083,4.162697,4.834498,-1.572607,-2.233045,0.546382,1.365667,0.547877,-3.036065
2016-07-18,3262.02,3144.047833,3121.98025,3.683555,4.387914,-0.958899,-2.646909,3.949163,1.648498,4.028179,-2.612185
2016-07-19,3248.23,3145.508333,3122.595667,3.213472,3.944563,0.655436,-1.838717,3.924759,2.143277,4.469819,-2.198736
2016-07-20,3237.6,3146.553333,3123.89775,2.852464,3.575081,-0.599769,-1.371169,4.098506,2.746108,4.812824,-1.877625
2016-07-21,3252.52,3148.0615,3125.056583,3.264321,3.997769,-0.969475,-1.587623,3.384631,3.476431,4.332026,-2.327734
2016-07-22,3225.16,3148.828167,3125.858833,2.395219,3.127349,-0.660438,-0.623615,4.245135,4.317322,5.217106,-1.49915
2016-07-25,3230.89,3149.911,3128.278667,2.538344,3.227473,-1.688009,0.101778,3.225163,3.763452,5.030502,-1.673842
2016-07-26,3269.59,3151.727833,3131.105667,3.671377,4.32784,-2.494153,-0.386421,2.185397,2.301134,3.787325,-2.837665
2016-07-27,3218.24,3152.752667,3134.143,2.055869,2.647885,-0.7714,0.776904,3.409563,3.71751,5.443348,-1.28735
2016-07-28,3221.14,3152.879333,3136.435083,2.141922,2.66485,-0.618148,0.378651,2.690163,3.512108,5.348417,-1.376221
2016-07-29,3203.93,3152.787167,3138.959083,1.60913,2.048694,0.036823,2.779427,3.169047,4.728001,5.914299,-0.84646
2016-08-01,3176.81,3152.168667,3140.75475,0.778687,1.141441,1.789787,6.596071,4.039972,4.810026,6.818475,0.385292
2016-08-02,3189.05,3153.147,3142.758167,1.132207,1.462226,2.107732,5.763476,3.782615,5.372867,6.408492,0.139854
2016-08-03,3193.51,3155.2785,3144.49775,1.204386,1.546645,1.548304,5.469675,4.118779,4.908372,6.259883,0.243619
2016-08-04,3201.29,3157.4815,3146.476917,1.377914,1.727047,0.996799,4.972254,3.084729,4.737172,6.001643,0.119327
2016-08-05,3205.11,3159.519833,3148.63025,1.432635,1.777889,2.742604,4.86875,3.34427,5.049862,5.875305,0.881405
2016-08-08,3234.18,3161.9205,3150.273083,2.259582,2.628628,4.806284,3.123385,2.609297,3.609496,4.923659,-0.025354
2016-08-09,3256.98,3164.9545,3151.886917,2.866171,3.279909,3.655744,2.571818,2.595754,4.020946,4.189157,-0.725212
2016-08-10,3243.34,3167.421667,3153.46725,2.368576,2.81011,3.921372,2.63266,2.961262,5.222369,4.627329,-0.307707
2016-08-11,3233.36,3169.877333,3154.982083,1.982895,2.453903,3.975455,2.311512,3.231722,5.91113,4.950268,1.882562
2016-08-12,3294.23,3173.647167,3156.443417,3.7291,4.272656,2.126145,0.38962,0.720179,4.034991,3.011022,0.223117
2016-08-15,3393.42,3179.1625,3158.97725,6.522047,7.158994,-1.6829,-2.556099,-3.931384,1.060246,-0.447042,-3.855108
2016-08-16,3378.25,3184.163,3161.216417,5.916836,6.640093,-1.083926,-1.980861,-3.552941,1.710442,-0.153926,-3.490565
2016-08-17,3373.05,3188.926833,3165.00225,5.613294,6.366361,-1.288712,-1.350896,-4.06361,1.308021,-0.238063,-3.982153
2016-08-18,3364.49,3193.942333,3168.47275,5.20204,6.00267,-1.663943,-1.887525,-3.05926,2.25177,0.015753,-3.737862
2016-08-19,3365.02,3199.038833,3172.535667,5.058351,5.890274,-1.736526,-1.52448,-3.250458,3.024795,-0.665375,-3.753024
2016-08-22,3336.79,3203.581833,3175.919833,4.073976,4.941197,-0.8732,-0.514087,-2.124733,4.050751,0.175019,-2.938753
2016-08-23,3341.83,3208.237333,3178.340667,4.079689,5.01593,-0.896934,0.023936,-1.529063,4.302208,0.023939,-3.085136
2016-08-24,3329.86,3212.623167,3180.602667,3.584247,4.585956,-0.062184,0.328602,-1.640783,5.589998,0.3835,-2.736752
2016-08-25,3308.97,3214.946667,3182.395,2.882619,3.90029,-0.223582,0.92021,-2.716865,6.609897,1.017235,-2.68029
2016-08-26,3307.09,3217.389,3184.080417,2.749849,3.790512,0.212046,0.33056,-2.026386,7.482608,1.074661,-2.624966
2016-08-29,3307.78,3219.733667,3185.748,2.697863,3.759016,0.359112,-1.375285,-2.351963,6.728433,1.053577,-2.645279
2016-08-30,3311.99,3221.778,3187.748667,2.761584,3.82343,0.920871,-1.57208,-2.062187,7.362606,0.925124,-2.76903
2016-08-31,3327.79,3224.261333,3190.370667,3.160454,4.217131,0.390787,-2.712714,-2.26447,5.869196,0.445942,-3.230673
2016-09-01,3301.58,3226.336833,3192.7315,2.305376,3.352432,1.143792,-1.171735,-0.233798,4.958341,1.243344,-2.462457
2016-09-02,3314.11,3228.838833,3194.801667,2.606653,3.66641,0.118514,-1.725978,-0.228074,4.283378,0.860563,-2.831228
2016-09-05,3319.68,3233.061167,3196.8425,2.643897,3.770479,-1.734397,-1.610646,-0.594289,4.594189,0.691332,-2.994265
2016-09-06,3342.63,3237.505333,3198.9475,3.195485,4.393607,-2.492951,-1.552999,-1.203275,3.743702,-0.054149,-3.660291
2016-09-07,3340.82,3241.246167,3200.752667,3.025841,4.28303,-3.103501,-1.969386,-1.052266,4.474506,-0.037715,-3.608096
2016-09-08,3339.56,3245.327667,3202.149333,2.862274,4.201681,-2.315527,-3.637075,-1.864219,2.063273,-0.644396,-3.571728
2016-09-09,3318.04,3248.789,3202.721,2.109194,3.537349,-1.844492,-2.356946,0.099106,2.588244,0.099155,-2.946318
2016-09-12,3262.6,3251.287833,3203.02775,0.347325,1.842789,0.123751,-0.976678,1.630719,3.504059,1.800098,-1.297125
2016-09-13,3260.33,3253.854667,3203.22975,0.198807,1.766882,0.939952,-0.490107,1.771459,2.427112,1.870976,-1.228403
2016-09-14,3238.73,3255.600833,3203.70375,-0.519557,1.087372,1.134115,0.448244,2.711212,3.259329,2.748299,-0.569668
2016-09-19,3263.12,3258.030833,3204.247917,0.156082,1.820639,-1.321548,0.937937,3.151059,1.998216,3.201231,-1.312854
2016-09-20,3257.4,3261.034833,3204.9785,-0.111525,1.622395,-0.512455,1.497904,3.322645,1.573483,3.382452,-1.139559
2016-09-21,3266.64,3263.469833,3206.072083,0.097094,1.87154,-1.100429,1.016357,2.663022,2.177165,3.090025,-1.419195
2016-09-22,3291.12,3266.0485,3206.69575,0.764709,2.598689,-1.430058,0.349724,1.644801,1.344563,2.323221,-2.152459
2016-09-23,3275.67,3268.119833,3207.175583,0.230758,2.113176,-0.685871,0.91712,1.94873,0.970042,2.805838,-1.690952
2016-09-26,3220.28,3269.225833,3207.162167,-1.50849,0.408183,2.259485,1.772856,3.53881,3.12191,4.574136,0.329474
2016-09-27,3240.75,3270.668333,3206.964333,-0.918956,1.047999,2.010359,2.456052,3.585341,2.307206,3.9136,-0.304251
2016-09-28,3230.89,3271.104833,3206.742333,-1.237016,0.750207,2.116786,2.607397,3.122016,2.173739,4.230723,0.417842
2016-09-29,3244.39,3271.721667,3207.034833,-0.8389,1.158057,1.779783,2.261566,3.652439,1.63161,3.797016,0.274011
2016-09-30,3253.28,3272.329667,3207.59775,-0.583845,1.414143,1.602991,2.262968,3.054063,1.730864,3.513377,0.75616
2016-10-10,3293.87,3273.728333,3208.129167,0.613367,2.637521,-0.486629,2.213122,1.886241,1.457508,2.237793,-0.485447
2016-10-11,3306.56,3275.633,3208.863417,0.939724,2.999158,0.445693,1.824741,1.933666,1.850276,1.952482,-0.867367
2016-10-12,3300.01,3277.244333,3209.185333,0.692257,2.790838,0.490611,1.646666,1.594488,2.033124,2.154842,-0.670604
2016-10-13,3302.65,3277.7355,3209.408833,0.757239,2.863842,0.481783,1.295076,2.628467,1.35394,2.663316,-0.750004
2016-10-14,3305.85,3278.1185,3209.689167,0.8424,2.951953,0.659977,1.03161,3.313373,1.740739,3.368876,-0.846076
2016-10-17,3277.88,3278.137167,3210.101083,-0.007845,2.089445,2.699751,1.765954,4.543627,2.422909,4.648431,1.170269
2016-10-18,3321.33,3278.888,3210.793,1.286096,3.384736,1.379048,1.129289,3.215705,0.395744,3.279409,-0.153252
2016-10-19,3316.24,3279.791667,3211.91975,1.105171,3.19628,1.156055,0.514619,3.360911,0.041605,3.43793,0.071165
2016-10-20,3318.6,3280.9645,3213.236417,1.140557,3.226435,0.813293,1.390873,3.491923,0.039467,3.553607,0.275417
2016-10-21,3327.74,3282.466833,3214.510083,1.369817,3.461843,0.371633,0.791095,2.660419,-0.249429,3.269186,0.168583
2016-10-24,3367.58,3284.3845,3216.223,2.501512,4.59867,-0.933797,-0.326881,2.159971,-1.231577,2.183467,-1.016457
2016-10-25,3367.45,3286.756,3217.792083,2.425472,4.546035,-0.249759,0.108925,2.952608,-0.837361,2.996629,-1.012636
2016-10-26,3354.8,3288.821167,3219.366083,1.986296,4.120768,-0.641435,-0.052178,3.512462,-0.763309,3.574878,-0.639382
2016-10-27,3345.7,3290.089667,3220.90875,1.676112,3.80124,0.57758,1.333391,4.18647,0.274304,4.275338,-0.369131
2016-10-28,3340.13,3292.121167,3222.436917,1.447764,3.587185,0.419462,2.281763,5.282051,0.714479,5.42404,-0.202986
2016-10-31,3336.28,3294.040167,3223.45975,1.274159,3.440117,0.606916,2.777673,5.787952,0.840809,5.958732,-0.087822
2016-11-01,3359.05,3296.6255,3224.706333,1.875883,4.081631,0.358684,2.086416,5.923654,0.500376,6.102618,-0.765097
2016-11-02,3333.35,3299.2345,3225.701583,1.028733,3.282733,0.589258,2.846292,5.958379,1.625017,6.920665,0.590997
2016-11-03,3365.08,3302.168333,3227.657667,1.887241,4.169504,0.755811,2.10105,5.772354,-0.017535,5.942206,-0.357495
2016-11-04,3354.17,3304.846,3230.06225,1.481447,3.770294,1.862301,1.869324,5.079603,0.566047,6.286801,-0.033391
2016-11-07,3356.59,3307.434333,3232.457917,1.475281,3.768276,2.170757,2.486852,3.305897,0.270445,6.210172,-0.105464
2016-11-08,3371.12,3310.201167,3234.8605,1.823607,4.125923,1.727733,2.843683,2.577786,0.360358,5.752391,-0.536024
2016-11-09,3353.05,3312.182333,3237.051417,1.226309,3.520752,2.257034,3.56464,3.59399,1.281328,6.322304,1.120174
2016-11-10,3390.61,3314.4095,3239.682,2.273037,4.553467,1.34524,2.853079,2.318509,0.672538,5.144502,0.784815
2016-11-11,3417.22,3317.3075,3242.364583,2.96739,5.252448,0.007023,3.000288,2.213399,0.555923,4.325738,0.007023
2016-11-14,3430.25,3320.589,3245.233167,3.249097,5.544594,0.316095,3.010279,-0.616135,0.161665,3.929451,-0.614241
2016-11-15,3429.87,3322.849667,3248.248417,3.169961,5.440646,1.11595,3.837237,-0.726567,-0.238193,3.940966,-0.723934
2016-11-16,3429.59,3323.4525,3251.3075,3.143657,5.33835,1.307606,3.112088,-1.487571,0.330106,3.949452,-1.476561
2016-11-17,3436.53,3324.423833,3254.293417,3.316587,5.448707,1.50784,3.671303,-2.83627,-0.440073,3.739528,-2.796425
2016-11-18,3417.46,3325.164,3257.045417,2.737859,4.807711,2.993265,3.210279,-2.112302,1.565751,4.318412,-2.254013
2016-11-21,3441.11,3326.441,3260.191667,3.389113,5.400811,2.694184,0.819046,-3.312814,1.204822,3.601454,-3.258542
2016-11-22,3468.36,3328.163333,3263.601083,4.126126,6.085065,2.721287,-0.265897,-4.70177,0.615111,2.787485,-4.592949
2016-11-23,3474.73,3330.462333,3267.022083,4.240564,6.163789,1.804482,0.02935,-3.998319,-0.040587,2.599051,-4.767852
2016-11-24,3488.74,3332.910833,3270.574083,4.569459,6.457511,2.163463,-0.53457,-4.486708,-0.427715,2.187036,-5.150283
2016-11-25,3521.3,3336.1015,3274.362333,5.402733,7.27071,0.217014,-0.786889,-6.260739,-2.155226,1.242155,-6.068781
2016-11-28,3535.08,3339.87,3277.408333,5.680405,7.568296,-1.875138,-3.626414,-6.204852,-2.354754,0.847506,-6.434932
2016-11-29,3564.04,3344.1525,3280.77075,6.368143,8.281635,-2.987184,-4.563805,-7.201789,-3.007711,0.028058,-7.195205
2016-11-30,3538,3347.9895,3283.861583,5.520158,7.454155,-1.775131,-4.599659,-6.906656,-2.951556,0.764274,-6.673544
2016-12-01,3565.04,3352.207,3286.9925,6.155634,8.120226,-2.698034,-6.507573,-7.793182,-3.923911,-1.012331,-7.497251
2016-12-02,3528.95,3355.559667,3289.9105,5.03818,7.014002,-1.003903,-5.322581,-6.402802,-2.364696,-0.998881,-6.55124
2016-12-05,3469.41,3358.356833,3292.346833,3.253273,5.238392,-1.751276,-4.13186,-3.73463,-0.446315,0.700119,-4.947527
2016-12-06,3459.15,3360.774167,3294.8065,2.885154,4.867545,-1.576621,-4.435873,-2.661176,-0.301685,0.9988,-4.665597
2016-12-07,3475.75,3363.375333,3298.21825,3.286525,5.242788,-2.824527,-4.02767,-3.155354,-1.414255,0.516435,-5.120909
2016-12-08,3470.14,3365.5005,3301.502917,3.061825,4.981714,-3.80954,-3.952138,-3.593036,-1.225003,0.678935,-4.967523
2016-12-09,3493.7,3368.0485,3304.647333,3.662785,5.563159,-4.318678,-5.47385,-3.786033,-1.024204,-2.419212,-5.608381
2016-12-12,3409.18,3369.208833,3307.26825,1.179384,3.034925,-2.380584,-2.578438,-1.504583,1.383969,-0.121437,-3.268235
2016-12-13,3405.04,3370.658833,3309.723917,1.014846,2.839191,-2.859253,-2.637985,-2.093394,1.706337,-0.766217,-3.150624
2016-12-14,3378.95,3372.598,3311.942917,0.188164,2.003001,-1.203142,-2.306998,-1.831735,2.99011,-0.314891,-2.402817
2016-12-15,3340.43,3373.933,3313.893833,-0.997958,0.797566,-0.142598,-1.285609,-0.616187,3.105946,0.834623,-1.27738
2016-12-16,3346.03,3375.721333,3315.661083,-0.883446,0.911754,-1.155172,-1.080221,-0.797546,3.048661,0.665864,-1.442605
2016-12-19,3328.98,3376.819,3317.424917,-1.426819,0.34771,-0.197854,0.39723,-0.078734,4.043622,1.181443,-0.937825
2016-12-20,3309.06,3377.68,3319.357417,-2.052492,-0.310705,0.221268,1.774697,0.911801,4.172456,1.790539,-0.341487
2016-12-21,3338.54,3378.878333,3321.174083,-1.201021,0.521523,-1.103855,0.872316,-0.277452,3.630709,0.891707,-1.221492
2016-12-22,3335.67,3379.620833,3322.834667,-1.308996,0.385532,-1.143011,0.359102,0.574542,4.511356,0.978514,-1.136503
2016-12-23,3307.6,3380.153,3324.136417,-2.169812,-0.498707,0.074951,1.687816,1.693167,5.024607,1.83547,-0.297497
2016-12-26,3322.4,3381.855,3325.540417,-1.773696,-0.094478,0.595084,1.073855,1.257709,4.341242,1.381832,-0.741633
2016-12-27,3316.39,3383.115667,3326.892,-1.992024,-0.316169,1.553429,0.54459,1.778511,4.389062,1.794421,-0.561755
2016-12-28,3301.89,3384.299,3327.701917,-2.465176,-0.778692,1.976171,0.475263,2.573294,4.003414,2.606689,-0.12508
2016-12-29,3297.76,3385.1885,3328.455083,-2.616614,-0.926481,1.502113,0.669422,2.003294,4.688287,2.73519,0.373587
2016-12-30,3310.08,3386.135167,3329.232417,-2.271684,-0.576941,1.612866,0.282675,1.889245,5.690142,2.352813,0.227789
2017-01-03,3342.23,3386.941167,3330.33475,-1.328895,0.356542,0.478771,-0.475964,0.699177,5.013097,1.368248,-0.736335
2017-01-04,3368.31,3387.970333,3331.801667,-0.581989,1.089794,-1.008839,-0.862897,0.443747,4.3328,0.583379,-1.504909
2017-01-05,3367.79,3389.1,3333.172167,-0.630766,1.033229,-1.500908,-1.149767,0.842692,3.997372,0.846252,-1.489701
2017-01-06,3347.67,3389.850333,3333.792917,-1.252119,0.415391,-0.832691,0.21544,1.947065,4.94376,1.966144,-0.897639
2017-01-09,3363.9,3390.817833,3334.468167,-0.797013,0.878782,-1.330191,0.005351,2.128557,4.235547,2.151372,-1.375784
2017-01-10,3358.27,3392.157667,3335.147417,-1.004024,0.690908,-0.954735,0.183854,2.282383,4.549122,2.322624,-1.210445
2017-01-11,3334.5,3392.377167,3335.632583,-1.720816,-0.03396,0.145942,1.233921,2.581768,4.457562,3.052032,-0.506223
2017-01-12,3317.62,3392.400167,3336.095917,-2.229003,-0.555358,0.351141,2.098031,3.649413,4.776739,3.716821,0.05516
2017-01-13,3319.91,3392.422,3336.69325,-2.160645,-0.50426,1.048131,1.333872,3.012384,4.212251,3.64528,-0.013856
2017-01-16,3319.45,3392.283833,3337.375333,-2.170429,-0.538556,1.335542,1.606571,4.475598,3.738021,4.577264,0.208167
2017-01-17,3326.36,3391.596833,3337.990667,-1.942224,-0.349042,1.138589,1.175141,4.59637,3.983785,4.70364,0.088084
2017-01-18,3339.37,3391.128833,3338.942417,-1.538069,0.012805,1.087979,1.306644,4.40508,3.744693,4.503544,-0.301853
2017-01-19,3329.29,3390.703667,3339.762417,-1.82784,-0.31406,1.74689,1.992459,4.235184,3.016847,4.819947,0.768933
2017-01-20,3354.89,3390.856833,3340.47325,-1.066366,0.430649,0.285741,1.731625,3.484451,2.533443,4.020102,0.273929
2017-01-23,3364.08,3391.256,3341.688583,-0.804583,0.667828,0.271029,2.123206,2.412346,2.382163,3.73594,0.010999
2017-01-24,3364.45,3391.7255,3342.882833,-0.807429,0.643094,0.036552,2.098529,2.592389,2.415855,3.724531,0.001189
2017-01-25,3375.9,3392.006333,3344.315917,-0.475963,0.939979,0.218665,1.347847,2.415566,1.873684,3.37273,-0.337984
2017-01-26,3387.96,3392.9165,3346.0755,-0.146191,1.24398,0.245569,1.551381,1.381807,1.133471,3.004758,-0.692747
2017-02-03,3364.49,3392.906667,3347.5375,-0.841059,0.505139,1.445884,1.678512,1.865977,1.435337,3.723298,0.035369
2017-02-06,3373.21,3393.224,3349.035,-0.591569,0.719257,1.852177,2.869028,2.148861,0.920096,3.455166,-0.22323
2017-02-07,3365.68,3393.3755,3350.404917,-0.819513,0.454881,2.061977,3.421229,2.589138,0.499984,3.686625,0.523223
2017-02-08,3383.29,3393.578333,3351.88975,-0.303631,0.932432,1.129182,3.098436,1.915744,-0.726186,3.146937,0.384241
2017-02-09,3396.29,3394.299,3353.240667,0.05864,1.275642,1.305812,2.242725,0.898408,-1.296837,2.752121,0.506435
2017-02-10,3413.49,3394.680333,3354.544917,0.552563,1.741911,0.232629,1.752826,0.420968,-2.245328,2.23437,0.232899
2017-02-13,3436.27,3394.997833,3356.152667,1.208346,2.35913,1.016851,0.28914,0.633272,-2.344313,1.55663,-0.431573
2017-02-14,3435.8,3395.090333,3357.839667,1.191943,2.295198,1.359252,0.49386,0.606169,-1.478364,1.570522,-0.417952
2017-02-15,3421.71,3394.954333,3358.902,0.785012,1.852629,1.969254,1.067719,1.217963,-0.660326,1.988772,-0.007891
2017-02-16,3440.93,3395.143333,3359.297917,1.33958,2.400978,0.936913,-0.169575,1.172432,-0.357519,1.419093,-0.566417
2017-02-17,3421.44,3394.891833,3359.657833,0.778962,1.822238,1.520197,0.187464,0.709749,-0.335802,1.99682,0.160751
2017-02-20,3471.39,3395.790667,3360.477333,2.201846,3.247206,-0.727711,-0.720167,-0.629391,-2.13357,0.529183,-1.280467
2017-02-21,3482.82,3396.485833,3361.463417,2.510099,3.546589,-0.865392,-0.832091,-0.474014,-2.293517,0.199264,-1.604447
2017-02-22,3489.76,3396.8425,3362.502917,2.698664,3.714735,-0.901535,-1.182692,-1.144424,-2.27571,-0.236406,-1.800124
2017-02-23,3473.32,3396.819,3363.640667,2.22715,3.208699,-1.106487,-1.344317,-0.327023,-1.424596,0.235797,-1.335322
2017-02-24,3473.85,3396.570833,3364.740833,2.249714,3.191255,-1.332733,-1.331858,0.452363,-1.440438,0.453387,-1.350375
2017-02-27,3446.22,3395.3195,3365.7105,1.488011,2.363889,0.007544,0.344133,0.919094,1.137943,1.25877,-0.559454
2017-02-28,3452.81,3393.948333,3366.909167,1.719445,2.519323,0.033301,0.112309,0.491145,0.796746,1.065509,-0.749245
2017-03-01,3458.44,3392.188333,3368.170417,1.934238,2.644793,-0.281157,0.150244,0.194984,0.990899,0.900984,-0.910815
2017-03-02,3435.1,3390.473333,3369.231417,1.30765,1.936139,-0.23783,1.342007,0.048313,1.807101,1.586562,-0.237548
2017-03-03,3427.86,3388.187,3370.197,1.164119,1.696496,0.000875,0.522284,0.819016,1.696508,1.801124,-0.026839
2017-03-06,3446.48,3386.8125,3371.186083,1.746421,2.208878,0.336588,0.090776,1.652036,0.644088,1.665758,-0.566955
2017-03-07,3453.96,3386.555,3372.455917,1.970822,2.388016,0.079008,0.358077,1.724782,1.120521,1.739742,-0.78229
2017-03-08,3448.73,3386.381333,3373.57775,1.824415,2.203222,0.431401,0.038268,1.973309,2.438754,1.992908,-0.631827
2017-03-09,3426.94,3385.567833,3374.471583,1.214609,1.542899,1.579837,1.017295,2.256273,3.836805,2.641424,0.027722
2017-03-10,3427.89,3384.863667,3375.182083,1.263128,1.549564,0.521409,1.78422,2.575727,4.234748,2.612978,0.25876
2017-03-13,3458.1,3384.270333,3376.159417,2.158098,2.398051,-0.245812,0.574961,1.473718,3.307523,1.71655,-0.617102
2017-03-14,3456.69,3385.062167,3377.1355,2.093921,2.328362,0.279068,0.378835,1.66057,3.568519,1.75804,-0.576563
2017-03-15,3463.64,3386.038833,3378.348833,2.265931,2.493298,-0.393134,0.044741,0.657831,2.04781,1.553857,-0.776062
2017-03-16,3481.51,3387.748167,3380.173083,2.730066,2.953919,-0.562543,-1.293694,-0.045106,1.348893,1.032598,-1.285362
2017-03-17,3445.81,3389.5045,3381.71875,1.647525,1.877491,1.262812,0.296732,0.490118,2.094965,2.079337,-0.262638
2017-03-20,3449.61,3391.230833,3383.476083,1.706825,1.935757,0.820774,1.56126,-0.108187,2.971969,1.966889,-0.372506
2017-03-21,3466.35,3393.520333,3385.169667,2.123434,2.369814,0.099767,1.366705,-0.13857,2.285621,1.474462,-0.853636
2017-03-22,3450.05,3395.870167,3386.775083,1.582869,1.851056,0.437874,1.935041,0.484037,3.919507,1.953885,-0.385212
2017-03-23,3461.98,3397.9275,3388.402917,1.867499,2.148199,-0.731151,1.238978,-0.891314,3.640623,1.602551,-0.887353
2017-03-24,3489.6,3400.493,3390.056917,2.58667,2.894041,-0.96608,0.791506,-1.403371,3.748217,0.798372,-1.671825
2017-03-27,3478.04,3403.333667,3391.743333,2.171348,2.512487,0.740486,0.898756,-0.949276,5.320217,1.133397,-1.34501
2017-03-28,3469.81,3405.7905,3393.82275,1.862277,2.21429,1.266938,1.281735,-0.667678,5.73771,1.373274,-1.111012
2017-03-29,3465.19,3408.2705,3395.693083,1.656249,2.025958,1.497167,0.61309,-0.736867,5.090984,1.508431,-0.979167
2017-03-30,3436.76,3410.518333,3397.408667,0.766488,1.151618,1.97013,1.248589,-0.296649,6.534364,2.348142,-0.296209
2017-03-31,3456.05,3413.1565,3399.1725,1.24888,1.65943,1.757586,0.193386,-1.249656,5.919303,1.776884,-1.24188
2017-04-05,3503.89,3416.386667,3401.260917,2.529032,2.972756,0.15827,-1.669447,-2.8808,4.108624,0.387284,-2.839701
2017-04-06,3514.05,3419.250333,3403.09575,2.734789,3.208369,0.014797,-1.505275,-3.813936,2.969928,0.097039,-3.742121
2017-04-07,3517.46,3421.736167,3404.85325,2.759106,3.25373,-0.884077,-1.451004,-4.615239,3.963657,-0.003696,-4.510357
2017-04-10,3505.14,3424.025333,3406.562667,2.341361,2.85267,-0.721541,-2.130292,-4.451518,4.326001,0.347775,-4.353892
2017-04-11,3517.33,3426.853,3408.351667,2.605983,3.147339,-1.5642,-2.194877,-5.242023,3.864833,-0.078469,-5.106999
2017-04-12,3509.44,3429.278667,3410.04825,2.310654,2.873004,-1.827717,-1.848033,-4.451303,4.028114,0.146177,-4.893658
2017-04-13,3514.57,3431.883667,3412.020667,2.38079,2.96125,-1.520072,-1.949413,-3.745102,4.349516,-0.798675,-5.032479
2017-04-14,3486.5,3434.417,3413.397083,1.505118,2.119036,-0.566927,-1.349957,-2.53612,4.824232,-0.188154,-4.26789
2017-04-17,3479.94,3437.122333,3414.76125,1.238046,1.890747,-1.408751,-1.545237,-1.484845,5.777637,-0.37788,-4.087427
2017-04-18,3462.74,3439.502833,3415.962417,0.673325,1.360091,-0.630677,-1.443042,-1.535669,6.710742,0.116959,-3.611013
2017-04-19,3445.88,3441.61,3416.946917,0.123993,0.843188,-0.020316,-1.211354,-1.395992,6.125604,0.606812,-3.139401
2017-04-20,3461.55,3443.863167,3417.73,0.512261,1.273988,-0.429341,-2.30866,-1.680932,5.770651,0.151377,-3.577877
2017-04-21,3466.79,3445.986833,3418.557833,0.601878,1.401032,-0.78303,-3.164235,-1.615323,7.311211,-0.578922,-3.723618
2017-04-24,3431.26,3447.686333,3419.195,-0.477584,0.35224,-0.136486,-2.321226,-0.206259,8.826281,0.450563,-2.726695
2017-04-25,3440.97,3449.121,3419.988917,-0.236601,0.61161,-0.812365,-3.047146,-0.48943,8.027942,0.167104,-3.001189
2017-04-26,3445.18,3450.472667,3420.864333,-0.153507,0.70829,-1.191038,-2.60327,1.168126,8.303684,1.174975,-3.119721
2017-04-27,3446.72,3451.843833,3421.784667,-0.148548,0.726081,-1.879319,-1.795689,0.97328,7.618233,1.12977,-3.163007
2017-04-28,3439.75,3452.908,3422.457167,-0.381798,0.504003,-2.381205,-1.186163,1.532782,7.438972,1.544589,-2.966785
2017-05-02,3426.58,3453.551667,3423.234083,-0.784049,0.097694,-2.184739,0.060392,2.055437,8.005932,2.076706,-2.59384
2017-05-03,3413.13,3454.362333,3423.6345,-1.200812,-0.307295,-2.234781,-0.092627,2.127148,8.660184,2.478956,-2.209995
2017-05-04,3404.39,3454.882,3424.053,-1.472253,-0.575916,-1.412232,-0.184638,1.872852,9.345016,2.742048,-1.958941
2017-05-05,3382.55,3455.163167,3424.269333,-2.123982,-1.225825,0.08363,0.627728,3.209675,10.854593,3.405419,-1.325923
2017-05-08,3358.81,3454.755167,3424.16675,-2.816485,-1.927141,1.195042,1.548912,5.080684,11.305825,5.211965,-0.628496
2017-05-09,3352.53,3454.025833,3424.162417,-2.982517,-2.114161,2.245131,2.114966,6.03205,10.611101,6.217692,-0.442352
2017-05-10,3337.7,3452.762667,3423.7215,-3.389274,-2.544617,2.142155,2.557716,6.901045,10.509743,7.14474,0.567756
2017-05-11,3356.65,3451.435667,3423.21675,-2.784683,-1.963723,1.227594,3.771396,6.285108,10.460382,6.539854,0.855913
2017-05-12,3385.38,3450.595333,3422.842833,-1.908062,-1.100528,0.544098,2.768969,5.653052,9.753439,5.815891,0.376029
2017-05-15,3399.19,3450.22,3422.587167,-1.490083,-0.685958,0.353869,2.718944,3.926099,9.314985,5.385989,-0.031772
2017-05-16,3428.65,3450.015333,3422.579333,-0.621208,0.177214,-0.130165,1.995045,2.878844,8.045969,4.480481,-0.89073
2017-05-17,3409.97,3449.824167,3422.358,-1.161977,-0.362629,0.415561,2.219774,3.140516,6.729738,5.05283,-0.347804
2017-05-18,3398.11,3448.602833,3422.19675,-1.474978,-0.706327,2.543801,2.05749,4.476148,8.367455,5.419483,0.168917
2017-05-19,3403.85,3447.286667,3421.88625,-1.26803,-0.528479,2.224871,2.581947,4.105124,8.506217,5.241712,0.217107
2017-05-22,3411.24,3445.978,3421.41025,-1.013189,-0.297696,2.365075,3.531773,5.050793,8.164067,5.180521,0.379041
2017-05-23,3424.19,3445.159167,3420.989083,-0.610516,0.093523,2.12521,3.917084,4.738196,8.320275,4.852242,-0.000584
2017-05-24,3424.17,3444.331167,3420.451,-0.587063,0.108669,1.804213,4.343329,5.641018,8.411915,5.803158,1.301921
2017-05-25,3485.66,3444.9885,3420.154,1.173684,1.897183,-0.486311,2.513712,5.101368,7.069287,5.233729,-0.485131
2017-05-26,3480.43,3445.448833,3419.698583,1.010167,1.760344,0.357076,2.884083,5.432109,7.521314,5.582356,-0.335591
2017-05-31,3492.88,3446.022833,3419.105583,1.350585,2.134762,1.166698,1.207155,4.295069,7.265191,5.206019,-0.690834
2017-06-01,3497.74,3447.066833,3418.770083,1.459337,2.283618,1.791874,0.883799,4.775576,6.553706,5.059839,-0.828821
2017-06-02,3486.51,3448.044333,3418.115667,1.109403,1.981181,2.539116,0.920742,5.041811,8.498078,5.398235,-0.509392
2017-06-05,3468.75,3448.4155,3417.614,0.587945,1.485165,3.000023,2.418657,5.116572,10.238355,5.937874,0.69564
2017-06-06,3492.88,3449.064167,3417.809583,1.262367,2.172674,2.527007,1.523177,3.574189,9.332287,5.206019,0.740936
2017-06-07,3533.87,3450.483167,3418.43225,2.387932,3.321155,0.040457,1.519021,3.498212,8.15933,3.985715,-0.427577
2017-06-08,3560.98,3452.717167,3419.1425,3.087428,4.0646,-0.908075,0.821112,2.745468,7.076161,3.194065,-1.185629
2017-06-09,3576.17,3455.1885,3420.026083,3.441538,4.464422,-1.618374,1.297689,2.205811,6.871339,2.755741,-1.605349
2017-06-12,3574.39,3457.126667,3420.6985,3.335673,4.394976,-0.581366,2.587656,2.194308,7.314031,2.806913,-1.556349
2017-06-13,3582.27,3459.219667,3422.140917,3.495364,4.573032,-1.00383,2.548026,2.441567,7.390596,2.580766,-1.772898
2017-06-14,3535.3,3460.414,3423.226417,2.140993,3.221466,1.478563,3.087914,3.434253,8.513212,3.943654,-0.467853
2017-06-15,3528.79,3461.202,3424.475083,1.933911,3.000684,1.729187,3.891777,4.383639,8.187582,4.481139,-0.284233
2017-06-16,3518.76,3462.417833,3425.961167,1.614151,2.672659,2.916063,4.121069,5.105895,8.37086,5.238493,0.788062
2017-06-19,3553.67,3464.152167,3427.6915,2.551295,3.609387,3.169022,2.697914,3.045448,7.374752,4.204667,-0.202045
2017-06-20,3546.49,3465.487833,3429.504083,2.310497,3.354271,3.551856,2.051012,3.346459,7.897478,4.415633,1.169325
2017-06-21,3587.96,3467.786333,3431.82825,3.406735,4.449066,1.609351,1.979192,3.875741,6.856803,3.951828,0.066333
2017-06-22,3590.34,3469.925667,3433.926583,3.411373,4.454252,2.16259,1.924356,4.294344,6.460745,4.387885,0.825549
2017-06-23,3622.88,3472.147,3436.32,4.249616,5.286816,1.205006,0.908122,2.876354,5.593488,3.450294,-0.080047
2017-06-26,3668.09,3475.3145,3439.324083,5.398611,6.439613,-0.471107,-0.393347,2.03419,4.661865,2.175247,-1.311582
2017-06-27,3674.72,3478.729667,3442.260083,5.480975,6.534868,-1.500844,-0.106459,1.212844,4.194124,1.9909,-1.489637
2017-06-28,3646.17,3481.746,3445.00825,4.614341,5.6751,0.369841,0.346339,1.611121,5.243028,2.789502,-0.718288
2017-06-29,3668.83,3485.613833,3448.066083,5.122865,6.205929,-0.238234,0.491861,1.174919,4.503169,2.154638,-1.331487
2017-06-30,3666.8,3489.126333,3451.141417,4.966798,6.061433,-0.296884,0.984826,1.491226,4.55617,2.211192,-1.276863
2017-07-03,3650.85,3491.575667,3453.981167,4.46069,5.543249,0.07776,0.347534,2.355591,4.47117,2.657737,-0.845557
2017-07-04,3619.98,3493.341167,3456.29575,3.560987,4.627108,1.394385,1.295447,4.070729,5.398609,4.154719,0.931221
2017-07-05,3659.68,3495.7115,3458.723833,4.583878,5.647603,-0.023502,1.89655,2.726928,4.31888,3.024855,-0.163676
2017-07-06,3660.1,3498.294167,3461.15975,4.5215,5.588675,0.730095,2.369988,1.833583,4.342465,3.013032,-0.175132
2017-07-07,3655.93,3500.604167,3463.728583,4.341493,5.400487,1.28171,1.968232,1.402887,4.820999,3.13053,-0.06127
2017-07-10,3653.69,3503.008333,3466.1435,4.211549,5.269502,0.269774,2.427537,1.980966,6.066696,3.193758,0.140406
2017-07-11,3670.81,3505.612333,3468.748,4.604714,5.661862,-0.098937,1.319304,1.658821,5.796082,2.71248,-0.326631
2017-07-12,3658.82,3508.484333,3471.450667,4.195656,5.256812,1.920052,1.264783,1.954632,6.452537,3.04907,0.12955
2017-07-13,3686.92,3511.934,3474.528167,4.862454,5.933273,1.639893,0.683058,0.783487,5.950014,2.263678,-0.633591
2017-07-14,3703.09,3515.939833,3477.721333,5.186074,6.279032,0.686522,0.5064,-1.516673,5.717912,1.817131,-1.505229
2017-07-17,3663.56,3519.567833,3480.588917,4.009714,5.123384,2.157764,2.008058,0.845859,6.598399,2.915743,-0.442466
2017-07-18,3667.18,3522.995,3483.429083,4.011149,5.14058,1.418241,2.775282,1.054634,6.489926,2.814151,-0.540742
2017-07-19,3729.75,3527.377667,3486.68225,5.578648,6.739057,-0.655269,0.830379,-0.762468,5.58948,1.089349,-2.209263
2017-07-20,3747.88,3532.654667,3490.1705,5.914073,7.123976,-0.956835,-0.536405,-0.712265,4.776709,0.600339,-2.682316
2017-07-21,3728.6,3537.4485,3493.28475,5.262712,6.519035,-0.180122,-0.565346,-0.105457,5.180475,1.120528,-2.179102
2017-07-24,3743.47,3542.42,3496.446333,5.520288,6.826587,-0.149706,-0.446572,-0.066271,4.882998,0.718852,-2.567671
2017-07-25,3719.56,3546.967333,3499.405583,4.751242,6.101226,1.357041,0.339517,0.87636,6.248712,1.366291,-1.941359
2017-07-26,3705.39,3551.394667,3502.151333,4.244813,5.641107,1.485648,0.68985,1.359001,7.072668,1.753931,-1.566367
2017-07-27,3712.19,3556.154833,3504.85325,4.294214,5.747335,0.42043,0.100429,0.603211,7.306607,1.567538,-1.746678
2017-07-28,3721.89,3561.300833,3507.831583,4.410572,5.923354,-0.385223,-2.023073,1.965042,7.754023,1.984476,-2.002746
2017-07-31,3737.87,3566.858833,3510.870417,4.68306,6.265194,-0.296866,-1.162198,2.766192,7.020548,2.804806,-2.4217
2017-08-01,3770.38,3573.322667,3514.242917,5.367991,7.035168,-1.017524,-1.720647,1.687369,6.079716,1.918374,-3.263066
2017-08-02,3760.85,3580.023333,3517.38925,4.927568,6.692597,-0.795798,-1.592847,1.934189,6.080401,2.176636,-3.017935
2017-08-03,3727.83,3586.278333,3520.152083,3.871131,5.73221,-0.32,-0.17586,2.49711,6.975031,3.081686,-2.158897
2017-08-04,3707.58,3592.443,3522.602833,3.15469,5.117922,-1.63785,0.459888,3.262641,7.408832,3.644695,-1.62451
2017-08-07,3726.79,3598.612,3525.023833,3.499906,5.566008,-0.865333,0.380301,3.138757,7.5956,3.188535,-2.131593
2017-08-08,3732.21,3604.3925,3527.493917,3.484731,5.641287,-0.703123,0.536843,3.290209,8.276516,3.344935,-2.27372
2017-08-09,3731.04,3609.923333,3530.071667,3.300048,5.536884,-0.797049,0.669151,3.124327,8.153839,3.377343,-2.243074
2017-08-10,3715.92,3614.711167,3532.36325,2.761434,5.065917,0.14414,0.502781,3.020457,9.246529,3.797983,-1.845303
2017-08-11,3647.35,3618.6675,3534.245833,0.789501,3.150094,2.097738,3.988114,4.781638,11.988676,5.74938,1.297654
2017-08-14,3694.68,3623.610333,3536.106583,1.942309,4.386766,1.245634,3.92839,3.483444,11.091604,4.394697,0.182424
2017-08-15,3706.06,3628.647167,3537.966917,2.110942,4.641707,1.239967,3.408016,3.496384,10.085911,4.074138,-0.1252
2017-08-16,3701.42,3633.4835,3539.73075,1.85247,4.466586,1.466199,3.527036,3.743529,9.582778,4.204603,0.536551
2017-08-17,3721.28,3638.435,3541.797083,2.251405,4.943345,0.358641,2.67297,2.878666,9.814048,3.648476,0.091098
2017-08-18,3724.67,3643.443333,3543.88725,2.204905,4.975404,1.890376,2.802753,2.822591,10.10812,3.55414,0.267943
2017-08-21,3740.99,3647.698833,3546.343667,2.525377,5.343316,2.682756,2.758456,2.693946,10.22702,3.102387,-0.169474
2017-08-22,3752.3,3652.23,3548.839417,2.703105,5.574836,2.168049,2.753366,2.104919,11.692097,2.791621,-0.470378
2017-08-23,3756.09,3656.616833,3551.319833,2.684017,5.60592,2.060837,2.455176,2.272906,11.824884,2.687902,-0.570806
2017-08-24,3734.65,3660.565333,3553.816083,2.003651,4.963213,2.314329,2.517675,2.725039,9.391806,3.277416,1.63603
2017-08-25,3795.75,3665.719333,3556.881833,3.485743,6.499775,0.912377,0.793524,1.099903,7.812882,1.614964,0.693934
2017-08-28,3842.71,3671.952,3560.18375,4.545445,7.636569,0.075699,-0.444946,-0.650613,5.252669,0.373174,-0.648501
2017-08-29,3834.54,3677.646333,3563.35525,4.177652,7.334689,0.585316,0.088368,-0.359489,5.610341,0.587033,-0.436819
2017-08-30,3834.3,3682.6535,3566.568333,4.035334,7.238301,0.394339,0.216493,-0.342238,5.565549,0.593329,-0.430587
2017-08-31,3822.09,3687.005333,3569.86125,3.598283,6.827066,0.203347,0.205697,0.011773,4.702081,0.914683,-0.112504
2017-09-01,3830.54,3691.244833,3573.216667,3.704203,6.953957,-0.118853,0.019839,0.155471,4.282347,0.69207,-0.332851
2017-09-04,3845.62,3695.765333,3576.446,3.974718,7.256527,-0.520645,-0.06451,0.946974,4.406344,0.951472,-0.72368
2017-09-05,3857.05,3700.345,3579.782333,4.147658,7.460064,-0.496948,-0.648447,0.847052,4.638413,0.85065,-1.017876
2017-09-06,3849.45,3705.580833,3582.997417,3.809026,7.173056,-0.177846,-0.18227,1.373578,4.231128,1.383055,-0.822455
2017-09-07,3829.87,3710.598833,3585.900417,3.163759,6.582126,0.00235,0.207364,2.146071,3.62022,2.169264,-0.315415
2017-09-08,3825.99,3715.719333,3589.068583,2.924497,6.392454,0.138691,0.306379,2.452947,4.532175,2.483279,-0.214324
2017-09-11,3825.65,3720.252333,3592.20225,2.793689,6.296293,0.456135,-0.205667,2.269095,6.179175,2.492387,-0.205455
2017-09-12,3837.93,3725.109667,3595.29875,2.983687,6.530607,-0.151498,-0.447857,1.938907,4.53582,2.164448,-0.524762
2017-09-13,3842.61,3729.353833,3598.570083,2.991684,6.561526,-0.004424,-0.558731,2.608418,5.258728,2.642735,-0.645915
2017-09-14,3829.96,3733.3475,3601.636583,2.554908,6.146601,0.205014,-0.193924,2.610308,4.995623,2.981754,-0.317758
2017-09-15,3831.3,3736.821167,3604.484083,2.496888,6.102552,0.167687,0.135632,2.463341,3.829371,2.945736,-0.352622
2017-09-18,3843.14,3739.738667,3607.526583,2.727401,6.326736,-0.661802,1.011484,2.255323,3.632034,2.62858,-0.659617
2017-09-19,3832.12,3742.362,3610.545833,2.370121,5.955921,-0.296358,1.495499,3.267432,5.166991,3.321399,-0.373944
2017-09-20,3842.44,3745.633167,3613.689583,2.551691,6.137829,-0.554307,1.555848,3.440761,4.778038,3.50064,-0.641519
2017-09-21,3837.82,3748.449667,3617.03175,2.356216,5.925077,-0.398937,1.938707,3.978357,5.821011,4.058554,-0.521911
2017-09-22,3837.73,3751.2985,3620.212417,2.2779,5.834834,-0.032055,2.146568,4.689079,5.497099,4.800755,-0.519578
2017-09-25,3817.79,3754.080833,3622.82825,1.682825,5.241672,1.673286,2.474762,4.904969,5.695409,5.34812,0.078318
2017-09-26,3820.78,3757.4275,3625.384333,1.672004,5.249428,1.791858,2.386764,4.751836,5.915572,5.265679,0.010993
2017-09-27,3821.2,3760.1195,3627.9155,1.611377,5.190627,2.110155,3.167149,4.488449,4.352993,5.254109,0.035068
2017-09-28,3822.54,3762.826833,3630.5605,1.574463,5.152808,2.337644,2.804232,4.466148,5.009311,5.217212,0.365202
2017-09-29,3836.5,3765.836333,3633.22025,1.859052,5.444112,2.178623,2.327709,3.99072,4.941678,4.834354,1.191451
2017-10-09,3882.21,3769.645,3636.326667,2.942375,6.543056,0.801476,1.243839,3.509869,5.150449,3.600011,0.197053
2017-10-10,3889.86,3773.295833,3639.454083,3.042432,6.653947,0.594906,1.771933,4.139255,5.5388,4.226116,0.329832
2017-10-11,3902.69,3777.360333,3642.922333,3.264062,6.887986,1.056994,1.884913,3.655934,5.632317,3.883475,0.262896
2017-10-12,3912.95,3781.1275,3646.53075,3.426932,7.051533,0.466588,2.039651,4.080002,5.610224,4.164377,0.003067
2017-10-13,3921,3784.759333,3650.349583,3.536442,7.152378,0.149085,2.542511,4.754092,5.920681,4.868911,-0.202244
2017-10-16,3913.45,3788.924167,3654.246,3.233722,6.852956,0.442363,2.430208,5.339065,6.811432,5.484164,-0.00971
2017-10-17,3913.07,3793.022333,3658.008667,3.115908,6.740331,1.177027,2.365072,4.650619,7.262009,5.494407,0.352153
2017-10-18,3944.16,3796.595833,3661.98675,3.813117,7.423018,0.827919,1.3213,3.230831,6.417859,4.662843,-0.438877
2017-10-19,3931.25,3799.652,3666.153333,3.404796,6.981447,1.573063,1.661916,4.325074,7.206182,5.00655,-0.111924
2017-10-20,3926.85,3802.956167,3670.202333,3.205887,6.759079,2.393425,1.663012,4.822187,7.323849,5.124209,0.10059
2017-10-23,3930.8,3806.078333,3674.249167,3.224362,6.749416,1.987845,2.26603,5.277751,8.006697,5.419507,0.727587
2017-10-24,3959.4,3810.075667,3678.5215,3.844345,7.358159,1.188045,2.367321,6.319746,7.038403,6.523716,0.443249
2017-10-25,3976.95,3814.601667,3682.998167,4.167895,7.678805,0.493381,1.771021,6.111217,7.143113,6.301814,0.396032
2017-10-26,3993.58,3819.2915,3687.723167,4.462314,7.967883,0.088853,2.040351,2.68841,7.052582,5.859154,-0.022035
2017-10-27,4021.97,3824.292833,3692.796833,5.039826,8.538771,-0.730414,2.211581,2.023901,7.53188,5.111923,-0.727753
2017-10-30,4009.72,3828.823667,3697.84125,4.616379,8.097221,0.278186,2.908857,0.998312,8.892302,5.433048,-0.424469
2017-10-31,4006.72,3832.762667,3703.042667,4.438709,7.881813,1.179276,2.285547,1.217994,9.133122,5.51199,-0.349912
2017-11-01,3996.62,3836.692167,3708.35775,4.083842,7.485988,1.27764,1.909531,1.419337,8.818751,5.778633,-0.098083
2017-11-02,3997.13,3841.1805,3713.729417,3.979686,7.354,1.951498,2.663158,0.22416,9.176888,5.765136,-0.11083
2017-11-03,3992.7,3845.9325,3719.18775,3.74516,7.09624,2.941995,3.159176,0.136156,7.461699,5.882486,0.136249
2017-11-06,4020.89,3850.834167,3724.723083,4.321348,7.651076,2.630671,3.011721,-0.050499,5.684998,5.140156,-0.565795
2017-11-07,4054.25,3856.2015,3730.297,5.008308,8.327786,1.106271,3.952424,-0.347894,5.322889,4.27502,-1.38398
2017-11-08,4048.01,3861.484333,3735.703833,4.717375,8.028916,0.631891,4.340196,-0.798384,4.772841,4.43576,-1.231963
2017-11-09,4075.9,3867.484,3741.097583,5.248741,8.571254,0.71166,0.648059,-2.605852,4.681026,3.721141,-2.572193
2017-11-10,4111.91,3875.226667,3746.947083,5.928349,9.294624,0.217181,-0.18768,-2.674864,3.869761,2.812805,-3.425415
2017-11-13,4128.07,3882.449833,3753.030083,6.134363,9.524645,0.38105,-1.910545,-1.428984,0.503084,2.410327,-3.803472
2017-11-14,4099.35,3889.004667,3758.825917,5.267517,8.672177,2.846153,-1.067554,-2.053706,-1.198809,3.127813,-3.129521
2017-11-15,4073.67,3895.208833,3764.346167,4.479702,7.897013,3.708305,-0.490193,-0.580521,-1.524198,3.77792,-2.518859
2017-11-16,4105.01,3901.604333,3770.019667,5.082034,8.512796,-0.063601,-2.438998,-1.939759,-6.656656,2.98562,-3.263086
2017-11-17,4120.85,3908.207333,3775.825333,5.298067,8.744046,-0.404861,-3.02302,-3.456158,-5.762459,2.589757,-3.63493
2017-11-20,4143.83,3914.921333,3781.310083,5.682525,9.154995,-2.291595,-3.06222,-3.90104,-5.154951,2.020836,-4.169331
2017-11-21,4217.7,3922.678,3787.454,7.251537,10.759593,-3.913707,-4.300319,-4.420187,-6.12899,0.234014,-5.847737
2017-11-22,4227.57,3930.536,3793.576417,7.285156,10.831814,-4.198498,-5.13858,-4.77394,-4.223663,-2.918225,-6.067552
2017-11-23,4102.4,3936.665167,3798.61525,4.123821,7.693558,-2.375397,-3.253911,-0.845756,-0.766139,0.043877,-3.201541
2017-11-24,4104.2,3941.806,3803.762667,4.037185,7.602009,-2.618159,-2.487184,-1.21588,0.345876,-0.845475,-3.243994
2017-11-27,4049.95,3945.26,3808.606,2.618968,6.144129,-0.770626,0.481561,-0.207873,0.222718,0.482722,-1.947925
2017-11-28,4055.82,3948.948,3813.297167,2.670367,6.165867,-0.386612,-0.986152,-0.054258,-0.796592,0.337293,-2.089836
2017-11-29,4053.75,3952.6055,3817.6295,2.52674,6.00127,-0.940082,-0.090328,-1.554794,-0.115021,0.388529,-2.03984
2017-11-30,4006.1,3955.672333,3821.338833,1.266762,4.721736,-0.878514,0.499238,0.319003,0.258272,1.582587,-0.874666
2017-12-01,3998.14,3958.465667,3824.85525,0.997276,4.430863,0.130975,-0.433138,0.814802,0.49799,1.78483,-0.677315
2017-12-04,4018.86,3961.353,3828.559167,1.441265,4.850974,1.252186,-0.83882,1.691079,1.179915,1.705459,-1.189392
2017-12-05,4040.17,3964.405,3832.375,1.893099,5.280205,-0.599541,-0.119869,1.74744,-0.087163,1.762797,-1.710572
2017-12-06,4015.82,3967.177833,3836.379333,1.218659,4.571252,0.849754,0.36464,2.774767,1.526702,2.813622,-1.114592
2017-12-07,3971.06,3969.531,3840.064917,0.038511,3.354379,1.377752,2.408154,4.136075,3.411499,4.222802,0.246785
2017-12-08,4003.38,3972.4875,3844.103417,0.774653,4.059861,-0.564113,1.271303,3.841453,3.057408,3.916191,-0.562525
2017-12-11,4069.5,3976.551667,3848.402,2.310511,5.586214,-2.091006,-0.689433,2.901351,0.533041,2.943851,-2.178155
2017-12-12,4016.02,3979.519833,3852.31475,0.91302,4.161716,0.479672,0.931895,4.665096,1.417194,4.775624,-0.875494
2017-12-13,4050.09,3982.977833,3856.165833,1.670936,4.906572,-0.485115,-1.464466,3.767549,1.131085,3.894234,-1.709345
2017-12-14,4026.15,3986.247667,3859.797583,0.996023,4.219584,1.030402,-0.180235,4.820868,0.749023,4.938962,-1.124896
2017-12-15,3980.86,3988.740333,3862.78075,-0.19776,3.011055,1.835416,1.24794,5.957819,2.31888,6.138875,0.111282
2017-12-18,3985.29,3991.1095,3865.424083,-0.145918,3.053868,1.401572,2.529899,6.629986,2.292302,6.854708,0.148546
2017-12-19,4035.33,3994.496333,3868.429167,1.017059,4.223956,0.452223,1.867309,5.138845,0.635348,5.529659,-1.093343
2017-12-20,4030.49,3997.6305,3871.631833,0.818615,4.021188,-0.979351,2.410127,5.805837,-0.251899,5.977685,-0.974571
2017-12-21,4067.85,4001.464333,3874.957,1.645423,4.858004,-1.210637,1.727921,5.209929,-4.087219,5.348034,-1.884042
2017-12-22,4054.6,4005.078833,3878.188667,1.228877,4.448383,-0.587477,2.57015,6.723859,-4.404524,6.955063,-1.563409
2017-12-25,4041.54,4008.808,3881.444417,0.813187,4.041845,1.128326,3.590785,8.101863,-3.225247,8.43911,-1.245317
2017-12-26,4053.62,4012.688667,3885.058083,1.01488,4.247237,1.415086,3.733201,7.969386,-5.342986,8.295548,-1.539612
2017-12-27,3991.21,4015.522167,3887.820833,-0.607295,2.624564,3.389479,5.232015,8.954207,-2.46447,9.988951,0.693775
2017-12-28,4018.9,4018.794833,3890.810833,0.002617,3.239066,2.938558,5.001103,8.633725,-3.041637,9.231133,0.297345
2017-12-29,4030.85,4022.034,3893.935167,0.218953,3.455701,3.157626,4.709879,6.510741,-3.63602,8.907302,1.40293
2018-01-02,4087.4,4025.453833,3897.549417,1.527141,4.756107,2.462458,4.100087,4.044418,-5.659961,7.400548,0.586926
2018-01-03,4111.39,4029.146,3901.220917,2.020673,5.247161,2.318115,3.271536,3.923344,-6.442648,6.773865,0.423701
2018-01-04,4128.81,4032.914667,3905.1375,2.349987,5.569624,1.842536,3.395709,2.796458,-6.915533,6.323372,0.240747
2018-01-05,4138.75,4036.678,3908.90275,2.497173,5.71371,2.062545,3.482009,3.150803,-5.247475,6.068016,0.517306
2018-01-08,4160.16,4040.664,3912.711667,2.91445,6.132288,1.552253,4.15371,2.703172,-5.479422,5.522143,0.700454
2018-01-09,4189.3,4045.2615,3917.092833,3.498746,6.71839,1.637629,4.511078,-0.969283,-7.190588,4.788151,-0.9646
2018-01-10,4207.81,4050.173833,3921.598083,3.818252,7.044308,0.953421,4.236185,-3.810199,-8.339329,4.327192,-3.738524
2018-01-11,4205.59,4054.531,3925.563417,3.657957,6.890471,1.553173,3.722192,-4.711226,-9.908466,4.382263,-4.60197
2018-01-12,4225,4059.426833,3929.539417,3.997747,7.249704,1.419464,3.632622,-9.537764,-11.962615,3.902722,-9.097041
2018-01-15,4225.24,4064.4,3933.678083,3.880993,7.150118,2.601457,1.800862,-8.26412,-11.498829,3.89682,-9.102205
2018-01-16,4258.47,4069.861167,3937.96975,4.530105,7.824464,2.87345,-0.055669,-7.883897,-11.079793,3.086085,-9.811505
2018-01-17,4248.12,4074.673167,3942.374417,4.168599,7.469335,3.282764,0.651807,-6.847647,-12.183154,3.337241,-9.591772
2018-01-18,4271.42,4079.581,3947.091333,4.595204,7.896739,2.169019,-0.599251,-5.25556,-12.584527,2.773551,-10.084937
2018-01-19,4285.4,4084.444667,3951.868083,4.802812,8.10255,2.213159,-0.331205,-5.130312,-10.883309,2.438279,-10.378261
2018-01-22,4336.6,4089.6885,3956.990667,5.862183,9.160683,-0.800595,-1.450538,-5.162104,-12.456531,1.228843,-11.436379
2018-01-23,4382.61,4095.903333,3962.3635,6.765715,10.080375,-2.929119,-5.480361,-7.671273,-15.442567,0.166111,-12.366147
2018-01-24,4389.89,4102.2895,3967.526083,6.775894,10.116142,-2.630956,-8.046384,-8.71172,-15.571534,-0.195677,-12.511475
2018-01-25,4365.08,4108.4305,3972.561333,6.059543,9.422546,-2.768271,-8.433418,-7.514435,-14.824729,0.371585,-12.014213
2018-01-26,4381.3,4114.833333,3978.006917,6.274715,9.656456,-2.544364,-13.170386,-8.694457,-14.418822,-1.809509,-12.339945
2018-01-29,4302.02,4119.988667,3982.960583,4.323427,7.705927,-0.649943,-10.064982,-6.827553,-13.079026,-0.607157,-10.724497
2018-01-30,4256.1,4123.908833,3987.3715,3.155179,6.522101,-2.551242,-7.828228,-4.555581,-10.439505,0.465215,-9.761284
2018-01-31,4275.9,4127.603,3991.90225,3.529776,6.872673,-5.415428,-7.499455,-5.757947,-9.749972,-0.040927,-10.179144
2018-02-01,4245.9,4130.901167,3996.19275,2.745823,6.061172,-5.665148,-4.656308,-4.044523,-9.228079,0.665348,-9.544502
2018-02-02,4271.23,4134.156667,4000.820333,3.261848,6.540242,-10.626022,-4.799107,-3.875379,-9.270636,0.068364,-10.080937
2018-02-05,4274.15,4136.860667,4006.043667,3.264805,6.478111,-9.415039,-3.711566,-3.487217,-9.859716,-2.930641,-10.142367
2018-02-06,4148.89,4137.207667,4009.82875,0.281974,3.409229,-5.276986,-2.190912,-1.399028,-5.948506,-0.511462,-7.429457
2018-02-07,4050.5,4136.3935,4012.699083,-2.098394,0.937623,-2.084027,-0.665336,0.562297,-3.17033,1.905197,-5.180842
2018-02-08,4012.05,4135.3665,4015.287667,-3.027363,-0.080666,1.00884,0.918983,2.074762,-3.016336,2.881819,-4.27213
2018-02-09,3840.65,4130.9605,4016.282417,-7.286832,-4.471508,5.826915,4.475929,5.465919,0.607423,7.473214,1.287542
2018-02-12,3890.1,4127.114667,4017.661,-5.914367,-3.226503,5.703473,3.237429,4.625182,0.3326,6.107041,1.170407
2018-02-13,3935.63,4123.644667,4019.283,-4.666643,-2.103256,3.086074,3.272646,3.546213,-0.366304,4.879524,0.796061
2018-02-14,3966.96,4119.465667,4021.071833,-3.77234,-1.354843,1.418691,1.741508,2.34415,-1.543246,4.051213,1.247807
2018-02-22,4052.73,4116.551667,4023.543833,-1.562511,0.722766,-0.089856,0.611785,-0.802176,-5.012868,1.849124,-0.894952
2018-02-23,4071.09,4116.029833,4026.3475,-1.097829,1.105114,-1.350986,0.923727,-4.166836,-6.177209,1.3898,-4.081217
2018-02-26,4118.42,4116.266833,4029.036417,0.052295,2.194235,-2.466044,0.224349,-5.966279,-7.613582,0.224601,-5.791784
2018-02-27,4058.98,4116.417333,4030.838667,-1.40515,0.695725,0.186572,0.791884,-3.655837,-5.721609,1.692297,-4.412192
2018-02-28,4023.64,4115.881,4032.4145,-2.266594,-0.217836,0.322817,1.227634,-4.600652,-5.613119,2.58547,-4.496426
2018-03-01,4049.09,4115.803333,4034.204417,-1.634187,0.368305,0.701642,1.155778,-3.904242,-8.386299,1.940683,-5.096701
2018-03-02,4016.46,4115.976,4035.824167,-2.447507,-0.480962,2.274713,0.989989,-2.980905,-5.477373,2.768856,-4.3257
2018-03-05,4018.1,4116.308667,4037.387167,-2.414765,-0.478859,2.690393,1.387753,-3.319208,-6.357767,2.726911,-4.36475
2018-03-06,4066.56,4117.103667,4039.228333,-1.235249,0.674377,0.605311,0.273567,-5.148797,-6.580362,1.502744,-5.504407
2018-03-07,4036.65,4117.045,4040.725,-1.972053,-0.100899,0.904816,0.602642,-4.608045,-4.855832,2.25484,-4.804231
2018-03-08,4077.6,4118.074667,4042.62625,-0.987716,0.861404,0.454137,-1.413962,-5.667468,-6.072656,1.227928,-5.760251
2018-03-09,4108.87,4120.3715,4044.95125,-0.279528,1.567855,-1.284724,-5.090563,-4.522899,-7.001958,0.457547,-6.47745
2018-03-12,4127.67,4122.443,4047.46525,0.126713,1.962226,-1.30264,-6.190628,-4.695377,-8.808961,-0.763385,-6.90341
2018-03-13,4091.25,4122.8055,4049.678583,-0.768333,1.021303,-0.331744,-4.447721,-4.822277,-7.913183,0.120012,-6.074672
2018-03-14,4073.34,4123.760833,4051.640333,-1.230227,0.534148,-0.302174,-5.828285,-5.091426,-6.26565,0.560228,-5.661693
2018-03-15,4096.16,4124.528667,4053.75325,-0.69018,1.040677,-1.868099,-5.06002,-7.272002,-7.812202,-0.450666,-7.013886
2018-03-16,4056.42,4125.033167,4055.640417,-1.677325,0.01922,-3.805839,-3.970895,-7.89077,-7.233231,0.524601,-7.587479
2018-03-19,4074.25,4126.589667,4057.665,-1.276464,0.4079,-4.887988,-4.706961,-7.85989,-8.201659,0.084678,-7.9919
2018-03-20,4077.7,4128.129833,4059.619667,-1.229138,0.444381,-4.115976,-5.422364,-6.742109,-11.874973,-0.408318,-8.069745
2018-03-21,4061.05,4128.5585,4061.527417,-1.648675,-0.011755,-5.526111,-5.210687,-7.679657,-11.071141,-1.002204,-7.692838
2018-03-22,4020.35,4128.3895,4063.01,-2.651842,-1.055511,-3.191922,-4.253507,-6.526791,-11.23898,-2.039872,-6.758367
2018-03-23,3904.94,4125.674333,4063.569333,-5.498706,-3.981932,-0.165055,0.567665,-1.586161,-7.88394,0.855327,-4.002622
2018-03-26,3879.89,4122.7625,4063.920667,-6.071665,-4.634139,0.181027,1.495251,-1.328148,-8.591144,1.506486,-3.382828
2018-03-27,3913.27,4120.624667,4064.716333,-5.163143,-3.797062,-1.306388,-0.374557,-4.115457,-10.276107,0.640641,-4.206968
2018-03-28,3842.72,4117.109667,4064.899167,-6.897093,-5.620849,0.315424,0.736859,-2.259162,-10.512576,2.488342,-2.448266
2018-03-29,3894.05,4115.490333,4065.50625,-5.530824,-4.308853,-1.061585,-2.211982,-3.406052,-12.877756,1.137376,-3.734159
2018-03-30,3898.5,4113.483667,4066.13925,-5.367841,-4.21021,0.73272,-3.919876,-2.74346,-10.469666,1.021932,-3.844043
2018-04-02,3886.92,4111.084833,4066.559417,-5.606987,-4.518022,1.314224,-3.152929,-2.932265,-13.15032,1.322898,-3.557573
2018-04-03,3862.48,4107.336167,4066.395,-6.146522,-5.144739,0.931831,-1.319745,-0.735126,-12.480834,1.964023,-2.947329
2018-04-04,3854.86,4103.060667,4066.103333,-6.239851,-5.335044,0.421435,-2.468969,0.61602,-13.627827,2.165578,-2.755483
2018-04-09,3852.93,4098.462667,4065.688667,-6.177805,-5.374924,-1.150397,-2.273285,0.483913,-14.213282,2.216755,-2.706771
2018-04-10,3927.17,4094.936333,4065.807167,-4.183211,-3.469322,-4.652596,-2.153826,-0.872358,-15.445544,0.284429,-4.546022
2018-04-11,3938.34,4091.239333,4065.951667,-3.808862,-3.188851,-4.467154,-2.823399,-1.677123,-12.972775,-1.008039,-4.81675
2018-04-12,3898.64,4086.395,4065.82825,-4.703539,-4.19897,-2.251576,-3.7409,0.2728,-11.718813,0.273172,-3.847496
2018-04-13,3871.14,4080.783833,4065.478833,-5.274005,-4.898249,-2.890404,-2.996021,1.358799,-12.756135,1.368072,-3.164443
2018-04-16,3808.86,4074.171667,4064.351333,-6.733752,-6.492422,-1.122888,-1.19407,2.180904,-8.999309,3.025577,-1.58105
2018-04-17,3748.64,4066.232333,4062.829583,-8.132375,-8.048657,2.49877,1.176416,3.032275,-7.072089,4.680631,0.182733
2018-04-18,3766.28,4058.583,4061.4915,-7.474612,-7.546249,1.643754,0.220664,3.567308,-8.133106,4.190342,-0.28649
2018-04-19,3811.84,4051.139167,4060.500167,-6.088611,-6.319415,-1.489324,0.584619,2.829592,-9.991751,2.945034,-1.478289
2018-04-20,3760.85,4043.018,4058.845583,-7.234645,-7.62536,-0.105617,3.084989,3.79226,-9.169997,4.340774,-0.142521
2018-04-23,3766.33,4034.599833,4057.090417,-6.880607,-7.436502,-0.071182,2.757197,2.3161,-9.402487,4.188958,-0.287813
2018-04-24,3843.49,4027.234667,4055.839667,-4.669915,-5.377693,-1.322355,1.281467,-0.424212,-9.565133,2.097313,-2.289586
2018-04-25,3828.7,4018.769667,4054.229083,-4.845048,-5.723523,-1.42309,1.146277,-0.319155,-8.243214,2.491707,-1.912137
2018-04-26,3755.49,4008.317667,4052.1105,-6.515285,-7.601909,2.073943,4.0137,2.049685,-4.737843,4.489694,0.037012
2018-04-27,3756.88,3997.7675,4050.0285,-6.214725,-7.513509,3.190606,4.35482,1.246695,-4.885471,4.451034,0.180203
2018-05-02,3763.65,3987.743667,4048.087083,-5.783634,-7.285521,2.828379,3.374974,-1.076006,-6.232239,4.263149,-1.070238
2018-05-03,3793,3977.938667,4046.386,-4.76065,-6.466687,2.603822,1.855859,0.246992,-7.43469,3.456367,-1.83575
2018-05-04,3774.6,3969.148333,4044.5685,-5.025713,-6.908045,2.569367,3.346644,-0.106293,-7.123213,3.960685,-1.35723
2018-05-07,3834.19,3962.1165,4043.012667,-3.282015,-5.303192,1.939757,2.244973,-0.696438,-8.61622,2.344954,-2.890311
2018-05-08,3878.68,3955.496167,4041.549583,-1.961116,-4.113329,1.164214,0.70727,-0.863807,-11.787747,1.171017,-4.004197
2018-05-09,3871.62,3949.258167,4040.079667,-1.985473,-4.259139,0.546594,-0.441097,-0.8891,-13.847545,1.355505,-3.829146
2018-05-10,3893.06,3942.955333,4038.556,-1.273505,-3.669172,-0.747962,-1.705679,-1.6067,-16.06534,0.797316,-4.358782
2018-05-11,3872.84,3936.266833,4036.56375,-1.624468,-4.140569,0.777277,-1.465432,-2.436461,-16.81986,1.323576,-3.859442
2018-05-14,3909.29,3932.2735,4034.740583,-0.586199,-3.158624,0.305216,-1.964016,-3.363705,-14.87784,0.378841,-4.755851
2018-05-15,3924.1,3930.166833,4033.280167,-0.154485,-2.744296,-0.456943,-3.108125,-2.533022,-16.882723,-0.072883,-5.115313
2018-05-16,3892.84,3928.18,4031.77325,-0.903725,-3.506732,-0.987692,-4.45098,-2.721104,-13.609027,0.729544,-4.353377
2018-05-17,3864.05,3928.57,4029.76525,-1.655964,-4.199227,-0.957717,-1.608867,-2.374735,-12.646504,1.480053,-3.64074
2018-05-18,3903.06,3928.786,4027.950333,-0.656961,-3.149678,-2.242709,-3.452937,-3.909077,-14.083065,0.465788,-4.603824
2018-05-21,3921.24,3928.546167,4026.095417,-0.186149,-2.63891,-2.269231,-2.941411,-7.962456,-15.063206,-0.383297,-7.653701
2018-05-22,3906.21,3927.533667,4023.499667,-0.544407,-2.958449,-2.651182,-1.571077,-7.183745,-17.107839,-1.321742,-7.298379
2018-05-23,3854.58,3924.231167,4020.391417,-1.79084,-4.211721,-3.463288,-0.448003,-7.028289,-16.241608,-0.240234,-6.786991
2018-05-24,3827.22,3920.166667,4018.09825,-2.399548,-4.867003,-0.65115,0.098978,-5.873567,-16.977421,0.472928,-6.120631
2018-05-25,3816.5,3915.134667,4015.70075,-2.551595,-5.087809,-1.210228,-0.97103,-6.943841,-15.538512,0.755142,-6.708241
2018-05-28,3833.26,3911.372667,4013.895,-2.017276,-4.604648,-0.67218,-1.39969,-8.210335,-14.174982,0.314615,-7.882325
2018-05-29,3804.01,3907.712167,4011.796583,-2.689631,-5.318339,1.080105,0.575103,-9.500108,-13.972711,1.085959,-9.062805
2018-05-30,3723.37,3902.2835,4009.043417,-4.693272,-7.392349,3.015285,1.729876,-8.395699,-11.465535,3.275259,-8.05292
2018-05-31,3802.38,3898.7155,4007.34575,-2.501995,-5.250193,0.750129,-0.765869,-7.973199,-13.405827,1.129293,-9.963497
2018-06-01,3770.59,3894.590333,4005.4495,-3.235701,-6.042432,0.239199,-0.45614,-10.111762,-10.152557,1.981918,-9.617328
2018-06-04,3807.58,3890.274,4003.688833,-2.148578,-5.022233,-0.72751,-5.021045,-11.049269,-11.316839,0.991181,-10.49538
2018-06-05,3845.32,3887.085167,4002.065083,-1.080274,-3.995367,-0.505002,-5.612668,-13.38004,-12.703921,-0.207265,-12.523535
2018-06-06,3837.35,3883.081,4000.577833,-1.184689,-4.165678,-1.28541,-6.580287,-13.808095,-13.549636,-0.165218,-12.897182
2018-06-07,3831.01,3878.45,3999.41075,-1.230711,-4.301856,-1.515997,-5.972546,-12.966485,-13.880573,-0.13208,-12.753034
2018-06-08,3779.62,3872.649167,3997.546083,-2.431534,-5.605722,-0.695339,-5.972811,-8.859191,-12.911065,1.225785,-11.566771
2018-06-11,3779.98,3867.461333,3995.133417,-2.287959,-5.535826,-4.293535,-6.810645,-8.627908,-11.66177,1.216144,-11.575194
2018-06-12,3825.95,3863.338167,3993.5495,-0.972482,-4.287363,-5.107665,-10.075211,-11.581911,-14.844813,-0.983024,-12.637646
2018-06-13,3788.34,3858.207833,3991.36825,-1.827486,-5.220616,-5.294877,-10.125575,-8.459108,-14.931769,-0.39516,-11.770327
2018-06-14,3773.37,3853.490333,3989.26175,-2.101082,-5.563769,-4.456548,-7.20733,-7.729629,-14.084485,-0.52844,-11.420295
2018-06-15,3753.43,3848.143333,3987.3665,-2.492069,-6.04609,-5.277472,-9.655622,-7.791337,-15.016628,-3.143525,-10.949718
2018-06-19,3621.12,3840.533667,3984.33175,-5.882796,-9.558624,-2.51711,-6.028224,-4.858887,-11.609541,0.395458,-7.695961
2018-06-20,3635.44,3833.440167,3980.999333,-5.303247,-9.080273,-4.967546,-7.767373,-5.778512,-12.694829,-0.730035,-8.059547
2018-06-21,3592.97,3826.317167,3977.353333,-6.292361,-10.163745,-4.830698,-7.227808,-4.690298,-10.446503,0.443366,-6.972783
2018-06-22,3608.9,3821.383167,3973.52875,-5.720943,-9.625154,-2.750782,-6.993939,-3.267354,-10.718483,-1.341683,-7.383413
2018-06-25,3560.48,3816.059667,3969.411083,-6.932302,-10.872237,-4.37815,-2.88638,-0.980219,-10.520824,-0.824889,-6.123893
2018-06-26,3531.11,3809.690333,3965.1575,-7.593564,-11.593331,-3.511114,-1.817263,1.422807,-7.699661,1.432977,-5.343079
2018-06-27,3459.26,3803.299333,3960.2045,-9.481424,-13.524097,-2.799827,-1.5067,3.367942,-4.335754,3.539774,-3.377023
2018-06-28,3423.53,3795.457333,3955.473833,-10.313273,-14.442822,-2.39711,1.666466,3.239466,-3.368472,4.620377,-2.368608
2018-06-29,3510.98,3788.998667,3951.241167,-7.620658,-11.813455,-4.243158,-0.522299,0.291516,-2.903922,2.014537,-4.800369
2018-07-02,3407.96,3781.016,3946.050417,-10.387888,-14.660131,1.491769,1.864285,3.094841,-0.829734,5.098358,-1.922558
2018-07-03,3409.28,3773.462667,3940.399417,-10.149193,-14.478097,1.693852,1.169338,3.129487,0.233208,5.057666,-1.960531
2018-07-04,3363.75,3765.2775,3934.169083,-11.276514,-15.664328,1.293127,1.98886,2.4561,1.177433,6.479673,-0.633519
2018-07-05,3342.44,3756.769333,3927.616,-11.685829,-16.133155,4.063577,2.53751,0.849649,2.843894,7.158543,0.678546
2018-07-06,3365.12,3747.401833,3921.169083,-10.759913,-15.292622,3.720859,3.726585,-1.492154,-2.230254,6.436323,-1.481076
2018-07-09,3459.18,3739.415833,3915.327583,-7.789784,-12.386743,0.372515,1.906161,-5.524208,-5.054226,3.542169,-5.374395
2018-07-10,3467.52,3732.2305,3909.31275,-7.35664,-11.992195,-0.524514,3.24007,-2.886226,-5.510853,3.293132,-5.601986
2018-07-11,3407.53,3724.503667,3902.64375,-8.894591,-13.566652,0.695734,4.874642,-2.767789,-8.683825,5.11162,-3.940097
2018-07-12,3481.06,3719.040333,3896.606,-6.612881,-11.276907,-1.526067,1.573,-2.428815,-9.3375,2.891361,-5.969159
2018-07-13,3492.69,3714.7745,3890.503417,-6.164576,-10.786635,0.005726,0.813815,-2.54214,-11.077404,2.548752,-6.282264
2018-07-16,3472.09,3709.871333,3884.227167,-6.624048,-11.216732,1.533646,1.230557,-2.382651,-11.304175,3.157176,-5.726234
2018-07-17,3449.38,3703.830333,3877.48475,-7.1173,-11.699218,3.764584,1.960149,-2.241863,-10.092256,3.836342,-5.105555
2018-07-18,3431.32,3698.338167,3870.678083,-7.493855,-12.048468,4.178908,0.46724,-4.145582,-11.964447,4.382861,-4.606099
2018-07-19,3428.34,3692.705,3863.652417,-7.428307,-11.953678,3.099066,-1.687861,-4.523021,-8.946295,4.473594,-4.52318
2018-07-20,3492.89,3686.861667,3857.048167,-5.404613,-9.917269,0.808089,-5.218739,-7.836499,-6.585692,2.54288,-7.537312
2018-07-23,3525.75,3681.8125,3850.291083,-4.331198,-8.805557,-0.303089,-7.430369,-7.614453,-10.213395,1.58718,-8.399064
2018-07-24,3581.71,3678.916167,3843.616917,-2.677785,-7.057349,-1.804434,-6.126296,-7.387455,-11.638385,-0.110562,-9.830221
2018-07-25,3577.75,3675.930667,3836.849083,-2.707223,-6.991737,-3.711669,-7.642431,-7.840545,-11.336301,-1.159947,-9.730417
2018-07-26,3536.25,3672.140667,3829.942167,-3.770794,-7.978286,-4.786927,-4.001815,-6.309302,-10.818765,-0.424744,-8.67105
2018-07-27,3521.23,3667.611167,3822.774917,-4.073018,-8.216622,-6.026828,-3.355955,-5.724144,-13.489101,-0.101385,-8.281481
2018-07-30,3515.08,3663.285833,3816.217083,-4.129823,-8.219736,-7.12728,-3.613207,-3.135636,-12.235596,0.073398,-8.12101
2018-07-31,3517.66,3658.010333,3810.063417,-3.912338,-7.984984,-4.321862,-4.202012,-3.397057,-10.918158,-1.997635,-8.188398
2018-08-01,3447.39,3650.822167,3803.159167,-5.733497,-9.821466,-3.930762,-4.612822,-1.779981,-8.167062,-1.184084,-6.316953
2018-08-02,3370.96,3642.477833,3795.868,-7.74666,-11.871554,0.785113,-2.83516,-0.59119,-2.423402,1.056376,-4.192871
2018-08-03,3315.28,3632.848167,3787.90175,-9.147487,-13.327015,2.670873,-2.61776,0.578066,-1.59441,2.753614,-2.583794
2018-08-06,3273.27,3622.855333,3779.561083,-10.1473,-14.38184,3.514073,-0.184083,1.472334,-0.924441,4.07238,-1.333529
2018-08-07,3368.87,3613.848333,3773.060917,-7.019585,-11.330921,0.11985,-1.261158,-0.147636,-4.460303,1.11907,-4.133433
2018-08-08,3314.51,3603.6885,3766.927667,-8.36481,-12.794993,-0.682059,-0.198114,-0.495113,-3.117631,2.777484,-2.561163
2018-08-09,3397.53,3595.433333,3761.806667,-5.661582,-10.185064,-3.620272,-2.307488,-4.043846,-7.012501,0.266076,-4.94212
2018-08-10,3405.02,3587.782833,3758.176417,-5.22836,-9.868303,-5.288633,-2.36819,-3.812716,-6.049504,0.045521,-5.151218
2018-08-13,3390.34,3579.2375,3754.01175,-5.421958,-10.189486,-3.698156,0.477571,-4.84264,-4.616585,0.478713,-4.740527
2018-08-14,3372.91,3570.098667,3749.322417,-5.681736,-10.579926,-1.381008,0.804956,-4.508791,-5.10825,0.997951,-4.408656
2018-08-15,3291.98,3559.8615,3743.697583,-7.823243,-12.858457,0.483945,2.83284,-2.770735,-1.518466,3.480884,-2.732702
2018-08-16,3276.73,3550.230667,3737.230917,-8.01666,-13.149897,1.312785,2.243969,-1.233185,-0.583376,3.962487,-2.280017
2018-08-17,3229.62,3540.270667,3730.218667,-9.18387,-14.410237,2.920443,3.195826,0.38537,1.992028,5.478973,-0.85459
2018-08-20,3267.25,3531.1165,3723.125583,-7.766546,-13.061487,4.175727,1.656417,-1.926152,-1.50612,4.264137,-1.99648
2018-08-21,3326.65,3522.673,3717.022833,-5.725428,-11.095724,2.185964,1.113522,-1.735013,-3.057093,2.402417,-3.746412
2018-08-22,3307.95,3514.405333,3711.05875,-6.054167,-11.498855,2.348895,-0.296999,0.136849,-2.867861,2.981303,-3.202285
2018-08-23,3320.03,3507.683,3704.98325,-5.498189,-10.970492,0.931185,-1.736358,-0.298636,-5.464335,2.606603,-3.554486
2018-08-24,3325.33,3499.732167,3699.223833,-5.111752,-10.655411,0.275383,-1.444527,2.528706,-5.695129,2.560949,-3.708203
2018-08-27,3406.57,3493.665167,3694.12775,-2.524546,-8.103854,-2.519309,-5.320211,-0.788938,-8.236249,0.115072,-6.004574
2018-08-28,3400.17,3486.875,3688.5745,-2.518049,-8.141464,-1.072442,-5.313747,0.500778,-6.728077,0.502034,-5.82765
2018-08-29,3386.57,3479.229167,3683.157167,-2.699316,-8.39527,-2.645894,-5.603575,0.501315,-7.63435,0.905636,-5.449467
2018-08-30,3351.09,3471.124833,3677.102917,-3.519303,-9.283953,-2.667543,-3.477154,2.585436,-5.470586,2.619148,-4.448403
2018-08-31,3334.5,3462.849667,3670.649833,-3.776911,-9.604597,-1.719909,-2.810456,-1.316166,-2.230418,3.129705,-3.973009
2018-09-03,3321.82,3455.219667,3663.934417,-3.937321,-9.802472,-2.800902,-3.58257,-1.002352,-1.642339,3.52337,-3.606457
2018-09-04,3363.9,3448.285,3657.873167,-2.477599,-8.378086,-4.241306,-2.848536,-2.476991,-3.383082,2.228366,-4.812271
2018-09-05,3298.14,3439.488167,3651.413167,-4.1964,-10.175559,-2.957681,0.433848,-5.420923,-3.595246,4.266647,-5.27661
2018-09-06,3262.88,3430.7305,3644.469167,-5.016297,-11.060048,-0.809611,1.437722,-2.86484,-2.52386,5.393395,-4.252991
2018-09-07,3277.64,3422.468333,3637.979333,-4.323837,-10.430475,-1.090547,3.973232,-4.722548,-4.138608,4.918783,-4.684163
2018-09-10,3230.07,3413.745667,3630.9445,-5.530632,-11.6989,-0.781668,4.531273,-4.078884,-2.198874,6.463947,-3.996817
2018-09-11,3224.21,3407.1305,3623.832083,-5.518248,-11.684409,1.39277,5.814525,-3.341601,-1.676396,6.657445,-3.822332
2018-09-12,3202.02,3399.906833,3616.6735,-5.996617,-12.177282,3.391529,6.10489,-5.048131,0.550322,7.396581,-4.92283
2018-09-13,3236.57,3393.966833,3610.142,-4.748527,-10.923298,2.247334,6.062589,-3.19009,-2.207359,6.250135,-5.937767
2018-09-14,3242.09,3387.853333,3604.61825,-4.39783,-10.599769,5.063779,1.49429,0.865437,-2.526648,6.069233,-6.097918
2018-09-17,3204.92,3381.927333,3598.9935,-5.375863,-11.596709,5.312941,2.580218,-0.67279,-2.415585,7.299402,-5.008861
2018-09-18,3269.43,3377.566,3593.628167,-3.253967,-9.454667,4.421755,0.371545,-2.515916,-5.607894,5.182249,-6.883157
2018-09-19,3312.48,3375.119667,3589.2095,-1.873363,-8.023483,2.71336,-5.854771,-3.632605,-7.686034,3.815268,-8.093332
2018-09-20,3310.13,3373.229667,3584.3435,-1.888318,-7.958787,3.815256,-4.302562,-4.210827,-8.862288,3.888971,-8.028083
2018-09-21,3410.49,3371.554833,3580.27675,1.148196,-4.858413,-3.569489,-8.69578,-10.293663,-11.559074,0.831845,-10.734528
2018-09-25,3379.8,3371.0855,3576.05075,0.258174,-5.644251,-2.732723,-8.610157,-8.311021,-11.346077,1.747441,-9.92396
2018-09-26,3417.24,3371.218167,3572.340417,1.355905,-4.438775,-4.05021,-9.156126,-8.021879,-12.954448,0.632674,-10.910852
2018-09-27,3403.59,3371.882167,3568.579833,0.935966,-4.733695,-8.568131,-11.15302,-6.888396,-12.938682,1.036259,-10.553563
2018-09-28,3438.86,3373.489167,3565.12925,1.919245,-3.606029,-8.117818,-9.25268,-4.417647,-13.298402,-4.302589,-11.470953
2018-10-08,3290.9,3372.252167,3559.827,-2.441974,-7.855086,-5.126291,-0.628853,-0.85631,-10.275402,-0.019751,-7.490656
2018-10-09,3288.69,3369.410667,3554.41325,-2.424854,-7.770069,-5.877434,-3.253008,-1.394423,-10.366624,0.047435,-7.42849
2018-10-10,3281.6,3366.312,3549.27125,-2.548667,-7.841119,-5.105916,-2.887461,-1.835676,-7.783307,0.263591,-7.228486
2018-10-11,3124.11,3361.588333,3543.046,-7.326414,-12.583737,-2.584889,2.222166,2.798405,-2.259901,5.317995,-2.551767
2018-10-12,3170.73,3356.416167,3537.72825,-5.691194,-10.952294,-1.134862,0.091735,-0.103815,-3.957464,3.769479,-3.984571
2018-10-15,3126.45,3350.312167,3532.543333,-6.915535,-12.211993,4.497437,-1.597883,2.48576,-1.546221,5.239169,-2.624702
2018-10-16,3100.97,3344.126833,3526.999083,-7.549066,-12.873243,2.624427,0.299136,4.304939,-0.916157,6.103897,-1.82459
2018-10-17,3118.25,3338.608,3521.219167,-6.828201,-12.153534,2.218455,1.134247,2.742142,-0.755513,5.515914,-2.368636
2018-10-18,3044.39,3332.159167,3515.248667,-9.031994,-14.380971,4.807055,4.264625,6.300399,0.765362,8.075838,1.067537
2018-10-19,3134.95,3327.269333,3509.987167,-5.953872,-11.299916,1.226597,4.835032,3.839899,-0.22226,4.953827,-1.852023
2018-10-22,3270.27,3323.559,3505.210333,-1.616365,-6.937798,-6.09532,-0.227457,0.741221,-4.427095,0.743975,-5.913273
2018-10-23,3183.43,3317.853667,3499.833083,-4.135886,-9.475605,-2.325291,1.858585,1.092822,-2.288002,3.492145,-3.346705
2018-10-24,3188.2,3311.295167,3495.105667,-3.788291,-9.190711,-1.084208,1.051786,1.193836,-0.630236,3.337306,-3.491312
2018-10-25,3194.31,3304.9045,3490.417583,-3.403648,-8.865028,-0.54243,0.576239,0.627895,-0.271789,3.139645,-3.675911
2018-10-26,3173.64,3298.861,3485.500833,-3.869806,-9.373255,3.608436,-0.19555,-0.954873,-0.959963,3.811396,-3.04855
2018-10-29,3076.89,3291.455333,3479.53325,-6.741047,-12.297881,5.867864,4.083642,2.069828,2.063779,7.075651,1.084537
2018-10-30,3110.26,3284.708333,3473.997083,-5.457154,-11.05995,4.183876,4.005804,0.863711,1.547955,5.926836,0.867452
2018-10-31,3153.82,3278.644333,3468.327333,-3.881561,-9.505802,2.135993,1.607895,0.793025,0.967145,4.463793,-0.525712
2018-11-01,3177.03,3274.138333,3462.48025,-3.010793,-8.603837,1.11867,2.035775,-1.247269,0.212237,3.700626,-1.252428
2018-11-02,3290.25,3272.793167,3457.6355,0.531975,-4.962142,-3.803986,-0.995133,-3.638374,-2.969889,0.132209,-4.650407
2018-11-05,3262.84,3271.919167,3452.383667,-0.277873,-5.646693,-1.784221,0.968678,-0.057942,-2.9346,0.973385,-3.849407
2018-11-06,3243.15,3271.417167,3447.13625,-0.86782,-6.099873,-0.178072,-0.765763,0.754435,-1.288502,1.586421,-3.265652
2018-11-07,3221.91,3268.967833,3441.408083,-1.449994,-6.590636,-0.528098,0.142051,0.929584,0.788032,2.256115,-2.627944
2018-11-08,3212.77,3267.272167,3435.480333,-1.682194,-6.702326,0.917105,0.051655,-0.972728,2.874766,2.547023,-2.350931
2018-11-09,3167.44,3263.437333,3429.435333,-2.985735,-7.947193,2.808853,-0.759322,0.444795,5.015071,4.014599,-0.953451
2018-11-12,3205.14,3260.106,3423.944417,-1.700394,-6.603745,2.752899,-2.013814,-1.90182,5.814575,2.791142,-2.118472
2018-11-13,3237.38,3257.556667,3418.397083,-0.621306,-5.440739,-0.587691,-3.142093,-2.42493,4.964028,1.767479,-3.093242
2018-11-14,3204.94,3254.757167,3412.427917,-1.54243,-6.273067,0.670149,-0.814871,-1.076937,4.088814,2.797556,-2.112364
2018-11-15,3242.37,3253.930333,3406.895917,-0.355906,-4.949704,-0.86545,-3.283043,-0.701946,6.083414,1.610859,-3.242381
2018-11-16,3257.67,3253.612667,3401.921667,0.124625,-4.332825,-3.568175,-2.643241,-2.857168,5.434588,1.133632,-3.696814
2018-11-19,3294.6,3254.695667,3397.483167,1.218599,-3.075015,-4.766714,-1.02662,-4.133306,4.664873,-0.816184,-4.776301
2018-11-20,3218.41,3253.881667,3392.499083,-1.096119,-5.267939,-2.554402,1.520198,-2.835617,6.73715,1.531812,-2.79579
2018-11-21,3226.49,3252.212333,3387.442667,-0.794062,-4.86804,-1.48502,0.787533,-4.285814,8.710022,1.277549,-4.195271
2018-11-22,3214.43,3250.653667,3382.5295,-1.120606,-5.097375,-2.417594,-1.024383,-4.681323,14.861877,1.657526,-4.573439
2018-11-23,3143.48,3247.711167,3377.697083,-3.262003,-7.186367,0.924934,1.204118,-3.696589,15.885593,3.95199,-3.629099
2018-11-26,3141.24,3244.643,3372.187583,-3.23877,-7.094404,3.740094,0.111995,-3.335239,15.785753,4.026117,-3.560377
2018-11-27,3137.24,3240.154167,3366.909667,-3.227748,-7.065188,4.0746,0.717163,-3.898767,15.667655,4.158751,-3.823743
2018-11-28,3178.93,3236.466833,3361.670917,-1.793759,-5.589348,2.272553,-0.262066,-5.725594,16.513384,2.792764,-5.564766
2018-11-29,3137.65,3232.318167,3355.773667,-2.972547,-6.720823,1.39321,2.581097,-4.803017,18.997312,4.14514,-4.689497
2018-11-30,3172.69,3229.344833,3350.234833,-1.769947,-5.445063,0.279183,-0.213927,-5.242381,18.462557,2.994935,-5.74213
2018-12-03,3260.95,3228.119,3345.484333,1.011895,-2.559291,-3.628099,-3.106686,-9.361151,16.555836,0.207302,-8.936353
2018-12-04,3267.71,3227.217167,3341.218417,1.246923,-2.22461,-3.357437,-4.355815,-9.726637,15.323787,-0.480765,-9.26857
2018-12-05,3252,3225.352167,3336.818583,0.822805,-2.574764,-2.534619,-5.073347,-6.877215,11.753153,-0.993542,-8.830258
2018-12-06,3181.67,3223.411,3331.449583,-1.30339,-4.60013,1.187887,-3.65694,-4.085578,15.898861,1.19497,-6.814975
2018-12-07,3181.56,3222.055667,3326.393083,-1.264792,-4.451692,-0.493111,-4.900706,-4.298443,16.580985,1.198469,-6.811753
2018-12-10,3144.76,3219.841,3321.154667,-2.35944,-5.457494,0.521413,-3.447234,-2.130161,16.91118,2.382694,-5.721263
2018-12-11,3159.82,3218.670167,3316.207917,-1.845322,-4.830687,-0.998378,-4.61593,-2.796166,15.740956,1.894728,-6.170605
2018-12-12,3170.61,3217.776833,3312.453667,-1.47667,-4.376521,-2.538728,-5.463527,-2.420718,16.650029,1.547967,-6.489918
2018-12-13,3219.69,3218.071333,3308.989083,0.050287,-2.735765,-4.844826,-7.384114,-4.833091,17.924251,-1.670347,-7.915358
2018-12-14,3165.91,3216.893667,3305.43025,-1.597566,-4.312611,-4.407595,-5.028453,-1.204991,19.145768,-0.148772,-6.351097
2018-12-17,3161.2,3215.5455,3301.699417,-1.704531,-4.348561,-3.968647,-6.254464,-1.03501,19.333246,-1.029672,-6.211565
2018-12-18,3128.43,3214.270667,3298.099,-2.70692,-5.281496,-3.617552,-5.370821,-0.545207,20.413086,0.007032,-5.22914
2018-12-19,3091.13,3211.299,3294.4325,-3.813881,-6.36972,-2.924799,-1.803868,2.461741,21.531976,2.492292,-4.085561
2018-12-20,3067.42,3207.214667,3291.167167,-4.456604,-7.040545,-2.539288,-0.428638,3.781639,19.900519,3.854053,-3.344178
2018-12-21,3029.4,3202.535833,3287.88275,-5.557836,-8.187924,-0.620858,0.602263,3.691499,20.008715,5.157457,-2.131115
2018-12-24,3038.2,3196.331,3283.942917,-5.073835,-7.777957,-2.285818,1.317073,3.32919,20.872638,4.852873,-2.414588
2018-12-25,3017.28,3190.289,3280.68725,-5.575575,-8.369716,-1.75327,1.819764,4.583011,21.162342,5.57986,-1.737989
2018-12-26,3002.03,3183.368833,3277.2935,-5.865129,-8.77292,1.120931,3.042809,5.899714,25.457025,6.116195,-1.238828
2018-12-27,2990.51,3176.484167,3274.183167,-6.033104,-9.062448,2.110649,2.551023,6.262523,28.431159,6.524974,-0.858382
2018-12-28,3010.65,3169.347333,3271.41825,-5.136968,-8.30676,1.223121,3.823462,5.910865,27.693498,6.089051,-1.521598
2019-01-02,2969.54,3163.991333,3268.12175,-6.342725,-9.580837,3.602891,5.219454,6.484492,30.341201,7.557736,-0.158274
2019-01-03,2964.84,3158.593833,3264.00225,-6.330387,-9.613106,3.573033,4.825615,7.683699,31.490902,7.986603,2.395745
2019-01-04,3035.87,3154.498333,3260.405167,-3.833144,-7.135343,1.921878,4.26561,6.735664,29.000244,6.96769,0.389674
2019-01-07,3054.3,3153.334833,3257.461583,-3.191014,-6.43978,0.440374,4.210278,7.933072,28.842583,8.256229,-0.216089
2019-01-08,3047.7,3151.284333,3253.85025,-3.342289,-6.545178,2.600342,3.089236,8.868719,29.314258,9.273879,0.658857
2019-01-09,3078.48,3150.484833,3250.3985,-2.312039,-5.434164,1.616563,2.012117,9.846555,26.125321,10.347639,-0.347574
2019-01-10,3072.69,3150.0135,3247.070167,-2.485334,-5.51997,1.252581,2.763248,10.185125,26.089191,10.721876,-0.159795
2019-01-11,3094.78,3149.622333,3244.115167,-1.756573,-4.712582,2.343731,2.856905,7.586469,25.043874,9.931562,-0.872437
2019-01-14,3067.78,3150.012167,3241.085667,-2.645214,-5.495418,3.769904,3.7115,11.618451,28.656093,12.32031,1.422527
2019-01-15,3127.99,3149.896167,3238.58275,-0.697886,-3.474519,0.488894,2.087403,9.496747,26.74793,10.158281,-0.529733
2019-01-16,3128.65,3147.535833,3235.547417,-0.601827,-3.359653,0.395554,1.265038,9.833189,26.355232,10.332891,-0.550717
2019-01-17,3111.42,3146.335667,3232.094667,-1.115928,-3.805122,1.510666,2.858084,10.117974,28.0922,10.943878,0.952298
2019-01-18,3168.17,3146.001833,3228.6485,0.702175,-1.890949,0.513174,2.470054,10.534095,23.952232,11.108937,-0.856015
2019-01-21,3185.64,3145.857333,3225.380917,1.256676,-1.239785,-0.058404,3.722794,15.76156,23.238239,17.071609,-1.399719
2019-01-22,3143.32,3145.352,3222.1065,-0.064624,-2.475577,1.598509,5.779483,15.890683,24.850914,18.647799,-0.072217
2019-01-23,3141.05,3146.421333,3218.938333,-0.170858,-2.449446,0.869484,7.834438,15.791802,22.708541,18.733545,0.564461
2019-01-24,3158.78,3147.23,3215.969167,0.366318,-1.794289,1.347418,7.421877,14.983411,20.80356,18.067102,0.307081
2019-01-25,3184.47,3147.740833,3213.192583,1.160087,-0.897915,1.956881,4.729564,16.339263,20.277529,17.749892,-0.502124
2019-01-28,3183.78,3147.853333,3210.995833,1.134843,-0.851195,3.781198,7.906952,17.537806,20.628884,19.169666,-0.480561
2019-01-29,3193.97,3146.248667,3209.520917,1.505381,-0.485702,4.180974,7.409344,17.794072,14.290274,19.475449,-0.798066
2019-01-30,3168.48,3144.676,3208.297583,0.754111,-1.248847,6.964954,8.568152,19.432494,16.065178,21.449086,1.046243
2019-01-31,3201.63,3143.984,3207.700583,1.816927,-0.18943,6.074459,7.25989,17.366725,13.583927,20.19159,1.429584
2019-02-01,3247.4,3144.408833,3206.688333,3.222877,1.261594,2.772683,8.06404,11.894705,10.299583,18.497567,1.818994
2019-02-11,3306.47,3145.9705,3206.621333,4.975873,3.066332,4.125753,12.038766,12.051367,12.064771,16.380611,0.721918
2019-02-12,3330.34,3148.6855,3206.061417,5.608934,3.803119,3.228369,10.1112,12.010709,9.677115,15.546461,0.251025
2019-02-13,3397.03,3151.883667,3205.994833,7.490126,5.787908,1.603197,7.957364,9.194786,7.0496,13.278069,-1.717088
2019-02-14,3402.14,3154.629667,3206.093167,7.553354,5.935153,1.185431,7.561534,8.351998,9.122312,13.107926,-1.864709
2019-02-15,3338.7,3156.859,3205.808083,5.600396,4.061732,5.291357,11.609699,11.484278,11.456237,15.257136,3.022434
2019-02-18,3445.74,3160.2485,3207.089417,8.648802,7.177488,7.913013,9.630854,11.138891,5.72487,11.782955,-0.177901
2019-02-19,3439.61,3163.280833,3208.44675,8.374837,6.957115,6.88283,10.384728,10.854012,5.050525,11.982172,0.090126
2019-02-20,3451.93,3165.903,3210.299333,8.649517,7.256931,6.354166,10.864343,10.535067,6.03804,11.582506,-0.267097
2019-02-21,3442.71,3169.641333,3211.7615,8.264051,6.943941,6.376103,10.106835,10.840319,5.829834,11.881338,2.248519
2019-02-22,3520.12,3174.535167,3213.37375,10.333386,9.117368,6.318342,3.830665,8.53614,1.797325,9.420986,3.904981
2019-02-25,3729.48,3183.119333,3216.8865,15.840718,14.785485,1.717841,0.012601,0.35732,-3.702807,3.278473,-1.927883
2019-02-26,3684.69,3192.1395,3219.925333,14.349502,13.482823,3.501898,1.899509,0.426533,-1.297224,4.533896,-0.735747
2019-02-27,3678.39,3201.092,3222.8675,13.898315,13.220367,4.510176,1.237422,1.751646,-0.166788,4.712931,-0.565737
2019-02-28,3669.37,3209.960833,3225.0575,13.376125,12.906921,3.730732,0.790464,1.59592,-0.14891,4.970336,-0.321309
2019-03-01,3749.71,3219.473833,3227.970333,15.246056,14.982494,-2.487678,-0.125422,3.218047,-2.93707,3.270386,-2.45699
2019-03-04,3794.1,3230.414667,3231.366417,16.083672,16.054214,-1.70524,1.508036,4.63083,-4.427243,4.739727,-3.598218
2019-03-05,3816.01,3241.136667,3235.24075,16.328128,16.510203,-1.602388,0.469284,3.98856,-4.941916,4.138354,-4.151719
2019-03-06,3848.09,3250.922333,3239.520667,16.863817,17.215154,-3.272754,-0.329276,4.424215,-6.706817,4.523543,-4.950768
2019-03-07,3808.85,3259.941333,3243.57925,15.561811,16.064988,-2.940268,0.733484,6.440478,-5.719656,6.652402,-3.97154
2019-03-08,3657.58,3266.701,3246.026583,11.302112,11.937007,2.362256,4.705475,10.369875,-2.572744,11.063326,1.118499
2019-03-11,3729.95,3275.839,3249.625,12.982081,13.785522,3.213276,0.344718,8.858143,-3.248209,9.262323,-0.843443
2019-03-12,3755.35,3285.402167,3253.728917,13.369242,14.337979,2.071672,-1.472976,8.43483,-0.965139,8.800778,-1.514107
2019-03-13,3724.19,3295.059333,3257.450167,12.24252,13.390465,2.943478,0.514224,7.08398,-0.892486,9.711105,-0.690083
2019-03-14,3698.49,3304.037167,3261.353667,11.277952,12.578228,3.673751,0.805456,7.552068,-0.354827,10.473463,0.052724
2019-03-15,3745.01,3313.6105,3265.693667,12.238591,13.695209,2.343219,3.343469,5.973127,-2.436103,9.101177,-1.190117
2019-03-18,3851.75,3324.144833,3271.108083,14.731514,16.33988,-2.868558,3.122794,5.898751,-5.248075,6.077757,-3.928344
2019-03-19,3833.96,3335.279,3276.086333,13.934188,15.724869,-3.544648,3.519277,6.397171,-4.435526,6.606224,-3.482561
2019-03-20,3835.44,3346.516333,3281.030917,13.636426,15.612648,-2.429254,4.753491,5.986976,-3.165249,6.565088,-3.519805
2019-03-21,3836.89,3358.324,3286.297333,13.32201,15.490064,-2.868296,5.706994,7.133907,-0.218384,7.39453,-3.556266
2019-03-22,3833.8,3370.701833,3291.000417,12.87355,15.266488,1.00025,5.6644,4.881997,0.003652,7.481089,-3.478533
2019-03-25,3742.83,3381.958667,3294.586667,10.138698,12.756129,5.991352,8.513425,7.119359,2.596103,10.093432,-1.132565
2019-03-26,3700.44,3393.142667,3297.83925,8.66952,11.518425,7.063925,9.907805,8.533698,2.689401,11.354596,0.755586
2019-03-27,3743.39,3404.895833,3300.613417,9.477727,12.588328,7.182745,6.569756,5.165093,1.351623,10.076962,-0.400439
2019-03-28,3728.4,3416.747833,3303.518417,8.729001,12.09911,8.57529,6.746612,4.224229,2.814331,10.519526,3.860637
2019-03-29,3872.34,3431.253,3307.310917,12.093347,15.772353,4.66415,2.629658,0.720219,-1.214627,6.411369,0.437203
2019-04-01,3973.93,3447.643333,3312.06375,14.206462,18.218404,2.522073,2.775957,-1.539752,-0.963882,3.691056,-2.130385
2019-04-02,3971.29,3463.654,3316.500667,13.676688,18.018077,2.843881,2.877895,-7.492358,-0.862879,3.759987,-7.218561
2019-04-03,4022.16,3481.197667,3322.5945,14.444268,19.107312,-0.612989,1.233485,-7.791531,-3.250287,2.44769,-8.392008
2019-04-04,4062.23,3499.4875,3329.040667,14.911555,19.904791,-1.828678,1.426913,-10.223276,-4.767686,1.437142,-9.718061
2019-04-08,4057.23,3516.510167,3335.50425,14.303141,19.587661,-2.034492,-0.782402,-11.964997,-4.126903,1.56215,-11.276906
2019-04-09,4075.43,3533.529,3343.431917,14.267917,19.797846,0.253884,-1.394066,-8.844739,-6.924125,1.108595,-11.673124
2019-04-10,4085.85,3550.8315,3351.057917,14.034798,19.825369,0.034014,-1.374108,-10.768423,-7.433825,0.850741,-11.898381
2019-04-11,3997.58,3566.149833,3358.317333,11.420264,17.424912,1.846475,-1.404663,-9.229166,-5.418369,3.077612,-9.953022
2019-04-12,3988.62,3581.415333,3365.714417,10.768724,16.980506,3.25559,-2.522383,-6.781754,-5.23413,3.309165,-9.750741
2019-04-15,3975.52,3596.094333,3372.858333,10.030721,16.4395,1.25209,-1.909439,-6.001168,-4.285976,3.649585,-9.453355
2019-04-16,4085.79,3613.061167,3381.536667,12.295972,18.918486,-1.64795,-4.315709,-11.312772,-6.616842,0.852222,-11.897087
2019-04-17,4087.24,3629.048667,3389.472417,11.889939,18.719565,-1.408122,-10.370253,-12.200658,-7.107048,0.816443,-11.928343
2019-04-18,4072.08,3644.7725,3396.154167,11.085998,18.151026,-3.251138,-9.025017,-10.484003,-6.793255,1.191774,-11.60046
2019-04-19,4120.61,3661.592333,3403.964,11.810309,19.106058,-5.777973,-11.650189,-12.144392,-8.93507,-2.196762,-12.641575
2019-04-22,4025.61,3675.883,3410.942417,9.088308,16.568783,-3.161529,-11.182594,-11.620812,-5.558284,0.111287,-10.971008
2019-04-23,4019.01,3689.7725,3417.814917,8.54708,16.203417,-2.667759,-7.450673,-11.179486,-6.086725,0.27569,-10.824805
2019-04-24,4030.09,3704.552,3424.952,8.422637,16.270125,-8.962131,-9.394316,-10.257455,-6.144644,-2.190274,-11.069976
2019-04-25,3941.82,3717.898167,3432.15975,5.848405,13.845282,-5.773879,-7.824503,-7.083527,-3.143663,-0.725807,-9.078547
2019-04-26,3889.27,3730.073,3438.6515,4.179367,12.314209,-5.872215,-4.259371,-5.96906,-0.987045,0.61554,-7.850059
2019-04-29,3900.33,3742.004,3444.872417,4.143987,12.41743,-8.021066,-4.091729,-6.875336,-1.076452,0.330228,-8.111365
2019-04-30,3913.21,3754.161167,3451.00725,4.149314,12.569186,-4.782914,-6.997063,-7.518321,-1.517638,-4.325094,-8.413809
2019-05-06,3684.62,3762.338667,3454.293667,-2.087335,6.45494,-0.432185,-1.830406,-1.438119,4.916979,1.610478,-2.731896
2019-05-07,3720.67,3771.541833,3458.108917,-1.358013,7.318188,-2.050624,-1.458987,-3.3395,3.035954,0.625963,-3.674338
2019-05-08,3667.46,3779.305667,3461.644833,-3.004098,5.775546,1.612844,-0.494203,-1.936858,3.641448,2.085912,-2.27678
2019-05-09,3599.7,3785.177333,3464.793083,-5.024223,3.819759,3.929337,-0.438217,-0.977622,4.022243,4.007556,-0.972859
2019-05-10,3730.45,3792.243667,3469.107083,-1.642897,7.263163,-2.214149,-3.728812,-3.261613,-1.4788,0.362155,-4.4437
2019-05-13,3668.73,3797.8835,3473.2845,-3.459838,5.474487,-1.398221,-0.86314,1.368455,-0.887062,2.050573,-2.836131
2019-05-14,3645.15,3802.018833,3476.95125,-4.213468,4.724168,0.591638,0.740976,1.2527,-0.652854,2.710725,-2.207591
2019-05-15,3727.09,3807.434667,3481.032167,-2.132788,6.829892,-2.107048,-1.709689,-1.125141,-1.562959,0.452632,-4.357555
2019-05-16,3743.96,3814.189,3485.524,-1.858419,7.152548,-4.367554,-2.783607,-2.408061,-2.993925,-0.659195,-4.788513
2019-05-17,3648.76,3817.572667,3488.910583,-4.522741,4.479785,-1.514664,-0.521259,0.165946,1.370216,1.932711,-2.304344
2019-05-20,3617.79,3820.542333,3491.911583,-5.452904,3.541402,0.535081,0.392287,1.367961,1.316961,2.805304,-1.468023
2019-05-21,3666.78,3824.123167,3495.013083,-4.201531,4.797677,0.149338,-1.880514,1.331778,0.425082,1.431774,-2.784459
2019-05-22,3649.38,3827.567667,3498.6045,-4.767224,4.219312,0.397359,-1.442654,4.792102,1.215259,4.908779,-2.320942
2019-05-23,3583.96,3828.631667,3501.583417,-6.603914,2.325306,1.583947,-0.539405,6.742466,3.470908,6.974966,-0.537952
2019-05-24,3593.91,3826.372167,3504.74575,-6.267639,2.512277,0.993405,0.467199,6.656229,5.341283,6.882754,-0.81332
2019-05-27,3637.2,3825.580667,3508.860083,-5.049611,3.592293,-0.142794,2.231595,4.413159,4.055274,5.610635,-1.993841
2019-05-28,3672.26,3825.4785,3513.28525,-4.087628,4.425571,-2.029852,0.511724,3.270057,2.938223,4.602343,-2.929531
2019-05-29,3663.91,3825.3875,3517.674167,-4.312889,4.073086,-1.840014,0.584547,4.559161,3.476083,4.84073,-2.708309
2019-05-30,3641.18,3823.578667,3521.52625,-4.8879,3.341332,-2.123352,0.375546,4.94049,4.816772,5.495197,-2.100967
2019-05-31,3629.79,3820.840167,3525.627417,-5.129554,2.911638,-0.526206,0.687205,8.094191,3.681474,8.430791,-1.793768
2019-06-03,3632.01,3817.7735,3529.455083,-4.988119,2.864272,2.374389,0.975674,8.067598,4.966546,8.401959,-1.853794
2019-06-04,3598.47,3813.613167,3532.26775,-5.806832,1.856867,2.541576,3.212292,7.880745,5.517103,9.412334,-0.93901
2019-06-05,3597.11,3810.084167,3535.01275,-5.752053,1.741384,2.424561,6.234756,7.392447,5.22854,9.4537,-0.901557
2019-06-06,3564.68,3808.535833,3537.618417,-6.617053,0.762055,2.498897,7.281871,8.815715,6.381888,10.449465,1.292122
2019-06-10,3610.74,3806.549,3541.194,-5.281027,1.944878,1.213411,6.18903,5.182227,6.372395,9.040529,1.220802
2019-06-11,3719.28,3805.947833,3545.675,-2.303496,4.780155,-1.398715,2.181564,1.966143,3.548027,5.858392,-1.733131
2019-06-12,3691.1,3805.396333,3550.227833,-3.049563,3.891274,0.670716,2.758333,2.558097,5.145583,6.666576,-0.982905
2019-06-13,3685.39,3805.178,3554.607583,-3.198642,3.613168,3.810195,3.974614,2.672765,6.307152,6.831841,-0.829492
2019-06-14,3654.88,3803.675833,3558.643167,-3.990466,2.668392,4.782973,4.564944,4.123254,7.727503,7.723646,-0.001642
2019-06-17,3654.82,3800.393667,3562.26925,-3.905781,2.564907,4.97562,7.406986,4.529984,8.346205,7.725415,0.350222
2019-06-18,3667.62,3797.621333,3566.450167,-3.483196,2.79722,3.580279,7.091924,3.72565,7.651671,7.349453,1.317476
2019-06-19,3715.94,3795.629667,3571.073,-2.121864,3.976556,2.087617,4.668453,2.35897,5.60332,5.953541,1.8644
2019-06-20,3828.52,3795.490167,3576.907083,0.866474,6.797982,0.164419,1.157691,-1.58278,3.688711,2.837911,-1.57032
2019-06-21,3833.94,3795.4925,3583.097167,1.007882,6.766544,-0.218029,1.533845,-0.679938,3.177511,2.69253,-1.709469
2019-06-24,3841.27,3797.133167,3589.545917,1.155669,6.777733,2.431366,-1.006803,-1.563469,1.291969,2.49657,-1.897029
2019-06-25,3801.31,3798.814333,3595.9785,0.065674,5.552961,3.511645,-0.215421,-0.300347,2.821209,3.574031,-0.865754
2019-06-26,3794.33,3799.663333,3602.279583,-0.140462,5.194098,2.580835,-0.200236,0.669807,3.370053,3.764564,-0.683388
2019-06-27,3834.82,3801.437,3609.092417,0.874334,6.066616,0.993272,-1.301849,0.422853,2.595355,2.668965,-1.732024
2019-06-28,3825.59,3800.657833,3615.955417,0.653854,5.635659,1.751874,-0.44169,0.858394,1.686611,2.916674,-1.494933
2019-07-01,3935.81,3800.0225,3623.832917,3.510972,8.258442,-3.43817,-2.877003,-2.093508,-0.886327,0.034555,-4.253508
2019-07-02,3937.17,3799.453833,3631.553917,3.560486,8.080156,-3.727066,-3.366274,-1.7125,-1.695449,-1.10841,-4.286581
2019-07-03,3893.53,3797.31,3639.253833,2.502328,6.753753,-2.781071,-2.309483,-1.50529,-1.3547,-0.008476,-3.213793
2019-07-04,3873.1,3794.157833,3646.822667,2.059275,6.019893,-2.295121,-2.740471,-1.814141,-0.5294,0.518964,-2.703261
2019-07-05,3893.2,3791.424,3653.967083,2.648977,6.341799,-2.193564,-2.213783,-3.81585,-2.041398,-0.587691,-3.743964
2019-07-08,3802.79,3786.88,3660.2045,0.419255,3.821599,0.561167,-0.556665,-3.399414,0.913301,1.775801,-3.342283
2019-07-09,3793.13,3782.001333,3666.416417,0.293821,3.39768,0.360791,-0.084926,-4.22166,1.312423,2.034995,-4.133789
2019-07-10,3786.74,3778.487333,3672.318583,0.218174,3.068226,0.471588,0.870043,-4.463652,2.294726,2.207176,-4.365496
2019-07-11,3785.22,3775.097333,3678.256333,0.267784,2.866519,-0.44535,1.724702,-3.110583,3.287572,2.248218,-4.327093
2019-07-12,3808.73,3772.3175,3684.205917,0.960627,3.324079,-0.020219,1.300085,-4.709117,3.72397,1.617074,-4.91765
2019-07-15,3824.19,3767.9575,3690.509333,1.48136,3.55822,-1.117832,0.783494,-3.325713,2.888181,1.206269,-5.302038
2019-07-16,3806.84,3763.284167,3696.166417,1.150742,2.950327,-0.445718,1.653774,-3.77665,2.997819,1.667525,-4.870444
2019-07-17,3804.64,3758.826833,3701.799667,1.211448,2.740228,0.398454,0.804193,-3.265666,3.120103,1.726313,-4.815436
2019-07-18,3768.4,3752.956667,3707.2745,0.410653,1.635354,2.170052,0.92633,-1.994063,2.644378,2.704596,-3.900064
2019-07-19,3807.96,3749.329167,3712.606083,1.551668,2.535953,1.320304,-1.602067,-2.591619,1.895801,1.637622,-4.898423
2019-07-22,3781.68,3745.373667,3717.573083,0.964697,1.70973,1.901327,-2.842749,0.248522,2.975123,2.343932,-4.237535
2019-07-23,3789.91,3741.370667,3722.961333,1.289024,1.782286,2.099492,-4.136734,-0.057538,2.119127,2.121686,-4.445488
2019-07-24,3819.83,3739.3375,3728.617833,2.129746,2.416831,0.405738,-5.333694,-1.001641,1.32217,1.321787,-5.193948
2019-07-25,3851.07,3738.700833,3734.386917,2.961285,3.076737,-1.243722,-4.835285,-1.505932,1.180211,0.499861,-5.963018
2019-07-26,3858.57,3738.004833,3740.004417,3.174465,3.120986,-2.922371,-6.009202,-0.982112,1.747472,0.304517,-6.1458
2019-07-29,3854.27,3737.0225,3745.591833,3.089245,2.860199,-4.744075,-4.109208,-2.319209,1.441457,0.416421,-6.041092
2019-07-30,3870.32,3740.1175,3751.228083,3.422016,3.125392,-6.236226,-5.430424,-1.388552,0.538811,-0.903284,-6.430734
2019-07-31,3835.36,3742.029,3756.785417,2.463532,2.069965,-5.739433,-4.069859,-0.858352,1.331003,-0.378061,-5.577834
2019-08-01,3803.47,3744.295833,3761.80075,1.568024,1.101604,-3.591563,-2.920393,-0.349766,3.840665,0.457214,-4.786156
2019-08-02,3747.44,3746.758167,3765.96775,0.018196,-0.493193,-3.086831,-0.989552,1.382023,5.973641,1.959204,-3.362562
2019-08-05,3675.69,3745.8455,3769.044583,-1.890649,-2.508067,0.634868,3.091271,4.589582,8.525574,4.696533,-1.476185
2019-08-06,3636.33,3745.3055,3771.5945,-2.952826,-3.652293,0.805802,4.079196,5.803544,9.153227,5.975255,-0.409754
2019-08-07,3621.43,3744.910167,3773.4645,-3.352865,-4.112457,1.669574,4.332053,7.051138,9.739082,7.305678,0.334122
2019-08-08,3669.29,3743.946833,3775.69075,-2.014218,-2.858516,0.67117,3.329353,6.744969,7.952581,6.977644,-0.974575
2019-08-09,3633.53,3742.106333,3778.147667,-2.944402,-3.902923,2.097279,5.02709,8.313367,7.153574,8.668705,0.886741
2019-08-12,3699.1,3742.945333,3780.259,-1.178328,-2.170298,2.456403,1.789999,7.141934,5.383271,7.403152,-0.901571
2019-08-13,3665.75,3743.744667,3782.1435,-2.105341,-3.125796,3.273394,4.041872,7.702671,6.193847,8.380277,0.454204
2019-08-14,3682.4,3744.005,3784.064083,-1.659118,-2.723387,2.66248,3.211507,6.510016,5.891328,7.890235,0.315012
2019-08-15,3694,3744.748667,3786.158167,-1.364462,-2.464195,2.658183,2.570627,7.265553,4.837499,7.551435,0.447753
2019-08-16,3710.54,3746.858333,3787.745,-0.974029,-2.059344,2.929811,2.371575,6.449068,5.18304,7.072016,1.492236
2019-08-19,3791.09,3750.144667,3788.258417,1.085916,0.074718,-0.666404,1.498311,2.606916,4.031235,4.797037,-0.664189
2019-08-20,3787.73,3752.6535,3789.117083,0.930371,-0.036614,0.768478,1.724348,3.179094,3.122301,4.89,-0.576071
2019-08-21,3781.76,3754.4785,3789.9785,0.724012,-0.217084,0.549027,2.719084,3.701887,2.811681,5.055583,-0.419117
2019-08-22,3793.51,3756.6385,3791.013,0.976717,0.065845,-0.087556,3.415616,3.678434,1.477884,4.730184,-0.727558
2019-08-23,3820.86,3759.633167,3791.605917,1.615414,0.768587,-0.558236,3.286276,1.810328,1.489818,3.980517,-1.438158
2019-08-26,3765.91,3761.901833,3791.371,0.10649,-0.673816,2.164716,5.351936,3.526391,3.28437,5.497742,0.644731
2019-08-27,3816.95,3764.984167,3791.378833,1.370802,0.672191,0.95587,3.660799,1.405603,1.525398,4.087033,-0.701083
2019-08-28,3802.58,3768.386,3790.999583,0.903299,0.305006,2.170057,3.298509,1.008941,1.558308,4.480379,-0.325831
2019-08-29,3790.19,3771.604,3790.844083,0.491577,-0.017256,3.503173,4.694926,1.634507,1.010133,4.821922,0.248009
2019-08-30,3799.59,3775.519167,3792.0275,0.635527,0.199233,3.844513,4.077494,0.392429,0.955263,4.562598,0.3932
2019-09-02,3848.32,3779.478833,3793.013917,1.805056,1.447576,3.18722,1.108604,-0.276867,0.071954,3.238556,-0.878045
2019-09-03,3853.61,3781.717667,3793.83275,1.883206,1.563358,2.704929,1.454746,-0.269461,-0.098398,3.096836,-1.014114
2019-09-04,3886,3784.966,3795.181167,2.634345,2.36482,1.128452,0.982803,-0.29276,-0.171016,2.237519,-1.839166
2019-09-05,3925.32,3788.964833,3797.071417,3.535503,3.321779,1.191753,0.262818,-0.346815,-0.585869,1.213404,-2.822445
2019-09-06,3948.51,3793.858667,3798.76725,3.995467,3.866169,0.232981,-1.475948,0.11972,-1.352909,0.618968,-3.393179
2019-09-09,3972.95,3799.160833,3799.77725,4.472868,4.456645,-2.078616,-1.825545,-0.92804,-1.843491,-0.014347,-3.987465
2019-09-10,3959.27,3804.021667,3800.8215,4.000082,4.084244,-1.250183,-2.255196,-0.928202,-1.437823,0.331122,-3.655724
2019-09-11,3930.1,3807.591,3801.610333,3.166817,3.324012,-0.145649,-2.289567,-0.124247,-0.999354,1.0758,-2.940638
2019-09-12,3972.38,3809.988667,3802.739417,4.17392,4.364371,-0.928936,-3.060419,-2.627112,-0.104778,-0.369048,-3.973688
2019-09-16,3957.72,3812.051667,3803.772083,3.750056,3.967487,-1.708929,-3.685064,-1.961648,0.750891,-0.113196,-3.617992
2019-09-17,3891.22,3812.884167,3805.008667,2.033683,2.240446,0.25307,-1.385472,0.119685,3.79674,1.593845,-1.970847
2019-09-18,3910.08,3814.697,3806.755667,2.46966,2.678054,-1.005013,-1.724207,-1.00243,3.089813,1.103814,-2.443684
2019-09-19,3924.38,3816.8645,3808.263917,2.77791,3.003496,-2.143918,-1.275562,-1.378076,2.585055,0.735403,-2.799168
2019-09-20,3935.65,3818.545,3809.991,3.020659,3.244923,-2.131483,-0.609632,-0.992292,2.052154,0.44694,-3.077509
2019-09-23,3890.66,3819.6295,3810.143667,1.842538,2.091191,-1.976135,1.595669,0.919256,1.945654,1.608467,-1.956737
2019-09-24,3901.08,3819.050667,3809.536583,2.125156,2.374589,-1.638542,0.897506,0.234276,2.327937,1.337066,-2.218616
2019-09-25,3870.98,3817.9475,3808.700667,1.379473,1.621961,-0.719194,1.326994,0.52176,3.050155,2.125043,-1.458287
2019-09-26,3841.14,3817.074333,3807.192167,0.628495,0.887724,0.868356,2.16532,1.180414,4.700165,2.918404,-0.692763
2019-09-27,3852.65,3816.7335,3805.445667,0.936627,1.232811,1.521851,0.433306,2.555924,4.302553,2.61093,-0.989449
2019-09-30,3814.53,3815.422333,3803.423167,-0.02339,0.291596,3.571804,1.723417,4.199189,6.767896,4.288602,0.60689
2019-10-08,3837.68,3816.003833,3801.441917,0.566426,0.948757,2.536048,1.505157,4.21286,6.528446,4.30286,0.144879
2019-10-09,3843.24,3816.839,3799.420167,0.689317,1.146729,2.046188,0.721778,3.619144,7.733219,4.151966,0.680155
2019-10-10,3874.64,3818.304,3798.395667,1.464641,1.987397,1.296965,-0.102514,2.980704,6.744038,3.30792,-0.135755
2019-10-11,3911.73,3820.4125,3797.754917,2.362133,2.956965,-1.088544,-0.382659,1.554426,5.412817,2.328382,-1.082641
2019-10-14,3953.24,3822.821,3797.56925,3.354686,4.01743,-1.848387,-0.676413,-1.279513,5.103487,1.253908,-2.121298
2019-10-15,3936.25,3824.688667,3796.323083,2.875142,3.61955,-1.030891,-0.66323,-0.830623,4.375885,1.69095,-1.698825
2019-10-16,3922.69,3826.6195,3794.951833,2.479587,3.310592,-1.324411,-0.805234,-0.580622,5.978736,2.042476,-1.359016
2019-10-17,3925.22,3828.629167,3793.728,2.491558,3.407322,-1.399478,-0.984907,-0.494441,5.88568,1.976704,-1.422595
2019-10-18,3869.38,3830.312167,3791.634417,1.014798,2.029712,0.705885,2.122617,0.199058,8.293979,3.448356,0.033339
2019-10-21,3880.84,3831.526833,3790.428,1.278825,2.357268,1.171974,2.475772,0.69562,7.662286,3.142876,-0.262057
2019-10-22,3895.88,3833.430167,3789.401917,1.615958,2.771138,0.367661,2.707703,1.304635,6.721197,2.744694,-0.647094
2019-10-23,3871.08,3834.783,3788.076833,0.942069,2.167508,0.519177,2.897366,0.945637,6.934344,3.402926,-0.010591
2019-10-24,3870.67,3835.630333,3787.483917,0.909383,2.172569,0.414571,3.083217,0.487871,7.084871,3.413879,0.165863
2019-10-25,3896.79,3836.392333,3787.546583,1.562071,2.843467,1.416732,1.937086,-1.208259,7.155187,2.720701,-1.200989
2019-10-28,3926.59,3837.526,3787.765417,2.294348,3.599512,1.303798,-0.6031,-1.239766,4.669978,1.941124,-1.950802
2019-10-29,3910.23,3838.458667,3787.740583,1.85253,3.182651,2.340042,-0.167394,-0.476296,5.514841,2.367636,-1.540574
2019-10-30,3891.23,3838.807167,3789.462333,1.356362,2.650116,2.37819,0.224612,-0.401965,2.854358,2.867474,-1.059819
2019-10-31,3886.75,3839.663667,3790.846333,1.218856,2.498403,2.668646,0.490466,-0.631047,-5.239142,2.986042,-0.945777
2019-11-01,3952.39,3842.145667,3793.22075,2.828948,4.1105,0.520353,-1.923559,-3.180297,-4.31055,1.275684,-3.130258
2019-11-04,3978.12,3845.990333,3796.37425,3.377821,4.676288,-1.906898,-1.780152,-3.636355,-3.832843,0.620645,-3.7568
2019-11-05,4002.81,3851.442333,3798.643917,3.85489,5.235248,-2.507435,-1.403068,-3.864039,-2.607647,-0.273308,-4.350444
2019-11-06,3984.88,3857.2515,3801.2785,3.255232,4.716974,-2.153577,-1.951729,-3.44808,-2.156398,0.175413,-3.920068
2019-11-07,3991.87,3863.4255,3804.167833,3.270557,4.816253,-2.17818,-2.595347,-2.85896,-1.918651,-0.47246,-4.088309
2019-11-08,3973.01,3868.4875,3806.217167,2.666039,4.288817,-2.443912,-3.145344,-1.793481,-0.518582,-0.653661,-3.633014
2019-11-11,3902.98,3872.978333,3807.542333,0.771656,2.475644,0.126746,-0.636666,-0.193116,2.06539,1.128881,-1.90393
2019-11-12,3903.69,3876.388167,3809.66675,0.701842,2.438054,1.104367,-0.308903,-0.084828,1.430156,1.110488,-1.921771
2019-11-13,3899.98,3880.292,3812.018333,0.506102,2.281263,0.201848,-0.626577,0.071001,2.225072,1.206673,-1.828471
2019-11-14,3905.86,3884.016333,3814.010667,0.560823,2.379669,-0.417166,-1.121513,-0.380666,4.298645,1.054313,-1.976261
2019-11-15,3877.09,3887.067833,3815.90825,-0.257023,1.590616,-0.701432,-1.256739,2.323276,4.548461,2.350474,-1.248875
2019-11-18,3907.93,3890.357667,3818.608,0.450672,2.312186,-0.763412,-1.856202,2.016919,3.603246,2.037396,-2.028184
2019-11-19,3947.04,3892.956833,3821.55075,1.379695,3.230964,-1.41327,-2.460971,2.372421,4.885483,2.400786,-2.998956
2019-11-20,3907.86,3894.959,3823.80625,0.330676,2.174358,-0.828426,-1.496352,3.146605,5.999553,3.427451,-2.026429
2019-11-21,3889.6,3896.756333,3825.617417,-0.183817,1.658645,-0.704346,-0.263613,3.475261,6.06585,3.912999,-1.566485
2019-11-22,3849.99,3897.697667,3827.168083,-1.231549,0.594543,-0.555307,1.351864,4.252704,6.871664,4.982091,-0.553768
2019-11-25,3878.21,3898.6535,3829.143333,-0.525753,1.27326,-1.092791,0.44355,2.266164,4.901103,4.218183,-1.277393
2019-11-26,3891.65,3900.749167,3831.3255,-0.23354,1.562241,-1.047701,0.224075,2.569958,4.845912,3.858261,-1.618337
2019-11-27,3875.62,3901.727,3833.355583,-0.671363,1.09651,-0.667926,0.697578,2.93036,1.648776,4.28783,-1.211419
2019-11-28,3862.3,3902.722333,3835.554167,-1.041148,0.694893,0.440733,0.740847,4.150798,5.229905,4.64749,-0.870725
2019-11-29,3828.67,3903.363667,3837.483833,-1.932118,-0.229942,1.90717,3.580015,4.926927,6.635995,5.566685,0.193017
2019-12-02,3836.06,3903.9715,3839.745333,-1.754857,-0.096025,1.536341,3.873121,6.205062,7.020519,6.40162,0.358701
2019-12-03,3851.09,3904.017667,3841.74825,-1.364997,0.242869,1.271776,4.833391,6.179625,8.83294,6.374559,-0.032978
2019-12-04,3849.82,3903.9545,3842.836083,-1.396362,0.181574,1.365504,4.642957,7.562155,7.230943,7.855432,0.767309
2019-12-05,3879.36,3903.843833,3844.404917,-0.629147,0.905137,0.300114,3.738874,6.622295,2.990641,7.03415,0.300565
2019-12-06,3902.39,3903.461667,3846.21325,-0.027458,1.450009,1.672845,2.90084,5.651872,4.51767,6.402487,-0.29136
2019-12-09,3895.45,3902.577333,3848.218,-0.182798,1.219902,2.33678,1.822614,6.576116,3.356752,6.797161,-0.113722
2019-12-10,3900.38,3901.367833,3850.264333,-0.025323,1.293218,3.561615,2.345883,5.291336,1.287195,6.662171,-0.239977
2019-12-11,3902.75,3900.425833,3852.22375,0.05957,1.303085,3.277453,2.232782,6.488357,-0.190817,6.703478,-0.300557
2019-12-12,3891.02,3899.7745,3853.68275,-0.22474,0.964208,3.43876,3.409951,6.760787,-4.284236,7.02515,1.955271
2019-12-13,3968.22,3899.705167,3854.846917,1.741668,2.898634,1.227996,1.346912,5.771644,-6.737201,5.941455,-0.028224
2019-12-16,3987.55,3900.202333,3856.127,2.214858,3.35137,-0.514166,2.331941,4.949747,-9.222133,5.427894,-0.512846
2019-12-17,4041.8,3902.712,3857.798083,3.501844,4.659356,-1.215733,1.346234,3.044142,-11.879145,4.012816,-1.848186
2019-12-18,4032.78,3904.757,3859.727,3.226041,4.385951,-1.044671,2.919198,2.842102,-9.884699,4.245458,-1.628653
2019-12-19,4027.15,3906.469833,3861.667167,3.042482,4.195993,-0.028809,2.883421,3.12174,-13.167324,4.391195,-1.491129
2019-12-20,4017.25,3907.829833,3863.187417,2.76154,3.910499,0.118916,2.751031,4.110742,-10.271296,4.648454,-1.248366
2019-12-23,3967.1,3909.103833,3864.366667,1.47272,2.623754,2.846107,4.753501,3.643579,-6.363449,5.971364,0.599178
2019-12-24,3992.96,3910.635167,3864.842917,2.0833,3.261177,2.561967,2.945454,3.42118,-7.672716,5.285052,-0.052342
2019-12-25,3990.87,3912.633333,3865.290417,1.979862,3.197243,3.96387,4.255575,0.325963,-7.29612,5.340189,0.326495
2019-12-26,4025.99,3915.714167,3866.39425,2.777311,4.044849,2.91223,3.350836,-8.758893,-9.145992,4.421273,-8.38626
2019-12-27,4022.03,3918.537167,3867.635333,2.606834,3.914345,2.632115,4.424732,-6.057179,-8.720148,4.524084,-8.296059
2019-12-30,4081.63,3922.988833,3869.205583,3.96426,5.344721,1.907394,2.617806,-6.40155,-10.492152,2.997822,-9.635121
2019-12-31,4096.58,3927.303833,3871.653833,4.219934,5.647072,0.383487,1.697908,-4.923234,-9.253051,2.621943,-9.964898
2020-01-02,4152.24,3932.453833,3874.646417,5.438433,6.919354,0.291706,-0.077097,-6.270473,-11.174852,1.246315,-11.171801
2020-01-03,4144.96,3936.959167,3877.631583,5.14845,6.666859,0.438607,0.238319,-5.681986,-8.741326,1.424139,-11.015788
2020-01-06,4129.3,3940.585333,3880.498917,4.677863,6.214417,1.792617,1.359711,-4.376973,-8.829395,1.808781,-10.678323
2020-01-07,4160.23,3944.035167,3883.428083,5.336601,6.885207,0.710412,-1.109922,-4.31761,-9.246319,1.051865,-11.342402
2020-01-08,4112.32,3946.969667,3885.829167,4.103923,5.665096,1.314421,0.475726,-3.776352,-8.712987,2.229155,-10.309509
2020-01-09,4164.37,3950.997667,3888.808583,5.259688,6.846217,-0.368802,-3.929612,-4.334286,-10.394021,0.951404,-11.430541
2020-01-10,4163.18,3954.963667,3891.796417,5.130779,6.740835,-0.200288,-12.109729,-2.081477,-8.453775,0.98026,-11.405224
2020-01-13,4203.99,3960.5405,3895.426333,5.965357,7.623094,-0.432906,-10.481911,-3.546459,-10.172799,-0.335396,-12.265253
2020-01-14,4189.89,3965.691333,3898.609083,5.499428,7.205464,-1.820334,-9.019356,-3.363419,-9.704729,-0.0969,-11.970004
2020-01-15,4166.73,3970.2055,3901.817833,4.83137,6.5689,-0.838695,-6.621141,-0.53108,-8.179201,0.458393,-11.480705
2020-01-16,4149.04,3974.838167,3904.810583,4.289295,6.066771,-3.56081,-6.193376,0.010845,-7.390554,0.886711,-11.103291
2020-01-17,4154.85,3979.5745,3907.602417,4.310142,6.135233,-11.909441,-5.920305,-0.53115,-8.715908,0.745635,-11.227601
2020-01-20,4185.83,3984.391833,3910.392083,4.932033,6.806737,-10.049005,-5.736684,-1.491782,-8.639412,-0.868167,-11.88462
2020-01-21,4114.31,3987.5205,3912.52325,3.130153,5.028864,-7.199022,-3.207688,-1.00864,-7.167161,0.855064,-10.35289
2020-01-22,4131.93,3991.2155,3914.837083,3.464879,5.39709,-5.782447,-4.252079,-1.145226,-8.454123,0.424983,-10.735177
2020-01-23,4003.9,3993.093333,3915.95025,0.270268,2.221087,-2.632567,-0.404674,-1.607547,-4.62936,3.636205,-7.880816
2020-02-03,3688.36,3989.786833,3914.72525,-7.855589,-5.956323,5.989136,10.028252,9.838,4.267043,12.502305,2.637487
2020-02-04,3785.64,3987.007667,3914.576667,-5.182603,-3.349223,4.312321,6.935452,7.766247,2.127181,9.611321,1.132966
2020-02-05,3828.53,3984.5145,3915.252417,-3.993456,-2.239888,3.991335,5.655937,7.217007,2.171609,8.383374,1.861028
2020-02-06,3899.78,3982.797333,3917.119833,-2.106428,-0.443651,1.530368,6.090062,7.576548,0.930835,7.870957,0.002308
2020-02-07,3899.87,3981.3805,3919.316,-2.06854,-0.497393,2.227893,6.204222,5.93926,0.639511,7.868467,0.41386
2020-02-10,3916.01,3980.116167,3921.770833,-1.623773,-0.147002,4.039116,5.389154,2.050333,1.208447,7.423883,0.61389
2020-02-11,3952.46,3979.773667,3924.130583,-0.688678,0.719335,2.623132,4.244902,3.242771,0.195131,6.433209,-0.313982
2020-02-12,3984.43,3981.131167,3927.05475,0.082827,1.450455,1.664602,2.199047,1.098246,-0.608964,5.579217,-1.113836
2020-02-13,3959.92,3982.068333,3929.22825,-0.557754,0.778079,4.559694,3.106853,-0.227789,0.210137,6.232702,-0.501778
2020-02-14,3987.73,3983.530833,3931.911417,0.105358,1.409647,3.976329,-1.202873,-2.344888,-1.579975,5.491846,-2.317609
2020-02-17,4077.42,3986.390167,3935.20325,2.257833,3.55019,1.350039,-0.190252,-8.963546,-4.120609,3.171368,-8.573559
2020-02-18,4057.51,3989.397167,3938.2325,1.692935,2.983747,1.621771,0.830795,-8.962387,-3.373576,3.677625,-8.572499
2020-02-19,4051.31,3991.786833,3941.07225,1.480133,2.758745,0.534445,1.56107,-10.80846,-2.374368,3.83629,-10.244834
2020-02-20,4144.66,3995.0805,3944.018667,3.675703,4.962059,-1.452841,1.486487,-14.392207,-5.185397,1.49759,-13.404477
2020-02-21,4149.49,3999.107667,3947.033333,3.691418,5.002119,-5.179202,-0.264962,-12.737646,-5.847922,1.379447,-13.505274
2020-02-24,4132.84,4003.161667,3949.959,3.188036,4.525962,-1.540291,-3.338822,-15.757914,-7.765214,1.787875,-14.579079
2020-02-25,4123.85,4007.726,3952.711833,2.856319,4.238531,-0.790976,-1.002131,-12.890256,-7.409995,2.009772,-14.392861
2020-02-26,4073.02,4010.972833,3954.813167,1.535093,2.945138,1.026625,-1.100802,-8.998388,-5.041473,3.282822,-13.324511
2020-02-27,4084.88,4014.193333,3957.47125,1.745594,3.16871,2.939327,-3.334642,-9.94867,-6.036011,2.982952,-13.576164
2020-02-28,3940.05,4015.267167,3958.497083,-1.891047,-0.467102,4.914241,-1.142015,-6.014536,-2.139967,6.768442,-10.39936
2020-03-02,4069.67,4018.723333,3960.722833,1.259764,2.713537,-1.798531,-8.773294,-10.225099,-5.107773,3.367841,-13.253163
2020-03-03,4091.36,4023.1015,3963.232583,1.682431,3.181743,-0.211155,-9.793181,-10.429217,-2.977386,2.819845,-13.713044
2020-03-04,4115.05,4027.751333,3965.861417,2.144275,3.69279,-2.127426,-12.36953,-11.307608,-3.247258,2.227919,-14.209791
2020-03-05,4206.73,4033.678667,3968.848167,4.200684,5.820971,-6.273969,-15.878694,-11.906365,-5.448714,-1.621687,-16.079473
2020-03-06,4138.51,4038.490167,3971.222333,2.446492,4.126188,-6.056255,-12.472685,-10.843639,-3.85039,-1.347828,-14.69611
2020-03-09,3997.13,4040.453,3972.148417,-1.078021,0.626949,-6.974763,-12.419092,-5.109673,0.103021,2.141537,-11.67888
2020-03-10,4082.73,4043.458667,3973.460167,0.966545,2.712859,-9.582026,-11.888125,-7.695193,-1.499902,-1.329992,-13.530652
2020-03-11,4028.43,4045.675,3974.126167,-0.427169,1.357183,-10.242104,-7.897586,-6.026955,0.460656,-1.924323,-12.365115
2020-03-12,3950.91,4046.517167,3973.9425,-2.391062,-0.581274,-9.604724,-6.614028,-4.708846,2.222698,-1.407271,-10.645649
2020-03-13,3895.31,4046.393167,3973.4095,-3.805264,-1.985128,-6.416429,-4.872522,-3.714847,2.549056,-2.497619,-9.370243
2020-03-16,3727.84,4043.6735,3971.724,-8.132458,-6.337128,-5.444329,-1.451805,2.591248,7.123509,2.625113,-5.298779
2020-03-17,3709.68,4039.3645,3969.534833,-8.514176,-6.77033,-2.306099,-0.636035,2.336047,6.403245,3.127493,-4.835188
2020-03-18,3636.26,4033.509667,3966.856,-10.36812,-8.701816,2.344518,1.061922,4.467151,9.897456,5.209748,-2.913708
2020-03-19,3589.09,4025.9645,3964.33825,-11.486582,-9.944025,2.990697,3.972329,6.744086,11.278353,6.976699,-1.637741
2020-03-20,3653.22,4019.6385,3962.19775,-9.5583,-8.118989,1.543908,1.629045,5.336248,10.171929,5.481192,-3.364429
2020-03-23,3530.31,4011.357833,3958.913833,-12.774411,-11.458402,3.992524,7.309419,7.573156,14.92866,9.153587,2.685317
2020-03-24,3625.11,4004.822167,3956.326,-9.961454,-8.743118,1.670063,4.192932,5.742626,12.360222,6.299119,1.351683
2020-03-25,3722.52,4000.745833,3954.924833,-7.207994,-6.056074,-1.282596,1.870631,2.839867,10.188668,3.51751,-1.300463
2020-03-26,3698.05,3995.830667,3953.232917,-7.744583,-6.672805,0.981632,1.905182,2.639773,11.264614,4.202485,-0.647368
2020-03-27,3710.06,3991.1505,3951.891917,-7.303149,-6.314638,0.085138,1.157675,2.992724,10.230685,3.865167,-0.968987
2020-03-30,3674.11,3985.285833,3950.5,-8.129811,-7.253123,3.316895,4.043053,4.654142,12.515562,4.881454,0.026401
2020-03-31,3686.16,3979.688,3949.112583,-7.661816,-6.890563,2.522869,2.972082,4.79015,14.181123,4.906732,-0.300584
2020-04-01,3675.08,3972.912167,3947.9505,-7.792447,-7.162168,3.153227,3.405229,6.26221,16.534046,6.462444,1.037801
2020-04-02,3734.53,3966.878,3947.090917,-6.035741,-5.535686,0.92355,2.771757,5.260652,16.842722,5.401483,-0.570621
2020-04-03,3713.22,3959.561,3946.007417,-6.423374,-6.080486,1.072537,3.707202,5.54389,22.927892,6.006377,1.078309
2020-04-07,3798.02,3953.778667,3945.368917,-4.019187,-3.806259,0.726158,0.263737,4.267787,21.268468,4.360167,-1.178509
2020-04-08,3780.34,3947.962667,3944.274,-4.338571,-4.245095,0.449214,1.549694,4.647553,23.337058,4.848241,-0.716338
2020-04-09,3792.81,3941.839,3942.937083,-3.85402,-3.881873,0.252002,0.969236,4.319746,24.396663,4.503521,-1.042762
2020-04-10,3769.18,3936.12,3941.544833,-4.3338,-4.471526,1.848207,0.734591,5.146772,23.194588,5.28152,-0.422373
2020-04-13,3753.26,3929.268167,3940.132917,-4.58284,-4.858966,2.634665,1.83505,4.47976,25.696403,5.728087,1.164588
2020-04-14,3825.7,3923.6435,3939.303583,-2.527923,-2.92625,-0.462421,0.611089,2.251688,22.826724,3.726115,-0.750974
2020-04-15,3797.36,3916.866333,3938.703417,-3.098584,-3.65455,1.100481,1.818068,3.252764,22.267364,4.500232,-0.01027
2020-04-16,3802.38,3910.407833,3938.049583,-2.801449,-3.505838,0.717234,2.856982,3.966942,17.205482,4.362268,-0.142279
2020-04-17,3839.49,3904.953833,3937.579667,-1.690642,-2.522669,-1.113617,2.488895,2.462724,16.862217,3.35357,-1.107439
2020-04-20,3853.46,3900.0275,3937.432833,-1.201216,-2.15575,-0.799616,1.836688,1.553477,19.439076,2.978881,-1.465955
2020-04-21,3808.05,3894.2475,3936.911,-2.238322,-3.327916,1.07351,4.00405,0.419544,20.853706,4.206878,-0.290963
2020-04-22,3839.38,3888.473333,3936.432583,-1.270573,-2.496398,0.717588,3.097858,-0.262365,20.532137,3.356532,-1.104605
2020-04-23,3829.75,3883.730667,3935.625583,-1.399668,-2.727032,2.139748,3.35051,1.117049,20.740629,3.616424,-0.855931
2020-04-24,3796.97,3878.148,3934.68175,-2.115434,-3.562662,3.602511,4.412181,1.272886,17.111547,4.510965,0.679489
2020-04-27,3822.77,3875.129167,3934.11125,-1.36037,-2.870971,2.636303,2.644711,0.881845,16.940443,3.805617,0.033745
2020-04-28,3849.15,3877.809,3933.797917,-0.741796,-2.175301,2.93054,1.6406,0.463184,17.128004,3.09419,-0.651832
2020-04-29,3867.03,3879.1655,3933.086583,-0.313328,-1.693774,2.380271,1.434695,2.66168,19.059978,2.697419,-1.111189
2020-04-30,3912.58,3880.566333,3932.540417,0.82159,-0.508863,1.210763,1.10996,1.79814,17.399192,1.814404,-2.262446
2020-05-06,3936.25,3881.174167,3931.98575,1.409077,0.108392,0.80967,-0.02617,1.196999,17.628027,1.204192,-2.850175
2020-05-07,3924.89,3881.591167,3931.485833,1.109316,-0.16791,0.008408,-0.283211,1.449359,19.528257,1.497112,-2.568989
2020-05-08,3963.62,3882.384667,3931.250417,2.070818,0.82002,-1.289941,-3.584506,0.944906,18.640375,0.949385,-3.521024
2020-05-11,3960.18,3882.513333,3931.1435,1.980677,0.735913,-0.945575,-3.360224,1.547738,18.754628,1.559778,-3.437218
2020-05-12,3960.24,3882.110167,3931.620667,1.992577,0.725291,-0.100802,-2.233462,2.167865,18.45227,2.191534,-3.43868
2020-05-13,3968.25,3882.249,3932.158667,2.191057,0.913664,-0.83584,-3.139295,1.784772,17.092313,1.985258,-3.633592
2020-05-14,3925.22,3881.207167,3932.369,1.127617,-0.181964,-0.291619,-1.762866,1.784143,18.541765,3.103266,-2.57718
2020-05-15,3912.82,3878.463833,3932.427,0.881919,-0.499845,-2.294566,-1.177416,2.280572,17.942004,3.430007,-2.268441
2020-05-18,3922.91,3876.2205,3932.808833,1.197314,-0.252016,-2.414648,1.226984,0.814435,16.952584,3.163978,-2.519813
2020-05-19,3956.25,3874.636167,3933.2115,2.084484,0.584034,-2.132659,0.68818,1.463364,15.849276,2.294597,-3.341295
2020-05-20,3935.22,3871.1455,3933.113,1.641633,0.053556,-2.303455,1.22317,2.071543,17.858034,2.841264,-2.824747
2020-05-21,3913.79,3867.217167,3933.162417,1.197104,-0.493757,-1.471247,1.732571,3.282205,20.72776,3.404373,-2.292663
2020-05-22,3824.06,3862.070833,3932.61625,-0.989084,-2.799223,1.11715,4.529413,6.93596,22.995804,7.182157,0.13755
2020-05-25,3829.32,3857.162,3932.444,-0.724444,-2.657387,3.641633,4.907962,6.879961,21.349334,7.122152,0.425402
2020-05-26,3872.77,3853.8245,3932.398667,0.490398,-1.527957,2.820839,4.401327,6.231752,18.914646,6.430023,-0.701307
2020-05-27,3845.61,3849.836667,3932.015,-0.109849,-2.221978,3.526625,4.924067,7.351956,20.463077,7.628959,0.286561
2020-05-28,3856.63,3848.446333,3931.85675,0.212423,-1.931802,3.203817,3.547009,6.356115,20.958169,7.321418,0.269406
2020-05-29,3867.02,3845.068833,3931.896083,0.569268,-1.663759,3.412263,3.457988,7.398236,20.817306,7.678781,2.274878
2020-06-01,3971.34,3843.0685,3933.085,3.283243,0.967946,1.266329,-0.41255,6.729292,16.976234,6.960875,-0.4117
2020-06-02,3983.57,3840.877167,3934.31425,3.647763,1.24418,1.580488,0.775184,8.473696,17.203217,8.843073,-0.717447
2020-06-03,3983.65,3837.159167,3935.418917,3.746619,1.218115,1.397442,0.848374,10.385071,19.559808,10.943481,-0.719441
2020-06-04,3982.19,3834.553833,3936.522,3.777883,1.153433,0.343191,1.549634,15.934642,19.015747,17.274414,-0.683041
2020-06-05,4001.25,3834.6225,3937.53775,4.253582,1.605122,0.045725,2.406548,16.055774,19.074583,17.416557,-1.156139
2020-06-08,4021.95,3833.6095,3938.534083,4.796007,2.095827,-1.678879,1.971999,17.141767,18.595126,18.698641,-1.664864
2020-06-09,4047.03,3833.9195,3939.79725,5.409563,2.685402,-0.805304,1.830426,17.909052,17.418881,19.612901,-2.27426
2020-06-10,4039.71,3835.3995,3940.958333,5.189931,2.474898,-0.549069,2.427889,16.263044,16.621952,19.829641,-2.09718
2020-06-11,3995.88,3837.075667,3941.734417,4.05533,1.3643,1.206443,2.809107,19.4325,15.576033,21.449093,-1.023304
2020-06-12,4003.08,3841.663,3942.66825,4.115872,1.520635,2.360823,3.940248,18.294463,15.930411,21.230652,-1.201325
2020-06-15,3954.99,3845.7515,3942.558,2.800904,0.314832,3.650878,7.141842,18.200166,14.772261,22.704735,1.506451
2020-06-16,4014.57,3852.056667,3942.783167,4.132304,1.804338,2.635729,7.698512,11.775176,13.220098,20.883681,0.075226
2020-06-17,4017.59,3859.198333,3942.581417,4.022274,1.884653,2.976958,9.536697,12.32795,14.1287,20.792814,0.666818
2020-06-18,4044.38,3865.717667,3942.678083,4.518091,2.546805,1.602664,14.385008,14.603395,13.976474,19.992681,1.343346
2020-06-19,4098.71,3875.191,3943.274417,5.607734,3.866084,1.579425,13.649227,13.498202,13.443615,18.402131,0.081489
2020-06-22,4102.05,3883.14,3943.981083,5.484274,3.929621,3.490964,15.169768,13.914541,12.696192,18.305725,0.18698
2020-06-23,4121.79,3889.7945,3945.270167,5.793121,4.37701,5.062783,16.078626,13.391829,11.685448,17.739138,-0.292834
2020-06-24,4138.99,3897.1435,3946.487083,6.020795,4.762596,6.55974,13.835155,8.486705,13.497123,17.24986,-0.707177
2020-06-29,4109.72,3903.8045,3947.4775,5.140331,4.027813,12.782344,16.623393,9.702482,13.238254,18.08493,1.319798
2020-06-30,4163.96,3911.968667,3948.62725,6.24258,5.309856,12.069801,14.354215,9.266584,10.733361,16.546749,2.012988
2020-07-01,4247.78,3921.329,3950.5085,7.996587,7.255219,11.678803,11.058324,9.669006,9.097168,14.246971,2.073083
2020-07-02,4335.84,3932.341667,3952.626917,9.768027,9.253496,11.015844,4.076664,7.127356,5.108028,11.926639,1.931806
2020-07-03,4419.6,3943.7595,3955.31875,11.391474,11.0988,7.275415,2.791252,6.045957,3.346839,9.805412,1.945651
2020-07-06,4670.09,3959.707333,3959.634167,16.500823,16.50267,3.841048,0.218387,2.144256,-1.90624,3.91577,-3.522416
2020-07-07,4698.13,3974.709167,3964.243917,16.721298,16.984941,2.284414,-0.151025,1.639694,-2.289245,3.295567,-4.098226
2020-07-08,4774,3991.270167,3969.616417,17.907501,18.451506,-0.62048,-1.255227,0.065123,-3.987111,1.653959,-5.622329
2020-07-09,4840.77,4008.736167,3975.287583,18.859778,19.697671,-6.93918,-2.686798,-1.624647,-3.353213,0.251819,-6.924105
2020-07-10,4753.13,4025.135333,3980.627667,16.624481,17.736384,-4.484163,-5.34845,-0.955503,1.462597,2.1003,-5.207937
2020-07-13,4852.96,4043.463667,3986.365917,18.248716,19.670881,-3.622662,-6.920911,-2.674878,-0.283941,-0.953439,-7.1579
2020-07-14,4806.69,4059.8135,3991.7285,16.887166,18.578435,-2.435439,-5.087631,-2.633032,0.008529,-0.615392,-6.264186
2020-07-15,4744.47,4075.598667,3996.2325,15.196208,17.162769,-0.634747,-1.389318,-2.062017,1.137365,0.687959,-5.034914
2020-07-16,4516.25,4087.4965,3998.952167,9.974932,12.164964,4.252382,3.050692,2.610737,5.919908,5.776031,-0.236037
2020-07-17,4544.7,4099.25,4002.101917,10.315769,12.714202,-0.864287,3.254704,3.458541,4.533802,5.113869,-0.860563
2020-07-20,4680.3,4113.030667,4006.529083,12.920207,15.543691,-3.298249,1.925869,2.84216,2.389236,2.882935,-3.73288
2020-07-21,4691.04,4127.747167,4010.997333,12.792253,15.661438,-2.652192,1.790719,2.561642,2.146674,2.647387,-3.953281
2020-07-22,4714.45,4142.331667,4015.4025,12.937343,16.049467,-0.754571,1.32035,0.554833,1.33856,2.137683,-4.430209
2020-07-23,4712.44,4157.043167,4020.386917,12.540178,15.882767,-1.201689,1.062151,-0.708935,0.128301,2.181248,-4.389446
2020-07-24,4505.59,4168.8535,4023.50075,7.767779,11.316649,4.118991,4.392947,4.624416,4.037809,6.872352,0.50737
2020-07-27,4528.45,4180.614833,4027.872,7.992139,11.714152,5.224118,4.246033,4.899572,3.702959,6.332851,0.879109
2020-07-28,4568.26,4192.6,4035.2045,8.581132,12.407541,4.442911,2.454599,4.152486,3.632863,5.406216,1.476492
2020-07-29,4679.01,4206.133,4042.64925,10.654285,14.618632,2.074921,-0.672699,0.577937,1.987173,2.9113,-0.925409
2020-07-30,4656.15,4218.525833,4049.546083,9.870319,13.958413,2.263841,-0.439956,1.602165,0.837947,3.416557,-0.438989
2020-07-31,4695.05,4231.1725,4056.173333,10.402962,14.626876,0.273956,0.203837,3.12878,0.547587,3.178241,-1.263884
2020-08-03,4771.31,4245.2795,4063.435333,11.681324,16.059214,-0.978085,0.916291,0.936849,0.130906,1.52914,-2.841987
2020-08-04,4775.8,4258.815833,4070.60025,11.457035,15.977103,-1.988312,0.770922,1.379114,0.789621,1.433687,-2.933331
2020-08-05,4777.11,4272.431333,4077.472333,11.16527,15.835849,-2.74762,-0.765518,1.388236,2.235604,1.405871,-2.959949
2020-08-06,4762.76,4285.806667,4083.958417,10.551854,15.376061,-2.703796,-1.771086,1.134476,2.548933,1.711403,-2.667571
2020-08-07,4707.93,4298.134667,4090.191833,9.106719,14.065645,-0.070119,0.231469,1.31441,5.645262,2.895965,-1.534008
2020-08-10,4724.87,4311.462167,4096.334667,9.156295,14.274746,1.894376,0.653539,-1.181589,4.733106,2.527054,-1.887036
2020-08-11,4681.78,4324.278167,4101.371,7.943315,13.235707,2.759234,1.697887,0.26898,4.655633,3.470688,-0.984027
2020-08-12,4647.64,4336.357,4106.28875,6.932497,12.383992,1.982102,1.250635,-1.365888,5.460068,4.230749,-1.356602
2020-08-13,4635.71,4347.681333,4111.15875,6.414669,12.008445,0.93271,2.04212,-1.165815,4.660071,4.498987,-1.159046
2020-08-14,4704.63,4360.504833,4115.825167,7.595929,13.370779,0.301588,2.924943,-1.657791,4.153873,2.96814,-2.607006
2020-08-17,4815.23,4375.528833,4121.373,9.575642,15.559745,-1.240837,0.020558,-3.469081,1.638756,0.603086,-4.844005
2020-08-18,4812.76,4392.007167,4127.039,9.148439,15.371052,-1.061348,0.608192,-2.616229,1.626303,0.654718,-4.79517
2020-08-19,4740.68,4407.1965,4132.17925,7.294181,13.737565,-0.731467,2.153753,-1.773182,3.875061,2.18513,-3.347621
2020-08-20,4679.15,4420.636167,4137.230333,5.683285,12.308991,1.10941,2.905562,-0.997446,5.491463,3.528846,-2.076659
2020-08-21,4718.84,4435.19,4142.513333,6.199255,13.026032,2.623356,1.082942,0.386002,5.88804,2.658069,-2.900289
2020-08-24,4755.85,4450.177,4149.311667,6.643157,13.643298,1.261395,-1.835128,-1.3638,4.490721,1.859184,-3.655919
2020-08-25,4761.95,4465.0925,4155.080667,6.436732,13.632541,1.669539,-1.428907,-2.685709,3.075925,1.728704,-3.779334
2020-08-26,4706.13,4477.339,4160.20375,4.983702,12.330186,2.88522,-2.616523,-1.149774,4.435928,2.935321,-2.638049
2020-08-27,4731.35,4489.802,4165.339583,5.240197,12.741277,1.796151,-3.207935,-3.621493,5.137392,2.386634,-3.556702
2020-08-28,4844.27,4504.145667,4170.652417,7.279833,14.972408,-1.540414,-4.582734,-5.827898,2.365958,-0.007844,-5.804796
2020-08-31,4816.22,4518.046167,4176.3,6.390975,14.25637,-3.096523,-3.489639,-4.987345,5.077927,0.574517,-5.256197
2020-09-01,4842.12,4532.060667,4183.341583,6.617591,14.624229,-3.098446,-3.224421,-5.308054,4.542391,0.036554,-5.762972
2020-09-02,4843.89,4545.759667,4189.684583,6.352326,14.509266,-5.501744,-3.926935,-5.44047,4.306717,-0.553068,-5.797407
2020-09-03,4817.1,4558.594167,4196.256833,5.515781,13.797919,-5.004087,-3.903008,-2.863042,5.036367,-0.9732,-5.273505
2020-09-04,4770.22,4570.769333,4203.084417,4.271089,12.657378,-3.04232,-0.69694,1.103689,5.148362,1.109802,-4.342567
2020-09-07,4669.37,4581.994167,4209.534917,1.888985,10.367199,-0.393116,0.471328,3.572526,7.03878,3.637107,-2.276538
2020-09-08,4694.39,4593.516,4217.5895,2.172243,10.710442,-0.125974,-1.256802,2.372581,5.154356,3.084746,-2.797382
2020-09-09,4584.59,4604.009333,4224.880417,-0.422684,8.170972,1.574808,1.466749,4.56527,7.476991,5.553605,-0.469399
2020-09-10,4581.98,4613.466167,4232.761417,-0.684824,7.927662,1.101079,-0.413558,4.474986,6.498542,5.61373,-0.412704
2020-09-11,4627.28,4623.627667,4241.413,0.078962,8.707275,2.34538,-1.245164,2.733052,6.435103,4.579796,-1.38764
2020-09-14,4651.05,4633.738833,4249.72825,0.372893,9.023796,0.864444,-1.497706,3.016157,6.130419,4.045323,-1.891616
2020-09-15,4688.48,4643.568333,4259.379667,0.962533,9.59849,-1.130828,-2.083633,2.201262,5.506065,3.214688,-2.674854
2020-09-16,4657.36,4652.8235,4267.98175,0.097452,8.730771,-0.108059,-1.513535,2.55691,7.447905,3.904358,-2.024538
2020-09-17,4632.71,4661.338833,4275.566667,-0.61607,8.022536,-1.514637,1.039966,1.834682,7.62899,4.457218,-1.503224
2020-09-18,4737.09,4671.307167,4284.225333,1.398408,10.048327,-3.590544,1.800629,-0.972608,6.333928,2.155543,-3.673563
2020-09-21,4691.43,4681.002333,4292.403417,0.222518,8.889063,-2.36215,3.101198,0.167187,5.662953,3.149786,-2.736053
2020-09-22,4635.76,4688.865667,4300.417167,-1.139054,7.508812,-0.952805,3.629384,2.166087,7.706074,4.388493,-1.568028
2020-09-23,4652.33,4695.608167,4308.468583,-0.925947,7.678565,-1.405475,3.098521,2.559011,7.207374,4.016697,-1.918609
2020-09-24,4563.07,4699.395333,4315.8685,-2.943821,5.569706,2.554603,4.888544,2.857276,9.980917,6.051408,0.15231
2020-09-25,4570.02,4701.902333,4322.830917,-2.84496,5.560709,5.391173,3.978216,3.246705,10.272006,5.890127,0.260174
2020-09-28,4581.91,4700.432667,4330.07,-2.553862,5.653223,5.463348,4.513863,4.181401,9.58733,5.615344,0.119819
2020-09-29,4591.8,4698.6605,4336.684833,-2.300536,5.716191,4.582189,4.284895,4.718561,10.765306,5.387865,-0.095823
2020-09-30,4587.4,4695.5505,4343.410333,-2.330194,5.465358,4.503997,4.070445,6.287839,12.751401,6.489733,2.043423
2020-10-09,4681.14,4692.89,4350.813083,-0.250693,7.317893,2.333941,0.794716,4.277499,11.805596,4.370303,0.215759
2020-10-12,4823.16,4694.057167,4359.59625,2.713204,10.104987,-1.412957,-2.773238,3.227162,10.711922,3.2798,-2.735136
2020-10-13,4839.2,4693.827833,4368.64575,3.0501,10.229635,-0.949484,-2.934011,2.342169,11.291642,2.937469,-3.05753
2020-10-14,4807.1,4693.834667,4376.824083,2.384412,9.377063,-0.297294,-1.463297,2.014071,13.713466,3.624847,-2.410185
2020-10-15,4798.74,4694.739167,4385.168917,2.191083,9.012524,-0.433552,-0.539511,2.260686,13.556345,3.805374,-2.240171
2020-10-16,4791.68,4699.329667,4393.413083,1.946121,8.677469,-1.539225,-2.031268,1.3509,12.711119,3.958319,-2.096133
2020-10-19,4755.49,4702.842833,4401.046417,1.113256,7.745741,-1.36028,-0.731511,3.078612,16.281486,4.749458,-1.35107
2020-10-20,4793.47,4704.729,4408.879833,1.86864,8.363392,-1.984527,-0.332462,2.09168,15.157034,3.919499,-2.132693
2020-10-21,4792.83,4706.4255,4417.086333,1.819235,8.164077,-1.166003,0.433666,2.041271,13.224166,3.933375,-2.119625
2020-10-22,4777.98,4707.484333,4424.908,1.486421,7.676838,-0.105959,2.217394,3.091333,13.307922,4.256401,-1.815412
2020-10-23,4718.49,4707.585167,4432.314167,0.231376,6.2567,-0.492044,3.482783,4.654227,15.662088,5.57085,-0.577515
2020-10-26,4691.24,4710.679333,4439.766417,-0.413519,5.509517,0.628769,6.0004,6.474647,14.762613,6.68885,0.087184
2020-10-27,4699.28,4713.5265,4447.070667,-0.302705,5.51637,1.652065,5.27618,5.687334,15.304412,6.506316,-0.084055
2020-10-28,4737.27,4716.343333,4454.471667,0.442724,6.155256,1.599669,3.477369,3.595548,16.103057,5.652201,-0.88532
2020-10-29,4772.92,4717.9085,4462.02075,1.159269,6.735653,2.323353,2.800197,3.026692,15.439728,4.863061,-1.62563
2020-10-30,4695.33,4718.5615,4468.543667,-0.493559,4.950584,3.974827,3.382168,5.90161,18.081609,6.595916,0.543093
2020-11-02,4720.83,4718.991167,4475.081833,0.038959,5.345999,5.371631,3.810123,4.947151,15.511887,6.020128,1.201695
2020-11-03,4777.56,4719.095333,4482.187417,1.231284,6.381877,3.624115,2.424142,5.883871,14.589613,6.060416,0.755616
2020-11-04,4813.66,4719.726333,4489.271083,1.970689,6.976736,1.8777,1.607605,5.131885,11.069892,5.265848,0.897238
2020-11-05,4885.11,4721.526333,4496.978833,3.405968,8.2786,0.476844,0.873939,3.459348,9.127105,3.726221,-0.578493
2020-11-06,4885.72,4723.575667,4504.691167,3.37506,8.119733,-0.592658,1.171444,3.62191,10.334548,3.713271,-0.590906
2020-11-09,4981.35,4728.132667,4513.133667,5.21706,9.87092,-1.561508,0.474247,0.817511,9.924532,1.722224,-2.499322
2020-11-10,4953.88,4731.9495,4521.705833,4.583383,9.128179,-1.199973,0.411154,1.124085,10.188245,2.286289,-1.958667
2020-11-11,4904.9,4735.668167,4529.973167,3.511188,7.951869,-0.270095,0.118179,0.767704,10.976577,3.307713,-0.979633
2020-11-12,4908.46,4740.015167,4538.186083,3.491991,7.843286,0.397095,0.226495,0.651034,11.076692,3.232786,-1.05145
2020-11-13,4856.85,4743.700833,4545.691083,2.357248,6.621031,1.764102,2.519442,0.672656,13.602784,4.329761,0.674923
2020-11-16,4904.17,4747.0265,4553.765667,3.256744,7.413135,2.035754,1.137028,0.623439,14.796512,3.32309,-0.296482
2020-11-17,4894.79,4748.3525,4561.940667,3.037366,7.042326,1.611127,3.459729,1.022581,17.101669,3.521091,-0.105418
2020-11-18,4891.67,4749.667667,4570.837417,2.945911,6.783733,0.388274,3.52428,1.263533,16.485752,3.587119,-0.041704
2020-11-19,4927.99,4752.7895,4579.993,3.619949,7.323373,-0.1706,2.585409,1.799662,15.927177,2.823666,-0.778411
2020-11-20,4943.29,4757.191833,4588.914,3.837356,7.438771,0.75534,2.450466,1.140081,12.42586,2.505416,-1.085512
2020-11-23,5005.03,4761.961667,4598.575833,4.978371,8.469675,-0.898726,0.343264,0.83189,10.868623,1.240952,-2.30568
2020-11-24,4974.29,4765.602333,4607.889667,4.285871,7.651267,1.848601,0.712932,-0.191567,8.904962,1.866598,-1.701951
2020-11-25,4910.7,4768.0815,4616.587,2.947248,6.176081,3.136006,0.649524,1.94444,10.778168,3.185697,-0.429063
2020-11-26,4919.59,4771.639167,4624.489083,3.053531,6.18593,2.756009,0.42454,1.621672,8.139353,2.999234,-0.608994
2020-11-27,4980.77,4775.796167,4632.799083,4.20238,7.242326,1.695126,-1.846786,1.222031,8.42862,1.734069,-1.829838
2020-11-30,4960.25,4777.729167,4640.937417,3.749078,6.653977,1.241991,-0.513589,2.07815,7.557126,2.154932,-1.423719
2020-12-01,5067.1,4781.9105,4649.978333,5.792851,8.59061,-1.13567,-2.437147,-0.477942,7.325237,0.000789,-3.502398
2020-12-02,5067.14,4785.660833,4658.86075,5.715244,8.400561,-2.486482,-2.260747,0.914861,4.1284,0.919059,-3.50316
2020-12-03,5057.06,4789.213667,4667.486667,5.441905,8.016455,-2.33147,-0.785747,3.004214,3.987792,3.049796,-3.310817
2020-12-04,5065.92,4793.360667,4675.977417,5.530399,8.009755,-3.541912,-1.310385,3.906187,0.277944,3.983482,-3.479921
2020-12-07,5022.24,4797.561,4684.165167,4.576839,6.968834,-1.75558,0.488626,6.667249,-1.025502,6.894533,-2.640455
2020-12-08,5009.88,4803.236167,4692.615167,4.212207,6.542193,-1.301478,-0.904499,7.825387,-0.125231,8.139716,-2.400257
2020-12-09,4942.7,4807.374667,4700.445333,2.776061,5.025448,0.225735,1.294916,10.931691,3.684688,11.551581,-1.073705
2020-12-10,4940.52,4813.306833,4708.658083,2.608625,4.806763,1.545723,1.197132,10.644625,4.082297,11.600803,-1.030054
2020-12-11,4889.63,4818.434333,4715.95025,1.466759,3.61662,2.231528,3.068818,10.687564,2.940413,12.762315,0.92461
2020-12-14,4934.84,4823.560333,4723.594,2.280794,4.37503,2.244205,2.591739,12.579435,2.886502,13.404893,0.207909
2020-12-15,4945.1,4828.461167,4731.1,2.386937,4.423945,0.396978,1.959206,12.042772,3.101197,13.169602,0.177347
2020-12-16,4953.87,4832.884333,4738.226333,2.472563,4.450621,1.069181,3.175608,9.919362,3.722829,12.969254,0.22003
2020-12-17,5017.48,4838.886333,4745.854917,3.624322,5.565623,-0.34859,3.789961,8.416926,-0.207291,11.537066,-1.050527
2020-12-18,4999.97,4845.007333,4753.173083,3.148315,5.06195,0.83729,5.216572,9.86778,1.137117,11.927672,-0.704004
2020-12-21,5046.84,4850.169833,4760.7385,3.974858,5.83595,0.347534,6.178624,7.456077,-0.74761,10.888199,-1.626166
2020-12-22,4964.77,4854.7255,4767.863917,2.241441,4.046858,1.562227,8.729886,9.808646,-0.729374,12.721234,0.710003
2020-12-23,5007.12,4860.914833,4774.89025,2.963424,4.748991,2.106427,9.636775,10.563069,-1.626255,11.767843,-0.141798
2020-12-24,5000.02,4866.709667,4781.158917,2.702384,4.475894,4.138551,9.447493,10.791364,0.756528,11.926552,0.839797
2020-12-25,5042.01,4874.692,4787.043667,3.374789,5.189178,4.379282,7.618746,10.957968,0.096542,11.580897,0.018445
2020-12-28,5064.41,4882.931833,4792.417083,3.649182,5.520275,5.831089,9.987695,8.486585,0.596903,11.087372,-0.423939
2020-12-29,5042.94,4890.615667,4795.524167,3.067105,5.030623,7.167659,10.083567,9.183684,0.107419,11.56032,1.403348
2020-12-30,5113.71,4899.314167,4798.987333,4.282994,6.352024,7.530348,6.743754,5.023147,-0.057313,10.016407,1.908204
2020-12-31,5211.29,4909.712333,4802.631417,5.961207,8.166345,5.308941,4.626965,2.663542,-0.958857,7.956379,1.082841
2021-01-04,5267.72,4919.488667,4806.189333,6.839304,9.16931,3.239464,4.651208,2.806451,-2.447841,6.799906,1.599174
2021-01-05,5368.5,4928.577667,4811.317417,8.54981,10.95776,4.156606,1.277453,2.439771,-5.057494,4.795008,-0.308094
2021-01-06,5417.67,4938.218833,4816.023333,9.266113,11.771728,2.915908,1.07876,1.238772,-5.803404,3.843903,-1.212883
2021-01-07,5513.66,4949.994833,4821.91475,10.784212,13.405755,-0.786594,0.926294,-0.722817,-9.07476,2.036034,-2.932716
2021-01-08,5495.43,4961.606333,4828.17275,10.218729,12.944875,-0.681976,1.343872,-0.218967,-10.498391,2.374518,-2.610715
2021-01-11,5441.16,4972.431,4835.880333,9.008342,11.792909,1.411743,3.339222,2.242564,-9.669982,3.395599,-1.639356
2021-01-12,5596.35,4986.445333,4844.644083,11.53913,14.424082,-2.879152,-1.50111,1.593638,-11.655821,1.606404,-4.366953
2021-01-13,5577.97,4999.520333,4852.124667,10.948294,13.940823,-1.837148,-0.899882,4.036316,-11.964544,4.118882,-4.051832
2021-01-14,5470.46,5010.814167,4858.619833,8.77643,11.86083,1.712889,-1.720607,5.302857,-9.671178,6.165112,-2.16618
2021-01-15,5458.08,5022.149167,4864.81675,8.323912,11.506803,2.025848,-1.963423,5.710589,-7.040488,6.405916,-1.944273
2021-01-18,5518.52,5035.483,4871.534083,9.160026,12.470081,1.927478,-1.844757,1.417999,-8.213528,5.240536,-3.018201
2021-01-19,5437.52,5047.921,4879.300167,7.43466,10.832127,1.378042,1.162318,2.580656,-6.432962,6.808251,-1.573511
2021-01-20,5476.43,5060.8735,4887.2,7.891433,11.383389,0.937266,0.160013,-0.712116,-7.332492,6.049379,-2.272831
2021-01-21,5564.97,5074.6685,4895.505917,9.223039,12.817397,-3.433496,-1.649112,-1.729342,-8.032412,4.362108,-3.827694
2021-01-22,5569.78,5087.9495,4902.929,9.048066,12.752277,-3.989271,-1.562839,-4.273683,-9.258775,4.271982,-4.183648
2021-01-25,5625.92,5103.459333,4911.010417,9.746588,13.590478,-3.772235,-1.096657,-3.751379,-10.00045,3.231471,-5.139782
2021-01-26,5512.97,5116.661667,4917.826417,7.460129,11.423685,-0.215724,3.094748,-3.00761,-7.409751,5.346483,-3.196281
2021-01-27,5528,5129.169,4924.132167,7.488243,11.567804,-0.777253,4.936198,-1.380506,-6.808169,5.060058,-3.459479
2021-01-28,5377.14,5138.560333,4929.143333,4.538368,8.699143,1.784384,7.023464,-1.809608,-4.832079,8.007603,-1.793333
2021-01-29,5351.96,5146.341167,4933.93375,3.917684,8.132626,2.426432,7.674012,-1.679964,-5.587505,8.515759,-1.665932
2021-02-01,5417.65,5155.206667,4939.391167,4.965493,9.242006,2.675577,3.262756,-6.434694,-8.101454,7.199985,-6.232038
2021-02-02,5501.09,5163.869,4946.000833,6.326015,10.636692,3.310473,1.418338,-10.132523,-9.702549,5.573986,-9.63609
2021-02-03,5485.2,5172.724333,4952.336917,5.865406,10.219399,5.713451,-0.872129,-9.18939,-8.801425,5.879822,-9.374316
2021-02-04,5473.95,5182.2085,4958.938333,5.476916,9.88088,5.23908,-0.08023,-6.524186,-8.169202,6.097425,-9.188063
2021-02-05,5483.41,5191.791,4965.903083,5.464845,9.9132,5.24758,-2.710844,-6.343362,-9.369625,5.914385,-9.344733
2021-02-08,5564.56,5203.586167,4973.6435,6.706988,11.226525,0.587178,-2.654722,-9.989715,-8.510306,4.369797,-10.666791
2021-02-09,5686.25,5216.620833,4981.823667,8.620114,13.225496,-1.892135,-6.102358,-11.286571,-9.228307,2.136206,-12.578589
2021-02-10,5807.72,5231.836333,4990.094417,10.442574,15.173324,-6.58558,-6.316704,-12.977891,-11.29169,-0.497269,-14.407031
2021-02-18,5768.38,5246.448167,4998.057917,9.483997,14.334186,-5.31931,-8.833072,-11.49939,-10.907961,0.181333,-13.823292
2021-02-19,5778.84,5260.629,5006.70925,9.395237,14.342411,-7.958424,-9.353977,-14.334806,-10.816123,-3.140942,-13.979276
2021-02-22,5597.33,5271.529667,5014.36075,5.996912,10.998375,-3.2419,-9.69745,-10.148661,-8.63754,-0.315508,-11.189799
2021-02-23,5579.67,5281.107,5021.534333,5.49939,10.53941,-4.210224,-11.550861,-10.784343,-7.904807,-1.973414,-10.90871
2021-02-24,5437.57,5288.828333,5027.215333,2.773554,7.846605,0.268876,-8.317262,-9.825904,-2.214472,0.588314,-9.358592
2021-02-25,5469.56,5298.142667,5033.112083,3.184186,8.315968,-3.513762,-6.443955,-10.459983,-2.761397,-0.31721,-9.931512
2021-02-26,5336.76,5305.0955,5038.367333,0.595095,5.753664,-1.395552,-3.632517,-5.761153,0.027541,2.163298,-7.690247
2021-03-01,5418.78,5312.395667,5044.095917,1.98278,7.165226,-6.45555,-7.334993,-7.110047,-1.819253,0.616929,-9.08747
2021-03-02,5349.63,5318.885333,5048.30725,0.576364,5.797441,-7.340637,-5.184213,-4.882073,-0.338165,1.917516,-7.912323
2021-03-03,5452.21,5325.303833,5053.607167,2.355126,7.591875,-8.586138,-6.661188,-7.695759,-2.048082,-3.145513,-9.644896
2021-03-04,5280.71,5328.863333,5057.262083,-0.90774,4.323531,-2.930194,-2.666318,-3.270852,0.175202,-0.339159,-6.710461
2021-03-05,5262.8,5332.292333,5060.753,-1.311802,3.914792,-2.236965,-4.98083,-1.942435,-0.142802,-1.923691,-6.392985
2021-03-08,5080.02,5332.527333,5062.944,-4.85101,0.336707,-0.879443,-0.451212,1.180403,3.904262,1.605112,-3.024988
2021-03-09,4971,5331.673333,5064.617167,-7.004411,-1.865752,2.156424,0.766518,2.635258,5.985611,3.833434,-0.89821
2021-03-10,5003.61,5331.568833,5067.4025,-6.348588,-1.266871,1.92495,-1.508642,2.147214,4.46569,3.156721,-1.544085
2021-03-11,5128.22,5334.660833,5071.01775,-3.946669,1.121708,0.263876,-4.016027,-1.827757,2.088517,0.650128,-3.936454
2021-03-12,5146.38,5338.091833,5075.699333,-3.65747,1.382924,-2.743865,-2.128636,-3.936063,2.401571,0.294965,-4.275432
2021-03-15,5035.54,5340.523667,5079.479,-5.880294,-0.868793,0.428231,0.224946,-1.922832,3.687661,2.502611,-2.168387
2021-03-16,5079.36,5342.932333,5083.246333,-5.058936,-0.076483,-1.389907,0.30214,-1.962888,1.702182,1.618314,-3.012387
2021-03-17,5100.86,5345.528333,5086.99475,-4.685123,0.272192,-3.433592,-1.034571,-3.022968,-0.400144,1.189995,-3.421188
2021-03-18,5141.77,5348.66,5090.772167,-3.944868,0.996786,-4.279903,-0.604534,-3.474645,-0.778632,0.384887,-4.189608
2021-03-19,5007.09,5348.486833,5093.686583,-6.595878,-1.714694,0.615228,3.038395,1.583729,1.886983,3.085025,-1.612513
2021-03-22,5057.15,5349.439833,5097.223583,-5.618877,-0.789291,-0.203285,1.631614,0.517134,0.655136,2.064602,-2.586437
2021-03-23,5009.25,5348.813333,5099.491583,-6.558853,-1.785464,1.692047,1.86874,1.770725,2.229002,3.040575,-1.654938
2021-03-24,4928.69,5348.212,5101.46875,-8.168907,-3.445526,2.399021,3.655856,3.205527,4.341656,4.724785,-0.047477
2021-03-25,4926.35,5346.865833,5103.890333,-8.191221,-3.540471,3.675369,2.18827,4.156912,4.555692,4.774529,0.269774
2021-03-26,5037.99,5347.498667,5107.104167,-5.962172,-1.362535,2.423167,-1.807427,0.776061,3.930858,2.452764,-1.952167
2021-03-29,5046.88,5347.579833,5111.135917,-5.787386,-1.265144,1.834899,-2.147778,0.860976,3.979303,2.272295,-2.124877
2021-03-30,5094.73,5348.085167,5115.5085,-4.853191,-0.407014,0.176693,-2.265028,0.479932,1.863107,1.311748,-3.044126
2021-03-31,5048.36,5348.1755,5119.395583,-5.769204,-1.397294,1.256836,-1.988396,2.268095,3.420761,2.294012,-2.153571
2021-04-01,5110.78,5348.126667,5123.720417,-4.539431,-0.252878,-1.487098,-2.87011,0.248381,2.299423,1.044655,-3.348608
2021-04-02,5161.56,5347.297833,5128.505083,-3.53525,0.642465,-4.230593,-1.454666,-1.965106,-1.570715,0.050566,-4.299475
2021-04-06,5140.34,5345.174833,5132.33175,-3.907503,0.155914,-3.982677,-1.11448,-2.847162,-1.066885,0.463588,-3.904411
2021-04-07,5103.74,5340.762167,5134.669917,-4.539477,-0.604196,-2.441722,-0.098015,-2.205284,-0.405229,1.184034,-3.215289
2021-04-08,5112.21,5335.671167,5136.945,-4.278289,-0.482675,-3.245232,-0.450329,-1.759249,0.551661,1.01639,-3.375644
2021-04-09,5035.34,5327.699167,5138.847,-5.643842,-2.034768,-1.383012,1.968642,0.18274,1.045487,2.558516,-1.900567
2021-04-12,4947.75,5318.571167,5140.08875,-7.227176,-3.813742,2.775927,2.583488,0.9098,2.429743,4.374109,-0.163913
2021-04-13,4939.64,5310.2125,5141.32175,-7.23394,-4.001774,2.868197,3.008753,3.40224,3.834133,4.545473,0.18888
2021-04-14,4980.63,5299.9505,5143.197917,-6.214109,-3.211866,2.343706,2.74496,4.021152,3.190517,4.103095,-0.635663
2021-04-15,4948.97,5289.467167,5144.49375,-6.653804,-3.874749,2.794903,4.256492,4.709169,2.67379,4.821811,0.347749
2021-04-16,4966.18,5281.0625,5145.938333,-6.147638,-3.55568,3.351654,3.118491,4.066073,3.662924,4.458558,0.528374
2021-04-19,5087.02,5274.878167,5148.513667,-3.626339,-1.201587,-0.192439,-0.510439,1.934955,0.152233,1.977189,-1.859635
2021-04-20,5083.37,5267.625667,5151.554333,-3.56053,-1.332405,0.140556,-1.732683,0.993987,0.590772,2.050411,-1.789167
2021-04-21,5098.74,5261.979333,5154.950167,-3.15138,-1.0964,0.401254,-2.107269,1.108811,0.200828,1.742784,-2.085221
2021-04-22,5089.24,5255.526167,5158.199833,-3.215162,-1.345914,1.461589,-1.30892,4.405904,1.071026,4.504405,-1.902445
2021-04-23,5135.45,5248.3675,5161.518,-2.17496,-0.506325,-0.233163,-1.785902,3.541673,0.316899,3.605137,-2.78515
2021-04-26,5077.24,5240.1585,5164.054,-3.158394,-1.695412,-0.318,-1.673688,5.012633,0.235874,5.140391,-1.670593
2021-04-27,5090.52,5231.235167,5167.34725,-2.726743,-1.497947,-1.873239,0.393487,4.429818,-3.29948,4.866104,-1.927112
2021-04-28,5119.24,5224.673,5170.667333,-2.038622,-0.999577,-2.508523,1.276192,4.063976,-7.458562,4.277783,-2.477321
2021-04-29,5164.17,5218.609167,5173.889083,-1.048653,-0.188025,-2.770508,0.452677,3.379582,-8.139589,3.437338,-3.325801
2021-04-30,5123.49,5214.381667,5176.471,-1.758467,-1.02877,-1.552739,0.947582,3.197673,-5.480147,4.258621,-2.558217
2021-05-06,5061.12,5209.534333,5177.93775,-2.890267,-2.281906,-1.355688,2.445394,3.764739,-5.06475,5.543437,-1.357407
2021-05-07,4996.05,5202.507667,5178.857167,-4.049315,-3.593681,2.266726,2.72667,5.571022,-1.255028,6.918065,-0.072657
2021-05-10,4992.42,5194.029833,5178.949417,-3.958909,-3.668146,3.784715,3.21608,5.555637,-1.167752,6.995806,0.011017
2021-05-11,5023.06,5186.3275,5179.525917,-3.198653,-3.067422,3.223185,5.714824,4.077724,-0.884037,6.343145,-0.599037
2021-05-12,5044.55,5179.170833,5180.689667,-2.633652,-2.662974,2.500321,5.327575,3.733534,-1.91896,5.890119,-1.02249
2021-05-13,4992.97,5170.996833,5181.393917,-3.503456,-3.704319,3.801082,6.686321,5.427834,-1.440537,6.98402,2.355712
2021-05-14,5110.59,5163.430667,5183.508417,-1.028636,-1.416727,0.459944,4.036331,2.208252,-2.476912,4.521787,0.461004
2021-05-17,5184.99,5155.076333,5185.848583,0.578599,-0.016558,-0.568635,2.787784,-0.356082,-2.773703,3.021992,-0.980523
2021-05-18,5187.6,5144.741,5188.288667,0.829613,-0.013274,2.491639,2.926905,-2.086345,-3.376995,2.97016,-2.064731
2021-05-19,5172.27,5134.805833,5190.627,0.726963,-0.354284,2.827254,2.250091,-1.37006,-3.921801,3.275351,-1.774463
2021-05-20,5186.41,5124.932,5192.7805,1.192449,-0.122755,2.885239,1.319345,-1.631701,-4.746662,2.993786,-2.04226
2021-05-21,5134.15,5117.212333,5194.371,0.330447,-1.166124,3.576387,2.844352,-0.855985,-3.833239,4.042149,-1.045158
2021-05-24,5155.59,5110.144333,5195.625667,0.885391,-0.773549,3.356419,2.339557,-0.650534,-6.370418,3.60948,-1.456671
2021-05-25,5318.48,5108.1595,5198.493917,4.034839,2.28186,0.435266,-1.6371,-3.269776,-8.312854,0.436215,-4.474775
2021-05-26,5320.59,5105.676667,5201.909667,4.123121,2.25584,-0.577162,-1.594041,-3.142893,-9.010553,0.396385,-4.512657
2021-05-27,5338.23,5105.701167,5205.398333,4.453635,2.519791,-1.565895,-1.258488,-1.857836,-11.270088,0.064628,-4.828192
2021-05-28,5321.09,5104.073,5208.234333,4.163932,2.143727,-0.732035,-1.828079,-1.311491,-9.561505,0.386951,-4.52163
2021-05-31,5331.57,5103.772,5211.328667,4.366588,2.281091,-1.016862,-3.143866,-2.680802,-8.678275,0.189625,-4.709307
2021-06-01,5341.68,5101.929833,5213.616833,4.592134,2.426639,-2.072366,-5.01325,-2.226916,-8.668059,-0.968048,-4.88966
2021-06-02,5289.97,5102.084167,5215.47375,3.616346,1.418265,-1.016879,-3.620152,-1.146631,-9.68613,-0.145369,-3.959947
2021-06-03,5255.29,5101.959,5217.125667,2.96106,0.728858,0.307407,-2.951045,-3.370348,-8.500174,0.513578,-3.326172
2021-06-04,5282.28,5105.33,5218.928667,3.407273,1.206568,-1.096044,-3.700337,-3.790745,-9.298114,-0.08803,-3.820131
2021-06-07,5277.63,5110.4405,5221.056917,3.219153,1.077728,-2.127004,-2.990091,-3.755582,-9.369315,-0.116719,-3.735389
2021-06-08,5232.12,5114.249,5222.908917,2.278598,0.176204,-2.940884,-1.632676,-1.766814,-7.18335,0.752085,-2.89806
2021-06-09,5236.45,5116.052833,5225.356833,2.326058,0.21207,-2.603273,-1.548852,-2.870786,-7.267101,0.668774,-2.978354
2021-06-10,5271.47,5118.137667,5228.11475,2.951863,0.825852,-3.258452,-0.599349,-3.90789,-8.476251,-0.3739,-3.832517
2021-06-11,5224.7,5121.290333,5230.907,1.999095,-0.118731,-2.604293,0.516588,-1.77636,-5.730209,0.517924,-2.971654
2021-06-15,5166.56,5122.743667,5232.838,0.851692,-1.274668,-0.863086,0.463065,-0.474553,-3.420421,1.649066,-1.879781
2021-06-16,5080.49,5122.404167,5233.96625,-0.821618,-2.976164,1.308208,2.786334,0.050966,-2.155939,3.371132,-0.217499
2021-06-17,5101.89,5121.7395,5235.19975,-0.388307,-2.579394,1.054421,2.473521,0.966911,-2.618921,2.937539,-0.636039
2021-06-18,5102.47,5123.329167,5235.908,-0.407972,-2.581554,2.659104,-0.419303,-0.151021,-1.758647,2.925838,-0.647334
2021-06-21,5090.39,5123.883167,5236.6615,-0.655813,-2.832973,3.120881,-0.090407,0.45277,-1.958593,3.170091,-0.41156
2021-06-22,5122.16,5125.765,5237.289167,-0.070356,-2.22278,1.326151,-0.765491,-0.257449,-4.08451,2.530183,-1.029253
2021-06-23,5147.39,5129.41,5238.811,0.349915,-1.760477,1.478126,-0.134138,-0.065103,-5.594631,2.02763,-1.51436
2021-06-24,5155.97,5133.237,5240.051417,0.441881,-1.617604,1.4191,-1.321934,-0.08188,-6.993647,1.857846,-1.678249
2021-06-25,5239.97,5136.603333,5242.051,1.992374,-0.039706,-3.078406,-3.308542,-2.918923,-7.611308,0.225001,-3.254408
2021-06-28,5251.76,5140.018,5243.798917,2.150668,0.151704,-3.211288,-2.292947,-6.417807,-8.542218,-0.420811,-6.216202
2021-06-29,5190.54,5141.614833,5244.85,0.947054,-1.04089,-2.091643,-0.937618,-8.841737,-6.719946,0.753679,-8.462125
2021-06-30,5224.04,5144.542833,5246.359167,1.533454,-0.42633,-1.612264,-2.735367,-9.292255,-7.440988,0.10758,-9.049127
2021-07-01,5229.66,5146.524167,5247.325417,1.60247,-0.337224,-2.741034,-1.50661,-7.531189,-6.974013,-1.489772,-9.146866
2021-07-02,5081.12,5145.1835,5246.240667,-1.252932,-3.198005,-0.230135,0.268281,-5.459141,-3.960196,1.390048,-6.490892
2021-07-05,5085.79,5144.274333,5244.724583,-1.143394,-3.077235,0.918341,0.543177,-3.035306,-5.079057,1.296947,-6.576756
2021-07-06,5083.1,5143.930333,5242.34625,-1.189613,-3.084784,1.154024,0.508042,-2.967807,-4.357098,1.350554,-6.527316
2021-07-07,5140.49,5144.401667,5240.036417,-0.076066,-1.918004,-1.123103,0.069036,-3.194946,-4.182159,0.219045,-7.570874
2021-07-08,5088.26,5145.283667,5236.491417,-1.114458,-2.871577,1.234424,1.240054,-2.781707,-3.034215,1.247774,-6.622107
2021-07-09,5069.44,5147.311833,5232.9415,-1.524425,-3.174319,0.498417,0.389618,-2.96048,-3.729856,1.623651,-6.275447
2021-07-12,5132.71,5150.529667,5230.371083,-0.346577,-1.884844,-0.375164,-4.12486,-2.908805,-3.824619,0.370954,-7.430772
2021-07-13,5142.1,5153.220833,5226.585667,-0.216037,-1.629667,-0.645982,-7.904119,-1.943067,-4.545265,0.187667,-7.599813
2021-07-14,5083.08,5155.456,5222.461583,-1.413819,-2.705148,1.192139,-6.556887,-1.341616,-3.015049,1.350953,-6.526948
2021-07-15,5151.46,5158.544,5219.80325,-0.13742,-1.317954,0.005629,-6.02458,-3.518651,-5.520519,0.005629,-7.767701
2021-07-16,5094.77,5158.673167,5216.775667,-1.246488,-2.3665,-0.108798,-5.727423,-2.96394,-3.43533,1.118402,-6.741423
2021-07-19,5113.49,5159.175167,5213.400417,-0.889457,-1.935017,-3.749696,-3.578482,-3.430024,-4.057154,0.748217,-7.082834
2021-07-20,5108.99,5159.346,5210.662667,-0.980809,-1.970531,-7.258136,-3.475849,-5.462435,-3.606445,0.836956,-7.000992
2021-07-21,5144.04,5160.259333,5207.89275,-0.314807,-1.233655,-7.749026,-3.263982,-4.977976,-3.648746,0.149882,-7.634661
2021-07-22,5151.75,5160.531,5204.44925,-0.170302,-1.017742,-6.030209,-4.021761,-5.785779,-3.400296,-1.213568,-7.772893
2021-07-23,5089.23,5160.730833,5200.444667,-1.395166,-2.161759,-5.618624,-3.350099,-6.493329,-2.5096,-0.905441,-6.639904
2021-07-26,4925.3,5157.977167,5194.606167,-4.615929,-5.323563,0.171213,1.216055,-1.832207,-0.552556,2.392748,-3.532577
2021-07-27,4751.31,5151.845,5188.259,-8.093453,-8.797782,3.782287,5.961052,2.844264,2.346956,6.142306,0.192999
2021-07-28,4760.48,5145.116833,5181.863,-7.769957,-8.481614,4.485044,5.215271,2.851112,3.06749,5.937847,0.184645
2021-07-29,4850.27,5140.563167,5177.472417,-5.812827,-6.528261,2.008448,2.505928,-1.00831,0.829902,3.976686,-1.67001
2021-07-30,4811.17,5136.397333,5172.965833,-6.541163,-7.250589,2.268526,2.763483,0.329315,0.594343,4.821696,-0.87089
2021-08-02,4933.74,5135.358833,5168.93325,-4.00524,-4.656901,1.044841,0.148459,-2.472063,-2.309313,2.217587,-3.333577
2021-08-03,4934.46,5134.392833,5164.211333,-3.971835,-4.550915,2.178764,-1.986586,-2.645926,-1.340807,2.202673,-3.347681
2021-08-04,4978.85,5133.656,5159.99175,-3.061914,-3.573604,0.730228,-1.713994,-2.221589,-2.77988,1.291463,-4.209406
2021-08-05,4948.67,5132.058,5155.614417,-3.638789,-4.096745,0.49748,-1.764018,-1.614607,-2.051548,1.9092,-3.625216
2021-08-06,4921.56,5130.867833,5150.932333,-4.164926,-4.555218,0.494957,-3.14323,-1.60788,-1.531924,2.470558,-3.094344
2021-08-09,4985.56,5128.784,5146.107333,-2.832286,-3.169484,-0.896383,-3.048262,-1.045044,-3.352495,1.155136,-4.338329
2021-08-10,5043.15,5126.42,5140.748167,-1.637667,-1.916774,-4.16535,-3.116788,-1.0028,-2.907123,-0.551441,-5.430733
2021-08-11,5015.34,5123.549,5134.145,-2.134615,-2.341211,-2.444221,-2.364159,-0.86529,-2.56423,-0.448823,-4.906347
2021-08-12,4973.35,5120.233667,5127.51975,-2.910642,-3.052841,-2.261499,-3.514238,-0.067181,-1.846085,0.391688,-4.103472
2021-08-13,4945.98,5116.2265,5120.57925,-3.384203,-3.469244,-3.638187,-2.434168,1.356314,-1.274981,1.365553,-3.572801
2021-08-16,4941.07,5113.0085,5115.110417,-3.420607,-3.461708,-2.151879,-2.620522,1.018661,-1.12591,1.466282,-3.47698
2021-08-17,4837.4,5107.705333,5108.924833,-5.437286,-5.461159,1.048562,-0.65934,1.635374,0.004548,3.640799,-1.408401
2021-08-18,4894.24,5100.634667,5104.397083,-4.130597,-4.204334,0.080062,-0.507596,-0.551553,-0.085443,2.437151,-2.55341
2021-08-19,4862.14,5092.993833,5099.33525,-4.638717,-4.763152,-1.252739,0.149411,-1.125987,1.028395,3.113444,-1.910064
2021-08-20,4769.27,5083.511167,5094.606167,-6.380894,-6.598911,1.204019,1.53535,1.800944,2.976274,5.121329,0.678091
2021-08-23,4835.88,5075.424333,5089.748667,-4.834702,-5.116533,-0.468643,2.003218,-0.292204,1.656632,3.673375,-0.708661
2021-08-24,4888.39,5068.038,5085.905,-3.609075,-3.960998,-1.707902,2.113988,-0.722472,0.16454,2.559738,-1.775227
2021-08-25,4898.16,5060.646,5081.287917,-3.263452,-3.670513,-0.587658,1.49887,-0.999845,-0.779444,2.35517,-1.971148
2021-08-26,4801.61,5052.506667,5077.295417,-5.093321,-5.582744,1.40215,3.447057,1.565486,1.032017,4.413311,0.083305
2021-08-27,4827.04,5045.369167,5073.664083,-4.423738,-4.982981,0.331331,3.790482,1.16963,0.103323,3.863237,-0.443957
2021-08-30,4813.27,5037.552333,5071.441167,-4.554363,-5.224834,2.471861,3.639183,0.428311,0.633317,4.160373,-0.159143
2021-08-31,4805.61,5029.685333,5070.062917,-4.557344,-5.356924,3.82189,2.294714,1.256635,1.046402,4.326402,0.043491
2021-09-01,4869.46,5023.641,5068.945,-3.117192,-4.014966,2.086527,-0.043957,1.234377,0.64603,2.958439,-1.268313
2021-09-02,4869.41,5017.523667,5066.78825,-2.996374,-3.973436,2.044907,-1.275398,1.3621,0.475517,2.959496,-1.267299
2021-09-03,4843.06,5010.3835,5064.260583,-3.396571,-4.466139,3.459151,0.265595,0.838504,1.618852,3.519676,-0.730117
2021-09-06,4933.73,5005.534,5063.412167,-1.444881,-2.59453,1.167323,-2.295421,0.12923,1.252829,1.617235,-2.554457
2021-09-07,4992.83,5002.6385,5062.691083,-0.196259,-1.389529,-1.527176,-2.83646,-1.599398,1.705047,0.414394,-3.707917
2021-09-08,4972.13,5000.8325,5061.618333,-0.575608,-1.783794,-2.130484,-2.498715,-0.808143,1.655327,0.83244,-3.307033
2021-09-09,4970.01,4998.6345,5060.187,-0.574292,-1.798159,-3.320305,-1.881571,-1.934688,2.263716,0.875451,-3.265788
2021-09-10,5013.52,4997.152,5060.240583,0.327011,-0.927577,-3.193557,-2.620852,-1.827704,0.719057,-0.436021,-4.105299
2021-09-13,4991.66,4995.5065,5059.694833,-0.077029,-1.353765,-3.462744,-3.210872,-1.645792,0.28487,-1.032723,-3.685347
2021-09-14,4917.16,4992.089833,5058.927417,-1.51235,-2.842336,-1.309285,-1.038079,0.220616,2.362877,0.466733,-2.226082
2021-09-15,4867.32,4987.422,5058.416,-2.437567,-3.850991,-0.368231,1.278334,1.880783,1.780525,1.898581,-1.224904
2021-09-16,4807.7,4981.6175,5057.42725,-3.553584,-5.063911,1.438734,2.637498,3.51147,1.501248,3.57385,0.292656
2021-09-17,4855.94,4975.217,5055.910167,-2.426629,-4.035519,0.572705,0.57291,2.182785,1.178179,2.544924,-0.703674
2021-09-22,4821.77,4968.0505,5054.03425,-2.988643,-4.704571,0.251872,2.424652,1.571854,1.903876,3.27162,0.25219
2021-09-23,4853.2,4962.428167,5052.0215,-2.225689,-4.015018,0.271205,1.237062,0.225165,1.949472,2.602819,-0.397058
2021-09-24,4849.43,4956.184667,5050.36375,-2.177505,-4.05991,1.646565,1.690572,1.216223,1.471968,2.682583,-0.319625
2021-09-27,4877.37,4950.313167,5048.418667,-1.48447,-3.446892,1.198764,-0.053116,0.272726,0.856417,2.094366,-0.890644
2021-09-28,4883.83,4947.025,5046.10425,-1.285664,-3.268676,0.000205,0.793148,-0.904602,1.466114,1.959323,-1.021739
2021-09-29,4833.93,4942.827333,5043.550833,-2.22777,-4.245056,2.17278,1.56508,-0.265561,1.019828,3.011835,-0.265209
2021-09-30,4866.38,4939.215333,5041.572833,-1.485614,-3.536777,0.965857,1.258695,0.048484,1.126506,2.324931,-0.93026
2021-10-08,4929.94,4935.706167,5040.053917,-0.116894,-2.208996,0.044007,0.602449,-1.792668,0.211341,1.005692,-2.207532
2021-10-11,4936.19,4933.171667,5039.227667,0.061166,-2.065905,-1.25188,0.873972,-1.79904,-0.37386,0.877803,-2.331353
2021-10-12,4883.84,4930.078333,5038.695083,-0.942308,-3.121534,0.792943,1.609875,-0.762548,-0.322397,1.959114,-1.28444
2021-10-13,4940.11,4926.868333,5038.699,0.268404,-1.976032,-0.6077,-0.852797,-2.436681,-2.498096,0.797756,-2.408853
2021-10-14,4913.61,4923.060167,5038.1405,-0.192142,-2.502816,0.292838,-1.011898,-0.304925,-1.87434,1.341376,-1.882526
2021-10-15,4932.11,4920.544,5038,0.234779,-2.124229,0.558442,-0.474349,-0.890797,-1.801574,0.961252,-2.250558
2021-10-18,4874.78,4915.932667,5037.238333,-0.840652,-3.278301,2.125853,0.325842,0.155783,-1.592375,2.14861,-1.100973
2021-10-19,4922.72,4913.065167,5035.869167,0.196321,-2.272491,0.816932,-1.697749,-0.803591,-1.579427,1.153834,-2.064103
2021-10-20,4910.18,4909.676667,5034.425917,0.010251,-2.49889,-0.245098,-1.830641,-0.49878,-2.982001,1.412168,-1.813986
2021-10-21,4928.02,4906.6605,5033.00325,0.434372,-2.107959,-1.304736,-1.210211,-1.851442,-4.170365,1.045044,-2.169431
2021-10-22,4959.73,4903.588667,5031.924,1.138399,-1.445111,-1.03279,-2.395116,-1.414673,-3.957539,0.399014,-2.79491
2021-10-25,4979.52,4900.718167,5030.624583,1.595174,-1.021065,-1.80001,-2.673012,-1.357088,-3.394019,-0.329751,-3.18123
2021-10-26,4963.1,4898.616,5029.673417,1.307783,-1.332451,-2.514682,-2.372423,-1.007456,-3.75105,-1.002398,-2.860914
2021-10-27,4898.16,4898.163667,5028.070417,-0.000075,-2.617667,-1.585543,-1.583884,0.376981,-1.535775,0.377693,-1.57304
2021-10-28,4864.14,4900.044167,5025.944583,-0.735429,-3.272349,0.094525,0.706973,0.661848,-1.759374,1.079739,-0.884637
2021-10-29,4908.77,4902.515667,5023.81625,0.127493,-2.316645,-1.362326,-0.416449,-0.995821,-2.517381,0.160733,-1.785783
2021-11-01,4890.69,4903.189333,5021.87625,-0.255248,-2.647022,-0.873002,-0.170059,-0.806195,-4.436654,0.531009,-1.422703
2021-11-02,4839.85,4903.667333,5020.032333,-1.309963,-3.655265,0.142259,0.894159,-0.161706,-2.670549,1.587033,-0.387202
2021-11-03,4821.11,4901.790167,5018.5745,-1.659629,-4.014174,0.001659,1.331861,0.470567,-4.263546,1.981909,0.001659
2021-11-04,4868.74,4900.694833,5017.543833,-0.654182,-3.010536,0.612448,-0.641231,-0.258717,-6.468614,0.984238,-0.976639
2021-11-05,4842.35,4898.419833,5016.037917,-1.151253,-3.524022,0.945877,0.980443,1.204321,-4.396029,1.534585,-0.436978
2021-11-08,4848.18,4896.745,5014.4015,-0.996732,-3.37107,0.702943,1.315924,0.912457,-5.064237,1.412489,-0.556704
2021-11-09,4846.74,4895.498,5013.182917,-1.000969,-3.376471,0.7519,1.364968,1.542895,-4.099618,1.55486,-0.527158
2021-11-10,4821.19,4892.7585,5010.77125,-1.473547,-3.856906,1.330202,1.960865,3.56028,-3.833659,3.624416,0.224841
2021-11-11,4898.65,4890.350167,5008.385083,0.169575,-2.215387,-1.253679,-0.045125,3.60937,-6.259905,3.675298,-1.359967
2021-11-12,4888.37,4888.234,5005.8915,0.002782,-2.37566,0.034566,-0.579373,3.354268,-7.136032,3.893322,-1.152531
2021-11-15,4882.38,4886.717833,5003.47575,-0.088807,-2.450002,0.612981,-0.636136,4.042621,-5.955476,4.125447,-1.031259
2021-11-16,4883.32,4885.6735,5000.95,-0.048183,-2.380258,0.613067,-1.055865,3.350352,-5.586577,4.105404,-1.05031
2021-11-17,4885.75,4884.7515,4998.88,0.020439,-2.289108,0.630663,-0.861295,2.429441,-5.394738,4.053625,-1.099524
2021-11-18,4837.62,4884.755167,4996.23025,-0.96963,-3.226081,1.208555,0.382514,3.993704,-3.928901,5.088866,-0.115553
2021-11-19,4890.06,4884.6855,4992.660083,0.109967,-2.076428,-0.613939,0.223877,1.314416,-5.371725,3.961915,-1.186693
2021-11-22,4912.4,4885.523167,4989.2585,0.548624,-1.552468,-1.249118,-0.403467,-0.653134,-7.134173,3.48913,-1.636064
2021-11-23,4913.35,4887.9245,4985.717833,0.518821,-1.46214,-1.668932,0.177928,0.002849,-6.090133,3.46912,-1.655083
2021-11-24,4916.66,4889.270833,4982.347583,0.558626,-1.327174,-1.491958,1.599414,-0.044959,-8.205762,3.399462,-1.72129
2021-11-25,4896.44,4889.405,4978.7215,0.143779,-1.666472,-0.826041,3.654494,1.062459,-6.824713,3.826454,-1.315446
2021-11-26,4860.13,4888.771167,4974.708583,-0.587579,-2.330161,0.837816,3.93364,1.251566,-5.900599,4.60214,-0.578174
2021-11-29,4851.42,4889.601333,4971.054,-0.783933,-2.436044,0.84565,4.678757,1.389886,-4.894384,4.789938,-0.399677
2021-11-30,4832.03,4889.6845,4967.526833,-1.186111,-2.765543,1.84686,4.406217,2.532422,-5.387339,5.21044,0.244618
2021-12-01,4843.85,4890.194167,4963.87325,-0.952215,-2.447647,3.091372,3.290736,0.814822,-6.222445,4.953704,0.254137
2021-12-02,4856.16,4891.036667,4960.361,-0.715628,-2.123052,4.480535,3.61119,1.336739,-7.696425,4.687654,0.499572
2021-12-03,4901.02,4891.562667,4957.601833,0.193153,-1.147878,3.095824,1.090538,0.799688,-11.862863,3.729428,-0.420321
2021-12-06,4892.62,4891.9495,4954.736583,0.013705,-1.261606,3.833107,-0.249667,0.512723,-13.719433,3.907518,-0.249355
2021-12-07,4922.1,4893.266833,4951.825167,0.587512,-0.602096,2.559357,-0.175079,-1.102744,-15.239653,3.285183,-1.096686
2021-12-08,4995.93,4894.3035,4949.91875,2.05516,0.925242,0.199364,-1.644374,-3.621694,-15.167506,1.758832,-3.556895
2021-12-09,5078.69,4895.7345,4949.1865,3.668904,2.583013,-0.869345,-2.592036,-5.178785,-16.49232,0.100616,-5.128488
2021-12-10,5055.12,4897.117667,4948.975083,3.175479,2.122109,-2.005286,-2.682074,-4.265044,-19.134472,0.567346,-4.68614
2021-12-13,5083.8,4899.014167,4948.824333,3.702502,2.690897,-4.082773,-3.28887,-5.790779,-24.382037,-0.670758,-5.626303
2021-12-14,5049.7,4899.617167,4948.384583,3.017176,2.026766,-2.734435,-1.873794,-4.126189,-19.475651,-0.296453,-4.989009
2021-12-15,5005.9,4899.8545,4947.6805,2.141171,1.169834,-1.843737,-2.475914,-4.912662,-16.659655,0.57592,-4.793943
2021-12-16,5034.73,4901.814,4946.951917,2.675456,1.758829,-1.72269,-2.274451,-6.312627,-16.570672,-1.564533,-6.117508
2021-12-17,4954.76,4903.271333,4945.346667,1.044613,0.190166,-0.676788,-0.29085,-3.857282,-15.137304,0.024219,-4.602241
2021-12-20,4880.42,4904.483333,4943.050417,-0.491847,-1.275135,0.793903,0.762389,-1.383797,-13.706602,1.547818,-3.149114
2021-12-21,4913.49,4905.4425,4940.32975,0.163918,-0.54476,0.860641,-0.927666,-2.746444,-13.884489,0.864355,-3.800964
2021-12-22,4914.45,4906.987167,4937.518833,0.15197,-0.46831,-0.632176,-1.97732,-1.867797,-14.495267,0.844652,-3.819756
2021-12-23,4948.74,4908.5795,4935.503833,0.814841,0.267824,-0.55176,-2.586749,-3.483681,-17.012164,0.145896,-4.486192
2021-12-24,4921.34,4909.778,4932.981333,0.235212,-0.236269,0.385938,-1.58297,-2.773126,-17.084126,0.703467,-3.954411
2021-12-27,4919.32,4910.477167,4930.395167,0.179919,-0.224883,-0.031513,-2.501908,-5.020345,-17.389098,0.744818,-4.896408
2021-12-28,4955.96,4911.679333,4929.352167,0.897499,0.538332,-1.788307,-2.252394,-5.041266,-15.270767,-0.314571,-5.599521
2021-12-29,4883.48,4912.505167,4927.66625,-0.592595,-0.900742,-1.345144,-2.436749,-5.548935,-14.540703,1.164948,-5.39779
2021-12-30,4921.51,4913.424,4926.319667,0.164434,-0.09768,-2.034989,-4.038176,-7.546636,-14.055998,0.383216,-7.268907
2021-12-31,4940.37,4913.597833,4924.652,0.54338,0.318661,-1.968908,-3.566432,-6.400038,-14.727006,-0.457456,-7.622911
2022-01-04,4917.77,4913.290833,4923.23125,0.091123,-0.11099,-2.470395,-2.146187,-6.489417,-15.560633,-1.009604,-7.198385
2022-01-05,4868.12,4913.028833,4921.553583,-0.91828,-1.091642,-0.464088,-1.818778,-4.539769,-14.032382,-0.463012,-6.2519
2022-01-06,4818.23,4910.9975,4918.932917,-1.907044,-2.068498,-1.091605,0.109524,-3.772245,-16.140259,0.567636,-5.281192
2022-01-07,4822.37,4909.476833,4916.2685,-1.790188,-1.92843,-2.003188,-0.896932,-4.69049,-14.296144,0.481299,-5.362508
2022-01-10,4844.05,4908.009167,4914.276583,-1.311725,-1.439341,-1.597524,-1.190155,-6.225256,-15.711816,0.031585,-6.035446
2022-01-11,4797.77,4906.725667,4911.329167,-2.245562,-2.339338,0.324208,-2.518437,-4.207318,-13.507586,0.996505,-5.12905
2022-01-12,4845.58,4905.44,4909.252583,-1.227784,-1.305476,-1.354691,-2.788872,-4.81074,-14.566459,-0.455467,-6.065115
2022-01-13,4765.92,4903.035667,4906.356167,-2.836394,-2.904095,1.201129,-3.112186,-2.911517,-13.444304,1.208371,-4.49504
2022-01-14,4726.73,4899.680833,4903.170667,-3.593644,-3.664844,1.106255,-3.50846,-1.609978,-13.377049,2.047504,-3.703194
2022-01-17,4767.28,4896.473333,4900.031,-2.673931,-2.746562,0.407368,-2.833606,-2.828859,-15.793883,1.179499,-4.522285
2022-01-18,4813.35,4893.703833,4897.211,-1.655614,-1.727255,-2.842645,-4.34323,-5.097242,-18.614199,0.21108,-5.436131
2022-01-19,4780.38,4890.6585,4894.63725,-2.280692,-2.362013,-1.434181,-2.720991,-3.346538,-17.491865,0.90223,-4.783929
2022-01-20,4823.51,4889.414333,4893.789,-1.357065,-1.446497,-4.313315,-3.881769,-6.293006,-23.458481,-0.762308,-6.099086
2022-01-21,4779.31,4888.0005,4894.022333,-2.248714,-2.371834,-4.614715,-3.793558,-4.40349,-23.348282,0.155462,-5.230671
2022-01-24,4786.74,4885.966667,4894.241167,-2.051756,-2.220965,-3.240975,-5.0351,-4.37904,-20.601729,-1.55492,-5.377773
2022-01-25,4678.45,4882.429333,4892.809333,-4.267605,-4.479979,-1.500585,-1.688882,-1.263926,-17.659208,0.723744,-3.187594
2022-01-26,4712.31,4880.303667,4891.9855,-3.502921,-3.742002,-1.28681,-2.021869,-2.878496,-15.983209,-1.278566,-3.883233
2022-01-27,4619.88,4876.949833,4889.37,-5.415126,-5.669473,0.431546,0.20067,-1.488332,-14.152512,0.696555,-1.960224
2022-01-28,4563.77,4871.867,4886.280917,-6.532819,-6.828243,0.821157,1.898481,-1.486529,-15.49135,1.934585,-1.475534
2022-02-07,4634.09,4868.396,4883.407917,-4.932467,-5.240347,-1.794125,0.004747,-6.262513,-17.826471,0.387778,-6.070447
2022-02-08,4608.77,4864.405833,4880.575417,-5.398357,-5.730212,-0.188297,-0.754012,-7.742739,-16.190252,0.939296,-7.450578
2022-02-09,4652.06,4861.161167,4878.329583,-4.39672,-4.749273,-0.735059,-0.625547,-9.59714,-15.692822,-0.017627,-9.151
2022-02-10,4639.86,4858.139,4875.44875,-4.597125,-4.952796,-0.230877,-2.411238,-7.773567,-15.87584,0.245266,-8.912122
2022-02-11,4601.4,4853.184833,4871.7675,-5.327455,-5.70962,1.077325,-0.609932,-6.623045,-14.292031,1.083149,-8.15078
2022-02-14,4551.69,4847.5735,4867.90375,-6.297968,-6.716481,1.798873,0.65606,-8.644172,-14.012869,2.1871,-8.2811
2022-02-15,4600.1,4842.868833,4864.793333,-5.142924,-5.594619,-0.565715,0.424956,-14.383939,-13.831226,1.111715,-13.397317
2022-02-16,4617.99,4838.446667,4862.060083,-4.663419,-5.150269,0.109511,-0.856627,-10.538722,-14.568973,0.72001,-13.732814
2022-02-17,4629.16,4834.170167,4859.460833,-4.333406,-4.855207,-2.180361,-1.689002,-8.835476,-14.618107,0.476976,-13.940974
2022-02-18,4651.24,4831.063833,4857.9095,-3.793285,-4.347435,-1.687257,-3.38501,-8.648067,-13.162527,-0.363989,-14.349507
2022-02-21,4634.31,4826.801333,4855.743417,-4.069668,-4.667489,-1.142813,-6.26726,-8.451163,-13.378821,-0.24297,-14.03661
2022-02-22,4574.15,4821.163833,4853.3435,-5.259447,-5.924696,0.990671,-6.988727,-7.225562,-14.439153,1.069051,-12.906004
2022-02-23,4623.05,4816.3255,4852.125,-4.095663,-4.836209,-0.966139,-8.971592,-7.791507,-14.897417,-0.072679,-13.827235
2022-02-24,4529.32,4809.869833,4849.570333,-6.00982,-6.831829,0.491359,-5.36233,-6.334465,-12.601897,1.995222,-12.043971
2022-02-25,4573.42,4804.486167,4846.945583,-4.928882,-5.808745,-1.697754,-6.013113,-9.124992,-13.364198,1.011716,-12.892103
2022-02-28,4581.65,4799.844833,4844.308,-4.65244,-5.574521,-5.124447,-9.300232,-9.93196,-12.853603,0.830269,-13.048574
2022-03-01,4619.69,4795.982667,4842.792,-3.745102,-4.716381,-7.979398,-14.808896,-11.104828,-12.141106,-0.889454,-13.76456
2022-03-02,4578.6,4791.758833,4840.721667,-4.550426,-5.567054,-8.005454,-9.682095,-7.351005,-11.451718,-0.589045,-12.990652
2022-03-03,4551.63,4786.8885,4838.541333,-5.039521,-6.112789,-5.853689,-7.146474,-7.503436,-10.704558,-1.212752,-12.475091
2022-03-04,4496.43,4780.893,4835.964833,-6.13436,-7.279691,-4.31536,-5.263057,-5.022834,-7.63058,-3.194757,-11.4006
2022-03-07,4352.78,4771.755667,4831.659167,-9.189958,-10.43752,-4.175785,-2.183903,-2.064456,-4.071163,-1.062769,-8.476652
2022-03-08,4265.39,4761.301833,4826.625667,-10.998751,-12.361399,-6.829497,-0.236835,-1.328477,-1.074352,0.964273,-6.601507
2022-03-09,4226.35,4749.706,4821.486417,-11.674398,-13.174353,-1.676641,1.180086,0.104527,-1.206391,1.896909,-5.738758
2022-03-10,4292.84,4737.987833,4816.145667,-9.866402,-11.502544,-1.292785,-0.972135,-4.594447,-1.262349,0.31867,-7.198731
2022-03-11,4306.52,4725.118333,4810.426417,-9.276245,-11.065558,-0.947697,-3.111879,-2.982608,-2.758456,-0.696618,-7.493521
2022-03-14,4174.76,4710.445667,4803.781667,-12.072565,-14.034658,1.991882,-0.631728,-0.842389,1.13255,2.437505,-4.573916
2022-03-15,3983.81,4692.1125,4795.563333,-16.364426,-18.545254,6.592662,3.704068,5.083672,7.129839,7.347489,2.918312
2022-03-16,4156.08,4677.218833,4788.418,-11.813134,-14.162776,2.856727,2.33109,0.783004,2.236078,2.897923,-1.347664
2022-03-17,4237.7,4664.4155,4782.135,-9.594186,-12.086643,0.32065,-0.356962,-1.697312,1.669447,0.916063,-3.247752
2022-03-18,4265.9,4651.601667,4776.707833,-8.655843,-11.309839,-2.164182,0.240223,-3.119003,1.501367,0.248951,-3.887339
2022-03-21,4258.75,4640.0015,4771.636417,-8.5739,-11.371362,-2.62361,0.119447,-4.513861,1.556823,0.417259,-4.413502
2022-03-22,4255.3,4629.582833,4767.033083,-8.43015,-11.355885,-2.888594,-1.091642,-6.291395,0.359375,0.498672,-6.097572
2022-03-23,4276.52,4618.966667,4762.204583,-7.703142,-10.757111,-0.525637,-1.075559,-6.353821,1.562836,-0.008418,-6.563514
2022-03-24,4251.31,4607.914333,4757.45075,-8.054816,-11.24848,-0.677612,-3.622312,-10.83101,3.318803,0.584526,-10.265071
2022-03-25,4174.57,4595.0115,4751.7955,-9.59599,-12.951119,2.404405,0.129271,-9.8198,6.260202,2.433544,-9.353059
2022-03-28,4148.47,4582.130333,4745.954167,-9.942444,-13.455291,2.743057,-0.210661,-6.290728,7.922892,3.078002,-8.782756
2022-03-29,4134.14,4569.044,4739.760583,-10.002467,-13.67073,1.796952,1.379604,-5.290455,6.716801,3.435297,-8.466573
2022-03-30,4254.1,4557.346333,4734.512833,-6.885729,-10.699561,-0.549921,-1.548086,-5.753708,5.28575,0.518559,-11.047695
2022-03-31,4222.6,4546.331667,4729.418417,-7.386963,-11.335119,-2.944701,-1.34035,-5.160744,5.620331,1.268413,-10.384124
2022-04-01,4276.16,4535.575833,4724.499917,-5.889664,-9.970631,-2.275134,-3.359227,-8.981987,5.013937,-0.288109,-11.506585
2022-04-06,4263.84,4524.300333,4718.949083,-5.929278,-10.141596,-2.953718,-4.633308,-9.499502,5.158008,-0.775592,-11.250891
2022-04-07,4209.1,4512.489167,4712.89,-6.960007,-11.305246,-0.417348,-5.199753,-7.119036,4.978863,0.514837,-10.096695
2022-04-08,4230.77,4501.866667,4707.44775,-6.210812,-10.676187,-0.998165,-5.278262,-6.200209,4.905159,-0.926545,-10.55718
2022-04-11,4100.07,4489.897333,4700.447417,-9.082579,-13.665365,1.604351,-7.208697,-3.507825,7.71201,2.231669,-7.705966
2022-04-12,4179.97,4479.190667,4694.33375,-6.913831,-11.605213,-1.084093,-9.949071,-4.686378,4.093328,0.277514,-9.470164
2022-04-13,4139.74,4467.452167,4687.730667,-7.618528,-12.431562,-1.67959,-6.080067,-4.526308,4.114447,1.252011,-8.590395
2022-04-14,4191.57,4457.348833,4682.03725,-6.147879,-11.065796,-4.782405,-6.670059,-4.530959,3.051794,-0.067278,-9.720701
2022-04-15,4188.75,4446.401667,4675.920833,-5.969279,-11.002375,-4.280097,-4.205622,-4.813255,3.133209,-0.53405,-9.659922
2022-04-18,4166.38,4436.409333,4669.7225,-6.279779,-11.405209,-8.813048,-3.820394,-4.08532,1.952549,-0.755572,-9.174871
2022-04-19,4134.9,4426.5455,4663.113167,-6.815634,-12.022014,-8.864978,-5.622761,-1.395456,3.742714,-1.385765,-8.483397
2022-04-20,4070.79,4414.937333,4655.705333,-8.115656,-13.425634,-4.400477,-4.866194,-0.413797,4.762216,0.167289,-7.042122
2022-04-21,3995.83,4401.312,4647.507917,-9.665136,-15.107983,-1.887654,-1.919283,-0.922196,6.958915,2.046383,-5.298273
2022-04-22,4013.25,4388.5265,4639.5925,-8.939213,-14.502515,0.074475,-0.921947,-0.752089,5.403221,1.603439,-5.709338
2022-04-25,3814.91,4371.7165,4630.565417,-13.623865,-19.376191,4.992654,3.700872,4.563577,10.522866,6.885877,-0.807096
2022-04-26,3784.12,4355.13,4621.56525,-14.05411,-19.992008,3.242218,5.262693,5.580595,10.727617,7.755568,2.466095
2022-04-27,3895.54,4340.276667,4613.121667,-10.810579,-16.907247,-0.465717,1.55376,3.369086,8.614034,4.67355,-0.464634
2022-04-28,3921.11,4327.654333,4605.041833,-9.865089,-16.077698,-0.031629,2.1391,4.254176,7.465395,4.345963,-1.113715
2022-04-29,4016.24,4316.053167,4598.178417,-7.199522,-13.531409,-0.996422,-0.607633,1.652996,5.083169,1.87439,-3.455969
2022-05-05,4010.21,4305.892,4591.420917,-7.114071,-13.534594,-1.291782,-0.264925,1.959622,3.909641,2.027575,-3.310799
2022-05-06,3908.82,4294.976167,4583.421583,-9.421047,-15.921025,2.020475,4.227304,6.374241,6.915011,6.581782,-0.8028
2022-05-09,3877.44,4282.365333,4575.380667,-9.933036,-16.551476,2.019476,4.452397,7.492795,5.752256,7.780649,1.094279
2022-05-10,3919.87,4270.883667,4567.64475,-8.576226,-15.293921,2.170729,0.997087,7.373161,3.684222,7.651784,0.93549
2022-05-11,3976.42,4259.623,4560.392083,-6.879874,-13.702669,0.38879,0.169858,4.889291,3.09806,6.120832,-0.499947
2022-05-12,3958.74,4248.271,4553.205,-7.058628,-13.990559,1.026856,0.862705,6.839924,4.884622,7.079273,-0.055573
2022-05-13,3988.6,4238.057667,4545.62125,-6.066477,-13.072411,2.206829,0.317902,4.91053,3.920287,6.277641,-0.803791
2022-05-16,3956.54,4228.1385,4537.856,-6.639192,-13.708475,2.432921,1.815326,6.501247,4.925294,7.138813,0.065967
2022-05-17,4005.89,4218.235,4530.551917,-5.165102,-12.307799,-1.173642,2.115076,6.577126,2.559399,6.79824,-1.166782
2022-05-18,3991.91,4207.800333,4523.1235,-5.267021,-12.493298,-0.218932,2.260628,6.266329,4.927543,7.172256,-0.82066
2022-05-19,3999.6,4197.307667,4515.738917,-4.824893,-12.137448,-0.164151,2.224547,7.452079,4.67808,7.736774,-1.011351
2022-05-20,4077.6,4187.747,4509.405417,-2.66543,-10.065673,-1.888927,2.146937,6.015826,2.61606,6.200461,-2.904895
2022-05-23,4053.98,4178.074833,4502.438083,-3.015146,-10.491993,-0.617594,3.040398,6.484481,3.009525,6.819225,-2.339183
2022-05-24,3959.15,4167.824833,4494.494333,-5.136492,-12.682381,3.288718,6.376075,7.572966,6.308513,9.37777,0.606948
2022-05-25,3983.18,4157.160333,4486.742917,-4.275173,-11.904653,2.47956,4.719433,8.668746,4.825467,9.055579,0.247541
2022-05-26,3993.04,4148.222333,4479.046083,-3.812704,-11.485725,2.388698,5.977219,9.586235,3.881329,10.060756,0.20686
2022-05-27,4001.3,4138.687,4471.586583,-3.375928,-11.112398,4.035864,4.592628,10.499407,4.402681,11.070402,0.692775
2022-05-30,4029.02,4129.4765,4464.660667,-2.462747,-10.267004,3.657992,4.68592,10.844534,3.225149,11.454398,1.344247
2022-05-31,4091.52,4120.673667,4458.328167,-0.710012,-8.585731,3.087356,4.46205,7.75308,-0.222659,9.751877,-0.203836
2022-06-01,4083.18,4112.416667,4452.08775,-0.713476,-8.649705,2.239873,4.0057,9.386463,0.806403,9.976048,0.156496
2022-06-02,4089.57,4104.715667,4445.802083,-0.369665,-8.352047,3.58852,5.227531,8.821453,0.438691,9.804209,1.871101
2022-06-06,4166.09,4099.21,4440.0515,1.618367,-6.368803,0.556764,3.86889,7.621684,-1.855034,7.919656,0.229952
2022-06-07,4179.13,4096.315833,4434.03575,2.00151,-5.920708,1.027928,3.444083,7.164716,-2.50385,7.582918,-0.082792
2022-06-08,4219.81,4095.556167,4428.429,2.988758,-4.825479,1.374693,1.196891,4.724738,-3.397747,6.545792,-1.046019
2022-06-09,4175.67,4094.7115,4422.20875,1.957856,-5.736446,1.765828,3.949313,6.216078,-3.210482,7.672062,0.327612
2022-06-10,4238.99,4093.814,4415.900917,3.484798,-4.088684,1.639011,3.609016,4.379912,-5.214552,6.063709,-1.171034
2022-06-13,4189.35,4091.861167,4408.48975,2.354567,-5.098658,3.312125,5.906779,3.869176,-4.240115,7.320467,0.786757
2022-06-14,4222.31,4092.653667,4401.549667,3.118879,-4.15743,2.416155,6.158614,2.139509,-4.110269,6.482707,0.657223
2022-06-15,4278.22,4097.5605,4394.8365,4.314524,-2.689329,-0.177802,3.291031,1.005627,-5.359128,5.091136,-0.658218
2022-06-16,4250.06,4099.126833,4388.172833,3.615912,-3.197983,2.183486,5.380762,1.680135,-5.126283,5.787448,0.483758
2022-06-17,4309.04,4100.315833,4382.365667,4.965114,-1.687354,1.970006,3.593922,-1.41421,-5.124395,4.339482,-1.404257
2022-06-20,4330.43,4101.391333,4376.4965,5.434058,-1.058167,2.594653,3.752794,-0.877656,-5.197378,3.824101,-1.891267
2022-06-21,4325.57,4102.505,4371.25325,5.294616,-1.050583,3.742458,3.720632,-1.308468,-6.204162,3.940752,-1.781037
2022-06-22,4270.62,4102.760333,4366.171583,4.009902,-2.212754,3.468833,3.527847,0.308145,-5.870754,5.278156,-0.517255
2022-06-23,4343.88,4103.883,4361.424833,5.683436,-0.403084,3.197277,2.266764,-2.513437,-9.944683,3.502629,-2.482113
2022-06-24,4394.77,4106.274,4357.094167,6.789915,0.860984,1.623916,0.770895,-3.626947,-11.228481,2.304102,-3.611338
2022-06-27,4444.26,4110.768833,4352.890167,7.80033,2.077335,1.158141,-2.037603,-5.352385,-12.225156,1.164873,-5.211666
2022-06-28,4490.52,4116.469667,4349.3,8.697259,3.19536,-0.021826,-4.019105,-5.599586,-14.0036,0.122703,-6.188147
2022-06-29,4421.36,4121.256667,4345.150333,7.028921,1.738698,0.059014,-2.285403,-4.541861,-13.336339,1.688847,-4.720719
2022-06-30,4485.01,4125.105167,4341.22575,8.364921,3.258399,-0.930512,-3.700627,-5.95629,-15.110516,0.245707,-6.072896
2022-07-01,4466.72,4129.173833,4337.75275,7.857701,2.929794,-0.853021,-5.008132,-6.871434,-15.204695,0.656186,-6.640667
2022-07-04,4496.03,4132.838333,4334.207083,8.423037,3.66561,-3.195743,-4.63045,-7.080914,-14.419454,-0.14435,-7.249284
2022-07-05,4489.54,4136.6,4330.450167,8.187605,3.607875,-3.997279,-5.0291,-8.905254,-15.922231,-1.026163,-8.520249
2022-07-06,4423.97,4140.181167,4326.335167,6.629794,2.231668,-2.344417,-3.219702,-8.413677,-14.49197,0.440781,-8.069449
2022-07-07,4443.47,4143.726167,4322.796417,6.984018,2.753309,-2.770115,-4.780201,-8.007309,-15.514852,-0.330597,-8.472883
2022-07-08,4428.78,4149.204667,4319.551,6.520748,2.497269,-4.155111,-4.397842,-6.335214,-17.414783,-1.674502,-8.169293
2022-07-11,4354.62,4152.1155,4315.653083,4.761939,0.898869,-1.434707,-3.314782,-4.859418,-15.544861,-0.747482,-6.605398
2022-07-12,4313.62,4155.0135,4311.232833,3.746178,0.055356,-1.031821,-1.580481,-3.715461,-13.091389,0.195891,-5.717703
2022-07-13,4321.46,4157.178333,4307.263583,3.875675,0.329051,-0.875284,-2.256458,-5.023354,-14.112572,0.014116,-5.888751
2022-07-14,4322.07,4159.400333,4302.901,3.836354,0.444501,-2.010086,-2.255663,-3.018921,-11.761907,-0.682081,-5.902033
2022-07-15,4248.53,4160.7695,4298.589417,2.087301,-1.171389,-0.242731,-1.863302,-1.359788,-9.94328,1.037065,-4.273243
2022-07-18,4292.59,4163.397667,4294.971583,3.055879,-0.055466,-1.880075,-2.450463,-2.52211,-11.186854,-0.204771,-5.255801
2022-07-19,4269.34,4166.706833,4290.822083,2.433325,-0.501909,-0.54866,-3.876154,-2.166488,-12.265365,0.338694,-4.739843
2022-07-20,4283.8,4171.506333,4286.409167,2.656326,-0.060889,-1.381174,-5.193976,-1.572598,-13.177082,-0.882861,-5.061394
2022-07-21,4236.06,4175.219833,4281.873167,1.446658,-1.075698,-0.245576,-3.227108,-1.329842,-12.377555,0.23418,-3.991445
2022-07-22,4238.23,4182.275167,4276.995833,1.329033,-0.910513,-1.620571,-1.937372,-2.07796,-15.398514,0.182859,-4.040602
2022-07-25,4212.64,4189.417167,4272.273583,0.552791,-1.405661,-0.570388,-1.544636,-0.744341,-14.955961,0.791428,-3.457689
2022-07-26,4245.98,4195.257833,4267.76725,1.201785,-0.511815,-3.327495,-2.13498,-2.0198,-14.935686,-0.478335,-4.215752
2022-07-27,4225.04,4200.323333,4263.988833,0.586722,-0.917634,-3.812802,-2.766896,-3.433878,-15.148208,0.014911,-3.74103
2022-07-28,4225.67,4203.813833,4259.9335,0.518566,-0.807572,-2.981532,-0.763258,-2.62377,-17.667547,-0.206121,-3.755381
2022-07-29,4170.1,4206.478667,4256.185333,-0.868586,-2.043328,-0.316801,0.503514,-1.511327,-17.269442,1.123714,-2.472842
2022-08-01,4188.68,4211.143,4253.059583,-0.534846,-1.525298,-0.974248,-0.071647,-2.395804,-14.20049,0.675153,-2.90545
2022-08-02,4107.02,4214.969333,4248.667333,-2.594461,-3.390766,1.192514,1.709666,-0.763311,-11.038024,2.67688,-0.974916
2022-08-03,4066.98,4217.421167,4244.152417,-3.632313,-4.264142,1.045906,3.621378,0.291192,-10.874905,3.687749,0.216623
2022-08-04,4101.54,4219.5065,4239.56475,-2.835567,-3.30981,2.218273,1.897266,-1.419251,-8.503846,2.814065,-1.409227
2022-08-05,4156.91,4222.809333,4235.540167,-1.572862,-1.873886,0.820315,-0.140588,-3.25925,-9.629216,1.444583,-3.206709
2022-08-08,4148.07,4225.467167,4231.762417,-1.848666,-1.997539,0.902601,0.800295,-3.249873,-10.106601,1.660772,-3.197632
2022-08-09,4156.29,4228.796333,4228.467417,-1.729455,-1.721677,0.517152,0.115181,-2.534316,-11.244069,1.459715,-3.38908
2022-08-10,4109.74,4230.527167,4224.381083,-2.896684,-2.751299,2.575472,-0.666982,-1.341401,-10.890201,2.608924,-2.294792
2022-08-11,4193.54,4233.887667,4220.844,-0.95754,-0.648986,-0.321008,-1.860512,-3.787498,-10.159092,0.558478,-4.247247
2022-08-12,4191.15,4237.080167,4217.193917,-1.089923,-0.61948,-0.960903,-2.014842,-2.350397,-9.954902,0.615821,-4.192644
2022-08-15,4185.68,4238.8815,4213.31425,-1.263026,-0.658039,-0.102306,-2.324157,-1.797611,-7.945656,0.74731,-4.067439
2022-08-16,4177.84,4240.945833,4209.510333,-1.499195,-0.755196,-0.401971,-2.472977,-2.729207,-8.578401,0.936369,-3.887416
2022-08-17,4216.96,4245.242667,4206.53375,-0.668449,0.247552,-3.242454,-3.330186,-4.606301,-9.921491,-0.843261,-4.779035
2022-08-18,4180.1,4248.524667,4202.8425,-1.623662,-0.542591,-1.539504,-3.316516,-6.101404,-9.492103,0.0311,-5.918997
2022-08-19,4151.07,4251.1585,4199.690417,-2.38254,-1.164468,-1.053939,-3.118662,-5.523574,-9.652193,0.730655,-5.373795
2022-08-22,4181.4,4254.160167,4196.423583,-1.725125,-0.358652,-2.221851,-4.050168,-6.128431,-10.368518,-0.485962,-6.060171
2022-08-23,4161.08,4256.361167,4192.918833,-2.263995,-0.762245,-2.071006,-2.649497,-6.384215,-9.776375,-1.077605,-6.184692
2022-08-24,4082.42,4256.2095,4188.441583,-4.168903,-2.563878,-0.087732,-0.674419,-5.3606,-8.311976,0.82843,-5.219453
2022-08-25,4116.24,4256.7605,4184.588583,-3.35683,-1.646827,-1.777012,-1.926986,-6.530456,-8.633314,-0.124628,-6.321789
2022-08-26,4107.55,4257.060167,4180.887917,-3.575208,-1.76969,-2.064723,-0.335555,-6.821933,-9.555025,0.08667,-6.594442
2022-08-29,4089.52,4255.784,4177.497,-3.98514,-2.128466,-1.828316,0.526546,-4.942736,-6.076493,0.527935,-6.182633
2022-08-30,4075.79,4254.061667,4175.18875,-4.280962,-2.409497,-0.578491,-0.256229,-6.253666,-5.620215,0.86658,-6.062138
2022-08-31,4078.84,4251.712167,4173.634167,-4.150913,-2.297452,-0.586688,-1.276115,-6.369485,-4.617801,0.791156,-6.170872
2022-09-01,4043.74,4249.513333,4172.112417,-4.963446,-3.125248,-0.149974,-2.784888,-6.088292,-4.367005,1.666032,-5.906661
2022-09-02,4023.61,4245.923667,4169.868833,-5.377988,-3.570507,1.729168,-2.404912,-7.820319,-1.925412,2.174664,-7.522349
2022-09-05,4015.43,4243.025,4167.443083,-5.513202,-3.715824,2.354862,-2.078263,-7.43557,-1.183185,2.382808,-7.333959
2022-09-06,4052.28,4240.191167,4166.422417,-4.532867,-2.777805,0.322261,-3.734718,-6.841611,-2.342968,1.451775,-8.176631
2022-09-07,4054.98,4236.4705,4167.0155,-4.378474,-2.725432,-0.689428,-4.686181,-7.747817,-2.390882,1.384224,-8.237772
2022-09-08,4037.68,4232.930833,4166.028833,-4.722435,-3.129299,-2.634914,-4.603471,-4.955488,-0.981601,1.818619,-7.844604
2022-09-09,4093.79,4229.343333,4164.829583,-3.257555,-1.720417,-4.13408,-6.486378,-6.233095,-3.488511,0.42308,-9.107697
2022-09-13,4111.11,4225.688,4163.539667,-2.748902,-1.267253,-4.433125,-5.469282,-6.867132,-4.107176,-1.112838,-9.490624
2022-09-14,4065.36,4221.351167,4161.928083,-3.765296,-2.347615,-4.056979,-5.997437,-7.36967,-2.754951,-0.94063,-8.472066
2022-09-15,4027.12,4217.292833,4160.026583,-4.614193,-3.246998,-3.996753,-5.093369,-6.998184,-1.883223,-2.341127,-7.602952
2022-09-16,3932.68,4210.4395,4157.16125,-6.824591,-5.551132,-1.968556,-3.303405,-4.946309,0.546476,0.004068,-5.384115
2022-09-19,3928,4202.66,4154.467,-6.758727,-5.605375,-2.352298,-5.415407,-7.79698,-0.889381,0.123218,-7.500764
2022-09-20,3932.84,4194.136333,4152.452583,-6.432563,-5.433733,-1.036157,-5.357307,-8.083189,-2.675292,-0.740178,-7.765126
2022-09-21,3903.73,4184.3565,4150.413083,-6.942042,-6.127536,-1.940457,-3.106893,-6.531671,-1.892672,-0.292797,-7.077334
2022-09-22,3869.34,4175.156167,4148.206417,-7.606781,-6.95921,-1.096616,-3.061636,-6.35373,-0.864597,0.593383,-6.251454
2022-09-23,3856.02,4164.673,4144.889083,-7.70022,-7.224047,-1.334848,-0.352017,-8.51332,-0.723562,0.940866,-8.161005
2022-09-26,3836.68,4154.172333,4141.673083,-7.95058,-7.649242,-3.063108,0.253284,-8.936181,0.17734,1.449691,-8.548537
2022-09-27,3892.3,4144.110167,4138.47425,-6.268785,-6.132694,-4.32115,-1.39785,-6.861949,-0.114394,-1.178994,-9.855355
2022-09-28,3828.71,4133.096333,4134.848167,-7.649891,-7.692268,-1.166436,-1.372233,-4.021047,1.10521,0.462297,-8.358168
2022-09-29,3827.14,4123.149167,4131.665167,-7.449944,-7.656273,-1.96502,-1.904814,-4.796613,0.769411,0.503509,-8.320574
2022-09-30,3804.89,4112.506167,4128.116167,-7.774553,-8.153409,0.982831,-1.642904,-0.996303,1.738853,1.091227,-7.784456
2022-10-10,3720.94,4100.708833,4124.95675,-9.718352,-10.307921,3.316392,-2.381573,1.450353,4.389284,3.371997,-5.703935
2022-10-11,3727.69,4090.26,4121.18775,-9.28198,-10.035267,2.923301,-2.725882,0.578842,4.337849,3.184814,-5.874684
2022-10-12,3784.31,4081.438167,4118.225833,-7.558585,-8.455888,-0.205797,-3.424778,-1.868141,4.754478,1.640986,-7.282966
2022-10-13,3752.67,4071.958333,4114.568333,-8.165646,-9.206634,0.060206,-3.292094,-1.800983,5.903783,2.497955,-6.501238
2022-10-14,3842.47,4063.965,4111.682667,-5.604371,-6.771696,-2.625735,-8.161303,-1.416106,4.34536,0.102538,-8.68634
2022-10-17,3846.41,4057.263,4109.01625,-5.336836,-6.60434,-5.697965,-9.189465,-1.37141,4.351211,-0.211626,-8.779875
2022-10-18,3838.27,4049.691,4106.544333,-5.361884,-6.756014,-5.649182,-5.464099,0.719088,4.377698,0.721679,-8.58642
2022-10-19,3776.53,4041.4775,4104.092167,-6.780474,-8.317897,-3.21898,-2.648813,1.520476,6.194631,2.368312,-7.09196
2022-10-20,3754.93,4032.663,4102.084667,-7.135731,-8.842566,-3.352299,-2.891798,1.682993,8.164894,2.957179,-6.557512
2022-10-21,3742.89,4024.4435,4099.831667,-7.25286,-9.108788,-5.535568,0.646602,1.55561,10.034487,3.288368,-6.25693
2022-10-24,3633.37,4014.3625,4098.318833,-9.971796,-12.041626,-3.491499,3.831926,3.668361,12.986831,6.40177,-3.43125
2022-10-25,3627.45,4004.609333,4097.01325,-9.891611,-12.172831,0.185083,3.304724,3.843101,12.982254,6.575418,-3.27365
2022-10-26,3656.9,3994.791333,4095.024583,-8.837555,-11.315693,0.570167,1.556636,3.139511,12.793969,5.717137,-4.052613
2022-10-27,3631.14,3984.893,4092.608167,-9.296381,-11.963581,0.460501,1.491111,3.402354,14.113056,6.467115,-3.371944
2022-10-28,3541.33,3973.487333,4088.650583,-11.514177,-14.371262,6.182169,6.745196,6.410462,17.090354,9.167177,-0.921405
2022-10-31,3508.7,3962.464,4084.471333,-12.162046,-15.19467,7.323425,7.818054,6.203089,16.951438,10.182404,3.575968
2022-11-01,3634.17,3953.222167,4082.182583,-8.415024,-11.625104,3.119641,6.183187,5.728193,14.373426,6.378348,0.377803
2022-11-02,3677.81,3946.068667,4080.519,-7.040234,-10.390672,0.986469,4.169289,4.654498,12.826886,5.116088,-0.813256
2022-11-03,3647.9,3939.084,4078.252583,-7.679655,-11.151695,1.030609,4.574792,6.548297,12.693777,6.767455,1.035938
2022-11-04,3767.17,3933.511167,4076.508833,-4.32084,-7.891689,0.563027,0.909008,2.71759,8.145779,3.387158,-2.162897
2022-11-07,3775.3,3927.151,4074.980167,-3.943438,-7.638603,0.494629,-0.163564,4.444554,8.109882,4.544804,-2.373586
2022-11-08,3749.33,3920.505333,4072.98625,-4.46434,-8.27993,3.063546,0.538378,5.673543,8.35733,5.837576,-1.69737
2022-11-09,3714.27,3913.138333,4070.967333,-5.215754,-9.169849,3.18282,1.582874,6.366785,10.630346,6.836606,-0.769465
2022-11-10,3685.69,3906.070833,4068.299,-5.807421,-9.876722,3.544182,1.911244,7.157918,10.806706,7.665051,1.290125
2022-11-11,3788.44,3899.319167,4066.603417,-2.884764,-7.085378,0.345981,-0.334734,5.389994,8.960341,5.5379,-1.457064
2022-11-14,3794.02,3892.700333,4064.89025,-2.567695,-6.89606,-0.658194,-1.614965,4.115994,8.854661,5.382681,-1.601995
2022-11-15,3865.97,3887.371833,4063.126667,-0.552069,-4.974017,-2.525168,-0.454995,2.040869,6.453577,3.421392,-3.433291
2022-11-16,3834.39,3881.647667,4061.29675,-1.224936,-5.749196,-1.599946,0.485209,3.094243,6.538755,4.27317,-2.637968
2022-11-17,3818.66,3875.009333,4060.126,-1.46485,-6.131443,-1.632938,1.973505,3.431967,5.498528,4.702697,-2.23691
2022-11-18,3801.57,3868.7005,4058.612583,-1.750452,-6.542705,-0.680716,1.808582,3.937175,8.370795,5.173389,-1.797415
2022-11-21,3769.13,3862.334833,4056.746667,-2.442767,-7.353713,-0.956772,4.608119,3.239237,9.490176,6.078591,-0.952209
2022-11-22,3769.57,3855.471,4054.815583,-2.253224,-7.294427,2.070174,5.135165,1.564796,8.571972,6.066209,-0.96377
2022-11-23,3773.53,3849.011833,4052.6865,-1.980555,-7.136909,2.085154,4.783911,1.499488,8.386592,5.954902,-1.067701
2022-11-24,3756.81,3843.585,4049.89725,-2.283533,-7.512132,3.606443,5.246674,2.086778,7.787137,6.426463,-0.627394
2022-11-25,3775.78,3837.910667,4047.335583,-1.632114,-6.94518,2.489297,5.724728,1.379296,6.858775,5.891763,-1.126655
2022-11-28,3733.24,3831.672167,4044.366167,-2.602482,-8.004835,5.56489,5.73096,2.910432,8.623382,7.098392,2.544171
2022-11-29,3848.42,3827.653833,4041.718917,0.541064,-4.90074,3.064992,2.495864,1.019363,6.987354,3.893026,-0.524891
2022-11-30,3853.04,3823.941333,4039.0015,0.758079,-4.713506,2.698756,2.609034,0.471759,6.644202,3.768453,-0.644167
2022-12-01,3894.77,3820.8735,4036.292833,1.915557,-3.569203,1.640231,1.458462,-0.982273,5.877594,2.65664,-1.708702
2022-12-02,3870.95,3817.993667,4033.7535,1.377489,-4.119738,3.235431,2.128594,0.017565,5.968217,3.28834,-1.103863
2022-12-05,3946.88,3816.714833,4031.31925,3.353533,-2.116829,0.166069,-1.368881,-1.505623,2.55075,1.301281,-3.006425
2022-12-06,3968.2,3815.927667,4029.476333,3.912879,-1.532383,-0.569128,-3.57037,-1.914537,1.647312,0.757018,-3.527544
2022-12-07,3958.44,3814.363667,4027.277417,3.707616,-1.724056,-0.089722,-3.284422,0.255834,1.539458,1.005447,-3.28968
2022-12-08,3959.18,3812.767,4024.61875,3.768176,-1.639325,-0.181768,-3.159896,0.546848,0.20085,0.986568,-3.307756
2022-12-09,3998.24,3812.109667,4022.52025,4.767151,-0.605437,-1.106837,-4.345432,0.371473,0.261024,0.372164,-4.252371
2022-12-12,3953.44,3809.7705,4019.556917,3.701713,-1.658559,-1.534951,-2.820528,1.606627,0.787594,1.619602,-3.167368
2022-12-13,3945.68,3807.013333,4016.350667,3.577633,-1.775239,-3.001241,-1.4765,1.617741,1.039268,1.819458,-2.976927
2022-12-14,3954.89,3805.172167,4013.261667,3.859155,-1.465151,-3.1947,-2.137275,1.579912,-0.398782,1.592459,-3.20287
2022-12-15,3951.99,3803.92,4010.606417,3.818714,-1.472321,-2.978127,-2.440735,3.049934,0.172675,3.096921,-3.13184
2022-12-16,3954.23,3804.279167,4007.359333,3.865936,-1.334661,-3.238595,-2.111029,4.541702,-0.38387,4.646417,-3.186714
2022-12-19,3893.22,3803.6995,4003.17975,2.326243,-2.78524,-1.285577,-0.136741,6.079232,2.264305,6.286313,-1.669569
2022-12-20,3829.02,3801.969167,3998.05275,0.708976,-4.319853,1.524741,1.655833,7.574357,4.354546,8.068383,-0.020893
2022-12-21,3830.54,3800.749333,3992.552917,0.780755,-4.142507,1.057425,3.540256,8.154969,5.301363,8.496713,-0.060566
2022-12-22,3836.03,3800.194167,3987.675167,0.938582,-3.877042,0.537392,3.706743,8.623923,4.859612,9.006707,-0.203596
2022-12-23,3828.22,3799.730833,3982.201917,0.746971,-3.943497,1.127566,4.716905,9.300596,4.700956,9.746828,0.39888
2022-12-26,3843.49,3799.844333,3977.008333,1.142071,-3.414905,1.148836,4.427154,7.837917,3.979105,9.310809,0.343698
2022-12-27,3887.85,3799.770167,3971.940167,2.291572,-2.139838,0.131092,3.094242,7.62587,2.997188,8.063583,-0.801214
2022-12-28,3871.26,3800.479333,3966.787833,1.845284,-2.437662,2.482831,3.717188,7.700629,4.230073,8.526681,-0.376105
2022-12-29,3856.7,3800.972,3962.060583,1.455507,-2.695234,3.169352,5.490669,7.127753,4.913459,8.936396,0.387119
2022-12-30,3871.63,3802.084333,3957.29525,1.812618,-2.188517,3.589339,6.652731,5.410624,5.500872,8.51631,0.420236
2023-01-03,3887.9,3804.867,3952.787917,2.158813,-1.655197,3.278319,6.215973,5.17095,5.387606,8.062193,0.12989
2023-01-04,3892.95,3807.621333,3948.940667,2.216255,-1.428013,2.96315,5.918524,4.598324,5.09999,7.922013,1.942743
2023-01-05,3968.58,3810.6925,3946.065333,4.059742,0.568938,1.234356,4.614713,4.007727,3.824062,5.865322,0.310187
2023-01-06,3980.89,3814.496167,3943.22725,4.269682,0.950593,2.321318,4.91718,3.10194,3.065404,5.537958,0.731997
2023-01-09,4013.12,3817.340333,3940.652667,5.001506,1.822263,3.063392,4.583691,3.198874,2.145456,4.690366,-0.076997
2023-01-10,4017.47,3820.191333,3938.727167,5.035184,1.979473,2.937655,3.410763,3.13204,1.967343,4.57701,-0.185191
2023-01-11,4010.03,3823.054,3936.3725,4.774914,1.853911,2.955374,4.531629,2.794967,1.459363,4.771037,0.19551
2023-01-12,4017.87,3827.076333,3934.276917,4.865076,2.10248,3.380357,3.983442,1.8646,1.828194,4.566599,1.406467
2023-01-13,4074.38,3832.4005,3932.53175,6.122722,3.543516,2.595862,1.637084,-0.983373,1.824034,3.116302,-0.978554
2023-01-16,4137.96,3838.985,3931.71425,7.49949,5.112739,1.520299,-1.242107,-0.108083,0.580002,1.531914,-2.500024
2023-01-17,4137.24,3847.382833,3930.872667,7.263577,5.116745,0.473108,-1.045023,0.171706,-0.306955,1.549584,-2.483056
2023-01-18,4130.31,3855.763833,3930.186583,6.878334,4.966556,1.576254,-1.3202,-0.56718,-0.419491,1.719968,-2.319438
2023-01-19,4156.01,3864.082333,3929.436833,7.283126,5.605936,0.603085,-0.606986,-1.267866,-3.015159,1.09095,-2.923477
2023-01-20,4181.53,3873.2555,3929.07425,7.658184,6.227337,-0.958778,-1.815239,-2.923565,-4.873229,0.473989,-3.515938
2023-01-30,4201.35,3884.255833,3928.871583,7.847449,6.705365,-2.762406,-1.384817,-3.821117,-5.848786,-0.129006,-3.971105
2023-01-31,4156.86,3895.0585,3928.76125,6.505128,5.643581,-1.518132,-0.278723,-2.124967,-4.871042,0.939892,-2.943327
2023-02-01,4195.93,3904.421167,3928.821667,7.200546,6.577546,-2.896455,-1.736661,-1.65788,-5.071985,-0.352246,-3.847061
2023-02-02,4181.15,3912.810167,3929.439417,6.63305,6.208955,-1.210071,-2.118842,-1.528186,-3.704578,-0.857659,-3.507169
2023-02-03,4141.63,3921.039,3930.0615,5.473276,5.243436,-0.856462,-2.620457,-0.267886,-2.726102,0.088371,-2.586421
2023-02-06,4086.88,3926.3675,3929.939333,4.006714,3.915785,1.377589,1.134024,0.540028,-1.727636,1.429208,-1.281418
2023-02-07,4094.23,3931.683,3929.417,4.051109,4.10876,1.239408,1.21673,-1.114578,-0.774073,1.247121,-1.458638
2023-02-08,4076.14,3937.129833,3928.817583,3.469847,3.681195,1.159793,0.75302,-1.036475,-1.191028,1.696458,-1.031123
2023-02-09,4130.86,3944.073,3928.605667,4.627167,5.020105,-0.908771,-0.66088,-2.724103,-3.297406,0.349322,-2.687334
2023-02-10,4106.31,3951.083333,3928.577083,3.853501,4.424752,-1.763996,-1.108325,-3.447938,-2.856818,0.949271,-3.389174
2023-02-13,4143.57,3957.002167,3928.160667,4.607103,5.338644,-0.243565,-2.4363,-3.309323,-5.09457,0.04151,-4.257923
2023-02-14,4145.29,3962.856667,3927.7785,4.50076,5.389875,-0.022679,-1.846244,-3.951072,-3.595593,-0.022676,-4.297649
2023-02-15,4123.69,3967.152,3927.261917,3.869994,4.880592,-0.406773,0.078782,-3.373441,-3.591642,0.501008,-3.796357
2023-02-16,4093.49,3971.470333,3926.559,3.026152,4.163444,0.247891,0.590656,-3.843294,-3.311095,1.242461,-3.770377
2023-02-17,4034.51,3975.067833,3925.038583,1.484304,2.750868,0.65567,2.352571,-1.893886,-1.963375,2.722512,-2.363608
2023-02-20,4133.49,3980.599833,3924.650167,3.768957,5.184487,-2.192735,-0.593996,-4.817489,-4.678974,0.262732,-4.703289
2023-02-21,4144.35,3986.8535,3924.594167,3.874364,5.448301,-1.823565,-2.331307,-3.986633,-4.314865,-0.332983,-4.953008
2023-02-22,4106.95,3992.4765,3923.97375,2.826895,4.557581,0.485555,-1.789495,-2.652631,-4.832776,0.574636,-4.087461
2023-02-23,4103.65,3997.9785,3923.495167,2.608796,4.489394,0.342765,-2.063223,-1.58574,-6.144542,0.655514,-4.010332
2023-02-24,4061.05,4003.049167,3923.317083,1.43852,3.450407,1.696901,-2.339613,-0.840746,-5.323855,1.71138,-3.00341
2023-02-27,4043.84,4007.516833,3922.71375,0.902293,3.041104,1.598739,-0.873023,-0.778523,-4.887486,2.144249,-2.590607
2023-02-28,4069.46,4013.1205,3922.396333,1.394119,3.680754,-0.507742,-2.104829,-1.733846,-5.961732,1.501182,-3.203865
2023-03-01,4126.94,4017.7625,3922.708167,2.681106,5.075394,-2.27505,-3.452223,-2.970803,-7.264995,0.087474,-4.552041
2023-03-02,4117.74,4022.174167,3923.05775,2.348188,4.843308,-2.405988,-4.433951,-1.94237,-8.068769,0.311093,-4.338788
2023-03-03,4130.55,4026.103833,3923.488667,2.561145,5.142935,-4.036514,-4.246457,-1.946409,-8.160324,-0.52148,-4.63546
2023-03-06,4109.01,4030.0715,3924.032583,1.939801,4.606228,-2.471762,-4.223493,-0.44978,-6.204096,-0.44877,-4.135546
2023-03-07,4048.85,4031.771,3924.242917,0.422716,3.125945,-1.597086,-1.655326,1.331233,-5.185436,1.340134,-2.71114
2023-03-08,4034.11,4032.8695,3924.398583,0.030755,2.75726,-1.177172,-0.863136,1.538142,-5.763957,1.710414,-2.355662
2023-03-09,4019.85,4033.893,3924.128333,-0.348733,2.410034,-2.027962,0.477483,2.540437,-5.905273,2.572982,-2.009279
2023-03-10,3967.14,4034.025667,3923.396333,-1.671937,1.108774,-0.209943,1.498867,3.411402,-3.774527,3.935833,-0.707311
2023-03-13,4008.69,4034.199833,3923.15475,-0.634347,2.156839,-1.751731,0.0945,2.255905,-4.385188,2.85854,-1.736478
2023-03-14,3984.7,4034.720833,3922.245667,-1.247509,1.579766,-0.05824,0.370983,2.786375,-3.583668,3.477803,-1.144879
2023-03-15,3986.9,4035.407833,3921.210583,-1.209338,1.661356,0.314036,0.48142,2.037837,-3.107559,3.420703,-1.199428
2023-03-16,3939.15,4035.1455,3920.158833,-2.40774,0.483279,2.505446,2.49158,3.806888,-1.925687,4.674359,-0.001777
2023-03-17,3958.82,4035.259333,3919.589667,-1.912457,0.995903,1.70881,2.300048,4.701292,-0.845227,4.813556,-0.498633
2023-03-20,3939.08,4035.006833,3919.643,-2.40608,0.494662,1.846231,3.773713,5.505574,0.614243,5.659951,1.099241
2023-03-21,3982.38,4036.492833,3920.096167,-1.349657,1.576344,0.429222,2.986559,3.507972,-1.300868,4.511121,0.428387
2023-03-22,3999.44,4039.333167,3920.651167,-0.992527,1.98966,0.167383,2.401277,2.80032,-1.898165,4.065319,0.00175
2023-03-23,4039.09,4042.809,3921.779167,-0.092033,2.9474,-0.013865,2.062954,-0.161553,-4.430874,3.043755,-0.979924
2023-03-24,4027.05,4045.992667,3923.093417,-0.469283,2.615362,0.591239,1.912536,-1.108918,-5.548365,3.351833,-1.102792
2023-03-27,4012.48,4049.063667,3924.39725,-0.907616,2.219673,1.927482,2.161405,-1.249146,-4.252407,3.727121,-1.241377
2023-03-28,3999.51,4051.664,3925.754167,-1.295581,1.861338,2.557337,2.415393,-1.012229,-4.049118,4.063498,-1.007123
2023-03-29,4006.14,4053.6355,3926.702833,-1.178595,2.002808,2.233894,1.556417,-0.443302,-4.70962,3.891277,-1.170953
2023-03-30,4038.53,4056.423333,3928.451333,-0.442087,2.763548,2.07682,1.315308,-0.234022,-4.977058,3.058043,-1.963586
2023-03-31,4050.93,4059.6605,3930.31625,-0.215287,3.022659,1.321297,2.401244,-0.511808,-3.979724,2.74258,-2.263678
2023-04-03,4090.57,4063.3095,3932.696917,0.668654,3.93589,0.233923,1.731861,-1.817884,-4.796165,1.746945,-3.210799
2023-04-04,4103.11,4066.896333,3935.881667,0.886509,4.161031,-0.141944,0.521412,-0.990729,-5.879826,1.435984,-3.506608
2023-04-06,4096.64,4070.291167,3938.95625,0.645259,3.925135,-0.677477,0.399043,-1.692694,-6.397887,1.596186,-3.354212
2023-04-07,4123.28,4072.8695,3941.781,1.230118,4.501631,-0.761512,-2.224507,-3.113741,-7.490751,0.939786,-3.978629
2023-04-10,4104.81,4074.934833,3944.7155,0.73047,3.978262,1.079947,-3.021454,-2.820283,-6.556012,1.393974,-3.546571
2023-04-11,4100.15,4076.385333,3946.862833,0.581291,3.810251,1.497938,-3.410552,-4.041152,-5.790084,1.509213,-3.960587
2023-04-12,4097.29,4077.715667,3948.9535,0.478883,3.687517,0.663357,-3.427622,-2.430896,-6.395798,1.580069,-3.893549
2023-04-13,4068.98,4078.698167,3950.876083,-0.238551,2.945501,1.07652,-1.999719,-2.256038,-4.282101,2.286814,-3.224887
2023-04-14,4092,4079.933667,3953.505,0.295312,3.443132,-1.462996,-1.54933,-3.274689,-4.828809,1.711388,-3.769306
2023-04-17,4149.38,4081.183667,3956.792083,1.657186,4.752531,-4.101401,-2.913052,-4.770782,-7.043595,0.304865,-5.100039
2023-04-18,4162.03,4081.584833,3960.284917,1.951758,4.968696,-4.90849,-3.549745,-5.367059,-7.664749,-0.900282,-5.388476
2023-04-19,4124.56,4081.3735,3964.378167,1.052577,3.961034,-4.090979,-1.512142,-3.836203,-6.866025,-0.279787,-4.528968
2023-04-20,4113.02,4081.085333,3968.424583,0.779459,3.578837,-3.076239,-2.091737,-4.980465,-7.294163,-1.224404,-4.858474
2023-04-21,4032.57,4079.028,3971.555167,-1.145483,1.524614,-0.086335,-0.889234,-4.397249,-5.365359,0.746174,-4.301971
2023-04-24,3982.64,4075.713167,3974.484333,-2.310083,0.20499,1.188349,0.201171,-3.374191,-4.557111,2.00922,-3.3179
2023-04-25,3962.67,4071.735167,3977.9955,-2.71512,-0.386001,1.358744,-0.630601,-2.859817,-1.207206,2.523299,-2.830667
2023-04-26,3959.23,4068.441333,3981.749917,-2.72104,-0.567184,2.578837,0.996726,-3.215657,-1.327719,2.612377,-3.164504
2023-04-27,3988.42,4064.982833,3984.702,-1.901436,0.093263,0.984502,-0.256319,-3.850891,-2.181623,1.861389,-3.873213
2023-04-28,4029.09,4062.4485,3987.629333,-0.824533,1.034364,-0.802899,-1.725359,-5.892376,-0.906283,0.833191,-5.722136
2023-05-04,4030.25,4060.592167,3990.815583,-0.750041,0.983279,-0.987178,-1.85773,-5.702108,-0.388322,0.804168,-5.749271
2023-05-05,4016.88,4059.4255,3992.8965,-1.053598,0.598857,-1.989345,-1.817314,-3.936432,-0.471125,1.139691,-5.435562
2023-05-08,4062.66,4058.899333,3995.291167,0.092609,1.672147,-1.582111,-2.324062,-5.525941,-2.309703,-0.856089,-6.501159
2023-05-09,4027.88,4058.095,3997.612417,-0.747347,0.75429,-1.240821,-2.888728,-5.609405,-0.57016,-0.719733,-5.693814
2023-05-10,3996.87,4055.861833,3999.967417,-1.465165,-0.077466,-0.92246,-3.508015,-5.331969,0.591462,0.05054,-5.192313
2023-05-11,3990.66,4053.934333,4002.508833,-1.573122,-0.296474,-0.870552,-3.575362,-4.365647,-0.012781,0.206232,-5.04478
2023-05-12,3937.76,4050.504167,4003.753167,-2.822933,-1.662018,0.172031,-2.229216,-2.599941,1.060194,1.552405,-3.769148
2023-05-15,3998.89,4048.064167,4005.460417,-1.222196,-0.164171,-0.741951,-4.212383,-3.939148,-0.786301,-0.517144,-5.240204
2023-05-16,3978.21,4045.6395,4006.39575,-1.680767,-0.706005,-1.647907,-3.594571,-2.889357,-0.062611,-0.223216,-4.747613
2023-05-17,3960.17,4043.4175,4007.443917,-2.08033,-1.186666,-2.585555,-4.167017,-2.457886,-1.935704,0.231303,-4.313704
2023-05-18,3956.07,4042.110167,4008.589,-2.151577,-1.31882,-2.70481,-3.844378,-0.775738,-2.564407,0.335181,-4.214536
2023-05-19,3944.54,4038.961,4009.780417,-2.365514,-1.640414,-2.401247,-2.119118,0.475728,-2.51583,0.628464,-3.934553
2023-05-22,3969.33,4036.044,4011.44875,-1.666769,-1.055515,-3.470432,-3.201879,-0.972636,-3.878416,-0.150655,-4.534518
2023-05-23,3913.19,4032.814667,4012.645583,-3.011166,-2.509787,-1.946664,-2.720677,0.28198,-2.120093,1.281819,-3.164937
2023-05-24,3859.09,4028.738667,4013.358583,-4.302194,-3.919704,-1.581462,-1.823954,0.127928,-1.964975,2.701673,-1.807421
2023-05-25,3850.5,4025.2295,4014.139333,-4.437892,-4.161995,-1.139568,-0.790285,-1.065256,-3.191275,2.930788,-1.588365
2023-05-26,3850.95,4022.014667,4014.76575,-4.346307,-4.165913,0.282129,-0.370725,-0.143444,-2.437177,2.91876,-1.599865
2023-05-29,3833.94,4018.089333,4015.604917,-4.69135,-4.629501,0.268553,0.273235,0.178768,-3.64714,3.375379,-1.163294
2023-05-30,3837.75,4013.2695,4015.516,-4.471999,-4.52796,-0.774012,0.705214,-0.415428,-3.024097,3.272751,-1.261416
2023-05-31,3798.54,4007.9495,4015.061833,-5.366298,-5.543597,-0.242492,1.709131,1.14934,-2.381404,4.338772,-0.242198
2023-06-01,3806.87,4002.554833,4014.329333,-5.012554,-5.306296,0.349283,3.06864,2.234191,-1.435307,4.110463,-0.460483
2023-06-02,3861.83,3998.435167,4014.253333,-3.476191,-3.87102,-0.652854,2.594846,0.958151,-1.874612,2.628806,-1.877089
2023-06-05,3844.25,3995.025167,4013.398083,-3.847135,-4.305976,0.004682,2.229243,0.636844,-1.460572,3.098134,-1.428367
2023-06-06,3808.16,3991.259333,4012.064417,-4.696067,-5.215979,1.479226,3.002657,0.904212,-1.132656,4.075196,-0.494202
2023-06-07,3789.34,3987.4175,4010.65525,-5.095192,-5.676277,1.951623,1.951882,0.95496,0.056722,4.592093,0.537297
2023-06-08,3820.19,3984.968333,4009.497,-4.222921,-4.836564,2.719357,-0.274971,0.629918,0.750022,3.747458,-0.274594
2023-06-09,3836.7,3982.101833,4008.150833,-3.719716,-4.371737,3.247701,0.227281,0.851009,-0.427843,3.301014,-0.70373
2023-06-12,3844.43,3979.764,4007.242417,-3.459717,-4.147798,2.22456,-0.094467,-0.025755,-0.846349,3.093306,-0.903385
2023-06-13,3864.91,3977.730833,4006.569333,-2.877312,-3.599695,1.523431,-1.120641,0.863295,-2.792644,2.547019,-1.428494
2023-06-14,3864.02,3976.478667,4005.812083,-2.868858,-3.603824,0.000259,-0.559791,0.903766,-3.262515,2.570639,-1.40579
2023-06-15,3925.5,3975.923333,4005.591333,-1.276327,-2.019749,-2.994329,-0.834449,-1.497076,-4.107146,0.964208,-2.949943
2023-06-16,3963.35,3976.327833,4005.667333,-0.326911,-1.062056,-3.02042,-1.636695,-2.773418,-5.251111,-0.8185,-3.876771
2023-06-19,3930.91,3975.47,4005.981417,-1.127203,-1.891765,-2.319027,-1.592399,-2.057185,-5.068146,-0.169681,-3.08351
2023-06-20,3924.24,3974.216667,4006.774917,-1.265496,-2.081396,-2.644072,-2.098445,-2.595678,-4.982389,-0.640634,-2.918782
2023-06-21,3864.03,3971.299,4007.054,-2.738256,-3.634563,-0.56005,-0.996922,-1.096038,-4.10077,0.907602,-1.406045
2023-06-26,3809.7,3967.6765,4006.834583,-4.063021,-5.04511,2.15988,0.904889,-0.117664,-2.175634,2.346641,-0.117595
2023-06-27,3845.43,3964.892333,4006.978,-3.059327,-4.115191,1.383724,0.623729,1.796055,-3.302736,1.812281,-1.045657
2023-06-28,3840.8,3962.247167,4006.955583,-3.113065,-4.235107,0.726629,0.068712,1.70917,-3.58112,1.935014,-0.92637
2023-06-29,3821.84,3959.1755,4006.4055,-3.530381,-4.716247,0.545627,1.983936,2.084695,-3.987569,2.440709,-0.434869
2023-06-30,3842.45,3955.9075,4006.165417,-2.909985,-4.172434,-0.436873,1.463557,3.836753,-2.731071,3.911307,-0.968913
2023-07-03,3892.88,3953.273333,4006.466917,-1.539468,-2.876054,-1.254991,-0.662627,3.079595,-4.687824,3.127505,-2.251803
2023-07-04,3899.01,3950.080667,4006.695083,-1.301333,-2.724406,-0.759996,-1.136723,2.507156,-5.431333,2.965368,-2.405482
2023-07-05,3868.81,3946.175667,4006.536,-1.979996,-3.498006,-0.657917,-0.464787,2.579394,-4.447902,3.769118,-1.643658
2023-07-06,3842.75,3941.944167,4006.117667,-2.548579,-4.163435,1.438309,-0.497233,4.135033,-4.069189,4.472838,-0.976644
2023-07-07,3825.7,3936.9845,4004.927,-2.867362,-4.57839,1.90043,-0.099116,4.968471,-3.75442,5.09397,-0.535327
2023-07-10,3844.33,3932.643167,4003.789,-2.271243,-4.064183,0.592364,-1.022553,3.722949,-4.992065,4.584674,-1.017342
2023-07-11,3869.49,3928.798833,4002.592083,-1.521102,-3.381946,-0.376727,1.172326,2.809126,-5.359885,3.904649,-1.660942
2023-07-12,3843.44,3924.568,4001.141833,-2.088848,-4.021198,0.19313,1.640458,3.178602,-3.739194,4.608892,-0.994422
2023-07-13,3898.42,3921.725333,4000.21175,-0.596035,-2.577595,-1.935542,0.100759,1.963452,-6.217694,3.133577,-2.390712
2023-07-14,3899.1,3918.510333,3999.222,-0.496581,-2.535408,-1.999546,2.373195,-0.381584,-7.245019,3.115591,-2.407735
2023-07-17,3867.17,3913.806833,3997.49525,-1.198754,-3.3145,-1.614917,3.742222,-0.291594,-6.070414,3.966984,-1.601947
2023-07-18,3854.94,3908.688667,3995.13675,-1.38465,-3.572237,1.549054,3.643879,-0.21814,-6.548702,4.296824,-1.289774
2023-07-19,3850.87,3904.127167,3992.750333,-1.373514,-3.61812,1.447328,3.044181,-0.848594,-8.59989,4.407056,-1.185446
2023-07-20,3823.69,3899.305,3990.195167,-1.958241,-4.262422,2.036301,4.632266,0.193604,-8.543181,5.149215,-0.483041
2023-07-21,3821.91,3895.794,3987.411,-1.914721,-4.239185,4.372741,5.067587,-0.996865,-9.537455,5.198186,-0.991912
2023-07-24,3805.22,3892.837,3984.275083,-2.276439,-4.598158,5.357138,4.745502,-2.008354,-8.729476,5.659594,-1.988321
2023-07-25,3915.12,3892.0445,3981.889833,0.591138,-1.691056,2.094826,1.6368,-4.089788,-11.080954,2.693659,-4.739574
2023-07-26,3907.01,3891.174167,3979.80775,0.406142,-1.846114,1.596853,1.538144,-5.535078,-10.597755,2.906826,-5.38468
2023-07-27,3902.35,3889.739667,3977.36125,0.32367,-1.903966,2.595965,1.862693,-4.693365,-9.114727,3.029713,-5.271695
2023-07-28,3992.74,3889.133833,3975.791167,2.629124,0.425395,0.694846,-2.75478,-7.367497,-10.806239,0.697266,-7.41621
2023-07-31,4014.63,3888.8735,3974.732833,3.182566,0.998765,-0.611636,-4.033815,-6.749093,-11.667676,0.148208,-7.921029
2023-08-01,3998,3888.558833,3973.992167,2.775563,0.602306,-0.458026,-3.862019,-5.339919,-11.294017,0.564782,-7.538019
2023-08-02,3969.9,3887.012833,3972.956083,2.109995,-0.076952,-0.058709,-3.892775,-4.67681,-11.061372,1.276606,-6.883549
2023-08-03,4004.98,3886.631167,3972.363083,2.999583,0.817743,-0.733272,-4.438662,-6.171901,-11.102003,0.389515,-7.699165
2023-08-04,4020.58,3887.026333,3971.444083,3.378174,1.229639,-3.449626,-6.064452,-5.866709,-10.147477,-0.756856,-8.057295
2023-08-07,3990.15,3887.017833,3970.476083,2.618658,0.494282,-3.422179,-6.753856,-3.602844,-9.74211,-0.261143,-7.356114
2023-08-08,3979.73,3887.717333,3969.11075,2.33918,0.26719,-3.403993,-5.726588,-4.087979,-9.720985,-0.100761,-7.113548
2023-08-09,3967.57,3887.195333,3967.62975,2.046591,-0.001506,-3.834066,-7.073222,-3.999196,-9.366242,0.205415,-6.828865
2023-08-10,3975.72,3887.153833,3966.396667,2.252864,0.234782,-3.70539,-6.556058,-5.61939,-10.303186,-2.300715,-7.019861
2023-08-11,3884.25,3885.8885,3964.653,-0.042174,-2.048842,-2.614826,-4.612718,-3.784698,-8.173193,-0.729613,-4.830276
2023-08-14,3855.91,3884.219167,3963.164667,-0.731494,-2.743583,-3.331677,-2.715277,-2.318477,-7.366898,-0.180502,-4.130802
2023-08-15,3846.54,3882.585833,3960.773417,-0.932734,-2.926527,-2.322594,-1.4779,-2.259552,-6.422833,0.062654,-3.897269
2023-08-16,3818.33,3880.069167,3958.056583,-1.603983,-3.593999,-3.239156,-0.784035,-2.162367,-6.658671,0.801921,-3.187257
2023-08-17,3831.1,3878.701,3955.757833,-1.234834,-3.202023,-2.850668,-1.73324,-2.580316,-7.112713,0.465924,-3.509958
2023-08-18,3784,3877.4495,3953.094083,-2.439594,-4.371693,-1.997891,0.197743,-2.007867,-5.644731,1.716438,-2.308932
2023-08-21,3729.56,3875.433833,3950.331667,-3.836735,-5.750928,0.6164,3.151012,-0.049616,-4.062863,3.201182,-0.882946
2023-08-22,3758.23,3873.8885,3947.951583,-3.031068,-4.924876,0.844694,1.638609,-1.009003,-5.857357,2.413902,-1.639069
2023-08-23,3696.63,3871.6,3944.844667,-4.624626,-6.498798,2.455121,3.074026,0.244788,-3.723417,4.12051,0.245088
2023-08-24,3723.43,3869.694667,3941.482083,-3.853032,-5.691153,1.117429,0.936667,-1.3789,-5.108086,3.371085,-1.369436
2023-08-25,3709.15,3868.204833,3938.077167,-4.198779,-5.988984,2.195634,0.82802,0.799673,-5.463415,3.769058,-0.989715
2023-08-28,3752.62,3867.300667,3934.92775,-3.01025,-4.743826,2.534612,0.396801,-1.018326,-6.441382,2.567007,-2.136641
2023-08-29,3790.11,3866.105333,3932.27025,-1.985258,-3.682189,0.793915,-0.781652,-2.598569,-8.297766,1.552462,-3.104659
2023-08-30,3788.51,3865.176333,3930.10075,-2.00345,-3.669226,0.618905,-1.378331,-2.350486,-8.029614,1.59535,-3.063737
2023-08-31,3765.27,3864.4615,3927.860417,-2.600277,-4.227528,-0.180761,-0.847076,-2.03232,-7.796003,2.222417,-2.465427
2023-09-01,3791.49,3864.497333,3925.957417,-1.907254,-3.485117,-1.367614,-2.20561,-2.856183,-9.145003,1.515499,-3.139927
2023-09-04,3848.95,3864.976667,3924.9725,-0.415526,-1.955896,-2.137812,-3.200628,-5.11217,-12.571461,-0.743839,-4.983697
2023-09-05,3820.32,3864.703667,3923.40275,-1.155082,-2.662514,-1.575567,-2.647612,-4.081032,-11.667641,-0.216998,-4.271632
2023-09-06,3812.03,3864.163667,3921.963833,-1.358342,-2.843065,-1.997237,-2.829238,-2.9186,-11.695442,-1.167095,-4.063452
2023-09-07,3758.47,3862.389667,3920.06025,-2.727412,-4.209506,-0.666315,-2.315567,-2.561755,-10.039536,0.241322,-2.69631
2023-09-08,3739.99,3860.3225,3918.400583,-3.166779,-4.660062,-0.837996,-0.028346,-3.078737,-8.960322,0.736633,-3.031826
2023-09-11,3767.54,3857.689833,3916.806583,-2.364625,-3.885441,-1.062816,-1.415127,-3.460344,-9.479539,-0.184205,-3.740903
2023-09-12,3760.6,3854.310667,3915.31925,-2.461366,-4.031835,-1.072045,-1.816917,-4.071009,-10.978151,-0.576238,-3.989257
2023-09-13,3736.65,3851.073,3913.2715,-3.016232,-4.618424,-0.832001,-0.972154,-5.588929,-10.864424,0.061017,-5.435617
2023-09-14,3733.51,3847.894167,3911.055417,-3.017722,-4.645846,-1.649252,-1.185244,-6.15647,-11.091404,0.145172,-5.970789
2023-09-15,3708.78,3845.306667,3908.302833,-3.615038,-5.240024,0.809649,-0.650573,-6.532723,-10.791988,0.812936,-6.323912
2023-09-18,3727.71,3843.940167,3905.808333,-3.070382,-4.667066,-0.35231,-1.911542,-6.671506,-11.160932,0.300989,-6.799617
2023-09-19,3720.5,3841.858,3903.375167,-3.209804,-4.798354,-0.744872,-1.43342,-5.982162,-12.069346,0.495364,-6.619003
2023-09-20,3705.69,3839.606167,3900.926667,-3.550032,-5.134466,-0.140153,-0.089362,-5.307465,-10.663595,0.896999,-6.2458
2023-09-21,3672.44,3837.116167,3898.145833,-4.386479,-5.964472,0.464008,-0.246188,-3.042462,-9.571517,1.810513,-5.396957
2023-09-22,3738.93,3835.390833,3895.649167,-2.547187,-4.106086,-1.460222,-3.05039,-4.238416,-11.060061,-0.650721,-7.079298
2023-09-25,3714.6,3832.4195,3892.846417,-3.122533,-4.686962,-1.559231,-2.045217,-3.900257,-11.086449,-0.328972,-6.470683
2023-09-26,3692.89,3828.984167,3889.532417,-3.619019,-5.18796,-0.688549,-2.254093,-3.355528,-10.152896,0.25698,-5.920837
2023-09-27,3700.5,3826.179,3886.177333,-3.339871,-4.895804,0.050791,-4.616774,-4.034076,-8.042516,0.050804,-6.114309
2023-09-28,3689.52,3823.625167,3882.784667,-3.57026,-5.105623,-0.710196,-4.971225,-2.897781,-7.261254,0.348555,-5.834905
2023-10-09,3684.73,3821.275667,3879.130083,-3.638706,-5.141367,-1.590168,-5.88215,-1.424585,-8.444461,0.479004,-5.712495
2023-10-10,3657.13,3818.155667,3875.399417,-4.308881,-5.797005,-0.485985,-4.759964,-1.027096,-7.930606,1.237309,-5.000916
2023-10-11,3667.55,3814.79,3871.794417,-3.936175,-5.419421,-1.565544,-4.548742,-1.551974,-9.14445,0.94968,-5.270821
2023-10-12,3702.38,3812.439,3868.5035,-2.929329,-4.389188,-4.667565,-5.218103,-2.448446,-10.627086,-1.052566,-6.161982
2023-10-13,3663.41,3808.522167,3865.12375,-3.884682,-5.359929,-4.261029,-2.796274,-2.12204,-10.870513,-0.6554,-5.163768
2023-10-16,3626.6,3803.9805,3861.245417,-4.775245,-6.269421,-4.291982,-1.188025,-1.309759,-9.664842,0.352948,-4.20118
2023-10-17,3639.4,3800.184333,3856.995583,-4.323074,-5.80697,-4.273978,-1.85504,-1.588078,-10.485079,-0.186569,-4.538111
2023-10-18,3610.58,3796.111667,3852.400167,-5.010887,-6.482795,-2.983198,-1.101435,-0.092272,-9.125894,0.610151,-3.776125
2023-10-19,3533.54,3790.822833,3847.475,-7.02829,-8.511689,-0.550537,0.582699,1.092624,-7.318624,2.803704,-1.678204
2023-10-20,3510.59,3785.6045,3842.45475,-7.542147,-9.032731,1.464755,2.073444,1.624072,-6.766024,3.475769,-1.035438
2023-10-23,3474.24,3779.81,3837.802,-8.429799,-9.952406,3.103957,4.457565,2.895859,-5.118665,4.558407,0.371016
2023-10-24,3487.13,3774.5085,3833.67275,-7.919113,-9.474424,2.418938,3.732868,2.658259,-7.688178,4.171912,0.49697
2023-10-25,3504.46,3767.664167,3829.854333,-7.241878,-8.879033,1.881763,2.996768,1.133809,-6.780102,3.656769,0.276219
2023-10-26,3514.14,3761.116333,3826.14525,-6.792098,-8.5063,1.133236,2.769657,1.339259,-7.207213,3.371237,0.861662
2023-10-27,3562.39,3755.450333,3822.595,-5.277654,-7.049784,0.608689,0.674234,-0.686725,-10.139198,1.971149,-0.684372
2023-10-30,3583.77,3748.634167,3818.884,-4.497623,-6.354291,1.353608,-0.121734,-2.024673,-10.333584,1.362811,-2.004314
2023-10-31,3572.51,3741.2655,3815.0695,-4.615549,-6.569045,1.31393,0.266962,-1.522798,-8.630649,1.682291,-1.695447
2023-11-01,3571.03,3734.149333,3811.354083,-4.466597,-6.513046,1.115006,1.009164,-2.343669,-6.600939,1.724432,-2.316419
2023-11-02,3554.19,3727.220833,3807.116833,-4.753568,-6.874498,1.636421,0.509925,-1.645052,-6.40084,2.20641,-1.853587
2023-11-03,3584.14,3720.206833,3803.419,-3.726071,-5.938184,0.065545,-0.449372,-2.865902,-8.139681,1.352347,-2.825224
2023-11-06,3632.61,3713.740667,3800.3835,-2.208824,-4.515058,-1.475342,-1.561706,-4.864235,-11.282372,-0.35374,-4.747826
2023-11-07,3619.76,3707.5675,3797.292667,-2.396828,-4.788063,-1.046967,-1.074609,-6.432196,-11.847151,-0.191449,-6.229695
2023-11-08,3611.07,3701.423167,3794.57025,-2.471326,-4.956704,-0.105842,-1.862959,-6.034635,-11.53342,0.048739,-6.004038
2023-11-09,3612.83,3695.510833,3791.353083,-2.26274,-4.823157,-1.126496,-1.430398,-6.328397,-12.772656,-0.15445,-6.132312
2023-11-10,3586.49,3689.023667,3788.08875,-2.818783,-5.46876,-0.514917,-1.360959,-5.355741,-11.389196,0.578839,-5.442926
2023-11-13,3579.41,3683.943,3784.91575,-2.878566,-5.582565,-0.086364,-1.902939,-4.571826,-7.773935,0.777782,-5.255894
2023-11-14,3582.06,3679.378833,3781.799,-2.680589,-5.426177,-0.027642,-1.789761,-4.431117,-6.888101,0.703227,-5.325986
2023-11-15,3607.25,3675.390667,3778.98825,-1.871372,-4.651061,-1.757117,-3.352833,-6.81487,-6.953855,-0.725761,-6.587844
2023-11-16,3572.36,3671.291167,3775.680167,-2.731697,-5.53541,-0.303902,-2.154978,-6.368119,-4.833105,0.243816,-6.169591
2023-11-17,3568.07,3666.907333,3772.804167,-2.732378,-5.57937,-0.846041,-2.41653,-6.559006,-4.506331,0.364343,-6.34853
2023-11-20,3576.32,3663.446,3770.44775,-2.40699,-5.285942,-1.816575,-3.302529,-7.155124,-3.397078,0.132818,-6.905143
2023-11-21,3581.07,3660.971167,3768.2025,-2.206682,-5.093646,-1.762119,-5.357587,-7.147686,-2.671451,-0.545926,-7.028626
2023-11-22,3544.42,3657.407667,3765.648083,-3.138007,-6.054544,-1.595716,-4.171676,-7.220993,-1.55473,0.482448,-6.966443
2023-11-23,3561.52,3655.155833,3763.377917,-2.595131,-5.512952,-1.851076,-4.897999,-6.695389,-3.083975,-0.660111,-7.413127
2023-11-24,3538.01,3652.0655,3760.880083,-3.172848,-6.108857,-1.570488,-3.994783,-5.84233,-1.229113,-0.550875,-6.797889
2023-11-27,3511.94,3648.778667,3758.49175,-3.822391,-6.784916,-1.485954,-2.668887,-4.796973,-1.7719,0.187361,-6.106027
2023-11-28,3518.52,3644.877,3756.088833,-3.528217,-6.533777,-3.595468,-2.641357,-5.663393,-0.069371,-0.634358,-6.281618
2023-11-29,3488.31,3639.847,3752.976167,-4.252427,-7.313179,-2.57596,-3.462037,-4.453699,1.408769,0.226184,-5.469984
2023-11-30,3496.2,3634.975167,3750.07575,-3.892561,-7.009938,-3.046923,-4.213142,-2.363388,1.26958,-0.380985,-5.683313
2023-12-01,3482.88,3630.268667,3747.365083,-4.144712,-7.319341,-2.424294,-4.142477,-1.497571,2.344756,-0.652908,-5.322607
2023-12-04,3460.14,3624.746167,3744.62175,-4.647521,-7.901156,-1.182933,-3.852595,-2.155641,2.593428,-0.838983,-4.700388
2023-12-05,3394.26,3617.168,3741.072333,-6.360563,-9.728652,0.954111,-1.790099,-0.471315,3.913278,1.085656,-2.850695
2023-12-06,3399.6,3610.156,3737.429833,-6.009321,-9.474039,-0.886077,-3.049317,-1.557842,4.185499,0.926874,-3.003295
2023-12-07,3391.28,3603.1435,3733.653583,-6.059923,-9.617984,-1.166218,-1.79739,-1.850243,5.673862,1.174483,-2.765328
2023-12-08,3399.46,3597.16,3729.774833,-5.652805,-9.273127,-1.718182,-1.847547,-3.392732,5.661978,0.93103,-3.335824
2023-12-11,3419.45,3591.817667,3726.070083,-4.917867,-8.587436,-2.669662,-2.128086,-3.783256,4.374672,0.340991,-3.90092
2023-12-12,3426.8,3586.138667,3721.91425,-4.544916,-8.261124,-2.74421,-3.022037,-4.465884,3.875706,0.125773,-4.367632
2023-12-13,3369.61,3579.622167,3716.966417,-6.046024,-9.811085,-2.163241,-0.991662,-2.218752,5.776578,1.825137,-2.744531
2023-12-14,3351.96,3573.210667,3712.141833,-6.391929,-10.206377,-0.631172,1.849753,-2.043129,7.236867,2.361305,-2.232425
2023-12-15,3341.55,3566.678,3707.286083,-6.519986,-10.386532,-0.129365,2.644905,-1.83109,6.82658,2.680193,-1.927848
2023-12-18,3329.37,3560.3545,3702.830583,-6.707702,-10.631445,0.541577,1.696955,-0.8594,7.408137,3.055833,-1.569066
2023-12-19,3334.04,3553.793333,3698.86675,-6.38308,-10.384171,-0.277827,1.318784,-3.198751,7.148244,2.911483,-3.148133
2023-12-20,3297.5,3546.743333,3694.300667,-7.286521,-11.362667,1.171579,1.491476,-0.692918,7.237355,4.051857,-2.074905
2023-12-21,3330.87,3540.496333,3690.05125,-6.103339,-10.240682,2.480925,-0.052853,-1.851083,5.686248,3.009424,-3.055958
2023-12-22,3337.23,3534.9095,3686.012833,-5.754658,-9.940422,2.77427,-1.545184,-3.610144,6.004437,2.813111,-3.545755
2023-12-25,3347.45,3528.384833,3681.887833,-5.264135,-9.522676,1.155378,-1.655171,-3.511938,4.536093,2.499216,-3.840237
2023-12-26,3324.79,3521.888,3677.15375,-5.75907,-10.07325,1.596611,-1.443847,-1.444458,5.732717,3.197796,-3.184863
2023-12-27,3336.36,3515.945833,3672.465,-5.242818,-9.598271,0.319897,-1.227091,0.196428,5.853422,2.839921,-3.520603
2023-12-28,3414.54,3511.179833,3668.679417,-2.790933,-7.178898,-2.533778,-3.892883,-2.392399,5.1682,0.485278,-5.729615
2023-12-29,3431.11,3506.873,3665.249083,-2.184093,-6.601247,-4.319455,-4.475995,-3.776207,4.26689,-1.304534,-6.184879
2024-01-02,3386.35,3501.9,3661.587833,-3.355303,-7.814424,-2.810549,-2.556355,-4.262497,5.219651,-0.237719,-4.944852
2024-01-03,3378.3,3497.252833,3657.70425,-3.460513,-7.946307,-3.040459,-4.517536,-4.943641,4.573946,-0.925021,-4.823432
2024-01-04,3347.05,3491.911167,3653.350583,-4.236984,-8.756535,-1.546988,-2.184394,-3.940943,5.420669,-0.123392,-3.934808
2024-01-05,3329.11,3485.69,3649.0645,-4.596102,-9.176583,-1.359104,-1.79823,-4.594016,5.140278,0.414826,-4.490089
2024-01-08,3286.06,3479.400833,3643.9615,-5.717083,-10.338214,-0.156541,-2.064959,-2.640723,6.428439,1.73034,-3.238833
2024-01-09,3292.5,3473.8325,3638.9065,-5.36113,-10.003607,0.254194,-1.856767,0.581148,5.418902,1.531359,-3.428094
2024-01-10,3277.13,3467.794667,3633.9895,-5.655081,-10.336304,-1.477077,-0.00061,2.0089,7.972038,2.029215,-2.975164
2024-01-11,3295.67,3462.546167,3629.328917,-4.939472,-9.643827,-0.637406,1.423519,2.079767,6.332274,2.101545,-3.520984
2024-01-12,3284.17,3458.39,3624.606417,-5.168921,-9.863175,-0.439125,1.500484,3.578144,8.216229,3.64293,-3.183148
2024-01-15,3280.92,3454.562167,3620.083333,-5.157185,-9.837317,-1.908418,0.699788,3.883766,8.43857,3.96017,-3.087244
2024-01-16,3300.88,3451.672833,3615.741417,-4.466989,-9.110783,-2.110962,-1.706142,4.617446,7.040644,4.72571,-3.673263
2024-01-17,3229.08,3447.372,3610.94025,-6.541493,-11.177093,1.476467,-0.426105,7.674986,8.935553,7.977195,-1.531396
2024-01-18,3274.73,3443.543167,3605.603667,-5.026551,-9.625379,2.060925,-1.75655,6.359181,6.830311,6.565732,-2.904056
2024-01-19,3269.78,3439.4705,3600.293417,-5.059483,-9.629264,1.939609,-2.795787,5.462497,7.419841,6.727058,-2.757066
2024-01-22,3218.9,3433.745667,3594.598,-6.461201,-11.039248,2.608206,-0.575764,8.22336,9.23375,8.57094,-1.219982
2024-01-23,3231.93,3427.881667,3588.257917,-5.8863,-10.458734,0.404819,2.437915,6.537011,10.347535,8.133221,-1.618228
2024-01-24,3277.11,3422.958333,3582.111917,-4.354325,-8.899061,-1.902572,2.009511,7.03848,10.059162,7.292096,-2.974572
2024-01-25,3342.92,3419.1565,3576.652917,-2.254921,-6.758275,-3.817475,0.656248,5.666039,7.530787,5.829634,-4.884652
2024-01-26,3333.82,3415.483667,3571.35225,-2.420032,-6.882551,-4.735396,2.07766,6.025367,9.276495,6.210593,-4.625025
2024-01-29,3303.96,3410.814,3565.510417,-3.182922,-7.618547,-3.18397,3.183978,7.618535,10.207087,7.916258,-3.76306
2024-01-30,3245.04,3404.3545,3559.047583,-4.792767,-9.23653,2.033096,6.323588,9.011566,11.216558,9.875687,-2.015692
2024-01-31,3215.35,3397.614333,3552.590917,-5.51373,-9.974096,3.912083,8.101091,9.328233,13.077206,10.890261,-1.110921
2024-02-01,3217.71,3391.058333,3546.24075,-5.247214,-9.721817,4.473723,8.115731,9.684285,13.05076,10.808929,-1.18345
2024-02-02,3179.63,3383.838333,3539.674583,-6.224583,-10.726996,6.813055,8.258283,12.118122,14.197891,12.882945,0.65385
2024-02-05,3200.42,3377.403833,3533.21375,-5.382527,-9.892582,6.367948,8.799124,11.695433,13.337476,12.406809,3.476731
2024-02-06,3311.69,3372.941833,3528.442417,-1.832668,-6.33979,4.290492,4.099096,7.576781,9.068803,8.630035,0.964462
2024-02-07,3343.63,3368.968,3524.173417,-0.754942,-5.258887,4.189008,5.028969,6.33269,8.502553,7.592347,0.637032
2024-02-08,3364.93,3364.929333,3520.16,0.00002,-4.509928,3.642007,5.00979,5.915563,8.895381,6.911288,1.155448
2024-02-19,3403.81,3362.120167,3516.705667,1.232362,-3.262927,1.445228,3.947707,5.701853,8.099119,5.867543,0.206827
2024-02-20,3410.85,3359.499833,3513.203583,1.516942,-2.95668,2.431176,4.434557,4.773904,7.49072,5.649032,1.15543
2024-02-21,3456.87,3357.509,3510.4775,2.916423,-1.538851,-0.191396,2.687978,3.650091,6.375771,4.242566,-0.191213
2024-02-22,3486.67,3355.935667,3508.453417,3.821651,-0.622819,0.839961,1.227142,2.67201,4.352819,3.351622,-1.044263
2024-02-23,3489.74,3355.024333,3506.216,3.936821,-0.471016,1.367783,1.568554,1.571093,3.151764,3.260701,-1.131316
2024-02-26,3453.36,3353.221667,3504.18875,2.942609,-1.461137,2.502479,3.859838,2.074835,5.145675,4.348519,-0.089768
2024-02-27,3494.79,3352.501333,3502.283417,4.156655,-0.214187,2.003381,2.896309,1.39122,3.220454,3.111489,-1.274182
2024-02-28,3450.26,3351.473333,3500.126,2.904954,-1.434938,2.879374,3.477685,1.51102,4.623278,4.442274,1.522494
2024-02-29,3516.08,3351.432667,3498.154833,4.795882,0.511109,0.387181,1.303721,0.138695,2.200531,2.487145,-0.377978
2024-03-01,3537.8,3352.2575,3496.05225,5.387107,1.187066,0.200771,0.905773,-0.009046,1.183539,1.857934,-0.989598
2024-03-04,3540.87,3353.002,3493.988583,5.45164,1.332852,1.357359,1.754146,1.535232,1.343149,1.769622,-1.075442
2024-03-05,3565.51,3354.379167,3492.323917,6.10404,2.073971,0.892928,0.339347,0.424563,1.397008,1.066327,-1.759075
2024-03-06,3551.05,3355.894333,3490.32025,5.652503,1.724984,0.598311,0.962113,0.470582,1.224224,1.477873,-1.359035
2024-03-07,3529.72,3358.152,3487.66,4.982773,1.198752,0.91654,1.444868,0.189354,1.75602,2.091101,-0.76295
2024-03-08,3544.91,3360.573833,3485.364917,5.340103,1.694002,0.705002,0.002539,-0.322672,0.820342,1.653639,-1.188182
2024-03-11,3589.26,3363.8735,3483.5085,6.485292,2.990608,0.396787,-1.785004,-2.383828,-1.30061,0.397575,-2.409132
2024-03-12,3597.49,3367.174,3482.167,6.616256,3.258158,-0.553581,-1.505089,-2.626272,-1.494649,0.167895,-2.632391
2024-03-13,3572.36,3369.7225,3480.770083,5.839605,2.597288,0.363802,-1.966665,-2.739027,-1.302549,0.872532,-2.701855
2024-03-14,3562.22,3371.9795,3479.059083,5.488399,2.362207,0.528328,-1.165027,-0.369553,-0.582511,1.15967,-2.424892
2024-03-15,3569.99,3375.319167,3477.470667,5.607291,2.625759,-0.702463,-0.914819,-1.663057,-0.951009,0.939498,-2.637262
2024-03-18,3603.53,3379.512,3476.361333,6.41826,3.592777,-2.18179,-0.218914,-1.063767,-1.620934,-0.218674,-3.54347
2024-03-19,3577.63,3383.446667,3475.062333,5.580566,2.908815,-0.951508,0.085216,-0.2191,-1.375687,0.503685,-2.84518
2024-03-20,3585.38,3387.7135,3474.034,5.670926,3.154801,-2.330467,-0.491531,-1.226892,-2.316479,0.286441,-3.055185
2024-03-21,3581.09,3391.831,3472.812167,5.429733,3.070253,-1.693354,-1.255514,-1.411443,-2.415647,0.40658,-2.939049
2024-03-22,3545,3395.956,3471.349667,4.295285,2.099469,-0.212355,-0.325211,-1.099963,-1.942295,1.428773,-1.950917
2024-03-25,3525.76,3399.204167,3469.85025,3.655468,1.598458,1.962877,-0.598824,-0.11749,-1.943455,1.982268,-1.415865
2024-03-26,3543.75,3402.646167,3468.777833,4.063208,2.138317,1.036724,-1.121182,-0.38083,-1.807848,1.46455,-1.916332
2024-03-27,3502.79,3405.235167,3466.81,2.824579,1.032493,1.838937,-0.772362,2.299503,-1.399207,2.65103,-0.769387
2024-03-28,3520.96,3408.504667,3465.196333,3.246,1.596439,0.437841,0.795474,2.881987,-1.698544,2.923918,-1.281469
2024-03-29,3537.48,3411.856667,3463.90125,3.615799,2.101913,-0.112856,-0.748238,1.873794,-1.690544,2.443265,-1.742483
2024-04-01,3595.65,3414.875167,3463.0275,5.158384,3.758158,-2.5617,-0.844853,1.715896,-3.505447,1.730702,-3.332082
2024-04-02,3580.68,3417.368,3462.1205,4.668206,3.367146,-2.157906,-0.304315,2.163989,-3.329907,2.187573,-2.927935
2024-04-03,3567.8,3420.392167,3461.146083,4.219395,3.034939,-2.611298,-0.735362,1.734409,-3.479016,2.556477,-2.577499
2024-04-08,3536.41,3423.027333,3460.140083,3.258674,2.180301,0.357633,-0.155929,3.559619,-3.024284,3.623731,-1.712754
2024-04-09,3533.49,3426.134667,3459.022917,3.085334,2.12999,-0.635382,-0.774752,3.689147,-3.799311,3.758041,-1.631531
2024-04-10,3504.71,3429.061333,3457.375667,2.182122,1.359795,1.716847,0.481333,4.463597,-1.869154,4.610082,-0.823749
2024-04-11,3504.24,3432.697667,3456.04925,2.062722,1.384756,1.853591,0.740352,4.268315,-2.171374,4.624113,-0.810447
2024-04-12,3475.84,3435.753333,3454.792917,1.159996,0.607366,1.875937,3.071865,4.231048,-0.22091,5.478963,0.874033
2024-04-15,3549.08,3440.285833,3454.04025,3.113386,2.714378,-0.513562,2.086514,2.539416,-2.184242,3.302264,-1.207637
2024-04-16,3511.11,3443.8765,3453.211333,1.93345,1.662761,-0.139369,2.622032,4.642874,-0.99781,4.752343,-0.139272
2024-04-17,3565.4,3448.563667,3453.476833,3.331843,3.189475,-1.235514,2.56075,3.461034,-1.900483,3.521625,-1.659842
2024-04-18,3569.8,3453.378333,3453.97025,3.315659,3.298521,-1.113238,2.468305,2.935916,-1.929528,3.394028,-1.781052
2024-04-19,3541.66,3457.391333,3454.532083,2.408119,2.490853,1.195928,2.469771,3.952572,-0.587038,4.215537,-1.000661
2024-04-22,3530.9,3462.421667,3454.896833,1.958455,2.17602,2.600076,3.715548,3.092252,0.229706,4.533122,-0.698972
2024-04-23,3506.22,3466.279833,3454.9115,1.145661,1.474169,2.761401,4.463899,2.680634,0.247823,5.268922,0.439219
2024-04-24,3521.62,3470.477167,3454.973833,1.462901,1.910623,3.796263,3.982264,3.18833,-2.348452,4.808582,0.24591
2024-04-25,3530.28,3475.666833,3454.70625,1.559083,2.163976,3.581543,3.527962,2.210064,-3.227187,4.55148,1.52934
2024-04-26,3584.27,3481.539167,3454.710417,2.908034,3.681619,1.273843,1.159183,0.812754,-5.299412,2.976617,0.480154
2024-04-29,3623.91,3487.319167,3455.13875,3.842026,4.769094,1.115472,0.452902,-0.820151,-6.104949,1.850212,-0.816797
2024-04-30,3604.39,3491.677,3455.41675,3.177041,4.220947,1.702498,2.020842,-0.681209,-6.110436,2.401793,-0.678894
2024-05-06,3657.88,3497.078,3456.280833,4.495598,5.669064,0.186,0.900284,-1.907979,-8.215499,0.904349,-2.131289
2024-05-07,3659.01,3502.9955,3456.90475,4.357416,5.681901,-0.053581,0.467611,-1.191544,-6.111668,0.873187,-2.161514
2024-05-08,3630.22,3509.415167,3456.884833,3.384385,4.892541,-0.114659,1.482801,-0.980768,-5.986617,1.673177,-1.385591
2024-05-09,3664.56,3516.902,3457.258167,4.112779,5.823244,-0.66257,-0.623295,-1.992953,-7.953459,0.720414,-2.309691
2024-05-10,3666.28,3524.378167,3457.71825,3.947351,5.856862,0.318345,-1.783265,-2.546133,-9.22132,0.673162,-2.513992
2024-05-13,3664.69,3532.4625,3458.150417,3.674853,5.800986,0.714284,-0.793933,-3.380379,-9.188112,0.716841,-3.323883
2024-05-14,3657.05,3540.073,3458.738417,3.250946,5.575291,0.521192,-1.317898,-3.136692,-9.024,0.92725,-3.121915
2024-05-15,3626.06,3545.3125,3459.127167,2.252035,4.713037,1.59746,-0.346429,-2.794571,-8.1296,1.789821,-2.755884
2024-05-16,3640.36,3550.258,3459.613,2.50623,5.092584,0.039274,-1.273054,-2.752374,-8.86209,1.389972,-3.137876
2024-05-17,3677.97,3555.475333,3460.202333,3.387221,6.10339,-2.10161,-2.702052,-3.930827,-10.063268,0.353184,-4.128364
2024-05-20,3690.96,3560.261167,3461.190667,3.605268,6.427393,-1.508217,-2.808263,-4.018201,-10.159683,-0.176377,-4.465776
2024-05-21,3676.16,3564.683,3462.091417,3.07936,5.999587,-1.83909,-1.659155,-4.092503,-10.515017,0.225507,-4.081161
2024-05-22,3684.45,3568.476,3462.9925,3.198265,6.198816,-1.943889,-2.463569,-5.042159,-9.756679,-1.157839,-4.917152
2024-05-23,3641.79,3571.061333,3463.4985,1.961248,5.019611,-1.312328,-1.369657,-4.096456,-8.48203,-0.166951,-4.013686
2024-05-24,3601.48,3572.923667,3463.974,0.796066,3.892839,-0.600442,-0.762868,-3.522967,-7.030609,0.950443,-3.461632
2024-05-27,3635.71,3575.962833,3464.59225,1.656995,4.820947,-1.300046,-2.586446,-5.014295,-8.702163,-0.551199,-4.890654
2024-05-28,3609.17,3577.869167,3465.18525,0.871041,4.071173,0.179935,-1.818794,-3.637083,-8.301919,0.180097,-4.191268
2024-05-29,3613.52,3580.590167,3466.03175,0.915473,4.167201,-0.519679,-2.448141,-4.511465,-8.678599,0.059499,-4.411211
2024-05-30,3594.31,3581.894,3466.663333,0.346033,3.615948,-0.057329,-1.47932,-3.76038,-7.722394,0.594273,-3.900331
2024-05-31,3579.92,3582.596,3467.42675,-0.074722,3.192771,-0.162426,-1.228775,-2.883129,-7.410539,0.998626,-3.514045
2024-06-03,3588.75,3583.394,3468.198,0.149356,3.41688,-1.2864,-1.209937,-3.313364,-8.226764,0.750122,-3.751445
2024-06-04,3615.67,3584.23,3469.304583,0.873351,4.132301,-1.998729,-2.433348,-4.302352,-9.545401,-0.577486,-4.468052
2024-06-05,3594.79,3584.959,3470.426667,0.273854,3.520803,-1.928462,-2.57859,-4.232657,-9.234972,-0.070658,-4.144331
2024-06-06,3592.25,3586.001167,3472.076583,0.174105,3.402589,-1.421991,-2.726799,-4.59095,-7.838333,-0.504976,-4.48716
2024-06-07,3574.11,3586.487833,3473.530833,-0.345721,2.854459,-1.066349,-2.760099,-4.942325,-9.045337,-0.797961,-4.82218
2024-06-11,3542.88,3585.714833,3474.794167,-1.201789,1.940471,0.076462,-2.427849,-2.952372,-7.910159,0.076491,-3.9832
2024-06-12,3544.12,3584.825333,3475.999667,-1.141986,1.940778,-0.434619,-1.818289,-3.302997,-8.59705,0.041477,-4.016794
2024-06-13,3526.13,3584.054833,3476.888667,-1.629384,1.406312,-0.650128,-2.063323,-1.657387,-7.916111,0.55188,-3.527096
2024-06-14,3541.53,3583.71,3477.84475,-1.183974,1.814606,-1.304808,-2.281059,-1.971284,-9.165883,0.11464,-3.946599
2024-06-17,3536.2,3583.146833,3479.233,-1.318871,1.624084,-1.69375,-1.654354,-1.709858,-10.210745,0.265539,-3.801821
2024-06-18,3545.59,3582.181167,3480.846583,-1.02673,1.842904,-2.504311,-2.103427,-1.343316,-10.387965,-0.474956,-4.056589
2024-06-19,3528.75,3581.3665,3482.406583,-1.480073,1.32201,-1.38367,-1.869005,-0.772941,-10.213669,-0.721785,-3.598725
2024-06-20,3503.28,3579.998167,3483.855833,-2.166262,0.555999,-1.413195,-1.654067,0.502549,-9.918921,0.503814,-2.897856
2024-06-21,3495.62,3578.573667,3485.202333,-2.345355,0.298466,-0.976251,-1.86415,1.23391,-10.11761,1.241554,-2.685074
2024-06-24,3476.81,3577.437167,3486.696583,-2.853146,-0.283954,0.039396,-2.182226,1.090156,-9.206506,1.789284,-2.158588
2024-06-25,3457.9,3576.306167,3487.755167,-3.3669,-0.859684,0.400884,-0.524523,-0.522488,-7.874892,2.345933,-1.623529
2024-06-26,3480.26,3575.248,3488.947083,-2.692754,-0.249299,-0.485335,-1.484708,-1.800168,-8.362812,1.68838,-2.255579
2024-06-27,3454.12,3574.436833,3489.836,-3.423991,-1.028702,-0.240872,0.405936,-1.600702,-7.243734,2.457934,-1.587959
2024-06-28,3461.66,3573.4485,3490.976583,-3.178285,-0.843328,-0.887899,0.309775,-1.524418,-3.221791,2.234766,-1.802314
2024-07-01,3478.18,3572.460167,3492.158417,-2.674531,-0.401083,-2.221622,-0.055504,-2.546098,-2.228384,1.749191,-2.513958
2024-07-02,3471.79,3570.395833,3492.6355,-2.800616,-0.59863,-0.925407,0.760111,-2.994156,2.095811,1.936465,-2.949775
2024-07-03,3463.41,3568.441333,3492.904667,-2.987525,-0.848002,-0.999373,1.096064,-0.617771,6.707327,2.183109,-2.714954
2024-07-04,3445.81,3566.408167,3493.400167,-3.439997,-1.371652,0.646808,2.156616,-0.773192,15.358793,2.705024,-2.218056
2024-07-05,3431.06,3564.652333,3493.839833,-3.819728,-1.813212,1.197675,3.09806,-1.369557,21.5484,3.146549,-1.797695
2024-07-08,3401.76,3562.456833,3494.29575,-4.615748,-2.683891,2.166118,3.272382,-1.732862,15.093541,4.03497,-1.717934
2024-07-09,3439.81,3561.375167,3495.21825,-3.473052,-1.597958,1.685518,0.002035,-2.855361,15.032547,2.884171,-2.814981
2024-07-10,3428.97,3560.120667,3496.409167,-3.753451,-1.947656,2.095437,-0.31546,-2.584311,12.542146,3.209419,-2.551203
2024-07-11,3468.17,3559.992833,3497.873083,-2.613145,-0.852802,1.509808,-2.006637,-3.677642,13.295527,2.042864,-3.652647
2024-07-12,3472.4,3558.714833,3499.500333,-2.455348,-0.77742,1.900386,-1.834194,-4.138432,10.478179,1.918558,-4.053968
2024-07-15,3476.25,3558.133833,3501.005167,-2.328208,-0.709599,1.106264,-2.490594,-4.422584,9.732573,1.805681,-4.326214
2024-07-16,3498.28,3557.015167,3502.789417,-1.665034,-0.128821,-1.683483,-3.754267,-4.798167,7.962483,1.164572,-4.928708
2024-07-17,3501.58,3555.878167,3504.62825,-1.538776,-0.087016,-2.410898,-1.713836,-5.649574,11.421065,1.069232,-5.492949
2024-07-18,3520.93,3555.532667,3506.462,-0.977973,0.411761,-3.516446,-2.929808,-5.217069,11.123655,0.513785,-6.012332
2024-07-19,3539.02,3555.668,3509.044833,-0.46931,0.850598,-3.734579,-4.467617,-5.619484,11.183341,-0.680979,-6.492758
2024-07-22,3514.92,3555.813,3511.046417,-1.156696,0.110265,-3.596858,-5.005244,-4.597798,12.255757,-2.072309,-5.851627
2024-07-23,3439.88,3554.450667,3512.463917,-3.276394,-2.088117,-2.070784,-2.857396,-3.16538,13.290508,0.063956,-3.797807
2024-07-24,3418.17,3552.582167,3514.1245,-3.856939,-2.76851,0.697062,-2.26885,-2.864668,14.623426,0.699497,-3.186793
2024-07-25,3399.27,3549.498833,3515.519,-4.324572,-3.362646,0.586638,-1.671004,-2.566432,15.373328,1.259388,-2.64851
2024-07-26,3409.29,3545.921833,3516.6205,-3.929411,-3.099638,-0.733038,-2.304238,-2.437595,14.077312,0.961784,-2.934629
2024-07-29,3390.74,3542.361,3517.019,-4.374527,-3.656557,-1.408386,-1.93199,-1.981313,13.721957,1.514124,-2.403605
2024-07-30,3369.38,3537.552667,3517.315333,-4.87064,-4.296926,-0.786613,-1.0439,-1.919243,14.394772,2.157667,-1.900943
2024-07-31,3442.08,3533.937167,3518.466333,-2.633665,-2.194925,-2.965912,-3.935738,-4.625277,12.233836,-0.662681,-4.519941
2024-08-01,3419.27,3530.421333,3519.91825,-3.199014,-2.901069,-2.257642,-2.287261,-4.229122,14.296104,-1.020101,-4.140942
2024-08-02,3384.39,3525.751833,3521.326917,-4.092002,-3.96642,-1.571201,-1.151867,-1.877827,17.820156,-0.81019,-3.153005
2024-08-05,3343.32,3520.369167,3522.373667,-5.160154,-5.217077,-0.523604,0.407446,-2.37015,18.538169,0.408277,-2.342283
2024-08-06,3342.98,3515.007333,3523.734917,-5.017899,-5.265886,-0.257287,-0.307984,-2.102426,21.520903,0.418489,-2.33235
2024-08-07,3341.49,3509.748,3524.9105,-4.912742,-5.343823,-0.969826,-0.595818,-2.709742,20.555748,0.463266,-2.673358
2024-08-08,3342.94,3505.029333,3525.170917,-4.734823,-5.307826,-0.029619,-0.895428,-2.581082,21.170032,0.41969,-2.715574
2024-08-09,3331.63,3499.883833,3525.070917,-4.92681,-5.643888,0.419334,-0.133357,-3.056167,20.404119,0.760589,-3.009938
2024-08-12,3325.86,3494.015333,3524.745333,-4.932331,-5.80799,0.931049,-0.049323,-4.078303,21.191126,0.935397,-3.99626
2024-08-13,3334.39,3488.0725,3524.166833,-4.505954,-5.535429,-0.050697,-0.875344,-4.246482,19.186087,0.677185,-4.241855
2024-08-14,3309.24,3481.957167,3523.320083,-5.087598,-6.268519,0.374008,-0.689539,-3.791154,18.175279,1.442325,-3.72019
2024-08-15,3341.95,3476.248833,3522.362417,-3.939932,-5.257744,-0.865809,-1.941861,-5.2044,16.725731,0.449438,-5.071291
2024-08-16,3345.63,3471.312833,3521.187083,-3.687784,-5.114316,-0.552691,-0.72596,-5.732036,17.284509,0.33895,-5.570849
2024-08-19,3356.97,3467.237667,3520.080667,-3.231943,-4.744512,-0.980372,-2.777596,-5.698863,17.169174,-0.722973,-5.889835
2024-08-20,3332.7,3462.1875,3519.075167,-3.811783,-5.441543,-0.824647,-1.794442,-4.187024,17.983299,-0.165331,-5.204489
2024-08-21,3321.64,3457.395333,3517.63225,-4.005687,-5.732947,-1.063547,-2.113925,-3.697976,15.168414,0.167086,-4.88885
2024-08-22,3313.14,3452.389,3516.489583,-4.117007,-5.956683,-1.076053,-1.685654,-3.0766,14.968054,0.424069,-4.644838
2024-08-23,3327.19,3447.937,3514.9155,-3.564798,-5.488738,-0.173269,-2.92281,0.740223,14.339114,0.742969,-5.047503
2024-08-26,3324.22,3443.675333,3513.135667,-3.530425,-5.527393,-1.797223,-4.028981,2.299027,16.154499,2.325658,-4.962668
2024-08-27,3305.33,3438.951667,3511.172833,-3.963036,-6.041381,-0.969795,-3.371139,7.009211,15.837689,7.260697,-4.419528
2024-08-28,3286.5,3433.4655,3508.84775,-4.374693,-6.546454,-1.050378,-3.101615,11.950375,17.539566,12.693747,-3.8719
2024-08-29,3277.68,3428.180333,3506.569667,-4.489375,-6.75024,-0.609601,-3.262539,20.361108,18.597954,22.582131,-3.613226
2024-08-30,3321.43,3423.666667,3504.833917,-3.031669,-5.374772,-2.749541,-5.006076,24.795783,17.379853,28.14059,-4.882837
2024-09-02,3265.01,3418.515,3502.501417,-4.594342,-7.021458,-2.231757,-2.921268,19.196553,18.551908,30.354884,-3.239194
2024-09-03,3273.43,3414.024167,3499.8695,-4.205334,-6.688732,-2.401343,-2.392582,19.990334,18.065882,30.019582,-3.488084
2024-09-04,3252.16,3409.158167,3496.99175,-4.7146,-7.258371,-2.051238,-1.584051,17.8362,20.023732,30.869945,-2.856871
2024-09-05,3257.76,3404.685333,3494.370083,-4.411268,-7.011328,-2.652938,-1.390946,19.554251,19.68619,30.644983,-3.023857
2024-09-06,3231.35,3399.515667,3491.612833,-5.073296,-7.746375,-2.256535,3.663033,17.672778,21.230376,31.712752,-2.231266
2024-09-09,3192.95,3393.794833,3488.470833,-6.100346,-8.851823,-0.689511,6.328008,18.233461,22.25527,33.296795,-1.05545
2024-09-10,3195.76,3387.964333,3485.07275,-5.840432,-8.666399,0.008761,10.380349,17.007132,23.156917,33.179588,-1.142451
2024-09-11,3186.13,3382.254,3481.81025,-5.973534,-8.874533,0.467187,15.051991,20.861793,21.064124,33.58212,-0.843657
2024-09-12,3172.47,3376.7405,3478.369333,-6.240043,-9.205314,1.261992,23.623647,21.545124,20.949739,34.157297,-0.41671
2024-09-13,3159.25,3371.134333,3474.854,-6.491463,-9.521781,5.919567,29.801859,22.53486,21.627472,34.718683,0.37224
2024-09-18,3171.01,3366.037667,3471.737417,-5.968614,-9.060502,7.017518,22.117821,22.552418,21.761015,34.219066,0.789338
2024-09-19,3196.04,3361.673333,3468.98975,-5.052632,-8.195087,10.371588,22.382916,20.642913,21.065301,33.16792,0.156756
2024-09-20,3201.05,3357.019833,3466.133917,-4.757475,-7.956095,14.584804,19.420251,21.186069,20.458532,32.959498,0.365817
2024-09-23,3212.76,3352.997167,3463.717,-4.272424,-7.521191,22.361655,20.945197,21.01636,20.241703,32.474881,4.331167
2024-09-24,3351.91,3351.168,3462.30825,0.022139,-3.240516,23.882292,14.009745,15.774684,17.267819,26.975366,1.48035
2024-09-25,3401.53,3349.8905,3461.175333,1.529767,-1.738289,15.100303,11.905453,13.404243,15.847006,25.123106,4.227215
2024-09-26,3545.32,3351.116,3460.755917,5.6335,2.414139,12.011328,6.626783,9.304805,11.753103,20.048402,4.466734
2024-09-27,3703.68,3355.1205,3461.780917,9.883923,6.754375,4.835447,5.809803,4.908738,7.221366,14.915435,2.282595
2024-09-30,4017.85,3364.6545,3465.531333,17.742165,14.788097,-1.416458,-2.078523,-1.835882,-0.46901,5.929788,-5.715246
2024-10-08,4256.1,3378.405167,3471.52875,23.094949,20.375819,-9.872546,-7.266999,-5.097801,-7.846524,-4.970043,-10.993163
2024-10-09,3955.98,3387.642167,3475.0495,15.50942,12.961963,-3.19485,0.434597,1.711765,-3.487323,2.239395,-4.240669
2024-10-10,3997.79,3396.941833,3479.1585,16.286614,13.895125,-5.384546,-1.740004,3.632994,-5.729894,3.699794,-5.242146
2024-10-11,3887.17,3404.5785,3482.349583,13.256024,10.997415,0.974356,1.765819,5.42929,-3.087963,6.650854,-2.545554
2024-10-14,3961.34,3412.798,3486.395417,14.904987,12.771398,-0.662065,0.071163,4.196863,-4.260549,4.653981,-4.370238
2024-10-15,3855.99,3419.191167,3488.953,12.022376,10.002609,2.605548,1.764939,5.787508,-1.746759,7.513246,-1.757525
2024-10-16,3831.59,3425.1135,3491.623667,11.214525,9.2913,3.629447,1.49879,7.035969,-1.35876,8.197902,-1.131906
2024-10-17,3788.22,3429.945833,3493.4805,9.935178,8.099773,3.644542,2.678022,6.425438,-1.482336,9.436622,2.672231
2024-10-18,3925.23,3437.006667,3496.442417,13.282401,11.567895,0.791463,-0.901065,1.104639,-5.302678,5.616741,-0.911539
2024-10-21,3935.2,3443.911167,3499.721917,13.335391,11.727819,0.733227,0.242641,0.385007,-2.956993,5.349156,-1.162584
2024-10-22,3957.78,3450.8905,3503.27925,13.705095,12.19838,-0.840609,2.169198,0.481684,-4.172748,4.748116,-1.726473
2024-10-23,3973.21,3458.528667,3507.170833,13.873107,12.476465,-2.130657,1.277168,0.315619,-4.447327,4.341326,-2.108119
2024-10-24,3928.83,3466.677833,3510.56425,12.514493,11.256489,-0.96652,5.372998,1.527411,-3.00985,5.519964,-1.002334
2024-10-25,3956.42,3475.648667,3514.115417,12.955845,11.855174,-1.692528,3.663472,-2.31968,-3.255833,4.784123,-2.292982
2024-10-28,3964.16,3485.0635,3517.281167,12.880771,11.960568,-0.490586,4.1257,-2.971706,-3.374795,4.579533,-2.927985
2024-10-29,3924.65,3493.652833,3519.787333,11.632933,10.88766,3.009807,4.022569,-2.175793,-3.306063,5.632349,-2.152294
2024-10-30,3889.45,3501.964667,3522.162833,10.494362,9.919252,3.407825,5.537179,0.451229,-2.228297,6.588335,-1.26676
2024-10-31,3891.04,3510.659,3524.105833,10.28727,9.904973,6.339518,3.747415,-0.476327,-1.506521,6.54478,-1.307106
2024-11-01,3890.02,3518.124667,3526.030917,10.048622,9.824145,5.355999,2.005704,0.680453,-1.892857,6.572717,-1.281227
2024-11-04,3944.76,3526.882833,3528.652083,11.197369,11.147216,4.616286,0.142366,0.072728,-3.868262,5.093846,-2.651112
2024-11-05,4044.57,3537.885833,3531.818833,13.384591,13.556225,1.012762,-1.687513,-2.31813,-5.116617,2.500389,-5.053442
2024-11-06,4024.28,3549.235167,3534.802167,12.561388,12.968868,2.129354,-0.961549,-2.35641,-3.324301,3.017186,-4.574731
2024-11-07,4145.7,3562.613833,3538.810583,15.157715,15.828098,-2.592102,-3.845588,-5.557447,-6.082334,-0.351448,-7.369564
2024-11-08,4104.05,3575.323167,3542.535583,13.791872,14.713155,-3.350295,-5.983151,-3.241758,-5.533019,0.659836,-6.429503
2024-11-11,4131.13,3588.459667,3546.7445,14.082793,15.252084,-4.47392,-7.097406,-4.064924,-5.249504,-0.489939,-7.042867
2024-11-12,4085.74,3601.028167,3550.456,12.628346,14.042682,-2.700276,-6.198362,-2.22991,-4.520923,0.615556,-6.010172
2024-11-13,4110.89,3614.112,3554.063667,12.879337,14.554791,-3.090903,-5.08595,-3.01416,-4.271013,-1.733688,-6.585192
2024-11-14,4039.62,3625.865833,3556.969167,10.805752,12.72418,-1.253485,-4.223742,-0.275653,-2.309349,-0.275273,-4.937098
2024-11-15,3968.83,3636.859,3559.408083,8.735094,10.887708,-2.632856,-1.325252,-0.902308,-1.422322,1.503466,-3.241509
2024-11-18,3950.38,3646.9995,3561.624167,7.9907,10.359511,-2.623486,-0.069638,-0.980393,-0.259045,1.977531,-2.789605
2024-11-19,3976.89,3657.5205,3564.416667,8.371465,10.949969,-3.498087,-0.630616,-1.389073,-1.214062,1.297748,-3.437611
2024-11-20,3985.77,3668.0005,3567.619083,8.308383,11.083207,-1.995046,-1.394861,-1.107021,-0.184074,1.072064,-3.652745
2024-11-21,3989.3,3678.943833,3570.565667,8.099007,11.089174,-2.970257,-1.711859,-1.105023,-0.492021,0.982629,-3.737999
2024-11-22,3865.7,3688.0115,3572.703417,4.705535,7.882021,1.307605,2.741394,1.592142,1.538916,4.211398,-0.660165
2024-11-25,3848.09,3696.927333,3574.658167,4.00749,7.370737,2.553848,3.032482,2.197049,2.865195,4.6883,-0.205557
2024-11-26,3840.18,3705.477167,3576.707083,3.57072,7.107667,2.86747,3.968453,3.668928,3.277319,4.903937,0.842929
2024-11-27,3907.04,3715.190833,3579.433083,5.035001,8.757562,0.600186,2.07179,1.991534,-0.435804,3.108747,-0.882765
2024-11-28,3872.55,3724.6445,3581.798083,3.894179,7.804827,1.258398,3.948089,2.924625,0.410256,4.027062,1.014577
2024-11-29,3916.58,3735.145833,3584.305667,4.743196,8.865405,1.433789,0.422943,1.632176,-0.803921,2.857595,-0.121024
2024-12-02,3947.63,3746.311667,3587.246,5.23436,9.573062,0.478634,-0.910755,1.294143,-1.148009,2.048571,-0.90662
2024-12-03,3951.89,3756.819333,3590.243,5.062127,9.597406,1.100982,-0.758457,-0.430594,0.110013,1.938566,-1.013439
2024-12-04,3930.56,3767.911833,3593.213417,4.226095,8.973501,1.471605,0.287839,-2.842678,0.341606,2.491757,-2.802654
2024-12-05,3921.59,3778.7145,3596.369333,3.711331,8.657237,2.689691,0.606837,-3.805442,0.183685,2.72619,-3.733945
2024-12-06,3973.14,3790.730833,3599.9445,4.699788,9.863829,-1.010846,-1.149252,-5.275496,-0.801565,1.393356,-5.138757
2024-12-09,3966.57,3802.544333,3603.614833,4.223134,9.596428,-1.389389,-0.835433,-4.392488,-0.99674,1.561299,-4.981634
2024-12-10,3995.64,3815.2825,3607.399083,4.618905,10.221673,-1.859439,-0.299524,-5.304357,-2.126238,0.822396,-5.672933
2024-12-11,3988.83,3828.547167,3611.171,4.101255,9.946586,-1.183765,-0.080256,-5.380569,0.443506,0.994527,-5.511892
2024-12-12,4028.5,3842.426167,3615.19525,4.729012,10.824823,-2.082855,-1.023465,-7.632121,-0.790256,-0.731041,-7.348144
2024-12-13,3933.18,3854.877,3618.5655,2.010916,8.337058,-0.138406,1.209232,-5.505009,1.877424,1.674726,-5.356226
2024-12-16,3911.84,3867.199833,3621.970167,1.147716,7.698973,0.553956,2.204898,-2.361608,2.482578,2.229386,-4.839922
2024-12-17,3922.03,3879.912833,3625.523583,1.079669,7.861066,1.559915,0.327863,-3.265359,1.341286,1.963779,-5.087161
2024-12-18,3941.89,3892.760833,3629.39925,1.254167,8.259317,1.103509,-3.130517,-3.655924,-0.692161,1.450066,-5.565351
2024-12-19,3945.46,3905.251167,3633.46225,1.024345,8.237957,1.05939,-4.412278,-3.432238,-0.269279,1.35827,-5.650799
2024-12-20,3927.74,3917.362667,3637.19125,0.264556,7.685245,1.347638,-4.126244,-2.528295,0.11603,1.815548,-5.225142
2024-12-23,3933.57,3929.376167,3641.186667,0.106673,7.723777,1.650942,-3.557055,-2.600138,-0.361904,1.664646,-5.365609
2024-12-24,3983.69,3939.905833,3645.536917,1.10517,8.870487,-1.232052,-5.004833,-4.799198,-1.295606,0.385572,-6.556233
2024-12-25,3985.63,3949.640833,3649.765667,0.907075,8.803243,-4.234026,-5.300313,-4.67106,-1.783664,0.33671,-6.601717
2024-12-26,3987.48,3957.010167,3654.063083,0.767072,8.731973,-5.471669,-6.608656,-3.954819,-2.544205,0.290158,-6.645049
2024-12-27,3981.03,3961.632667,3658.376583,0.488435,8.452109,-5.473883,-6.714241,-4.205485,-2.3728,0.452647,-6.493797
2024-12-30,3999.05,3961.319333,3662.986917,0.94797,8.777792,-5.207997,-4.566506,-5.235134,-2.909088,-1.603881,-6.915142
2024-12-31,3934.91,3955.966167,3667.185667,-0.533685,7.046349,-3.772782,-3.593223,-2.367894,-1.88323,-2.340079,-5.397836
2025-01-02,3820.4,3953.7065,3670.674333,-3.429836,3.997974,-1.066287,-0.525407,1.874788,-6.235893,1.892472,-2.562297
2025-01-03,3775.16,3949.996,3673.468917,-4.52718,2.730634,-1.136987,0.980041,3.280555,-3.35074,3.334958,-1.394643
2025-01-06,3768.97,3948.026,3676.30225,-4.641395,2.489433,-1.240358,1.597949,2.984235,-2.204559,3.504671,-1.232698
2025-01-07,3796.11,3945.272167,3679.035083,-3.854108,3.132635,0.641492,0.956918,3.207908,-1.619691,3.259916,-1.938827
2025-01-08,3789.22,3944.159333,3681.67525,-4.007564,2.879231,0.179559,0.205636,3.013344,-1.02657,3.447675,-1.760521
2025-01-09,3779.88,3943.2975,3684.2055,-4.232504,2.563736,0.54088,0.629253,4.123716,-0.550206,4.209922,-1.517773
2025-01-10,3732.48,3942.3685,3686.157167,-5.470879,1.248839,2.117028,2.653837,5.598424,0.767314,5.758102,-0.267115
2025-01-13,3722.51,3938.989833,3687.99825,-5.652613,0.931434,2.838308,2.508756,4.984995,1.342456,6.041354,1.949491
2025-01-14,3820.54,3937.078833,3690.495,-3.004726,3.463118,0.315426,-0.668628,3.082956,-1.272809,3.320473,-0.666398
2025-01-15,3796.03,3934.383,3692.63675,-3.579829,2.761501,0.026076,1.225329,3.44037,-0.621257,3.987587,-0.025026
2025-01-16,3800.38,3931.5025,3695.015583,-3.392061,2.811629,0.088373,2.400194,4.578872,-0.408688,4.685321,-0.13946
2025-01-17,3812.34,3929.561,3698.119417,-3.028454,3.041875,0.536809,2.300514,4.045239,-0.747474,4.356904,-0.45274
2025-01-20,3829.68,3927.448667,3701.548667,-2.520877,3.402996,-0.329552,1.386286,2.475069,-1.123879,3.884398,-0.90347
2025-01-21,3832.61,3925.256167,3705.159833,-2.388558,3.381964,-0.984054,2.250991,3.268284,-1.266925,3.804979,-0.979228
2025-01-22,3797.02,3923.129,3708.390917,-3.2673,2.361848,1.199253,2.807709,4.407588,-0.264504,4.777957,-0.051093
2025-01-23,3803.74,3921.7005,3711.832583,-3.054057,2.445908,2.311821,3.494463,2.243722,-0.58323,4.592848,-0.227671
2025-01-24,3832.86,3920.730833,3715.694917,-2.266681,3.104554,1.763705,2.944587,1.44045,-1.518969,3.798208,-0.985687
2025-01-27,3817.08,3919.515167,3718.819917,-2.648223,2.607934,1.715837,2.476239,1.769388,-1.225955,4.227315,-0.576357
2025-02-05,3795.08,3917.0205,3721.951667,-3.16258,1.945732,3.235045,3.751584,2.792982,0.354042,4.831519,1.258208
2025-02-06,3842.83,3913.658167,3725.772,-1.826345,3.0935,1.608456,2.215041,2.9085,-0.291877,3.52891,1.048967
2025-02-07,3892.7,3911.465167,3730.350167,-0.480902,4.26009,1.182642,2.178678,1.309497,-1.027689,2.202584,-0.245588
2025-02-10,3901.06,3907.387833,3735.000833,-0.162077,4.350027,1.180882,1.744725,0.708572,-1.417306,1.983563,-0.459362
2025-02-11,3883.14,3903.706,3739.514583,-0.528225,3.768829,0.760401,1.088784,1.489696,0.192185,2.454199,0.053565
2025-02-12,3919.86,3900.184833,3744.32225,0.503199,4.581531,0.516539,1.017293,0.18784,-0.603882,1.494441,-0.883705
2025-02-13,3905.14,3897.174833,3749.1015,0.204175,4.077742,0.606585,1.59988,0.164775,0.970148,1.877013,-0.510097
2025-02-14,3939.01,3894.310167,3754.211083,1.141287,4.805126,0.996036,-1.250741,1.70036,-0.810842,1.714898,-1.365572
2025-02-17,3947.4,3892.773167,3759.3195,1.393533,4.881918,0.563843,-1.504137,1.24344,-1.488194,1.498708,-1.575214
2025-02-18,3912.78,3891.839,3764.349,0.536632,3.867318,0.328382,-0.706851,2.397438,-0.914777,2.426408,-0.704359
2025-02-19,3940.16,3891.668667,3769.334083,1.23833,4.432298,0.500754,-0.958602,1.76123,-1.071412,1.776831,-1.39436
2025-02-20,3928.9,3890.868833,3774.194667,0.972701,4.017246,0.993294,0.693459,1.166274,-0.319173,2.068518,-1.111762
2025-02-21,3978.44,3890.746667,3779.373583,2.22887,5.133151,-2.246777,-0.869181,-1.615108,-1.636313,0.797549,-2.343129
2025-02-24,3969.72,3890.420333,3784.682083,2.017836,4.773367,-2.06798,-1.036153,-0.88228,-2.227553,1.018964,-2.128614
2025-02-25,3925.65,3891.4195,3789.7155,0.875794,3.524099,-1.035233,0.400912,0.169255,-1.683626,2.153019,-1.029893
2025-02-26,3959.94,3893.283667,3795.1055,1.697594,4.251666,-1.459356,-0.829453,-1.03005,-3.091277,1.268454,-1.886897
2025-02-27,3968.12,3895.416,3800.446583,1.849195,4.317385,-0.299835,-1.435105,-0.903996,-3.379971,1.059696,-2.089151
2025-02-28,3890.05,3895.132833,3805.161833,-0.130577,2.206349,1.377596,2.951101,0.643674,-0.809167,3.087878,-0.124163
2025-03-03,3888.47,3895.398167,3810.021333,-0.178014,2.038098,1.031827,2.747577,-0.029836,-1.24835,3.129766,-0.08358
2025-03-04,3885.22,3894.8755,3815.010667,-0.24821,1.823615,1.436145,3.104289,0.063297,-0.858452,3.216034,0.053794
2025-03-05,3902.57,3894.1245,3820.218083,0.216643,2.13278,0.629903,2.719832,-0.466935,-0.870644,2.757157,-0.465847
2025-03-06,3956.24,3894.197,3825.508167,1.580658,3.360277,-1.135269,0.472815,-2.423837,-2.008799,1.363163,-2.394698
2025-03-07,3944.01,3894.421167,3831.1665,1.265291,2.902865,1.573505,-0.745927,-9.420177,-1.791557,1.677481,-8.990089
2025-03-10,3928.8,3894.541333,3836.627917,0.875812,2.37402,1.71575,0.153873,-7.339867,-1.11467,2.071116,-8.637752
2025-03-11,3941.42,3894.012667,3842.37175,1.21009,2.545125,1.668144,-0.231657,-6.67849,-1.945779,1.744295,-8.930284
2025-03-12,3927.23,3893.357,3847.950667,0.866258,2.039363,2.089929,-0.200597,-5.01544,-0.833566,2.111921,-8.601228
2025-03-13,3911.58,3891.956,3853.61925,0.502953,1.492861,1.608085,0.531109,-4.204689,-0.496683,2.520465,-8.235547
2025-03-14,4006.56,3892.2515,3860.399333,2.894524,3.716239,-2.319432,-2.307427,-6.374281,-3.618352,0.090102,-10.410926
2025-03-17,3996.79,3891.723,3867.074583,2.663955,3.299324,-1.561878,-2.777414,-6.074551,-3.12556,0.334769,-10.191929
2025-03-18,4007.72,3892.965333,3873.921167,2.905134,3.395529,-1.8998,-3.040992,-6.039977,-3.486981,0.061132,-10.436857
2025-03-19,4010.17,3894.604167,3880.902,2.924159,3.276603,-2.290526,-3.186768,-6.116995,-3.429571,-0.87727,-10.491575
2025-03-20,3974.99,3895.486833,3887.699833,2.020357,2.220455,-1.076976,-2.896652,-5.227902,-3.37455,-1.009814,-9.699395
2025-03-21,3914.7,3895.033667,3893.89725,0.503638,0.532818,0.012005,-8.67425,-3.372452,-1.753866,0.514727,-8.308683
2025-03-24,3934.85,3894.856833,3900.054,1.021584,0.888236,-1.215536,-7.49374,-3.910432,-1.974977,-0.06201,-8.778225
2025-03-25,3932.3,3894.932833,3906.14775,0.954806,0.667284,-1.141192,-6.446834,-3.768204,-0.721514,0.002797,-8.71907
2025-03-26,3919.36,3894.696,3912.036083,0.631275,0.18704,-0.896242,-4.814843,-3.505159,1.033333,0.332963,-8.417701
2025-03-27,3932.41,3893.841333,3916.873583,0.985631,0.395869,-1.819676,-4.735797,-3.768096,0.345501,-0.438408,-8.721624
2025-03-28,3915.17,3892.667,3921.153917,0.576422,-0.152723,-8.686255,-4.066854,-3.470626,0.168178,-0.702141,-8.31969
2025-03-31,3887.31,3890.9975,3924.003833,-0.094815,-0.939512,-6.278204,-3.297137,-2.929583,1.24679,0.009518,-7.662625
2025-04-01,3887.68,3889.441667,3925.537167,-0.045304,-0.969062,-5.305642,-2.998985,-3.05864,1.406841,-0.084626,-7.671413
2025-04-02,3884.39,3887.530667,3924.425,-0.080821,-1.025389,-3.918601,-2.930227,-1.972004,1.514834,-0.589282,-7.593213
2025-04-03,3861.5,3886.307167,3921.136667,-0.640368,-1.532587,-2.916121,-2.33125,-0.776541,2.722412,-0.773534,-7.045449
2025-04-07,3589.44,3882.457833,3918.082167,-7.847221,-8.760609,4.619401,5.301798,7.082991,10.383823,7.339864,1.708344
2025-04-08,3650.76,3880.3845,3915.19025,-6.099888,-6.992856,2.981067,3.583307,5.213988,8.261336,5.536929,0.986918
2025-04-09,3686.79,3879.014833,3913.520417,-5.082505,-5.968117,2.306657,2.67863,5.38098,8.115063,5.528386,1.310896
2025-04-10,3735.12,3877.998333,3911.63525,-3.753918,-4.617556,0.988374,1.309684,4.223717,6.63621,4.314185,0.412303
2025-04-11,3750.52,3877.353333,3910.756333,-3.325829,-4.183629,0.584872,0.967701,5.010062,6.690173,5.137688,0.229835
2025-04-14,3759.14,3877.007667,3910.152583,-3.087343,-3.938619,0.682397,0.596228,3.86308,6.579982,4.896599,0.055598
2025-04-15,3761.23,3877.486833,3909.927667,-3.044119,-3.877284,0.602241,0.367554,3.342917,6.59561,4.838311,0.248323
2025-04-16,3772.82,3878.325333,3908.657583,-2.758071,-3.537125,0.371973,-0.059655,2.727762,6.322531,4.51625,-0.059637
2025-04-17,3772.22,3877.52,3907.299417,-2.753209,-3.518276,0.32131,0.958223,3.284352,6.042906,4.532875,-0.043741
2025-04-18,3772.52,3877.128167,3905.755583,-2.73515,-3.470804,0.38283,1.554709,3.742454,6.713669,4.524562,-0.05169
2025-04-21,3784.88,3876.869833,3904.186167,-2.40139,-3.103517,-0.086169,1.781193,3.351247,6.981158,4.183224,-0.378083
2025-04-22,3783.95,3876.396667,3902.978833,-2.413759,-3.097163,-0.234686,1.630681,2.56516,7.670261,4.208829,-0.353599
2025-04-23,3786.88,3875.683333,3901.566,-2.317953,-2.983555,-0.431628,2.70235,1.915322,8.405824,4.128201,-0.430698
2025-04-24,3784.36,3874.879167,3900.067667,-2.36377,-3.011712,0.636913,2.914033,1.443932,8.492055,4.197539,-0.364395
2025-04-25,3786.99,3874.712,3898.9205,-2.289983,-2.912821,1.171879,4.04236,1.292121,9.130547,4.125176,-0.43359
2025-04-28,3781.62,3874.343333,3898.021917,-2.42237,-3.031673,1.867362,3.266852,2.017785,8.743703,4.273036,-0.292203
2025-04-29,3775.08,3873.380333,3897.055583,-2.570602,-3.179971,1.865367,2.975362,1.711069,9.126404,4.45368,-0.119468
2025-04-30,3770.57,3872.605167,3896.060167,-2.670127,-3.273965,3.133977,2.787416,2.136891,9.636878,4.578618,1.00701
2025-05-06,3808.54,3872.8295,3894.925,-1.673946,-2.242851,2.277121,2.32613,1.568296,8.616117,3.536001,0.606269
2025-05-07,3831.63,3872.642833,3893.1505,-1.064688,-1.592843,2.870481,2.187746,1.191579,6.172522,2.912077,0.120314
2025-05-08,3852.9,3871.9795,3891.722333,-0.493976,-1.002571,1.399489,1.570054,0.545629,5.110731,2.343949,-0.432402
2025-05-09,3846.16,3871.0645,3889.226167,-0.645429,-1.113496,1.109995,0.934479,1.011208,5.673973,2.523296,-0.25792
2025-05-12,3890.61,3871.189,3887.4475,0.500426,0.081319,-0.346561,-0.787028,-0.648268,5.326213,1.351973,-1.397467
2025-05-13,3896.26,3870.795667,3885.49025,0.655703,0.276795,0.049009,-1.470101,-0.041844,5.42547,1.205002,-1.540452
2025-05-14,3943.21,3871.430167,3884.3025,1.837112,1.505168,-0.682735,-2.750239,-1.302056,4.256352,-0.68041,-2.712764
2025-05-15,3907.2,3870.9,3882.605083,0.933397,0.631466,0.170565,-1.249067,-1.107151,4.937743,0.234951,-1.816134
2025-05-16,3889.09,3869.928167,3881.350667,0.493925,0.199199,-0.175516,-1.264294,-0.393926,5.8287,0.701707,-1.35893
2025-05-19,3877.15,3869.334333,3880.586667,0.201786,-0.0886,-0.440467,-0.650526,-0.174765,6.652013,1.011826,-1.055156
2025-05-20,3898.17,3868.6345,3880.151583,0.760561,0.463299,-1.519111,-0.757834,-0.596929,6.898552,0.467142,-1.588694
2025-05-21,3916.38,3868.425833,3879.647333,1.232009,0.94235,-2.067504,-0.996167,-1.889103,6.354173,-0.06409,-2.046277
2025-05-22,3913.87,3867.349667,3879.048167,1.195722,0.893685,-1.419632,-1.024425,-1.732661,7.111724,-0.491585,-1.983459
2025-05-23,3882.27,3865.892167,3878.15625,0.422755,0.106019,-1.088777,0.07673,-0.629704,8.800407,0.31837,-1.185647
2025-05-26,3860.11,3864.799833,3878.109667,-0.121421,-0.465216,-0.210059,0.13876,1.131367,8.993771,1.137791,-0.618376
2025-05-27,3839.4,3862.790833,3878.03725,-0.607383,-1.001306,0.761277,1.428258,3.09456,10.662554,3.142939,-0.082305
2025-05-28,3836.24,3860.592833,3878.004417,-0.632804,-1.082798,1.071337,1.448183,2.821476,11.134403,3.2279,0.104008
2025-05-29,3858.7,3860.070333,3877.601583,-0.035507,-0.488647,0.395206,0.141916,1.621019,12.626166,2.627051,-0.478659
2025-05-30,3840.23,3859.266333,3877.33225,-0.494484,-0.961509,1.165507,0.870368,2.465304,15.168164,3.120646,0.074475
2025-06-03,3852.01,3858.712833,3876.794167,-0.173858,-0.641348,0.348819,0.47576,2.32859,14.489086,2.805289,-0.231567
2025-06-04,3868.74,3858.149,3876.13675,0.274134,-0.19101,0.666981,0.160905,1.918542,12.551842,2.360717,-0.663007
2025-06-05,3877.56,3856.837667,3875.517333,0.53585,0.052693,0.376846,-0.892936,2.307374,14.078985,2.3342,-0.888961
2025-06-06,3873.98,3855.6705,3875.045833,0.473748,-0.027509,-0.25329,-0.708236,2.755203,14.907474,2.79351,-0.797371
2025-06-09,3885.25,3854.944667,3874.743,0.783068,0.270799,-0.295139,-0.706434,2.03614,15.214512,2.495335,-1.08513
2025-06-10,3865.47,3853.678833,3873.84575,0.305505,-0.216447,0.126941,0.992607,3.382351,14.986964,3.440203,-0.578972
2025-06-11,3894.63,3853.1355,3873.24625,1.071145,0.55057,-0.506076,1.666302,2.454337,13.551197,2.665722,-1.323361
2025-06-12,3892.2,3852.8125,3872.38425,1.017115,0.510415,-1.269782,1.373293,2.982168,11.469175,3.02708,-1.261754
2025-06-13,3864.18,3850.4395,3871.3455,0.35622,-0.185262,-0.454946,1.479103,3.824052,14.347101,3.89811,-0.545782
2025-06-16,3873.8,3848.389667,3870.056333,0.658115,0.096687,-0.411294,1.594937,3.64662,14.26087,3.713924,-0.792762
2025-06-17,3870.38,3846.100667,3869.533,0.629287,0.021887,0.865666,1.852829,3.769535,13.645899,3.841483,-0.705099
2025-06-18,3874.97,3843.847333,3869.22575,0.806415,0.14835,2.172378,1.757638,3.355482,13.732293,3.71848,-0.822716
2025-06-19,3843.09,3841.649,3868.567917,0.037503,-0.660766,2.643075,3.20031,4.860317,16.841744,4.980367,0.092374
2025-06-20,3846.64,3840.514667,3867.774167,0.159365,-0.547915,1.934049,3.463439,5.362573,16.175433,5.508964,0.292723
2025-06-23,3857.9,3839.232167,3867.0445,0.48506,-0.236753,2.006231,2.742574,5.734805,16.127421,5.902434,1.195728
2025-06-24,3904.03,3838.761,3866.846917,1.685969,0.956993,0.987163,2.389743,5.359135,14.724131,5.505337,0.454146
2025-06-25,3960.07,3839.4395,3867.06775,3.093531,2.376517,-0.41474,0.788034,3.953563,13.908968,4.032757,-0.967407
2025-06-26,3946.02,3839.666333,3866.753833,2.732201,2.029212,0.557235,1.608875,5.016951,13.094983,5.144931,-0.614797
2025-06-27,3921.76,3839.776167,3866.221583,2.112646,1.426284,1.52939,2.344949,5.104899,13.796344,5.795357,0.365142
2025-06-30,3936.08,3840.589,3865.79325,2.455956,1.80184,0.736343,2.051683,4.950031,13.890396,5.410459,0.169712
2025-07-01,3942.76,3841.507,3865.474333,2.601625,1.979659,1.40258,1.916706,5.171398,13.658233,5.30745,0.023334
2025-07-02,3943.68,3842.495167,3865.012917,2.599236,2.014927,1.202775,1.597845,5.129279,14.653858,5.282883,0.544923
2025-07-03,3968.07,3844.271333,3865.28925,3.169576,2.624331,1.05164,1.660007,2.673569,14.636025,4.635755,-0.073083
2025-07-04,3982.2,3850.817333,3866.637583,3.354901,2.944914,0.815559,1.899134,1.809899,13.330379,4.264477,-0.427653
2025-07-07,3965.17,3856.0575,3868.221,2.790344,2.475402,1.31534,2.992231,2.626625,15.28568,4.712282,0.66151
2025-07-08,3998.45,3861.251833,3870.133333,3.491535,3.261783,0.514126,2.969392,2.59213,14.895628,3.840738,-0.176318
2025-07-09,3991.4,3865.523167,3871.76075,3.204501,3.043267,0.39507,3.165529,3.012977,16.543545,4.024152,0.395851
2025-07-10,4010.02,3869.848167,3873.60075,3.558096,3.461173,0.608367,3.408075,2.576241,14.091209,3.541129,-0.070324
2025-07-11,4014.81,3874.109333,3875.5585,3.567424,3.530024,1.083574,2.75995,2.220841,13.475673,3.417596,-0.189548
2025-07-14,4017.67,3878.383333,3877.935083,3.528373,3.539932,1.676891,2.898348,2.576007,12.201781,3.343978,-0.260599
2025-07-15,4019.06,3882.487333,3880.406333,3.457203,3.510817,2.455266,3.254692,3.057244,13.637472,3.308236,-0.295094
2025-07-16,4007.2,3886.403667,3881.961833,3.060852,3.175209,2.770459,3.531434,4.139999,14.195991,4.226892,0.681024
2025-07-17,4034.49,3890.769833,3883.949,3.627286,3.802748,2.799708,1.013562,3.382959,11.235473,3.521883,0.506632
2025-07-18,4058.55,3895.331,3886.100417,4.104711,4.341958,1.676375,-0.089234,3.481813,11.17091,3.543137,-0.089194
2025-07-21,4085.61,3900.358667,3888.377667,4.640253,4.947903,1.221457,-0.365607,3.695306,12.029467,3.764432,-0.750928
2025-07-22,4118.96,3905.893333,3890.788333,5.311418,5.698891,0.799426,-0.377262,2.503268,10.883908,2.924282,-1.554519
2025-07-23,4119.77,3911.4835,3893.181333,5.188062,5.657069,0.760975,-0.152552,3.614431,11.163628,3.680545,-1.573874
2025-07-24,4149.04,3917.517667,3896.114833,5.741878,6.289712,-1.786146,-0.831835,3.295977,11.628438,3.350896,-2.268236
2025-07-25,4127.16,3923.276667,3898.81,5.066233,5.691814,-1.765609,-0.539108,5.900248,13.33757,6.077787,-1.750114
2025-07-28,4135.82,3929.289,3901.334667,5.122712,5.83669,-1.587064,-0.322341,7.752828,12.616692,8.061279,-1.955839
2025-07-29,4152.02,3935.6465,3904.125833,5.35198,6.156106,-1.176688,-0.197448,6.989099,13.409481,7.639655,-2.33838
2025-07-30,4151.24,3941.358167,3907.093833,5.188171,6.061325,-0.913527,0.608565,5.50402,12.626171,7.65988,-2.32003
2025-07-31,4075.59,3945.424167,3909.0335,3.245905,4.172536,0.954312,2.369396,9.098042,12.984323,9.658234,-0.50692
2025-08-01,4054.93,3948.791333,3910.385417,2.652388,3.629748,1.226501,3.571047,10.342371,13.766471,10.896119,0.388909
2025-08-04,4070.7,3952.533667,3911.799083,2.945817,3.981758,1.264723,4.060913,10.551748,12.629831,11.128553,0.80453
2025-08-05,4103.45,3956.081,3913.635,3.657419,4.736147,0.97924,2.88053,9.012484,12.013682,10.241626,0.037042
2025-08-06,4113.49,3959.7015,3915.248583,3.810317,4.939299,1.522091,3.766983,8.083883,13.188545,9.972554,-0.207123
2025-08-07,4114.67,3962.559167,3916.994667,3.766857,4.923394,1.415085,4.127811,5.910766,12.848089,9.941016,-0.235742
2025-08-08,4104.97,3965.855333,3918.377667,3.447688,4.652073,2.344546,6.439356,8.302208,13.431033,10.200805,0.427287
2025-08-11,4122.51,3969.745667,3919.836917,3.776017,5.041215,2.796191,8.07517,8.038244,12.087158,9.731935,0.517161
2025-08-12,4143.83,3974.190333,3921.762333,4.179944,5.507935,1.901291,7.186547,6.81912,11.436678,9.167364,0.711419
2025-08-13,4176.58,3978.8305,3923.7325,4.85048,6.244936,2.244891,4.895456,6.236813,11.851011,8.311346,-0.078294
2025-08-14,4173.31,3983.112667,3925.76925,4.66459,6.114717,2.712726,6.728645,8.598469,10.344557,8.978964,0.695851
2025-08-15,4202.35,3987.920667,3927.635167,5.237393,6.760639,4.094811,6.771324,7.331048,8.998841,8.225874,0.500196
2025-08-18,4239.41,3993.873,3929.882583,5.966267,7.581456,5.278979,6.490835,6.69731,7.469296,7.279787,-0.378355
2025-08-19,4223.37,3999.927333,3932.363583,5.435719,7.139272,5.285256,6.131953,6.861727,8.287402,7.687226,1.137243
2025-08-20,4271.4,4007.127333,3934.959083,6.386703,8.204116,2.650565,4.316901,6.340974,6.646592,6.546331,0.39027
2025-08-21,4288.07,4014.657833,3937.625333,6.588463,8.525891,4.015919,1.782955,4.782056,3.787825,6.132129,1.798945
2025-08-22,4378,4023.312833,3941.691583,8.448635,10.498203,2.676514,1.862851,2.791197,1.58738,3.952033,-0.292143
2025-08-25,4469.22,4033.796,3946.531167,10.250603,12.437689,1.211856,-0.036926,1.187536,0.472789,1.830297,-2.327252
2025-08-26,4452.59,4043.805667,3951.25925,9.62997,11.945162,0.846697,-0.367427,1.497737,1.450157,2.210623,-1.962453
2025-08-27,4386.13,4052.428833,3955.288917,7.913088,10.339364,1.666336,1.341357,4.020559,2.904649,4.102478,-0.476958
2025-08-28,4463.78,4062.199167,3959.518417,9.427145,11.987353,-2.232964,1.869823,2.864414,1.398842,2.905833,-2.208218
2025-08-29,4496.76,4072.578833,3964.124667,9.908072,12.607207,-0.813663,0.559724,1.178108,1.757519,2.151104,-2.92544
2025-09-01,4523.71,4083.219833,3969.08225,10.24466,13.079756,-1.248782,0.206475,2.107307,0.674598,2.129668,-3.503761
2025-09-02,4490.45,4093.636167,3973.6575,9.251931,12.226596,-1.214124,0.729774,3.291014,0.900078,3.345767,-2.78903
2025-09-03,4459.83,4103.056167,3978.095833,8.337855,11.430738,-0.324979,2.024073,5.446685,1.926245,5.597747,-2.121606
2025-09-04,4365.21,4110.939667,3981.876083,6.001467,9.191321,4.102787,2.999101,5.604202,4.902348,7.886677,1.627642
2025-09-05,4460.32,4120.875333,3985.657417,7.915491,11.251824,1.373386,0.928346,2.952624,3.555291,5.586146,-0.539423
2025-09-08,4467.57,4130.7715,3989.580583,7.838044,11.315853,1.455257,1.224462,1.587531,2.882464,5.4148,-0.700828
2025-09-09,4436.26,4140.202833,3993.15175,6.90669,10.523085,1.943898,1.865164,3.761108,3.446696,6.158791,0.205128
2025-09-10,4445.36,4149.709333,3996.778333,6.882256,10.637224,2.349053,2.679202,3.81918,2.374538,5.941476,1.186631
2025-09-11,4548.03,4161.458333,4001.553667,8.88286,12.801147,-1.103686,0.994591,-0.745954,0.721223,3.549889,-1.097618
2025-09-12,4522,4172.714333,4006.6145,8.038763,12.100775,-0.44504,0.618385,0.358049,0.66255,4.145953,-0.528306
2025-09-15,4533.06,4183.967,4011.599583,8.013737,12.220715,-0.230795,1.900832,1.63685,-0.78644,3.891852,-0.771002
2025-09-16,4523.34,4194.288833,4016.524917,7.552686,11.883358,-0.078734,2.56124,1.518912,1.242214,4.115101,-0.557774
2025-09-17,4551.02,4204.138,4021.78875,7.928211,12.362462,0.33015,3.422611,1.208223,0.038885,3.481857,-1.162597
2025-09-18,4498.11,4213.3395,4026.502917,6.540174,11.075907,2.098278,2.605101,3.550405,1.545757,4.699085,0.084702
2025-09-19,4501.92,4223.008833,4031.3925,6.39561,11.039212,1.063425,2.024278,4.646125,2.407523,4.755749,0.273439
2025-09-22,4522.61,4232.784333,4036.686667,6.622925,11.366504,2.131627,0.363068,3.676328,2.146344,4.276513,-0.185291
2025-09-23,4519.78,4242.401333,4041.954167,6.333386,11.173504,2.639974,1.895944,4.922646,2.497005,5.045821,-0.122794
2025-09-24,4566.07,4252.7745,4047.634833,7.108129,12.052016,3.092462,1.139978,3.101592,1.660875,3.980885,-1.135331
2025-09-25,4593.49,4263.198167,4053.73475,7.462046,12.500147,0.506824,-1.740545,1.021867,1.378291,3.36019,-1.725485
2025-09-26,4550.05,4272.662333,4061.739833,6.290109,11.352681,0.960853,-0.260336,2.245991,1.944036,4.346985,-0.787244
2025-09-29,4620.05,4283.577,4069.81725,7.561712,12.680743,-1.768559,-0.263982,-0.029225,0.673692,2.765987,-2.290451
2025-09-30,4640.69,4294.281,4077.766417,7.757892,12.931367,-0.74403,-1.042328,-0.289816,-0.231915,2.308924,-2.725026
2025-10-09,4709.48,4306.249,4085.886083,8.951027,14.203888,-1.952484,-2.214388,-0.342023,0.175449,0.814527,-4.145893
2025-10-10,4616.83,4316.3625,4093.105333,6.729529,12.040439,-2.247369,0.945304,1.333121,3.696613,2.837661,-2.222304
2025-10-13,4593.98,4326.015333,4100.062333,6.009988,11.374457,-1.221189,2.621847,2.176201,3.89969,3.349166,-1.735968
2025-10-14,4539.06,4334.705167,4106.54425,4.606635,10.013808,1.504577,3.313259,2.461384,4.282129,4.599631,-0.54703
2025-10-15,4606.29,4344.492333,4113.489833,5.851385,11.315098,-0.298298,3.026702,0.85645,3.259799,3.072972,-1.998572
2025-10-16,4618.42,4354.679333,4120.5415,5.880168,11.406807,-0.261904,1.961614,1.795018,3.646105,2.802257,-2.255966
2025-10-17,4514.23,4362.675,4126.722417,3.414923,8.975114,3.192673,2.762412,2.492043,5.32294,5.174969,0.531431
2025-10-20,4538.22,4370.6695,4133.00025,3.761866,9.353127,3.843036,2.506327,1.309744,4.390936,4.618992,1.197606
2025-10-21,4607.87,4379.373833,4139.86625,5.085996,10.710223,1.808683,0.234757,-0.864865,3.067991,3.037629,-0.861135
2025-10-22,4592.57,4387.267333,4146.580333,4.573322,10.21558,3.325,0.752512,-0.093237,2.988069,3.380896,-0.530857
2025-10-23,4606.34,4395.376833,4153.430167,4.688035,10.349908,2.223518,1.872365,-0.902605,2.743406,3.071853,-0.898544
2025-10-24,4660.68,4403.904167,4160.710917,5.66699,11.347541,-0.430261,0.387817,-4.544636,1.241012,1.870113,-4.442914
2025-10-27,4716.02,4413.7185,4168.497583,6.624769,12.340954,-1.336709,-0.445646,-5.849943,0.149379,0.674721,-5.682122
2025-10-28,4691.97,4422.987667,4176.138333,5.903713,11.646556,-1.573926,-0.851876,-4.391075,0.674197,1.190758,-5.198669
2025-10-29,4747.84,4432.918,4184.28225,6.863172,12.635459,-2.572488,-2.170252,-4.970226,-0.95955,-0.79889,-6.31424
2025-10-30,4709.91,4442.229167,4191.793667,5.851248,11.654007,-0.351153,-0.166596,-4.217502,-0.062654,-0.166458,-5.559767
2025-10-31,4640.67,4451.647167,4198.535667,4.158457,10.012294,0.818078,-0.270369,-2.487439,1.391366,1.323085,-4.150694
2025-11-03,4653.4,4461.621667,4205.2065,4.208583,10.127473,0.891063,-1.196583,-1.666581,1.378473,1.045902,-4.412902
2025-11-04,4618.7,4470.755,4211.644333,3.255598,9.226013,0.72205,-1.099622,-1.403485,2.884574,1.805053,-3.694763
2025-11-05,4627.26,4479.485167,4217.783083,3.245678,9.265525,0.402236,-0.845749,-2.10112,1.694564,1.616724,-3.872918
2025-11-06,4693.4,4489.150333,4224.425917,4.449382,10.527389,0.184557,-2.774971,-3.178416,-1.880181,0.184727,-5.227554
2025-11-07,4678.79,4498.552333,4230.55575,3.928389,10.070616,-1.088447,-4.932453,-2.034976,-0.400048,0.497565,-4.931617
2025-11-10,4695.05,4508.387,4237.121167,4.056932,10.262469,-2.087646,-5.404296,-1.573534,0.077286,0.149519,-5.26086
2025-11-11,4652.17,4517.214667,4243.480167,2.94382,9.195005,-1.821671,-3.539199,-1.166451,0.391523,1.072618,-4.38763
2025-11-12,4645.91,4525.582667,4249.8865,2.624093,8.909499,-1.247986,-2.799974,-1.170863,-0.049734,1.208805,-4.2588
2025-11-13,4702.07,4534.340833,4256.585667,3.632312,9.953549,-2.959528,-4.050906,-3.23966,0.360679,-1.572286,-5.402302
2025-11-14,4628.14,4541.921333,4262.517,1.880494,8.229523,-3.844006,-2.21707,-1.024866,2.056434,-0.138068,-3.891196
2025-11-17,4598.05,4548.516333,4268.2185,1.08312,7.443577,-3.31665,-0.469997,-1.005242,2.486632,0.515436,-3.262252
2025-11-18,4568.19,4553.996,4273.9345,0.311198,6.658223,-1.717528,-0.303864,-1.558426,3.260275,1.172456,-2.629926
2025-11-19,4588.29,4560.078,4280.002667,0.616768,6.955377,-1.551989,-1.25537,-0.183461,1.559602,0.729248,-3.056476
2025-11-20,4564.95,4564.9705,4286.048917,-0.000449,6.304225,-1.091378,-0.403446,-0.266733,3.075792,1.244263,-2.560817
2025-11-21,4453.61,4567.7295,4291.193667,-2.530125,3.715007,1.626936,2.897477,2.539987,6.145467,3.775364,-0.124843
2025-11-24,4448.05,4568.897,4296.104917,-2.680602,3.475702,2.846653,3.830762,3.611341,6.079745,3.905082,0.952103
2025-11-25,4490.4,4569.25,4301.523,-1.740729,4.297264,1.413664,2.372749,2.861092,4.788412,2.925129,0.159229
2025-11-26,4517.63,4570.334,4307.069833,-1.159877,4.77297,0.296618,1.629112,2.544585,4.565646,2.577236,-0.444481
2025-11-27,4515.4,4572.4885,4312.458667,-1.256381,4.598558,0.687933,0.811246,2.776785,3.064146,2.815697,-0.395314
2025-11-28,4526.66,4573.5365,4317.867833,-1.03024,4.722264,1.270541,1.192204,2.843864,1.664135,2.884688,-0.643079
2025-12-01,4576.49,4574.865333,4323.722083,0.035507,5.68157,0.984109,-0.535245,1.364625,1.543799,1.764453,-1.724903
2025-12-02,4554.33,4575.375667,4329.29775,-0.461038,5.067308,0.959084,-1.254562,2.106402,2.303144,2.259608,-1.246726
2025-12-03,4531.05,4576.052333,4334.84425,-0.988299,4.426802,1.332494,1.07191,2.159021,1.845784,2.785006,-0.739343
2025-12-04,4546.57,4577.498,4340.277083,-0.677946,4.643491,0.123314,0.136713,3.695889,2.780472,3.765036,-1.078175
2025-12-05,4584.54,4581.1535,4346.046583,0.073895,5.342317,-0.078337,-0.35749,4.398468,2.582972,4.496634,-1.897464
2025-12-08,4621.75,4583.844,4352.359667,0.823547,6.005527,-1.519354,-0.219422,3.297023,1.413877,3.655325,-2.687294
2025-12-09,4598.22,4586.0215,4358.3965,0.26564,5.356506,-2.213647,0.488343,2.987196,1.530563,4.18575,-2.189325
2025-12-10,4591.83,4588.614333,4364.408583,0.070055,5.079595,-0.260584,0.915474,3.574211,1.721443,4.330735,-2.053212
2025-12-11,4552.18,4590.394667,4370.052,-0.835977,4.083133,0.013399,1.965539,5.090747,1.855625,5.239468,-1.200084
2025-12-12,4580.95,4590.943333,4376.200833,-0.217912,4.572544,-0.279152,1.65166,3.855763,1.675061,4.578526,-1.820583
2025-12-15,4552.06,4591.444333,4382.079333,-0.861477,3.805653,1.299933,1.89987,4.086435,0.682848,5.242242,-1.19748
2025-12-16,4497.55,4590.8525,4387.40975,-2.053293,2.479379,2.70199,3.360965,5.491282,1.532811,6.517771,1.228224
2025-12-17,4579.88,4591.794833,4393.041833,-0.259818,4.165091,1.176058,1.087111,3.264768,-3.598569,4.602959,-0.5915
2025-12-18,4552.79,4591.824333,4397.981167,-0.853717,3.459462,1.95214,3.559176,3.912744,-1.729645,5.225367,0.338034
2025-12-19,4568.18,4592.992167,4403.165833,-0.541682,3.679109,1.930812,4.755958,3.245661,-0.674529,4.870868,0.950926
2025-12-22,4611.62,4594.8205,4408.914667,0.364951,4.495065,0.599938,3.516445,2.387981,-2.950765,3.883017,0.197544
2025-12-23,4620.73,4596.455833,4414.620083,0.526717,4.563092,0.658975,2.498853,2.204181,-2.590436,3.678207,0.199319
2025-12-24,4634.06,4598.3605,4420.380917,0.773355,4.72075,-0.088946,2.658738,1.466091,-3.114647,3.379974,-0.088907
2025-12-25,4642.54,4599.635,4426.20475,0.928468,4.771913,1.607036,3.125208,1.378063,-4.23463,3.191141,-0.271403
2025-12-26,4657.24,4600.6975,4431.947833,1.221508,4.958382,2.825145,2.204103,1.034942,-2.856898,2.865431,-0.586184
2025-12-29,4639.37,4602.186167,4437.42425,0.804714,4.45045,2.916507,2.186564,1.680428,-3.519887,3.26165,-0.20326
2025-12-30,4651.28,4602.706667,4443.141833,1.049791,4.57807,1.839878,2.130317,2.181657,-4.631016,2.997239,-0.458798
2025-12-31,4629.94,4602.5275,4448.40425,0.59383,3.999847,2.747684,2.177656,1.636663,-4.17499,3.471967,1.567191
2026-01-05,4717.75,4602.665333,4454.457167,2.469644,5.742679,1.518172,0.353568,-2.397653,-2.624137,1.546076,-2.369138
2026-01-06,4790.69,4605.563,4460.96275,3.940953,7.130985,-0.621042,-1.510297,-2.76354,-4.798872,-0.016073,-3.855603
2026-01-07,4776.67,4608.607833,4467.311583,3.581783,6.695686,-0.729943,-1.128464,-1.646203,-2.976878,0.27739,-3.57341
2026-01-08,4737.65,4611.917667,4473.311417,2.689748,5.741229,0.290439,-0.294672,-1.429223,-1.950231,1.10329,-2.779226
2026-01-09,4758.92,4614.4615,4479.476917,3.082558,6.051447,-0.570028,-1.192647,-2.453082,-1.218594,0.651408,-3.213754
2026-01-12,4789.92,4617.319833,4485.999583,3.66993,6.555237,-1.164603,-1.747145,-1.490408,-2.209443,-0.603142,-3.840148
2026-01-13,4761.03,4621.433167,4492.054083,2.975917,5.815395,-0.889255,-1.169162,-0.774463,-0.514234,-0.150388,-3.256648
2026-01-14,4741.93,4624.828333,4497.748917,2.500497,5.286719,-0.398521,-0.506136,-0.594561,-0.280025,0.251796,-2.866976
2026-01-15,4751.43,4627.221,4503.297417,2.648915,5.363574,-0.585112,0.05134,-0.672581,0.126408,0.051353,-3.061184
2026-01-16,4731.87,4629.542667,4508.405,2.186239,4.837704,-0.622619,-0.540994,-1.521705,0.760646,0.464932,-2.66047
2026-01-19,4734.46,4631.678,4513.527417,2.194845,4.77887,-0.582541,-2.751222,-0.57022,1.367116,0.409973,-2.71372
2026-01-20,4718.88,4632.648,4518.276083,1.844286,4.344096,-0.279907,-1.253243,0.359819,1.419245,0.74149,-2.392517
2026-01-21,4723.07,4632.7655,4523.242,1.930502,4.323002,-0.107615,-0.517739,0.080424,0.975521,0.652118,-2.479108
2026-01-22,4723.71,4633.2945,4528.141083,1.932634,4.228301,0.636452,-1.13455,-0.276861,0.995094,0.638481,-2.492321
2026-01-23,4702.5,4632.538833,4532.728417,1.498922,3.677022,0.081625,-1.260435,0.55497,1.177726,1.092398,-2.052525
2026-01-26,4706.96,4632.489667,4537.359417,1.594782,3.669705,-2.168681,0.256736,-1.090703,2.172758,0.996609,-2.145334
2026-01-27,4705.69,4633.573333,4542.61025,1.544407,3.527062,-0.973336,0.394699,-2.214671,2.136526,1.023867,-2.190327
2026-01-28,4717.99,4634.649833,4548.13575,1.782221,3.666544,-0.410124,-0.088424,-1.501254,3.316587,0.760493,-2.445321
2026-01-29,4753.87,4636.902667,4553.828833,2.491241,4.299064,-1.771002,-0.723921,-1.984916,3.038026,-0.378218,-3.181618
2026-01-30,4706.34,4638.220667,4558.852917,1.457972,3.18395,-1.342061,-0.980711,-1.9499,3.457552,0.627876,-2.203836
2026-02-02,4605.98,4636.763667,4562.957,-0.666118,0.938458,2.425417,2.181002,1.482237,7.240377,2.820464,-0.072949
2026-02-03,4660.11,4636.452333,4567.502333,0.508956,2.007253,1.368035,1.613062,0.948044,5.995451,1.626142,-1.233662
2026-02-04,4698.68,4636.512833,4572.449917,1.331908,2.723247,0.3217,0.598163,-0.236943,6.182424,0.791925,-2.044404
2026-02-05,4670.42,4636.817,4577.015833,0.722086,2.020178,1.047081,0.85769,-0.02741,5.096136,1.401801,-1.45169
2026-02-06,4643.6,4636.7785,4581.180583,0.147009,1.353319,0.36135,1.815405,0.600314,4.546414,1.987467,-0.882505
2026-02-09,4719.06,4637.061667,4585.70125,1.752872,2.866659,-0.244415,-1.347439,-1.744714,2.396535,0.356639,-2.467441
2026-02-10,4724.3,4638.664333,4590.292833,1.829294,2.877558,0.245027,-2.60937,-1.406239,2.685294,0.245327,-2.57562
2026-02-11,4713.82,4640.593833,4594.555083,1.565628,2.562669,0.276463,-1.41283,-2.809027,2.86244,0.468198,-2.76994
2026-02-12,4719.58,4643.117,4598.5565,1.63339,2.597736,-0.189391,-1.260995,-3.28589,1.336906,0.345582,-3.232491
2026-02-13,4660.41,4644.319,4602.1985,0.345867,1.25693,1.454055,-0.969189,-5.341632,3.886446,1.6196,-5.201474
2026-02-24,4707.54,4646.6955,4605.833,1.300916,2.184193,-1.103025,-0.698765,-5.07217,4.44682,0.602225,-6.150558
2026-02-25,4735.89,4651.400167,4609.564833,1.800139,2.703621,-2.854396,-0.665017,-4.280008,4.378347,-0.152453,-6.71236
2026-02-26,4726.87,4656.047167,4612.472083,1.509641,2.449929,-1.689293,-0.835106,-5.419169,3.763791,0.03808,-6.534345
2026-02-27,4710.65,4659.718,4614.484,1.087097,2.062585,-1.071604,-0.8851,-4.517756,4.230511,0.382537,-6.212518
2026-03-02,4728.67,4663.235333,4616.784667,1.393449,2.394548,-2.423244,-1.215092,-5.135707,3.398177,-0.511137,-6.569923
2026-03-03,4655.9,4665.577,4619.03275,-0.207628,0.794991,0.404259,-0.397274,-4.52199,3.965927,1.043837,-5.109646
2026-03-04,4602.62,4666.843,4620.18975,-1.385712,-0.381007,2.189379,1.203131,-1.677169,6.557652,2.213522,-4.011194
2026-03-05,4647.69,4668.029667,4621.4475,-0.436675,0.566235,0.854187,-1.396197,-3.699061,6.075409,1.222328,-4.942025
2026-03-06,4660.44,4669.798167,4622.586917,-0.200599,0.815538,0.186504,-2.024895,-4.827758,5.109426,0.945404,-5.202084
2026-03-09,4615.46,4671.205,4623.628667,-1.200553,-0.176828,1.208153,-4.372443,-3.861753,4.272318,1.929168,-4.27823
2026-03-10,4674.76,4673.3415,4625.41975,0.030348,1.06107,-0.801533,-4.373404,-1.70872,0.828261,0.636182,-5.492474
2026-03-11,4704.5,4675.340833,4628.247167,0.621743,1.634128,-0.986248,-3.614991,-2.983377,2.047343,-0.360081,-6.089914
2026-03-12,4687.56,4676.437667,4630.140833,0.237555,1.232491,-2.250384,-4.584064,-1.093732,1.293554,-0.341329,-5.75054
2026-03-13,4669.14,4677.619667,4631.820583,-0.181446,0.80249,-2.211399,-3.632656,-0.493598,1.134436,0.05183,-5.378721
2026-03-16,4671.56,4678.9485,4633.781417,-0.158034,0.811981,-5.580596,-3.920616,0.634175,2.238666,0.63619,-5.427737
2026-03-17,4637.44,4680.3695,4635.382083,-0.921457,0.044386,-3.571871,-4.124716,1.025679,5.337945,1.376622,-4.731921
2026-03-18,4658.33,4681.659167,4636.30125,-0.499556,0.474011,-2.628743,-2.8803,1.666468,4.735463,1.680431,-5.159145
2026-03-19,4583.25,4682.179,4636.811667,-2.135525,-1.161864,-2.33368,-2.302864,3.123563,7.321254,3.346097,-3.60552
2026-03-20,4567.02,4683.336833,4637.094667,-2.514994,-1.522711,-1.421257,-2.802862,4.08488,7.882825,4.169458,-3.262959
2026-03-23,4418,4680.638833,4636.216833,-5.77475,-4.821159,1.65998,0.51069,7.623982,13.561218,7.922137,0.511996
2026-03-24,4474.72,4679.337667,4635.581,-4.47128,-3.531776,-0.552845,2.664684,7.009505,9.474076,7.261013,-0.762059
2026-03-25,4537.47,4678.825833,4635.909,-3.06776,-2.146271,-0.251557,0.631614,5.339435,8.560689,5.777669,-2.134449
2026-03-26,4477.53,4676.591,4635.70575,-4.349787,-3.47169,0.030816,3.490331,6.314267,11.43783,7.193698,-0.824338
2026-03-27,4502.57,4674.621667,4635.53875,-3.749989,-2.910408,-1.381606,3.139057,5.78971,7.808002,6.597565,-1.375881
2026-03-30,4491.95,4672.253167,4635.306833,-3.935453,-3.141549,-1.14929,4.554791,5.758464,9.242714,6.849586,-1.142711
2026-03-31,4450.05,4669.045,4634.34,-4.803922,-4.057846,3.217529,5.150394,7.785451,11.240009,8.096538,-0.211908
2026-04-01,4526.07,4666.858833,4633.778167,-3.063221,-2.351854,0.883172,4.546768,6.028366,9.134606,6.280946,-1.887951
2026-04-02,4478.91,4664.1845,4633.185333,-4.053329,-3.38649,3.459516,5.426427,8.516902,7.179543,8.890109,-0.854895
2026-04-03,4440.79,4660.676333,4631.6915,-4.832828,-4.208985,4.520663,6.887742,9.850699,8.653068,10.352212,-0.003828
2026-04-07,4440.62,4657.521,4630.02425,-4.768933,-4.17681,5.704081,7.113292,9.269205,8.653385,10.356437,2.828434
2026-04-08,4595.56,4655.4845,4629.074917,-1.295537,-0.726643,1.932866,4.344821,7.46686,4.19115,7.7527,-0.638442
2026-04-09,4566.22,4651.743333,4628.653167,-1.855633,-1.35802,3.663596,4.707821,8.030783,4.062242,8.44506,1.540662
2026-04-10,4636.57,4649.408333,4629.008083,-0.27651,0.163226,1.966911,2.823935,7.513099,5.041392,7.802535,0.206618
2026-04-13,4646.15,4647.883333,4629.9005,-0.0373,0.350354,2.367079,2.650653,5.617145,2.856689,7.580255,0.841557
2026-04-14,4701.28,4646.922667,4630.692083,1.16296,1.512848,1.409212,1.203674,3.311926,-0.125577,6.318705,-0.340971
2026-04-15,4685.25,4645.178167,4631.249,0.858955,1.159268,2.411956,2.635057,3.11557,2.346721,6.682461,0.926738
2026-04-16,4736.61,4644.771167,4633.102167,1.957958,2.209503,1.044225,1.481599,2.425065,1.053626,5.525682,-0.16763
2026-04-17,4728.67,4644.550167,4634.68925,1.794945,2.007483,0.857024,3.090475,2.547905,-0.641557,5.702872,0.608416
2026-04-20,4757.44,4644.650333,4635.935667,2.399362,2.587166,0.283574,2.962957,0.537916,-4.918646,5.063648,0.016185
2026-04-21,4768,4645.2525,4637.397583,2.60812,2.777359,-0.205538,2.155913,1.604096,-3.623591,4.830956,-0.205327
2026-04-22,4799.63,4646.338667,4639.008333,3.245931,3.403821,0.223101,3.122039,2.509485,-1.266416,4.140111,-0.862983
2026-04-23,4786.33,4647.462833,4640.055417,2.944249,3.103763,0.437374,3.322962,3.31892,-1.454006,4.42949,-0.587507
2026-04-24,4769.37,4648.2345,4640.5,2.572675,2.73921,2.233451,4.689164,2.868694,-0.871194,4.800844,-0.233993
2026-04-27,4770.95,4649.021833,4641.158167,2.588861,2.758151,2.679383,2.966492,2.958556,-2.585244,4.766137,-0.267033
2026-04-28,4758.21,4649.950333,4641.244583,2.301501,2.488899,2.361451,2.108253,2.77542,-1.179215,5.046646,0.523096
2026-04-29,4810.35,4651.6735,4642.081583,3.35428,3.560696,2.898938,0.480513,0.702465,-5.136168,3.908032,-0.566487
2026-04-30,4807.31,4653.367167,4643.47025,3.25466,3.467569,2.885588,0.943467,2.206455,-4.402485,3.97374,-0.503608
2026-05-06,4877.09,4656.018833,4645.334333,4.638798,4.868538,2.455713,-0.542571,1.257568,-6.948304,2.486114,-1.927174
2026-05-07,4900.51,4658.462833,4647.68275,5.065375,5.297052,0.287109,-2.425041,0.086484,-6.585149,1.996323,-2.395873
2026-05-08,4871.91,4661.222333,4649.7215,4.420834,4.667873,-0.253199,-0.551817,-1.135134,-6.985885,2.595081,-1.822899
2026-05-11,4951.84,4666.986667,4651.875167,5.924561,6.248882,-2.418424,-0.612554,-4.929879,-7.350077,0.939045,-4.810333
2026-05-12,4948.05,4671.785667,4654.119,5.745219,6.124093,-1.942122,-0.004042,-3.000063,-6.037519,1.01636,-4.737422
2026-05-13,4998.34,4676.78,4656.646417,6.649602,7.081032,-2.998283,-1.820469,-5.125813,-7.195696,-1.010135,-5.695891
2026-05-14,4914.6,4680.849667,4658.833333,4.873072,5.344531,-2.712149,-0.007936,-3.98911,-4.583154,0.676556,-4.089041
2026-05-15,4859.59,4684.4495,4660.614,3.670567,4.180687,-0.298619,0.667168,-1.707435,-3.296187,1.816203,-3.00334
2026-05-18,4833.52,4686.357167,4661.709417,3.091942,3.619277,1.80587,0.221952,1.196695,-3.574656,2.365357,-2.48018
2026-05-19,4852.88,4688.500167,4663.58225,3.445961,3.978847,1.93808,1.262988,0.64393,-3.394362,1.956982,-2.869224
2026-05-20,4850.7,4690.7815,4665.687667,3.352382,3.888779,1.177814,1.800139,1.649787,-3.92603,2.002804,-2.825572
2026-05-21,4783.1,4691.840167,4667.478583,1.926401,2.446986,2.704214,2.511525,3.260029,-2.481242,3.444419,-1.452196
2026-05-22,4845.1,4694.918333,4669.618667,3.148717,3.689047,0.965786,-0.583317,4.33314,-2.169871,4.428392,-2.713257
2026-05-25,4921.6,4698.486,4672.59075,4.639335,5.192,-1.583918,-4.317325,-0.044914,-4.059471,2.805185,-4.225455
2026-05-26,4947.85,4702.018667,4676.709417,5.096122,5.635839,-0.675091,-2.996021,-0.097666,-7.535638,2.259769,-4.733571
2026-05-27,4908.17,4705.040333,4680.54375,4.226682,4.748687,0.622325,-3.305343,2.254869,-6.642219,3.086486,-3.963392
2026-05-28,4914.21,4708.433,4684.0755,4.277585,4.796244,-0.192688,-3.981175,-0.940264,-6.197443,2.959784,-4.081429
2026-05-29,4892.12,4711.157167,4687.19625,3.769219,4.279116,-1.549103,-2.374603,0.70883,-6.961696,3.424691,-3.648316
2026-06-01,4844.26,4714.2965,4689.93675,2.71948,3.23754,-2.733407,0.974744,2.752093,-6.222121,4.4465,-2.696387
2026-06-02,4914.56,4719.4955,4693.16925,4.050032,4.609413,-2.32093,-0.619058,0.899785,-6.815011,2.952451,-4.08826
2026-06-03,4938.81,4724.3475,4696.188583,4.439496,5.037317,-3.927668,-0.150352,-2.594927,-6.450707,2.446946,-4.559195
2026-06-04,4904.75,4728.419333,4699.10875,3.661316,4.283126,-3.788486,0.748504,-1.284116,-6.215416,3.158367,-3.896427
2026-06-05,4816.92,4731.777,4701.491,1.78339,2.425503,-0.8255,4.916457,0.519314,-4.063889,5.03932,-2.144109
2026-06-08,4713.64,4732.425,4702.88325,-0.397732,0.228466,3.70815,4.272411,1.654168,-2.192026,7.340824,0.186056
2026-06-09,4801.81,4734.046833,4704.693833,1.421253,2.043223,1.701872,2.898355,-0.968478,-5.431415,5.36985,-1.653543
2026-06-10,4748.59,4735.064,4705.750833,0.285249,0.906239,3.777316,5.560212,2.654105,-4.215363,6.550787,-0.551322
2026-06-11,4722.41,4735.951833,4706.78575,-0.286346,0.331402,4.53699,3.04091,1.228654,-3.762069,7.141481,0.701337
2026-06-12,4777.32,4737.7145,4708.3315,0.832487,1.454612,5.741957,3.083433,-1.730067,-4.326865,5.910008,-1.715188
2026-06-15,4891.71,4741.952333,4711.160917,3.1093,3.760758,0.56426,1.777349,-1.965545,-7.049567,3.43336,-4.013525
2026-06-16,4884.23,4745.717333,4713.68825,2.876905,3.554098,1.196483,1.518843,-2.01537,-6.592968,3.591764,-3.866526
2026-06-17,4931.39,4751.519667,4716.849333,3.71564,4.447983,1.782896,-2.444576,-4.839249,-8.084757,2.601092,-4.785872
2026-06-18,4941.6,4757.762667,4720.54975,3.791164,4.57639,-1.49608,-2.03262,-8.716592,-9.135654,2.389105,-8.347499
2026-06-22,5059.66,4768.457,4724.547917,5.927651,6.852741,-2.658524,-4.397143,-9.560827,-12.165838,-0.781871,-10.48608
2026-06-23,4919.39,4775.868167,4727.602917,2.960877,3.976625,1.213089,-2.618242,-3.730986,-10.027145,2.047205,-7.933707
2026-06-24,4943.02,4782.627333,4730.726583,3.298643,4.389768,0.322359,-3.866833,-4.67526,-9.829317,1.559371,-8.373828
2026-06-25,5020.1,4791.670167,4734.130583,4.657083,5.865176,-4.227471,-2.906107,-5.994757,-11.826521,-0.810143,-9.780682
2026-06-26,4868.22,4797.764333,4736.193,1.457832,2.749472,-0.53654,-1.812256,-4.603536,-7.70101,2.284408,-6.965996
2026-06-29,4926.92,4805.013833,4738.6335,2.505413,3.896524,-1.738619,-4.8135,-4.663465,,1.065777,-8.074416
2026-06-30,4979.43,4813.836833,4741.440917,3.382098,4.897435,-3.831331,-3.742894,-8.590726,,-0.41069,-9.043806
2026-07-01,4958.98,4821.052,4743.955417,2.820791,4.432881,-4.189192,-3.534212,-7.508725,,-1.667077,-8.668718
2026-07-02,4812.3,4826.6085,4745.3965,-0.296891,1.400015,1.321365,-2.394673,-5.610945,,1.330133,-5.88492
2026-07-03,4842.17,4833.298167,4746.98725,0.183388,1.985281,-1.275716,-6.683972,-5.387518,,0.705056,-6.46549
2026-07-06,4842,4839.987833,4748.754417,0.041565,1.94455,-3.074881,-5.163684,-6.370065,,0.708591,-6.462206
2026-07-07,4792.26,4843.266167,4749.375333,-1.05872,0.898902,0.088437,-1.112744,-4.074366,,1.75387,-5.491355
2026-07-08,4755.53,4846.421333,4749.082333,-1.893241,0.135675,0.65498,-0.808427,-2.068978,,2.53978,-4.761404
2026-07-09,4876.31,4850.417,4749.912667,0.532411,2.626255,-3.716038,-3.088651,-4.723989,,-1.636688,-7.120343
2026-07-10,4780.79,4852.661,4750.272167,-1.492141,0.640389,-5.408256,-2.791279,-1.822698,,0.328607,-5.264611
2026-07-13,4695.38,4852.562667,4749.742667,-3.29279,-1.151139,-2.088803,0.150035,0.141316,,2.153606,-3.541353
2026-07-14,4796.5,4854.416833,4749.7975,-1.200249,0.97845,-1.201181,-4.847832,-2.805806,,-0.202648,-5.574898
2026-07-15,4786.78,4855.253,4750.012083,-1.420326,0.771079,-1.463407,-3.974513,-2.022923,,-0.993361,-5.383159
2026-07-16,4698.43,4854.749,4749.649583,-3.272899,-1.084243,0.627387,-3.216272,-0.736568,,0.868375,-3.60397
2026-07-17,4529.1,4850.943333,4747.796833,-6.864994,-4.715744,2.616977,1.296455,2.975321,,4.639553,0.310879
2026-07-20,4598.32,4848.115333,4746.683917,-5.289902,-3.175523,2.238838,-1.206381,3.057816,,3.105047,-1.199134
2026-07-21,4739.23,4847.108667,4746.723667,-2.25077,-0.157995,-3.646651,-2.961622,-0.28357,,0.039458,-4.136748
2026-07-22,4717.24,4845.957167,4746.71,-2.69209,-0.622786,-2.511106,-1.260551,-2.762712,,0.505804,-3.689869
2026-07-23,4728,4845.267667,4746.751083,-2.450021,-0.395812,-3.843659,-1.635338,-2.902331,,0.277073,-3.909052
2026-07-24,4649.19,4843.238333,4746.130083,-4.089056,-2.063656,-1.320522,0.968582,-0.653643,,1.976904,-2.280182
2026-07-27,4702.43,4842.308667,4746.1295,-2.931221,-0.925005,-3.445219,-0.008719,-3.00706,,0.822341,-3.386547
2026-07-28,4569.52,4838.294833,4744.984167,-5.715418,-3.767993,0.685029,2.042026,-0.383488,,3.75488,-0.576428
2026-07-29,4600.26,4834.844,4744.105583,-4.973604,-3.079009,1.250555,1.95159,-0.20607,,3.061566,-1.240799
2026-07-30,4549.72,4829.387833,4742.703333,-5.965402,-4.15416,2.208321,2.479704,1.755165,,4.206413,-0.143745
2026-07-31,4588.2,4824.182667,4741.32275,-5.015353,-3.282837,2.289104,1.678867,0.456218,,3.332462,-0.981213
2026-08-03,4543.18,4818.703833,4739.963083,-5.887777,-4.240214,3.4365,4.264197,1.786862,,4.35642,0.194797
2026-08-04,4600.93,4812.855333,4739.921,-4.503208,-2.976201,1.356997,2.678052,0.228172,,3.046558,-1.062829
2026-08-05,4658.15,4808.023667,4739.904667,-3.166775,-1.739865,0.701035,-1.502161,-2.393959,,1.78075,-2.365531
2026-08-06,4651.31,4802.239833,4739.509917,-3.193354,-1.878484,0.271383,-1.266993,-2.14548,,1.930424,-2.221955
2026-08-07,4694.44,4798.5705,4739.710083,-2.193923,-0.959714,-0.610237,-1.622225,-3.168026,,0.993942,-3.120287
2026-08-10,4702.02,4795.944333,4740.196917,-1.977843,-0.808647,0.827697,-2.998341,-2.738113,,0.831132,-3.276464
2026-08-11,4663.79,4793.1155,4739.736333,-2.73522,-1.615309,1.321055,-2.425513,-2.278215,,1.657665,-2.483602
2026-08-12,4690.92,4790.416167,4739.458167,-2.098856,-1.029409,-2.203197,-2.15766,-2.554675,,1.069726,-3.04759
2026-08-13,4663.95,4787.303667,4739.042583,-2.610462,-1.59724,-1.538376,-0.724539,-2.50894,,1.654177,-2.486948
2026-08-14,4665.88,4785.35,4738.595083,-2.528271,-1.546424,-1.011987,-1.222649,-3.394383,,1.612129,-3.33742
2026-08-17,4741.1,4783.616667,4739.2675,-0.892771,0.038659,-3.826038,-2.477335,-5.662827,,-0.322499,-5.505473
2026-08-18,4725.81,4780.3535,4739.41975,-1.147552,-0.287574,-3.746569,-2.44988,-6.012589,,-2.021452,-5.835402
2026-08-19,4588.7,4774.367667,4738.193167,-3.966478,-3.205912,0.045536,-0.891798,-2.391345,,0.906139,-3.021771
2026-08-20,4592.75,4769.110667,4737.0755,-3.768087,-3.094099,0.813837,-0.878487,-2.929433,,0.817157,-3.107289
2026-08-21,4618.9,4764.188833,4736.310917,-3.097071,-2.510196,-0.210661,-1.545801,-2.443831,,0.246379,-3.655849
2026-08-24,4563.13,4758.705667,4734.931417,-4.196692,-3.695845,1.348704,0.260228,,,,
2026-08-25,4552.03,4753.835167,4734.065833,-4.337841,-3.921113,1.296689,0.147298,,,,
2026-08-26,4590.79,4748.439,4733.96725,-3.376381,-3.071147,-0.937334,-0.397015,,,,
2026-08-27,4630.28,4743.296833,4733.822167,-2.411509,-2.21156,-1.692324,-1.784402,,,,
2026-08-28,4609.18,4738.370667,4733.395,-2.764337,-2.659274,-1.33514,-2.171734,,,,
2026-08-31,4625.09,4735.1735,4733.47525,-2.352254,-2.316383,-1.088476,-3.185493,,,,
2026-09-01,4611.44,4733.470167,4732.947583,-2.611841,-2.6008,-1.14939,-3.562709,,,,
2026-09-02,4547.96,4729.239333,4731.643083,-3.908559,-3.959374,0.540319,-1.499547,,,,
2026-09-03,4552.58,4725.9725,4730.51825,-3.737925,-3.834066,-0.092078,-2.050947,,,,
2026-09-04,4548.05,4723.0665,4729.509167,-3.77597,-3.912286,-0.836594,-0.89803,,,,
2026-09-07,4575.02,4719.694833,4728.704667,-3.113307,-3.304024,-2.097017,,,,,
2026-09-08,4558.74,4714.145333,4728.048833,-3.352136,-3.646634,-2.413318,,,,,
2026-09-09,4572.6,4708.9515,4727.334417,-2.93833,-3.327952,-2.039866,,,,,
2026-09-10,4548.39,4702.568167,4727.043917,-3.333545,-3.852672,-1.958868,,,,,
2026-09-11,4510.16,4695.3775,4726.570083,-4.024588,-4.686717,-0.061436,,,,,
2026-09-14,4480.08,4685.717833,4727.087417,-4.487822,-5.366834,,,,,,
2026-09-15,4450.04,4677.895333,4726.88175,-4.993521,-6.035265,,,,,,
2026-09-16,4480.27,4670.182833,4726.405083,-4.151491,-5.348158,,,,,,
2026-09-17,4460.16,4660.8505,4726.260333,-4.40133,-5.794962,,,,,,
2026-09-18,4507.39,4654.836667,4726.3005,-3.218855,-4.742449,,,,,,
