date,close,ma60,ma200,deviation60Pct,deviation200Pct,forwardReturn5Pct,forwardReturn20Pct,forwardReturn60Pct,maxForwardGain20Pct,maxForwardDrawdown20Pct
1990-12-19,99.98,,,,,22.550124,29.473357,22.102088,34.766953,4.410882
1990-12-20,104.39,,,,,18.241735,25.149536,17.39203,29.073666,4.540665
1990-12-21,109.13,,,,,14.730714,20.708941,12.499603,23.467424,4.966554
1990-12-24,114.55,,,,,10.796733,15.473665,7.214808,17.625491,4.975993
1990-12-25,120.25,,,,,6.899842,10.20536,1.951723,12.049896,4.174636
1990-12-26,125.27,,,,,3.813939,5.694108,-2.546724,7.559671,0.007983
1990-12-27,125.28,,,,,4.799924,5.262941,-2.96498,7.551086,0.933908
1990-12-28,126.45,,,,,4.340939,3.885565,-4.306518,6.555951,0.917359
1990-12-31,127.61,,,,,3.896148,2.583683,-5.641654,5.587336,0.963874
1991-01-02,128.84,,,,,3.433093,1.234203,-6.94975,4.579323,1.009003
1991-01-03,130.14,,,,,2.90051,-0.130714,-7.505415,3.534655,-0.130629
1991-01-04,131.44,,,,,2.375694,-1.479238,-8.10259,2.510651,-1.468351
1991-01-07,132.06,,,,,1.957098,-2.305644,-8.16152,2.029381,-2.279267
1991-01-08,132.68,,,,,1.540678,-3.138894,-8.621689,1.552608,-3.090142
1991-01-09,133.34,,,,,0.672699,-3.200517,-9.265883,1.049948,-3.569822
1991-01-10,133.97,,,,,0.208784,-3.169813,-10.108182,0.574756,-4.023289
1991-01-11,134.6,,,,,-0.267817,-3.185415,-10.966231,0.104012,-4.472511
1991-01-14,134.67,,,,,-0.31981,-2.785905,-11.400315,0.051979,-4.522165
1991-01-15,134.74,,,,,-0.759893,-2.548148,-11.885976,-0.363663,-4.571768
1991-01-16,134.24,,,,,-0.800274,-1.743356,-11.87426,0.007449,-4.216329
1991-01-17,134.25,,,,,-1.229124,-1.28947,-12.251488,-0.007449,-4.223464
1991-01-18,134.24,,,,,-1.64486,-0.830315,-12.606741,0,-4.216329
1991-01-21,134.24,,,,,-2.092662,-0.425517,-12.979244,-0.387366,-4.216329
1991-01-22,133.72,,,,,-2.093249,0.417911,-12.973535,0.418786,-3.843853
1991-01-23,133.17,,,,,-2.071316,1.268484,-12.876905,1.276564,-3.446722
1991-01-24,132.61,,,,,-2.010884,1.340794,-12.840596,1.704246,-3.038987
1991-01-25,132.05,,,,,-1.942254,1.413664,-12.795386,2.135555,-2.627793
1991-01-28,131.46,,,,,-1.85027,1.517411,-12.692442,2.593945,-2.19078
1991-01-29,130.95,,,,,-1.826429,1.560874,-12.67579,2.993509,-1.809851
1991-01-30,130.44,,,,,-1.001626,1.589568,-12.112348,3.396197,-1.425943
1991-01-31,129.97,,,,,-0.138589,1.542251,-12.454781,3.770101,-1.069478
1991-02-01,129.51,,,,,0.669517,1.494452,-12.80861,4.138677,-0.718091
1991-02-04,129.05,,,,,1.476836,1.453928,-13.139718,4.50988,-0.3642
1991-02-05,128.58,,,,,2.131424,1.413205,-13.439838,4.891896,0.435527
1991-02-06,129.14,,,,,2.129859,0.579085,-14.588644,4.437045,0.50333
1991-02-07,129.79,,,,,2.089128,-0.370514,-15.80105,3.914015,-0.369828
1991-02-08,130.38,,,,,2.087283,-1.24254,-16.970021,3.44378,-1.234852
1991-02-11,130.97,,,,,2.040579,-3.749661,-18.096339,2.977781,-3.680232
1991-02-12,131.35,,,,,2.206166,-4.452444,-19.083888,2.679863,-4.354777
1991-02-13,131.92,,,,,2.211567,-5.252286,-20.154703,2.236204,-5.116737
1991-02-14,132.53,,,,,1.401139,-6.081799,-21.220607,1.765638,-5.900551
1991-02-19,133.13,,,,,0.599118,-6.927191,-22.252405,1.306993,-6.692706
1991-02-20,133.67,,,,,-0.149734,-7.783821,-23.410715,0.897733,-7.488591
1991-02-21,134.28,,,,,-0.950286,-8.676768,-22.943752,0.43938,-8.310992
1991-02-22,134.87,,,,,-1.750232,-9.522121,-22.384818,-0.348484,-9.08282
1991-02-25,134.4,,,,,-1.809427,-9.581626,-21.121719,-0.349702,-9.136905
1991-02-26,133.93,,,,,-1.861465,-9.641585,-21.287391,-0.343463,-9.191369
1991-02-27,133.47,,,,,-1.913753,-9.709494,-20.179518,-0.344647,-9.253016
1991-02-28,133.01,,,,,-1.974098,-9.786211,-18.921694,-0.360875,-9.322607
1991-03-01,132.53,,,,,-2.01211,-9.773521,-18.03466,-0.407455,-9.311099
1991-03-04,131.99,,,,,-2.051354,-8.916951,-16.708852,-0.401546,-8.940071
1991-03-05,131.46,,,,,-2.067476,-8.117804,-15.352964,-0.395558,-8.57295
1991-03-06,130.94,,,,,-3.726753,-7.309804,-14.012095,-0.404766,-8.209867
1991-03-07,130.41,,,,,-3.734225,-6.896001,-12.723056,-0.398742,-7.836822
1991-03-08,129.89,,,,,-3.701513,-6.644451,-11.33564,-0.446532,-7.467857
1991-03-11,129.31,,,,,-3.622158,-6.567855,-9.901357,-0.417601,-7.052819
1991-03-12,128.77,,,,,-3.597368,-6.538276,-8.59036,-2.034635,-6.663043
1991-03-13,126.15,,,,,-1.993581,-4.864749,-5.541132,-0.412208,-4.748315
1991-03-14,125.63,,,,,-2.018159,-4.885385,-4.194032,-0.366155,-4.767969
1991-03-15,125.17,129.449333,,-3.361674,,-2.058267,-4.878617,-2.836035,-0.3675,-4.761524
1991-03-18,124.71,129.8615,,-4.047746,,-2.098687,-4.880219,-1.47014,-0.392912,-4.76305
1991-03-19,124.22,130.192,,-4.69561,,-2.115276,-4.849235,-0.088592,-0.450813,-4.733537
1991-03-20,123.66,130.434167,,-5.333277,,-2.075407,-4.769906,1.349418,-0.436681,-4.657933
1991-03-21,123.12,130.577,,-5.88036,,-2.059729,-4.714678,1.138716,-0.406108,-4.605263
1991-03-22,122.62,130.6165,,-6.317541,,-2.001632,-4.623268,2.53647,-0.407764,-4.518023
1991-03-25,122.12,130.564,,-6.685936,,-1.144752,-4.599764,3.941911,-0.327547,-4.495578
1991-03-26,121.62,130.503,,-7.049479,,-0.337685,-4.567465,5.33919,0.082223,-4.464726
1991-03-27,121.12,130.414167,,-7.393349,,0.485938,-4.500358,6.743949,0.495376,-4.400594
1991-03-28,120.61,130.2975,,-7.72581,,0.916113,-4.450453,8.156585,0.920322,-4.352873
1991-03-29,120.19,130.153333,,-7.963942,,1.11696,-3.928395,9.501515,1.272984,-4.018637
1991-04-01,120.73,129.9965,,-7.395088,,0.297742,-5.08008,10.046992,0.820012,-4.953201
1991-04-02,121.21,129.826,,-6.867051,,-0.487947,-6.185258,10.649015,0.420757,-5.997855
1991-04-03,121.71,129.6535,,-6.322434,,-1.281698,-7.283842,11.24098,0.008216,-7.024895
1991-04-04,121.72,129.470833,,-6.173231,,-1.723609,-7.957042,12.233686,-0.14788,-7.648702
1991-04-05,121.54,129.274167,,-6.169205,,-1.935678,-8.523278,11.864201,-0.370248,-8.17015
1991-04-08,121.09,129.0595,,-6.373947,,-1.934522,-8.862681,11.582665,-0.388141,-8.481295
1991-04-09,120.62,128.8265,,-6.582143,,-1.908327,-9.189205,11.462767,-0.381363,-8.779639
1991-04-10,120.16,128.584667,,-6.776338,,-1.898738,-9.481929,12.845235,-0.432756,-9.046272
1991-04-11,119.64,128.333,,-7.014121,,-1.847452,-9.74606,12.787349,-0.359412,-9.286192
1991-04-12,119.21,128.0825,,-7.178794,,-1.802918,-10.0238,12.646006,-0.369097,-9.53779
1991-04-15,118.77,127.8245,,-7.346938,,-1.818232,-10.258589,12.54157,-0.362044,-9.749937
1991-04-16,118.34,127.5595,,-7.502109,,-1.833506,-10.475979,12.420333,-0.37181,-9.945919
1991-04-17,117.9,127.287167,,-7.660888,,-1.80586,-10.856988,12.336539,-0.381679,-10.28838
1991-04-18,117.45,127.016,,-7.830035,,-1.795504,-9.552306,12.283153,-0.315028,-9.944657
1991-04-19,117.08,126.747833,,-7.934209,,-1.306759,-8.239429,12.854374,-0.384353,-9.660061
1991-04-22,116.63,126.4815,,-8.108952,,-1.625068,-6.940329,14.23346,-0.377261,-9.311498
1991-04-23,116.19,126.217167,,-8.277719,,-1.955479,-7.078342,15.603007,-0.344264,-8.96807
1991-04-24,115.79,125.956,,-8.415443,,-2.297546,-5.969665,16.944283,-0.198635,-8.653597
1991-04-25,115.36,125.696167,,-8.580995,,-2.590477,-4.68503,16.973107,0.17337,-8.313107
1991-04-26,115.56,125.448167,,-8.210278,,-3.477922,-4.332744,17.797093,-0.700935,-8.47179
1991-04-29,114.75,125.1945,,-8.711268,,-3.484859,-2.711821,19.451991,-0.705882,-7.825708
1991-04-30,113.94,124.935,,-9.212161,,-3.491894,-1.049902,21.081581,-0.684571,-7.170441
1991-05-02,113.16,124.670167,,-9.686884,,-3.479785,0.581551,21.41959,0.583245,-6.530576
1991-05-03,112.41,124.400667,,-10.135464,,-3.512627,2.129987,22.419273,2.152833,-5.906948
1991-05-06,111.61,124.1085,,-10.614553,,-3.4362,3.832089,23.74304,3.90646,-5.232506
1991-05-07,110.82,123.792333,,-11.069817,,-3.33043,5.529179,25.066251,5.684894,-4.556939
1991-05-08,110.03,123.453167,,-11.510881,,-3.195101,7.137121,26.767039,7.397982,-3.871671
1991-05-09,109.29,123.091833,,-11.892579,,-3.273797,8.805545,28.438265,9.204868,-3.220789
1991-05-10,108.53,122.7115,,-12.280944,,-1.653698,10.437413,30.122671,11.001566,-2.543076
1991-05-13,107.84,122.310167,,-12.591152,,-0.018548,12.066381,31.757663,12.824555,-1.91951
1991-05-14,107.19,121.887833,,-12.849826,,1.500028,13.668669,33.349579,14.646889,-1.32475
1991-05-15,106.57,121.445167,,-13.066081,,1.564132,15.236622,34.927218,16.458666,-0.75068
1991-05-16,105.77,120.980167,,-13.435969,,3.081463,16.976312,36.661872,18.502411,0.926539
1991-05-17,106.75,120.521333,,-12.133713,,3.071772,15.4057,36.711209,17.41452,1.002342
1991-05-20,107.82,120.0705,,-10.76159,,2.599927,15.399167,36.643976,16.648117,0.398813
1991-05-21,108.81,119.644,,-9.491742,,2.60344,15.482004,36.708832,16.744784,-0.514659
1991-05-22,108.25,119.216,,-9.649361,,4.072961,16.984996,38.213108,18.512702,0.766744
1991-05-23,109.08,118.8095,,-8.543981,,4.25367,17.213972,38.44039,18.784378,0.916758
1991-05-24,110.08,118.427333,,-7.309218,,4.22454,17.292068,38.391677,18.87718,0.52689
1991-05-27,110.66,118.062833,,-6.475453,,4.68691,17.762654,38.857528,19.437918,0.921742
1991-05-28,111.68,117.724333,,-5.270809,,4.756141,17.838893,38.933767,19.529011,0.958095
1991-05-29,112.75,117.4125,,-4.05204,,4.695129,17.884175,38.976227,19.583149,0.949002
1991-05-30,113.82,117.127167,,-2.864199,,4.74421,17.943272,39.029765,19.653839,0.887366
1991-05-31,114.83,116.8675,,-1.758804,,4.794799,18.060741,39.122739,19.794479,0.992772
1991-06-03,115.97,116.6355,,-0.572215,,4.798092,16.55539,39.131004,18.616884,0.991636
1991-06-04,117.12,116.432333,,0.588878,,4.80906,14.916167,39.119021,17.452186,0.896516
1991-06-05,118.17,116.255667,,1.633248,,4.9044,13.514852,39.220446,16.408564,0.998561
1991-06-06,119.35,116.142333,,2.72439,,4.896969,13.521619,39.216663,15.257646,0.938416
1991-06-07,120.47,116.056333,,3.732505,,3.314589,12.095997,39.279561,14.186104,0.996099
1991-06-10,121.67,115.998,,4.773951,,3.314238,10.603424,39.286587,13.059916,1.002712
1991-06-11,122.89,115.967667,,5.797823,,3.313363,9.13149,39.255219,11.937505,0.992758
1991-06-12,124.11,115.965833,,6.787266,,3.312506,7.65969,39.208129,10.837161,0.338409
1991-06-13,125.34,115.993833,,7.749302,,3.319123,6.217215,39.207874,9.749481,-0.646242
1991-06-14,124.53,116.017333,,7.080705,,4.95814,6.429759,40.848525,10.463342,0.995744
1991-06-17,125.77,116.069833,,8.026282,,4.963413,5.694636,40.856121,9.374255,1.001829
1991-06-18,127.03,116.151667,,8.952647,,4.960329,5.691785,39.377246,8.28938,0.991892
1991-06-19,128.29,116.262833,,9.843989,,4.97214,5.696352,37.799107,7.225817,0.997739
1991-06-20,129.57,116.403667,,10.715724,,4.982969,5.699976,36.270749,6.166551,0.995601
1991-06-21,130.86,116.5745,,11.55975,,4.993214,4.366069,36.119627,5.119976,1.00107
1991-06-24,132.17,116.774167,,12.38471,,3.479646,4.367183,36.114402,4.463948,0.476659
1991-06-25,133.49,116.986833,,13.196518,,1.833416,4.324919,34.586688,4.419807,-0.516893
1991-06-26,134.83,117.213833,,14.001482,,0.325806,4.247308,33.045721,4.338797,-1.5056
1991-06-27,136.19,117.455167,,14.799427,,0.322557,2.894768,31.641573,3.296865,-2.48917
1991-06-28,137.56,117.719167,,15.575834,,-1.169946,2.228545,30.125629,2.268101,-3.460308
1991-07-01,136.85,117.974333,,14.841835,,-1.153873,3.355561,30.147039,3.412495,-2.959445
1991-07-02,135.96,118.222167,,13.97951,,-0.975617,4.620905,30.300972,4.729332,-2.324213
1991-07-03,135.27,118.466333,,13.264397,,-0.950761,6.115066,30.325108,6.305907,-1.825978
1991-07-04,136.63,118.740833,,14.03333,,-2.407435,6.1111,28.854169,6.301691,-2.803191
1991-07-05,135.96,119.012833,,13.312939,,-2.351649,7.589262,29.065646,7.884672,-2.324213
1991-07-08,135.28,119.280667,,12.586745,,-1.59455,9.087857,29.070824,9.513601,-1.833235
1991-07-09,134.64,119.545167,,11.891029,,-0.126342,10.54942,30.403603,11.125966,-1.366607
1991-07-10,133.99,119.806,,11.18914,,1.349168,12.030905,31.874543,12.784536,-0.888126
1991-07-11,133.38,120.064,,10.517726,,2.801884,13.468345,33.254448,14.417454,-0.434848
1991-07-12,132.8,120.319833,,9.869076,,2.894451,14.875751,34.488127,16.039157,0.256024
1991-07-15,133.14,120.5875,,9.902558,,3.63596,15.550173,35.098053,16.824395,0.998948
1991-07-16,134.47,120.884833,,10.650282,,3.593463,15.535044,35.098466,16.806723,0.996505
1991-07-17,135.81,121.211833,,11.371715,,3.523096,15.53176,35.065583,16.802886,0.655327
1991-07-18,137.17,121.568167,,12.074588,,2.177761,15.526442,35.008478,16.796676,-0.342641
1991-07-19,136.7,121.923833,,11.439221,,2.855689,16.73354,36.343333,18.215069,1.002195
1991-07-22,138.07,122.299,,12.129194,,2.468025,16.727691,36.338088,18.208155,0.956037
1991-07-23,139.39,122.709667,,12.745463,,2.129401,16.769955,36.358836,18.258125,0.573929
1991-07-24,140.68,123.155333,,13.304138,,2.193564,16.844744,36.430146,18.346602,-0.348308
1991-07-25,140.19,123.605833,,12.590091,,3.53889,18.191726,37.771602,19.951494,0.335259
1991-07-26,140.66,124.076667,,12.544598,,4.190771,18.833453,38.410005,20.723731,0.611403
1991-07-29,141.52,124.575167,,12.753177,,4.578422,19.220052,38.629823,21.191351,0.614754
1991-07-30,142.39,125.101333,,12.94457,,4.952897,19.581949,38.887104,21.630732,0.990238
1991-07-31,143.8,125.664167,,13.481044,,4.965078,19.590528,38.750223,21.641168,1.001391
1991-08-01,145.24,126.263333,,14.001787,,4.94981,19.583943,38.749501,21.633159,0.991462
1991-08-02,146.68,126.899167,,14.486054,,4.93484,19.594302,38.600603,21.645759,1.002182
1991-08-05,148.15,127.571,,14.95522,,4.867766,19.595305,37.90419,21.646979,0.992238
1991-08-06,149.62,128.278167,,15.389766,,4.859282,19.574309,37.914483,21.621441,1.00254
1991-08-07,151.12,129.020667,,15.810162,,4.850022,19.517533,37.882071,21.552409,0.985971
1991-08-08,152.61,129.801333,,16.188057,,4.859981,19.522314,37.82542,21.55822,0.976345
1991-08-09,154.1,130.5905,,16.553527,,4.75224,19.543016,37.694189,21.583387,0.934458
1991-08-12,155.54,131.385833,,16.876465,,4.813478,19.611312,37.751831,21.666452,0.98367
1991-08-13,157.07,132.190167,,17.245002,,4.828374,18.150418,37.672471,20.481314,0.993188
1991-08-14,158.63,133.029833,,17.600103,,4.83608,16.570995,37.679519,19.296476,0.996028
1991-08-15,160.21,133.882,,17.952664,,4.843045,15.044332,37.691073,18.119968,0.867611
1991-08-16,161.6,134.740667,,18.17722,,4.955602,15.020017,37.785984,17.10396,0.996287
1991-08-19,163.21,135.6165,,18.520667,,4.960386,15.019528,37.162905,16.206115,0.998713
1991-08-20,164.84,136.5025,,18.863238,,4.941395,13.491814,36.498177,15.057025,1.000971
1991-08-21,166.49,137.398167,,19.205221,,4.939348,11.953669,35.838529,13.916752,1.003063
1991-08-22,168.16,138.303833,,19.546295,,4.931107,10.555079,35.830302,12.785442,0.981208
1991-08-23,169.81,139.220167,,19.862355,,4.95162,9.063631,35.524881,11.689535,1.001119
1991-08-26,171.51,140.145833,,20.195803,,4.953675,7.571425,35.457373,10.582473,0.979535
1991-08-27,173.19,141.080333,,20.505979,,4.945258,6.098119,35.220165,9.509787,0.998903
1991-08-28,174.92,142.026167,,20.831741,,4.892083,4.619514,35.123484,8.426709,0.99474
1991-08-29,176.66,142.981333,,21.15129,,4.888181,3.159125,35.062817,7.358768,1.001925
1991-08-30,178.43,143.947333,,21.474888,,4.883553,1.882082,34.907454,6.293785,1.003195
1991-09-02,180.22,144.923167,,21.797461,,4.883772,0.387662,34.884837,5.238042,0.388414
1991-09-03,181.97,145.907833,,22.086669,,3.43539,0.279874,34.659519,4.225971,-0.577018
1991-09-04,183.69,146.900833,,22.34918,,1.903484,0.326105,34.589243,3.250041,-1.507975
1991-09-05,185.51,147.903667,,22.654763,,0.381998,0.263788,34.596064,2.237076,-2.47426
1991-09-06,187.36,148.950833,,22.941563,,0.229242,0.069361,34.598069,1.227583,-3.437233
1991-09-09,189.24,150.008667,,23.232298,,0.221694,-0.063432,33.961522,0.22194,-4.396534
1991-09-10,188.33,151.030333,,22.071504,,0.16977,1.413004,34.77787,1.423034,-3.934583
1991-09-11,187.22,152.0125,,20.832164,,0.218754,2.962829,36.372725,3.007157,-3.365025
1991-09-12,186.22,152.956667,,19.677411,,0.353793,4.437705,37.249269,4.537644,-2.846096
1991-09-13,187.79,153.9055,,19.898554,,-1.000784,4.589775,37.381775,4.696736,-3.658342
1991-09-16,189.66,154.863667,,20.268784,,-2.487717,4.590869,36.683616,4.69788,-4.608246
1991-09-17,188.65,155.783,,19.142943,,-2.4523,6.097067,37.472989,6.286774,-4.097535
1991-09-18,187.63,156.663,,18.037494,,-2.394807,7.631733,38.954557,7.930502,-3.576187
1991-09-19,186.88,157.507833,,17.099151,,-2.464847,9.024796,39.66147,9.444563,-3.189212
1991-09-20,185.92,158.313833,,16.073712,,-2.229929,10.512921,40.47477,11.085413,-2.689329
1991-09-23,185,159.116333,,15.072023,,-2.230088,11.838346,41.268225,12.567568,-2.205405
1991-09-24,184.08,159.918333,,14.070718,,-0.872987,13.207036,42.002612,14.118861,-1.716645
1991-09-25,183.19,160.717,,13.087881,,0.598674,14.540181,43.432214,15.650418,-1.239151
1991-09-26,182.33,161.478667,,12.144519,,1.992844,16.006432,44.894905,17.358635,-0.773323
1991-09-27,181.82,162.243,,11.392198,,3.070832,17.124218,45.374356,18.677813,-0.494995
1991-09-30,180.92,163.003667,135.6782,10.428225,28.776904,4.432679,17.921222,46.194978,19.62746,0.86226
1991-10-03,182.48,163.801,136.0907,10.79883,29.3319,4.56852,18.0603,45.642406,19.79395,0.99189
1991-10-04,184.29,164.639333,136.4902,11.275338,30.025779,4.540208,18.038433,45.629707,19.767757,0.927885
1991-10-07,186,165.516333,136.87455,11.667679,30.668186,4.555914,18.039318,45.001348,19.768817,0.801075
1991-10-08,187.49,166.427833,137.23925,11.916373,31.199976,4.749656,18.081812,44.559349,19.819724,0.86938
1991-10-09,189.12,167.360833,137.5836,12.222957,31.815,4.875995,18.203951,44.034733,19.966159,0.999365
1991-10-10,191.01,168.303167,137.9123,12.655887,32.570781,4.853834,18.10905,43.978889,19.852364,0.9633
1991-10-11,192.85,169.253833,138.25015,13.051312,33.284796,4.887658,18.145695,43.41064,19.896292,0.943739
1991-10-14,194.67,170.212167,138.59125,13.426012,33.977686,4.940885,18.209037,42.836823,19.972261,0.996558
1991-10-15,196.61,171.210667,138.93625,13.83273,34.720688,4.922361,18.176192,42.142643,19.932862,0.996897
1991-10-16,198.57,172.219,139.2849,14.237476,35.462021,4.75976,17.552508,41.470533,19.187188,0.976985
1991-10-17,200.51,173.237667,139.63675,14.619967,36.181971,4.657669,16.909295,40.899982,18.423021,0.997456
1991-10-18,202.51,174.268167,139.9921,15.019397,36.920328,4.513641,16.253127,40.314154,17.648511,0.997482
1991-10-21,204.53,175.3405,140.35445,15.398487,37.654366,4.516789,16.250426,40.20204,17.645333,0.977852
1991-10-22,206.53,176.438333,140.7237,15.747425,38.364729,4.381369,15.948329,39.519613,17.290466,0.832809
1991-10-23,208.25,177.5505,141.09825,15.948421,38.928282,3.852789,16.047603,38.761975,17.406963,0.87395
1991-10-24,210.07,178.6785,141.47875,16.185271,39.529128,3.980277,15.91501,38.064396,17.251392,0.852097
1991-10-25,211.86,179.812833,141.86505,16.400918,40.104943,4.096925,15.963788,37.219162,17.3086,1.000661
1991-10-28,213.98,180.9585,142.2616,16.761483,40.821494,4.02573,15.89726,36.379506,17.230582,0.8412
1991-10-29,215.78,182.110167,142.6668,16.964755,41.374753,4.028427,15.901153,35.567806,17.235147,0.301233
1991-10-30,216.43,183.248167,143.07775,16.642583,41.387898,4.715407,16.575953,35.455191,18.028924,1.002634
1991-10-31,218.6,184.397833,143.4995,17.014801,42.091202,4.61727,16.319345,34.62595,17.726441,0.969808
1991-11-01,220.72,185.557833,143.9319,17.352833,42.755466,4.647471,16.224705,34.485748,17.615078,0.928779
1991-11-04,222.77,186.727167,144.37455,17.64913,43.372888,4.725634,16.292958,33.635039,17.695381,0.84392
1991-11-05,224.65,187.903,144.8292,17.861776,43.898852,4.844035,16.446895,32.98048,17.876697,0.992655
1991-11-06,226.88,189.092,145.29775,18.218757,44.563616,4.224552,15.821003,32.091896,17.14122,0.903561
1991-11-07,228.93,190.289667,145.77935,18.486881,45.13221,3.65408,15.255816,31.355339,16.48102,1.000306
1991-11-08,231.22,191.4995,146.2752,18.848444,45.787986,2.99509,15.264201,30.659643,16.490788,1.007698
1991-11-11,233.55,192.721833,146.78565,19.214832,46.442283,2.982274,14.602527,29.828717,15.722543,0.963391
1991-11-12,235.8,193.9585,147.3099,19.533977,47.044546,2.694498,14.615808,29.136485,15.737913,0.368957
1991-11-13,236.67,195.182833,147.84105,19.273004,47.052906,3.254854,14.540239,29.043528,15.650484,0.329573
1991-11-14,237.45,196.393,148.37845,18.983932,47.019097,3.663383,14.466626,28.717658,15.565382,0.336913
1991-11-15,238.25,197.589,148.92215,18.713143,46.989686,4.224302,15.069696,28.570741,16.264428,0.994753
1991-11-18,240.62,198.796667,149.48,19.09364,47.605632,4.163623,14.386247,28.410157,15.472529,0.673261
1991-11-19,242.24,200.003833,150.0483,19.159244,47.897173,4.334193,14.01352,27.767302,15.042933,0.932959
1991-11-20,244.5,201.220333,150.6251,19.481482,48.442134,4.381139,13.382276,32.119398,14.319018,0.740286
1991-11-21,246.31,202.439,151.2077,19.61523,48.793652,4.384612,12.880566,32.941794,13.746904,0.901303
1991-11-22,248.53,203.665833,151.79845,19.908298,49.300991,4.357842,12.928245,33.661018,13.801151,0.933489
1991-11-25,250.85,204.902333,152.39785,20.232171,49.836062,4.421428,12.991213,36.010934,13.872832,0.845127
1991-11-26,252.97,206.144667,153.00595,20.469272,50.27941,4.574168,12.348984,35.422105,13.143851,0.980353
1991-11-27,255.45,207.3985,153.6236,20.838463,50.852124,3.960458,11.697803,34.410459,12.409473,0.743785
1991-11-28,257.35,208.654833,154.2477,20.975565,51.187727,3.553741,11.262762,33.594474,11.921508,0.874296
1991-11-29,259.6,209.92,154.88005,21.241548,51.649104,3.686966,11.366569,33.374455,12.03775,0.997689
1991-12-02,262.19,211.198,155.52265,21.627335,52.227805,3.035203,10.669073,32.989598,11.259011,0.999275
1991-12-03,264.81,212.488833,156.1753,22.012315,52.803349,3.012948,10.030641,32.195269,10.550961,0.362524
1991-12-04,265.77,213.764333,156.8298,21.775711,52.747013,2.943788,10.009779,32.273057,10.5279,0.334876
1991-12-05,266.66,215.069833,157.4911,21.501166,52.660549,2.86489,10.614023,32.297769,11.19778,1.008775
1991-12-06,269.35,216.438667,158.1682,21.870444,53.235263,2.800586,10.000743,31.68425,10.517913,0.341563
1991-12-09,270.27,217.8395,158.8522,21.566291,53.144725,2.765994,10.025259,31.882703,10.545011,0.976801
1991-12-10,272.91,219.258167,159.5517,21.889219,53.677406,2.09221,9.350643,31.385625,9.801766,0.293137
1991-12-11,273.71,220.659,160.2576,21.545063,53.528663,2.096892,9.377786,31.547002,9.831574,0.255745
1991-12-12,274.41,222.088333,160.9697,21.154814,53.340719,2.077322,9.524061,31.533808,9.992347,0.943843
1991-12-13,277,223.577833,161.6974,21.425791,53.829082,2.08285,8.99133,30.801546,9.407942,0.306859
1991-12-16,277.85,225.094,162.43195,21.056331,53.682225,2.768589,9.565367,30.351787,10.03779,0.298722
1991-12-17,278.68,226.64,163.1733,20.670131,53.525134,2.669658,9.557764,30.231363,10.029424,0.297833
1991-12-18,279.51,228.215167,163.9214,20.274917,53.365103,2.696666,9.332096,30.050601,9.781403,0.236128
1991-12-19,280.17,229.816667,164.6757,19.811467,53.141848,2.766808,9.268821,29.859776,9.711961,0.949424
1991-12-20,282.83,231.477333,165.446,20.036405,53.620115,2.796166,8.327129,28.822112,8.683662,0.997065
1991-12-23,285.65,233.199333,166.2435,20.287369,54.13137,2.099287,7.491033,28.010046,7.77875,0.199545
1991-12-24,286.22,234.939333,167.04645,19.743342,53.848883,2.255826,7.317669,28.048518,7.592062,0.324925
1991-12-25,287.15,236.709833,167.85635,19.316967,53.689617,2.272434,7.181436,27.67132,7.445586,0.30646
1991-12-26,288.03,238.469,168.67295,18.882532,53.510301,2.905003,7.043843,27.214696,7.297851,0.979065
1991-12-27,290.85,240.245,169.5061,19.114843,53.991876,2.321141,6.894474,26.507148,7.1377,0.295685
1991-12-30,291.71,242.006833,170.34635,18.67942,53.792644,2.391389,6.673008,26.643536,6.900689,0.356518
1991-12-31,292.75,243.761167,171.1945,18.313008,53.651867,2.33295,6.502943,26.463456,6.719044,0.341588
1992-01-02,293.75,245.505,172.05015,17.941175,53.494306,2.311794,6.261113,26.070003,6.461277,0.942979
1992-01-03,296.52,247.2635,172.92215,18.16601,53.927318,1.774928,5.4855,25.071095,5.638743,0.391205
1992-01-06,297.68,249.010667,173.80245,17.852335,53.809977,1.791172,5.394699,24.70952,5.542865,0.366165
1992-01-07,298.77,250.745667,174.6907,17.52349,53.665707,2.306102,5.200931,24.39911,5.338555,0.297888
1992-01-08,299.66,252.463167,175.58595,17.138314,53.451983,2.299331,5.170034,24.138371,5.306013,0.320363
1992-01-09,300.62,254.164,176.4881,16.786728,53.259356,2.051202,5.125504,23.939034,5.259131,0.402501
1992-01-10,301.83,255.852667,177.3936,16.526219,53.149295,1.822082,4.726971,23.668169,4.840473,0.407514
1992-01-13,303.06,257.5285,178.30285,16.280041,53.04473,1.418649,4.509714,23.057315,4.612948,0.884313
1992-01-14,305.74,259.215333,179.223,16.507595,53.410423,0.694255,4.458543,22.276407,4.55943,0.291097
1992-01-15,306.63,260.883667,180.14755,16.156722,53.186557,0.429562,4.196018,24.334704,4.285295,0.071748
1992-01-16,306.85,262.527,181.0741,15.600509,52.745269,0.546005,9.405026,26.662936,9.861496,0.172723
1992-01-17,307.38,264.148833,182.00555,15.157206,52.404759,0.541831,10.792408,28.004022,11.396317,0.003253
1992-01-20,307.39,265.741,182.9394,14.559515,51.896235,1.363511,12.405644,28.938042,13.207977,0.156153
1992-01-21,307.87,267.305833,183.87795,14.128417,51.540539,1.281262,15.528688,29.720234,16.799298,0.025985
1992-01-22,307.95,268.842,184.8195,13.581359,51.055776,1.4411,15.755452,29.556616,17.064459,0.188342
1992-01-23,308.53,270.377,185.7661,13.20018,50.733073,1.352112,15.53122,28.448441,16.844391,0.168541
1992-01-24,309.05,271.8845,186.7175,12.812573,50.39063,1.346659,15.287869,25.766143,16.647792,0.828345
1992-01-27,311.61,273.399333,187.68385,13.081892,50.699351,0.821366,15.113413,26.767484,16.315266,0.07381
1992-01-28,311.84,274.883833,188.65355,12.614165,50.257797,0.919312,15.647518,28.434146,16.938173,0.185993
1992-01-29,312.42,276.346667,189.6284,12.269232,49.928207,1.00004,15.661684,30.675201,16.95474,0.099225
1992-01-30,312.73,277.7775,190.60665,11.851976,49.512832,1.176185,16.002165,33.250845,17.353628,0.16308
1992-01-31,313.24,279.182667,191.5897,11.510338,49.161356,1.016398,16.198246,34.921519,17.583961,0.300089
1992-02-03,314.18,280.565333,192.57965,11.315945,48.945624,0.906188,16.288808,34.896178,17.690496,0.171876
1992-02-07,314.72,281.918167,193.5743,11.006651,48.602194,1.563714,16.656513,36.557649,18.124047,0.266904
1992-02-10,315.56,283.2475,194.5753,10.802776,48.35296,1.325315,16.864948,35.314165,18.370516,0.2757
1992-02-11,316.43,284.576833,195.57965,10.609877,48.113433,6.330724,17.043712,35.205664,18.582309,0.00316
1992-02-12,316.44,285.893333,196.5881,10.151487,47.602297,7.88752,17.282776,36.239424,18.866136,0.189609
1992-02-13,317.04,287.2065,197.6036,9.882648,47.276495,9.314579,17.300501,38.967536,18.887207,0.832702
1992-02-14,319.68,288.524167,198.6362,10.254165,47.584548,11.7644,16.327878,43.014144,17.905405,0.028153
1992-02-17,319.77,289.816333,199.673,9.83546,47.092096,11.988997,16.477582,45.998156,17.912875,5.422648
1992-02-18,337.11,291.359833,200.8005,14.585024,51.809741,6.672199,11.313479,42.18918,11.978286,1.572187
1992-02-19,342.41,292.9615,201.95845,15.596765,52.794687,5.037292,9.798547,42.426071,10.294676,1.629625
1992-02-20,347.99,294.619167,203.14825,16.649018,53.823774,4.071279,8.089339,44.741868,8.526107,3.333429
1992-02-21,359.59,296.4315,204.39975,19.314833,56.488686,1.400092,4.990325,46.385976,5.116939,0.141828
1992-02-24,360.5,298.223667,205.6596,18.964819,56.126958,1.347332,4.975397,50.628273,5.101248,-0.110957
1992-02-25,360.37,299.972333,206.92225,18.344103,55.478816,1.823057,4.958665,53.772153,5.139163,-0.074923
1992-02-26,360.1,301.684833,208.1868,17.69989,54.794602,2.257035,4.882983,125.76228,5.217995,0.652597
1992-02-27,362.45,303.399,209.4662,17.783776,54.832414,1.996761,4.499262,130.75309,4.602014,0.609739
1992-02-28,364.66,305.106833,210.76065,17.830342,54.824228,1.928307,4.323011,136.055176,4.417814,0.200186
1992-03-02,365.39,306.783167,212.05385,17.482408,54.412502,2.203305,4.298829,127.019219,4.392567,0.440625
1992-03-03,367,308.470333,213.34975,17.373617,54.242901,2.217732,3.806725,117.900706,3.934605,0.359673
1992-03-04,368.32,310.164667,214.6473,17.184879,53.995591,2.100929,3.38735,114.73697,3.56212,0.390964
1992-03-05,369.76,311.838167,215.95485,17.036979,53.778479,1.917882,3.026014,120.573726,3.158806,0.540891
1992-03-06,371.76,313.529667,217.26825,17.03545,53.711572,1.235079,2.541666,115.776323,2.60383,0.476114
1992-03-09,373.53,315.206667,218.5855,16.976981,53.582108,0.937948,2.103389,111.667956,2.125666,0.455117
1992-03-10,375.23,316.898667,219.90835,16.895711,53.43283,0.600491,1.769817,103.760727,1.785572,0.242518
1992-03-11,376.14,318.594167,221.23065,16.604333,53.075559,0.403291,1.658422,107.715039,1.67225,0.063806
1992-03-12,376.92,320.2595,222.5515,16.290136,52.687443,0.103417,1.247099,107.62552,1.461849,-0.143266
1992-03-13,376.38,321.901667,223.8643,15.635316,51.955921,0.426847,1.489987,106.650299,1.607418,0.178012
1992-03-16,377.05,323.541167,225.1754,15.305144,51.549815,0.486812,3.661105,109.459947,3.728948,0.068956
1992-03-17,377.49,325.174167,226.483,14.918314,51.087419,0.317385,5.944431,114.565717,6.124666,-0.047683
1992-03-18,377.66,326.799,227.7857,14.464902,50.558905,0.121729,7.413067,113.783368,7.694752,-0.092676
1992-03-19,377.31,328.373667,229.0814,13.891494,49.898973,0.481202,8.443059,113.315237,8.809732,0.180223
1992-03-20,377.99,329.912667,230.3746,13.603977,49.516106,0.732778,9.201221,113.147124,9.637821,0.034392
1992-03-23,378.89,331.457167,231.6667,13.374733,49.194622,0.670764,8.825766,112.46886,9.377392,-0.203225
1992-03-24,378.69,332.982833,232.9518,12.862699,48.588636,0.671117,7.958556,112.767351,9.435158,-0.150519
1992-03-25,378.12,334.484333,234.22795,12.262156,47.891682,0.761402,5.59529,112.820464,9.600127,0.267111
1992-03-26,379.13,335.955667,235.50305,12.089995,47.615529,0.523513,7.154809,112.853662,9.308153,0.432569
1992-03-27,380.77,337.44,236.7802,12.08078,47.506323,0.146962,8.463617,112.247804,8.837356,0.06303
1992-03-30,381.44,338.918167,238.06475,11.819488,47.141087,0.007865,10.714688,111.064289,11.309773,-0.112731
1992-03-31,381.24,340.376333,239.3421,11.337723,46.553519,0.180825,13.441955,110.500944,14.387263,-0.060329
1992-04-01,381.01,341.7845,240.612,10.86452,45.963994,0.372001,15.335924,111.354792,16.574368,0.028871
1992-04-02,381.12,343.175167,241.87615,10.487328,45.468847,0.138967,15.581356,111.707878,16.860831,0.055101
1992-04-03,381.33,344.551167,243.13495,10.142254,45.00485,0.1834,17.35947,112.067499,18.957334,0.036714
1992-04-06,381.47,345.914667,244.388,9.784009,44.527508,2.495664,16.345827,113.867588,18.913676,0.047186
1992-04-07,381.93,347.269833,245.6368,9.513525,44.138332,4.775104,16.392134,113.997769,18.770455,-0.073312
1992-04-08,382.43,348.613167,246.8815,9.258273,43.763717,6.157936,17.298226,113.304306,18.884502,-0.203959
1992-04-09,381.65,349.923,248.1156,8.679083,43.060919,7.299377,20.419935,113.64985,22.654264,0.099568
1992-04-10,382.03,351.1945,249.3448,8.415894,42.666246,8.138081,25.19628,114.541901,28.654818,2.376777
1992-04-13,391.11,352.6025,250.61255,10.364749,44.508073,5.651474,25.85947,112.645688,29.510879,2.242336
1992-04-14,400.61,354.165167,251.93135,12.322501,46.383176,2.33151,24.93127,108.493152,28.314321,-0.182222
1992-04-15,406.72,355.820833,253.28515,13.369766,47.360906,-1.696049,25.214458,106.389819,28.678206,-1.681747
1992-04-16,410.55,357.540167,254.66155,13.825001,47.756232,-0.807048,28.20947,106.305053,32.590427,-2.598953
1992-04-17,414.42,359.316,256.0505,14.267773,48.150526,-0.004826,32.19443,100.86791,37.980792,-3.508518
1992-04-20,413.85,361.081,257.43995,13.640128,47.47171,2.559686,36.827109,99.025371,44.523378,-3.375619
1992-04-21,410.06,362.773167,258.81385,12.252574,46.019441,6.154515,40.854933,99.372855,50.463347,-2.482564
1992-04-22,399.88,364.287,260.14005,9.322248,42.994436,10.502036,115.284007,103.405376,216.717515,1.843053
1992-04-23,407.25,365.881,261.50635,10.71191,44.296868,8.95006,119.099018,101.660872,229.033763,1.755678
1992-04-24,414.4,367.590333,262.91145,11.98626,45.501441,9.042815,123.268548,97.516046,243.042954,2.456564
1992-04-27,424.58,369.459667,264.37035,13.905887,47.374948,5.639004,112.005702,93.582639,234.817938,2.710914
1992-04-28,436.09,371.515667,265.8851,16.025761,49.478438,3.131005,100.652027,86.494554,225.980876,1.850535
1992-04-29,444.16,373.697667,267.43355,17.273777,50.731373,2.334303,96.013697,82.60353,220.058087,0.274676
1992-04-30,445.38,375.884333,268.9814,16.964638,50.428562,4.977546,101.966355,94.162605,219.181373,0.85994
1992-05-04,453.62,378.199333,270.56365,18.183845,51.675247,8.02021,95.875187,92.96746,213.383449,-0.972179
1992-05-05,449.21,380.426833,272.1262,16.619662,50.122456,12.009307,93.218739,90.096949,216.460008,0.16696
1992-05-06,449.96,382.652333,273.68565,16.203186,49.71785,13.314239,85.598775,88.212859,215.932527,1.042315
1992-05-07,454.65,384.955833,275.26195,16.639928,50.18047,14.074167,88.758391,84.404045,212.673485,2.960519
1992-05-08,468.11,387.473667,276.8991,18.905542,52.505013,15.088911,85.958485,80.981162,203.682895,4.996689
1992-05-11,491.5,390.337333,278.65565,23.045062,56.748515,15.136232,79.964032,74.135586,189.230926,3.057986
1992-05-12,506.53,393.45,280.485,25.262956,59.10633,16.619113,79.939373,71.518166,180.648728,1.482637
1992-05-13,514.04,396.398833,282.3476,25.988022,59.916215,18.255173,83.690016,67.79261,176.548518,1.813088
1992-05-14,523.36,399.414667,284.25245,27.026942,61.040681,88.373501,81.155844,64.965336,171.623739,4.010624
1992-05-15,544.35,402.687333,286.2552,30.143201,64.27087,90.082501,76.662708,61.337923,161.149995,5.046386
1992-05-18,571.82,406.2245,288.3881,34.191829,68.451711,91.069292,71.751472,52.236039,148.604456,4.597601
1992-05-19,598.11,410.184667,290.64525,37.716722,72.167123,77.738278,66.815985,36.711498,137.677016,3.15661
1992-05-20,616.99,414.461667,292.98945,39.787233,74.471621,65.951609,63.953862,23.599118,130.404058,71.65108
1992-05-21,1266.49,429.568167,298.5738,108.122413,144.498744,-8.768275,-8.058833,-39.766295,12.244866,-16.377547
1992-05-22,1339.99,445.8605,304.51815,110.041131,148.168674,-8.182603,-13.400166,-44.537054,6.088105,-20.964336
1992-05-25,1421.57,463.475667,310.86295,112.076329,152.016503,-18.350546,-19.484362,-41.421193,-8.456847,-25.499975
1992-05-26,1301.35,479.075,316.5992,99.93003,141.352085,-13.147959,-11.656101,-33.228078,-5.120836,-18.617589
1992-05-27,1193.17,492.8445,321.78735,88.41752,131.047799,-11.922247,-3.593037,-23.901045,3.481482,-11.238968
1992-05-28,1160.17,506.042,326.80285,82.970216,126.696474,-4.921002,0.005172,-21.864572,6.42492,-8.71424
1992-05-29,1234.71,520.457833,332.18325,86.388253,131.290463,-11.030324,-5.839834,-29.830215,-3.862445,-14.225203
1992-06-01,1183.24,533.9825,337.2984,79.564865,125.504372,-7.890946,-1.167158,-29.144154,0.319462,-10.494067
1992-06-02,1141.02,546.774,342.1955,73.564232,120.429567,-1.27006,4.303021,-29.494754,4.396943,-7.18217
1992-06-03,1059.07,558.171333,346.6748,64.048048,111.675928,11.40548,12.006859,-18.835443,12.757419,3.247189
1992-06-04,1104.46,570.31,351.3729,66.093173,114.526375,6.471619,7.247689,-24.580528,8.123427,-0.995962
1992-06-05,1105.76,582.457333,356.06925,64.103223,113.316293,5.793134,7.271429,-26.51717,7.99631,-1.112357
1992-06-08,1093.46,594.408667,360.69575,60.953519,110.906745,6.923672,9.381589,-28.381804,9.835751,3.032575
1992-06-09,1126.62,606.9015,365.4798,61.861077,112.576627,3.495725,6.846845,-31.164238,7.086684,2.169321
1992-06-10,1187.02,620.393667,370.55735,64.884702,116.419302,-1.48098,-0.128134,-41.012202,1.637715,-3.029435
1992-06-11,1178.3,633.737667,375.5829,62.019291,114.334878,-0.841175,0.019518,-43.311624,2.389884,-2.311805
1992-06-12,1171.71,646.977667,380.56685,59.390772,112.455765,0.019628,1.432875,-44.138432,2.965751,-1.762381
1992-06-15,1171.85,660.208667,385.5428,57.378303,111.168676,-0.166542,-3.077993,-51.122393,2.95345,-3.031105
1992-06-16,1166.7,673.338833,390.48415,54.968586,109.454715,-0.733808,-4.617723,-60.027887,3.407903,-4.512728
1992-06-17,1169.57,686.520167,395.4309,53.275584,108.441538,-1.59529,-5.435939,-60.960176,3.154151,-5.290833
1992-06-18,1168.43,699.692,400.3632,51.277601,107.104411,-0.704271,-3.819798,-52.270376,3.254795,-5.198429
1992-06-19,1171.94,712.9055,405.30445,49.70669,106.177726,-0.622271,-4.037981,-41.188961,2.945543,-5.482363
1992-06-22,1169.9,726.057667,410.2264,47.704411,104.796435,-0.033342,-6.26814,-46.483027,3.125053,-6.075733
1992-06-23,1158.17,739.003167,415.08045,44.929425,102.61241,2.811163,-6.766961,-45.043585,4.169509,-6.543081
1992-06-24,1151.06,751.8335,419.88955,42.592365,100.844684,3.67765,-10.564435,-40.329555,4.812955,-10.025542
1992-06-25,1160.23,764.8205,424.74905,41.673237,100.487502,2.321515,-13.415338,-42.079451,3.984555,-12.554407
1992-06-26,1164.67,777.879667,429.6363,40.362122,99.725403,2.080939,-1.963916,-43.427033,3.588141,-12.887771
1992-06-29,1169.51,791.016,434.55275,39.102194,99.00228,2.657801,-1.740569,-46.659434,3.159443,-13.248283
1992-06-30,1191.19,804.511333,439.56975,39.247303,99.691168,1.273764,-7.424811,-49.971389,1.281911,-14.82719
1992-07-01,1194.18,818.048833,444.59235,37.8293,98.805724,-0.729513,-9.392776,-51.66176,1.028321,-15.040446
1992-07-02,1187.48,831.466333,449.5865,35.639788,97.126042,-0.756552,-11.602035,-48.576364,1.598343,-14.561087
1992-07-03,1189.16,844.924833,454.59415,34.175479,96.159741,-0.045421,-12.248752,-48.824563,1.454808,-14.681792
1992-07-06,1201.01,858.5745,459.6648,33.564469,96.042062,-5.53591,-15.210034,-50.516037,0.453785,-15.523601
1992-07-07,1206.46,872.163667,464.7675,32.446863,95.390845,-7.968843,-15.268051,-52.929383,-1.478706,-15.90521
1992-07-08,1185.5,885.245167,469.77,29.205527,92.567669,-6.788786,-15.769273,-52.353076,0.26318,-14.588781
1992-07-09,1178.53,898.108667,474.74225,27.173211,90.925115,-4.680491,-16.210025,-55.048936,0.856151,-14.964405
1992-07-10,1188.62,911.0765,479.7694,26.592138,90.724268,-5.451228,-16.75766,-56.696212,-3.305514,-15.686258
1992-07-13,1136.33,923.108333,484.5394,20.781245,85.23603,-3.356689,-16.43744,-53.538111,1.144034,-15.157569
1992-07-14,1114.05,934.778333,489.20055,17.544788,82.298477,-2.883046,-25.486764,-54.854006,3.166824,-22.498093
1992-07-15,1107.69,946.4055,493.8344,15.736092,80.783181,-6.723786,-34.918805,-51.735291,3.759174,-29.47395
1992-07-16,1124.64,958.484833,498.5452,15.986452,81.352401,-10.299811,-27.887664,-48.770092,2.195369,-30.536883
1992-07-17,1125.56,970.456667,503.25155,14.826922,80.494582,1.451793,-27.098908,-51.282069,2.111838,-30.59366
1992-07-20,1098.82,981.863667,507.81565,11.253969,77.187367,4.494229,-15.668691,-50.408658,4.596749,-28.904643
1992-07-21,1082.39,992.827167,512.29015,8.637024,74.803567,2.153314,-14.805015,-48.935277,6.184462,-27.82546
1992-07-22,1035.66,1002.82,516.52285,3.222287,69.567466,4.849309,-9.743572,-44.338315,10.97561,-24.568874
1992-07-23,1014.57,1012.326833,520.64065,0.22134,66.716008,4.134819,-8.454405,-47.269805,13.282474,-23.000877
1992-07-24,1142.02,1023.9375,525.3865,10.914313,77.641972,-8.203897,-22.026465,-61.683627,0.640094,-31.594018
1992-07-27,1149.33,1035.532667,530.1598,10.426322,77.375597,-10.811664,-26.236426,-67.412673,-3.774373,-32.029095
1992-07-28,1105.95,1046.478333,534.7065,5.527414,72.674197,-6.569476,-26.372963,-71.726127,-1.702609,-29.362991
1992-07-29,1087.12,1057.097667,539.14925,2.80049,70.129484,-7.10601,-21.449526,-66.383275,-2.733829,-28.139488
1992-07-30,1057.4,1067.1435,543.4337,-0.917239,66.566063,-5.364542,-20.226181,-73.517569,-0.504067,-26.119728
1992-07-31,1052.07,1076.876167,547.6815,-2.330476,65.282102,-4.554328,-21.539847,-84.864532,-1.562634,-25.745435
1992-08-03,1031.55,1085.877,551.8166,-5.132543,62.560206,-6.763315,-22.553359,-80.063729,0.395521,-24.268334
1992-08-04,1035.63,1094.695333,555.9621,-5.546615,62.206509,-18.187555,-22.743032,-76.016391,-2.228595,-24.566689
1992-08-05,1012.55,1103.003833,559.9836,-8.556531,59.231968,-25.938318,-25.114796,-69.12232,-0.722927,-22.847267
1992-08-06,1002.17,1110.984,563.9441,-10.307846,57.496779,-16.358131,-27.121117,-74.112843,0.305337,-23.754453
1992-08-07,1005.23,1118.665333,567.91095,-10.691994,57.100702,-15.792476,-28.813647,-73.958146,-4.092596,-25.034072
1992-08-10,964.09,1125.203167,571.6615,-15.453424,52.263762,-2.587941,-31.606961,-71.866475,-2.549555,-27.09913
1992-08-11,863.41,1129.624833,574.89965,-26.875119,40.669416,7.798702,-29.923401,-62.396207,8.813889,-25.86141
1992-08-12,781.21,1132.361833,577.72355,-37.121685,30.174853,18.451446,-20.605433,-53.605121,20.263437,-18.621113
1992-08-13,850.94,1125.436,580.88525,-27.958417,38.178839,9.133448,-20.562913,-68.579421,10.408489,-25.28968
1992-08-14,858.38,1117.409167,584.07355,-26.372115,38.501998,6.524236,-10.052073,-76.225822,9.451525,-25.937231
1992-08-17,939.46,1109.374,587.657,-16.624593,46.91618,-6.073506,-24.546195,-82.875791,0.005322,-32.32921
1992-08-18,933.44,1103.242167,591.20095,-16.713186,45.672071,-9.414635,-23.471608,-80.869636,0.650283,-31.892784
1992-08-19,939.51,1099.0145,594.7641,-15.681069,45.719361,-6.856645,-20.021548,-81.927512,-0.765293,-32.332812
1992-08-20,932.32,1095.217,598.28105,-16.103169,44.361548,-7.636957,-20.209707,-84.7913,-1.723657,-31.810966
1992-08-21,916.25,1089.909333,601.7062,-17.356054,42.051997,-7.71728,-19.436652,-84.515736,-3.508868,-30.615007
1992-08-24,884.1,1084.923667,604.95895,-20.469473,37.940957,-7.128596,-18.682438,-77.425934,-0.774799,-28.091845
1992-08-25,849.57,1080.066167,608.0278,-24.004724,33.450973,-2.939544,-16.173614,-75.589424,3.258119,-25.169203
1992-08-26,877.25,1077.035833,611.2307,-20.517593,36.131755,-10.771279,-20.819458,-78.173393,-1.53662,-27.530351
1992-08-27,863.77,1073.024333,614.3623,-21.692989,34.072171,-12.259477,-16.748148,-74.41986,-1.802563,-26.399389
1992-08-28,848.2,1068.731667,617.41205,-23.111141,31.757983,-11.828127,-15.035964,-65.625083,-2.73992,-25.048338
1992-08-31,823.27,1064.2285,620.3253,-25.672119,28.30402,-15.816917,-12.752644,-36.479229,0.205279,-22.778675
1992-09-01,824.96,1059.200833,623.2389,-24.993507,28.040499,-25.367924,-14.9183,-38.381526,-4.520219,-22.93687
1992-09-02,787.67,1052.545,625.95475,-28.98871,22.980114,-21.428955,-11.469008,-21.125831,-1.444767,-19.288535
1992-09-03,764.11,1045.641833,628.54375,-31.367441,19.530612,-9.799927,-11.717794,-5.309198,1.594011,-16.799937
1992-09-04,753.58,1038.673,631.069,-32.086403,17.741998,2.969098,-11.124905,-5.012203,3.013615,-15.637358
1992-09-07,702.83,1030.856,633.3289,-38.302976,10.412517,4.472825,-5.49371,2.718707,10.45203,-9.545694
1992-09-08,640.12,1022.079667,635.26465,-46.793906,0.761398,14.250494,0.556158,23.315389,21.272574,-0.684247
1992-09-09,635.74,1013.1825,637.1661,-46.606197,-0.22407,19.035331,3.788946,23.855878,22.108095,1.250511
1992-09-10,692.78,1005.255,639.34325,-37.228403,8.027101,9.486655,-0.319514,13.542594,12.054332,-7.085944
1992-09-11,776.29,998.660833,641.9267,-25.188905,19.005204,-2.860343,-14.131089,-2.921337,-0.933929,-17.081245
1992-09-14,734.98,991.412167,644.29065,-29.928707,13.169334,-0.209749,-10.193772,-8.298475,4.63414,-12.420746
1992-09-15,738.16,984.412,646.6574,-28.788391,13.234397,-2.11664,-10.658654,-16.604102,4.183375,-12.798038
1992-09-16,769.04,978.045,649.17375,-24.04127,16.944258,-7.654554,-14.573195,-6.273011,-0.951836,-16.299542
1992-09-17,761.72,971.403167,651.64905,-24.316256,15.607288,-4.175398,-18.605693,-7.728195,-0.960983,-16.977367
1992-09-18,754.4,964.565333,654.0743,-24.575484,14.270178,-3.316591,-20.22051,-10.054123,-2.778367,-18.307264
1992-09-21,733.44,957.2975,656.39015,-26.636842,11.099044,-1.198802,-22.493808,-6.713059,-0.391307,-20.143434
1992-09-22,722.7,949.489333,658.6391,-27.29301,9.281846,-1.68423,-29.17955,-2.080437,1.088972,-25.307873
1992-09-23,712.37,941.459167,660.8324,-27.883354,7.509719,-1.42083,-24.114291,-2.019211,2.554852,-24.224771
1992-09-24,730.57,933.844,663.1132,-24.548435,9.687934,-7.229123,-36.54324,0.151821,-0.106766,-30.610345
1992-09-25,729.79,926.187833,665.37715,-23.832024,9.24028,-7.917069,-48.288721,-0.550988,-0.697461,-38.300059
1992-09-28,724.7,918.249333,667.6114,-23.671118,8.205151,-8.557983,-44.757726,1.009104,-1.941493,-37.866703
1992-09-29,710.63,909.9855,669.77115,-24.727676,5.921581,-9.893466,-38.35506,6.530955,-1.169385,-36.636506
1992-09-30,702.32,901.9325,671.8852,-25.015054,4.430165,-6.171001,-32.538516,8.454507,-1.673027,-35.886775
1992-10-05,679.62,893.617333,673.88245,-27.374383,0.847813,1.598353,-35.273932,10.823886,1.611194,-33.745328
1992-10-06,674.24,885.044333,675.8395,-27.205161,-0.236949,-0.037086,-34.019594,13.13878,2.421986,-33.216659
1992-10-07,665.26,877.193167,677.73755,-27.654928,-1.858218,-0.227237,-34.765804,14.29866,3.804528,-32.315185
1992-10-08,643.69,869.353833,679.5249,-30.053297,-5.417663,3.035682,-33.028965,19.257655,7.283009,-30.047072
1992-10-09,660.29,861.897167,681.3906,-26.645683,-3.145658,0.67319,-36.788634,20.933037,4.585864,-31.805722
1992-10-12,690.57,854.662667,683.4033,-21.318951,1.043218,-8.799524,-47.696993,21.792556,-2.400915,-37.933881
1992-10-13,673.99,847.1365,685.319,-22.864656,-1.666915,-8.949764,-52.04266,22.900477,-1.37094,-40.573302
1992-10-14,663.75,839.885333,687.1792,-23.53598,-3.468953,-12.509786,-48.135825,26.940303,0.150659,-39.656497
1992-10-15,663.53,832.904333,689.0331,-22.734472,-3.771524,-20.637537,-46.739374,29.305171,0.183865,-39.63649
1992-10-16,664.75,826.7225,690.8881,-21.805806,-3.856684,-17.195651,-47.332769,38.550542,-4.866491,-39.747273
1992-10-19,632.4,820.353,692.5675,-26.021263,-9.08836,-22.112945,-45.9759,44.541132,-2.547438,-36.85642
1992-10-20,616.29,811.590833,694.16055,-27.527868,-11.898564,-31.384802,-44.858574,50.7803,-4.963572,-36.146944
1992-10-21,585.7,802.197,695.5952,-31.45465,-17.196017,-23.46272,-36.249688,61.784466,-4.434011,-32.81202
1992-10-22,539.8,792.761167,696.7959,-38.43233,-25.529384,-10.85974,-30.23626,67.836638,3.692108,-27.098926
1992-10-23,559.73,783.971333,698.09145,-33.691793,-22.089559,-9.845055,-33.239644,63.414479,-9.375949,-29.694674
1992-10-26,506.94,774.797,699.117,-42.420841,-32.142546,-5.959815,-21.128473,67.115907,0.061151,-22.373456
1992-10-27,450.28,764.767167,699.8531,-52.970182,-44.100084,6.352058,-2.300398,84.028402,12.652128,-12.60549
1992-10-28,463.21,755.294833,700.64045,-48.892767,-41.381433,1.433939,21.031141,84.120682,23.40623,-15.045012
1992-10-29,484.25,746.105167,701.52855,-43.226526,-37.066029,-4.56737,14.891834,82.074593,18.044399,-18.73619
1992-10-30,507.25,737.6835,702.53055,-37.451089,-32.568491,-10.421118,22.881693,82.927254,25.711188,-22.420897
1992-11-02,477.61,728.940833,703.3817,-42.279807,-38.71052,-10.824709,41.682528,87.904441,51.713741,-17.606415
1992-11-03,479.81,720.183833,704.2438,-40.611631,-38.373441,-18.060152,40.132296,91.541917,51.018111,-17.984202
1992-11-04,469.9,711.947333,705.05395,-41.548403,-40.575442,-13.597258,42.97822,100.092289,54.203022,-16.254522
1992-11-05,462.63,705.267667,705.82735,-42.16498,-42.244306,-10.674727,55.788195,104.129747,74.696842,-14.938504
1992-11-06,457.05,699.865,706.56995,-42.609467,-43.562941,-9.870945,56.855566,104.575743,76.829669,-13.900011
1992-11-09,428.61,692.826167,707.16775,-48.023171,-50.072049,-7.078431,61.559102,116.317122,88.563029,-8.18693
1992-11-10,400.53,685.195333,707.61235,-53.691529,-56.910775,-1.765678,63.252412,120.236864,101.782638,-1.750181
1992-11-11,410.16,676.373667,708.10395,-50.019836,-54.604358,-0.623649,50.031121,122.278968,97.045056,-4.056953
1992-11-12,415.79,667.746167,708.6208,-47.372779,-53.314022,-4.134423,40.793926,126.61787,94.376969,-5.356069
1992-11-13,414.09,658.989167,709.1276,-46.462375,-53.795214,-3.102526,55.632953,125.630664,95.174962,-4.967519
1992-11-16,399.32,650.105833,709.558,-48.737207,-57.487914,2.734483,56.853399,125.259123,102.39407,-1.452469
1992-11-17,393.52,641.393667,709.9547,-48.851152,-59.006927,11.173374,55.024961,131.021015,105.377109,1.379854
1992-11-18,407.61,633.452167,710.41915,-44.087366,-55.554431,33.818109,52.030437,132.715979,98.277766,-2.12458
1992-11-19,398.95,625.941833,710.8361,-45.042135,-57.760579,34.268355,57.335373,133.333082,102.581777,0.624138
1992-11-20,401.44,618.011667,711.26115,-43.144925,-57.198158,46.276283,55.334725,132.082542,101.325229,2.229474
1992-11-23,410.39,610.455333,711.7309,-39.70972,-55.059196,56.851185,57.823533,130.15775,96.934623,7.224835
1992-11-24,440.04,603.652667,712.3459,-31.613335,-48.169798,48.784752,50.038131,122.618141,83.665121,27.717935
1992-11-25,571.63,599.458667,713.60565,-4.75351,-22.183857,23.381018,24.735689,93.515546,41.385162,-1.682907
1992-11-26,562.01,595.076167,714.81685,-5.716977,-24.050671,36.328991,29.99418,88.911751,43.80527,11.24891
1992-11-27,637.67,592.576167,716.31965,7.334149,-11.63056,23.552754,18.111331,68.497487,26.742673,-1.950852
1992-11-30,724.6,591.917667,718.2306,20.225223,0.882909,9.051865,4.41529,66.598049,11.5374,-13.713773
1992-12-01,716.74,591.303667,720.07435,19.238345,-0.464132,5.059964,7.026077,62.562218,12.760555,-12.767531
1992-12-02,722.2,591.6265,721.8874,19.942659,0.043294,-6.544357,6.086243,50.75497,11.908059,-13.427029
1992-12-03,808.2,594.427833,724.1259,30.721023,10.984428,-25.668997,-3.501576,43.216961,-0.146003,-22.639198
1992-12-04,807.02,597.2825,726.35915,30.095825,10.530386,-11.093558,0.866105,42.285899,0.869867,-22.526084
1992-12-07,793.25,598.957,728.5249,28.094862,8.511663,-11.784134,7.930448,37.928657,8.253388,-21.181217
1992-12-08,753.94,598.5845,730.48235,23.074509,3.160772,-9.993129,11.690725,38.6388,13.897658,-17.07165
1992-12-09,676.45,597.609,732.0413,12.392184,-7.89784,1.375667,25.045007,58.122781,28.460344,-7.571883
1992-12-10,625.23,595.726833,733.3405,4.833735,-15.949054,12.407024,35.25062,59.872348,42.262847,9.118244
1992-12-11,722.28,594.9475,735.1169,19.393971,-1.761666,-3.400754,30.250357,49.842979,35.324251,-5.543557
1992-12-14,705.07,594.003333,736.80065,17.141216,-4.402028,3.704617,33.663634,58.199746,40.022976,-3.237976
1992-12-15,682.24,592.800667,738.36305,14.05233,-7.905414,6.186544,40.613913,59.455344,50.101137,0.524742
1992-12-16,685.82,592.007,739.93335,14.709674,-7.594491,6.523362,46.003717,53.562137,58.413286,1.794932
1992-12-17,707.82,591.759,741.6048,17.909037,-4.662666,6.927162,40.737526,54.65043,53.489588,-1.368992
1992-12-18,698.13,591.521667,743.2193,16.570702,-6.258582,9.052888,41.319399,54.404369,55.620013,3.96058
1992-12-21,731.68,591.540167,744.997,21.261367,-1.803693,3.442942,30.420846,48.171588,48.48431,-0.806363
1992-12-22,725.78,591.473333,746.7413,20.463034,-2.847187,5.772699,36.290669,48.176798,49.691367,0.863898
1992-12-23,732.05,591.595833,748.51965,21.302513,-2.224864,4.731572,38.353851,34.816124,48.409262,3.450584
1992-12-24,758.59,592.395167,750.42735,24.728752,1.08186,2.833235,37.188579,24.712245,45.046731,-0.168734
1992-12-25,764.28,593.427833,752.3613,25.30186,1.571755,6.307529,41.934231,22.483783,52.09609,-0.911969
1992-12-28,757.31,594.722667,754.25955,24.167749,0.403614,12.567023,41.806623,22.185659,53.495926,1.348193
1992-12-29,768.91,596.3005,756.21755,25.422919,1.664483,9.724611,44.383544,30.177127,55.867397,-0.180775
1992-12-30,767.52,598.004833,758.1652,24.95657,1.226323,12.414406,51.027826,23.459534,66.575464,1.676829
1992-12-31,780.39,600.283167,760.1727,26.239231,2.624815,13.083198,51.843127,20.510617,67.939107,4.311947
1993-01-04,814.04,602.845667,762.34945,30.034828,6.560446,18.290694,46.854072,12.876753,60.997003,4.102992
1993-01-05,858.72,605.648167,764.75245,34.914367,11.589072,13.949052,46.827573,9.809903,59.723775,-1.313583
1993-01-06,847.44,608.539,767.094,33.115904,9.961069,18.930059,45.293727,10.791672,61.849806,2.540593
1993-01-07,868.97,611.959333,769.535,35.064277,12.152217,22.334377,47.20284,8.690876,60.324292,2.359115
1993-01-08,889.47,615.725,772.07515,36.782534,14.154389,17.89393,50.573325,17.503985,65.820095,9.887911
1993-01-11,977.42,620.936167,775.05605,45.368816,23.19811,7.668287,39.747353,11.78035,50.899306,1.006732
1993-01-12,987.26,626.8505,778.0873,45.422535,23.80947,0.461829,34.74209,22.701345,49.395296,0.462897
1993-01-13,1024.05,633.6465,781.30195,48.00294,27.055894,1.8633,35.382141,19.377855,44.028124,-3.146331
1993-01-14,1086.43,641.992,784.82745,52.607653,32.518849,-1.126504,34.681825,10.237012,41.455961,-8.707418
1993-01-15,1063.76,650.724667,788.2389,49.147847,29.976386,3.378216,35.260183,19.852163,44.470557,-6.761864
1993-01-18,1055.32,658.9845,791.60585,47.08993,28.753571,9.667721,35.428419,18.705298,45.625971,-6.016185
1993-01-19,991.83,667.066,794.65285,39.666273,22.164637,14.828719,41.91337,25.415697,54.947925,5.190406
1993-01-20,1043.31,676.949833,797.96115,43.255646,26.809372,13.865574,36.289341,15.213994,47.302336,2.96652
1993-01-21,1074.26,687.134,801.4223,44.685801,29.299931,17.405546,30.426005,12.985467,43.058477,2.424925
1993-01-22,1100.31,697.401667,804.9683,45.598571,31.254434,17.487783,21.728992,11.589998,39.671547,4.549627
1993-01-27,1162.44,708.3215,808.77745,49.537844,36.275274,11.22737,8.451926,5.042578,32.206393,-1.038333
1993-01-28,1150.37,719.534167,812.4957,46.92349,34.772829,17.587973,20.376136,9.684448,33.593539,4.182133
1993-01-29,1198.48,731.512,816.43535,49.369574,38.386164,10.634795,11.152597,5.025603,28.230759,5.547026
1993-02-01,1278.5,744.988667,820.75575,54.007379,44.321723,8.589421,-6.359098,5.115993,20.204928,-6.161126
1993-02-02,1310.58,759.121167,825.2394,54.606366,46.255154,11.813396,-5.124591,3.954113,17.262586,-8.458087
1993-02-03,1300.56,773.179667,829.6919,52.003877,44.949579,11.183976,-5.434278,5.383895,18.166021,-7.752814
1993-02-04,1371.58,788.895833,834.5504,55.308435,49.68255,1.863569,-16.829364,-1.609583,12.04742,-15.489436
1993-02-05,1332.96,804.436333,839.17895,50.501549,46.273334,9.018473,-18.345652,1.918521,15.293782,-16.761193
1993-02-08,1393.17,820.819833,844.0728,52.903337,50.109826,9.813362,-14.125066,-2.981925,10.311017,-20.358607
1993-02-09,1474.92,838.472,849.3245,56.477784,55.19177,2.580788,-25.951597,-17.255732,4.196838,-24.772869
1993-02-10,1454.46,855.8115,854.41635,53.033984,53.197137,3.349353,-20.154731,-15.403839,5.662583,-23.714643
1993-02-11,1397.38,872.445833,859.18245,47.105376,48.637304,7.633109,-10.205978,-18.366497,9.978674,-20.598549
1993-02-12,1458.76,890.199833,864.24935,49.389607,52.348071,2.7705,-16.540709,-19.542355,5.35112,-23.93951
1993-02-15,1536.82,909.02,869.66535,52.510353,56.936214,-5.382324,-27.123406,-30.901213,-1.51872,-27.802866
1993-02-16,1513.48,927.5955,874.9867,48.957116,54.795823,-10.152976,-21.347279,-28.624712,-0.347543,-26.689484
1993-02-17,1504,945.9715,880.2569,46.367106,53.566971,-17.308772,-22.343448,-27.693331,0.280585,-26.227394
1993-02-18,1508.22,964.268667,885.52475,44.731547,53.250502,-6.708516,-24.162629,-24.772345,-0.562252,-26.433809
1993-02-19,1499.74,981.930333,890.6829,42.352668,52.105857,-11.27117,-24.403212,-25.045275,-2.897169,-26.017843
1993-02-22,1456.29,996.674667,895.50685,37.922298,48.625751,-19.379557,-33.963733,-24.482876,-3.153905,-28.797149
1993-02-23,1367.36,1010.097167,899.811,30.283534,41.845241,-9.365799,-34.205325,-19.043418,3.144746,-28.968962
1993-02-24,1264.96,1020.552,903.5656,21.469684,33.644707,-2.658834,-27.902374,-9.769888,11.494435,-24.347805
1993-02-25,1410.36,1031.981333,908.0006,31.236441,44.035523,-19.617527,-39.9971,-19.078062,-4.997306,-32.966051
1993-02-26,1339.88,1042.367,911.97825,25.108597,38.47192,-18.863454,-25.359014,-15.807539,-5.827388,-29.43995
1993-03-01,1199.73,1050.325833,915.1178,13.29961,27.079901,0.823453,-21.209193,-15.630209,5.173664,-21.197269
1993-03-02,1245.11,1057.607667,918.3528,16.321444,30.439753,-9.01361,-26.207919,-22.127598,1.340444,-24.069359
1993-03-03,1231.77,1064.686833,921.4267,14.577146,29.028421,-3.536477,-28.54304,-21.301254,2.437955,-24.830934
1993-03-04,1159.13,1070.784833,920.8899,7.927786,23.008452,8.486955,-20.188307,-18.473835,8.857505,-20.120263
1993-03-05,1109.54,1076.7115,919.73765,3.003403,18.761233,10.823415,-16.156403,-13.155312,13.722804,-16.550102
1993-03-08,1209.65,1085.598167,918.67805,10.819992,27.515061,-3.184977,-24.386898,-25.702657,4.311164,-23.456372
1993-03-09,1137.79,1094.140833,917.86025,3.911836,21.479792,7.185106,-7.117743,-20.318653,10.899199,-18.622066
1993-03-10,1188.97,1101.919,917.83925,7.603418,25.88204,1.160635,-7.812272,-9.501585,6.12547,-22.125033
1993-03-11,1261.8,1111.197833,918.3474,12.710071,31.77188,-6.323541,-1.834767,-21.441452,-1.818038,-26.619908
1993-03-12,1236.37,1120.433333,918.3557,9.846415,29.735016,-5.092003,0.536424,-20.788889,0.537865,-25.110606
1993-03-15,1171.73,1128.531833,918.29815,3.756376,24.371445,-12.222651,2.678592,-9.552527,6.084166,-20.979236
1993-03-16,1222.55,1137.110667,918.7058,7.24483,28.572818,-23.011022,5.939259,-12.900895,6.119177,-24.264038
1993-03-17,1202.85,1145.522667,919.4247,4.883273,26.870087,-22.867698,5.620328,-12.154055,7.857173,-23.023652
1993-03-18,1184.48,1153.069333,919.8248,2.687649,25.287592,-22.542987,7.664956,-12.5823,9.52992,-21.829833
1993-03-19,1174.99,1160.556167,920.17095,1.236029,24.445545,-12.226972,3.327866,-11.533071,10.414557,-21.198478
1993-03-22,1036.92,1165.637333,919.88825,-11.701322,11.975786,-6.625018,16.523195,-3.582487,25.116692,-10.705744
1993-03-23,971.25,1169.181667,919.1114,-18.547545,5.517657,-1.368393,24.066331,3.078008,33.576319,-4.668211
1993-03-24,956.97,1172.393167,917.96115,-20.303034,4.161697,-3.299501,24.493026,4.821427,35.569558,-3.245661
1993-03-25,945.42,1175.528333,916.79675,-21.78437,3.074347,0.191266,29.305411,5.4124,37.225783,-2.063633
1993-03-26,1039.76,1180.0425,916.137,-12.656054,12.657928,-9.660844,19.23202,-3.302773,24.774948,-10.949642
1993-03-29,970.45,1183.424667,915.13,-19.840789,5.869375,-2.354252,32.684284,0.735094,38.658354,-4.589623
1993-03-30,958.05,1186.385667,914.08675,-21.376674,4.697449,10.076566,35.286623,2.3805,42.314075,-3.354731
1993-03-31,925.91,1188.250167,912.86845,-24.946002,1.418525,17.194291,39.361214,6.28996,48.23255,1.954834
1993-04-01,947.23,1189.725333,911.76245,-22.793581,3.816245,26.840494,35.408087,3.418409,44.896171,-0.339939
1993-04-02,944.01,1191.334833,910.6228,-23.269291,3.6008,27.516242,36.420576,6.423657,45.390409,0.408894
1993-04-05,947.87,1192.649833,909.51265,-22.97155,4.130846,23.880513,35.530039,5.595499,44.798337,11.789591
1993-04-06,1059.62,1195.485667,909.0199,-12.064217,15.329865,20.242108,15.813607,-2.986726,29.527566,3.774938
1993-04-07,1099.62,1197.522333,908.7627,-8.529003,19.063594,14.593236,12.563164,-8.79394,24.815845,9.450537
1993-04-08,1238.86,1201.715667,909.15585,3.044134,30.943035,3.176182,-6.325752,-21.666466,10.787337,-6.129829
1993-04-09,1243.02,1205.365167,909.5476,3.076134,31.235185,-2.300561,-3.538069,-23.064941,10.416566,-6.443983
1993-04-12,1203.54,1207.317,909.71775,-0.313333,27.988811,1.621951,-6.4564,-23.413188,14.038586,-6.252389
1993-04-13,1297.36,1211.210333,910.2486,6.87113,35.436896,-4.88395,-13.216691,-36.831761,5.791762,-13.031849
1993-04-14,1272.39,1214.828167,910.63965,4.629438,33.450504,-3.995,-10.970211,-34.205527,7.867871,-11.325144
1993-04-15,1278.84,1219.611667,911.09645,4.742091,33.905993,-0.902531,-8.274672,-35.558973,7.323825,-11.772387
1993-04-16,1214.75,1222.469,911.2244,-0.633429,28.750438,3.677182,-3.969928,-33.544539,12.986211,-7.117514
1993-04-19,1223.22,1224.951667,911.33545,-0.141466,29.433095,9.536072,-7.042338,-36.929018,12.203855,-7.760664
1993-04-20,1235.52,1227.205167,911.48075,0.675257,30.417674,9.851898,-8.904424,-35.069653,11.08683,-8.678937
1993-04-21,1222.56,1228.207167,911.66605,-0.46085,29.342855,11.568687,-6.36054,-37.960729,12.264429,-7.710869
1993-04-22,1267.35,1230.156833,912.11015,2.978644,32.892262,6.293942,-8.386373,-41.283031,8.29684,-10.972502
1993-04-23,1260.25,1231.186333,912.4683,2.333191,32.291205,7.527712,-9.680545,-39.751819,8.906963,-10.470938
1993-04-26,1345.61,1232.304833,913.5147,8.796118,38.730325,0.491503,-27.1053,-47.480255,1.99835,-23.742392
1993-04-27,1363.44,1233.185833,914.76165,10.040999,39.910266,-9.396449,-31.206302,-52.294427,0.664496,-26.80646
1993-04-28,1372.5,1234.384833,916.0857,10.606116,40.427925,-9.603758,-32.119428,-52.520908,-0.999636,-27.471767
1993-04-29,1349.68,1234.019833,917.2109,8.959053,38.628537,-14.893344,-33.693616,-50.37846,0.674234,-28.604558
1993-04-30,1358.78,1234.450167,918.377,9.596158,39.173454,-12.442403,-33.419485,-51.294742,-0.481314,-29.082707
1993-05-03,1352.24,1233.768,919.6441,9.168958,38.553101,-18.105926,-36.845799,-54.026081,-7.795953,-30.819973
1993-05-04,1241.16,1229.872,920.43795,0.913633,29.895212,-8.788191,-29.014517,-44.972023,0.456025,-25.184505
1993-05-05,1246.82,1226.411333,921.49375,1.650402,30.235559,-8.940139,-14.252477,-44.582954,-3.770392,-25.524133
1993-05-06,1162.92,1222.503667,922.2355,-4.996686,23.188875,1.227261,-13.280933,-36.57747,3.172187,-20.150999
1993-05-07,1199.81,1218.187833,922.52445,-1.520116,26.280461,-2.73242,-17.787243,-30.878141,-1.877797,-22.606079
1993-05-10,1128.29,1211.379,922.41925,-7.105617,20.145865,1.036014,-5.774719,-29.11713,4.341969,-17.700237
1993-05-11,1136.74,1205.1,922.5732,-5.839803,20.875307,-0.571682,-5.623463,-31.122234,3.566339,-18.312015
1993-05-12,1140.19,1199.0365,922.83855,-5.03234,21.149589,0.614671,-6.804173,-29.307875,3.252967,-18.559188
1993-05-13,1177.28,1193.520833,923.43795,-1.370093,24.285836,-1.014232,-11.972584,-32.654949,-0.833277,-21.124966
1993-05-14,1167.47,1187.983,924.01495,-1.74179,23.386604,-2.033435,-10.891008,-31.088482,-0.177306,-20.462196
1993-05-17,1140.04,1182.712167,924.5574,-3.67469,20.950349,-10.526891,-13.063344,-25.292595,2.224483,-18.548472
1993-05-18,1130.26,1178.7605,925.03055,-4.201577,20.037621,-12.44998,-12.083899,-27.08549,3.109019,-17.843682
1993-05-19,1147.22,1176.798167,925.7039,-2.545571,21.454248,-14.190201,-13.311059,-26.174905,1.5847,-19.058245
1993-05-20,1165.4,1172.7155,926.52005,-0.625762,22.938397,-19.013301,-15.506638,-23.966856,-1.838854,-20.32092
1993-05-21,1143.97,1169.450333,927.21375,-2.202917,21.007583,-16.211228,-12.854248,-18.868634,-5.487032,-18.828291
1993-05-24,1026.13,1166.557,927.52395,-12.826223,10.103111,-9.248996,-4.843891,-0.220488,5.366766,-9.506593
1993-05-25,997.95,1162.437667,928.19665,-15.257134,7.245956,-7.204664,-1.699821,-2.417894,8.342101,-6.95125
1993-05-26,995.45,1158.499,929.26785,-15.168558,6.879788,8.263192,-0.951826,-4.891424,8.614195,-6.717565
1993-05-27,963.61,1155.240333,929.8312,-18.137703,3.568358,5.519338,1.703938,0.507216,12.20307,-3.635288
1993-05-28,972.77,1152.960833,930.40315,-16.994088,4.452969,3.189839,3.422566,-2.733444,11.14652,-4.542698
1993-05-31,935.48,1148.391333,930.38325,-20.505763,0.546317,12.965153,6.911259,-4.621566,15.57703,-0.737589
1993-06-01,928.58,1144.9045,930.35895,-20.941997,-0.191394,14.602863,10.214183,-3.745871,16.435848,5.280105
1993-06-02,1081.2,1143.108333,931.0674,-5.567962,14.949514,-1.491835,-7.104627,-17.084494,-0.612283,-9.581021
1993-06-03,1018.29,1139.049833,931.49725,-11.206969,8.908679,2.535611,-2.059781,-11.915023,5.527895,-3.994933
1993-06-04,1004.3,1135.182,931.9375,-12.250221,7.478031,4.163815,-1.739628,-11.568055,6.997909,-2.657572
1993-06-07,1064.98,1133.402833,932.8419,-6.226844,13.247557,-6.252611,-11.182069,-16.912798,0.901425,-10.579541
1993-06-08,1074.58,1130.936667,933.96695,-5.111631,14.024411,-7.032118,-17.991607,-18.210196,-0.87383,-16.465968
1993-06-09,1065.19,1128.642333,934.90665,-5.786225,13.046178,-5.892215,-16.431143,-17.523625,-1.707677,-15.729588
1993-06-10,1044.44,1126.308333,935.81,-7.546447,10.982367,-4.548286,-15.311717,-14.729812,0.245107,-14.197082
1993-06-11,1047,1124.175167,936.804,-7.112065,11.121013,-3.996674,-18.683603,-12.639089,-1.772684,-17.042025
1993-06-14,1000.43,1123.567,937.6898,-11.607854,6.4766,-2.307437,-16.823336,-5.432659,2.799796,-15.484342
1993-06-15,1001.61,1124.073,938.57305,-11.534999,6.500329,-2.065902,-14.08133,-9.697489,2.678687,-15.58391
1993-06-16,1004.24,1124.860833,939.6559,-11.342829,6.647257,-1.830968,-18.28913,-9.949822,2.409783,-16.714132
1993-06-17,998,1125.737167,940.82535,-12.044008,5.899575,-1.802725,-17.39002,-10.151577,3.0501,-16.193387
1993-06-18,1005.98,1125.174167,942.08735,-11.197565,6.561947,0.065586,-17.217027,-10.737495,2.232649,-16.858188
1993-06-21,977.61,1125.2935,943.46125,-14.068835,3.555552,2.506154,-15.531064,-10.605292,5.199415,-14.445433
1993-06-22,981.13,1125.678167,945.1663,-13.743598,3.734408,4.70934,-19.388304,-11.263137,4.821991,-17.624576
1993-06-23,986.02,1126.68,946.9177,-13.33539,4.046445,2.110391,-19.449655,-11.286876,4.302144,-18.033103
1993-06-24,980.17,1127.229,948.35465,-13.979166,3.299749,1.75562,-18.388782,-11.341072,4.924656,-17.543895
1993-06-25,1006.64,1128.272833,949.5064,-11.406995,5.843106,-1.972356,-21.297824,-13.285043,2.16562,-19.712112
1993-06-28,1002.42,1129.182,950.8436,-11.90764,5.282276,-5.128174,-24.091541,-13.594847,2.595718,-21.40919
1993-06-29,1028.44,1128.662333,952.295,-9.299006,7.692351,-13.602927,-26.171689,-14.431851,-2.079849,-23.397573
1993-06-30,1007.05,1127.1195,953.48505,-11.264,5.46568,-10.818351,-23.22585,-13.345054,-0.945335,-21.770518
1993-07-01,997.53,1123.097333,954.6641,-11.85634,4.392267,-10.716326,-21.236756,-12.080254,-1.057612,-21.023929
1993-07-02,986.98,1118.83,955.827,-12.5389,3.207284,-12.780159,-11.35127,-11.95006,-3.512736,-20.17974
1993-07-05,952.31,1114.642833,956.92135,-15.739869,-0.483059,-11.893879,-12.160342,-7.785569,-5.09498,-17.273787
1993-07-06,897.64,1107.980833,957.79605,-21.052547,-6.486577,-3.121842,-7.507165,0.0568,0.68513,-12.235417
1993-07-07,903.79,1101.8375,958.75315,-19.813749,-5.903661,-7.750202,-6.072559,-1.974465,-0.844223,-12.832627
1993-07-08,896.16,1095.4595,959.5811,-20.081022,-6.837787,-6.626589,-5.370649,-0.659418,-1.683851,-12.090475
1993-07-09,868.57,1089.689833,960.275,-22.68002,-10.037152,-2.530098,-1.513871,2.723435,1.439147,-9.298042
1993-07-12,845.52,1083.394833,960.8791,-24.790293,-12.789677,-1.015165,4.594086,4.66071,4.701249,-6.825386
1993-07-13,870.05,1077.303667,961.6762,-21.366591,-10.012712,-7.372876,-0.920261,1.708216,1.749325,-9.45233
1993-07-14,836.39,1070.8675,962.34655,-24.712934,-14.027961,-2.991492,5.425284,5.944871,5.844164,-5.808295
1993-07-15,838.7,1063.723333,963.14195,-23.767754,-13.834773,-2.801487,8.929802,4.209649,9.340646,-6.067724
1993-07-16,846.87,1056.833667,964.0051,-22.148541,-12.954939,-4.01521,11.202641,2.508221,11.85424,-6.973916
1993-07-19,836.98,1048.3565,964.8637,-22.51788,-14.218667,-6.054323,20.154467,4.032389,22.329088,-5.874692
1993-07-20,808.21,1039.102667,965.6863,-25.129087,-17.801711,-2.074045,18.670231,6.176157,26.683659,-2.524096
1993-07-21,811.74,1029.756667,966.44355,-23.789772,-17.44428,-1.665805,15.510057,5.196816,26.132752,-2.947988
1993-07-22,815.53,1020.854167,967.06835,-22.455677,-17.043097,-1.092355,17.19206,4.950636,25.546577,-3.399017
1993-07-23,813.54,1011.766833,967.7661,-21.805833,-17.359533,7.974198,15.141814,2.633599,25.853677,-3.162721
1993-07-26,787.81,1002.359667,968.3864,-24.085522,-20.637424,6.803025,12.558716,6.366864,29.964078,0.483619
1993-07-27,791.62,994.867333,969.02685,-22.852792,-20.221084,5.061597,12.211635,6.389327,29.338572,0.847629
1993-07-28,798.33,987.3925,969.69475,-21.254558,-19.445929,6.33494,13.245983,4.161083,28.251475,1.044681
1993-07-29,806.67,981.455,970.5661,-19.61215,-18.496485,5.149782,11.381514,1.49374,26.925509,3.229325
1993-07-30,881.07,976.142667,971.89,-10.247167,-9.810555,-2.942761,1.522843,-11.549158,16.207566,-5.487646
1993-08-02,843.27,971.392333,973.17785,-14.144325,-14.327966,4.860549,6.429613,-7.38608,21.416628,-1.251082
1993-08-03,832.72,966.325333,974.64245,-14.880311,-15.737323,3.465062,7.288576,-6.748261,22.954895,1.991065
1993-08-04,850.54,961.497833,976.0965,-12.262087,-13.769001,3.747641,4.980078,-3.090026,20.378818,-0.14579
1993-08-05,849.3,956.0315,977.8083,-11.837838,-14.090116,7.673861,5.952554,-4.144525,20.554574,0.732368
1993-08-06,855.52,950.832333,979.8345,-10.562827,-13.567421,10.186414,7.558385,-4.64254,19.678091,0.766785
1993-08-09,885.27,946.586167,981.9448,-6.696932,-10.364241,14.545216,6.796592,-8.556756,15.65624,-2.61954
1993-08-10,862.08,942.1165,983.83395,-8.878087,-13.210906,12.217616,5.304102,-6.76242,18.7674,2.429009
1993-08-11,883.02,937.713167,985.7128,-6.009626,-11.001718,7.093281,2.914025,-9.342525,15.950941,1.156259
1993-08-12,917.04,933.573833,987.90995,-1.786896,-7.444046,5.460772,-1.691358,-11.871173,11.649437,-2.596397
1993-08-13,947.26,930.295333,990.2472,1.807151,-4.4381,-0.076038,-4.723109,-12.376148,8.087537,-5.703819
1993-08-16,1023.87,930.257667,993.01705,9.588324,3.059701,-13.650074,-15.228695,-19.06482,-4.859992,-14.125817
1993-08-17,974.11,929.860333,995.57445,4.648984,-2.179567,-8.532641,-10.545063,-15.628653,-0.574884,-10.00811
1993-08-18,947.93,929.068333,998.02885,2.009837,-5.150152,-3.929878,-7.347278,-11.108168,2.171046,-7.522707
1993-08-19,968.51,929.15,1000.72835,4.148862,-3.272456,-6.902901,-10.14435,-11.190854,-2.166214,-9.646777
1993-08-20,946.54,928.712833,1003.4584,1.901365,-5.839448,-5.644772,-7.129033,-6.107505,0.104591,-7.549602
1993-08-23,893.23,928.008667,1005.87375,-3.819697,-11.876774,0.673922,-2.062022,-1.454727,6.079061,-2.040908
1993-08-24,894.44,927.439667,1008.267,-3.622992,-11.979047,0.138538,-0.471797,-0.76203,5.935557,-2.173427
1993-08-25,911.4,924.609667,1010.75355,-1.438979,-10.346954,-1.930966,-3.365187,-0.918181,3.964231,-3.993856
1993-08-26,903.91,922.703333,1013.2765,-2.057797,-11.421462,-0.279178,-2.225011,2.270712,4.825702,-3.198327
1993-08-27,894.59,920.874833,1015.78185,-2.895861,-12.704838,3.09278,-2.121634,5.985434,5.917795,-2.18983
1993-08-30,899.27,918.113,1018.24015,-2.073715,-12.424775,5.227528,-2.05484,6.321226,5.366575,-2.698856
1993-08-31,895.68,915.131333,1020.7238,-2.148438,-13.068406,1.480589,0.275389,6.227301,5.788898,-2.30886
1993-09-01,893.97,912.277667,1023.18645,-2.027219,-13.500479,1.681588,-0.881984,9.868369,5.991253,-2.121995
1993-09-02,901.39,909.8935,1025.64145,-0.938954,-12.913548,0.029949,-1.241323,6.859415,5.118761,-2.927701
1993-09-03,922.69,907.821667,1028.0547,1.624536,-10.813034,-2.09508,-3.321078,5.304965,2.692128,-5.168583
1993-09-06,947.53,906.94,1029.9342,4.37823,-8.33916,-7.48007,-6.729967,3.871197,-4.052642,-7.654639
1993-09-07,909.04,905.397167,1031.66935,0.401539,-12.65444,-3.631549,-2.675626,6.984322,0.009901,-3.74461
1993-09-08,909.13,903.812,1033.02665,0.586672,-12.776017,-3.168022,-2.394437,6.769041,-0.612674,-3.754139
1993-09-09,901.66,902.206333,1033.91195,-0.060574,-13.686739,-2.99222,-3.028795,8.39985,0.210722,-2.983386
1993-09-10,903.56,900.499333,1034.84605,0.339309,-13.566543,-2.481962,-3.971311,9.712358,-0.598743,-3.893488
1993-09-13,879.24,898.859833,1035.63125,-2.206921,-16.370853,-0.483401,-0.893383,15.07915,2.150721,-1.235158
1993-09-14,876.62,897.118,1035.97335,-2.31138,-16.70231,1.540625,-1.949011,14.130522,2.456024,-1.930141
1993-09-15,880.78,895.364,1036.34215,-1.642246,-16.264475,0.052213,-2.965963,11.173223,1.972116,-2.92241
1993-09-16,875.08,893.6125,1036.7513,-2.095693,-16.953204,1.016438,-2.097075,11.177701,2.63633,-2.290076
1993-09-17,881.41,891.525333,1037.38865,-1.141096,-16.293902,-0.637373,-5.379182,7.574928,1.89923,-5.237063
1993-09-20,875,889.401667,1038.3814,-1.632507,-17.119455,0.681104,-4.12983,5.578604,2.645714,-4.542857
1993-09-21,890.23,887.098167,1039.7064,0.352421,-15.521379,0.885724,-5.35051,5.504874,0.889658,-6.175932
1993-09-22,881.24,885.001333,1040.5012,-0.425915,-16.612779,0.552238,-5.719713,3.000247,1.918887,-5.559212
1993-09-23,884.02,883.1095,1041.39595,0.103048,-16.383766,0.70451,-7.662762,1.980218,1.59838,-7.37653
1993-09-24,875.81,881.256667,1042.3638,-0.619975,-17.409713,1.893336,-10.950367,-11.100805,2.550782,-10.372113
1993-09-27,880.98,880.067833,1043.3396,0.103594,-16.914708,0.5524,-11.760853,-4.722835,1.948966,-11.095598
1993-09-28,898.15,880.076333,1044.29125,2.032845,-15.075661,-1.470425,-14.312226,-8.958258,-0.623504,-13.335189
1993-09-29,886.12,879.781833,1045.2312,0.717842,-16.5141,0.169134,-7.18812,-6.08948,0.725635,-12.158624
1993-09-30,890.27,879.683667,1046.02415,1.196241,-16.122694,-1.757522,-8.855756,-6.482387,0.256102,-12.568097
1993-10-04,892.55,880.083333,1046.858,1.406593,-15.946604,-2.745313,-8.879846,-6.07997,-0.55235,-12.79144
1993-10-05,885.86,880.755667,1047.62705,0.577867,-16.772401,-1.643486,-8.62338,-5.366907,0.198677,-12.132843
1993-10-06,885.04,881.0055,1048.2593,0.456897,-16.925342,-2.904935,-9.390897,-7.491487,0.291512,-12.051433
1993-10-07,887.62,881.859333,1048.876,0.651117,-16.693067,-3.739547,-9.862112,-7.167054,-1.448818,-12.307068
1993-10-08,874.76,882.460333,1049.46325,-0.876428,-18.208456,-2.0605,-7.15102,-4.7956,-0.381819,-11.017879
1993-10-11,868.38,882.818833,1049.9606,-1.64906,-18.987851,-3.889833,-3.681728,-4.051592,0.350077,-10.364126
1993-10-12,871.42,883.392833,1050.4801,-1.364592,-18.687851,-3.719848,-2.942742,-4.546264,-1.344931,-10.676826
1993-10-13,859.7,884.251,1050.87665,-2.815747,-20.079651,-1.860874,-3.134579,-1.490641,-0.323369,-9.459114
1993-10-14,855.04,884.972667,1051.08165,-3.440851,-20.64268,-2.701538,-0.794927,1.657455,0.219873,-8.965662
1993-10-15,856.92,885.6625,1051.07265,-3.299139,-20.422193,-4.54925,1.05057,2.616817,1.056108,-9.165383
1993-10-18,835.25,886.024333,1051.0117,-5.901333,-22.977742,-6.208558,6.40071,7.499696,6.609997,-6.80874
1993-10-19,839.6,886.8875,1050.86485,-5.479255,-22.444318,-6.949919,4.737125,6.030509,6.057646,-7.291567
1993-10-20,843.85,887.758,1050.63675,-5.072443,-21.917693,-8.075992,5.060277,5.104203,5.523494,-7.758488
1993-10-21,832.25,888.323333,1049.9109,-6.520291,-23.232771,-0.91617,8.166719,7.543567,8.509462,-6.472815
1993-10-22,818.81,888.525667,1049.06865,-8.171147,-24.780598,-0.488484,12.158485,3.647799,12.928518,-4.937653
1993-10-25,784.97,886.924,1047.87325,-12.21138,-28.887241,3.963857,19.057435,9.044933,20.994433,-0.839523
1993-10-26,783.23,885.923333,1046.35725,-12.320402,-28.964373,3.689873,20.136919,6.407718,22.307624,-0.619231
1993-10-27,778.38,885.017667,1044.93035,-12.839277,-29.449067,3.450904,20.264138,3.672822,23.069709,3.324854
1993-10-28,824.66,884.586333,1043.77705,-7.014894,-23.563001,-2.504858,17.938473,-2.710226,19.648097,-2.473747
1993-10-29,814.82,884.011667,1042.892,-8.150303,-24.678567,-0.052786,16.956493,-0.238373,21.093002,-1.295992
1993-11-01,816.71,883.364833,1041.759,-7.845422,-24.338183,2.452805,17.50589,2.716498,20.812773,-1.524409
1993-11-02,812.67,882.154833,1040.45105,-8.204247,-24.708448,4.037153,19.224545,0.395442,21.413366,-1.03486
1993-11-03,805.71,881.215333,1038.97805,-8.957814,-25.426899,3.351383,19.050845,0.828126,22.462176,-0.179965
1993-11-04,804.26,879.902667,1037.18715,-8.98887,-25.434506,5.327638,19.025591,1.767296,22.682963,1.259543
1993-11-05,814.39,878.191833,1035.50725,-7.542569,-24.020732,6.14109,18.579664,-1.875307,21.15694,2.30602
1993-11-08,836.99,876.354,1033.6998,-4.5958,-21.108756,6.192606,17.365397,-8.309699,18.964384,-0.456397
1993-11-09,846.15,873.392,1031.53805,-3.168783,-19.810957,3.960019,18.915275,-11.378024,20.822549,-1.534007
1993-11-10,833.17,871.043,1029.151,-4.445364,-21.125177,6.333982,19.214112,-7.599412,22.70485,1.812355
1993-11-11,848.27,869.382,1026.88955,-2.458363,-19.109068,6.260109,14.934113,-8.368714,20.520589,2.0866
1993-11-12,865.97,867.673,1024.3615,-0.196465,-16.79745,6.558665,12.224206,-8.191712,18.057208,1.658256
1993-11-15,890.46,866.738333,1022.149,2.700106,-13.792437,6.448167,6.5534,-13.255965,14.810323,-1.137614
1993-11-16,880.33,866.523333,1019.5848,1.58078,-14.685393,8.449875,4.971309,-13.032832,16.131451,0.831506
1993-11-17,887.65,866.410167,1016.64845,2.421909,-13.568914,7.12787,5.795108,-13.429614,15.173773,1.737171
1993-11-18,903.07,866.271333,1013.8915,4.160189,-11.575111,8.855584,0.553241,-16.126842,13.207171,0.554774
1993-11-19,924.67,866.617333,1011.52795,6.483941,-8.978037,4.309525,-2.515505,-18.41119,10.562687,-2.484129
1993-11-22,949.77,867.537,1008.983,9.056169,-6.047832,2.412312,-19.207872,-23.028386,7.640797,-17.47581
1993-11-23,957.95,868.515,1006.08865,9.801073,-4.902988,2.777499,-13.098901,-22.078452,6.721645,-18.18049
1993-11-24,953.23,869.474167,1003.2874,9.196759,-5.118107,2.23761,-14.910171,-22.691944,7.250087,-17.775353
1993-11-25,986.69,871.0195,1000.70085,12.469154,-1.409998,-1.41774,-16.839832,-26.256496,3.61309,-20.563703
1993-11-26,965.39,872.086167,997.9867,10.164393,-3.320778,1.570385,-14.583125,-20.377039,5.89917,-18.81105
1993-11-29,972.96,872.924,995.3528,10.849448,-2.275428,2.312312,-14.706013,-23.268054,5.075234,-19.442731
1993-11-30,984.93,873.547333,992.996,12.000826,-0.815606,3.727882,-15.968072,-26.28243,3.798239,-20.421756
1993-12-01,974.8,874.643333,991.0332,10.841614,-1.651571,3.51465,-17.151435,-27.280222,4.876898,-19.594789
1993-12-02,972.8,875.7045,989.5724,10.514981,-1.709442,1.23616,-16.330533,-28.105659,5.092516,-19.429482
1993-12-03,980.67,877.021333,987.42395,11.170469,-0.686347,-0.214369,-16.224245,-30.027286,4.249136,-20.07607
1993-12-06,995.72,878.557333,985.70315,12.518493,1.011085,-4.619391,-17.73526,-32.643958,2.673442,-21.284096
1993-12-07,1022.34,880.942333,984.8162,14.885723,3.739437,-9.983947,-20.518797,-36.279729,-1.239314,-23.333725
1993-12-08,1009.67,883.159833,983.639,13.387263,2.611986,-7.085022,-17.570174,-34.354504,-2.453277,-22.371666
1993-12-09,984.9,884.895167,982.40465,10.707093,0.253682,-8.120763,-12.481731,-34.304675,-0.642705,-20.419332
1993-12-10,978.57,886.62,981.50185,9.867584,-0.299158,-8.181045,-10.657959,-31.048664,-2.84088,-19.904555
1993-12-13,950.77,887.776,980.708,6.855272,-3.100258,-19.313106,-5.454414,-18.724124,-1.068608,-17.562607
1993-12-14,925.2,888.612667,979.28575,4.034849,-5.681355,-9.620336,-3.677925,-18.004141,1.665586,-15.284263
1993-12-15,940.61,889.452333,978.29985,5.592268,-3.928762,-13.577409,-5.751181,-16.960888,-3.458394,-16.67216
1993-12-16,908.08,889.899667,976.8954,2.022376,-7.30471,-8.53749,-1.176393,-15.712842,-0.702581,-13.68712
1993-12-17,901.7,890.194333,975.0949,1.284208,-7.825293,-7.758095,-5.995181,-16.41185,-0.155262,-13.076411
1993-12-20,783.79,888.660667,972.832,-12.557433,-21.607028,6.914171,9.19537,-6.887987,14.864951,4.767859
1993-12-21,840.34,887.983333,971.17505,-5.51464,-14.470016,-0.091672,-0.630299,-12.808925,7.135207,-2.28241
1993-12-22,821.19,886.700667,969.16825,-7.675295,-16.568372,-0.003653,-1.681145,-12.429324,9.633581,-1.667093
1993-12-23,833.77,885.828167,967.32285,-6.05654,-14.857472,-0.90844,-3.808867,-14.075191,7.979419,-3.737242
1993-12-24,834.39,884.896833,965.5724,-5.877015,-14.602017,-0.070735,-2.611742,-14.877002,7.899184,-3.80877
1993-12-27,839.9,884.019333,963.89695,-5.11961,-13.770155,-0.716935,-0.083378,-17.902185,7.191332,-4.439814
1993-12-28,839.57,883.247833,962.9102,-5.071598,-13.70703,-0.822843,-2.861031,-17.19865,7.233465,-4.402254
1993-12-29,821.16,882.183167,962.15975,-7.168173,-15.846252,3.095911,-1.071284,-15.062127,9.637586,-2.258999
1993-12-30,826.23,881.16,961.50605,-6.436604,-15.162767,5.084961,-0.927762,-15.944163,8.964816,-2.858768
1993-12-31,833.8,880.477333,960.94795,-5.447062,-14.192668,5.351917,-4.230727,-17.657175,7.975534,-4.14248
1994-01-03,833.9,879.902667,959.91865,-5.36978,-14.073505,7.661455,-7.939835,-18.309413,7.962585,-7.63281
1994-01-04,832.69,879.257167,959.22985,-5.4416,-14.14693,6.856925,-9.774502,-19.853266,8.119468,-9.311989
1994-01-05,846.98,879.045167,958.6745,-3.71592,-12.387452,4.733971,-9.24335,-21.996671,6.295308,-10.842051
1994-01-06,869.33,879.283333,958.3916,-1.138438,-9.753366,3.184575,-10.821096,-24.959373,3.562514,-13.134253
1994-01-07,879.64,879.662,958.05365,-0.002501,-8.539105,-3.518268,-9.757959,-25.911254,2.348688,-14.152381
1994-01-10,900.3,880.746167,957.8351,2.195858,-6.194759,-4.663321,-14.354951,-31.192864,-0.31545,-16.122404
1994-01-11,891.79,881.616,957.5547,1.147409,-7.115217,-6.57271,-14.326216,-29.252677,0.6358,-15.321993
1994-01-12,888.04,882.3525,956.6968,0.642515,-7.446973,-9.507373,-13.473541,-30.165245,1.060763,-14.964416
1994-01-13,897.46,883.439333,955.686,1.574593,-6.286086,-11.169963,-15.503691,-34.424421,-4.254229,-15.856974
1994-01-14,849.23,883.946333,953.73785,-4.00663,-11.605879,-4.374656,-9.900504,-30.37185,1.183425,-11.078271
1994-01-17,859.28,885.184833,951.81915,-2.970165,-10.228022,-2.364577,-13.015884,-35.227232,-2.33684,-12.204404
1994-01-18,835.06,886.048667,949.97675,-5.92683,-12.893393,-2.322404,-8.349252,-37.708918,0.495773,-9.657989
1994-01-19,807.5,886.534,947.52745,-9.337642,-15.991285,0.606208,-6.100627,-40.192957,3.925697,-6.574613
1994-01-20,802.61,886.1665,945.17855,-9.903594,-16.350493,1.972665,-5.607797,-32.065991,4.558877,-6.005407
1994-01-21,812.88,886.134167,942.84875,-8.628487,-14.832238,-1.68972,-3.182172,-36.186575,3.23787,-7.192944
1994-01-24,839.2,886.509,940.971,-5.484222,-11.446326,-8.573392,-8.478662,-40.308472,-2.454719,-10.10367
1994-01-25,815.89,886.562667,938.93435,-8.307227,-14.046602,-7.736314,-7.453327,-34.173431,0.332153,-7.53533
1994-01-26,812.41,886.674333,936.8188,-8.747262,-14.248474,-5.076156,-9.057504,-30.557861,0.761931,-8.659421
1994-01-27,818.6,886.913333,934.799,-8.015171,-13.273597,-4.808372,-10.847364,-31.128277,-2.36257,-10.279746
1994-01-28,799.26,886.661167,932.45855,-10.377661,-15.41384,-0.175316,-9.572315,-29.923417,-0.175162,-9.128444
1994-01-31,770.25,885.548833,930.00855,-13.949247,-18.847864,1.246339,-6.968862,-24.021476,3.58455,-6.731581
1994-02-01,755.15,884.032167,927.05625,-15.757704,-20.509784,2.305212,-5.98643,-19.787458,5.65583,-5.810766
1994-02-02,772.2,883.016,924.10005,-13.409974,-17.957676,0.503779,-7.54098,-26.764756,3.322973,-7.890443
1994-02-03,780.17,881.881,921.1384,-12.254528,-16.609845,-1.49802,-11.001848,-28.653341,2.267455,-10.418242
1994-02-04,797.86,880.745833,918.3793,-9.883594,-14.067734,-3.660813,-10.632746,-31.597829,-1.3085,-12.404432
1994-02-14,779.91,878.903333,915.48495,-11.949639,-16.02754,-3.324254,1.085241,-26.997867,1.091152,-10.388378
1994-02-15,772.76,877.1105,912.58755,-12.666446,-16.63155,-0.595746,0,-26.784798,2.026502,-9.559242
1994-02-16,776.1,875.251333,910.26225,-12.022971,-15.945137,-2.13446,2.263834,-28.753605,2.289653,-9.94846
1994-02-17,768.57,873.009667,907.871,-12.741498,-16.657065,-1.274069,0.967242,-26.374831,3.291828,-9.066188
1994-02-18,769.18,870.418167,905.9023,-12.364874,-16.360645,2.343677,-0.516164,-26.0856,3.209912,-9.138303
1994-02-21,754.41,867.162167,903.6753,-13.929002,-18.053413,2.172645,-3.067473,-24.239557,5.230578,-7.359393
1994-02-22,768.17,863.999167,901.8747,-11.756074,-16.046453,-1.426479,-3.829374,-27.527514,3.345614,-9.018837
1994-02-23,759.71,860.773833,899.98955,-12.489501,-16.944637,-2.350668,-4.647551,-25.189941,4.496453,-8.005686
1994-02-24,758.84,856.976333,898.0828,-12.161935,-16.847132,-3.266903,-4.658528,-24.454133,4.616256,-7.900216
1994-02-25,787.42,854.010167,896.1335,-8.118132,-12.932762,-8.079863,-9.083088,-29.263025,0.819131,-11.243047
1994-02-28,770.98,850.643833,894.15105,-9.833108,-14.821229,-7.063592,-9.340145,-26.676054,2.968949,-9.350437
1994-03-01,757.29,846.849833,892.2373,-11.177712,-16.398586,-6.269417,-6.884291,-25.513039,4.830382,-7.711709
1994-03-02,742.06,842.970833,890.2963,-12.750226,-18.212423,-3.559632,-4.933339,-25.079093,6.981915,-5.817589
1994-03-03,734.45,838.998333,888.23245,-13.30868,-19.011156,-4.962856,-4.169037,-24.760813,8.090408,-4.841718
1994-03-04,726.3,834.758833,886.03695,-13.917971,-19.87955,-1.235747,-3.854134,-28.853608,9.303318,-3.780807
1994-03-07,718.4,830.136833,883.9091,-14.456403,-20.732771,9.300443,-3.400716,-25.579071,10.50529,-3.343541
1994-03-08,711.27,824.952333,882.3348,-14.82735,-21.551947,8.291642,-4.092334,-26.617457,11.61303,-4.009729
1994-03-09,716.11,820.059667,880.9256,-13.554332,-20.713939,10.308593,-5.212341,-27.01531,10.858667,-5.078829
1994-03-10,698.89,815.292833,879.4428,-15.405399,-22.979516,10.47107,-3.136429,-24.18504,13.590121,-3.087753
1994-03-11,717.38,810.939667,878.21165,-12.258797,-20.228194,6.455769,-5.52055,-27.855162,10.66241,-5.585603
1994-03-14,788.42,808.233833,877.2899,-2.482047,-10.680655,-7.476969,-17.923154,-39.760687,0.691256,-16.408767
1994-03-15,772.76,805.693167,876.4763,-4.173446,-12.594114,-4.42512,-14.926461,-37.039699,2.731767,-14.714789
1994-03-16,793.87,803.2475,875.80275,-1.174317,-9.822117,-9.045845,-18.955539,-41.733826,-2.24596,-17.267311
1994-03-17,776.04,801.046833,874.27695,-3.171535,-11.919314,-6.899839,-19.887972,-41.093077,-1.394258,-18.035153
1994-03-18,765.22,798.772167,873.0116,-4.291238,-13.178547,-6.223248,-19.955182,-44.162368,-3.385954,-18.090222
1994-03-21,731.62,797.902667,871.6482,-8.672536,-17.512465,-4.100027,-19.143874,-39.932642,1.051092,-17.422979
1994-03-22,739.31,796.218833,870.01985,-7.415675,-16.279871,-4.481396,-25.530292,-39.891964,-1.907184,-22.53182
1994-03-23,725.21,794.619167,868.273,-9.14017,-18.004491,-2.636456,-29.444778,-35.921339,-0.125481,-25.505716
1994-03-24,724.3,792.794667,866.56855,-9.035858,-17.933555,-2.777412,-21.799666,-31.639352,-0.724838,-25.412122
1994-03-25,719.05,790.872333,864.9416,-9.520566,-18.473109,-2.850908,-23.921315,-35.847457,-1.688339,-24.867534
1994-03-28,702.23,788.577833,863.21775,-11.597013,-20.640599,-1.124162,-22.489665,-34.352036,0.666448,-23.067941
1994-03-29,706.91,786.366833,861.75015,-10.652003,-19.806202,-3.47746,-19.835813,-33.598856,-0.080633,-23.577259
1994-03-30,706.34,784.453167,860.2738,-10.489016,-19.7154,-3.838634,-16.567018,-34.470891,-0.266161,-23.515587
1994-03-31,704.46,782.423667,858.7749,-10.496482,-19.807529,-3.930248,-16.111875,-35.828233,-0.797774,-23.311473
1994-04-01,698.84,780.174333,857.2791,-11.009558,-20.434172,-2.902163,-16.496968,-39.223099,-0.6382,-22.694751
1994-04-04,694.38,777.849,855.7211,-11.351306,-20.892514,-5.221996,-13.651899,-39.039306,-1.674875,-22.19822
1994-04-05,682.75,775.35,854.2468,-12.718578,-22.409138,-2.542485,-9.708693,-37.723321,-0.440864,-20.87294
1994-04-06,679.74,772.562667,852.73985,-12.800276,-22.674415,-3.434604,-14.011435,-37.048946,-0.130932,-20.522553
1994-04-07,677.31,769.362333,851.1963,-12.743296,-22.85137,-6.280473,-14.515064,-39.045235,0.22737,-20.23741
1994-04-08,678.85,766.015833,849.6897,-12.080265,-22.447103,-7.978863,-15.444534,-43.685795,-1.950357,-20.418355
1994-04-11,659.05,761.995,847.95175,-14.514059,-25.202433,-8.697689,-10.159955,-39.585361,0.995372,-18.027464
1994-04-12,665.61,758.225333,846.2677,-13.02767,-24.013183,-15.028951,-11.858337,-43.294985,-1.3251,-18.835354
1994-04-13,656.79,754.371167,844.40945,-13.852018,-25.127317,-19.535085,-12.061901,-43.297194,-3.153215,-17.745398
1994-04-14,636.08,750.014833,842.5546,-16.476864,-28.111413,-8.811534,-7.454101,-37.367637,-1.460508,-15.067287
1994-04-15,626.79,746.3075,840.7009,-17.452616,-29.362439,-10.189381,-5.614255,-38.113795,-1.150306,-13.808453
1994-04-18,604.15,742.055333,838.78675,-20.56013,-32.813399,-7.445818,-2.028209,-34.18762,2.554001,-10.578499
1994-04-19,572.73,737.683167,836.88885,-25.310002,-37.927686,1.213083,1.832152,-26.906345,8.18012,-5.67283
1994-04-20,540.24,733.228833,835.10185,-30.544436,-43.554021,10.241304,8.902389,-22.405097,14.686065,3.805716
1994-04-21,582.43,729.559167,833.49505,-22.523146,-35.841876,2.910379,2.004061,-34.151213,6.378449,-3.713751
1994-04-22,566.07,725.445667,831.8446,-24.806843,-38.49279,4.573439,3.741379,-34.985658,9.452895,-0.93098
1994-04-25,560.8,720.805667,830.30575,-25.100523,-39.242967,7.713604,5.153756,-33.670051,10.481455,3.373752
1994-04-26,579.72,716.8695,828.97675,-21.234859,-35.764688,6.64966,1.207065,-38.652432,6.875733,0.341544
1994-04-27,598.5,713.304333,827.619,-17.548164,-32.412638,-1.28305,-3.578735,-45.188965,3.522139,-3.515455
1994-04-28,599.63,709.654833,826.4352,-16.84659,-32.080871,-2.333436,-4.479901,-49.990096,3.327052,-4.381035
1994-04-29,592.56,706.209833,825.2045,-17.546027,-33.11791,-1.849728,-8.502506,-45.648665,4.559876,-8.151073
1994-05-03,605.77,703.4685,823.999,-14.952272,-30.766894,-1.730052,-8.526457,-44.356391,2.279743,-10.154019
1994-05-04,619.58,701.209,822.912,-12.376416,-28.380744,-4.692129,-12.81643,-51.257026,-3.905872,-12.156622
1994-05-05,590.87,698.186833,821.8253,-16.689071,-32.993182,-1.48507,-7.791534,-55.320939,0.763281,-7.888368
1994-05-06,585.8,694.947333,820.6956,-17.085763,-33.717384,0.78049,-6.533547,-56.207699,1.63537,-7.091157
1994-05-09,581.7,691.344667,819.52645,-17.268364,-34.277182,1.851416,-6.890078,-26.64434,2.351728,-6.658071
1994-05-10,595.38,688.269167,818.43565,-14.498013,-31.819492,-0.565944,-11.677578,-31.936323,-0.194834,-11.021532
1994-05-11,591.18,685.242833,817.4525,-14.765274,-32.407226,-1.338462,-10.254901,-12.257732,0.514226,-10.389391
1994-05-12,582.16,682.0105,816.4052,-15.829973,-33.816548,1.429205,-10.716386,-3.387431,2.071595,-10.162155
1994-05-13,590.39,679.040833,815.3655,-13.989793,-32.285314,0.646629,-13.751004,14.577009,0.648724,-12.84744
1994-05-16,592.57,676.097333,814.295,-13.186804,-31.78537,-0.833748,-18.592932,18.332796,0.278448,-16.966772
1994-05-17,592.02,673.390833,812.84975,-12.878548,-31.700587,-0.263852,-18.760558,4.872421,0.371609,-17.105841
1994-05-18,583.32,670.31,811.55,-13.900437,-33.021008,0.587996,-16.193824,23.74547,1.868614,-15.869506
1994-05-19,590.54,667.4905,810.3391,-12.248779,-31.641543,-2.23982,-15.378949,15.465372,0.623158,-16.898093
1994-05-20,594.22,664.746833,809.0575,-11.215665,-30.862037,-3.573583,-11.843747,14.89491,-0.632762,-17.412743
1994-05-23,587.65,661.417333,807.74925,-11.825347,-31.812014,-7.670446,-15.667521,12.497794,0.478176,-16.489407
1994-05-24,590.46,658.408667,806.42395,-10.892392,-31.17077,-5.966608,-17.016126,16.014253,-0.62663,-16.886834
1994-05-25,586.76,655.5665,804.9314,-11.088387,-31.614118,-7.373834,-14.970108,21.161095,-1.584975,-16.362738
1994-05-26,577.46,652.823167,803.5083,-12.266712,-33.034834,-5.495849,-14.325138,25.951219,-0.710006,-15.015759
1994-05-27,573.36,650.138333,801.96,-12.567137,-33.554494,-4.387083,-15.236457,21.915906,-2.982419,-14.408051
1994-05-30,544.26,647.104333,800.0961,-17.308046,-38.530477,-0.2373,-14.223625,22.530929,2.204829,-13.258369
1994-05-31,556.26,644.402,798.1411,-14.708694,-36.104959,-4.881174,-16.86095,25.050113,-1.350088,-15.516126
1994-06-01,545.05,641.631667,795.747,-16.313688,-37.840376,-2.1306,-15.198198,25.832685,0.678837,-14.099624
1994-06-02,546.58,638.806167,793.60935,-15.592039,-37.291065,-4.409922,-15.245977,27.866296,0.397014,-14.340078
1994-06-03,548.75,636.303833,791.61345,-14.803321,-36.643024,-6.436967,-17.996625,25.396745,-1.053303,-16.470159
1994-06-06,542.97,633.397,789.48575,-15.404333,-37.432771,-9.851438,-21.351183,26.916819,-1.733061,-19.22574
1994-06-07,529.76,629.086,787.40185,-17.18439,-39.631465,-7.648924,-17.747828,35.588182,0.717306,-17.211568
1994-06-08,533.56,625.099333,785.6035,-15.833904,-38.688068,-7.277385,-21.181746,38.653248,-1.07017,-19.088762
1994-06-09,523,620.584833,783.7463,-17.108085,-40.450391,-3.233359,-20.518907,41.269196,0.927342,-18.550669
1994-06-10,514.54,616.2265,781.762,-18.034129,-41.827705,2.553885,-16.162533,47.836925,2.586777,-17.21149
1994-06-13,492.03,611.673333,779.7026,-21.765868,-46.037287,2.091664,-13.906609,64.798891,7.280044,-13.423978
1994-06-14,490.75,607.658833,777.6834,-21.367876,-46.038467,1.48058,-13.398852,71.672838,7.559857,-13.198166
1994-06-15,496.11,603.6055,775.6676,-19.612316,-44.69264,1.811713,-12.544672,63.007366,6.397775,-14.135978
1994-06-16,506.36,599.958,773.721,-16.961177,-42.396346,-1.186008,-15.928536,65.297175,4.244016,-15.874082
1994-06-17,527.85,596.683833,771.8904,-12.257523,-38.003042,-6.966293,-24.311528,60.074269,-4.294781,-21.581889
1994-06-20,502.43,593.0735,769.8956,-16.586201,-42.679859,-6.22655,-23.059517,70.807217,0.54734,-20.593914
1994-06-21,498.07,589.670833,767.7725,-16.882384,-43.275284,-5.811432,-21.80768,72.993672,1.42751,-19.898809
1994-06-22,505.18,586.308667,765.56075,-14.893158,-41.569377,-7.601925,-24.88939,65.737907,-0.948177,-22.033731
1994-06-23,500.39,582.876167,763.5175,-15.258696,-42.254825,-6.416688,-27.285092,66.452341,-1.610744,-23.879374
1994-06-24,492.33,579.340667,761.4335,-16.274145,-43.605362,-7.147251,-30.273739,68.73722,-4.109033,-26.120691
1994-06-27,472.1,575.561667,759.2857,-19.815555,-47.51873,-7.364859,-22.922534,67.543134,-0.455412,-22.954882
1994-06-28,469.95,571.821167,757.11765,-19.619999,-47.689235,-5.768051,-18.968984,66.563087,-0.14044,-22.602405
1994-06-29,468.2,568.245333,755.06245,-19.36577,-47.790491,-8.114149,-23.242399,72.740002,0.232806,-22.313114
1994-06-30,469.29,564.737833,753.0258,-18.51407,-47.287858,-9.682852,-32.283428,67.145566,-2.326919,-27.590616
1994-07-01,458.37,561.088833,750.91375,-20.220252,-49.361408,-4.602875,-31.677527,63.811169,-3.220106,-27.150555
1994-07-04,438.58,557.084333,748.73125,-23.91744,-53.483787,-2.406863,1.596922,69.706126,1.609741,-23.863377
1994-07-05,443.61,553.493667,746.54225,-22.130451,-52.050641,-3.299949,-2.510917,67.371981,0.457609,-24.726674
1994-07-06,431.71,549.595333,744.3258,-24.142818,-54.472478,1.359689,19.178916,74.83025,21.141507,-22.65178
1994-07-07,425.98,545.7485,742.00455,-24.776585,-55.496298,1.357012,27.847862,67.825921,32.111836,-21.611343
1994-07-08,437.75,542.443,739.7871,-21.443504,-52.471447,-5.595109,44.490545,59.183961,56.034266,-23.719018
1994-07-11,428.15,539.132333,737.50775,-23.048746,-54.3803,-7.061244,50.832337,50.073636,66.250146,-22.008642
1994-07-12,429.21,536.216667,735.27475,-22.2592,-53.829793,-6.928248,37.031831,43.105081,65.839566,-22.201253
1994-07-13,437.62,533.964833,733.05795,-19.897903,-51.58738,-10.533005,52.483967,52.263352,69.018783,-23.696358
1994-07-14,431.8,532.1575,730.7262,-20.897698,-52.607632,-12.542564,46.772858,48.158808,71.296897,-22.667902
1994-07-15,413.93,529.349167,728.36525,-24.595139,-56.510576,-12.928504,51.050185,53.260021,78.692049,-19.329355
1994-07-18,398.96,526.564,725.9087,-27.751172,-59.856309,-6.089568,51.224831,57.782533,85.397032,-16.302386
1994-07-19,400.48,523.892,723.44835,-26.862173,-59.136533,-2.972736,54.83806,46.155942,84.693368,-16.620056
1994-07-20,393.87,520.7945,720.9884,-27.933462,-60.460214,-5.954934,61.020592,52.188467,87.792927,-15.220758
1994-07-21,380.9,517.167833,718.4677,-30.583058,-63.458388,-11.415024,67.561449,48.126189,96.524022,-12.333946
1994-07-22,363.73,513.236167,715.84825,-34.432427,-67.705637,-8.551039,67.426102,54.057152,105.801006,-8.19564
1994-07-25,375.39,509.616667,713.3514,-30.569332,-64.200866,17.154597,59.677087,55.344318,99.408615,-11.047178
1994-07-26,388.75,505.999667,710.95325,-26.359955,-60.367021,10.690017,60.880048,61.491099,92.555627,-14.10418
1994-07-27,371.1,501.858333,708.45165,-30.184631,-64.661025,34.307165,64.273282,65.260304,101.713824,-10.018863
1994-07-28,339.81,497.674,705.8522,-38.155861,-73.101923,50.448438,75.395701,83.83793,120.287808,-1.733322
1994-07-29,333.92,493.476,703.2466,-39.057278,-74.480617,71.565198,75.070897,80.183827,124.173455,29.554983
1994-08-01,445.64,491.208333,701.1902,-9.735689,-45.326773,46.828552,46.671081,43.181797,67.97415,-2.923885
1994-08-02,432.61,488.4955,699.177,-12.149363,-48.00673,36.242799,55.846926,48.640181,74.799473,20.889485
1994-08-03,522.98,487.358833,697.5939,7.054255,-28.809391,34.66474,40.656079,25.879253,50.164442,7.608322
1994-08-04,562.77,487.035667,696.1885,14.453366,-21.274944,20.282008,33.94024,15.173368,40.410825,10.450095
1994-08-05,683.04,488.579833,695.44245,33.505054,-1.799484,0.96453,19.508912,-1.363493,21.54193,-8.998009
1994-08-08,711.8,490.567,694.9074,37.223511,2.401837,-6.66875,27.873163,-6.37184,32.145266,-12.674909
1994-08-09,621.58,491.059667,694.09045,23.569898,-11.033766,10.877981,48.039859,14.331318,61.671868,7.126999
1994-08-10,739.66,493.665333,693.8726,40.43328,6.390225,-1.99638,23.068071,-10.374546,35.862423,-9.974853
1994-08-11,689.31,495.3115,693.42725,33.050424,-0.595523,8.246026,34.452853,-2.146741,45.786366,-3.399051
1994-08-12,689.66,496.902167,692.75225,32.780556,-0.447371,3.447413,33.335612,2.862953,45.71238,-3.448076
1994-08-15,665.88,498.206,692.00755,29.009583,-3.848739,2.362689,42.641902,8.35576,53.176248,2.390821
1994-08-16,693.01,499.915167,691.38905,32.660601,0.234174,3.069251,39.963292,2.658394,49.127718,-1.617581
1994-08-17,725.04,502.219833,690.9509,36.718889,4.815806,-2.702244,29.606705,0.840549,42.539722,-5.963809
1994-08-18,748.56,505.0715,690.66515,39.345136,8.049624,-3.580771,26.175984,-2.047374,38.061077,-8.918457
1994-08-19,713.85,507.413,690.2131,34.134759,3.367247,-0.906244,31.584857,-1.186531,44.774112,-4.489739
1994-08-22,681.8,509.705333,689.55015,29.090358,-1.130307,4.14859,30.788581,3.577083,51.579642,3.506894
1994-08-23,714.61,512.3445,688.93825,33.273969,3.658529,5.656895,24.652024,-2.470766,44.620142,-1.245435
1994-08-24,705.71,515.022167,688.23605,31.499445,2.507251,10.689962,31.709118,-0.98255,46.444007,0.240892
1994-08-25,722.23,517.949667,687.68135,33.246558,4.901807,8.992978,24.033293,-3.254985,43.094305,-2.051978
1994-08-26,707.41,520.594,686.97705,30.663995,2.930953,16.003213,20.417799,-2.146103,46.092082,0.46225
1994-08-29,710.68,523.389167,686.2006,30.589697,3.505225,28.030634,21.438124,-4.470315,45.41988,6.405133
1994-08-30,756.2,527.163167,685.5293,36.079578,9.811465,28.435732,14.035972,-10.912911,36.666226,3.852156
1994-08-31,785.33,531.359333,685.0543,39.066551,13.660591,17.076732,14.995256,-13.620354,31.596908,0.618848
1994-09-01,790.19,535.8125,684.567,38.848914,14.34869,20.794621,6.037819,-14.799185,30.787532,5.060808
1994-09-02,830.18,541.073167,684.20255,42.808803,19.338855,14.79123,-4.815496,-18.849345,24.487461,-4.70139
1994-09-05,940.61,548.5495,684.28225,53.925108,31.815812,8.099989,-28.631864,-31.917028,9.872317,-24.897673
1994-09-06,1004.92,557.119,684.558,58.988435,38.388984,2.801414,-41.966609,-38.719377,2.841022,-34.273375
1994-09-07,931.57,564.376667,684.4261,50.114946,30.829066,4.542254,-23.288686,-31.78568,10.938523,-29.098189
1994-09-08,972.84,572.151333,684.52415,53.08161,35.14957,-0.030842,-33.066903,-38.324858,6.232268,-32.105999
1994-09-09,962.52,579.395833,684.4033,50.756895,34.100748,1.696658,-31.125776,-38.647808,7.371275,-31.378049
1994-09-12,1019.97,588.0215,684.6762,55.076498,39.858247,-9.490633,-36.0842,-44.61811,1.323568,-35.243193
1994-09-13,1033.47,596.944833,684.97875,54.885265,41.128954,-12.242017,-48.645411,-47.319604,-5.271561,-38.519744
1994-09-14,974.86,604.772833,684.9284,47.744097,35.297956,-0.59983,-38.43883,-41.977937,0.423651,-34.823462
1994-09-15,972.54,612.642,684.9171,46.213045,35.06134,-5.723463,-45.611245,-44.943395,0.663212,-36.625743
1994-09-16,978.99,620.753,684.94805,45.558817,35.717843,-12.073302,-44.953807,-43.025425,-1.017375,-37.043279
1994-09-19,927.62,628.345,684.6828,38.953279,30.36665,-5.201867,-35.12135,-39.453457,4.464112,-33.556844
1994-09-20,914.39,635.752333,684.27615,36.34481,28.989561,-4.959157,-24.040973,-31.594701,5.975568,-32.595501
1994-09-21,969.03,644.0995,684.0096,40.844235,34.832362,-6.0239,-30.722097,-35.386459,-5.220685,-36.39619
1994-09-22,918.44,651.585333,683.55345,34.326821,29.537173,-9.002497,-15.591064,-34.053299,-0.659814,-32.892731
1994-09-23,867.65,658.406667,682.9672,27.596563,23.934157,-9.230082,-15.304869,-26.159006,5.155305,-28.964444
1994-09-26,880.6,665.773667,682.47735,27.965372,25.487415,-22.039353,-24.927407,-26.964599,3.608903,-30.009085
1994-09-27,870.15,672.882667,682.07425,25.709464,24.352709,-27.566849,-21.242717,-25.620731,4.853186,-29.168534
1994-09-28,912.38,680.893833,682.01015,29.265017,29.101203,-21.20721,-29.772082,-29.71453,-8.002148,-32.447007
1994-09-29,839.37,687.783667,681.50395,19.917726,20.834956,-18.310102,-24.804691,-21.663606,-5.744785,-26.571119
1994-09-30,791.15,693.673667,680.9193,13.148595,15.004379,-11.519049,-16.056909,-17.99153,-0.669911,-22.095683
1994-10-05,706.42,698.3115,679.9429,1.154468,3.820114,0.647653,-5.613139,-8.386857,11.244019,-12.751621
1994-10-06,660.5,702.166333,679.32645,-6.117319,-2.810467,-3.877388,8.258068,-2.365379,18.978047,-6.685844
1994-10-07,738.03,707.173167,678.8149,4.270891,8.363599,-10.60789,-10.153932,-13.029442,6.479411,-16.48849
1994-10-10,698.93,711.625333,678.2036,-1.800096,3.010306,-12.575183,-3.532691,-8.826994,12.436152,-11.816634
1994-10-11,705.07,716.477667,677.5601,-1.604999,3.979883,-12.131373,0.653117,-7.54803,11.457018,-12.584566
1994-10-12,711.01,721.6785,676.9432,-1.489325,4.909912,-8.527783,1.798058,-9.451023,10.525872,-13.314862
1994-10-13,635.38,725.5935,675.9206,-13.27667,-6.185237,12.36242,11.340513,0.843173,23.681891,-2.996632
1994-10-14,663.75,730.0915,675.0415,-9.52643,-1.68686,7.116903,9.672674,-5.860313,18.39548,-7.14275
1994-10-17,616.34,734.0155,674.0174,-17.473139,-8.945717,24.296718,17.387886,-0.984812,27.502677,1.32719
1994-10-18,624.52,738.362,673.00885,-16.745086,-7.477512,17.575636,12.182419,-1.840637,25.832639,4.542689
1994-10-19,652.89,742.987,672.1043,-12.926989,-2.900488,4.992076,7.909853,-8.09519,20.364839,0.320115
1994-10-20,718.99,748.491,671.52975,-4.021173,6.828913,-2.160901,-3.081817,-18.452429,9.299156,-8.902766
1994-10-21,712.71,754.1845,670.92985,-5.656243,6.041002,-5.073886,-1.969572,-19.097105,10.262238,-8.100069
1994-10-24,785.85,761.6185,670.6242,3.132016,15.855701,-18.216123,-11.697214,-29.014103,-5.259273,-16.653305
1994-10-25,744.52,768.461833,670.00015,-3.165118,10.546178,-9.982123,-7.259033,-22.646664,-1.494923,-12.026541
1994-10-26,686.31,772.473,669.0335,-11.826764,2.549529,-2.725085,-0.981032,-18.268006,6.859874,-4.564992
1994-10-27,703.62,776.989833,668.0501,-9.918883,5.187527,1.933937,-3.706165,-20.8429,4.230977,-6.912822
1994-10-28,677.45,779.564333,666.9784,-14.039947,1.557809,-1.589059,1.156472,-20.21824,8.257436,-3.31685
1994-10-31,654.98,781.101167,665.8131,-17.609998,-1.64043,2.961898,3.967688,-17.911439,11.971358,1.800055
1994-11-01,673.79,780.947,664.69475,-14.75888,1.359058,5.190977,2.023061,-19.256395,8.845486,-1.041868
1994-11-02,667.86,780.214667,663.7879,-15.549052,0.61159,8.05885,2.327975,-18.853975,9.811937,-0.163208
1994-11-03,717.36,781.811,663.0783,-8.603522,7.868472,-0.794943,-5.010836,-24.302669,2.234582,-7.052247
1994-11-04,666.77,780.596167,662.23685,-15.761279,0.682189,9.218716,1.656938,-22.25738,9.991451,1.184816
1994-11-07,674.67,780.352167,661.5727,-14.552163,1.96038,8.345394,-1.725263,-23.665956,8.703514,-1.710466
1994-11-08,709.69,780.686,661.1081,-9.534477,7.091089,-0.602071,-8.175149,-28.490069,3.339486,-7.849906
1994-11-09,723.91,781.653167,660.66325,-7.674405,9.142282,-2.415988,-10.331968,-26.867636,1.309555,-9.816137
1994-11-10,711.68,781.964333,660.02565,-9.418076,7.534967,-2.059909,-10.014706,-27.350694,3.050528,-9.529564
1994-11-11,731.16,782.066333,659.602,-6.730725,10.299569,-4.525343,-13.211781,-28.682535,0.304995,-12.376224
1994-11-14,733.39,781.8135,659.2069,-6.39386,10.664017,-4.788383,-16.720037,-29.120162,-3.648809,-15.396992
1994-11-15,705.43,781.673167,658.64105,-10.262916,6.862885,-1.865817,-10.254037,-26.199293,0.170109,-12.043718
1994-11-16,706.63,782.087,658.1779,-10.14588,7.103193,-3.898809,-12.24196,-27.196113,-1.065621,-12.193085
1994-11-17,697.17,781.796333,657.8125,-11.456498,5.810935,-2.78525,-4.471911,-26.708298,0.276833,-11.001621
1994-11-18,698.81,781.681333,657.5308,-11.206827,6.088728,-1.947841,-2.694791,-26.718691,0.041499,-11.210486
1994-11-21,699.1,781.295833,657.1653,-11.116007,6.185821,-2.551222,-6.765021,-25.611577,-0.959805,-11.247318
1994-11-22,692.39,781.0455,656.7264,-12.048403,5.288189,-0.700028,-3.595103,-15.21932,-0.697584,-10.38721
1994-11-23,679.61,780.527667,656.13515,-13.845108,3.515232,0.583922,-1.05616,-14.288921,1.169789,-8.70205
1994-11-24,678.02,779.224667,655.6257,-13.912262,3.358674,0.629266,-0.671849,-19.404751,1.407038,-8.48795
1994-11-25,685.33,777.558,655.18855,-12.625777,4.497742,-1.088594,-1.09892,-19.96984,0.325391,-9.464054
1994-11-28,681.49,775.746333,654.7155,-12.9544,4.008079,-2.731053,-0.826603,-21.570966,0.890695,-8.95391
1994-11-29,687.56,773.369333,654.31045,-11.760763,4.956717,-5.007233,-3.957682,-21.067363,-0.577404,-9.757694
1994-11-30,683.59,769.085667,653.8825,-11.784404,4.443065,-4.601093,-5.101693,-19.790483,-0.18871,-9.233605
1994-12-01,682.3,763.708667,653.52195,-11.271695,4.309332,-5.798813,-5.612611,-16.724597,-0.303386,-9.061996
1994-12-02,677.91,759.481,653.07065,-11.362077,3.732922,-5.650003,-4.532448,-9.528068,0.342228,-8.473101
1994-12-05,663.13,754.319167,652.58775,-12.884453,1.602544,-6.649379,-3.569039,-4.656382,2.57868,-6.433128
1994-12-06,653.98,749.176833,652.06345,-13.589828,0.29349,-2.68096,-0.025998,-5.20678,4.013884,-5.12401
1994-12-07,652.85,743.058167,651.3906,-12.942693,0.223793,-4.32598,-0.917113,-7.51442,4.193919,-4.959792
1994-12-08,643.86,736.564667,650.755,-13.451572,-1.065192,3.482886,-0.482634,-9.366676,5.648744,-3.632777
1994-12-09,640.67,730.994833,650.1719,-13.189189,-1.472229,5.991647,-2.321206,-8.88023,6.174786,-3.152949
1994-12-12,620.47,725.127,649.56395,-15.586956,-4.582404,5.166633,-1.652662,-5.334223,9.631408,-1.63908
1994-12-13,636.68,719.421833,649.0751,-12.218071,-1.928125,4.793117,-3.769019,-10.607978,6.840171,-4.143369
1994-12-14,625.21,714.381667,648.56965,-13.332977,-3.668181,7.286991,-3.763083,-7.526641,8.800243,-3.693159
1994-12-15,666.68,710.253167,648.31105,-6.331131,2.793957,1.014813,-10.898701,-11.623926,2.032459,-10.325793
1994-12-16,680.23,705.439833,648.15585,-3.639051,4.82998,-0.35197,-14.432743,-15.005019,-0.351352,-13.439572
1994-12-19,653.37,701.022,647.84215,-7.039569,0.849651,3.387196,-10.551868,-9.872141,3.745198,-10.014234
1994-12-20,667.94,697.6935,647.6874,-4.358155,3.079018,-1.062607,-11.792527,-8.469214,1.482169,-11.977124
1994-12-21,672.47,694.224667,647.46285,-3.183813,3.789608,-3.461611,-16.230814,-9.56478,0.798549,-14.982081
1994-12-22,673.48,690.946833,646.88815,-2.560458,4.02849,-4.311496,-16.464886,-9.61019,0.647384,-15.180852
1994-12-23,677.84,687.037833,646.41355,-1.347809,4.74718,-4.522121,-20.275793,-7.420784,-0.289154,-18.352414
1994-12-26,675.88,684.313,645.8236,-1.239987,4.548914,-5.473489,-21.052524,-7.578697,-2.219329,-18.984139
1994-12-27,660.88,682.141833,645.2478,-3.166532,2.393785,-1.075549,-17.321774,-3.656717,-1.069786,-17.145321
1994-12-28,649.59,681.194667,644.66965,-4.750672,0.760338,-0.416513,-16.080258,-2.914647,0.649641,-15.705291
1994-12-29,645.06,680.937333,644.23685,-5.412694,0.12769,-0.668836,-13.679221,0.28793,1.356463,-15.113323
1994-12-30,647.87,679.434667,643.77965,-4.757102,0.633355,-3.438761,-19.38187,1.381129,0.916851,-17.619275
1995-01-03,639.88,678.4505,643.353,-5.853086,-0.54129,-4.733002,-18.371654,3.120157,2.176971,-16.782834
1995-01-04,653.81,677.596167,643.00055,-3.57347,1.667121,-6.42398,-20.288922,-0.630607,-1.058411,-18.55585
1995-01-05,646.89,676.5275,642.63975,-4.479683,0.659196,-7.17195,-15.618555,1.863831,-0.947611,-17.684614
1995-01-06,640.76,676.617167,642.3324,-5.445066,-0.245095,-6.933181,-16.853354,5.015962,-2.308197,-16.897122
1995-01-09,625.97,675.9875,641.9277,-7.687214,-2.517323,-6.11989,-13.149549,6.407214,-2.051217,-14.933623
1995-01-10,610.3,675.886833,641.4475,-10.207502,-4.97767,-3.732574,-10.747464,4.920361,0.463706,-12.749467
1995-01-11,613.13,675.697,640.99085,-9.716777,-4.44382,-3.230391,-12.176237,5.027015,-1.795704,-13.152186
1995-01-12,602.12,674.850833,640.50725,-11.403492,-6.180368,-5.18074,-11.19107,4.963444,-0.710822,-11.56414
1995-01-13,597.84,672.831667,640.02455,-11.817201,-6.818338,-4.551372,-11.337686,6.820751,-0.702529,-10.931018
1995-01-16,588.81,670.766667,639.55485,-13.031779,-8.266884,-6.195021,-9.591157,6.961427,0.820299,-9.565055
1995-01-17,587.94,667.468167,639.09585,-12.68668,-8.342954,-7.113459,-8.294688,6.19584,0.969487,-9.431234
1995-01-18,593.64,664.9535,638.6775,-11.344404,-7.312656,-6.591854,0.168311,6.18407,0.168452,-10.300856
1995-01-19,571.72,663.043667,638.14185,-14.819149,-10.991123,-3.311054,2.998054,12.091099,4.008955,-6.861751
1995-01-20,571.24,660.837333,637.7028,-14.569828,-11.006291,-1.525832,-2.268016,10.73734,4.096352,-6.783489
1995-01-23,553.44,658.7705,637.14195,-17.422187,-14.083913,-3.628199,1.404873,11.313055,7.444348,-3.785415
1995-01-24,547.57,656.980333,636.59585,-18.216378,-15.064469,-2.792619,0.308161,12.397107,8.596161,-2.753986
1995-01-25,555.77,655.013333,636.1943,-16.430105,-13.514948,-4.042698,0.212093,7.962047,6.9939,-4.188783
1995-01-26,553.1,653.100667,635.82585,-16.619246,-13.938589,0.04519,1.391467,3.588777,7.510396,-3.72627
1995-01-27,562.59,650.521167,635.61805,-14.522272,-12.204671,-3.842969,2.567236,3.035629,5.696866,-5.350255
1995-02-06,533.72,648.303667,635.423,-19.448785,-17.441956,2.79356,14.38625,8.15002,15.472532,-0.230458
1995-02-07,532.49,645.934,635.38425,-19.313321,-17.666582,2.891188,17.284311,8.611894,18.86796,0.236624
1995-02-08,533.75,643.001667,635.14085,-18.621975,-17.391922,1.688705,15.10814,6.781185,18.587354,0.001874
1995-02-09,553.35,640.159,635.07725,-14.572587,-13.775593,-2.744466,9.021248,3.693481,14.386916,-3.540255
1995-02-10,541.38,637.320667,634.98015,-16.31515,-15.94723,-1.417514,7.969311,5.416055,16.916029,-1.407514
1995-02-13,548.84,634.282,634.82575,-14.468669,-14.554359,-2.561498,6.590524,5.263159,15.326871,-2.747613
1995-02-14,548.11,631.194,634.5738,-14.113727,-14.64776,-1.279797,7.065903,3.059749,15.480469,-2.618088
1995-02-15,542.84,628.484167,634.28985,-14.649622,-15.569141,9.114156,5.337278,4.541243,16.601577,-1.672684
1995-02-16,538.37,625.679833,634.0189,-15.029274,-16.353271,9.008384,7.427513,8.279225,17.569701,-0.856288
1995-02-17,533.76,622.956333,633.65885,-15.453013,-17.156442,4.518298,10.612461,8.659287,18.585132,0.22482
1995-02-20,534.96,620.2255,633.23575,-14.789114,-16.865081,4.80101,9.01888,7.88514,18.319127,1.155227
1995-02-21,541.14,617.592833,632.9871,-13.215137,-15.677202,1.489389,8.974415,7.432046,16.967883,1.500536
1995-02-22,594.64,615.963667,633.0313,-3.52318,-6.256369,-6.548071,3.155003,24.997004,6.444235,-7.631508
1995-02-23,589.12,614.4555,633.0684,-4.210661,-7.194858,-4.917641,3.66798,37.341849,7.441608,-6.766024
1995-02-24,558.43,612.462333,632.88365,-9.235817,-12.515732,3.30942,9.122712,47.43947,13.346346,-1.642104
1995-02-27,561.27,610.394667,632.7341,-8.390367,-11.98482,9.353178,11.450136,29.027105,12.772819,-2.13979
1995-02-28,549.26,608.190833,632.5696,-10.191679,-14.121834,14.183531,13.165666,30.068298,15.238685,1.400066
1995-03-01,556.95,606.014,632.4024,-8.442762,-12.705043,10.85335,13.452964,22.409471,14.399856,0.700242
1995-03-02,560.85,603.968333,632.2438,-7.406828,-11.982159,7.67497,11.774143,26.032544,13.604351,2.095034
1995-03-03,577.22,602.217,632.1698,-4.239437,-9.093455,1.559107,11.399916,20.787213,12.075119,-0.800388
1995-03-06,616.3,601.190167,632.3347,2.482256,-2.568498,-5.002165,6.37675,14.293857,6.584456,-7.090703
1995-03-07,632.96,600.687333,632.5468,5.233267,0.065302,-7.32722,4.2075,10.140141,4.29727,-9.536148
1995-03-08,620.8,600.134333,632.6797,3.385545,-1.895532,-8.082158,4.550175,13.238101,6.340206,-7.764175
1995-03-09,605.59,599.346667,632.7694,1.036302,-4.390287,-4.3382,8.461139,16.862157,9.011047,-5.44758
1995-03-10,586.29,598.387167,632.74855,-2.042343,-7.625856,1.225636,13.900005,16.525104,14.912415,-2.335022
1995-03-13,586.23,597.479833,632.7459,-1.900833,-7.635672,-0.133142,12.966238,16.171773,14.924177,-2.325026
1995-03-14,588.24,596.942667,632.7998,-1.468605,-7.301907,0.628714,8.601923,19.717343,14.531484,-2.658779
1995-03-15,572.6,595.874667,632.796,-3.984296,-9.99607,6.931882,11.865974,19.506169,17.659797,1.271394
1995-03-16,579.88,595.119167,632.9741,-2.594048,-8.760832,5.248852,8.727002,19.199502,16.182658,0.960544
1995-03-17,593.52,593.899833,633.1604,-0.063976,-6.465287,3.028548,7.545976,16.317918,13.512603,-1.359685
1995-03-20,585.45,592.320167,633.3624,-1.166653,-7.866199,7.232265,7.533704,17.719843,15.077291,1.110257
1995-03-21,591.95,591.2965,633.58925,0.110459,-6.79787,5.680641,5.516113,15.213835,13.813667,3.240139
1995-03-22,613.7,590.3925,633.914,3.871864,-3.240709,3.74989,2.860757,5.260822,9.780023,-0.418771
1995-03-23,611.13,589.370167,634.2548,3.625525,-3.714106,3.188522,5.425064,5.632537,10.241683,0.104724
1995-03-24,611.77,588.341667,634.66485,3.904855,-3.674067,5.586624,3.882645,4.348546,10.126355,2.247577
1995-03-27,629.36,587.533667,635.14385,6.876988,-0.914808,4.279792,-1.541953,1.779546,7.04843,-1.530126
1995-03-28,626.55,586.7115,635.6616,6.569536,-1.443777,5.225365,-1.07672,3.952453,7.528529,-1.088501
1995-03-29,637.15,586.316,636.27465,8.314621,0.13748,1.950561,-5.703009,1.142317,5.739622,-5.543436
1995-03-30,630.93,586.005,636.96915,7.38666,-0.95263,4.361966,-9.576834,2.99928,6.782052,-9.13255
1995-03-31,646.92,586.036,637.75,9.884142,1.427628,4.059196,-10.931523,0.996686,4.142707,-11.378532
1995-04-03,656.88,586.186167,638.55385,11.386392,2.829534,1.587323,-12.612979,-1.063669,2.563634,-12.722263
1995-04-04,660.16,586.524167,639.32285,11.826836,3.207266,-2.932798,-12.879917,-1.914724,2.054048,-13.155902
1995-04-05,649.7,586.455667,639.9321,10.241364,1.514864,-0.766358,-12.877131,-0.893622,3.697091,-12.0825
1995-04-06,659.06,586.6585,640.71525,11.63717,2.822945,-4.072337,-13.788906,-4.417455,2.22438,-13.331108
1995-04-07,673.72,587.207833,641.5935,13.743578,4.885967,-5.128392,-16.453261,-9.415606,-0.939559,-15.217004
1995-04-10,667.39,587.898167,642.40455,12.682084,3.815634,-5.565676,-14.293604,-7.26556,-3.324892,-14.412862
1995-04-11,641.08,588.411167,643.108,8.572829,-0.315842,-2.457095,-12.608077,-0.790852,0.642666,-11.845635
1995-04-12,644.74,588.938,643.87005,9.052622,0.135021,-2.073336,-12.662009,-1.086942,0.071347,-12.346062
1995-04-13,632.76,589.448667,644.67335,7.090357,-1.865255,1.946914,-7.87529,5.236895,1.96599,-10.686516
1995-04-14,640.04,590.152,645.5238,8.115054,-0.853141,-0.634783,-9.49915,4.011929,0.8062,-11.702394
1995-04-17,631.26,590.8595,646.3391,6.613957,-2.360647,-1.843392,-8.667445,2.800761,2.208282,-10.47429
1995-04-18,625.52,591.485833,647.12025,5.594557,-3.394883,-0.912192,-7.058481,3.671073,3.146182,-9.652769
1995-04-19,631.51,592.117,647.98595,6.440953,-2.575524,-4.813876,18.981245,3.827564,20.902282,-10.509731
1995-04-20,645.2,593.341667,649.01905,8.378995,-0.590172,-11.813376,28.248804,1.171046,32.642591,-12.408555
1995-04-21,635.99,594.420833,649.98095,6.75953,-2.176021,-9.227543,34.434114,8.937628,41.105992,-11.140112
1995-04-24,619.73,595.525667,650.92105,3.983941,-4.910446,-6.791234,19.118923,14.365577,44.808223,-8.808675
1995-04-25,619.84,596.730167,651.89035,3.799635,-5.041499,-6.577832,17.979352,10.86495,44.782525,-8.824858
1995-04-26,601.83,597.497833,652.71075,0.722436,-8.115906,-5.22356,14.659517,13.715127,49.115199,-6.096406
1995-04-27,573.31,597.834667,653.43655,-4.188766,-13.081885,0.149894,23.835235,19.041117,56.533115,-1.425058
1995-04-28,579.93,598.123667,654.19015,-3.089013,-12.049065,-1.462543,20.31882,20.224488,54.746262,-2.550308
1995-05-02,579.04,598.879,654.89725,-3.368801,-12.310679,-0.093301,20.530087,19.481003,54.984112,-2.400525
1995-05-03,580.38,599.677167,655.64015,-3.270839,-12.192903,-2.660957,18.812558,17.463041,54.626279,-2.625866
1995-05-04,571.2,600.301333,656.4265,-4.969234,-13.907132,-0.551236,21.565056,20.007847,57.111345,-1.060924
1995-05-05,574.17,600.648333,657.30255,-4.508411,-13.52189,1.841279,22.189924,19.159046,56.298657,-1.572705
1995-05-08,571.51,601.1505,658.1577,-5.056334,-14.116259,1.825719,19.078361,19.642092,57.026124,-1.114591
1995-05-09,578.5,601.644833,659.08085,-3.922875,-13.040767,0.060483,17.499139,21.240328,55.128781,-2.309421
1995-05-10,565.14,601.928667,660.00205,-6.306546,-15.516945,3.0925,23.723497,21.399256,58.796051,0.516686
1995-05-11,568.06,602.349,661.0237,-5.860996,-15.156265,29.569918,20.302203,21.375554,57.979791,1.899447
1995-05-12,584.84,603.1235,662.07095,-3.078368,-12.403442,38.071008,18.34779,19.375764,53.447097,-1.024212
1995-05-15,582.04,603.928167,663.0374,-3.691609,-13.029222,43.298481,18.271092,21.004181,54.185279,-0.548072
1995-05-16,578.85,604.659667,664.07615,-4.362239,-13.735345,25.942975,18.853583,20.777864,55.034983,0.697936
1995-05-17,582.89,605.3555,665.29155,-3.78174,-13.222688,24.125641,16.756203,20.771871,53.960439,18.226424
1995-05-18,763.51,608.17,667.4395,22.747177,13.447747,-9.135604,-16.581179,-3.785166,17.538736,-15.279433
1995-05-19,855.81,612.614833,669.49035,33.431198,24.553164,-16.226945,-28.041332,-13.867759,4.862061,-24.452858
1995-05-22,897.42,618.264667,671.8144,37.260735,28.954187,-23.342837,-33.968213,-14.520395,-16.393662,-28.800339
1995-05-23,750.3,621.415167,672.951,18.847372,10.880061,-5.38007,-15.797423,0.157147,-1.115554,-14.839398
1995-05-24,741.93,624.626333,673.8468,17.210129,9.625211,-5.744626,-12.950179,3.409203,-1.928753,-13.878668
1995-05-25,696.85,626.958,673.91585,10.569063,3.346493,1.681979,-7.814191,9.910579,4.415584,-8.307383
1995-05-26,727.62,629.7375,673.99495,14.447587,7.655632,-1.495417,-11.259121,4.015219,-1.484291,-12.184932
1995-05-29,710.59,631.960333,674.44,11.726898,5.221289,-2.703002,-8.390611,3.92835,0.876736,-10.080356
1995-05-30,711,633.538667,674.2967,11.53514,5.300221,-3.12425,-8.980777,3.978855,0.818565,-10.132208
1995-05-31,700.51,634.6645,674.3527,9.871213,3.805537,2.249982,-7.847365,4.10852,2.328304,-8.786456
1995-06-01,708.67,636.129,674.44775,10.79886,4.949577,-1.814089,-9.581548,3.491467,1.150042,-9.836736
1995-06-02,716.82,637.982833,674.70245,11.651339,6.055298,-2.000856,-12.818473,1.48992,-0.051617,-12.030914
1995-06-05,691.64,639.738667,674.6956,7.800583,2.480396,1.01845,-12.040706,4.796087,3.587126,-11.344052
1995-06-06,689.13,641.453667,674.51605,7.169298,2.143446,1.414928,-10.471095,4.6706,3.964419,-11.021143
1995-06-07,716.45,643.5905,674.3555,10.724581,6.055104,-3.874794,-11.906273,-0.100546,-1.930351,-14.414125
1995-06-08,695.93,645.646,674.2659,7.499771,3.162454,-7.313465,-8.727136,3.936274,0.961304,-11.890564
1995-06-09,702.62,647.691667,674.37,8.140145,4.103728,-8.318114,-5.235605,3.663802,-0.522331,-12.729498
1995-06-12,698.72,649.445,674.29055,7.313194,3.558899,-8.940824,-4.760012,5.454467,0.032917,-12.242386
1995-06-13,698.95,651.336667,674.25675,7.055255,3.596824,-8.708031,-7.385378,5.643564,-1.392088,-12.271264
1995-06-14,689.22,652.957833,674.0917,5.404797,2.219437,-5.580741,-6.026649,8.950022,-3.255854,-11.032762
1995-06-15,646.85,653.510333,673.7889,-1.024392,-4.080243,-0.368615,1.427499,15.306572,3.081085,-5.205225
1995-06-16,646.54,654.1005,673.4682,-1.162594,-4.080571,0.555266,0.963574,14.98771,3.13051,-5.159774
1995-06-19,638.96,654.553667,672.882,-2.411172,-5.172813,2.234764,8.471726,19.360165,8.840929,-4.034681
1995-06-20,640.66,654.742,672.15865,-2.174237,-4.79955,1.436577,11.044077,17.566305,11.677021,-4.289327
1995-06-21,651.81,655.163,671.46675,-0.513095,-2.971139,-0.641812,5.835777,15.774081,9.76665,-5.926574
1995-06-22,644.47,655.285,670.5382,-1.664198,-3.96524,-0.085378,6.869801,16.24266,11.016805,-4.855152
1995-06-23,650.14,655.605167,669.08585,-0.8371,-2.872465,-3.054769,6.465003,15.076105,10.048605,-5.684929
1995-06-26,653.4,655.713167,667.32825,-0.353395,-2.109255,-6.353097,8.296279,14.770202,9.499541,-6.155494
1995-06-27,649.93,655.597333,665.92005,-0.868211,-2.430495,-4.614569,7.931692,12.537038,10.084163,-5.654455
1995-06-28,647.64,655.388667,664.29405,-1.189346,-2.538991,-1.808925,6.497848,11.440785,10.473411,-5.320857
1995-06-29,643.92,655.292333,662.70105,-1.750695,-2.874949,-0.959678,8.024338,12.70715,11.111629,-4.773885
1995-06-30,630.58,654.817667,660.7541,-3.771679,-4.674173,5.582013,9.787595,14.64182,13.462209,-2.759364
1995-07-03,613.18,653.808667,658.65265,-6.415622,-7.153778,8.299144,12.604437,16.523467,16.681888,1.213347
1995-07-04,620.62,653.029167,656.88145,-5.090282,-5.678458,4.500645,14.212285,16.076269,15.283104,2.483001
1995-07-05,636.03,652.945,655.1989,-2.624717,-2.969312,2.00483,9.582032,10.784787,12.489977,0.273572
1995-07-06,637.77,652.828833,653.4928,-2.333725,-2.43538,2.84117,9.800487,10.896191,12.183075,1.746711
1995-07-07,666.78,653.395833,652.1886,2.027703,2.212637,-2.118935,6.263579,8.016037,7.302259,-2.680044
1995-07-10,666.24,653.8325,650.94785,1.879876,2.322043,4.290915,7.493102,7.452708,7.78098,-2.601165
1995-07-11,649.19,654.131333,649.34865,-0.758271,-0.024435,9.721424,9.309658,11.028069,10.611685,-0.043131
1995-07-12,648.91,654.521167,648.001,-0.860989,0.140179,6.281685,10.042316,10.390162,10.659413,0.599467
1995-07-13,656.15,654.931833,646.9435,0.185826,1.413046,5.073686,11.368514,7.36365,12.03993,-0.510554
1995-07-14,652.8,655.0585,645.8045,-0.345374,1.077398,6.056695,13.209999,8.206272,14.122243,5.744485
1995-07-17,695.45,656.0495,644.931,5.832287,7.541578,2.059317,10.976091,2.195859,11.601122,-0.740528
1995-07-18,715.47,657.645167,643.94645,8.427414,10.53241,-1.675808,4.910493,-1.559329,8.478343,-3.517967
1995-07-19,690.98,658.830833,643.2045,4.764408,7.164817,0.020259,10.523605,1.721756,12.323077,-0.098411
1995-07-20,690.3,660.305333,642.70025,4.442393,7.144784,1.069159,10.854969,1.586651,12.433724,0.118789
1995-07-21,693.56,662.3095,642.63595,4.610478,7.625936,0.267823,8.809337,1.266529,11.905243,-0.351808
1995-07-24,709.92,664.476,642.88305,6.615353,9.918946,-2.044939,4.022682,0.968643,9.326403,-2.648186
1995-07-25,703.58,666.551667,642.7108,5.406393,9.048673,1.666024,5.027939,-0.112346,10.31155,-1.770943
1995-07-26,691.12,668.397333,642.67175,3.343066,7.267937,1.275258,5.458037,4.963591,12.300324,0.622178
1995-07-27,697.72,670.506,642.635,3.978522,8.224096,0.816471,5.048677,3.571582,11.238032,-0.329645
1995-07-28,695.42,672.526833,642.55705,3.347397,7.906037,2.057996,4.520798,3.968131,11.605936,0.018694
1995-07-31,695.55,674.594167,642.8579,3.059162,7.87792,3.187808,4.232356,8.915486,11.585077,0.638344
1995-08-01,715.4,676.875833,643.11615,5.535398,10.651648,-0.401981,0.929411,2.221438,8.488957,-2.15404
1995-08-02,699.99,679.123333,643.5344,3.02633,8.409057,2.465115,2.223695,3.147142,10.877298,0.492864
1995-08-03,703.44,681.379667,643.929,3.186292,8.839411,4.409197,2.862923,2.71223,10.333504,0.915501
1995-08-04,709.88,683.463667,644.21395,3.792244,9.706505,4.827485,2.635829,1.04261,9.332563,0.373303
1995-08-07,718.08,685.731,644.2094,4.609556,10.855715,7.773905,2.721378,0.736751,8.084057,-0.772894
1995-08-08,712.53,687.959,644.2085,3.509277,10.079959,5.322258,3.719283,1.278752,8.92594,0.449104
1995-08-09,717.46,690.201833,643.86655,3.873313,10.822571,6.762973,4.934355,1.429535,8.177459,-0.241128
1995-08-10,735.15,689.729167,643.8197,6.377555,13.265584,4.560141,2.510558,0.135934,5.574373,-2.641638
1995-08-11,744.99,687.882167,644.1131,7.975324,14.549646,1.656033,0.814138,-2.075101,4.179922,-3.927569
1995-08-14,776.13,685.860667,644.47565,12.364553,18.588299,-4.894092,-0.087653,-8.679002,-0.087614,-7.782201
1995-08-15,751.48,685.880333,644.8458,9.134142,15.303338,-1.558362,1.611735,-5.509091,3.189706,-4.757279
1995-08-16,767.66,686.309167,645.4092,11.201872,17.346239,-5.045309,-0.585301,-7.982996,1.014772,-6.764714
1995-08-17,769.45,687.519167,645.8875,11.258627,17.505063,-4.737133,-1.48211,-11.087021,0.779778,-6.98161
1995-08-18,757.43,688.016,646.33535,9.611903,15.861264,-4.020717,-0.198234,-9.487855,2.379098,-5.505459
1995-08-21,739.06,688.4905,646.44385,7.087759,13.389277,-1.835265,2.451241,-6.550418,4.923822,-3.156713
1995-08-22,739.86,688.9715,646.8093,7.126107,13.440947,-2.432504,-0.422593,-8.078637,4.81037,-3.261428
1995-08-23,729.89,689.461167,647.0854,5.698346,12.041556,-1.959084,-0.5151,-7.641974,6.242036,-1.940018
1995-08-24,733.85,689.880833,647.2062,6.178577,12.56397,-1.369283,-0.365866,-8.397722,5.668733,-2.469169
1995-08-25,727.58,690.060167,647.22455,5.294517,11.703066,0.173027,0.333427,-6.995739,6.579345,-1.628687
1995-08-28,725.62,690.6265,647.29425,4.942731,11.422548,1.67683,-0.313326,-8.976893,6.867231,-1.362972
1995-08-29,722.08,691.175667,647.24885,4.374192,10.940509,2.387891,0.934573,-9.236885,7.391148,-0.879404
1995-08-30,715.73,691.163667,647.16055,3.492635,10.070859,5.175775,-1.02094,-8.201817,8.343929,-1.015746
1995-08-31,723.87,691.629333,647.25275,4.556165,11.187495,4.056833,-1.767219,-11.531499,7.125589,-2.128835
1995-09-01,728.84,692.066333,647.3638,5.177242,11.854581,3.005794,-0.88337,-11.053582,6.395094,-2.796224
1995-09-04,737.89,692.719167,647.5674,6.317009,13.057188,4.964874,-2.761771,-13.984529,5.09019,-3.988399
1995-09-05,739.53,693.3955,647.771,6.441431,13.247761,3.21471,-2.000873,-14.276701,4.857139,-4.201317
1995-09-06,753.75,694.471,648.04425,8.191034,15.110177,1.243317,-4.586509,-17.331152,2.878939,-6.008624
1995-09-07,753.84,696.254167,648.3515,7.946537,15.074716,0.567473,-6.515423,-17.168114,2.866656,-6.307705
1995-09-08,751.08,697.9965,648.70885,7.329808,14.652817,0.643661,-5.817864,-16.439721,3.244661,-5.963413
1995-09-11,775.45,700.271333,649.196,10.197563,17.770883,-2.355199,-8.69258,-21.021886,-1.516539,-8.918692
1995-09-12,763.69,702.321833,649.5878,8.37702,16.182394,-3.59269,-8.081557,-18.952575,-0.066781,-7.763621
1995-09-13,763.18,704.178,649.99625,8.046275,16.052732,-4.975108,-8.216547,-18.106969,-0.661705,-7.888047
1995-09-14,758.13,706.072333,650.3491,7.113719,15.334558,-3.620888,-7.786208,-20.232966,-0.09629,-7.4908
1995-09-15,755.93,707.8355,650.7108,6.573706,14.988348,-3.489055,-7.344574,-18.310236,0.194462,-7.221568
1995-09-18,757.4,709.568833,651.0863,6.523401,15.124932,-4.599832,-5.50528,-21.022237,-2.727753,-7.401637
1995-09-19,736.74,711.015667,651.38045,3.554058,12.314117,-1.075338,-4.717692,-18.101937,-0.756033,-4.804952
1995-09-20,726.14,712.324,651.6955,1.920997,10.816541,-2.464923,0.020655,-18.435077,0.692704,-3.415319
1995-09-21,731.17,713.778167,652.08145,2.407377,11.447651,-2.770637,-1.11123,-21.09029,-0.15865,-4.079763
1995-09-22,730.01,715.435333,652.46725,2.016702,11.229729,-1.04377,-0.886094,-20.945025,-0.157532,-3.927343
1995-09-25,723.35,717.2715,652.8647,0.843877,10.252329,-0.771615,4.996456,-18.523171,5.123384,-3.042787
1995-09-26,728.86,719.0755,653.30565,1.351531,10.943658,-0.547555,0.357454,-19.884455,4.328678,-3.775759
1995-09-27,708.46,720.282667,653.7456,-1.655013,8.037532,1.610205,1.944387,-17.581032,7.332806,-1.004997
1995-09-28,711.19,721.506333,654.11815,-1.440153,8.365163,-0.691371,1.616526,-20.38598,6.920795,-1.385003
1995-09-29,722.43,722.433833,654.60425,-0.000531,9.858967,-1.9287,-0.709848,-23.3097,5.257257,-2.919314
1995-10-04,717.79,723.293,654.8598,-0.763735,9.175588,-0.965934,0.777145,-22.983918,5.93767,-2.291757
1995-10-05,724.88,724.5545,655.08305,0.044914,10.12441,-2.865975,-0.439658,-26.37641,4.901501,-3.247434
1995-10-06,719.96,725.738667,655.416,-0.799433,9.392551,-2.386721,1.081689,-25.970516,5.618368,-2.586255
1995-10-09,706.29,726.574333,655.60775,-2.831488,7.446325,-0.703313,4.140798,-27.240902,7.662575,-0.700845
1995-10-10,708.63,727.504833,655.78855,-2.628711,7.749512,-0.883049,2.928626,-26.729292,7.307057,-1.028746
1995-10-11,710.89,727.762167,655.9756,-2.345659,8.039411,0.832101,0.10123,-24.081556,6.965916,-1.343386
1995-10-12,704.4,727.577667,656.1084,-3.237438,7.102036,-0.228825,0.960731,-27.252216,7.951448,-0.434412
1995-10-13,702.98,727.777667,656.2439,-3.466716,6.879592,3.262094,0.818852,-26.529752,8.169507,-0.233293
1995-10-16,701.34,727.961667,656.4462,-3.72556,6.615205,3.05409,-1.818703,-22.752333,8.422448,-1.802264
1995-10-17,702.4,728.109,656.71025,-3.594772,6.726014,2.969425,-1.945047,-24.892143,8.258827,-1.950456
1995-10-18,716.83,728.224167,657.0691,-1.577021,8.704953,5.901905,-3.496378,-27.28793,6.079545,-3.924222
1995-10-19,702.79,728.211,657.3437,-3.553271,6.685111,3.999808,-2.938352,-25.040825,8.198751,-2.895602
1995-10-20,726.29,728.797167,657.77575,-0.344607,9.908532,-0.541191,-7.147528,-27.614198,4.697848,-6.898071
1995-10-23,723.09,729.22,658.12215,-0.844177,9.414314,-0.042881,-6.920626,-27.769646,5.161183,-6.686581
1995-10-24,723.57,729.689167,658.50555,-0.842135,9.422434,-0.867525,-6.443073,-29.762208,5.091422,-6.748483
1995-10-25,760.41,730.770167,659.1038,3.975876,14.297673,-4.990927,-13.660023,-38.459706,-3.190384,-12.768112
1995-10-26,731.47,731.038,659.6313,0.059077,10.337517,-1.344667,-10.528912,-33.450008,0.639808,-9.993575
1995-10-27,722.37,731.411,660.19165,-1.243807,9.00073,0.747507,-9.125264,-33.553963,1.90761,-8.859726
1995-10-30,722.78,731.733333,660.7399,-1.231126,8.974462,1.832901,-11.380806,-33.00456,1.849802,-10.757077
1995-10-31,717.32,731.857333,661.3159,-2.006355,8.129041,1.709774,-9.460363,-31.664829,2.625049,-10.07779
1995-11-01,723.39,731.945833,661.94365,-1.175802,8.876806,-1.641849,-11.999903,-32.748853,1.763917,-11.30787
1995-11-02,721.7,732.098667,662.6081,-1.430576,8.542583,-1.465586,-11.83617,-31.712615,2.002217,-11.162533
1995-11-03,727.79,732.270833,663.30735,-0.613789,9.277409,-2.649558,-13.826332,-31.87595,1.148683,-12.913066
1995-11-06,736.15,732.2875,664.0199,0.526071,10.312178,-6.662814,-14.79349,-32.371956,-0.877539,-13.902058
1995-11-07,729.69,732.0325,664.80975,-0.320513,9.311888,-5.756721,-13.550482,-30.597014,-2.477765,-13.139827
1995-11-08,711.61,730.957167,665.5116,-2.682485,6.697394,-2.765508,-12.430536,-28.212799,-0.057616,-11.688987
1995-11-09,711.2,730.285833,666.3004,-2.648233,6.521306,-4.127907,-11.831749,-28.27449,-0.343082,-11.638076
1995-11-10,708.76,729.304167,667.10635,-2.857392,6.056749,-4.704286,-10.709274,-30.422235,-2.336475,-11.333879
1995-11-13,688.7,727.958333,667.771,-5.543805,3.086046,-2.047833,-10.628055,-27.965091,0.508204,-10.082765
1995-11-14,688.87,726.815667,668.44985,-5.362032,3.00912,-1.528601,-9.020615,-27.298853,0.4834,-10.104954
1995-11-15,692.2,726.034667,669.0979,-4.772283,3.394454,-4.26174,-12.020579,-28.247558,-1.409997,-11.326206
1995-11-16,682.44,725.077667,669.8415,-6.060416,1.863349,-3.590753,-10.445893,-26.14957,-0.589063,-10.058027
1995-11-17,676.19,724.182667,670.56,-6.856956,0.836092,-2.518927,-11.308204,-25.526872,0.329789,-10.692261
1995-11-20,674.74,723.1975,671.26495,-6.935492,0.516351,-4.50306,-13.058434,-24.224319,0.545395,-12.241752
1995-11-21,678.42,722.378167,671.8903,-6.278221,0.967148,-3.884815,-13.615858,-24.830566,-2.22576,-12.729578
1995-11-22,663.32,721.339833,672.5,-8.385283,-1.374458,-3.330806,-9.859604,-21.129668,-0.595489,-10.74293
1995-11-23,658.37,720.278,673.04765,-8.987017,-2.204905,-2.651924,-9.712996,-17.451759,0.15189,-10.071844
1995-11-24,659.37,719.338667,673.60395,-8.704744,-2.135749,-3.953561,-10.400156,-9.106061,-1.031287,-10.208229
1995-11-27,645.03,718.024667,674.1149,-10.72071,-4.410374,-1.579782,-10.6217,-9.41698,1.168938,-10.077051
1995-11-28,652.57,716.7535,674.6859,-9.381357,-3.332884,-2.380345,-13.139488,-15.351749,-1.682578,-12.312855
1995-11-29,641.59,715.1485,675.22505,-10.854074,-5.109657,-2.072482,-11.76116,-11.948924,-0.070138,-11.095871
1995-11-30,641.14,713.508667,675.75595,-10.694674,-5.258415,-1.461164,-14.100581,-11.213527,-0.611411,-13.151574
1995-12-01,633.81,711.509667,676.2193,-11.563978,-6.476821,0.4675,-13.225873,-10.941656,0.538016,-12.388571
1995-12-04,634.92,709.527667,676.4207,-11.110048,-6.331621,-2.497379,-16.588211,-11.865754,0.36225,-15.28539
1995-12-05,637.22,707.63,676.6612,-10.480639,-6.005574,-1.226854,-16.107436,-12.348016,-0.06905,-15.591162
1995-12-06,628.43,705.179667,677.0112,-11.522797,-7.446317,-2.35555,-11.75225,-11.118913,1.328708,-14.410515
1995-12-07,631.84,702.982167,677.36405,-10.669533,-6.957267,-2.742052,-16.381198,-11.644064,0.781844,-15.109838
1995-12-08,636.78,700.8755,677.80165,-9.590604,-6.243047,-5.303216,-16.639331,-11.453171,-1.151104,-15.768397
1995-12-11,619.26,698.561,678.1132,-12.049729,-9.078902,-4.478212,-10.305576,-8.895988,1.645512,-13.385331
1995-12-12,629.45,696.453,678.4562,-10.115389,-7.49735,-6.123844,-13.926481,-9.978918,-2.335372,-14.787513
1995-12-13,613.8,694.059667,678.6391,-12.288879,-10.042033,-2.100765,-11.770972,-7.445392,0.154774,-12.614858
1995-12-14,614.75,692.0265,678.63135,-11.840857,-9.886237,-2.857856,-11.65658,-7.526358,-1.766572,-12.749898
1995-12-15,603.89,689.989,678.486,-13.328359,-11.647178,-1.610878,-9.158466,-5.733474,-0.47194,-11.180844
1995-12-18,592.14,687.671833,678.3427,-14.956864,-13.590952,-2.066327,-7.790586,-4.954027,1.503023,-9.418381
1995-12-19,592.06,685.372667,678.27505,-14.635475,-13.59449,-3.408445,-9.703277,-5.148355,1.516738,-9.406141
1995-12-20,601.04,683.334167,678.3488,-12.832251,-12.100012,-5.232362,-14.940079,-8.14246,-0.600626,-13.877612
1995-12-21,597.43,681.143667,678.4048,-13.113613,-12.710704,-7.039509,-13.208099,-7.116763,-0.533954,-13.357213
1995-12-22,594.24,679.24,678.4348,-13.369125,-13.25051,-6.779278,-14.028544,-4.835357,-2.39129,-13.088988
1995-12-25,580.03,677.054,678.47195,-15.467121,-15.676331,-7.546293,-11.002054,-4.013764,-1.346482,-10.959778
1995-12-26,572.22,674.5505,678.43365,-16.452301,-17.026315,-5.348292,-9.064978,-1.983828,-0.318059,-9.744504
1995-12-27,570.4,672.094,678.31805,-16.406034,-17.327841,-2.063572,-8.987791,-1.272082,-2.042426,-9.456522
1995-12-28,556.82,669.293,678.1749,-18.39799,-19.716319,-3.741781,-5.775864,4.513866,0.346611,-7.248303
1995-12-29,555.29,666.5485,677.9916,-18.262241,-19.96444,-2.945958,-4.823745,4.591409,0.623098,-6.992743
1996-01-02,537.87,663.7415,677.61245,-21.027587,-23.095862,3.785256,-0.990255,7.207807,3.881979,-3.980516
1996-01-03,542.42,660.971333,677.2689,-19.766986,-22.202778,0.954101,-0.939096,6.66771,3.010582,-4.785959
1996-01-04,558.75,658.435667,677.0038,-16.416467,-19.197474,-2.374273,-4.030013,4.313663,-0.023266,-7.56868
1996-01-05,536.37,655.635167,676.53885,-20.078026,-23.216565,1.982566,-0.061544,9.011542,4.148256,-3.71199
1996-01-08,539.17,652.905,676.10195,-19.140072,-22.631296,2.177648,-3.07363,8.101667,3.607397,-4.21203
1996-01-09,558.62,650.526333,675.7093,-15.231232,-19.02935,-1.963222,-7.03146,5.609272,-1.356915,-7.54717
1996-01-10,547.62,647.946667,675.29275,-16.822677,-20.956468,-1.900641,-4.351758,8.025339,0.624521,-5.690077
1996-01-11,545.64,645.0935,674.78635,-16.743585,-21.24367,-5.269872,-4.456006,9.54368,0.989664,-5.347848
1996-01-12,547.11,642.498833,674.2375,-16.071512,-20.893254,-4.409375,-4.047097,12.203273,0.71832,-5.602164
1996-01-15,551.04,639.578,673.6919,-14.900118,-20.096548,-6.480956,-5.060202,10.813867,-0.595238,-6.275407
1996-01-16,547.76,636.655833,673.1822,-15.039198,-20.617879,-5.277795,-3.3753,12.994448,-1.900467,-5.714181
1996-01-17,537.31,633.5515,672.57345,-16.476608,-22.453612,-2.770145,-1.51143,21.268538,0.007444,-3.880441
1996-01-18,517.63,629.505167,671.793,-19.567336,-26.068956,0.719926,3.670015,23.181094,3.809671,-0.22603
1996-01-19,523.51,626.039167,671.0736,-17.88568,-24.832269,0.392726,5.469336,30.132283,5.621669,-1.346679
1996-01-22,516.46,622.607333,670.4505,-18.69182,-26.095203,2.425521,15.322638,35.77722,16.558882,0.607985
1996-01-23,519.6,619.221,669.8248,-17.540295,-25.39569,2.465506,12.206774,27.072326,15.854503,0.209777
1996-01-24,522.63,615.976167,669.27415,-16.433452,-24.732001,2.777589,6.852717,22.487559,15.182825,-0.3712
1996-01-25,521.37,612.609167,668.6808,-16.12672,-24.884685,2.894205,8.800027,22.055855,15.461189,-0.130426
1996-01-26,525.57,609.340333,668.15235,-14.789356,-24.003283,1.97254,8.662918,24.468805,14.538501,-0.928516
1996-01-29,529.14,606.0295,667.67045,-13.567562,-23.254167,-1.195843,7.107962,22.274282,13.765733,-1.596931
1996-01-30,532.57,602.6365,667.17575,-12.359985,-22.533916,-2.255949,5.712712,21.643276,13.033029,-2.230693
1996-01-31,537.35,599.430833,666.6365,-10.933094,-21.559527,-2.458561,4.698515,20.088215,12.027543,-3.1004
1996-02-01,536.68,596.515333,666.13995,-10.570293,-21.609777,-2.800266,4.66335,20.90475,12.1674,-2.979429
1996-02-02,536.04,593.596,665.7215,-10.199017,-21.666263,-2.002987,4.798677,21.723102,12.301321,-2.863592
1996-02-05,522.85,590.4975,665.23655,-12.167079,-24.084808,0.191077,8.25979,24.110878,15.13436,-0.41312
1996-02-06,520.69,587.697333,664.83085,-12.105722,-24.437779,1.692938,8.441048,26.994811,15.611976,0.224702
1996-02-07,524.3,584.9545,664.5858,-10.947003,-23.709995,0.939687,8.299321,26.45333,14.815945,-0.465382
1996-02-08,521.86,582.1155,664.29545,-10.926953,-24.132765,2.85615,8.781587,31.058024,15.352777,0.381328
1996-02-09,525.41,579.498333,664.0273,-9.798388,-23.414435,5.107059,8.177319,29.129177,14.573381,-0.296911
1996-02-12,523.85,576.959333,663.74465,-9.65664,-23.669213,13.901884,8.485194,23.383356,14.914575,1.030829
1996-02-13,529.58,574.54,663.53655,-8.148548,-22.54997,10.304279,6.211859,23.313165,13.671211,-0.062314
1996-02-14,529.25,572.053833,663.31195,-7.777219,-22.578448,5.594002,6.066352,19.417046,13.742088,1.460557
1996-02-15,536.98,569.948167,663.1393,-5.958457,-21.102422,5.849938,3.127604,17.519478,12.104734,2.972178
1996-02-16,552.94,568.191,663.0115,-2.720813,-18.154284,3.586307,0.621999,14.301041,8.868955,0.198937
1996-03-04,601.98,567.2345,663.1957,5.945142,-9.68459,-5.789156,-6.129451,7.198296,-2.478488,-7.96372
1996-03-05,587.06,566.268333,663.2907,3.605898,-12.208633,-4.028557,-5.218484,10.269113,-2.372841,-5.624638
1996-03-06,559.7,564.7205,663.165,-0.892999,-16.96229,0.623388,0.228433,12.836352,2.3995,-1.011256
1996-03-07,569.33,563.516167,663.10145,1.026421,-15.246776,-1.242472,-1.084318,12.269487,0.667451,-2.685613
1996-03-08,573.13,562.382667,663.07285,1.893005,-14.57723,-1.891701,1.626812,11.205729,1.640117,-3.330832
1996-03-11,568.12,561.287833,662.999,1.209882,-15.444082,-0.044014,2.307192,13.696008,2.536436,-2.47835
1996-03-12,563.88,560.103833,662.00085,0.671928,-16.042538,0.472387,2.485351,21.190091,3.307441,-1.745052
1996-03-13,563.2,558.870167,660.5378,0.771762,-15.941955,1.142244,2.908291,22.119563,3.432173,-1.62642
1996-03-14,562.3,557.768,658.8622,0.809241,-15.847889,1.31797,3.680326,25.735853,3.748888,-1.468967
1996-03-15,562.39,556.6105,657.92265,1.032985,-15.689181,1.375654,4.274408,30.686949,4.367076,-1.484735
1996-03-18,567.87,555.462,657.05235,2.209232,-14.587118,0.416481,2.915507,28.118949,3.359924,-2.435417
1996-03-19,566.55,554.5835,656.40085,2.134796,-14.720632,-0.536251,4.199684,28.817176,4.289118,-2.208102
1996-03-20,569.67,553.587167,655.6111,2.863802,-14.051053,-1.293281,4.077776,29.961751,4.162059,-2.743694
1996-03-21,569.76,552.853167,654.90695,3.012277,-13.927794,-2.797833,5.218099,31.057256,5.356641,-2.759056
1996-03-22,570.18,552.110333,654.20285,3.220419,-13.746537,-2.448261,8.073051,27.677093,8.407871,-2.830685
1996-03-25,570.24,551.5495,653.5515,3.332573,-13.636401,-0.712761,7.388874,33.047183,8.396465,-2.840909
1996-03-26,563.52,551.0725,652.82575,2.233645,-14.710742,-1.126064,10.157889,34.653892,10.691723,-1.682283
1996-03-27,562.35,550.577333,652.0534,2.115701,-14.800203,-0.243918,16.713615,34.442992,18.191518,-1.477727
1996-03-28,554.04,549.794,651.3654,0.769322,-16.183389,1.638016,16.383476,36.248792,19.964263,0.424157
1996-03-29,556.39,549.11,650.7017,1.31707,-15.658183,4.59112,24.040948,35.476979,27.17698,0.147379
1996-04-01,566.19,548.6425,649.9504,3.148267,-13.796634,2.647488,26.584033,32.11972,30.452675,-1.58604
1996-04-02,557.21,548.262167,649.2568,1.618861,-15.288614,3.675278,20.084036,36.349288,32.555051,0.676585
1996-04-03,560.98,548.074833,648.5486,2.327342,-14.505169,3.303246,15.406409,36.296905,31.66423,0.393953
1996-04-04,563.19,547.954667,647.87095,2.742449,-14.007448,3.522173,14.340147,35.629312,31.14757,2.642092
1996-04-05,582.53,548.383167,647.28885,6.040643,-10.541195,0.755895,14.179075,26.739721,26.79347,-0.765626
1996-04-08,581.38,548.818,646.74965,5.763771,-10.655469,0.5643,12.859128,26.753219,27.044274,-0.569335
1996-04-09,578.07,549.488,646.40575,5.070803,-11.173243,2.186721,13.445214,30.74272,27.771723,0.302732
1996-04-10,579.82,550.111333,646.07215,5.259703,-10.819347,2.311729,12.481409,30.35009,27.386085,0.613984
1996-04-11,583.38,550.521833,645.79425,5.797216,-10.164218,2.855744,12.561074,29.731617,26.608728,0.221125
1996-04-12,586.95,551.364833,645.5257,6.254292,-9.512539,5.174298,12.650017,31.879287,25.838657,-0.388449
1996-04-15,584.67,552.123167,645.19,5.727644,-9.849726,4.889848,12.935581,33.533786,26.329382,1.057007
1996-04-16,590.85,552.660333,644.9219,6.681859,-8.756705,5.421953,14.354079,32.779094,25.008039,0.428197
1996-04-17,593.38,553.423,644.6381,6.971238,-8.285407,11.342558,14.076234,28.880214,24.475041,1.16283
1996-04-18,600.28,554.333667,644.3725,7.962942,-7.088076,8.367543,17.058338,28.271792,23.044246,2.280602
1996-04-19,618.12,555.517167,644.21345,10.67831,-4.13475,13.519635,12.878807,24.42738,19.492979,-0.671391
1996-04-22,613.97,556.566,644.0451,9.81603,-4.782269,18.482397,7.509288,29.310733,20.300666,1.596169
1996-04-23,623.77,557.832833,643.94435,11.172238,-3.18306,8.800084,6.943418,26.000485,18.410632,4.209885
1996-04-24,664.65,559.955167,644.1147,17.140387,3.138377,-1.551124,-3.362921,20.765065,11.127661,-3.307004
1996-04-25,652.67,562.205833,644.31215,14.920361,1.288833,-0.405313,-1.991601,27.227292,13.167451,-1.9719
1996-04-26,707.6,565.274,644.74705,22.456839,9.302089,-5.270752,-10.361905,22.362958,4.382419,-9.843132
1996-04-29,738.61,568.9765,645.25995,26.093091,13.511678,-11.077417,-13.256286,16.54114,-3.61219,-13.628302
1996-04-30,681.15,571.669,645.47685,17.522239,5.37932,-2.963544,-4.596439,26.472738,4.518828,-6.342215
1996-05-02,654.42,573.8655,645.41505,13.13543,1.385575,0.378245,-2.798491,28.261516,8.787934,-2.759696
1996-05-03,650.03,576.009833,645.334,12.089378,0.72505,1.7431,-0.986342,26.246011,9.522637,-2.10298
1996-05-06,671.27,578.438167,645.4444,14.883979,3.923237,-0.773163,-4.600159,24.242114,6.057175,-5.20059
1996-05-07,661.16,580.6385,645.50565,12.986751,2.39619,0.640752,-1.470312,23.574457,7.678928,-3.750983
1996-05-08,661.26,582.783333,645.5312,12.633163,2.407356,3.095586,5.259526,21.81649,7.662644,-3.765539
1996-05-09,656.9,584.775833,645.5517,11.630322,1.74265,3.906554,6.729864,24.001968,8.377226,-3.126808
1996-05-10,661.46,586.8555,645.38175,11.967089,2.460751,7.353008,9.494453,23.760624,9.959786,-3.794636
1996-05-13,666.1,589.023167,645.1349,12.297429,3.198037,5.403087,13.762524,24.754246,14.754541,-4.464795
1996-05-14,665.41,591.399167,645.00705,11.791219,3.114215,-0.536445,12.267862,25.910707,14.873537,-4.365729
1996-05-15,682.05,594.0885,644.9658,13.807467,5.590568,-1.988708,10.263413,24.023585,12.070963,-6.698922
1996-05-16,683.07,596.734667,644.91335,13.512477,5.748138,-6.096597,11.807741,24.875733,12.533123,-6.838245
1996-05-17,711.93,599.9025,644.9234,17.121245,9.884804,-10.682396,8.780819,20.235101,9.177869,-10.614808
1996-05-20,703.08,602.863667,644.9209,15.37796,8.634301,-9.721077,6.725234,23.129141,10.552142,-9.489674
1996-05-21,661.85,605.163667,644.77455,8.954,2.613822,-2.283176,18.149021,27.895634,19.90028,-3.851326
1996-05-22,668.62,607.481,644.62905,9.589499,3.654085,-2.739773,17.552586,26.516061,19.187281,-4.824863
1996-05-23,642.67,609.371333,644.3653,5.320355,-0.263443,-0.986693,21.092298,29.804566,23.999876,-0.981841
1996-05-24,639.8,611.085,644.08655,4.591956,-0.667748,0.599947,21.856918,28.862333,24.556111,-0.537668
1996-05-27,637.95,612.501833,643.6993,4.070797,-0.897178,0.490994,21.797937,26.990209,24.917313,-0.249236
1996-05-28,646.91,613.250667,643.4339,5.343341,0.538788,0.708556,18.791972,24.006835,23.187151,-1.63083
1996-05-29,650.55,614.308833,643.16945,5.732037,1.140994,6.892421,20.861691,24.793551,23.197295,-2.181231
1996-05-30,636.36,615.5865,642.80185,3.318897,-1.007207,9.9066,23.688986,24.916449,26.730153,0.74329
1996-05-31,643.65,616.825167,642.4297,4.256948,0.189771,12.223894,22.275507,22.205852,25.294803,-0.397732
1996-06-03,641.09,617.957833,642.0725,3.674963,-0.153137,17.58952,17.160804,18.718681,25.79513,1.625357
1996-06-04,651.51,619.347667,641.74275,5.062597,1.510522,14.378926,15.364404,18.951983,23.783211,6.977637
1996-06-05,696.97,621.565833,641.55185,11.450054,8.285236,8.099473,12.03798,13.389899,15.709428,0.812087
1996-06-06,702.63,623.889667,641.34005,11.88569,9.127062,8.984432,11.138817,11.559362,14.777337,3.516787
1996-06-07,727.34,626.640333,641.0961,14.90213,12.621468,6.639374,7.67609,10.755378,10.877994,3.389062
1996-06-10,764.38,630.006833,641.1606,19.333438,17.578508,-1.634202,5.466746,5.149147,5.618933,-1.620922
1996-06-11,752.26,633.08,641.0836,17.248521,15.992214,5.344714,8.330344,6.180468,8.687156,-0.035892
1996-06-12,755.77,636.233667,641.0152,17.21712,16.468393,5.300465,8.161602,7.177556,8.50391,-0.500152
1996-06-13,768.68,639.5505,641.07145,18.390917,18.153384,3.18796,2.996239,5.775233,6.681584,-2.171255
1996-06-14,777.27,643.009,641.2625,18.962906,19.234889,2.393703,2.432635,3.036027,5.502592,-3.252409
1996-06-17,751.99,646.039167,641.32315,15.186289,15.918956,5.351625,4.823339,5.383133,9.049322,1.026609
1996-06-18,793.56,649.761167,641.6415,19.992429,21.249941,-1.640225,3.652425,-3.738561,3.719946,-4.265588
1996-06-19,796.91,653.651,641.9568,19.816818,21.622074,0.569332,1.504481,-3.533873,3.283934,-4.66803
1996-06-20,793.58,657.504833,642.2868,18.810224,21.151942,1.609995,3.035688,-4.708543,3.717332,-4.268001
1996-06-21,796.1,661.539167,642.6392,18.515562,21.414136,1.018536,7.361976,-2.163674,7.639744,-4.571034
1996-06-24,793.33,665.488167,642.99545,17.571842,21.010163,-4.146138,10.926927,-1.914007,11.546267,-4.237833
1996-06-25,780.65,669.0625,643.32005,15.424943,19.348456,-2.719012,11.005453,-0.53689,13.358099,-2.68238
1996-06-26,801.46,673.133333,643.708,17.449164,21.918986,-1.931289,10.207486,-5.213028,10.746637,-5.209243
1996-06-27,806.46,677.224667,644.0961,17.465123,22.480636,-2.643569,7.371021,-4.74463,10.060015,-5.79694
1996-06-28,804.25,681.242333,644.4279,16.599207,22.154722,-2.375522,4.956846,0.159028,10.362449,-5.538079
1996-07-01,761.11,684.218667,644.5358,10.650034,16.624753,5.895461,11.681468,11.278516,16.617834,-0.183942
1996-07-02,759.71,687.190833,644.5656,10.032475,16.436018,7.344867,9.680365,11.220545,16.832739,3.377605
1996-07-03,786.13,690.6585,644.72705,12.947668,19.829512,4.223095,4.518983,6.05251,12.906262,-0.096676
1996-07-04,785.42,694.085167,644.89875,12.362394,19.712528,0.841854,6.133287,8.448512,13.008327,-0.006366
1996-07-05,785.37,697.451667,644.94835,11.872173,19.698471,1.395918,6.59008,10.866305,13.015521,0.481302
1996-07-08,807.33,701.124667,645.16655,14.104679,22.422401,-2.277609,5.524976,6.955176,9.941412,-2.251867
1996-07-09,817.61,705.007,645.4387,14.817772,23.645521,0.666795,5.312501,5.455054,8.559093,-3.480877
1996-07-10,820.04,708.826833,645.74825,14.574186,23.89434,-1.356656,5.59857,5.298325,8.237403,-3.766889
1996-07-11,792.06,712.138167,645.9289,10.63652,20.394771,3.227409,10.071753,10.255376,12.060955,-0.367396
1996-07-12,796.41,715.407,646.12395,10.726252,20.912277,7.323044,9.021647,9.297769,11.448877,-0.911591
1996-07-15,789.15,718.2575,646.386,9.412828,19.955957,11.455213,11.580568,13.59725,12.474181,2.514097
1996-07-16,823.08,721.742667,646.8707,13.138474,24.090697,5.712804,6.094189,10.027031,7.837634,-1.711863
1996-07-17,808.99,724.829667,647.2598,10.984987,22.30388,9.272337,7.458994,15.092276,9.715818,1.118679
1996-07-18,818.04,727.386167,647.69995,11.745372,23.348369,5.945328,5.67658,13.60815,8.502029,0.541538
1996-07-19,856.92,730.790333,648.3678,15.921797,27.888644,-1.386594,-0.356561,8.600338,3.579097,-4.020212
1996-07-22,884.93,733.745833,649.14815,18.734585,30.984758,-3.391597,-5.734655,7.339257,0.300589,-7.058185
1996-07-23,871.47,735.960167,649.9632,16.900545,29.32657,-4.044101,-5.790591,7.562396,1.849748,-5.626126
1996-07-24,887.59,739.400833,650.8452,18.266975,31.02381,-7.619792,-6.275625,8.298585,-0.17463,-7.340101
1996-07-25,868.15,742.963,651.5738,15.571827,28.697384,-3.881303,-6.143558,11.757952,2.060704,-5.958648
1996-07-26,845.12,746.2145,652.21045,12.446554,25.911134,-0.742288,-5.026501,17.904843,4.841916,-4.902262
1996-07-29,855.42,749.283667,652.86315,13.247494,27.022504,-0.261031,-10.123591,16.404158,3.579528,-9.628019
1996-07-30,836.93,752.213167,653.448,10.672068,24.747748,2.977002,-6.092786,19.060525,5.867874,-7.631463
1996-07-31,822.47,754.9,654.0289,8.572672,22.916047,5.302681,-3.167065,21.80459,7.729157,-6.007514
1996-08-01,835.1,757.87,654.66125,9.703961,24.343355,4.78032,-5.712742,19.756227,6.099868,-7.42905
1996-08-02,838.87,760.826833,655.30115,9.764997,24.696085,3.827485,-3.510792,13.376233,5.623041,-7.845077
1996-08-05,853.19,763.945,656.0451,11.048647,26.275273,3.777983,-5.842574,13.520752,3.850256,-9.391812
1996-08-06,862.22,767.225167,656.8413,11.673013,27.206802,1.448483,-7.462377,7.652323,2.762636,-10.340748
1996-08-07,867.26,770.312,657.6709,11.854319,27.663416,0.503768,-6.582616,8.596251,2.165441,-10.861795
1996-08-08,875.99,773.527333,658.53885,12.439367,28.533116,-1.167764,-7.292759,5.769861,1.147273,-11.750134
1996-08-09,871.6,776.1885,659.3127,11.59352,27.913267,-2.055165,-8.418256,4.864811,1.656723,-11.305645
1996-08-12,886.04,779.237833,660.22895,12.844579,29.417543,-5.86001,-11.020774,4.642049,-1.268566,-12.751117
1996-08-13,874.8,782.787,660.9715,11.113466,28.028457,-6.171976,-13.485175,5.001962,-0.361225,-12.615455
1996-08-14,871.64,786.170667,661.71425,10.320259,27.554268,-4.462282,-12.497348,6.905712,-0.667707,-12.298655
1996-08-15,865.82,789.889833,662.4255,9.178355,26.776894,-5.874811,-13.420811,8.538925,-1.380194,-12.559192
1996-08-16,853.87,793.457667,662.8928,7.337877,25.316567,-6.056533,-9.169089,9.665396,-2.138499,-11.335449
1996-08-19,835.61,796.752,663.4135,4.761853,23.076352,-7.780533,-7.106279,13.165226,-0.240543,-9.397925
1996-08-20,822.44,799.6775,663.91385,2.806701,21.412313,-4.346296,-5.751752,14.504924,1.356938,-7.947084
1996-08-21,833.6,802.728333,664.46795,3.773733,22.676703,-4.511231,-9.144888,18.667069,-2.06094,-9.179463
1996-08-22,816.42,805.729333,664.96345,1.318106,20.519685,-3.450487,-5.972093,21.865049,-0.249871,-7.268318
1996-08-23,803.69,808.396667,665.36495,-0.583924,18.887794,0.77342,0.228682,23.335145,1.330115,-5.7995
1996-08-26,773.06,810.596167,665.62175,-4.741332,14.96351,4.019986,9.720639,19.634202,10.208781,-2.06711
1996-08-27,787.46,812.862,665.9201,-3.174878,16.764288,1.607411,7.632965,18.957387,8.193432,-3.857974
1996-08-28,796.83,814.526333,666.2235,-2.19654,17.901616,1.88713,4.700591,20.33846,6.921175,-4.988517
1996-08-29,788.73,815.961333,666.5187,-3.394291,16.835586,3.200303,8.027967,20.437405,8.359008,-4.01278
1996-08-30,809.93,817.337833,667.0103,-0.910469,19.414234,-1.079978,7.787017,19.099243,8.098231,-6.525255
1996-09-02,804.77,818.011,667.47815,-1.631926,18.704987,-1.400217,7.272774,20.980146,8.791332,-5.925917
1996-09-03,800.22,818.810333,667.93545,-2.296578,18.069515,-4.574315,7.60493,25.527769,9.409912,-5.391017
1996-09-04,812.01,819.747667,668.552,-0.948391,19.439848,-5.410964,6.282371,33.445228,7.821332,-6.764695
1996-09-05,814.38,820.509333,669.17955,-0.74982,19.637468,-7.295816,7.476382,32.131406,7.762961,-7.036027
1996-09-06,801.23,820.908667,669.7247,-2.426381,17.928131,-2.805998,8.694377,37.85426,9.531595,-5.510278
1996-09-09,793.58,821.601833,670.2804,-3.470154,16.885822,-1.945515,13.037456,42.353882,13.925502,-4.59941
1996-09-10,764.44,821.1165,670.72165,-7.152146,13.078932,1.561447,17.418017,46.160944,19.027,-0.962796
1996-09-11,769.24,820.655333,671.19415,-6.470019,13.634458,-1.109823,20.13063,48.361405,22.299932,-1.580781
1996-09-12,757.08,820.047,671.58745,-7.989273,11.982469,1.573907,21.35238,48.550375,24.264279,0.484757
1996-09-13,779.06,819.763,672.16615,-5.092721,14.758251,3.341238,18.125989,46.872242,20.75835,-2.350268
1996-09-16,778.29,819.512333,672.76575,-5.161024,14.5702,9.046385,20.180191,41.373535,22.36056,-2.253659
1996-09-17,776.47,819.442667,673.35125,-5.386643,14.24909,9.038422,19.10474,35.738431,22.647366,-2.024547
1996-09-18,760.75,818.764167,673.92985,-7.34913,12.117876,9.334248,23.719099,27.347049,26.768321,1.096287
1996-09-19,769.09,818.141333,674.51245,-6.18271,13.121786,10.549573,23.873603,16.335658,26.964334,4.738067
1996-09-20,805.53,818.162667,675.33215,-1.556073,17.62958,8.331755,22.702661,18.860611,25.486326,3.680806
1996-09-23,851.98,819.677167,676.38635,3.865249,23.079862,1.572121,16.807111,5.751699,18.644804,-1.971877
1996-09-24,849.92,821.180667,677.4669,3.439909,22.678153,1.579376,17.520346,4.070527,19.148861,-1.734281
1996-09-25,835.18,821.998167,678.4682,1.590911,20.780966,3.46891,20.271063,7.697834,22.471802,2.332431
1996-09-26,854.66,823.152167,679.5554,3.756265,22.926497,2.648718,17.441002,1.268452,19.680341,1.028479
1996-09-27,875.52,824.654667,680.79085,5.985328,25.156286,-0.172618,9.100008,2.219565,16.828856,-1.378609
1996-10-03,865.48,825.623833,681.95905,4.7145,23.831465,4.364465,12.090551,6.567669,18.184129,-0.234552
1996-10-04,863.45,826.387833,683.0924,4.38718,23.430586,5.238772,7.50977,6.597793,18.461984,0.140136
1996-10-07,864.66,827.1315,684.3194,4.437268,23.39116,8.437295,8.896496,7.736489,18.296209,1.08135
1996-10-08,877.6,828.557167,685.56015,5.750507,24.695467,6.580182,5.586238,4.392747,16.55196,-0.40907
1996-10-09,874.01,829.8505,686.8612,5.184625,24.095958,6.625613,4.588689,5.06621,17.030698,3.441608
1996-10-10,904.09,831.766167,688.3079,8.337756,27.269265,5.19722,2.625367,-0.496758,13.136966,0.641529
1996-10-11,909.89,833.213,689.8379,8.80344,27.686707,3.248169,1.06912,-3.739842,12.415787,0.567102
1996-10-14,940.78,835.4095,691.5811,11.878729,30.772889,2.478646,-0.727571,-4.634996,8.724675,-2.734965
1996-10-15,937.29,837.397,693.30725,11.269446,30.151947,4.09513,0.607355,-4.460599,9.129512,-2.372798
1996-10-16,933.88,838.679667,694.97145,10.751912,29.547718,7.91791,0.708496,-2.923858,9.527991,-2.016319
1996-10-17,952.32,839.802833,696.7459,12.573397,31.248033,5.673305,0.091314,-3.626809,7.407174,-3.9136
1996-10-18,939.93,840.943833,698.47435,11.128053,29.690695,7.454028,1.151937,-1.113708,8.822997,-2.647006
1996-10-21,964.39,842.223833,700.39615,13.544996,31.984967,5.886213,4.092858,-6.041661,6.0629,-5.116187
1996-10-22,976.47,844.029167,702.4174,14.575698,32.941621,4.116972,3.963539,-6.315285,4.750786,-6.290004
1996-10-23,1010.83,846.791,704.61955,17.707314,36.086904,-5.270898,0.403802,-9.960299,1.190111,-9.475382
1996-10-24,1007.91,849.3325,706.875,17.118341,35.478031,-3.144438,-6.893547,-9.142355,1.483267,-9.213124
1996-10-25,1012.67,852.2615,709.1619,17.245228,35.626184,-8.4312,-6.195924,-8.164042,1.006251,-9.639863
1996-10-28,1022.86,855.601333,711.58685,17.855337,36.286043,-7.905658,-4.633195,-9.613077,-0.523043,-10.540054
1996-10-29,1017.51,858.6415,713.9623,16.976226,35.428359,-9.206046,-5.031564,-7.66521,-0.153315,-10.06968
1996-10-30,958.93,860.6425,715.9632,10.813888,29.218931,-4.683937,2.212217,-1.378695,5.946211,-4.575934
1996-10-31,976.71,862.701167,718.1649,12.412142,30.749057,-5.10072,1.616821,-2.362045,4.017569,-6.31303
1996-11-01,930.79,863.844,720.123,7.464149,25.661166,-1.201878,10.41307,2.990952,10.974549,-1.691037
1996-11-04,945.11,865.1415,722.05545,8.840825,26.919939,-1.186771,18.266361,1.178081,20.041053,-3.180582
1996-11-05,928.02,866.008667,723.95745,6.915837,24.832066,1.6013,19.068786,3.606511,22.251676,-1.397599
1996-11-06,915.05,866.732833,725.8045,5.424793,23.169801,2.745421,24.571194,4.813164,27.853123,0.50489
1996-11-07,928.14,867.4345,727.70965,6.764258,24.328045,2.663167,26.691059,3.867605,30.592368,-0.912578
1996-11-08,919.67,868.182333,729.5528,5.761316,23.158317,3.330986,27.673807,6.598365,31.882088,1.553818
1996-11-11,933.96,869.221,731.4838,7.18362,24.435854,7.299075,28.958345,-4.278868,33.587092,0.702386
1996-11-12,943,870.507333,733.51225,7.99901,25.122198,7.451313,26.59064,2.066517,32.306469,-0.26299
1996-11-13,940.52,871.9515,735.6267,7.569911,24.571012,7.613216,28.037757,2.577809,32.65534,0.026581
1996-11-14,953.19,873.911167,737.7751,8.683552,25.617522,-1.311557,21.10203,6.492596,30.892057,-1.302993
1996-11-15,950.82,876.050833,739.9469,8.190065,25.074634,0.106168,15.481755,5.99451,31.218317,-1.056982
1996-11-18,1004.68,878.902167,742.3723,13.375077,30.257349,-2.839841,-0.464908,1.312172,24.18382,-6.361229
1996-11-19,1015.95,882.227667,744.8389,14.112927,31.041146,-4.878131,-11.501483,1.519961,22.80624,-10.864708
1996-11-20,1014.92,885.748167,747.30665,13.61324,30.608946,-3.462482,-4.245852,1.017546,22.930871,-10.774248
1996-11-21,940.77,888.543333,749.38265,5.711527,22.744895,5.36593,-4.161865,10.029653,32.620088,-4.076448
1996-11-22,951.83,891.282833,751.4961,6.572464,23.632043,8.177794,-7.253895,11.050156,31.079079,-6.997048
1996-11-25,976.55,894.278167,753.716,8.800908,25.901031,14.993898,-7.940035,8.966687,27.760995,-9.351288
1996-11-26,967.58,897.259,755.86715,7.545355,24.693248,14.894304,-11.140986,8.371682,28.94541,-10.542797
1996-11-27,980.38,900.099833,758.08565,8.543457,25.714388,17.67504,-9.092661,9.512656,27.261878,-11.710765
1996-11-28,992.63,903.230833,760.3686,9.437984,26.655467,19.973518,-7.139703,8.224499,25.691345,-12.800338
1996-11-29,1032.94,907.1095,762.91905,12.990121,30.301245,16.058859,-11.325047,6.260103,20.786299,-16.203264
1996-12-02,1134.52,912.484667,765.9882,21.779365,39.279817,9.505213,-19.426368,-2.209291,9.971618,-23.706061
1996-12-03,1122.98,917.628,768.9816,20.194907,37.86741,9.123153,-20.262277,0.282775,11.101712,-22.922047
1996-12-04,1169.92,923.772833,772.2219,23.622446,41.541871,6.211984,-24.093674,-4.603821,6.644044,-26.014599
1996-12-05,1212.08,930.747833,775.65525,26.410479,44.638502,-2.925862,-29.813183,-7.3844,2.934625,-28.588047
1996-12-06,1212.88,938.221833,779.1004,25.676656,44.261306,-8.861065,-32.482768,-4.589753,2.86673,-28.635149
1996-12-09,1247.65,946.195333,782.69075,27.656803,46.62794,-22.124178,-32.86577,-7.05771,-0.220414,-30.623973
1996-12-10,1230.25,954.0815,786.19575,25.422358,44.776687,-30.64081,-31.658594,-5.771178,1.190815,-29.642756
1996-12-11,1244.9,961.8455,789.73535,25.795665,45.51126,-24.670393,-31.670111,-10.509279,-5.443811,-30.470721
1996-12-12,1177.13,968.492833,792.8563,19.509347,39.519256,-26.575451,-24.820153,-0.850582,-5.700305,-26.467765
1996-12-13,1110.03,974.052167,795.39655,13.067746,33.330153,-22.629482,-17.7474,7.101899,-9.910543,-22.022828
1996-12-16,1000.02,978.04,797.46135,2.222471,22.634191,-10.314967,-9.669611,18.049994,-2.728945,-13.444731
1996-12-17,905.57,980.314667,799.1907,-7.930903,12.496499,-4.517633,1.222659,29.418166,7.416323,-4.417107
1996-12-18,972.73,983.101333,801.2077,-1.060565,19.398634,-8.309291,-6.118249,22.177533,-3.959989,-11.016418
1996-12-19,902.42,983.942,802.85415,-8.648691,11.690698,2.388091,1.913057,28.721101,3.52275,-4.083464
1996-12-20,885.23,984.5305,804.4397,-10.631738,9.570149,4.106642,5.285776,33.266291,5.533025,-2.220892
1996-12-23,902.01,985.644333,806.13035,-8.866997,11.238015,3.507565,2.960153,31.906329,3.569805,-4.039867
1996-12-24,865.57,985.826167,807.6422,-13.009179,6.926911,5.773013,8.50734,35.449829,8.879698,1.261596
1996-12-25,895.17,986.153667,809.30655,-9.679855,10.083587,2.674027,5.501749,33.070413,5.655909,-2.086754
1996-12-26,924.23,987.132833,811.11575,-6.584365,13.055019,-2.699962,3.160837,31.066766,3.211322,-5.165381
1996-12-27,922.34,988.114333,812.8881,-6.888449,12.632046,-5.098862,3.902929,32.488498,3.980094,-4.971052
1996-12-30,934.21,989.2735,814.7264,-5.726958,13.68489,-3.934189,2.338088,28.900317,2.658931,-6.178482
1996-12-31,917.01,989.930333,816.4631,-7.651619,11.613666,-2.273164,4.800002,33.88265,4.917067,-4.418709
1997-01-02,919.43,990.687333,818.21145,-7.464507,11.663311,-1.364454,4.335644,33.233692,4.640919,-4.670285
1997-01-03,899.61,990.612667,819.8586,-9.636227,9.282945,2.067169,6.98973,35.14971,7.239804,-2.570003
1997-01-06,876.49,990.056,821.38985,-12.183621,6.492745,5.874303,11.407326,40.712566,12.083424,2.27156
1997-01-07,898.17,989.345833,823.0631,-9.668459,8.732649,1.071981,-0.371443,38.877064,9.377957,-0.370754
1997-01-08,896.4,988.664333,824.73335,-9.796813,8.332662,2.240443,7.134471,39.287691,9.593931,-0.174029
1997-01-09,906.97,988.215833,826.498,-8.579176,9.291188,0.881469,6.210163,37.781986,8.316703,-1.33742
1997-01-10,918.4,987.6505,828.30805,-7.269586,10.32479,0.157759,10.210719,37.632064,10.750218,-2.565331
1997-01-13,929.52,987.477,830.1247,-6.048488,11.309239,0.403694,8.260155,38.209256,9.425295,-3.730958
1997-01-14,907.85,986.534667,831.8779,-8.31193,8.739349,2.314797,11.446691,40.818945,12.127554,-1.433056
1997-01-15,916.71,985.538667,833.65655,-7.239719,9.496967,2.767047,11.798785,40.820667,12.523044,-2.385705
1997-01-16,915,983.9415,835.4156,-7.264238,9.099474,3.310706,11.381647,41.111759,12.733333,-2.203279
1997-01-17,919.85,982.473833,837.1022,-6.58631,9.426445,3.635871,12.278461,39.467712,13.064087,-2.718922
1997-01-20,933.28,981.150667,838.8617,-5.002077,10.665941,2.723795,13.018274,37.06276,13.903652,-4.118807
1997-01-21,929.11,979.588167,840.6169,-5.290511,10.009111,2.885499,13.946568,39.326832,14.965935,-3.688476
1997-01-22,942.43,978.336833,842.42995,-3.739238,11.217113,2.065675,11.005329,39.128441,13.341044,-5.049712
1997-01-23,945.8,978.118,844.24205,-3.359919,11.359189,1.507922,13.103568,42.65426,14.000846,-5.388031
1997-01-24,953.91,977.738,846.07685,-2.467241,11.995913,1.128931,12.203365,44.124627,13.031628,-6.192408
1997-01-27,959.05,978.209,847.94875,-1.978014,12.312301,2.405535,13.68222,44.423923,14.662426,-6.695167
1997-01-28,956.31,978.395667,849.77605,-2.283203,11.810928,-6.64372,14.878989,38.483856,16.042915,-6.427832
1997-01-29,962.1,978.963667,851.61965,-1.737613,12.197839,0.061305,15.74505,42.200634,17.052281,-6.990957
1997-01-30,960.17,979.715667,853.4191,-2.015204,11.78596,0.510065,15.154209,44.637,17.287564,-6.804003
1997-01-31,964.74,980.325667,855.1522,-1.602619,12.057917,5.288158,15.439054,41.72603,16.731969,-7.245475
1997-02-17,982.4,981.371167,856.99435,0.104781,13.656723,2.727131,16.485689,33.927484,17.922435,-8.912866
1997-02-18,894.84,980.719167,858.3497,-9.164121,4.163334,12.890115,26.179503,46.012503,29.92602,7.582361
1997-02-19,962.69,981.047333,859.8399,-1.888926,11.298524,6.904758,18.752945,31.255987,20.768887,0.248263
1997-02-20,965.08,981.456667,861.40195,-1.682686,11.364976,6.052953,14.950669,33.164829,20.469806,4.608944
1997-02-21,1017.13,982.522333,862.9496,3.461714,16.438393,2.225501,13.758851,30.590259,14.750327,-0.744251
1997-02-24,1009.56,983.501333,864.30435,2.615088,15.534491,5.161814,16.589144,29.41983,18.044495,0.831055
1997-02-25,1017.95,983.7225,865.98835,3.420223,16.167462,4.814674,16.272913,19.345829,17.671791,0.722039
1997-02-26,1031.51,983.981833,867.8738,4.717159,17.273271,1.97359,16.396721,19.552201,17.817568,-0.60203
1997-02-27,1025.3,984.154833,869.75015,4.09573,16.453455,5.032628,16.914135,19.939753,18.531162,1.435677
1997-02-28,1040.02,985.809,871.5939,5.35326,17.667162,3.560775,14.529583,20.897859,16.853522,1.158632
1997-03-03,1063.04,987.6625,873.6033,7.354697,19.626162,3.387741,14.96224,17.815973,16.139562,-1.031946
1997-03-04,1068.16,989.189333,875.6378,7.680707,19.874029,3.81792,14.999608,16.782147,16.182969,-1.506329
1997-03-05,1052.07,990.5975,877.61365,6.020663,18.130847,6.805396,15.937161,20.013913,17.959832,2.438051
1997-03-06,1078.22,992.228167,879.69745,8.311372,20.348877,3.558563,14.465096,21.45781,15.563614,-0.046373
1997-03-07,1077.72,993.646333,881.75555,8.122164,20.068811,4.36462,15.702564,21.688864,17.002561,2.036707
1997-03-10,1099.67,994.7585,883.92685,10.026542,21.83911,5.209003,14.903348,21.334184,16.071185,0.91482
1997-03-11,1109.73,994.345333,886.06525,10.978746,22.508143,4.656794,11.68324,20.353706,15.018969,0.680346
1997-03-12,1126.16,994.398333,888.2807,12.443103,23.72811,3.069201,13.337599,12.436783,14.267955,-0.78852
1997-03-13,1117.28,993.521,890.30745,11.739724,22.708559,0.306525,13.743839,13.198627,15.176142,0.306996
1997-03-14,1125.8,992.083,892.42105,12.64424,23.231112,3.607955,12.720926,9.801973,14.304495,-0.452123
1997-03-17,1158.47,991.176167,894.90415,15.596316,25.813883,2.830586,12.819551,5.207031,13.677523,-3.259472
1997-03-18,1162.63,989.759167,897.3742,16.097831,25.896702,2.983525,13.069004,4.221407,13.961449,-3.605618
1997-03-19,1161.26,988.609333,899.96715,16.096166,25.490264,4.548534,13.400275,6.880226,14.339597,-3.491897
1997-03-20,1120.71,986.5395,902.3717,12.751433,21.669117,8.016419,16.621154,11.830737,18.47668,4.144694
1997-03-21,1167.16,986.373333,905.01775,16.829381,25.437417,2.996232,13.662494,6.530879,14.639809,2.10511
1997-03-24,1191.73,987.735,907.74185,18.774687,27.220128,3.53491,13.359957,3.378463,14.293506,0.5127
1997-03-25,1197.84,991.032,910.4783,18.952839,27.430515,3.541369,13.09934,2.709568,13.996026,0.402391
1997-03-26,1215.3,996.194167,913.373,19.880405,28.56019,1.51403,12.625161,6.057331,13.45676,-1.040072
1997-03-27,1214.25,1000.2195,916.226,19.390713,28.161882,2.583589,12.815977,5.545633,13.673461,-0.954499
1997-03-28,1202.66,1005.2235,919.03385,17.932587,26.896809,4.733757,12.659668,8.083934,14.768929,2.592586
1997-03-31,1234.61,1011.0465,921.94935,19.97692,29.202012,3.328848,9.082245,4.975357,11.798868,-0.062368
1997-04-01,1241.02,1016.696667,924.6696,19.937481,29.425242,0.501552,10.380655,3.439699,11.221415,-0.578556
1997-04-02,1233.84,1022.8345,927.32565,18.755356,28.558174,4.205834,12.185952,1.322827,12.959541,0.987973
1997-04-03,1246.03,1028.682167,929.9191,19.168396,29.262018,2.837305,15.085595,-3.842458,16.282915,0.098714
1997-04-04,1260.96,1034.294333,932.402,19.815394,30.186456,1.382982,16.218698,-9.157241,17.608013,-1.086474
1997-04-07,1276.4,1040.195333,935.0227,20.46351,31.122809,3.125206,15.838355,-9.619274,17.161548,-2.282983
1997-04-08,1247.26,1045.412833,937.48015,17.653728,28.550884,6.042558,11.921626,-12.854318,19.898818,2.506294
1997-04-09,1286.84,1051.576667,940.07095,20.189898,31.398953,3.131877,13.117985,-14.813594,16.211029,-0.646545
1997-04-10,1281.89,1057.617667,942.59405,19.231666,30.745513,3.183841,15.738952,-13.425715,17.045144,-0.262893
1997-04-11,1278.52,1063.932833,945.2267,18.37309,30.203365,4.549522,13.56605,-13.224055,17.353659,3.003473
1997-04-14,1316.92,1071.273333,947.8435,20.64477,32.886155,3.370992,4.622245,-13.127326,13.93175,0.48902
1997-04-15,1324.95,1078.386333,950.4837,20.590893,33.215899,3.013862,6.763996,-11.102454,13.241254,-0.120005
1997-04-16,1327.78,1085.576,953.1547,20.139765,33.148643,3.773419,-0.897233,-10.109516,12.999895,-0.89322
1997-04-17,1323.36,1092.515833,955.791,19.169082,32.538997,4.211242,1.593005,-10.553181,13.377312,-0.562205
1997-04-18,1338.03,1099.509667,958.5145,19.633406,33.356897,1.993407,3.168914,-11.119618,12.134257,-1.652429
1997-04-21,1362.07,1106.718833,961.4216,20.760597,34.834786,-0.742802,-0.529271,-11.850922,10.155132,-3.388225
1997-04-22,1365.49,1114.346167,964.24175,20.32455,34.792658,0.822684,-10.026425,-13.460641,9.879237,-9.540165
1997-04-23,1378.84,1122.048333,967.10365,20.608668,35.469217,1.074822,-9.469681,-13.207781,8.815381,-10.416002
1997-04-24,1380.28,1129.803,969.9838,20.02431,35.276229,4.853207,-9.790359,-14.091527,8.701858,-10.509462
1997-04-25,1364.97,1137.221667,973.0031,18.25443,33.850046,8.292787,-6.291392,-15.053687,9.921097,-9.505703
1997-04-28,1351.99,1144.200167,975.9645,16.687173,32.590665,10.084958,-6.228513,-14.383906,10.976413,-8.636898
1997-04-29,1376.77,1151.661167,978.9177,17.853478,34.104788,2.042523,-8.598117,-18.716049,8.978987,-10.281311
1997-04-30,1393.74,1159.183,981.9593,18.427533,35.01962,5.137867,-8.109199,-18.943275,7.652073,-11.373714
1997-05-05,1448.92,1167.568333,985.27705,21.589521,38.565086,3.490662,-8.092882,-20.579566,3.552301,-14.748916
1997-05-06,1482.99,1176.386333,988.65535,23.161301,40.546981,-1.269667,-10.232398,-22.030871,1.173305,-16.707463
1997-05-07,1495.45,1185.326333,992.04455,23.240904,41.041443,-8.090904,-9.407519,-22.610691,0.330335,-17.401451
1997-05-08,1405.18,1192.8075,994.97025,16.385564,34.520785,0.884927,-3.251161,-15.756889,6.775644,-12.095248
1997-05-09,1467.22,1201.226167,998.34605,20.002661,38.502477,-10.883341,-14.018801,-20.416107,2.260738,-15.812216
1997-05-12,1500.39,1210.229833,1001.86595,21.491479,40.386086,-10.962107,-16.284164,-24.706458,-2.406708,-17.673405
1997-05-13,1464.28,1218.5555,1005.2416,18.369751,37.613574,-5.847613,-16.485003,-19.967563,-3.183134,-15.643183
1997-05-14,1379.22,1225.169167,1008.0223,11.843919,31.352783,-1.780523,-12.234764,-13.416757,2.787808,-11.515929
1997-05-15,1417.67,1233.883,1011.0657,13.884857,33.800976,-13.776559,-15.611593,-18.004858,-2.578879,-14.453998
1997-05-16,1315.92,1239.770167,1013.5551,5.961003,26.107199,-4.799028,-5.622816,-13.756059,4.953949,-7.839382
1997-05-19,1344.61,1246.095667,1015.99355,7.608881,28.023701,-7.172123,-6.383423,-18.266819,2.714542,-9.805817
1997-05-20,1381.11,1252.162,1018.47445,9.801587,30.458165,-7.466899,-10.300528,-16.750047,-1.443042,-12.189471
1997-05-21,1354.88,1257.917333,1020.8915,7.425545,28.303662,-6.442044,-9.452223,-17.000401,0.464986,-10.48949
1997-05-22,1235.22,1261.5385,1022.62965,-2.108292,18.887169,2.250992,-0.363348,-8.494249,10.197374,-1.8183
1997-05-23,1254.26,1265.251,1024.5602,-0.872476,20.228231,2.435303,2.901852,-10.176504,8.524548,-3.308724
1997-05-26,1251.55,1269.021833,1026.59235,-1.386361,19.813786,6.550685,2.520015,-8.930134,8.759538,-3.099357
1997-05-27,1281.74,1273.0505,1028.72395,0.680254,21.989938,4.351781,1.715658,-9.589237,6.197825,-5.381747
1997-05-28,1270.35,1276.505667,1030.89105,-0.483394,20.886893,6.905952,2.121624,-8.072582,7.149998,-4.533396
1997-05-29,1263.34,1279.758667,1033.0954,-1.291251,20.119947,7.38948,1.65716,-6.478446,7.74455,-4.003673
1997-05-30,1285.18,1283.643833,1035.3458,0.119601,21.616331,-0.771734,-2.753926,-7.355627,5.913569,-5.635008
1997-06-02,1336.28,1287.944833,1037.83285,3.684184,25.275489,-4.70062,-10.835172,-10.881052,1.863382,-10.268806
1997-06-03,1338.75,1292.295333,1040.26065,3.531638,25.226504,-7.522272,-15.143542,-9.790626,1.675444,-14.052661
1997-06-04,1361.18,1296.653833,1042.75545,4.8565,26.648529,-10.918149,-16.050109,-10.863264,-0.069792,-15.468931
1997-06-05,1360.23,1300.828833,1045.2203,4.465218,26.342613,-11.475505,-21.524784,-10.075346,-4.139741,-19.365843
1997-06-06,1275.3,1303.3145,1047.21685,-2.172919,19.704542,-2.487357,-13.912778,-3.917994,2.244178,-13.995923
1997-06-09,1274.92,1305.941833,1049.23345,-2.404106,19.482358,-1.061365,-12.880503,-2.711098,2.274653,-13.970288
1997-06-10,1241.74,1307.874167,1051.01195,-5.188942,16.676016,0.336862,-10.305102,0.76614,5.007489,-11.671525
1997-06-11,1220.39,1308.906167,1052.7399,-7.002132,14.777429,1.002018,-5.514806,2.52123,6.844533,-10.126271
1997-06-12,1212.76,1309.741667,1054.4455,-7.693116,13.988372,1.471686,-2.254857,3.44121,7.516739,-9.560836
1997-06-13,1243.97,1311.120167,1056.33625,-5.257398,16.350133,3.72564,-3.589466,-1.046478,4.819248,-11.829867
1997-06-16,1261.46,1313.466,1058.3742,-4.039966,17.553582,1.731315,-5.762763,-0.430587,3.365941,-13.052336
1997-06-17,1245.93,1314.778833,1060.4258,-5.378622,16.121171,4.549287,-3.988004,-0.258776,4.654355,-11.96857
1997-06-18,1232.68,1315.461333,1062.477,-6.499677,14.858769,5.131804,-1.869428,-1.965353,5.779278,-11.022325
1997-06-19,1230.74,1316.009667,1064.4627,-6.698856,14.514545,4.2715,-3.070869,-4.271153,5.946016,-10.882071
1997-06-20,1291.19,1317.2745,1066.83655,-2.000056,19.08665,-3.220475,-6.639952,-8.394983,0.985912,-15.05433
1997-06-23,1283.49,1318.4285,1069.23555,-2.685757,18.263898,-6.804501,-6.821182,-9.467539,1.591754,-14.544718
1997-06-24,1303.92,1320.116167,1071.88985,-1.234463,19.595181,-12.507418,-10.477953,-10.63563,-0.485459,-15.883643
1997-06-25,1297.59,1321.165833,1074.4405,-1.800586,18.870864,-11.265782,-10.277018,-9.117107,-1.012647,-15.473301
1997-06-26,1284.45,1321.889667,1076.8786,-2.873167,17.626394,-15.792464,-11.775092,-15.141784,-2.661061,-14.608587
1997-06-27,1250.27,1322.1635,1079.1863,-5.590988,14.71522,-11.930587,-8.08015,-18.225597,-3.232902,-12.274149
1997-07-02,1199.06,1321.380667,1081.13195,-9.713923,10.352932,-6.745951,-1.651512,-7.716889,0.899872,-8.527513
1997-07-03,1150.62,1319.541667,1082.8612,-13.698353,6.069413,-2.683832,3.345068,-2.964545,5.14766,-4.676609
1997-07-04,1159.34,1317.590667,1084.6568,-12.795394,6.658725,-0.382846,2.846937,-4.382425,4.356789,-5.393586
1997-07-07,1096.81,1315.083167,1086.0808,-18.149394,0.983035,7.794422,9.019055,-1.168349,10.306252,1.171579
1997-07-08,1109.66,1312.130167,1087.5572,-16.759824,2.011958,7.835956,7.515472,-1.112814,9.028892,0.945335
1997-07-09,1120.84,1309.446,1089.15525,-15.552574,2.867601,6.056374,4.458209,-1.976872,7.941365,-0.061561
1997-07-10,1120.15,1306.8065,1090.7881,-15.412377,2.656214,6.65396,6.822542,-1.581879,8.007856,1.930099
1997-07-11,1154.91,1304.106333,1092.74045,-12.149559,5.53337,4.647397,4.332814,-1.751312,4.757081,-1.137751
1997-07-14,1185.72,1301.785833,1094.82285,-9.338685,7.975762,0.655674,-0.138408,-5.482748,2.03505,-3.706609
1997-07-15,1200.11,1299.658,1097.038,-7.968793,8.97994,0.675154,-4.543776,-5.950556,0.811592,-4.861221
1997-07-16,1190.82,1297.449,1099.0968,-8.575788,8.015339,0.672896,-6.120632,-6.148312,1.598058,-5.937085
1997-07-17,1197.22,1295.102167,1101.19145,-7.858738,8.360947,-1.940662,-2.461514,-6.853239,1.054944,-6.439919
1997-07-18,1209.85,1292.565167,1103.35835,-6.613236,9.213781,-3.275786,-5.678751,-7.202026,-0.133074,-7.416622
1997-07-21,1193.52,1289.699,1105.5222,-7.750193,7.658912,-4.432723,-5.060032,-3.688415,1.233327,-6.149876
1997-07-22,1208.24,1286.855667,1107.71795,-6.303702,8.686276,-4.660673,-6.438404,-2.663783,-0.181255,-7.293253
1997-07-23,1198.86,1283.832,1109.6846,-6.847825,7.729527,-1.634831,-4.628966,-0.963875,0.599736,-6.567906
1997-07-24,1174.21,1280.652667,1111.29575,-8.677426,5.50689,1.315603,-0.826942,1.492792,2.71161,-4.606501
1997-07-25,1170.86,1277.633833,1112.90045,-8.727128,5.07689,1.858173,0.082811,0.567201,3.005483,-4.333567
1997-07-28,1141.77,1273.717167,1114.4334,-10.935984,2.423358,5.001683,3.639486,2.729174,5.629855,-1.896179
1997-07-29,1153.22,1269.7085,1115.9262,-9.622932,3.28733,3.665035,3.478449,2.151469,4.581086,-2.870224
1997-07-30,1179.42,1265.216833,1117.4457,-7.022073,5.397734,-0.63623,1.605633,4.671193,2.257889,-5.027895
1997-07-31,1189.76,1260.329667,1119.0671,-5.762172,6.125621,0.793642,2.007847,-1.000143,2.02814,-5.853281
1997-08-01,1192.82,1255.285833,1120.71395,-5.104305,6.235431,1.103031,2.339908,-0.735415,2.367499,-6.094801
1997-08-04,1200.33,1251.871667,1122.3923,-4.204325,6.713413,-1.363042,2.430382,-2.146455,2.460157,-6.682329
1997-08-05,1196.27,1247.355833,1123.98565,-4.181759,6.23274,-4.223293,2.479312,-1.336349,2.807895,-6.36562
1997-08-06,1171.94,1241.881667,1125.4753,-5.796721,4.045506,-4.522467,5.711196,0.757402,5.877434,-4.421728
1997-08-07,1199.24,1237.464333,1126.95105,-3.137637,6.217222,-2.630096,4.2487,-1.219844,4.340249,-6.597512
1997-08-08,1206.05,1234.578167,1128.43185,-2.337879,6.652163,-5.364168,3.703223,-1.001642,3.772646,-7.124912
1997-08-11,1184.08,1230.685,1129.64835,-3.860482,4.705971,-4.26595,5.834475,-0.250296,6.00804,-5.401662
1997-08-12,1146.8,1227.866333,1130.6959,-6.830252,1.414217,-1.219474,7.086764,4.128788,9.454133,-2.326474
1997-08-13,1120.12,1224.124833,1131.6271,-8.879034,-1.022069,2.164562,11.452809,5.696496,12.134414,1.140949
1997-08-14,1168.11,1220.574833,1132.70605,-4.393486,3.077755,-0.30609,6.190742,1.57303,7.527544,-3.014271
1997-08-15,1143.06,1217.0445,1133.7217,-6.27165,0.820312,2.485775,5.582825,2.686115,9.883996,-0.888842
1997-08-18,1134.63,1215.368,1134.5729,-6.87403,0.005033,4.266794,3.859748,4.345305,10.700405,-0.152473
1997-08-19,1132.9,1213.345333,1135.35505,-6.860057,-0.21647,5.25618,4.683372,5.573087,10.86945,1.035396
1997-08-20,1144.63,1211.563333,1136.02405,-5.68301,0.754695,4.599768,1.98261,3.998889,9.733276,1.739427
1997-08-21,1164.54,1209.61,1136.8072,-3.797183,2.410253,4.150392,0.669265,1.601479,7.85718,0.258471
1997-08-22,1171.83,1207.968,1137.603,-3.037298,2.964321,4.11527,1.0771,0.831975,7.186196,-0.365241
1997-08-25,1184.09,1206.647167,1138.40915,-1.887103,3.934274,3.792579,-7.006177,-0.990456,6.076396,-6.766378
1997-08-26,1194.04,1205.128167,1139.2918,-0.924341,4.693567,2.665899,-13.623896,-3.017329,5.192456,-12.736592
1997-08-27,1198.51,1202.832,1140.4897,-0.359966,4.962139,3.469333,-7.671009,-6.334942,4.800127,-13.062052
1997-08-28,1213.89,1200.751,1141.6756,1.088288,6.133307,3.034494,-8.317461,-7.558493,3.472308,-14.163557
1997-08-29,1221.06,1198.415667,1143.12695,1.871893,6.595189,2.466345,-9.569271,-6.535454,2.864724,-14.667584
1997-09-01,1229.86,1196.242833,1144.5507,2.771467,7.188818,2.041051,-12.617787,-9.133309,2.128698,-15.278162
1997-09-02,1226.3,1195.426167,1146.0421,2.549876,6.768715,0.384159,-11.107599,-7.330663,2.425181,-15.032211
1997-09-03,1240.82,1194.857833,1147.67095,3.774524,7.803782,1.219146,-12.146277,-9.083286,1.226608,-16.026499
1997-09-04,1251.29,1195.017,1149.2867,4.601461,8.503353,-0.688054,-12.65312,-10.18158,0.379608,-16.729136
1997-09-05,1251.55,1195.536333,1150.9461,4.578788,8.379848,-3.484565,-9.787349,-10.878881,0.358755,-16.746434
1997-09-08,1255.22,1196.244,1152.5524,4.812421,8.533189,-6.240677,-11.178815,-9.991198,0.065327,-16.98985
1997-09-09,1231.02,1196.028167,1153.9925,2.883689,6.461543,-3.622865,-8.493543,-8.015373,2.032461,-15.357996
1997-09-10,1256.04,1195.937833,1155.5701,4.903324,8.33701,-7.305638,-11.480489,-9.749721,-1.061272,-17.044043
1997-09-11,1242.71,1195.884167,1157.0177,3.840868,7.144873,-5.827567,-10.582466,-7.912511,-2.737565,-16.154211
1997-09-12,1208.69,1195.484333,1158.30705,1.098573,4.257763,-2.01995,-7.1061,-4.298093,-1.776303,-13.794273
1997-09-15,1179.28,1194.626667,1159.18005,-1.292964,1.719118,-6.599131,-2.48813,-1.720848,0.673292,-11.644393
1997-09-16,1187.22,1192.893833,1160.0364,-0.476771,2.316306,-13.051088,-0.908751,-2.851893,-0.227422,-12.235306
1997-09-17,1167.55,1190.9615,1160.79955,-1.985343,0.57985,-5.053851,1.682482,0.040247,1.696715,-10.756713
1997-09-18,1172.36,1188.768833,1161.9575,-1.389937,0.891273,-4.836334,1.650469,0.207911,1.664165,-11.122863
1997-09-19,1184.52,1186.884333,1163.12095,-0.199404,1.823076,-6.5311,-0.59271,-3.260636,0.620505,-12.035255
1997-09-22,1103.97,1183.876333,1163.75805,-6.988131,-5.274169,-1.81903,6.095865,4.446003,7.962173,-5.617
1997-09-23,1041.96,1180.4045,1164.12995,-12.475362,-11.087043,5.182197,12.296917,10.797141,14.387309,4.041422
1997-09-24,1110.01,1178.920333,1164.7781,-6.023002,-4.816157,-1.005934,10.736569,5.177966,11.334132,-2.336916
1997-09-25,1117.01,1178.360167,1165.4,-5.346831,-4.24089,-1.301165,5.30947,4.741608,10.636431,-2.948944
1997-09-26,1109.63,1177.531667,1165.78345,-5.939381,-4.936672,2.248267,6.493948,5.268648,11.372259,-2.303471
1997-09-29,1084.07,1177.319333,1165.5312,-8.251763,-7.245447,3.480023,8.040949,8.586765,13.998174,1.22778
1997-09-30,1097.38,1177.114667,1165.4032,-7.014073,-6.01416,2.998214,7.291937,8.263154,12.615502,0.138512
1997-10-06,1098.9,1176.749,1165.0481,-6.844587,-5.845269,1.884935,7.192484,7.67824,12.459732,0.33397
1997-10-07,1102.57,1176.456,1164.50055,-6.486271,-5.464846,1.3826,7.184576,6.883626,12.0854,1.392202
1997-10-08,1134.86,1176.121833,1164.11045,-3.571315,-2.544794,-0.803317,5.082484,5.088347,8.896252,-1.492695
1997-10-09,1122.46,1175.0675,1163.4845,-4.580289,-3.589668,2.450007,5.094044,8.371333,10.099246,-0.404469
1997-10-10,1130.78,1173.912,1162.98715,-3.74341,-2.808416,3.961927,5.535567,8.704528,9.289163,-1.137268
1997-10-13,1119.81,1172.7285,1162.3617,-4.617406,-3.729486,5.857333,5.724176,10.522923,10.359793,-0.168779
1997-10-14,1117.92,1171.406833,1162.06565,-4.673563,-3.872934,6.405369,5.964754,10.134861,10.546372,0.703091
1997-10-15,1125.78,1170.005667,1162.1444,-3.853246,-3.179079,4.49344,4.20939,9.65546,9.774556,2.178045
1997-10-16,1150.3,1169.285333,1162.8958,-1.636996,-1.08905,1.984865,2.973687,6.451679,7.434582,2.004694
1997-10-17,1176.48,1168.756,1164.25035,0.658699,1.044953,0.154579,1.798466,-0.754231,5.04386,-0.265198
1997-10-20,1187.36,1168.564333,1165.3235,1.595643,1.873362,4.000236,0.333797,1.242917,4.081323,-1.179086
1997-10-21,1191.87,1168.858667,1166.77075,1.949573,2.128361,-1.177333,-0.718255,1.957442,3.687483,-1.553022
1997-10-22,1177.52,1168.969667,1168.2322,0.72878,0.791887,0.555557,0.347585,3.047721,4.951084,-0.353285
1997-10-23,1173.36,1169.496167,1169.58895,0.32984,0.321907,0.126054,-0.080144,3.332413,5.323174,-0.080112
1997-10-24,1178.3,1169.914167,1171.1526,0.714234,0.608433,0.177217,-1.69035,2.133573,4.881609,-1.676144
1997-10-27,1235.82,1170.854167,1172.85585,5.400118,5.229305,-4.55002,-9.400502,-2.924651,-3.074072,-8.97218
1997-10-28,1177.92,1170.656833,1174.1243,0.618518,0.322758,0.573941,-4.550502,2.225625,1.690268,-4.497759
1997-10-29,1184.08,1170.511167,1175.433,1.152555,0.732951,0.836804,-3.460131,3.226716,1.161239,-4.994595
1997-10-30,1174.84,1170.086333,1176.63615,0.405443,-0.152768,0.533117,-4.556472,6.044235,1.956862,-4.454224
1997-10-31,1180.39,1169.821667,1177.95305,0.899358,0.206666,1.241844,-3.515002,4.6448,1.477478,-4.903464
1997-11-03,1180.85,1169.970167,1179.26015,0.925627,0.134727,0.416627,-4.129493,5.709302,1.437947,-4.940509
1997-11-04,1184.7,1169.727833,1180.6856,1.271848,0.339429,0.162778,-4.713036,5.068156,1.108297,-5.24943
1997-11-05,1194.03,1169.5275,1182.2733,2.073432,0.989503,-1.676411,-6.174017,4.253205,0.31825,-5.989799
1997-11-06,1181.12,1169.478167,1183.68805,0.99055,-0.217189,0.329651,-3.906426,4.560329,1.414759,-4.962239
1997-11-07,1195.14,1170.283833,1185.18175,2.101702,0.836719,0.224825,-5.057397,3.563764,0.225078,-6.077112
1997-11-10,1185.78,1171.378167,1186.5758,1.221981,-0.067089,0.466954,-3.993408,3.647516,1.016209,-5.335728
1997-11-11,1186.63,1171.686833,1187.91695,1.267291,-0.108395,-0.277641,-3.294799,3.799218,0.943849,-5.403538
1997-11-12,1174.18,1172.2055,1189.14025,0.168301,-1.266054,0.631635,-1.401383,4.320312,2.014172,-4.400518
1997-11-13,1185.02,1173.045333,1190.5261,1.015644,-0.463566,-1.068966,-2.206405,1.970301,1.080994,-5.275016
1997-11-14,1197.83,1174.1275,1191.9317,1.998627,0.493632,-3.334236,-3.741608,0.862834,-0.542648,-6.288038
1997-11-17,1191.33,1174.905833,1193.31335,1.388233,-0.166344,-5.734063,-1.976032,0.279967,-0.670679,-5.776737
1997-11-18,1183.34,1175.219167,1194.6308,0.688629,-0.949624,-5.00958,-0.724303,1.952355,-0.145351,-5.140534
1997-11-19,1181.62,1175.382333,1195.8725,0.529289,-1.198967,-3.252158,-3.015511,2.086209,-0.577174,-5.002454
1997-11-20,1172.42,1175.187833,1197.08905,-0.2358,-2.082283,-4.350274,-1.569718,1.345373,0.202999,-4.257007
1997-11-21,1158.55,1174.596333,1198.16965,-1.375532,-3.362588,-1.647435,0.190574,3.663457,1.402615,-3.110785
1997-11-24,1124.94,1173.370167,1199.06535,-4.215039,-6.381268,0.720989,3.841898,7.557301,4.432236,-0.216012
1997-11-25,1125.52,1171.897333,1199.9234,-4.037894,-6.401257,0.411406,3.98264,7.034008,4.378421,-0.267432
1997-11-26,1143.81,1170.609833,1200.8472,-2.316004,-4.866251,-1.877082,2.234831,5.331737,2.709366,-1.862197
1997-11-27,1122.51,1168.820667,1201.6782,-4.042801,-6.815183,1.183163,5.102288,6.744574,5.234697,0.002673
1997-11-28,1139.62,1167.376,1202.5658,-2.406362,-5.376257,-0.300551,4.486219,5.148501,4.588372,-1.498745
1997-12-01,1133.08,1165.580333,1203.43035,-2.827951,-6.023652,0.552711,4.615249,4.903893,5.192043,-0.930208
1997-12-02,1130.16,1163.5615,1204.25745,-2.912634,-6.350394,1.581015,4.412086,4.228196,5.463828,-0.674241
1997-12-03,1122.54,1161.411333,1204.95815,-3.404196,-7.085086,3.096223,6.179879,5.411504,6.374829,1.187486
1997-12-04,1135.87,1159.422167,1206.1633,-2.052287,-6.004562,2.029673,7.183715,4.52763,7.448035,0.029053
1997-12-05,1136.2,1157.841833,1207.03085,-1.886842,-6.047414,1.540615,8.226358,5.698775,8.574195,0.27812
1997-12-08,1139.36,1155.897167,1207.90225,-1.441011,-5.841848,2.484331,8.792156,4.675856,9.190247,0.628423
1997-12-09,1148.17,1154.3215,1208.55745,-0.534335,-5.125809,2.292855,7.464906,3.469931,8.352422,-0.143707
1997-12-10,1157.84,1153.474,1209.29885,0.377794,-4.348453,-0.982493,6.847453,2.529406,7.447488,-0.977683
1997-12-11,1159.16,1153.138667,1210.0049,0.52081,-4.29288,-0.43228,5.684396,1.770018,7.325132,-1.090445
1997-12-12,1153.84,1152.582333,1210.61655,0.109058,-4.803426,0.597945,1.188911,3.422188,7.819975,-0.634403
1997-12-15,1168.02,1152.590167,1211.33015,1.329828,-3.640905,0.083867,2.885152,1.994497,6.511019,-1.840722
1997-12-16,1174.8,1152.630833,1212.00405,1.905091,-3.117731,-0.302637,3.4,1.189694,5.896323,-2.407218
1997-12-17,1146.52,1151.9975,1212.42145,-0.476612,-5.588829,1.998184,5.715648,6.503337,8.508356,0.666364
1997-12-18,1154.16,1152.834,1212.85145,0.114955,-4.960135,2.321732,4.982275,7.931464,7.790081,0.571844
1997-12-19,1160.76,1154.814,1213.3949,0.513567,-4.434717,2.64821,3.633349,6.846089,7.177194,0.592715
1997-12-22,1169,1155.797167,1213.8488,1.135839,-3.764746,1.494339,2.633953,7.095502,6.421728,-0.116339
1997-12-23,1171.25,1156.701167,1214.31645,1.249942,-3.610977,0.840852,2.793487,8.016551,6.217289,-0.308218
1997-12-24,1169.66,1157.701667,1214.6664,1.027639,-3.775636,2.067966,4.452016,9.488572,6.361678,-0.1727
1997-12-25,1181.27,1159.321667,1215.0241,1.875507,-2.817378,3.26459,5.498419,10.066217,5.652391,-1.153843
1997-12-26,1191.91,1160.897167,1215.35285,2.636394,-1.947738,3.439587,3.673583,8.921967,4.709248,-2.036228
1997-12-29,1186.6,1162.358833,1215.69945,2.064066,-2.422752,4.729619,5.223546,10.865107,5.36238,-1.597843
1997-12-30,1181.14,1163.668333,1215.97615,1.49027,-2.90671,4.633836,5.369106,9.374344,5.849434,-1.142964
1997-12-31,1194.1,1164.655667,1216.1543,2.496729,-1.83009,3.763797,4.247342,9.378638,4.700611,-2.215895
1998-01-05,1220.47,1166.289167,1216.4435,4.540897,0.330459,0.530353,1.28304,7.716768,2.438405,-4.32866
1998-01-06,1233.62,1168.003167,1216.8053,5.465734,1.372412,-5.496832,0.394803,6.290987,1.346444,-5.348487
1998-01-07,1244.07,1170.074167,1217.4221,6.132113,2.165267,-3.422673,-1.151231,6.279776,0.495149,-6.143545
1998-01-08,1237.16,1172.0615,1217.7721,5.405427,1.579539,-1.772051,-0.37089,6.196076,1.056452,-5.619322
1998-01-09,1239.9,1173.9635,1218.01295,5.46451,1.780993,-2.114299,-1.125758,4.587093,0.833132,-5.827889
1998-01-12,1226.96,1175.241167,1218.15855,4.306619,0.719923,-1.134401,-1.50769,5.474303,1.896557,-4.834713
1998-01-13,1167.64,1175.093833,1217.92025,-0.636338,-4.216007,3.042384,3.415531,11.098851,7.073242,2.788531
1998-01-14,1202.21,1175.341333,1217.86005,2.260293,-1.293373,-0.167332,-0.629153,10.265517,3.99431,-0.627178
1998-01-15,1215.43,1175.734,1217.9239,3.320529,-0.204976,-0.90915,-0.723342,8.597486,2.863184,-1.708037
1998-01-16,1213.96,1176.341333,1217.82065,3.147869,-0.317517,0.734552,-0.613927,8.007059,2.987743,-1.589014
1998-01-19,1213.12,1177.004,1217.68115,3.022333,-0.37528,2.837877,-2.067184,7.711399,3.059054,-2.045964
1998-01-20,1203.71,1177.4275,1217.5305,2.207648,-1.141617,2.688444,-0.160466,10.201609,3.864718,-1.280209
1998-01-21,1200.2,1176.833833,1217.30135,1.966057,-1.414819,4.083932,1.08145,10.456116,4.168472,-0.991501
1998-01-22,1204.43,1177.275667,1217.0187,2.280341,-1.039775,3.416471,0.257881,10.922706,3.802629,-1.339223
1998-01-23,1222.91,1177.922833,1216.75125,3.748069,0.504887,1.863292,-1.35511,10.103196,2.234016,-2.830135
1998-02-09,1248.04,1179.142833,1216.75515,5.678656,2.538672,-0.950789,-3.856134,8.03952,0.175475,-4.786706
1998-02-10,1236.51,1180.078167,1216.5035,4.671222,1.631213,0.160807,-3.011302,8.663323,1.109575,-3.898877
1998-02-11,1250.23,1181.2345,1216.3452,5.676746,2.747691,-1.645159,-4.934902,6.024862,-0.315142,-4.953489
1998-02-12,1246.29,1182.261,1216.18405,5.274243,2.445301,-1.10616,-5.552996,8.553993,-0.03049,-5.401632
1998-02-13,1245.91,1183.125667,1215.829,5.170638,2.444004,-1.609304,-5.015717,8.364002,-0.594746,-5.37278
1998-02-16,1236.23,1184.044167,1215.3854,4.313059,1.70052,-2.260376,-3.939125,8.777146,0.183623,-4.631824
1998-02-17,1238.5,1184.766833,1214.939,4.435498,1.92071,-2.476104,-2.922386,10.036948,-0.477998,-4.806621
1998-02-18,1229.83,1185.501,1214.47135,3.671048,1.256707,-2.900595,-2.965069,10.583039,0.223608,-4.135531
1998-02-19,1232.58,1186.266833,1213.9441,3.829827,1.523489,-2.124503,-3.624085,10.429876,-0.532217,-4.349413
1998-02-20,1226.02,1187.130833,1213.26385,3.223382,1.045903,-1.602468,-3.192289,10.970824,-1.041582,-3.837621
1998-02-23,1208.6,1187.523833,1212.4794,1.759234,-0.320469,-1.693895,-2.406688,11.970444,0.384743,-2.451597
1998-02-24,1208.21,1187.696833,1211.62625,1.712393,-0.282354,-0.533613,-1.182254,11.645328,0.417146,-2.420109
1998-02-25,1194.67,1187.7525,1210.6982,0.580713,-1.332722,1.543271,-0.261502,13.449249,1.555241,-1.31417
1998-02-26,1206.67,1188.141333,1209.9067,1.547432,-0.267875,0.072073,-1.486963,13.117815,0.545302,-2.295574
1998-02-27,1206.53,1188.5565,1209.1794,1.500893,-0.219348,-0.006631,1.401617,14.109474,1.411486,-2.284237
1998-03-02,1188.3,1188.821167,1208.23705,-0.043849,-1.66386,1.048927,5.016373,15.707495,5.144324,-0.785155
1998-03-03,1201.78,1189.541667,1207.27725,1.023571,-0.456383,-0.162391,3.373207,15.233982,3.964952,-1.898018
1998-03-04,1213.25,1191.0135,1206.0989,1.849808,0.591161,-1.932419,3.380099,14.166125,3.437873,-2.825469
1998-03-05,1207.54,1192.3805,1204.72165,1.26335,0.233669,-2.394406,4.965184,15.585517,5.090515,-2.365967
1998-03-06,1206.45,1193.4245,1203.27665,1.085526,0.263379,-1.797314,6.391667,15.985011,6.600356,-2.277757
1998-03-09,1200.83,1194.729833,1202.2549,0.509291,-0.118589,-1.03378,8.423931,16.275873,8.788921,-1.820408
1998-03-10,1199.83,1195.733333,1200.91795,0.342021,-0.090634,0.249723,8.259686,16.847699,8.879591,-1.73858
1998-03-11,1190.03,1196.6825,1199.36615,-0.557463,-0.781469,0.324674,10.576463,16.698363,11.156021,-0.929388
1998-03-12,1178.97,1197.496,1197.9396,-1.559153,-1.596191,0.822751,9.558234,17.796223,12.198784,0.07549
1998-03-13,1184.96,1198.536333,1196.9683,-1.139207,-1.008292,0.214124,10.147013,16.942396,11.631616,-0.430394
1998-03-16,1188.48,1199.413167,1195.82235,-0.915723,-0.615893,-0.727939,10.372853,14.188005,11.300989,-0.725296
1998-03-17,1202.83,1200.523667,1195.2569,0.191926,0.631597,-0.735972,8.818569,12.888467,9.973147,-1.909663
1998-03-18,1193.9,1201.432667,1194.50335,-0.628947,-0.050523,-0.197028,10.396076,12.115192,10.955691,-1.175978
1998-03-19,1188.71,1202.108333,1193.54135,-1.120827,-0.405613,0.012618,10.19105,15.166109,11.440133,-0.744505
1998-03-20,1187.5,1202.602667,1192.70445,-1.263784,-0.437312,2.991439,8.90514,13.955322,11.553684,-0.643368
1998-03-23,1179.86,1202.947667,1192.42765,-1.937915,-1.059548,5.729166,9.388681,13.36564,12.276033,0.762802
1998-03-24,1194.01,1203.617167,1192.1264,-0.801394,0.157879,4.021847,8.865574,12.200171,10.945469,-0.43132
1998-03-25,1191.55,1204.009333,1191.8264,-1.040212,-0.023194,5.184872,11.156172,14.005199,11.802274,-0.225756
1998-03-26,1188.86,1204.243667,1191.362,-1.285684,-0.210233,6.52422,10.807791,15.83715,12.055246,2.918763
1998-03-27,1223.56,1205.527667,1191.12805,1.484727,2.686384,4.983419,7.219369,13.42432,8.877374,1.589624
1998-03-30,1249.43,1207.1155,1191.0585,3.445382,4.784504,4.456485,4.762209,11.231943,6.62302,-0.513834
1998-03-31,1243.01,1208.486333,1190.84765,2.816725,4.287049,4.724088,6.988868,12.017846,7.23888,0.961376
1998-04-01,1254.96,1209.919,1190.44105,3.655028,5.277983,5.263944,5.994567,9.644973,6.217728,1.119558
1998-04-02,1269.01,1211.548333,1190.09235,4.633791,6.420616,2.198644,5.699642,8.790341,5.865202,1.345143
1998-04-03,1286.08,1213.488667,1189.71685,5.809943,7.788349,1.958031,5.066639,5.693679,5.197188,0.771336
1998-04-06,1306.37,1215.573667,1189.44755,7.203618,9.376334,0.915141,3.471722,2.482012,3.563309,-0.793803
1998-04-07,1303.14,1217.4275,1189.58675,6.803671,9.117076,0.808607,3.414938,1.015439,3.820004,-0.547907
1998-04-08,1322.79,1219.697333,1189.8261,8.11404,10.593598,0.144288,0.383301,0.667563,2.277761,-2.025265
1998-04-09,1297.22,1221.632,1190.1035,6.003584,8.618324,1.455567,4.548756,2.879766,4.653798,-0.094047
1998-04-10,1311.51,1223.588833,1190.5591,6.939094,9.675612,-1.027749,3.232706,0.287043,3.513507,-1.182606
1998-04-13,1318.38,1225.220667,1191.0872,7.328275,10.153721,-1.712111,2.343418,0.455582,2.974105,-1.697538
1998-04-14,1313.72,1226.555667,1191.43595,6.865284,9.770355,-0.688968,4.140764,1.904532,4.227689,-1.348841
1998-04-15,1324.7,1227.8995,1191.75215,7.588103,10.57614,0.563068,3.152032,1.389114,3.36378,-2.166528
1998-04-16,1316.24,1229.2175,1192.1037,6.84014,9.905963,0.629359,3.862911,3.315394,4.028141,-1.537713
1998-04-17,1298.1,1230.1875,1192.4308,5.373506,8.490774,1.305667,5.257973,4.570766,5.481858,-0.161775
1998-04-20,1296,1231.338167,1192.7571,5.118108,8.301508,1.102694,4.988451,3.080907,5.652778,0.671296
1998-04-21,1304.7,1233.6225,1192.82465,5.601817,8.964898,2.145141,3.962008,2.330267,4.948264,0.434583
1998-04-22,1332.18,1235.788667,1193.0681,7.510734,11.028847,0.023267,2.554579,-0.492888,2.783408,-1.637166
1998-04-23,1324.55,1237.607333,1193.17125,6.789283,10.44581,1.416071,3.796987,-0.745667,3.869994,-1.070552
1998-04-24,1315.16,1239.294,1193.2591,5.941647,9.727003,2.830689,5.488488,-2.159001,5.641899,-0.364214
1998-04-27,1310.37,1240.914833,1193.3887,5.446066,9.351263,3.165998,5.928913,0.201267,6.108198,1.335501
1998-04-28,1332.99,1243.0695,1193.8023,6.984082,11.028112,1.150158,4.871907,-2.572203,4.992536,-0.384099
1998-04-29,1332.49,1245.274333,1194.46945,6.769352,10.934726,-0.347322,4.791458,-1.224739,5.031933,-0.346719
1998-04-30,1343.44,1247.591167,1195.43355,7.401886,11.672457,1.047758,4.920692,-1.244839,5.043768,-1.158965
1998-05-04,1352.92,1249.758,1196.40145,7.931529,12.294696,0.124099,4.526706,-2.320269,4.630725,-1.851551
1998-05-05,1352.52,1251.499333,1197.68,7.762722,12.158317,-0.213163,4.38022,-2.589961,4.661669,-1.822524
1998-05-06,1348.41,1253.364333,1198.87375,7.309472,11.754355,1.534433,5.173075,-2.741916,5.309216,-1.523276
1998-05-07,1327.87,1254.658333,1199.9089,5.671286,10.133052,2.913018,5.738599,-0.951138,6.938179,1.639468
1998-05-08,1357.59,1256.513333,1201.0961,7.737038,12.247651,0.769723,3.689233,-3.042299,4.597117,-0.585597
1998-05-11,1354.6,1258.324833,1202.09455,7.372487,11.944071,0.997518,3.562677,-3.985815,4.827994,-0.36616
1998-05-12,1349.64,1260.215,1202.91415,6.855555,11.509082,0.932922,1.471734,-4.252482,5.213242,0.577191
1998-05-13,1369.26,1262.394333,1203.7599,8.126027,12.882054,-0.867724,-0.070866,-4.619942,3.705651,-0.86397
1998-05-14,1367.12,1264.6825,1204.6414,7.788523,12.652441,-0.034385,-1.432916,-5.48445,3.867985,-1.422699
1998-05-15,1368.08,1266.940833,1205.4957,7.68031,12.651745,0.563435,1.112148,-7.35571,3.7951,-1.491872
1998-05-18,1368.18,1269.310167,1206.28735,7.500781,12.593405,1.536182,-0.207791,-10.275056,3.787513,-1.499072
1998-05-19,1362.29,1271.871667,1207.1312,6.867754,12.092047,2.043156,-1.011492,-12.047422,4.236249,-1.073193
1998-05-20,1357.43,1274.358667,1207.87715,6.315016,11.672881,3.055041,-0.627411,-13.117782,4.609446,-0.719006
1998-05-21,1366.65,1277.225,1208.7161,6.767273,12.280377,2.260147,0.294448,-12.656365,3.903706,-1.388797
1998-05-22,1375.81,1280.044,1209.7241,7.21482,12.865033,2.539776,1.232372,-16.373264,3.211926,-2.045341
1998-05-25,1389.36,1283.091167,1210.8166,7.957107,13.75482,1.868907,0.716463,-26.080146,2.205332,-3.000662
1998-05-26,1390.41,1286.459667,1212.0598,7.770467,13.727744,1.617305,0.540821,-26.07258,2.128149,-3.073913
1998-05-27,1399.54,1289.755667,1213.2914,8.169082,14.280678,1.451326,0.157071,-21.740104,1.461909,-3.706218
1998-05-28,1397.89,1292.833,1214.38375,7.812802,14.072721,0.599819,-1.141052,-19.528897,1.58167,-3.592557
1998-05-29,1411.2,1296.227333,1215.49095,8.498241,14.929234,-0.1837,-1.829993,-18.094495,0.623583,-4.501842
1998-06-01,1415.57,1299.712667,1216.6047,8.538906,15.146833,-0.83993,-3.899666,-18.324741,0.312948,-4.796654
1998-06-02,1413.08,1303.250167,1217.66845,8.091045,14.88338,-3.121649,-5.36993,-18.105421,0.48971,-5.228296
1998-06-03,1420,1306.919667,1218.7871,8.29839,15.280069,-3.709509,-7.572575,-20.199552,-0.802113,-7.292958
1998-06-04,1406.3,1310.524167,1219.9589,7.053496,14.214497,-4.258497,-5.454337,-20.537412,0.164261,-6.389817
1998-06-05,1408.61,1314.3515,1221.00575,6.926001,14.29285,-1.807362,-5.358223,-22.063359,-0.346441,-6.54333
1998-06-08,1403.73,1317.997667,1221.99415,6.301931,13.864891,-2.77295,-6.508341,-19.917975,-0.141765,-6.301069
1998-06-09,1369.65,1321.017167,1222.922,3.615321,11.331216,-1.550305,-3.359571,-18.079387,2.342934,-3.969627
1998-06-10,1368.29,1323.774833,1224.02945,3.307441,11.141354,-1.424269,-2.165365,-18.526532,2.444657,-3.874179
1998-06-11,1347.67,1326.337667,1225.1672,1.595567,9.529985,1.692979,-0.330001,-16.10617,4.01211,-2.403407
1998-06-12,1383.38,1329.582167,1226.24355,3.966505,12.057431,0.683659,-1.659665,-17.307989,1.327184,-4.922725
1998-06-15,1365.34,1332.546167,1227.35495,2.431196,10.654208,2.460436,-0.479417,-14.727135,2.666003,-3.666486
1998-06-16,1348.58,1335.358167,1228.4247,0.985264,9.331957,3.595469,-0.896052,-14.411039,3.941924,-2.469264
1998-06-17,1348.94,1337.940333,1229.5049,0.818773,9.270753,3.839522,-1.00433,-12.479453,3.914184,-2.495293
1998-06-18,1370.68,1340.925833,1230.63515,2.194667,10.777655,0.824647,-3.341915,-12.165814,2.266029,-4.041789
1998-06-19,1392.87,1344.326,1231.7768,3.547359,12.290869,-0.522589,-5.775026,-13.41562,0.636815,-5.611435
1998-06-22,1399.35,1347.255833,1232.9144,3.793804,12.662705,-2.747223,-8.363953,-12.12191,0.170794,-8.023725
1998-06-23,1397.95,1349.731167,1233.9837,3.510144,12.475916,-4.293446,-6.268467,-12.789515,0.271111,-7.931614
1998-06-24,1401.74,1352.376667,1235.0222,3.585078,12.662538,-6.27832,-7.601181,-11.286822,-1.150713,-8.180547
1998-06-25,1382.03,1354.4945,1235.9398,2.012511,11.172178,-3.713466,-4.875145,-11.353565,0.259039,-6.871052
1998-06-26,1385.61,1356.437833,1236.7984,2.127845,11.361437,-3.71193,-4.335537,-13.800253,-1.74508,-7.111669
1998-06-29,1361.43,1357.693667,1237.50025,0.274819,9.54422,-3.448605,-2.947309,-10.774402,-0.060231,-5.461904
1998-06-30,1339.2,1358.240833,1238.04695,-1.411794,7.853732,-1.111289,-1.600251,-9.106814,1.598716,-3.892622
1998-07-01,1316.44,1358.4625,1238.49765,-3.142242,6.103205,1.697701,-0.342417,-6.803078,3.355261,-2.231017
1998-07-02,1331.65,1358.610167,1238.9518,-2.004347,7.215308,0.865839,-1.2354,-10.488086,2.174746,-3.347727
1998-07-03,1335.12,1359.241833,1239.37095,-1.790589,7.441722,1.891195,-1.373309,-8.888426,1.909192,-3.598927
1998-07-06,1315.28,1359.304667,1239.6896,-3.292372,5.918855,3.255975,-1.040152,-6.686468,3.446414,-2.14479
1998-07-07,1324.4,1359.405,1240.0355,-2.608758,6.581952,0.913214,-2.364646,-7.253172,2.734068,-2.818635
1998-07-08,1338.98,1359.826,1240.5753,-1.544862,7.633291,-0.263233,-2.38371,-7.446882,1.615409,-3.876832
1998-07-09,1343.23,1360.134833,1241.01125,-1.250668,7.915059,-1.318934,-3.721533,-8.419244,1.293896,-4.180967
1998-07-10,1360.61,1360.874333,1241.60075,-0.019426,9.153165,-3.431702,-6.808193,-11.117462,-0.132294,-6.581607
1998-07-13,1358.81,1361.886167,1242.35135,-0.226131,8.960348,-5.4241,-9.587849,-11.286986,-1.638198,-9.142559
1998-07-14,1336.55,1362.562,1243.1377,-1.927508,7.245308,-1.776946,-10.139878,-8.412683,-0.081553,-9.642737
1998-07-15,1335.46,1363.074667,1243.8789,-2.046713,7.104116,-2.757329,-11.486042,-7.66433,-0.646968,-10.850943
1998-07-16,1325.63,1362.9655,1244.6693,-2.777502,6.301795,-0.708584,-9.608898,-6.103489,0.089769,-10.189872
1998-07-17,1314.71,1362.8015,1245.38105,-3.59264,5.417456,0.916899,-11.83061,-5.523588,0.921116,-11.157594
1998-07-20,1287.07,1362.333333,1245.8938,-5.68306,3.251513,2.669421,-18.432656,-3.678124,3.08841,-16.833583
1998-07-21,1313.01,1362.377333,1246.939,-3.6909,5.163046,0.37477,-20.344935,-4.533804,1.051782,-18.47663
1998-07-22,1299.14,1361.813167,1248.2249,-4.711452,3.998005,0.980445,-14.295993,-3.734369,2.13064,-17.606263
1998-07-23,1316.27,1361.542833,1249.2562,-3.381651,5.225364,-0.07372,-13.5127,-5.467899,0.801507,-18.678539
1998-07-24,1326.82,1361.265833,1250.30525,-2.562992,5.939738,-0.749702,-11.928965,-6.474254,-0.371565,-19.325153
1998-07-27,1321.89,1360.748667,1251.36655,-2.897251,5.482634,-1.541448,-11.477766,-9.024545,-0.298815,-19.024276
1998-07-28,1317.94,1360.172333,1252.5359,-3.15415,5.08997,-1.875684,-11.13524,-8.042912,-0.078152,-18.781583
1998-07-29,1311.94,1359.5645,1253.6087,-3.565747,4.548061,-0.343593,-12.28456,-7.477309,0.378828,-18.410141
1998-07-30,1315.3,1359.355,1254.6907,-3.294555,4.717569,-1.620294,-13.847675,-8.488347,0.122406,-18.618566
1998-07-31,1316.91,1358.677,1255.7624,-3.122335,4.754521,-3.543689,-15.331827,-7.908006,-0.719108,-18.71806
1998-08-03,1301.67,1357.794833,1256.59645,-4.221388,3.524122,-5.291722,-12.369483,-5.995647,0.443277,-17.766408
1998-08-04,1293.45,1356.858333,1257.4514,-4.785891,2.822609,-6.862018,-12.35517,-6.112148,1.081603,-17.243805
1998-08-05,1307.44,1355.828,1258.3347,-3.634131,3.828185,-9.365564,-13.977456,-7.142752,-1.015725,-18.129321
1998-08-06,1294.16,1354.612,1259.20645,-4.565323,2.738012,-7.2063,-12.054636,-5.617075,-1.784942,-17.289207
1998-08-07,1271.06,1352.995,1259.97215,-6.246946,0.876158,-8.454119,-8.84013,-2.72672,-2.870045,-15.786037
1998-08-10,1234.58,1350.768333,1260.51615,-8.994274,-2.079045,-14.268908,-4.65987,0.09877,-2.179689,-13.29764
1998-08-11,1207.67,1348.191333,1260.803,-11.007106,-4.305594,-11.982002,-3.375109,3.706325,-0.288986,-11.365688
1998-08-12,1190.55,1345.41,1260.87335,-12.228341,-5.738923,-5.567281,0.010919,5.650584,1.144849,-10.091134
1998-08-13,1204.18,1342.702167,1260.95745,-10.888529,-4.607248,-4.612386,0.784999,6.349577,0.788088,-11.108804
1998-08-14,1168.02,1339.239,1260.8382,-13.679153,-7.646673,0.818544,4.190016,9.665421,4.279036,-8.356877
1998-08-17,1070.41,1333.923167,1260.30265,-22.00826,-16.331014,9.624312,14.674699,18.364261,15.806093,0.083146
1998-08-18,1071.3,1328.604667,1259.79235,-21.52564,-16.207404,9.584465,13.823886,18.031263,15.709885,5.113414
1998-08-19,1126.08,1324.047,1259.53125,-16.195038,-11.199705,2.991878,10.610353,13.006872,11.193698,0.323245
1998-08-20,1149.9,1319.913833,1259.10165,-13.789147,-9.072351,-0.408696,7.03428,11.786227,8.890338,-1.754935
1998-08-21,1177.62,1316.020833,1259.10015,-11.111721,-6.690185,-4.152564,2.464249,9.160403,6.327168,-4.067526
1998-08-24,1178.55,1312.0705,1259.0725,-10.732155,-6.609047,-2.433164,3.650673,8.686288,6.243265,-4.143227
1998-08-25,1179.06,1308.170167,1259.0936,-10.391183,-6.567459,-3.095614,3.628677,7.869915,6.19731,-4.184689
1998-08-26,1160.28,1303.8415,1258.99305,-11.665355,-8.165088,-2.036489,5.823899,9.457498,7.916193,-2.633847
1998-08-27,1145.21,1299.49,1258.81485,-12.638385,-9.458266,0.172745,4.594989,10.640083,9.336279,-1.35259
1998-08-28,1129.72,1294.841833,1258.53995,-13.641874,-10.798246,2.948008,7.81671,12.403834,10.835428,0.634671
1998-08-31,1150.22,1290.616667,1258.3209,-11.516691,-8.982498,2.41789,6.723166,9.420939,8.860044,-1.158909
1998-09-01,1143.12,1286.841167,1258.1309,-11.842914,-9.586584,2.118043,7.466644,9.162766,9.536182,-0.545
1998-09-02,1136.89,1282.9845,1257.83965,-12.089254,-10.109922,4.622811,8.914285,9.090332,10.136425,0.90598
1998-09-03,1147.19,1279.643167,1257.6467,-10.926579,-9.19268,5.633335,7.356924,8.375393,9.147569,1.423478
1998-09-04,1163.52,1275.978833,1257.53115,-9.22637,-7.77005,4.576028,4.530861,5.909462,7.615683,0.349801
1998-09-07,1178.37,1272.862667,1257.5521,-7.71363,-6.503493,5.065662,2.960733,4.852463,6.259494,-0.914823
1998-09-08,1167.59,1269.846167,1257.46495,-8.395397,-7.415595,5.216993,5.102304,5.410283,7.240555,1.977578
1998-09-09,1190.68,1267.2085,1257.4292,-6.229188,-5.454475,5.032153,3.810793,2.366213,5.160916,0.7038
1998-09-10,1213.67,1264.591667,1257.5409,-4.110045,-3.550932,1.636896,2.72041,-0.34087,3.168901,-1.203787
1998-09-11,1218,1261.677167,1257.7142,-3.523175,-3.208578,-0.907223,2.117006,0.430108,2.802135,-1.555008
1998-09-14,1239.6,1259.014667,1258.0041,-1.554066,-1.473767,-1.399715,0.079833,-1.259921,1.01081,-3.27041
1998-09-15,1230.12,1256.2175,1258.2926,-2.09935,-2.2644,-0.610745,1.987244,-2.093926,2.007121,-2.524957
1998-09-16,1252.13,1253.724,1258.7605,-0.127222,-0.528141,-1.794576,-0.048729,-3.075244,0.214035,-4.238378
1998-09-17,1233.7,1251.251833,1259.3043,-1.412673,-2.054164,-2.847987,1.010521,-3.079268,1.711113,-2.807814
1998-09-18,1207,1248.275,1259.7117,-3.362466,-4.274494,1.199897,2.990462,-1.012566,3.96106,-0.657829
1998-09-21,1222.37,1245.957333,1260.1045,-1.911258,-3.040306,0.639329,-1.197452,-3.26873,2.653861,-1.906951
1998-09-22,1222.63,1244.0145,1260.6051,-1.733937,-3.058757,0.742353,-0.536348,-5.250669,2.632031,-1.927811
1998-09-23,1229.86,1242.5715,1261.0563,-1.028268,-2.504936,1.053897,-1.016648,-6.200378,2.028686,-2.50435
1998-09-24,1199.06,1240.361667,1261.3862,-3.386509,-5.067336,2.93468,0.764339,-3.793986,4.649475,0.730572
1998-09-25,1221.57,1238.469167,1261.84325,-1.373916,-3.243663,-0.337841,-0.392889,-2.958434,2.721088,-1.125601
1998-09-28,1230.21,1237.051333,1262.3816,-0.55457,-2.581521,-1.344543,-0.34933,-4.803814,1.999659,-1.820014
1998-09-29,1231.74,1235.507,1262.86095,-0.305361,-2.495194,-0.246297,-1.223622,-5.229623,1.87296,-1.941968
1998-09-30,1242.89,1233.9055,1263.3944,0.725497,-1.636275,-0.480681,-2.079581,-5.709926,0.959055,-2.82165
1998-10-05,1234.77,1232.097833,1263.87145,0.216645,-2.329487,0.996821,-0.919363,-6.252506,1.622974,-2.182593
1998-10-06,1217.45,1229.711833,1264.21785,-1.002135,-3.769512,2.162172,1.582549,-6.334712,3.068709,-0.790998
1998-10-07,1213.78,1227.294667,1264.49755,-1.107283,-4.093539,2.184762,1.797908,-5.54917,3.380349,-0.491028
1998-10-08,1228.71,1225.497333,1264.8453,0.261809,-2.898498,2.101933,1.97913,-6.907659,2.124179,-1.700157
1998-10-09,1236.93,1223.855167,1265.26075,1.062665,-2.264572,1.172631,1.828872,-9.412973,1.845699,-2.353407
1998-10-12,1247.14,1222.547,1265.65635,1.991654,-1.473791,-0.072994,2.844168,-10.755996,2.885001,-3.152814
1998-10-13,1244.06,1221.3695,1266.00265,1.840745,-1.748419,-0.033766,3.358399,-9.387318,3.41543,-2.913043
1998-10-14,1240.59,1220.594833,1266.473,1.624876,-2.06488,-2.676999,3.609729,-8.656081,3.704689,-2.641485
1998-10-15,1254.81,1219.624833,1266.97625,2.844087,-0.964899,-3.134337,2.220133,-7.099803,2.529467,-3.74479
1998-10-16,1251.52,1218.831167,1267.43005,2.646647,-1.263245,-2.762495,2.445249,-6.495623,2.798996,-3.491754
1998-10-19,1246.23,1217.663833,1267.8162,2.318886,-1.71729,-3.094169,3.741425,-7.268623,3.812298,-3.082096
1998-10-20,1243.64,1216.2775,1268.17815,2.22476,-1.953878,-2.183454,3.705691,-7.989061,4.028497,-2.880255
1998-10-21,1207.82,1214.376333,1268.36895,-0.541356,-4.89147,1.48745,6.233067,-5.022974,7.113643,0.036429
1998-10-22,1216.09,1212.678833,1268.54305,0.280897,-4.222824,0.055079,4.777586,-6.698376,6.385218,-0.643867
1998-10-23,1217.42,1211.1035,1268.6706,0.520194,-4.123572,-0.009036,4.650247,-5.427123,6.268995,-0.752411
1998-10-26,1208.26,1209.3195,1268.7789,-0.08765,-4.887363,1.250978,5.280755,-4.201208,7.074636,0.703491
1998-10-27,1216.78,1207.650667,1268.9571,0.753115,-4.198736,1.637597,4.980013,-5.525549,6.32489,-0.001644
1998-10-28,1225.92,1206.388167,1269.1162,1.606067,-3.462917,0.802695,3.047104,-5.657415,5.532172,-0.747194
1998-10-29,1216.76,1205.11,1269.09765,0.962074,-4.211455,2.956455,2.919744,-4.574777,6.326638,0.045202
1998-10-30,1217.31,1203.607833,1269.0161,1.131993,-4.159837,3.427772,2.255628,-5.851768,6.278598,0.506034
1998-11-02,1223.47,1202.429667,1268.9131,1.734685,-3.646962,4.760353,1.937832,-7.223423,5.7435,1.007789
1998-11-03,1236.87,1201.859833,1268.91165,2.871378,-2.557557,3.938022,-0.203948,-7.587889,4.597896,-0.20374
1998-11-04,1235.8,1201.880167,1268.89115,2.78314,-2.642488,3.996583,0.093822,-7.983976,4.688461,-0.117333
1998-11-05,1253.27,1202.640167,1269.0227,4.123686,-1.249094,2.342936,-1.671151,-9.941428,3.229153,-1.657265
1998-11-06,1259.76,1203.793667,1269.4833,4.544327,-0.768874,1.789007,-3.273452,-11.711944,2.697339,-3.220455
1998-11-09,1283.12,1205.109333,1269.88785,6.272432,1.036602,0.824264,-5.905449,-13.026791,0.82767,-5.73446
1998-11-10,1286.55,1207.084833,1270.24345,6.375599,1.275564,0.313526,-5.045297,-14.144304,0.558859,-5.985776
1998-11-11,1286.19,1210.681167,1270.6046,6.050121,1.219151,-0.053661,-4.949482,-15.320648,0.587005,-5.959462
1998-11-12,1282.98,1214.209167,1270.9539,5.509252,0.941778,-0.576884,-6.301303,-17.089201,0.838672,-6.106876
1998-11-13,1282.5,1216.816167,1271.34785,5.257355,0.873366,-0.557497,-5.471764,-18.507622,0.876413,-6.071735
1998-11-16,1293.74,1219.2135,1271.81555,5.933127,1.70918,-1.554839,-7.831215,-17.128616,-0.24348,-7.532425
1998-11-17,1290.59,1221.096333,1272.24635,5.535039,1.431536,-0.909133,-7.708719,-16.163646,-0.394393,-7.419087
1998-11-18,1285.5,1222.878833,1272.5593,4.993997,1.011768,-1.698513,-8.304345,-15.501064,-0.512641,-7.968884
1998-11-19,1275.6,1224.487833,1272.6971,4.089399,0.227831,-1.802763,-9.491907,-12.232355,0.259486,-9.055347
1998-11-20,1275.37,1226.406,1272.8914,3.914839,0.194533,-2.403655,-9.833977,-12.194834,0.277567,-9.36591
1998-11-23,1273.78,1228.548833,1273.00915,3.61552,0.060535,-2.091946,-9.83908,-11.769374,0.402738,-9.370535
1998-11-24,1278.91,1231.035333,1273.17225,3.81526,0.449653,-3.546364,-7.545558,-11.313948,-1.177565,-9.73407
1998-11-25,1263.85,1232.929167,1273.26195,2.476984,-0.741945,-2.150586,-7.501587,-10.582217,-0.873521,-8.658464
1998-11-26,1252.81,1234.757333,1273.34485,1.451457,-1.625815,-1.63444,-6.925745,-10.075838,-0.431031,-7.853545
1998-11-27,1245.08,1236.5605,1273.37775,0.686605,-2.247323,-2.101308,-5.885973,-7.950741,0.187137,-7.28146
1998-11-30,1247.41,1238.230833,1273.46565,0.738579,-2.067264,-3.082928,-7.270974,-7.377071,-0.837736,-7.454646
1998-12-01,1234.35,1239.411333,1273.4745,-0.409202,-3.120448,-0.903326,-7.713313,-5.814108,0.211447,-7.42334
1998-12-02,1236.96,1240.387833,1273.5292,-0.276734,-2.913519,-1.046722,-7.4409,-5.828039,-0.360561,-7.618678
1998-12-03,1232.5,1241.469667,1273.6487,-0.725127,-3.284115,-2.287216,-7.215637,-6.140941,-0.683164,-7.284381
1998-12-04,1219.19,1241.944833,1273.7036,-1.849186,-4.374217,-0.409304,-7.968393,-5.669582,0.401086,-7.659184
1998-12-07,1209.54,1241.876,1273.77795,-2.638302,-5.174713,-1.101502,-7.694715,-3.073523,1.20211,-7.406121
1998-12-08,1223.25,1241.9635,1273.86085,-1.518234,-4.054108,-2.349897,-7.700421,-4.216836,0.067852,-8.443899
1998-12-09,1224.08,1241.704833,1273.9486,-1.429576,-3.993167,-3.408524,-7.316328,-4.43827,-0.80632,-8.50598
1998-12-10,1204.63,1241.28,1274.03025,-2.997064,-5.601284,-3.767488,-3.018633,-2.999812,0.795265,-7.028714
1998-12-11,1214.21,1240.648,1274.0924,-2.154016,-4.814042,-4.91971,-3.469108,-4.839287,-1.475857,-7.762249
1998-12-14,1196.29,1240.0245,1274.0076,-3.590604,-6.294242,-3.562705,-3.178834,-2.984004,-0.121208,-6.38056
1998-12-15,1194.84,1239.821833,1273.9441,-3.69554,-6.410539,-0.745971,-3.986033,-2.145308,-0.743196,-6.266948
1998-12-16,1183.06,1239.166667,1273.82715,-4.633481,-7.392157,-0.895755,-2.951696,-2.18418,0.245127,-5.333626
1998-12-17,1160.09,1238.124333,1273.62345,-6.510001,-9.336836,0.763399,-1.984056,-0.176003,2.229999,-3.459214
1998-12-18,1155.92,1236.892,1273.4039,-6.770522,-9.679699,1.544349,-0.243392,1.082431,2.598796,-3.110942
1998-12-21,1154.42,1236.148,1273.22585,-6.840204,-9.795567,0.476161,0.357117,2.563826,2.732108,-2.985049
1998-12-22,1185.96,1235.5545,1273.2608,-4.096728,-7.10286,-3.714119,-2.960004,0.714163,-1.016055,-5.565112
1998-12-23,1172.51,1234.592833,1273.19855,-5.159448,-8.238553,-2.0899,-1.202932,2.284142,0.119402,-4.481838
1998-12-24,1168.98,1233.546833,1273.10105,-5.376205,-8.532412,-1.924332,-0.568776,2.754739,0.421735,-4.193399
1998-12-25,1173.91,1232.397167,1272.95645,-4.862113,-8.100205,-4.183728,-2.221424,2.40294,-0.093704,-4.595753
1998-12-28,1159.93,1231.149833,1272.7866,-5.95889,-9.284901,-3.506669,-1.890281,3.822779,1.110412,-3.445898
1998-12-29,1142.72,1229.904333,1272.55665,-7.3525,-10.76166,-0.890434,0.329372,4.501091,2.633191,-1.991739
1998-12-30,1148.26,1228.812333,1272.36045,-6.780037,-10.262604,-0.922149,-0.636898,2.573161,2.138018,-2.464599
1998-12-31,1146.7,1227.4455,1272.19465,-6.804693,-10.385523,1.909789,-1.054639,2.990503,2.276969,-2.331909
1999-01-04,1125.81,1225.5935,1271.85365,-8.492244,-12.197263,4.08998,-0.470099,3.90222,4.174772,-0.519626
1999-01-05,1119.96,1223.473833,1271.4957,-8.840125,-12.690095,3.414379,0.573374,4.048335,4.718919,0.050895
1999-01-06,1132.59,1221.616,1271.21435,-7.566753,-11.546558,1.364491,-1.398587,2.345596,3.551153,-1.388852
1999-01-07,1137.72,1219.9015,1270.78515,-6.974386,-11.060868,0.956108,-3.054838,2.934408,3.084239,-3.008649
1999-01-08,1168.81,1218.468167,1270.38205,-4.160833,-8.333154,-2.73291,-7.769265,-2.14028,0.342228,-7.475124
1999-01-11,1172.81,1217.156333,1270.03105,-3.711468,-7.963877,-1.693994,-9.566751,-3.086865,-0.891875,-9.123387
1999-01-12,1158.86,1215.700167,1269.55055,-4.788342,-9.122618,-0.026754,-6.118568,-1.641727,0.301158,-8.029443
1999-01-13,1148.15,1214.108667,1268.94625,-5.585825,-10.003488,0.280059,-4.468893,-3.128158,1.236772,-7.171537
1999-01-14,1148.65,1213.1225,1268.2591,-5.461027,-9.905783,0.853009,-4.245023,-5.086039,1.192704,-7.211944
1999-01-15,1137.3,1211.809333,1267.41375,-6.345753,-10.832137,2.178679,-0.756393,-4.1489,2.202585,-6.28594
1999-01-18,1153.11,1210.7375,1266.6636,-4.876704,-9.392372,-0.433682,-2.117464,-3.235342,0.801311,-7.57083
1999-01-19,1158.55,1209.909,1265.8424,-4.337593,-8.856861,-1.771237,-2.28741,-3.301945,0.327996,-8.004834
1999-01-20,1151.37,1208.818833,1265.11315,-4.869117,-9.420903,-0.424744,-0.808386,-3.501719,0.953647,-7.431147
1999-01-21,1158.49,1207.695,1264.34805,-4.159615,-8.743918,-1.523866,-1.877699,-3.653358,0.333192,-8.000069
1999-01-22,1162.35,1206.788167,1263.5679,-3.75186,-8.349557,-2.410196,-2.581317,-2.980265,-1.224244,-8.305588
1999-01-25,1148.12,1205.635,1262.7399,-4.888058,-9.515806,-2.432403,0.156655,-2.414556,0.156778,-7.169111
1999-01-26,1138.21,1204.214,1261.80745,-5.637022,-10.308832,-1.043015,1.784183,-6.000542,1.800195,-6.360865
1999-01-27,1146.49,1202.707667,1260.9587,-4.78703,-9.51672,-2.618392,1.569834,-4.558551,1.582221,-7.037131
1999-01-28,1140.97,1201.127167,1260.17305,-5.138164,-9.937027,-3.340089,2.249759,-3.657769,2.275257,-6.587377
1999-01-29,1134.67,1199.1505,1259.3664,-5.527153,-10.426688,-4.804837,2.129335,-4.121058,2.843117,-6.068725
1999-02-01,1120.53,1196.83,1258.44555,-6.587461,-11.607548,-5.006671,2.768909,-5.245272,4.140898,-4.883403
1999-02-02,1126.4,1194.218,1257.41665,-5.846487,-11.003263,-3.277562,4.047819,-5.553561,4.130859,-5.379084
1999-02-03,1116.86,1191.389833,1256.3782,-6.459938,-11.771196,-1.705816,4.882171,-5.237492,5.020325,-4.57085
1999-02-04,1103.49,1188.344833,1255.31985,-7.408356,-12.891252,-0.234077,5.932896,0.505296,6.292762,-3.414621
1999-02-05,1081.44,1184.985833,1254.1752,-9.143733,-14.818466,4.279962,7.788086,5.946645,8.460016,-1.445295
1999-02-08,1065.81,1181.374333,1252.8393,-10.294338,-16.167734,5.755292,8.196572,9.217406,10.050572,2.277141
1999-02-09,1090.08,1177.98,1251.62725,-7.755002,-13.819342,3.804403,6.313397,10.738126,7.60036,0.7238
1999-03-01,1097.97,1174.769667,1250.3999,-6.760908,-13.00004,3.940565,6.309619,9.125566,6.827145,0.267767
1999-03-02,1100.91,1171.693167,1249.13985,-6.231274,-12.631808,3.220333,5.01254,11.577561,6.541861,2.527
1999-03-03,1128.73,1169.245333,1248.0209,-3.526542,-10.046591,0.353754,2.564445,12.812357,3.915905,0.019491
1999-03-04,1128.95,1166.805,1246.9236,-3.298125,-9.93914,1.840438,3.443288,12.334304,3.895655,0.301165
1999-03-05,1132.35,1164.447833,1245.946,-2.795189,-9.559996,2.300357,4.49412,12.203357,4.596635,0.033559
1999-03-08,1142.1,1162.167667,1244.86855,-1.741827,-8.616127,1.953477,4.482553,13.837147,4.584537,-0.820419
1999-03-09,1136.94,1160.0525,1243.78025,-2.012482,-8.981489,2.603593,5.364772,12.469584,5.511285,-0.370292
1999-03-10,1132.73,1158.051167,1242.6957,-2.210792,-9.265232,2.300457,5.904832,11.306254,6.08265,1.517573
1999-03-11,1149.92,1156.465167,1241.599,-0.567571,-7.670769,0.179851,4.467708,11.150983,4.569013,0.180013
1999-03-12,1158.7,1154.986667,1240.5569,0.320989,-6.82617,1.22062,3.928876,13.525275,4.007077,-0.579097
1999-03-15,1164.63,1153.824667,1239.53965,0.932122,-6.233662,0.693945,2.601886,13.550861,3.477499,-1.085323
1999-03-16,1166.93,1152.6575,1238.5334,1.230622,-5.955157,0.343048,0.960299,14.469065,3.273547,-1.280282
1999-03-17,1159.09,1151.434,1237.5174,0.662709,-6.547206,0.853913,1.915807,16.303558,3.972082,-0.61255
1999-03-18,1151.99,1150.314,1236.4902,0.145593,-7.0786,0.420991,1.60341,17.360449,4.612887,0.421879
1999-03-19,1172.93,1149.703833,1235.5216,2.000052,-5.198834,-1.011984,-0.572857,19.655987,2.745262,-1.370926
1999-03-22,1172.74,1148.862,1234.50625,2.0571,-5.13282,-0.278369,-1.137989,16.822554,2.761908,-1.354947
1999-03-23,1170.94,1147.976333,1233.41415,1.980616,-5.197921,-1.154434,0.056349,22.073917,2.919876,-1.203307
1999-03-24,1169.03,1147.383,1232.30725,1.869065,-5.271388,-0.943679,-2.159101,24.995721,3.08803,-2.135959
1999-03-25,1156.85,1146.427,1231.0938,0.905064,-6.220225,1.002008,-1.716687,25.903738,4.173402,-1.702036
1999-03-26,1161.12,1145.840833,1229.90995,1.324634,-5.75559,1.985126,-1.836557,28.654459,3.790306,-2.063525
1999-03-29,1169.48,1145.418167,1228.70135,2.078942,-4.939859,2.113499,-4.968883,29.096873,3.048363,-4.847454
1999-03-30,1157.5,1144.992167,1227.411,1.086471,-5.864457,3.572566,-5.853555,32.779539,4.114903,-5.685529
1999-03-31,1158.05,1144.958167,1226.13585,1.136946,-5.713008,3.694141,-5.956952,35.652554,4.065455,-5.782997
1999-04-01,1168.5,1145.167833,1224.87835,2.016967,-4.712066,2.864858,-4.561165,31.04316,3.134788,-6.625588
1999-04-02,1184.4,1145.6675,1223.76885,3.324888,-3.2699,1.735113,-5.508654,35.736029,1.750253,-7.879095
1999-04-05,1194.46,1145.809167,1222.6981,4.158312,-2.336577,0.07281,-7.175885,37.573104,0.893291,-8.654957
1999-04-06,1199.6,1146.260667,1221.67745,4.548312,-1.823671,-1.800881,-7.140432,34.239711,0.460987,-9.046349
1999-04-07,1201.63,1146.804833,1220.83735,4.66993,-1.585801,-1.688569,-6.30378,26.150673,0.291271,-9.200003
1999-04-08,1202.46,1147.280667,1220.0082,4.697495,-1.448812,-2.684448,-7.03892,29.405487,0.222045,-9.262678
1999-04-09,1205.13,1148.034,1219.2955,4.853653,-1.168579,-3.281112,-11.713601,27.198232,-0.81319,-11.053579
1999-04-12,1195.33,1148.910833,1218.35525,3.960791,-1.90795,-3.045929,-8.73027,23.847719,-1.156166,-10.324346
1999-04-13,1178.19,1149.409667,1217.4195,2.473089,-3.275409,-0.560903,-6.867827,28.623601,0.281788,-9.019768
1999-04-14,1181.51,1149.989833,1216.58415,2.704018,-2.925377,-3.220994,-8.1662,28.935227,-0.838757,-9.275419
1999-04-15,1170.61,1150.7365,1215.6925,1.712281,-3.778889,-2.899105,-9.617592,30.290169,0.084571,-9.169578
1999-04-16,1166.23,1151.507667,1214.67025,1.270423,-4.069632,-2.275683,-9.028523,29.073641,0.460458,-8.828447
1999-04-19,1159.47,1151.955667,1213.50325,0.650193,-4.554842,-4.109263,-8.981675,27.391337,1.046168,-8.590132
1999-04-20,1171.6,1152.520333,1212.3645,1.64192,-3.420225,-7.064338,-5.483949,28.600775,-2.350632,-9.536531
1999-04-21,1144.06,1152.107833,1211.09505,-0.700982,-5.694161,-4.741531,0.31766,30.323924,0.318165,-7.35888
1999-04-22,1137.16,1151.513667,1209.77215,-1.254338,-6.189811,-1.84247,2.737521,29.000534,2.775335,-6.796757
1999-04-23,1139.99,1151.199167,1208.56195,-0.978466,-5.841169,-1.686971,6.261286,26.039402,6.46146,-7.028132
1999-04-26,1112.79,1150.609833,1207.19785,-3.342172,-8.143147,-0.093502,7.784831,34.71309,9.063705,-4.755614
1999-04-27,1091.69,1149.6605,1205.84915,-5.173973,-9.945705,2.28569,12.418577,38.838921,13.222618,-2.914747
1999-04-28,1091.08,1148.890167,1204.60855,-5.162837,-9.898663,3.347314,16.204864,35.155776,17.591744,-2.860469
1999-04-29,1116.4,1148.278333,1203.60835,-2.81545,-7.521478,0.387104,13.452181,35.109329,14.924758,-5.063597
1999-04-30,1120.92,1147.651167,1202.5547,-2.356761,-7.029843,-4.469834,13.217891,35.71218,14.461335,-5.446419
1999-05-04,1111.75,1146.990833,1201.43785,-3.12065,-7.75837,-1.481576,16.530479,35.824511,17.975264,-4.666517
1999-05-05,1116.93,1146.298167,1200.4461,-2.595391,-7.210939,-1.528276,14.245243,35.766198,17.428129,-5.108646
1999-05-06,1128.22,1145.729333,1199.4652,-1.540024,-6.123462,-3.550989,11.705202,34.677161,16.253036,-6.058216
1999-05-07,1120.73,1145.272833,1198.37395,-2.166263,-6.698534,-5.263119,13.722194,35.692921,17.029972,-5.430389
1999-05-10,1071.92,1144.168,1197.0174,-6.52263,-11.038153,-0.596034,21.31,41.066959,23.75084,-1.124151
1999-05-11,1095.4,1143.3165,1195.69135,-4.281366,-8.760496,-3.297333,19.679245,39.551989,21.749133,-3.243564
1999-05-12,1099.99,1142.6335,1194.39725,-3.80346,-8.234058,0.822975,20.376593,40.494072,22.601115,-3.647306
1999-05-13,1088.86,1141.87,1193.1588,-4.753599,-9.147297,5.262866,22.553952,41.778112,25.299855,-2.662418
1999-05-14,1063.27,1140.915667,1191.79785,-7.048209,-11.41139,9.456007,25.374631,43.735742,28.884479,-0.319768
1999-05-17,1065.55,1139.9015,1190.49745,-6.745076,-11.088015,13.014125,29.257366,42.437087,33.987143,-0.533058
1999-05-18,1059.87,1138.951667,1189.22325,-7.196199,-11.51541,12.657242,26.942217,41.319398,34.7052,4.643022
1999-05-19,1109.08,1139.044833,1188.3333,-2.66592,-6.902089,10.838188,27.501518,35.604359,31.655065,3.482165
1999-05-20,1147.7,1140.149167,1187.50675,0.660084,-3.4096,11.145673,26.837161,31.69016,30.783306,1.831489
1999-05-21,1168.72,1141.864333,1186.85465,2.324683,-1.539752,8.87219,24.882904,29.637595,28.431104,2.922856
1999-05-24,1213.65,1143.923833,1186.34155,5.916804,2.27581,5.269634,24.22973,25.109193,27.417295,-0.887406
1999-05-25,1202.88,1145.672333,1185.72185,4.872703,1.436694,8.652146,26.280925,27.042508,30.057861,2.756717
1999-05-26,1236.04,1147.9245,1185.2926,7.395719,4.192306,4.112356,26.214518,24.672658,29.971522,2.611566
1999-05-27,1283.02,1150.496,1185.118,10.902352,7.937433,-1.152348,25.404643,24.410057,28.923166,-1.145734
1999-05-28,1277.15,1152.966,1184.94405,10.229328,7.493547,0.657117,22.152144,24.329232,29.515719,-0.691383
1999-05-31,1279.32,1155.4155,1184.76415,10.186867,7.678496,3.622275,28.026792,25.140562,32.348435,-0.859832
1999-06-01,1311.59,1158.240333,1184.73755,12.433824,10.171887,1.66719,28.21851,22.860138,32.602414,-3.299049
1999-06-02,1287.93,1160.756833,1184.66885,10.396404,8.357299,4.603074,27.1349,23.293912,35.038395,-1.522598
1999-06-03,1268.32,1163.016667,1184.5432,8.667599,6.833598,7.297761,20.749251,25.59232,37.126277,1.360067
1999-06-04,1285.57,1165.2775,1184.43385,9.824294,8.19373,6.389317,22.722213,23.97676,35.286293,3.18458
1999-06-07,1326.51,1168.074333,1184.5956,12.719491,11.314998,7.351332,17.601833,19.927577,31.11096,0.537501
1999-06-08,1333.64,1170.891167,1184.9085,13.014691,11.824649,3.965638,12.898744,19.889339,30.410006,1.121742
1999-06-09,1348.6,1173.919,1185.4786,13.871929,12.892044,7.9479,15.114836,17.065532,28.963369,1.167136
1999-06-10,1364.34,1177.339833,1186.26195,14.741328,13.986365,9.546076,14.547475,16.677383,27.475556,0.443438
1999-06-11,1370.39,1180.979833,1187.16115,14.875091,14.35305,8.964281,14.53313,14.730442,26.912777,1.255117
1999-06-14,1427.7,1185.226,1188.27875,18.613128,18.355893,7.986489,8.844797,8.905046,21.818309,-2.809414
1999-06-15,1387.59,1188.806833,1189.3766,15.461829,15.413913,11.99595,9.430794,11.890426,25.339618,5.229931
1999-06-16,1460.16,1193.627167,1191.32535,20.154931,20.347959,9.551188,6.583206,7.354183,19.110234,2.653819
1999-06-17,1501,1199.16,1193.47385,22.451024,22.92633,9.713155,3.169103,10.975325,15.86942,-0.139241
1999-06-18,1498.91,1204.861,1195.338,21.837397,22.630919,6.14143,1.380109,10.203123,16.030983,1.223556
1999-06-21,1546.4,1211.282333,1197.3205,24.425007,25.584351,9.066696,-4.451614,7.697781,12.467667,-4.353983
1999-06-22,1564.44,1217.865,1199.2546,25.042861,26.582774,10.58973,0.647334,6.702474,11.17077,-5.456905
1999-06-23,1606.5,1225.348333,1201.39435,27.083274,29.057506,5.032738,0.205826,3.444503,8.260193,-7.932151
1999-06-24,1654.11,1233.616,1203.7696,29.331341,31.780513,-5.80774,-6.453731,-0.521273,5.144156,-10.582126
1999-06-25,1593.85,1240.705167,1205.93745,25.047257,27.889524,1.227185,-0.494996,3.374364,9.119428,-7.20143
1999-06-28,1693.16,1249.1845,1208.6772,30.410567,33.707007,-6.802684,-5.532503,-3.566965,2.719176,-12.644405
1999-06-29,1739.2,1258.2635,1211.7246,32.369264,36.13806,-13.652575,-8.924478,-6.756056,-2.862236,-14.956877
1999-06-30,1689.42,1266.427167,1214.4206,28.818559,33.011818,-7.41699,-5.613944,-4.378177,-4.492074,-12.451019
1999-07-01,1560.78,1272.413,1216.5089,20.42706,24.92005,1.095985,2.222708,2.743949,3.37972,-5.235203
1999-07-02,1613.53,1279.264167,1218.8921,23.213928,28.048199,-1.799766,-0.751486,0.358198,-0.23055,-8.333282
1999-07-05,1581.81,1285.542167,1221.0652,20.738921,25.884617,-1.405703,2.155126,1.277672,2.178517,-6.495091
1999-07-06,1517.25,1290.9075,1222.83385,16.155403,21.572849,0.497688,6.974,4.77335,7.222936,-2.516395
1999-07-07,1568.65,1297.415167,1224.78525,18.984143,24.744985,-0.58373,5.002644,1.033748,5.129889,-5.710643
1999-07-08,1577.98,1304.023,1226.8372,19.069145,25.170607,-1.832297,4.676685,-0.462417,4.787767,-6.26814
1999-07-09,1584.75,1310.925333,1228.80755,18.969342,25.438244,-4.18874,3.827982,-3.221555,4.340117,-6.66856
1999-07-12,1559.73,1317.483667,1230.53785,16.878913,23.706138,-5.309922,4.334924,-2.417215,6.013861,-5.171408
1999-07-13,1524.82,1323.572833,1232.07195,14.15416,21.317911,3.21249,4.946387,0.846995,8.440996,-3.000354
1999-07-14,1559.52,1330.038167,1233.67155,15.917044,23.438336,3.173808,1.519635,-3.39785,6.028137,-5.158639
1999-07-15,1549.33,1336.792667,1235.2676,14.754937,22.653495,0.090321,1.683896,-2.656097,6.725488,-4.534863
1999-07-16,1519.74,1343.169,1236.60565,12.350752,20.616902,4.266325,3.374581,1.570116,8.80348,-2.676116
1999-07-19,1479.07,1348.820333,1237.8325,9.218313,17.805165,7.985806,5.331077,1.515765,11.79525,4.844936
1999-07-20,1574.6,1356.517167,1239.6705,14.908076,23.915565,1.017919,0.114249,-6.812681,5.012702,-1.515941
1999-07-21,1609.81,1365.1525,1241.6077,16.485002,25.970909,-0.787032,-1.747686,-8.014935,2.715848,-3.669998
1999-07-22,1550.73,1372.813333,1243.2482,12.186363,22.099832,2.868699,5.459145,-6.129671,6.629136,0.601652
1999-07-23,1585.98,1380.639667,1245.0288,13.865559,24.204385,0.970696,2.672084,-5.743217,4.259196,-1.634321
1999-07-26,1602.03,1388.658167,1247.04365,14.293364,25.04959,0.884945,2.646273,-8.719355,3.214671,-2.619801
1999-07-27,1590.71,1396.640833,1248.88935,13.011051,24.192582,2.245903,3.566106,-7.034269,3.94918,-1.926813
1999-07-28,1597.19,1404.645167,1250.72425,12.846111,24.452305,3.199598,1.772956,-3.853049,3.527445,-2.324708
1999-07-29,1595.86,1412.439167,1252.54485,12.209466,24.223541,3.549962,2.620361,-5.231422,3.613726,-2.243305
1999-07-30,1601.45,1420.451167,1254.33765,11.993492,24.43018,2.779701,2.006033,-6.240897,3.252053,-2.584533
1999-08-02,1616.27,1429.523667,1256.24515,12.277974,25.199379,0.774094,0.170618,-7.927323,2.305308,-3.477761
1999-08-03,1626.84,1438.381,1258.2921,12.312131,25.688416,-1.529925,0.016595,-8.956952,1.640604,-4.10489
1999-08-04,1649.12,1447.533167,1260.4688,13.038097,26.87581,-4.066738,-3.051947,-11.112291,0.267415,-5.400456
1999-08-05,1653.53,1456.944333,1262.5929,12.657108,26.974493,-4.825086,-2.546777,-12.118003,-0.306617,-5.652755
1999-08-06,1646.59,1466.666333,1264.6412,11.571446,26.391804,-4.64214,-3.630669,-11.669426,0.113568,-5.255103
1999-08-09,1628.83,1476.054333,1266.54965,9.848943,25.156557,-4.313768,-4.274675,-10.166803,1.20516,-4.222049
1999-08-10,1602.14,1485.092167,1268.34005,7.58634,23.363124,-1.619647,-2.486755,-9.014733,2.891133,-2.626487
1999-08-11,1583.4,1492.9975,1270.0541,5.878859,22.051494,-0.093513,-0.748659,-8.790743,4.10888,-1.474043
1999-08-12,1575.64,1500.129833,1271.65825,4.910988,21.433978,3.86557,6.122327,-8.731375,6.313625,-0.988805
1999-08-13,1571.9,1506.8495,1273.26015,4.226403,21.070442,3.563828,5.448433,-8.050086,6.566575,-0.753229
1999-08-16,1560.06,1512.623,1274.8293,3.087905,20.191199,5.301002,6.818317,-7.210611,7.375357,0.039101
1999-08-17,1576.4,1518.848333,1276.4931,3.719139,21.102721,4.469775,5.94089,-9.655366,6.26237,-0.997843
1999-08-18,1581.92,1524.613,1278.3636,3.689869,21.305848,2.73361,4.986363,-7.829373,5.891575,-1.343304
1999-08-19,1637.74,1530.525,1280.47185,6.770643,24.60886,0.029915,0.473312,-9.962112,2.282414,-4.705875
1999-08-20,1628.93,1536.388,1282.5294,5.848915,23.908914,0.304644,1.197276,-10.370232,2.835604,-4.190481
1999-08-23,1644.99,1542.4825,1284.71305,6.434117,24.719892,-1.59071,-0.680735,-11.616579,1.831622,-5.125867
1999-08-24,1648.46,1548.097,1286.87145,6.281508,24.762748,-1.303608,-1.397684,-11.701064,1.617267,-5.325577
1999-08-25,1625.76,1553.7275,1288.87065,4.531852,23.220903,-1.625306,-0.53719,-11.126507,3.036118,-4.003666
1999-08-26,1638.23,1559.892667,1290.978,4.899938,23.821632,-1.617176,-2.09912,-12.603316,2.251821,-4.734378
1999-08-27,1633.9,1565.698167,1293.06095,4.263796,23.395756,-2.857,-0.896349,-12.319963,2.522798,-4.481914
1999-08-30,1619.03,1570.5735,1295.03875,3.038637,22.328659,-3.671199,-1.048073,-12.034185,3.46442,-3.604627
1999-08-31,1627.11,1575.464667,1296.98995,3.225518,22.675928,-4.033275,-2.217245,-12.566149,2.95063,-4.083313
1999-09-01,1599.55,1579.647167,1298.8087,1.252083,20.827488,-1.763449,-0.916948,-10.015388,4.724454,-2.430684
1999-09-02,1611.95,1583.774,1300.6021,1.763402,21.461732,3.844018,-2.592325,-11.570155,3.918856,-3.18124
1999-09-03,1587.88,1587.398833,1302.2427,0.030307,19.831186,4.436962,-3.418868,-9.968214,5.494118,-3.361085
1999-09-06,1560.67,1589.615,1303.63045,-1.837663,17.996219,6.779224,-2.477463,-8.954789,7.333389,-2.447026
1999-09-07,1562.79,1592.535,1305.01165,-1.88544,18.026072,6.807998,-1.612636,-9.001577,7.187786,-2.579361
1999-09-08,1571.59,1594.392167,1306.43865,-1.440473,18.4783,5.641508,-4.168827,-9.802832,6.587596,-4.083126
1999-09-09,1675.12,1597.294167,1308.39935,4.757375,24.708028,-1.783444,-10.46232,-16.754046,-0.133125,-10.011223
1999-09-10,1659.92,1599.977667,1310.28645,3.677974,23.652363,-0.687329,-7.252898,-14.98435,0.781363,-9.18719
1999-09-13,1670.14,1602.04,1312.16845,4.162964,24.122638,-2.19805,-10.633629,-16.429493,0.164657,-10.087777
1999-09-14,1672.89,1603.8475,1314.07995,4.214724,24.141591,-2.868799,-12.867821,-16.230551,-0.603148,-12.074315
1999-09-15,1662.8,1604.785833,1315.96645,3.551262,23.393159,-2.789943,-11.253612,-13.62155,-0.856988,-11.540775
1999-09-16,1645.51,1604.6425,1317.816,2.514938,22.207455,-2.542518,-12.062129,-13.698308,0.184745,-11.363042
1999-09-17,1648.55,1605.554167,1319.6819,2.642714,22.250539,-1.788981,-9.612577,-14.955619,-0.892906,-11.526493
1999-09-20,1633.83,1604.565333,1321.48215,1.807405,21.2173,-1.958047,-10.684893,-15.768134,-0.504948,-10.72939
1999-09-21,1625.58,1602.671667,1323.2155,1.419265,20.579992,-2.123169,-9.20269,-15.83539,-0.385093,-10.276332
1999-09-22,1617.05,1601.4655,1324.9815,0.968435,19.9205,-2.005064,-5.088816,-16.6187,0.140379,-9.803036
1999-09-23,1604.2,1602.189167,1326.73845,0.125427,18.990155,-2.110381,-5.752663,-16.855809,0.942526,-9.080539
1999-09-24,1619.32,1602.285667,1328.60965,1.057516,19.787329,-5.37952,-7.350581,-18.535211,-1.060322,-9.929477
1999-09-27,1602.15,1602.624667,1330.38335,-0.029622,18.587934,-5.100589,-7.049868,-17.211634,-0.669101,-8.964204
1999-09-28,1591.43,1603.861,1332.16875,-0.778086,17.782473,-3.428666,-6.756302,-15.941556,-0.407181,-8.35098
1999-09-29,1584.95,1604.132667,1333.9087,-1.203035,17.243936,-5.015328,-7.143396,-14.824159,-0.899082,-7.976277
1999-09-30,1570.7,1604.011333,1335.5997,-2.09862,16.214098,-4.025977,-6.978901,-11.050946,-1.713249,-7.141402
1999-10-08,1534.51,1603.174,1337.1763,-4.37743,13.765096,0.602932,-4.619889,-8.484838,0.604753,-4.951418
1999-10-11,1522.48,1602.553167,1338.741,-5.12575,12.861096,-1.376942,-3.414664,-3.920915,1.39969,-4.200384
1999-10-12,1537.79,1602.769333,1340.3137,-4.138665,13.744263,-4.447186,-4.915341,-1.387533,0.39017,-5.15415
1999-10-13,1507.42,1601.901,1341.7304,-6.079147,11.643946,-1.443277,-3.873258,2.469553,2.412732,-3.799207
1999-10-14,1508.72,1601.224167,1343.25085,-5.950683,11.616893,-3.383253,-4.391382,-1.936818,2.324487,-4.296357
1999-10-15,1543.79,1601.625,1344.89875,-3.677831,13.79217,-3.047009,-6.245621,-7.097326,-0.451486,-6.47044
1999-10-18,1501.66,1602.0015,1346.4256,-6.468262,10.911779,-2.249314,-3.395299,-5.279241,2.341409,-3.84641
1999-10-19,1470.9,1600.273167,1347.8059,-8.429989,8.739645,0.796331,-2.728435,-4.310779,4.48161,-2.691549
1999-10-20,1485.82,1598.206667,1349.3197,-7.291536,9.636627,3.374854,-1.562124,-3.59664,3.432448,-3.668681
1999-10-21,1458.53,1596.67,1350.8119,-9.049113,7.672326,3.766948,1.626705,-2.212107,5.367733,-1.866263
1999-10-22,1497.46,1595.194667,1352.5196,-6.322544,10.180112,0.473016,-1.95493,-3.862735,2.628451,-4.41748
1999-10-25,1468.26,1592.965167,1354.0888,-8.151914,8.094927,1.676977,-0.250951,-0.095396,4.669473,-2.516584
1999-10-26,1482.66,1591.164333,1355.5723,-7.062826,8.961405,0.32322,-1.10069,-1.192792,3.652894,-3.46337
1999-10-27,1536.82,1590.158167,1357.39385,-3.411814,12.414877,-4.059645,-5.500502,-3.947217,-1.451048,-6.865475
1999-10-28,1514.52,1588.8025,1359.12155,-4.788203,10.825999,-3.336619,-4.751533,-2.542413,-0.657634,-5.49415
1999-10-29,1504.56,1587.187667,1360.7748,-5.346319,10.044625,-2.648827,-4.073033,-1.570869,-0.762349,-4.868533
1999-11-01,1493.09,1585.134667,1362.4406,-5.982157,9.157015,-1.465386,-3.936244,0.911385,-0.37707,-4.137728
1999-11-02,1487.46,1582.811667,1364.1643,-6.213283,8.652796,-1.587706,-3.592602,3.14539,-0.336816,-3.774891
1999-11-03,1475.68,1579.921,1365.8014,-6.825595,7.737754,-1.74519,-1.955044,12.606123,0.458772,-3.006749
1999-11-04,1464.82,1576.775833,1367.392,-7.364978,6.882709,-1.438458,-1.998929,13.149238,1.203561,-2.287653
1999-11-05,1465.23,1573.753167,1369.0891,-7.145109,6.78666,-1.0228,-1.929458,14.454894,1.175242,-2.314995
1999-11-08,1471.37,1571.128833,1370.84615,-6.560042,7.076576,-1.357577,-3.062661,10.889247,0.75304,-3.016237
1999-11-09,1464.03,1568.827,1372.50335,-6.91353,6.455657,-2.26028,-2.473599,13.048635,1.258171,-2.530003
1999-11-10,1450.15,1566.606167,1374.0655,-7.72446,5.389314,0.867857,-1.760747,14.5417,2.227356,-1.745337
1999-11-11,1443.9,1564.4105,1375.44095,-8.016129,4.857342,2.634834,-1.900345,12.263615,2.669852,-1.882402
1999-11-12,1450.32,1562.384167,1376.8285,-7.442874,5.200156,1.243682,-1.485831,9.504563,2.215373,-2.31673
1999-11-15,1451.53,1560.575333,1378.29185,-7.243638,5.177323,0.895034,-2.400564,11.859641,2.130166,-2.398159
1999-11-16,1431.31,1558.157167,1379.70765,-8.491371,3.671848,2.424077,-0.634295,13.095263,3.572951,-1.019346
1999-11-17,1462.79,1556.171667,1381.27835,-6.188317,5.733616,-0.563525,-0.805814,15.313156,1.344007,-3.149461
1999-11-18,1482.45,1553.5835,1383.0041,-4.686807,6.943811,-2.611289,-3.262884,14.54662,-0.943033,-4.433876
1999-11-19,1468.47,1550.909167,1384.5809,-5.462028,5.882355,-1.645088,-3.388112,14.507691,-0.13892,-3.524076
1999-11-22,1464.58,1547.902333,1386.11105,-5.533217,5.506649,-2.008316,-4.83229,15.668355,0.126316,-4.717393
1999-11-23,1466.43,1544.8685,1387.68635,-5.210792,5.519301,-2.168693,-5.53201,16.991566,-0.808767,-5.381778
1999-11-24,1454.57,1542.015333,1389.16675,-5.837989,4.600622,-0.514186,-6.029382,14.472612,-0.241996,-5.851214
1999-11-25,1444.24,1538.782167,1390.5762,-6.340807,3.786504,-0.584015,-6.351613,15.997561,0.471528,-6.154102
1999-11-26,1444.51,1535.625667,1392.05815,-6.116773,3.698683,-0.505251,-7.111596,17.805381,0.452749,-6.864612
1999-11-29,1435.46,1532.566167,1393.5444,-6.545821,2.963493,-0.591802,-6.225522,18.798774,1.086063,-6.27743
1999-11-30,1434.97,1529.363833,1394.9868,-6.370791,2.825899,-0.468702,-5.592652,17.244463,1.120581,-6.245427
1999-12-01,1447.11,1526.823167,1396.5175,-5.362075,3.558683,-1.550894,-5.72572,17.789955,0.272267,-7.031946
1999-12-02,1435.83,1523.887833,1398.0233,-5.952178,2.668377,-1.339874,-2.073116,16.022424,1.060014,-6.301582
1999-12-03,1437.23,1521.377,1399.6068,-5.68982,2.652631,-0.579174,-1.935492,15.695076,0.961572,-6.392853
1999-12-06,1426.99,1519.149,1401.10975,-6.258298,1.830273,-0.69548,2.55641,11.912529,2.589366,-5.721133
1999-12-07,1428.26,1516.906833,1402.66675,-6.021636,1.808167,-0.420976,6.001407,14.951695,6.185148,-5.804965
1999-12-08,1424.84,1514.461,1404.2735,-6.100007,1.453944,1.822791,8.103558,17.612157,8.440948,-5.578872
1999-12-09,1416.72,1510.154333,1405.9499,-6.386751,0.763118,1.272294,4.354909,18.833615,9.062482,-5.037693
1999-12-10,1428.93,1506.3045,1407.7655,-5.273339,1.492222,-0.658599,0.634125,18.565416,8.130559,-5.849132
1999-12-13,1417.1,1502.087167,1409.4006,-5.824306,0.544802,-1.536692,0.516622,20.942487,9.033237,-5.063157
1999-12-14,1422.26,1497.91,1411.02205,-5.182365,0.793286,-2.473638,-0.948048,19.615745,8.637661,-5.407591
1999-12-15,1451.05,1494.380833,1412.77275,-2.942453,2.673317,-5.787093,-1.228702,20.202554,6.482203,-7.28438
1999-12-16,1434.86,1490.87,1414.3034,-3.829256,1.443017,-5.700018,-0.575927,22.195248,7.683676,-6.238239
1999-12-17,1419.55,1487.053333,1415.7564,-4.645661,0.267597,-5.368572,1.480307,23.120508,8.845057,-5.227009
1999-12-21,1395.49,1483.081,1417.0721,-6.087607,-1.534723,-3.401547,4.987845,26.062253,10.721682,-3.593003
1999-12-22,1387.51,1479.113167,1418.29915,-6.393192,-2.19476,-2.229335,5.439907,26.039811,11.358477,-3.038537
1999-12-23,1369.46,1474.986667,1419.46175,-7.423245,-3.586125,-0.210523,7.582667,27.392556,12.826223,-1.760548
1999-12-24,1355.36,1470.839333,1420.5749,-8.176611,-4.699455,3.694481,8.560732,26.163868,13.99997,-0.738549
1999-12-27,1345.35,1466.273167,1421.55205,-8.606972,-5.509507,4.670853,9.61376,27.499743,14.848181,0.257925
1999-12-28,1348.82,1462.051,1422.50265,-8.061011,-5.318761,8.190129,11.073151,29.362146,14.55272,0.600525
1999-12-29,1356.92,1458.1425,1423.4641,-7.194594,-4.787598,11.125356,12.330644,29.355863,13.868909,0.711906
1999-12-30,1366.58,1454.503,1424.46235,-6.235299,-4.148318,12.278384,20.286886,28.984937,22.491182,2.911648
2000-01-04,1406.37,1451.764167,1425.69875,-3.176757,-1.365013,5.088151,17.221283,25.846724,19.025576,0.175629
2000-01-05,1409.68,1449.683667,1426.9872,-2.798264,-1.220264,1.990444,18.319844,24.848236,20.105272,-0.059588
2000-01-06,1463.94,1448.708,1428.44225,1.045931,2.454692,-2.735268,11.395498,22.402571,15.653647,-3.763815
2000-01-07,1516.6,1448.354833,1430.16155,4.604267,5.868358,-7.370432,9.520827,18.984298,11.637874,-7.105367
2000-01-10,1545.11,1448.983,1432.0324,6.423317,7.600041,-7.50947,8.198889,14.993777,9.577959,-8.819437
2000-01-11,1479.78,1448.500667,1433.58615,2.136443,3.171433,-3.658542,9.809051,20.335974,14.415656,-4.793956
2000-01-12,1438.02,1446.737833,1434.992,-0.604408,0.210789,0.187582,10.356268,24.034363,17.738279,-2.029179
2000-01-13,1424.44,1445.450833,1436.3086,-1.464251,-0.82976,2.934531,13.743582,25.979478,18.860745,-1.095167
2000-01-14,1408.84,1444.4165,1437.5054,-2.493876,-2.014258,3.914318,14.677607,26.757482,20.176883,1.262031
2000-01-17,1433.33,1443.541667,1438.88455,-0.709918,-0.386779,3.024276,17.347672,24.834568,18.9433,-0.468141
2000-01-18,1426.62,1443.009833,1440.2274,-1.142308,-0.949301,3.436641,18.385431,25.089688,20.184071,0.98835
2000-01-19,1440.72,1442.064167,1441.5885,-0.093255,-0.060264,2.764882,16.415497,24.068549,19.007857,1.690821
2000-01-20,1466.86,1442.040833,1443.0008,1.706471,1.639923,2.683759,15.5128,20.844987,16.887092,-0.121348
2000-01-21,1465.08,1441.747833,1444.3539,1.60537,1.424775,4.661402,17.083669,22.585372,18.629699,0.77948
2000-01-24,1477.34,1440.7565,1445.7426,2.507485,2.162007,12.493696,12.919327,21.76892,17.645227,-0.056859
2000-01-25,1476.5,1440.122833,1447.11695,2.494601,2.010116,12.355032,13.788442,20.178881,17.712157,0.312225
2000-01-26,1481.11,1439.732,1448.5102,2.833482,2.225623,13.376936,15.303217,16.835424,17.345774,1.731809
2000-01-27,1506.76,1439.959833,1450.01835,4.534643,3.838544,8.512476,13.951145,13.470872,15.348164,1.873557
2000-01-28,1534.99,1440.752,1451.71665,6.335867,5.577711,8.315539,10.50647,11.41492,13.226796,3.904911
2000-02-14,1673.94,1444.056333,1454.1954,14.772408,14.072737,0.190387,3.228789,1.813862,3.828094,-4.720002
2000-02-15,1670.67,1447.487167,1456.6412,14.339568,13.709151,-2.324081,0.874258,3.172981,4.031317,-4.533511
2000-02-16,1693.1,1451.285,1459.25365,15.41118,14.863606,-5.973132,-0.689276,1.889194,2.653121,-5.79824
2000-02-17,1640.64,1454.106167,1461.6257,12.069502,11.55371,-0.387183,-2.039379,6.939182,5.935489,-2.786108
2000-02-18,1668.09,1457.507167,1464.1688,13.49517,13.039155,-2.213652,-0.570539,6.370864,4.19222,-4.385854
2000-02-21,1677.13,1461.290167,1466.69645,13.776428,13.407144,1.639313,1.309709,8.434803,3.630607,-4.90123
2000-02-22,1632.29,1464.43,1469.1376,10.851785,10.530837,4.917838,4.669655,11.546254,6.477403,-2.288809
2000-02-23,1594.93,1466.840167,1471.42645,8.371931,8.059754,6.246811,7.575022,15.131896,8.971554,0.789376
2000-02-24,1634.3,1469.886333,1473.898,10.60295,10.330399,4.703748,6.682282,14.042947,6.910604,-1.638622
2000-02-25,1631.57,1473.224,1476.4919,10.208954,9.987381,6.320379,5.886186,14.152157,7.08949,-1.47404
2000-02-28,1704.85,1477.258333,1479.5577,14.328924,14.173394,-1.404069,4.083584,10.771338,4.168109,-5.709007
2000-02-29,1714.57,1481.127,1482.67515,14.635904,14.531433,-1.160348,4.385745,9.076281,4.48334,-6.243548
2000-03-01,1697.74,1484.948167,1485.58185,13.391809,13.349144,1.652602,5.224705,10.968339,5.519102,-5.314123
2000-03-02,1713.01,1489.088667,1488.5423,14.008776,14.045474,1.122104,5.561608,10.543173,5.719173,-6.158166
2000-03-03,1738.02,1493.615167,1491.67365,15.154707,15.284779,-1.915796,3.516235,9.762362,4.19788,-7.508544
2000-03-06,1681.08,1497.390333,1494.4944,11.571263,11.764849,2.803157,6.890562,12.193838,7.727175,-4.375758
2000-03-07,1694.79,1501.566167,1497.32725,12.105016,12.387715,-0.559152,3.814694,12.764761,6.855717,-5.149311
2000-03-08,1726.03,1506.258167,1500.35375,13.619543,14.012306,-2.615556,2.582766,11.429886,4.921699,-6.866045
2000-03-09,1732.34,1511.206167,1503.65585,13.656498,14.157372,-7.478048,4.33785,10.555676,4.539525,-7.205283
2000-03-10,1705.04,1515.707333,1506.70405,11.770635,12.366405,-2.76147,6.518749,10.867576,6.735912,-5.719514
2000-03-13,1728.87,1520.403333,1509.84845,12.849237,13.545873,-1.728692,5.469262,10.096941,5.621591,-7.019036
2000-03-14,1685.34,1524.561833,1512.83085,10.026028,10.798469,1.471316,7.751183,14.003485,8.349651,-4.617466
2000-03-15,1681.47,1528.6325,1515.92185,9.529487,10.364468,2.291166,7.217667,13.903742,8.599023,-4.397938
2000-03-16,1607.52,1531.641333,1518.6317,4.835269,5.688289,8.334478,13.046452,18.916992,13.935752,3.177565
2000-03-17,1658.6,1535.480333,1521.62535,7.713062,8.61948,4.243073,10.03401,14.995938,10.554685,2.450259
2000-03-20,1699.24,1540.053667,1524.57615,9.836383,10.846466,4.413188,5.485178,11.964096,7.910595,0.652056
2000-03-21,1710.32,1544.947,1527.38925,10.169088,11.312058,4.633928,5.857268,10.271775,7.211516,0.591702
2000-03-22,1720.44,1549.8055,1530.14785,10.445063,11.721571,3.896493,6.103073,10.616057,6.580875,0.584153
2000-03-23,1747.24,1555.307833,1532.8158,11.636391,13.093096,3.583074,5.553613,9.110564,5.710721,-0.958655
2000-03-24,1730.49,1560.445,1535.45385,10.343357,11.95786,3.950427,6.193689,11.408747,6.733931,1.74517
2000-03-27,1775.91,1565.859333,1538.1532,12.58782,14.373049,1.40291,3.403312,9.281359,4.004144,-0.857025
2000-03-28,1791.44,1571.802333,1540.6953,13.079682,15.078596,-1.731399,2.318513,8.115679,3.102532,-1.716496
2000-03-29,1788.8,1577.9565,1543.25355,12.541435,14.765212,-0.989337,2.428348,8.499123,3.254696,-1.571445
2000-03-30,1810.98,1584.881333,1545.91185,13.33586,15.82542,-0.101654,-0.229421,6.740647,1.990083,-2.776949
2000-03-31,1800.22,1591.759833,1548.355,12.306866,15.07158,1.086718,1.985469,6.862618,2.599682,-2.195843
2000-04-03,1801,1598.952167,1550.92035,11.899355,14.949354,1.381857,1.95903,5.120917,2.555247,-2.238201
2000-04-04,1760.69,1605.707667,1553.3822,9.21412,12.527116,3.377337,2.575745,8.031311,4.903191,0.596357
2000-04-05,1771.19,1612.805,1555.8103,9.367674,12.965513,2.019345,-1.050559,7.502219,4.281302,-1.04506
2000-04-06,1809.14,1620.477,1558.22345,11.013104,14.930524,1.230555,-4.818122,5.03435,2.093813,-4.703892
2000-04-07,1819.89,1628.193167,1560.6547,11.130515,15.367065,0.753791,-5.610299,6.01885,1.490749,-5.455824
2000-04-10,1826.06,1635.851167,1563.042,10.999738,15.552672,-1.712776,-6.884189,6.465283,1.147826,-6.652574
2000-04-11,1821.17,1642.7645,1565.32615,10.309866,15.138495,-0.422599,-5.45246,7.374079,1.419417,-6.401928
2000-04-12,1807.32,1649.391833,1567.5108,9.143845,14.23562,1.176572,-4.639197,8.789766,2.196623,-5.68466
2000-04-13,1831.54,1655.5185,1569.53,10.104289,15.438093,0.841639,-4.067891,7.753558,0.84519,-6.931872
2000-04-14,1833.66,1660.802833,1571.76035,9.901285,15.411774,0.402752,-3.092607,8.040761,0.728597,-7.039473
2000-04-17,1795.05,1664.9685,1573.4348,7.522667,13.177188,2.331321,1.639915,9.931067,2.895184,-5.039971
2000-04-18,1813.49,1670.530333,1574.99725,8.211202,14.099964,1.095173,1.019331,9.487948,1.848921,-6.005547
2000-04-19,1828.71,1677.041833,1576.64625,8.657937,14.831084,0.221768,1.453801,8.874607,1.46442,-6.787845
2000-04-20,1847.02,1684.084833,1578.14935,9.235124,15.732067,-2.19996,1.807052,7.534472,1.823478,-7.711882
2000-04-21,1841.06,1691.2885,1579.53245,8.485083,15.321261,-0.257792,2.072282,8.0969,2.153107,-7.413121
2000-04-24,1837.39,1698.022833,1580.6869,7.888155,15.048659,-0.041372,3.284442,7.940154,3.338975,-7.228188
2000-04-25,1833.46,1704.8035,1581.58365,7.275504,14.777824,-1.474166,2.372023,8.522582,3.560481,-7.029333
2000-04-26,1832.77,1711.337667,1582.77825,6.855316,14.664679,-4.468244,3.315286,9.345483,3.59947,-6.994331
2000-04-27,1806.83,1717.003833,1583.3466,5.099311,13.203322,-4.690355,5.210986,10.772926,5.349147,-5.659082
2000-04-28,1836.32,1723.191167,1583.8322,6.358567,14.791622,-6.50905,4.260658,9.175825,4.352727,-7.174131
2000-05-08,1836.63,1729.179333,1584.56825,6.028545,14.76204,-7.461362,3.344245,9.691114,4.335114,-7.189799
2000-05-09,1806.63,1734.6815,1585.7975,4.063941,13.03758,-4.650868,6.374322,11.566082,6.581868,-5.648639
2000-05-10,1752.68,1739.207667,1586.49325,0.77164,9.961997,-1.569293,9.897679,14.722467,10.404067,-2.744369
2000-05-11,1724.04,1742.829,1587.2044,-1.083928,8.269614,1.980786,11.035948,16.646406,12.238115,-1.128744
2000-05-12,1720.6,1745.9225,1588.22115,-1.461,8.005845,3.271483,9.959126,16.356801,12.462513,-0.931071
2000-05-15,1704.58,1746.433167,1588.9008,-2.425677,7.027629,6.811328,11.511868,17.93418,13.519459,1.170376
2000-05-16,1724.53,1747.330833,1589.63355,-1.313484,8.145103,6.049193,11.704762,17.284134,12.417296,0.049869
2000-05-17,1725.39,1747.869,1590.33675,-1.294422,8.150733,7.26957,11.325272,17.782552,12.361263,1.920725
2000-05-18,1758.53,1749.833833,1591.33075,0.49574,9.990762,6.716582,9.938431,16.11071,10.449068,1.096939
2000-05-19,1777.82,1751.662667,1592.59575,1.482246,11.002266,5.567641,8.054536,14.860852,9.250655,2.638625
2000-05-22,1824.73,1754.122667,1593.9218,3.94632,13.523451,3.975848,4.839002,12.915543,6.442049,0.402251
2000-05-23,1832.07,1757.452333,1595.3355,4.158125,13.836242,2.447865,3.395177,12.53914,6.0156,1.278335
2000-05-24,1855.49,1761.795,1597.01425,5.181564,15.001302,2.083253,3.059183,11.588116,4.677471,1.184593
2000-05-25,1880.7,1765.901667,1599.0224,6.298263,16.225161,1.203974,1.7499,10.627571,3.274313,-0.171745
2000-05-26,1879.61,1770.035667,1600.54745,6.006461,16.071858,1.930584,3.142777,10.618588,3.334202,-0.113853
2000-05-29,1898.74,1773.267167,1601.9921,6.836681,16.994259,0.018432,2.593605,10.487639,2.627532,-1.120217
2000-05-30,1877.47,1775.982167,1603.6258,5.557152,15.765794,2.528132,3.425143,9.989144,3.790207,0.909735
2000-05-31,1894.55,1779.262333,1605.16865,6.278248,16.575251,2.114149,2.755489,8.270956,2.854504,0.041699
2000-06-01,1903.48,1782.436833,1606.6759,6.570235,16.95164,1.134607,1.759081,8.442505,2.371971,-0.427638
2000-06-02,1916.25,1785.407333,1608.3036,7.072356,17.519019,-0.810582,0.616491,8.521372,1.689759,-1.091194
2000-06-05,1899.09,1789.040833,1609.8131,5.96952,16.525674,0.706261,-0.182359,10.083867,2.608618,-0.197463
2000-06-06,1925.54,1792.886667,1611.4615,7.137946,17.806492,0.679572,-0.918756,8.933227,1.199144,-1.568391
2000-06-07,1935.03,1796.37,1613.1294,7.435487,18.194681,-0.1417,-1.3449,7.038757,0.702831,-2.051131
2000-06-08,1925.2,1799.584333,1614.67405,6.747415,17.589675,0.883268,-1.183477,4.865659,1.217016,-1.551008
2000-06-09,1900.78,1802.846667,1616.04375,5.289743,16.22833,1.366892,1.670023,5.080785,2.517388,-0.286198
2000-06-12,1912.55,1805.908,1617.3609,5.737392,16.764168,0.138463,1.837604,4.999575,1.886487,-0.899846
2000-06-13,1938.67,1810.130167,1618.7866,6.860341,18.032531,-2.260393,1.121777,1.287411,1.128093,-2.235037
2000-06-14,1932.29,1814.3105,1620.2151,6.300032,17.614691,-0.996518,2.103691,-0.331244,2.125975,-1.912239
2000-06-15,1942.28,1819.889833,1621.78235,6.508657,18.033678,-1.47195,1.883018,0.430524,1.900859,-2.416747
2000-06-16,1926.94,1824.362167,1623.40635,5.470282,17.140663,0.655883,3.078833,1.665912,3.126719,-1.639906
2000-06-19,1915.2,1827.9615,1625.06535,4.662064,16.427403,1.730451,3.452149,2.924648,3.758876,-1.036967
2000-06-20,1895.34,1831.045167,1626.66385,3.451131,15.286704,2.477831,5.07344,4.32389,5.204343,0.015301
2000-06-21,1913.13,1834.256667,1628.37,4.210133,16.116113,1.779558,4.361622,3.885616,4.458139,-0.914731
2000-06-22,1913.9,1837.034333,1630.1392,4.099055,16.047764,1.213156,3.977521,3.370124,4.416114,-0.954595
2000-06-23,1939.62,1840.519833,1631.9553,5.244403,17.271321,-0.595702,2.881842,1.981152,3.031522,-2.26797
2000-06-26,1948.63,1843.3985,1633.78885,5.551568,17.62248,-2.757532,2.062107,-0.096525,2.555128,-2.71986
2000-06-27,1942.89,1845.922667,1635.3146,5.119731,17.234135,-1.815767,2.725415,-2.066615,2.858113,-2.432459
2000-06-28,1947.48,1848.567333,1636.90735,5.21253,17.372753,-1.98624,3.274709,-1.302425,3.328917,-2.662415
2000-06-29,1937.26,1850.672,1638.3687,4.572579,16.757355,-1.807951,3.802859,-1.558597,3.876093,-2.148911
2000-06-30,1928.1,1852.803333,1639.7669,3.983525,16.198096,0.242949,4.298676,-1.891116,4.392407,-1.684041
2000-07-03,1895.63,1854.3805,1641.11625,2.200056,14.417459,2.726223,6.529227,-1.045736,6.747097,0.36505
2000-07-04,1907.93,1856.8345,1642.46475,2.714573,14.982087,2.720106,6.110516,-1.059616,6.30107,-0.281981
2000-07-05,1909.18,1859.134333,1643.84115,2.656286,14.963816,3.306891,6.169688,0.256326,6.363989,-0.34727
2000-07-06,1902.55,1860.691167,1645.25875,2.224708,14.529742,3.949763,6.793934,-0.699929,7.030039,1.589446
2000-07-07,1932.79,1862.572833,1646.78715,3.700578,16.013835,2.775703,4.727653,-1.177755,5.355471,0.78798
2000-07-10,1948.02,1864.6055,1648.5295,4.376397,16.692979,1.753007,4.584708,-1.69131,4.69143,0.642704
2000-07-11,1960.54,1866.928333,1650.27245,4.892547,17.227955,1.69127,4.457594,-0.942949,4.558438,0.654412
2000-07-12,1973.37,1869.695833,1652.1999,5.396698,17.763507,1.261413,4.353589,-2.029713,4.449748,0.295434
2000-07-13,1979.2,1872.156833,1654.29255,5.560157,17.931927,0.622553,4.289261,-2.708128,4.382579,0.165218
2000-07-14,1987.19,1874.715667,1656.41455,5.826458,18.206622,0.458891,3.727483,-3.53604,3.962882,-0.237521
2000-07-17,1982.47,1877.839333,1658.46895,5.422172,17.844868,0.340409,4.624392,-4.101706,4.732985,0.340989
2000-07-18,1993.98,1880.8475,1660.06325,5.841017,18.327694,0.129807,4.070524,-4.329645,4.154505,-0.238217
2000-07-19,1998.42,1883.676,1661.75575,5.913168,18.448214,0.692645,4.16731,-3.855361,4.255362,-0.459863
2000-07-20,1991.56,1886.085,1663.36285,5.4415,18.007688,1.038494,4.900151,-4.002603,5.022194,-0.116994
2000-07-21,1996.33,1888.672833,1664.98005,5.543612,18.149735,0.821132,4.593969,-2.478967,4.771255,-0.355653
2000-07-24,1989.23,1891.2035,1666.6122,5.053423,17.695469,1.709588,5.831927,-1.534922,6.005339,0.368987
2000-07-25,1996.57,1893.922,1668.3675,5.27809,17.95851,1.569334,3.838586,-2.035533,5.615631,0.788352
2000-07-26,2012.31,1896.914333,1670.1863,5.905479,18.634814,0.90874,2.240759,-1.757633,4.789521,0.001988
2000-07-27,2012.35,1900.339667,1672.0789,5.727055,18.523549,1.183124,2.880564,-2.245309,4.787438,0.021865
2000-07-28,2012.79,1903.280833,1674.01495,5.594267,18.429692,0.671926,3.606205,-2.280895,4.764531,0.533588
2000-07-31,2023.53,1906.395833,1676.04735,5.962905,18.840526,0.781704,3.736999,-2.499943,4.208487,0.139855
2000-08-01,2028.15,1910.087833,1678.1671,5.997482,18.942186,1.067184,3.741467,-3.352673,3.971107,-0.088258
2000-08-02,2030.68,1914.721167,1680.2239,5.879871,18.944365,1.490792,2.213969,-2.660809,3.84157,-0.212737
2000-08-03,2036.3,1919.9255,1682.39465,5.884805,19.091627,1.445089,-0.744799,-2.588839,3.554977,-0.742032
2000-08-04,2026.36,1925.0215,1684.5693,5.130394,18.473116,1.775533,-1.31689,-2.232134,4.06295,-1.308257
2000-08-07,2039.41,1930.602,1686.8416,5.482868,18.980265,1.792691,-1.422737,-2.393814,3.397061,-1.939777
2000-08-08,2049.91,1936.025,1689.23765,5.715899,19.351856,1.304199,-4.291961,-2.611478,2.867443,-4.20116
2000-08-09,2061.18,1941.6215,1691.871,5.975519,19.744362,1.075134,-6.788524,-2.370217,2.30499,-6.563231
2000-08-10,2065.94,1946.745,1694.5883,5.942658,19.814551,1.233443,-5.741755,-1.632861,2.069276,-6.778512
2000-08-11,2062.66,1951.492333,1697.21265,5.540203,19.500912,1.325377,-5.140404,-0.74013,2.231584,-6.630274
2000-08-14,2076.3,1955.685167,1700.05705,5.984686,19.992565,1.547944,-5.151892,-0.266212,1.559987,-7.243655
2000-08-15,2076.82,1959.764333,1702.89755,5.801365,19.850664,-0.102131,-4.820073,0.398373,1.534558,-7.266879
2000-08-16,2083.46,1963.563833,1705.5959,5.926887,20.011542,-1.233907,-4.643317,-0.074903,1.210966,-7.56242
2000-08-17,2091.58,1967.0785,1708.5455,6.137031,20.227734,-0.981092,-5.507547,0.210146,0.818042,-7.921284
2000-08-18,2090.18,1970.588,1711.6419,5.891821,19.97971,-0.166632,-5.494659,0.145814,0.88557,-7.85961
2000-08-21,2108.69,1974.087167,1714.75625,6.59608,20.679596,-0.38534,-7.990559,-0.347263,-0.152701,-8.668415
2000-08-22,2074.7,1977.374333,1717.8371,4.804669,18.875057,1.472216,-8.630616,1.115841,1.483106,-8.268665
2000-08-23,2057.91,1980.097,1720.63935,3.854507,17.899497,0.88195,-6.817892,2.65598,2.311083,-7.520251
2000-08-24,2071.16,1982.891667,1723.65385,4.355262,18.366247,-2.442239,-8.242021,2.303835,1.65656,-8.111879
2000-08-25,2086.7,1985.7325,1726.67405,4.959601,18.938683,-4.251169,-9.795997,-1.610152,0.899506,-9.33148
2000-08-28,2100.58,1989.090667,1729.49285,5.453591,19.438528,-4.378031,-11.311962,-2.453469,0.232793,-10.695617
2000-08-29,2105.47,1992.0895,1732.4476,5.535463,19.500351,-6.966244,-10.9116,-1.246414,-1.393038,-10.903029
2000-08-30,2076.14,1994.441333,1735.3055,4.014642,17.932692,-7.511701,-8.127331,-0.417509,-2.646739,-9.64434
2000-08-31,2021.19,1996.041167,1737.946,1.252064,15.098249,-3.551867,-6.749064,2.41568,-0.523949,-7.187845
2000-09-01,1999.85,1997.692333,1740.50795,0.10795,13.889518,-2.047981,-4.588517,4.017994,0.53754,-6.197465
2000-09-04,2010.6,1999.3265,1743.18255,0.562281,14.272069,-1.936465,-4.853281,3.97495,-1.077788,-6.698995
2000-09-05,1963.79,1999.745167,1745.6774,-1.814348,11.77336,0.776086,-1.108582,6.308651,1.280178,-4.47502
2000-09-06,1925.9,1999.638667,1747.98075,-3.757311,9.693213,3.220341,0.405222,7.486651,3.272756,-2.59567
2000-09-07,1950.66,1999.778333,1750.3772,-2.486856,10.833647,1.467651,-1.255633,6.181265,1.9619,-3.832036
2000-09-08,1959.31,2000.317833,1752.8536,-2.071371,11.134728,0.971123,-2.123119,5.648164,1.511757,-4.256601
2000-09-11,1972.04,2001.265167,1755.46305,-1.471102,11.633587,-1.290722,-3.574205,3.685234,0.856473,-4.874648
2000-09-12,1979.09,2002.661,1758.139,-1.183965,11.838128,-3.912673,-3.580095,3.960757,0.497198,-5.213507
2000-09-13,1988.93,2003.924333,1760.83205,-0.751062,12.181035,-3.408482,-3.379355,3.322391,-0.474124,-5.682452
2000-09-14,1979.5,2005.017667,1763.4719,-1.280858,11.555975,-3.715566,-3.395207,3.551732,-0.054054,-5.23314
2000-09-15,1978.43,2005.6645,1766.2075,-1.367183,11.346901,-4.46797,-1.578278,3.033243,-1.565888,-5.181887
2000-09-18,1946.75,2005.633167,1768.6273,-2.979849,9.595761,-3.706744,0.623709,4.901151,0.625658,-3.638885
2000-09-19,1903.15,2004.970833,1770.7308,-5.211911,7.211807,-0.808768,2.756497,7.38561,2.93093,-1.431311
2000-09-20,1922.28,2004.550833,1772.99985,-4.190803,8.083904,-0.427489,2.819501,7.464514,2.859625,-2.41224
2000-09-21,1907.3,2004.0515,1775.21345,-4.948225,7.176796,-0.949283,3.116147,8.517814,3.667488,-1.645782
2000-09-22,1891.98,2003.4495,1777.3412,-5.724655,6.250536,0.956311,3.908897,8.980876,4.506919,-0.849375
2000-09-25,1875.91,2003.120833,1779.4479,-6.561251,5.279073,2.08065,5.075021,9.757028,5.402178,0.634892
2000-09-26,1887.82,2002.785667,1781.6658,-5.911632,5.787395,2.836773,3.81746,9.514547,4.73721,0.077338
2000-09-27,1914.08,2002.867333,1784.01365,-4.534273,7.03714,1.020852,3.252553,7.261416,3.306027,-1.295662
2000-09-28,1889.28,2002.646167,1786.28275,-5.827359,5.605902,1.941564,4.905024,8.344724,5.027312,0.715617
2000-09-29,1910.16,2002.269,1788.6587,-4.709403,6.5721,0.417417,3.673273,8.203652,3.879256,-0.385308
2000-10-09,1915.35,2001.7245,1790.9999,-4.410869,6.712631,-0.657389,3.882203,9.368323,3.958545,-0.655233
2000-10-10,1942.14,2001.417833,1793.53145,-3.006539,7.96039,-1.695427,2.789065,8.945886,2.828323,-2.025601
2000-10-11,1933.72,2000.757,1796.0139,-3.408,7.38759,-0.564235,4.013086,9.074331,4.094698,-1.598991
2000-10-12,1926.32,1999.875667,1798.51055,-3.747356,6.86526,-0.671923,5.364528,9.830152,5.511026,-1.220981
2000-10-13,1918.15,1998.725,1800.96,-4.11483,6.304132,1.515964,6.523394,9.155664,6.74087,-0.80025
2000-10-16,1902.8,1997.397167,1803.3498,-4.851843,5.368055,2.907192,8.459886,9.914881,8.828043,0.351587
2000-10-17,1909.49,1995.989,1805.81365,-4.430348,5.582492,2.423919,8.798542,10.722263,9.19722,0.205814
2000-10-18,1922.84,1994.729333,1808.2832,-3.670511,6.142537,2.790373,7.947768,9.720709,8.43908,-0.4899
2000-10-19,1913.42,1993.427,1810.7648,-4.096305,5.514292,2.795788,9.112901,9.529973,9.541031,1.778491
2000-10-20,1947.45,1992.612333,1813.39075,-2.292568,7.132239,1.019205,7.21875,4.271622,7.626897,0.456494
2000-10-23,1958.93,1992.107333,1815.93015,-1.679463,7.580059,0.744568,7.019587,4.342961,7.271827,-0.132215
2000-10-24,1956.34,1991.436833,1818.53755,-1.778102,7.304275,0.252194,6.98996,3.921403,7.413844,0.252512
2000-10-25,1977.25,1990.8525,1821.32605,-0.685595,8.214216,0.005563,6.654372,3.276617,6.880769,-0.807687
2000-10-26,1967.67,1990.107833,1824.18695,-1.133872,7.571572,0.839595,7.429708,4.857064,7.712675,-0.32475
2000-10-27,1967.4,1989.351333,1827.0864,-1.109575,7.399031,0.720686,4.276947,2.044127,7.727458,-0.31107
2000-10-30,1973.57,1988.518667,1830.10695,-0.754589,7.546968,0.887832,3.783472,1.095534,7.390668,-0.622729
2000-10-31,1961.28,1987.404167,1833.13655,-1.323203,6.756886,1.808379,5.847726,0.946417,8.063612,0.819873
2000-11-01,1977.36,1986.5155,1836.2966,-0.461948,7.40118,1.781385,4.457269,-2.417526,7.184832,0.215944
2000-11-02,1984.26,1985.648167,1839.4738,-0.069934,7.57665,2.401067,4.25972,-1.384869,6.812111,-0.132543
2000-11-03,1981.63,1984.902667,1842.59735,-0.165014,7.274356,3.267538,4.933238,-1.035301,6.953871,0.481422
2000-11-06,1991.17,1984.098667,1845.7203,0.355767,7.58528,3.920294,4.946028,-1.398362,6.441439,0.296308
2000-11-07,1997.07,1983.218,1848.6738,0.696033,7.721259,4.314051,4.628168,-1.710531,6.126976,0.792661
2000-11-08,2012.9,1982.413333,1851.6899,1.526151,8.347779,3.370447,3.068344,-3.355899,5.292364,0.972726
2000-11-09,2032.48,1981.855667,1854.5326,2.522311,9.162403,3.07645,2.072371,-4.555895,4.278025,0.736539
2000-11-10,2047.45,1981.602167,1857.18685,3.268942,9.753222,2.211321,1.24789,-3.9806,3.515593,0.108428
2000-11-13,2070.78,1981.510167,1859.8152,4.406608,10.744822,1.466892,-1.200447,-5.845117,2.349356,-1.19327
2000-11-14,2085.11,1981.648333,1862.84185,5.089262,11.271841,0.615337,-1.25769,-8.807445,1.645956,-1.872323
2000-11-15,2081.9,1981.622333,1866.06125,4.936507,10.945101,1.496977,-1.246023,-8.761328,1.80268,-1.721024
2000-11-16,2095.98,1981.695667,1869.41895,5.606835,11.439356,1.112596,-2.165962,-7.922163,1.118808,-2.381225
2000-11-17,2093.23,1981.7465,1872.8409,5.47298,11.125185,-1.922598,-2.607229,-6.847671,1.251654,-2.573535
2000-11-20,2101.38,1981.624667,1876.18115,5.867722,11.335586,-2.491547,-2.742145,-6.860952,0.858959,-2.951394
2000-11-21,2097.98,1982.012667,1879.53795,5.686215,10.9949,-0.89004,-2.360847,-6.844896,1.022412,-2.794116
2000-11-22,2113.3,1982.935833,1882.90085,6.367222,11.543711,-2.19154,-2.009359,-7.269739,0.290068,-3.498793
2000-11-23,2119.43,1983.740333,1886.1637,6.616306,11.660221,-2.330393,-2.028042,-6.547286,-1.288082,-3.777903
2000-11-24,2053.37,1983.184833,1889.10515,3.477829,8.337909,1.376977,0.795031,-3.426654,1.887629,-0.682293
2000-11-27,2049.67,1982.336333,1891.9668,3.340269,8.006188,2.050388,0.898535,-2.951402,2.071553,-0.503008
2000-11-28,2079.39,1981.901667,1894.98125,4.801776,9.286564,0.588821,-0.150638,-4.335218,0.61268,-1.925084
2000-11-29,2067.49,1981.7575,1897.91315,4.235123,8.558037,0.392459,-0.448406,-3.273823,1.191783,-1.360587
2000-11-30,2070.61,1982.581167,1900.7324,4.344363,8.560396,0.213718,-0.820021,-2.8883,1.039307,-1.509217
2000-12-01,2081.84,1983.947667,1903.46665,4.816349,8.957534,-0.41781,-0.402859,-3.384954,0.494274,-2.040503
2000-12-04,2092.13,1985.3065,1905.5576,5.240938,9.340802,-2.226181,0.540092,-4.569072,0.541553,-2.52231
2000-12-05,2091.67,1987.437833,1907.6626,5.11165,9.208407,-1.571808,1.528652,-3.555363,1.540396,-2.500873
2000-12-06,2075.62,1989.933167,1909.5752,4.215885,8.33791,-0.943919,1.992902,-2.587609,2.32557,-1.746948
2000-12-07,2075.04,1992.006167,1911.7472,4.083818,8.196284,-1.161882,2.393254,-2.676906,2.422122,-1.719485
2000-12-08,2073.16,1993.903667,1913.77255,3.897965,7.999756,-1.643798,1.38438,-1.778735,2.515001,-1.630361
2000-12-11,2046.07,1995.1375,1915.61725,2.520791,6.588099,-0.074805,2.655442,-0.013686,3.872302,-0.327946
2000-12-12,2059.05,1996.470167,1917.75105,3.086401,7.109154,-0.48782,3.181411,0.355841,3.232559,-0.956266
2000-12-13,2056.12,1997.59,1920.057,2.887926,6.846584,0.733641,3.018963,1.516084,3.379667,-0.815128
2000-12-14,2051.07,1998.782833,1922.14085,2.58232,6.492202,1.250516,2.583034,0.119866,3.634201,-0.570922
2000-12-15,2039.36,1999.798333,1924.1798,1.958969,5.813623,1.479663,-0.339899,2.447061,4.229268,-0.339322
2000-12-18,2044.54,2001.428167,1925.87825,2.131182,5.979073,1.149133,0.065519,3.021095,3.965195,-0.59182
2000-12-19,2049.03,2003.8595,1927.55055,2.229144,6.111646,1.320169,-0.70771,2.783692,3.737378,-0.809651
2000-12-20,2071.26,2006.3425,1929.41815,3.18437,7.093864,-0.630587,-1.368396,1.456563,2.624007,-1.874221
2000-12-21,2076.88,2009.168833,1931.2375,3.314565,7.270578,-1.122372,-0.544603,1.713312,2.346308,-2.139748
2000-12-22,2069.76,2012.131833,1932.8962,2.823788,6.841316,0.179087,-3.027852,2.637679,2.69838,-2.982471
2000-12-25,2068.17,2015.336167,1934.83165,2.587814,6.664384,1.691945,-3.586473,2.618958,2.777335,-3.522921
2000-12-26,2076.26,2018.476833,1936.739,2.822501,6.956257,2.268111,-4.750671,0.693552,2.37687,-4.639592
2000-12-27,2058.24,2020.8795,1938.40005,1.831844,5.998833,2.833767,-6.426389,2.606817,3.273185,-6.22425
2000-12-28,2053.7,2023.619833,1940.00685,1.475514,5.695154,3.426992,-4.824569,2.638118,3.501485,-6.016945
2000-12-29,2073.47,2026.341667,1941.849,2.29915,6.558292,1.369428,-5.56568,2.09465,2.514625,-6.913049
2001-01-02,2103.46,2029.476833,1943.72195,3.580557,7.897894,-0.110831,-6.884483,1.18198,1.053027,-8.240233
2001-01-03,2123.89,2032.506,1945.9147,4.39798,8.751716,0.080951,-7.867352,0.352504,0.080983,-9.122883
2001-01-04,2117.4,2035.567333,1948.09435,3.941435,8.333728,0.082143,-8.417145,0.817936,0.38774,-8.844337
2001-01-05,2125.3,2038.883667,1950.68325,4.151053,8.573327,-0.972102,-9.02152,0.941305,0.014586,-9.183174
2001-01-08,2102.06,2041.948833,1952.90055,2.901315,7.360209,-3.368077,-6.61287,3.091033,1.12033,-8.17912
2001-01-09,2101.13,2045.254333,1954.91,2.695315,7.213114,-2.664728,-7.300112,3.532089,1.165087,-8.138478
2001-01-10,2125.61,2048.856333,1956.98645,3.677707,8.265306,-4.376941,-10.731166,2.184738,-0.304383,-10.175432
2001-01-11,2119.14,2052.128,1958.97995,3.213304,7.858644,-3.653719,-10.534269,2.503853,-0.679521,-9.998396
2001-01-12,2104.74,2055.316667,1960.76745,2.376201,7.085599,-1.87712,-8.339235,2.235903,-1.859612,-9.382632
2001-01-15,2032.44,2056.733167,1962.2772,-1.188184,3.513141,-1.20829,-3.900543,5.642613,1.631536,-6.159099
2001-01-16,2045.88,2058.182333,1963.62705,-0.599522,4.103472,-2.502859,-4.184327,5.713262,0.963888,-6.775568
2001-01-17,2034.58,2059.486333,1964.84275,-1.216719,3.487719,-2.722792,-3.776339,4.073981,1.524639,-6.257803
2001-01-18,2043.11,2060.584,1966.1143,-0.851628,3.8414,-5.68858,-3.891984,2.986606,1.100773,-6.649177
2001-01-19,2065.6,2062.216167,1967.3874,0.163953,4.871427,-5.402338,-3.974641,2.368135,-2.787084,-7.665569
2001-02-05,2008.03,2062.893333,1968.42645,-2.695539,1.991967,-2.358741,-1.193833,5.387508,-0.633457,-5.018351
2001-02-06,1995.31,2063.255667,1969.398,-3.348573,1.307151,-1.606065,-0.263464,6.906671,-0.263117,-4.412848
2001-02-07,1979.93,2063.5665,1970.4942,-4.137431,0.477712,-0.84857,0.566092,7.441638,0.567697,-3.670332
2001-02-08,1930.13,2062.779333,1971.2889,-6.646691,-2.110023,0.843012,3.600972,10.661457,3.666592,-1.184894
2001-02-09,1956.97,2062.3245,1972.02805,-5.243639,-0.766512,-0.769959,2.756289,9.657896,2.794626,-2.540151
2001-02-12,1961.22,2061.984333,1972.7347,-5.010206,-0.585402,0.322239,2.583585,10.505148,2.617248,-2.751349
2001-02-13,1963.52,2061.5235,1973.422,-4.870649,-0.503031,-0.526461,1.775319,10.964666,2.497046,-2.865262
2001-02-14,1963.2,2060.959,1974.13215,-4.859561,-0.555309,-2.782864,2.783336,11.365427,2.822433,-2.84943
2001-02-15,1946.47,2059.851833,1974.8279,-5.661658,-1.446378,-2.034982,3.836634,12.000055,3.911183,-2.014416
2001-02-16,1941.96,2058.343167,1975.38,-5.82036,-1.706301,-0.289818,3.951359,12.629023,4.152506,-1.786855
2001-02-19,1967.55,2057.0115,1976.04945,-4.446509,-0.431051,-0.65575,3.449755,11.782652,3.509949,-3.064217
2001-02-20,1953.21,2055.052,1976.84025,-5.082698,-1.202556,0.451058,4.630985,12.366765,4.73989,-2.352538
2001-02-21,1909.32,2052.122167,1977.3194,-7.21273,-3.499493,2.577886,7.905597,14.061415,8.226489,-0.107892
2001-02-22,1907.26,2049.2115,1977.71215,-7.178743,-3.627304,2.988566,9.031389,14.201213,9.451779,1.5247
2001-02-23,1936.34,2046.550833,1978.15875,-5.535626,-2.136689,2.487473,5.876067,12.473076,7.80803,0.947664
2001-02-26,1954.69,2044.241833,1978.7269,-4.479537,-1.222205,1.49842,6.687503,10.895105,6.916186,0.229704
2001-02-27,1962.04,2041.9195,1979.35015,-3.990555,-0.878384,1.418004,7.139903,10.546397,7.40097,-0.145767
2001-02-28,1959.18,2039.606167,1979.97875,-4.023072,-1.056009,1.619639,7.267742,12.100934,7.557754,0.303188
2001-03-01,1965.12,2037.1365,1980.6405,-3.599183,-0.786697,1.804377,6.716944,11.936043,7.232637,0.970933
2001-03-02,1985.11,2034.897833,1981.5319,-2.477128,0.18041,1.328592,6.232555,11.164817,6.430878,-0.045841
2001-03-05,1984.2,2033.745,1982.2713,-2.466311,0.09725,1.418676,6.859364,11.533629,7.100091,0.295333
2001-03-06,1990.06,2032.7515,1983.03845,-2.12255,0.353455,0.432718,6.468894,11.606749,6.78472,0.055777
2001-03-07,1991.17,2031.281167,1983.96115,-1.99443,0.362698,1.368675,4.878132,11.708359,6.725192,0.377667
2001-03-08,2000.9,2030.171333,1985.20225,-1.452311,0.787628,1.078673,5.432234,10.83193,6.206207,-0.11045
2001-03-09,2011.66,2029.188833,1986.64035,-0.867587,1.251531,0.425111,4.706397,9.992437,5.63813,-0.644741
2001-03-12,2012.55,2028.034,1988.1001,-0.766428,1.222312,1.188409,5.076745,9.567826,5.591414,-0.688679
2001-03-13,1998.69,2026.476667,1989.57065,-1.380669,0.45731,2.329206,6.291145,10.634318,6.493253,0.996653
2001-03-14,2018.61,2025.259,1991.04105,-0.328844,1.375151,2.339397,5.436519,10.514648,5.587013,0.080253
2001-03-15,2022.6,2024.375333,1992.5271,-0.087736,1.498008,3.159774,5.398447,8.515932,5.546821,-0.117176
2001-03-16,2020.23,2023.461833,1993.8356,-0.159846,1.315115,1.63489,6.011465,9.021997,6.195829,0.810799
2001-03-19,2036.61,2022.852667,1995.12955,0.677793,2.057768,2.581999,6.254149,6.235236,6.453862,0.450749
2001-03-20,2045.79,2022.848,1996.23485,1.12776,2.452119,2.959976,6.201216,5.91505,6.397529,0.378338
2001-03-21,2066.39,2022.970333,1997.40645,2.123623,3.395356,1.940031,5.010307,4.57485,5.336843,-0.622341
2001-03-22,2087.53,2023.493833,1998.56665,3.115591,4.35513,0.67412,4.006733,4.752722,4.270118,-1.628719
2001-03-23,2053.53,2023.534833,1999.4308,1.471436,2.669772,2.843962,4.699071,7.164786,5.996504,1.770123
2001-03-26,2089.88,2024.376833,2000.48215,3.184473,4.371842,1.67028,2.855652,6.498014,4.15287,0.039715
2001-03-27,2107.25,2025.422,2001.5247,3.960571,5.147454,0.746995,2.757685,5.822638,3.294341,-0.784909
2001-03-28,2106.87,2026.386,2002.6717,3.894952,5.072129,-0.769971,0.582579,5.671743,3.312971,-0.767015
2001-03-29,2101.65,2026.8925,2003.7072,3.621892,4.772369,0.519667,0.161647,5.444655,3.569576,-0.520543
2001-03-30,2112.77,2027.490667,2004.75365,4.120098,5.24787,-0.197566,0.110221,4.861502,3.024466,-1.044127
2001-04-02,2125.08,2028.412667,2005.7978,4.65559,5.776756,-0.363942,-0.278023,3.736241,2.427673,-1.617351
2001-04-03,2123.05,2029.327333,2006.9176,4.514936,5.625372,0.254968,0.70124,4.096649,2.525612,-1.52328
2001-04-04,2090.71,2029.568167,2007.74345,2.968068,4.049229,1.927063,1.997415,5.188502,4.111522,0.685891
2001-04-05,2112.6,2030.474167,2008.6313,3.965007,5.046587,1.044886,1.628251,3.216664,3.032756,-0.35738
2001-04-06,2108.6,2031.389167,2009.5483,3.730434,4.811425,1.73018,2.19521,2.894255,3.228208,-0.168358
2001-04-09,2117.36,2032.120667,2010.6312,4.109012,5.172133,2.365812,2.844818,2.439583,2.885669,-0.581384
2001-04-10,2128.47,2032.5375,2011.7108,4.61184,5.641791,2.239277,2.898203,2.839767,2.94061,-1.100321
2001-04-11,2131.39,2032.6625,2012.6744,4.742784,5.730996,1.913185,3.145571,1.7372,3.195567,-1.235813
2001-04-12,2134.79,2032.952333,2013.6869,4.887919,5.840096,1.768059,2.764974,1.427838,3.031212,-1.393111
2001-04-13,2145.4,2033.287333,2014.7025,5.367216,6.285447,0.322496,2.666199,0.740238,2.70206,-1.880768
2001-04-16,2168.05,2034.387167,2015.90805,6.363352,7.275841,-0.816497,2.078749,-1.011533,2.100505,-2.905837
2001-04-17,2176.67,2035.646167,2017.2154,6.698289,7.607814,-0.483555,1.534564,-1.653252,1.696169,-3.290347
2001-04-18,2172.56,2036.428667,2018.6015,6.470858,7.350125,-2.487697,1.145511,-1.204895,1.888555,-3.107394
2001-04-19,2172.87,2037.324167,2019.9002,6.441161,7.300077,-3.170965,1.163091,-1.046011,1.874019,-3.121218
2001-04-20,2152.33,2038.117333,2021.09235,5.452447,6.291284,-1.744888,1.897938,1.259957,2.846218,-2.196689
2001-04-23,2150.42,2040.083667,2022.14635,5.267235,6.150368,-1.463395,1.351949,0.860306,2.937566,-2.10982
2001-04-24,2166.17,2042.0885,2023.23405,5.898757,6.826339,-1.30945,0.648809,-1.381506,2.189117,-2.82157
2001-04-25,2119.18,2043.4985,2024.1155,3.636593,4.589641,0.644865,4.250613,-0.327549,4.455025,-0.666767
2001-04-26,2105.05,2044.530833,2024.90335,2.917088,3.881725,1.986271,5.057453,-0.526311,5.187525,0.477423
2001-04-27,2115.1,2045.355833,2025.79255,3.353032,4.314109,1.887423,4.82204,-2.362326,4.940192,0.192899
2001-04-30,2119.18,2047.208333,2026.74795,3.455214,4.459671,2.758898,4.952288,-7.970851,5.076964,0.646948
2001-05-08,2137.99,2049.586333,2027.95975,4.222815,5.28359,2.451931,4.436614,-10.73795,4.536504,-0.238542
2001-05-09,2132.89,2052.135667,2029.08455,3.859683,4.989314,3.075219,4.832813,-7.089217,4.951498,0.674671
2001-05-10,2147.28,2055.754833,2030.27505,4.355883,5.603065,2.18161,3.771446,-9.277902,4.248165,0.378153
2001-05-11,2155.4,2059.062,2031.5393,4.572578,5.918254,2.201169,3.09083,-9.570044,3.855433,1.069871
2001-05-14,2178.46,2062.682667,2032.76765,5.46108,6.921997,1.599743,1.646263,-14.62194,2.756075,0.056462
2001-05-15,2191.06,2066.475,2033.98285,5.854119,7.438958,0.875638,1.44497,-14.046527,2.165162,-0.518927
2001-05-16,2199.5,2070.413333,2035.17765,6.04818,7.764695,-0.086876,1.932558,-14.892679,1.951353,-0.900659
2001-05-17,2194.64,2074.5495,2036.284,5.6274,7.489145,0.166176,0.352511,-13.130507,2.177122,-0.681205
2001-05-18,2203.37,2078.906333,2037.40485,5.814605,7.831114,-0.445765,0.344333,-11.958247,1.772285,-1.074717
2001-05-21,2213.59,2083.007,2038.53685,6.080311,8.238331,-1.543297,-2.097661,-12.417429,1.302409,-2.075813
2001-05-22,2210.33,2087.292333,2039.67615,5.727413,8.035078,-1.36931,-1.820731,-13.069099,1.451819,-1.931386
2001-05-23,2197.59,2092.096833,2040.6942,4.919447,7.407126,0.617405,-1.580968,-12.089183,2.039962,-1.568536
2001-05-24,2198.29,2096.947333,2041.69355,4.719715,7.390015,0.723396,-0.417101,-13.554212,2.007469,-1.59988
2001-05-25,2193.57,2101.2345,2042.7036,4.300532,7.125613,1.179214,0.567777,-13.1124,2.226963,-1.388148
2001-05-28,2179.69,2104.9845,2043.6204,3.487456,6.445972,2.136944,2.290412,-11.934411,2.877932,-0.7602
2001-05-29,2180.27,2108.621667,2044.5756,3.341423,6.425848,2.478356,2.416143,-11.734339,2.850564,-0.7866
2001-05-30,2211.2,2112.822,2045.64875,4.551086,7.782038,1.227064,0.838551,-14.987258,1.411903,-2.174385
2001-05-31,2214.25,2116.974167,2046.65845,4.492596,7.870531,0.700263,0.225556,-15.148741,1.272214,-2.309134
2001-06-01,2219.59,2120.882167,2047.69465,4.549038,8.060789,0.156213,-0.070759,-16.244022,1.028568,-2.544164
2001-06-04,2226.77,2124.925,2048.76455,4.68156,8.331515,-0.547127,-0.938025,-19.774,0.702812,-2.8584
2001-06-05,2234.98,2129.007,2049.8218,4.857661,8.647942,-0.539714,-1.041205,-19.263144,0.332889,-3.215241
2001-06-06,2238.5,2133.129167,2050.87355,4.8216,8.754017,0.174964,-1.641725,-19.195639,0.175117,-3.367434
2001-06-07,2229.81,2136.944333,2051.8692,4.253945,8.31652,-1.237325,-2.183033,-19.235192,0.565519,-2.990838
2001-06-08,2223.06,2140.467667,2052.803,3.786028,7.967845,-0.545329,-2.391785,-19.231437,0.870872,-2.696284
2001-06-11,2214.62,2143.8355,2053.7443,3.248432,7.541622,-2.144181,-2.051497,-19.778948,1.255294,-2.325455
2001-06-12,2222.95,2147.573167,2054.662,3.44967,7.872379,-2.390062,-1.503406,-17.699064,0.875863,-2.691469
2001-06-13,2242.42,2151.303333,2055.62455,4.148178,8.697592,-3.600402,-3.340929,-18.254277,-0.393771,-3.536358
2001-06-14,2202.39,2154.299833,2056.3306,2.207737,6.862,-0.603436,-1.689647,-16.812829,1.416643,-1.783063
2001-06-15,2210.97,2157.478833,2057.05575,2.4491,7.215562,-0.222321,-2.270293,-20.074558,1.02308,-2.244716
2001-06-18,2167.64,2159.662667,2057.58065,0.368698,5.210817,2.844777,-0.99262,-15.493525,3.042479,-0.98771
2001-06-19,2170.45,2161.740333,2058.0514,0.402091,5.317491,2.867564,-1.367085,-15.232784,2.909074,-1.357783
2001-06-20,2163.12,2163.3525,2058.4829,-0.010748,4.958237,3.036924,-0.769438,-15.496157,3.257794,-1.023522
2001-06-21,2189.14,2165.046,2059.0113,1.106716,6.128286,1.366053,-1.792001,-17.379755,2.030478,-2.199951
2001-06-22,2206.06,2167.588167,2059.5837,1.759301,6.870424,0.540679,-1.205757,-19.326212,1.247926,-2.950056
2001-06-25,2230.19,2169.926667,2060.28375,2.739341,7.924307,-1.091493,-2.782055,-22.289248,0.152453,-4.000108
2001-06-26,2233.59,2172.032333,2060.90825,2.794687,8.046337,-0.978993,-4.446458,-21.659045,-0.168787,-4.349052
2001-06-27,2229.82,2174.0815,2061.68385,2.531459,7.839781,-1.253212,-5.416713,-20.160743,-0.474029,-5.272623
2001-06-28,2219.25,2176.0415,2062.49055,1.96619,7.325504,-1.708325,-5.809319,-19.920681,-0.055424,-5.643799
2001-06-29,2218.02,2177.795667,2063.22485,1.83017,7.234469,-2.164814,-7.113607,-20.493583,-0.279078,-6.866485
2001-07-02,2205.98,2179.144,2063.82125,1.223972,6.661261,-1.660599,-11.985115,-20.618912,0.265188,-11.294753
2001-07-03,2211.83,2180.623667,2064.3775,1.420931,6.89915,-1.001915,-14.13336,-20.943936,-0.442168,-13.180036
2001-07-04,2202.05,2182.479333,2064.8604,0.892721,6.432612,-1.524239,-10.280304,-21.964725,-0.557208,-12.794442
2001-07-05,2181.66,2183.630333,2065.388,-0.090273,5.476795,-0.743939,-10.866315,-21.197503,0.372194,-11.97941
2001-07-06,2170.52,2184.662333,2066.13465,-0.649451,4.928723,-0.423837,-10.269089,-20.68954,0.887345,-11.527652
2001-07-09,2169.65,2185.533833,2066.98365,-0.729425,4.847549,-1.085305,-14.216706,-22.845225,0.927799,-13.252368
2001-07-10,2189.78,2186.555667,2067.87955,0.147353,5.727737,-2.253741,-13.988091,-22.725285,-0.463974,-14.049813
2001-07-11,2168.74,2187.178167,2068.9043,-0.846585,4.712721,-1.028911,-13.484309,-25.142576,0.501674,-13.215969
2001-07-12,2165.49,2187.689833,2070.10225,-1.019945,4.504866,-0.70579,-11.793371,-27.897534,0.652508,-13.085722
2001-07-13,2161.34,2187.9555,2071.15565,-1.223915,4.262166,0.842215,-10.032286,-24.521911,0.845772,-12.918837
2001-07-16,2146.23,2187.591833,2072.09025,-1.90885,3.515493,1.055342,-9.327147,-24.059505,1.555751,-12.305764
2001-07-17,2140.98,2186.997,2072.93495,-2.12657,3.229821,-0.21181,-9.881284,-25.6919,1.804781,-12.090725
2001-07-18,2146.54,2186.563333,2073.7722,-1.847381,3.448798,-1.610351,-9.738777,-26.729689,1.541085,-12.318429
2001-07-19,2150.26,2186.1865,2074.57885,-1.656994,3.58306,-2.651265,-11.34511,-28.590093,1.365416,-12.47012
2001-07-20,2179.62,2186.641333,2075.57945,-0.321618,4.891018,-5.367172,-12.47442,-32.651564,-0.487241,-13.649168
2001-07-23,2169,2186.951,2076.5323,-0.82421,4.356689,-10.294553,-11.442768,-35.512178,-1.500692,-13.226372
2001-07-24,2136.45,2186.455667,2077.4808,-2.313624,2.798957,-10.665894,-9.704024,-24.598667,-1.13272,-11.904327
2001-07-25,2112.25,2186.340167,2078.5263,-3.447526,1.60946,-6.116803,-10.409095,-20.655798,-0.864008,-10.895017
2001-07-26,2094,2186.156,2079.3849,-4.306864,0.700398,-6.76532,-9.564978,-22.237379,-1.350525,-10.118434
2001-07-27,2065.72,2185.333,2080.177,-5.628939,-0.697415,-5.320295,-9.059656,-20.79537,-3.814651,-8.887942
2001-07-30,1956.82,2182.627,2080.5012,-10.920849,-6.128812,-3.892191,-6.85086,-14.041602,1.53821,-6.621457
2001-07-31,1920.31,2178.999,2080.7232,-12.637897,-8.022889,-0.856646,-4.088579,-13.205133,3.468711,-4.846093
2001-08-01,1986.92,2176.566167,2081.2187,-9.116278,-4.636793,-4.728243,-7.273609,-16.234842,-1.420792,-8.036056
2001-08-02,1957.02,2173.395167,2081.4334,-10.486763,-6.163388,-1.670995,-6.185844,-13.624619,0.085334,-6.631
2001-08-03,1958.69,2170.116667,2081.78045,-10.250505,-6.094763,-0.187034,-6.570563,-14.674886,-0.183286,-6.710608
2001-08-06,1882.12,2165.177667,2081.64025,-14.010362,-10.075736,3.804254,-3.510745,-11.386099,3.877542,-3.449833
2001-08-07,1903.93,2160.392167,2081.58315,-12.636959,-8.920856,1.853066,-2.207567,-13.033635,2.687599,-4.55584
2001-08-08,1895.16,2155.319833,2081.34825,-12.863586,-9.371261,2.716621,-1.42904,-17.302532,3.162794,-4.114165
2001-08-09,1924.59,2150.819,2081.3026,-11.113574,-7.828099,-0.257529,-3.329811,-18.104729,1.585273,-5.580409
2001-08-10,1955.03,2146.68,2081.44615,-9.351692,-6.265738,-1.599919,-7.771978,-18.161082,0.003581,-7.477635
2001-08-13,1955.1,2142.371833,2081.6309,-9.147221,-6.271033,-1.060279,-5.173758,-18.72809,-0.396399,-7.480947
2001-08-14,1939.54,2137.858667,2081.8146,-9.735387,-7.078909,-0.03455,-3.984415,-18.254019,0.402673,-6.738711
2001-08-15,1947.35,2133.688,2082.0039,-9.138246,-6.686137,-2.28067,-4.987942,-18.583505,-0.435464,-7.112743
2001-08-16,1919.64,2129.043833,2081.9879,-10.353531,-8.118549,-0.871134,-4.242645,-16.88847,1.00175,-5.771916
2001-08-17,1924,2124.551,2082.0408,-9.915413,-7.894221,-1.952408,-5.646036,-15.559663,0.772869,-5.985447
2001-08-20,1934.48,2120.464167,2081.97595,-9.179645,-7.347886,-5.702645,-8.064426,-14.70808,0.226934,-7.747819
2001-08-21,1938.87,2116.440833,2081.87565,-8.76305,-7.116391,-5.050449,-7.508562,-13.163591,-1.827353,-7.956696
2001-08-22,1903.44,2111.3115,2081.61115,-10.364654,-8.947941,-2.981316,-4.334934,-10.971064,-0.023641,-6.243433
2001-08-23,1902.99,2106.123833,2081.23985,-10.142288,-8.953746,-3.386187,-4.546384,-10.354106,-0.850766,-6.221262
2001-08-24,1886.8,2100.577333,2080.8355,-10.732996,-9.788722,-2.831202,-4.320319,-9.689295,-0.982086,-5.416578
2001-08-27,1827.25,2093.918667,2080.13475,-13.622517,-12.962057,-0.552075,-1.782937,-6.872514,2.244904,-2.334109
2001-08-28,1843.38,2087.392,2079.4838,-12.43146,-12.051885,1.024366,-2.721997,-6.777187,1.350237,-3.188708
2001-08-29,1847.53,2080.875833,2078.91505,-11.893927,-11.799654,1.116326,-4.410812,-6.28422,1.12258,-4.31495
2001-08-30,1839.63,2074.372833,2078.2264,-12.009439,-12.195037,1.185038,-4.145343,-6.011446,1.556835,-4.060599
2001-08-31,1834.13,2067.890667,2077.47575,-11.995883,-12.458332,-1.38845,-3.849889,-4.81037,1.861373,-3.776722
2001-09-03,1817.19,2061.266833,2076.65355,-12.602941,-13.346638,2.141242,-5.117774,-3.052405,2.810933,-4.989022
2001-09-04,1862.36,2055.257,2076.0095,-9.85564,-10.860304,0.076218,-6.529627,-5.104576,0.317339,-7.293434
2001-09-05,1868.27,2049.021167,2075.3655,-9.234933,-10.512441,-0.842281,-10.229227,-6.812652,-0.240329,-9.723434
2001-09-06,1861.56,2043.340667,2074.6088,-9.31712,-10.835776,-1.170362,-12.774352,-6.1125,0.119255,-11.992093
2001-09-07,1808.84,2036.6385,2073.4906,-11.86149,-13.654771,0.526024,-6.717647,-3.569627,3.037306,-9.427036
2001-09-10,1856.52,2031.453167,2072.53595,-9.004762,-11.006919,-3.950947,-9.5586,-5.984255,0.391054,-11.753173
2001-09-11,1863.78,2026.342,2071.50095,-8.362551,-10.566676,-3.558698,-11.826202,-7.513288,-0.599856,-12.096921
2001-09-12,1852.6,2021.166667,2070.3384,-8.708484,-11.112201,-1.627663,-12.00297,-7.707786,-0.685523,-11.566447
2001-09-13,1839.9,2015.346,2069.1284,-9.107967,-11.741623,-1.174873,-13.002339,-8.61609,-0.935377,-12.19251
2001-09-14,1818.38,2008.884667,2067.7404,-9.963368,-12.851042,-0.626692,-14.531108,-8.18284,0.237024,-13.524676
2001-09-17,1784.6,2001.458167,2066.19725,-11.46817,-14.651554,0.578844,-16.004985,-6.880477,2.134372,-14.789869
2001-09-18,1798.62,1994.208667,2064.68345,-10.322761,-13.795722,-0.263883,-7.38608,-6.389601,1.338248,-15.45407
2001-09-19,1822.69,1987.423167,2063.307,-8.652548,-12.39966,-3.057194,-5.911768,-8.587434,-0.234818,-16.570563
2001-09-20,1818.41,1980.7425,2061.83255,-8.550928,-12.563268,-2.985146,-8.126017,-10.843814,-0.626371,-16.374195
2001-09-21,1807.02,1973.8925,2060.2705,-8.83284,-13.115821,-2.360771,-7.415395,-9.689748,-0.667397,-15.847085
2001-09-24,1794.96,1967.042167,2058.97845,-9.154824,-13.722722,-3.886912,-5.407805,-11.117386,-0.060168,-15.281678
2001-09-25,1793.88,1960.076333,2057.6995,-8.860255,-13.720774,-2.783264,-6.394557,-10.742025,-1.453274,-15.230673
2001-09-26,1767.81,1952.839,2056.1416,-9.954272,-15.108972,-4.70209,-4.550421,-7.893084,-0.162913,-13.980575
2001-09-27,1764.93,1945.8935,2054.6288,-9.761023,-15.198417,-7.44397,-3.293431,-8.08079,-0.003966,-13.840209
2001-09-28,1764.86,1939.1325,2053.10005,-9.416934,-15.12795,-4.256208,-4.254434,-7.369225,-1.1457,-13.836792
2001-10-08,1726.53,1931.747167,2051.3235,-11.231125,-17.237158,-2.299585,-2.757581,-4.778374,1.048925,-11.923917
2001-10-09,1744.64,1924.328167,2049.58605,-9.802867,-16.108962,-5.220356,-4.296441,-7.945107,-1.523523,-12.838179
2001-10-10,1686.61,1916.292667,2047.56075,-12.767182,-19.392861,-2.616024,-5.644265,-5.474402,1.864687,-9.839263
2001-10-11,1638.32,1907.5065,2045.37425,-15.212557,-22.190945,-1.398349,-2.000566,-3.4059,4.867181,-7.181747
2001-10-12,1691.32,1899.672833,2043.45565,-11.617239,-18.913303,-7.287438,-3.671457,-7.995846,1.581014,-10.090344
2001-10-15,1687.28,1892.023667,2041.52625,-11.452921,-19.057992,-10.397331,-3.995732,-6.794862,1.824238,-9.875065
2001-10-16,1655.9,1883.939,2039.5754,-12.902013,-20.839698,0.881423,-2.443403,-7.543,3.75385,-8.16716
2001-10-17,1643.06,1875.547667,2037.49545,-13.234035,-21.516098,4.463539,-1.592594,-10.107151,4.564654,-7.449515
2001-10-18,1615.57,1866.636167,2035.2927,-14.445013,-23.095181,3.701449,0.356513,-10.149115,6.343891,-5.874707
2001-10-19,1572.45,1856.516667,2032.8996,-16.606706,-25.682824,6.489022,4.617481,-6.084961,9.260072,-3.293586
2001-10-22,1520.66,1845.711,2030.3061,-19.372012,-28.904212,11.176023,9.36133,-6.882566,12.981206,4.826194
2001-10-23,1670.56,1837.946167,2028.4362,-9.548983,-19.410625,0.72764,1.731052,-16.571846,2.843358,-4.579901
2001-10-24,1718.06,1831.376333,2026.78135,-6.387203,-16.525325,-1.695846,-0.724361,-22.859914,-0.600095,-7.218025
2001-10-25,1676.49,1824.417833,2024.8075,-8.455862,-18.877231,1.847439,2.318295,-21.018132,2.345376,-4.917417
2001-10-26,1677.87,1817.953667,2022.81245,-8.018638,-18.696371,0.800189,2.04642,-14.944349,2.2612,-4.995619
2001-10-29,1700.47,1813.681167,2020.966,-6.445389,-17.267093,-1.236688,0.318229,-15.493705,0.902104,-6.25827
2001-10-30,1682.76,1809.722,2019.03895,-7.273794,-18.218633,-0.685149,2.339367,-14.785158,2.366945,-5.271696
2001-10-31,1689.17,1804.7595,2017.1035,-6.619006,-17.742529,-5.795934,2.677013,-21.708352,2.713167,-5.631168
2001-11-01,1707.75,1800.605,2015.35105,-5.2946,-16.561668,-6.151105,1.427329,-20.387496,1.595667,-6.657883
2001-11-02,1691.35,1796.149333,2013.5393,-6.011809,-17.436699,-3.673231,3.293953,-19.148632,3.348804,-5.752801
2001-11-05,1679.57,1792.7735,2011.5698,-6.522605,-18.03776,-3.537736,4.822949,-11.864151,4.941146,-5.091779
2001-11-06,1671.27,1788.895833,2009.40885,-6.801476,-18.425676,-3.367317,5.721492,-11.765066,5.888336,-4.620438
2001-11-07,1594.05,1783.877333,2006.75965,-11.251132,-23.024336,1.435647,9.06084,-5.328789,11.017848,0.741507
2001-11-08,1605.87,1778.565333,2004.202,-10.214138,-22.158031,0.95873,8.662418,-5.608755,10.200701,0.626452
2001-11-09,1630.35,1773.154,2001.72725,-8.396517,-20.521572,1.001501,6.819477,-9.284137,8.546018,-0.884473
2001-11-12,1621.19,1767.588833,1999.3229,-8.645593,-20.964813,2.959731,7.570077,-6.748762,9.159321,-0.324453
2001-11-13,1615.93,1762.195333,1996.8969,-8.664974,-21.168378,5.055877,6.756316,-7.004855,9.514645,0.072404
2001-11-14,1617.1,1756.691167,1994.35435,-8.27976,-20.968594,5.331771,5.887778,-5.51837,9.435409,0.262198
2001-11-15,1621.34,1751.7195,1991.86535,-7.734491,-20.581859,5.66323,4.029735,-5.722082,9.149222,1.567839
2001-11-16,1646.76,1747.098833,1989.57545,-5.914688,-18.911155,3.917961,1.730788,-6.811881,7.464354,1.404576
2001-11-19,1669.89,1742.689,1987.7627,-4.267157,-17.425198,2.132921,-0.236823,-9.096009,5.975843,-0.236543
2001-11-20,1699.73,1738.703333,1986.03195,-2.267021,-15.566924,1.335956,-0.734572,-12.331241,4.115359,-1.987963
2001-11-21,1705.66,1735.407,1984.38735,-1.728984,-15.135809,1.705528,-1.951305,-11.077809,3.753386,-2.328717
2001-11-22,1715.81,1732.287333,1982.75085,-0.955742,-14.459993,0.956473,-5.036092,-9.514817,3.139625,-4.911383
2001-11-23,1712.56,1729.383333,1980.98565,-0.977556,-14.56052,2.047723,-4.320772,-8.741702,3.335358,-4.730929
2001-11-26,1705.89,1727.360667,1979.47495,-1.250765,-14.874466,3.268033,-6.027809,-5.599117,3.739397,-5.849732
2001-11-27,1722.59,1725.3475,1978.11135,-0.159951,-13.831355,2.696977,-6.686835,-4.897421,2.733674,-6.762491
2001-11-28,1735,1723.472,1976.8867,0.666655,-13.051582,0.587894,-6.019676,-4.172899,1.998847,-7.429395
2001-11-29,1732.3,1721.683167,1975.89755,0.614761,-13.157275,1.083984,-6.214688,-5.250629,2.157825,-7.285112
2001-11-30,1747.99,1720.2475,1974.85265,1.599838,-12.202723,-0.147707,-6.408744,-7.392536,1.240854,-8.117323
2001-12-03,1762.56,1719.337,1973.85935,2.482855,-11.322339,-0.790608,-6.843742,-5.685209,0.403958,-8.876861
2001-12-04,1769.68,1717.792333,1972.89015,2.97588,-10.870081,-2.332494,-9.370158,-8.776783,-1.045387,-9.243479
2001-12-05,1745.23,1715.741667,1971.8003,1.704091,-12.206063,-1.737415,-8.890978,-7.2068,0.340929,-8.507188
2001-12-06,1751.18,1713.902,1970.82385,2.15172,-11.816181,-3.673953,-10.067752,-5.024853,-0.142761,-9.577542
2001-12-07,1745.41,1712.844833,1969.8411,1.883385,-12.096339,-4.087189,-11.143865,-3.670276,0.187349,-10.545373
2001-12-10,1748.68,1711.0475,1968.74675,2.175546,-11.853596,-4.847169,-10.369208,-3.708378,-1.132283,-10.712652
2001-12-11,1728.88,1708.799167,1967.6251,1.168292,-12.935348,-2.435011,-11.855913,-3.483582,-0.792999,-11.18007
2001-12-12,1715.17,1706.508667,1966.65435,0.506263,-13.68216,-2.507311,-14.402336,-2.352592,-1.583517,-13.413248
2001-12-13,1688.01,1703.977167,1965.5581,-0.941471,-15.222591,-3.402597,-14.535364,-2.309023,-0.042654,-13.528356
2001-12-14,1675.51,1701.596,1964.25395,-1.544904,-15.899491,-2.133599,-12.43323,-1.278195,0.70307,-12.883242
2001-12-17,1665.94,1699.618333,1962.8102,-2.001419,-16.398769,-3.658065,-16.007074,-0.920826,1.281559,-14.791649
2001-12-18,1687.29,1697.762833,1961.43645,-0.618771,-15.05534,-4.616307,-17.568325,-5.067929,-0.8647,-16.111635
2001-12-19,1672.7,1695.263,1960.00405,-1.33988,-15.850745,-2.362843,-20.184248,-3.91308,-1.598015,-18.277635
2001-12-20,1631.54,1692.1485,1958.33615,-3.647467,-18.257086,-0.222123,-18.300335,-3.027838,0.88444,-16.723464
2001-12-21,1640.14,1689.367167,1956.6113,-2.95724,-17.643244,-0.040249,-12.669996,-2.821513,0.355457,-17.16012
2001-12-24,1606.1,1686.2195,1954.7208,-4.868016,-19.643849,2.4521,-9.784124,2.192341,2.482411,-15.404396
2001-12-25,1611.17,1683.174333,1952.82635,-4.372087,-19.231711,0.013654,-10.43769,1.446197,2.159921,-15.6706
2001-12-26,1633.64,1680.938167,1951.0387,-2.854142,-17.755124,-2.283408,-18.365689,0.428185,0.754756,-16.830513
2001-12-27,1627.92,1678.654667,1949.1738,-3.068955,-18.010246,-2.76908,-15.600138,2.403437,1.108777,-16.538282
2001-12-28,1639.48,1676.565,1947.3129,-2.236794,-17.20713,-4.882829,-16.033841,2.302085,0.395857,-17.126772
2001-12-31,1645.97,1675.222333,1945.48,-1.761602,-16.717886,-4.316074,-9.843358,0.216052,-2.100889,-17.453538
2002-01-04,1611.39,1673.0015,1943.5435,-3.752216,-18.741569,-4.818249,-8.1164,2.91058,-0.907912,-15.682113
2002-01-07,1596.76,1671.504,1941.43425,-4.574724,-19.545043,-7.248773,-5.498652,3.249564,-0.832937,-14.909567
2002-01-08,1583.46,1670.589667,1939.23855,-5.356433,-20.268307,-8.141565,-4.203421,3.526073,-0.443333,-14.194864
2002-01-09,1561.35,1668.4235,1936.94415,-6.632834,-21.556072,-5.376553,-4.959748,5.182474,0.966471,-12.979793
2002-01-10,1576.44,1666.576167,1934.6433,-5.560218,-20.475383,-10.485035,-3.949631,3.226912,-2.591282,-13.812768
2002-01-11,1535.59,1664.571,1932.0923,-8.065276,-22.968884,-8.147424,-1.905258,6.28321,-1.127254,-11.520002
2002-01-14,1485.11,1661.9385,1929.1859,-11.249585,-26.160926,-8.289223,2.996188,9.154396,3.041526,-8.512501
2002-01-15,1459.65,1659.339833,1926.0465,-12.822315,-27.727278,-7.167568,4.783547,10.703417,4.899805,-6.916727
2002-01-16,1479.62,1657.792667,1923.17695,-11.37017,-26.219318,-2.370366,3.890561,8.510084,3.967235,-8.173044
2002-01-17,1419.52,1656.107,1919.82515,-15.415088,-30.191533,2.564885,7.147888,12.958567,8.369026,-4.285251
2002-01-18,1415.44,1651.855,1916.3661,-15.445846,-30.29903,2.514329,5.971657,14.76155,8.681399,-4.009354
2002-01-21,1366.97,1646.0035,1912.6666,-18.575362,-33.590178,-0.544285,11.057743,19.771488,12.535023,-0.605719
2002-01-22,1358.69,1640.706833,1908.9518,-18.860614,-34.00333,2.478075,13.82161,20.495441,14.822366,0.063296
2002-01-23,1444.96,1636.825,1905.61275,-12.467675,-27.672197,-3.404093,8.249067,13.412898,8.598854,-5.91089
2002-01-24,1456.4,1632.757167,1902.26935,-11.430246,-26.707993,2.392866,10.212816,12.51591,10.752541,-6.649959
2002-01-25,1451.48,1628.9025,1898.9115,-11.532275,-26.86971,2.334943,12.227104,12.101435,13.006035,-6.333535
2002-01-28,1359.55,1623.408833,1895.2557,-17.737439,-33.22,10.58363,20.212466,17.770153,22.400059,2.444191
2002-01-29,1392.78,1618.159333,1891.6566,-14.998754,-30.61512,8.627637,16.564196,14.879453,19.479746,0.274272
2002-01-30,1396.6,1613.246833,1888.0966,-14.42081,-30.152852,6.191264,15.050048,13.526893,19.152943,6.384792
2002-01-31,1491.67,1610.115167,1884.96815,-7.640941,-23.401463,1.577653,11.001891,3.8036,11.629918,-0.39553
2002-02-01,1485.77,1607.0235,1881.75465,-7.845055,-23.627151,1.392894,8.709775,5.354884,12.073201,0.002019
2002-02-04,1511.33,1605.644833,1878.65435,-6.053538,-21.756569,1.246067,7.182829,1.978537,10.17779,-1.689241
2002-02-05,1518.28,1604.185,1875.5718,-5.503772,-21.133546,0.845403,9.24632,4.496651,9.687278,-2.139263
2002-02-06,1485.8,1601.775833,1872.2738,-7.515956,-23.120028,3.473756,12.433338,5.160654,13.239332,1.126666
2002-02-07,1515.39,1600.0125,1869.0105,-5.433861,-20.973631,0.612484,10.61046,3.642774,11.193818,-0.847967
2002-02-08,1506.61,1598.1905,1865.6602,-5.900996,-21.375289,-0.270508,10.277589,2.805084,11.841817,-0.270143
2002-02-25,1530.28,1596.7435,1862.4488,-4.251552,-19.644146,-0.227668,9.053556,1.605697,10.111875,-1.81274
2002-02-26,1531.17,1595.240667,1859.2403,-4.099246,-19.413581,1.870495,7.442794,1.77045,10.047872,-1.869812
2002-02-27,1538.32,1593.433333,1856.17025,-3.520011,-18.782445,1.98814,7.264473,-0.88211,9.536377,-2.325914
2002-02-28,1524.7,1591.0135,1853.04165,-4.257357,-19.503075,5.629813,7.93836,-0.077422,10.514855,-1.453401
2002-03-01,1502.54,1587.727,1849.7235,-5.514642,-20.787916,8.769776,6.528739,0.874016,12.144768,1.614599
2002-03-04,1526.8,1584.746,1846.7616,-3.72501,-19.025958,8.610439,5.213424,-2.8871,10.36285,2.179722
2002-03-05,1560.08,1582.1505,1844.03675,-1.40479,-16.721995,5.220661,1.450887,-4.561876,8.008564,0.585226
2002-03-06,1569.21,1579.761333,1841.3073,-0.670147,-15.99035,3.396889,1.599417,-7.076695,7.380147,0.871139
2002-03-07,1613,1578.213167,1838.7764,2.18025,-13.100455,3.181941,1.763649,-5.855686,4.464972,-1.867328
2002-03-08,1640.26,1576.841,1836.28775,3.943129,-11.289124,-1.182386,-0.343217,-6.990734,2.728836,-3.498226
2002-03-11,1664.09,1575.659167,1833.94375,5.460472,-9.719028,-2.446008,-1.418592,-9.239212,1.257744,-4.880145
2002-03-12,1643.69,1574.182333,1831.4258,4.320773,-10.815107,1.30976,1.439378,-7.104872,2.514464,-3.699603
2002-03-13,1623.43,1572.106333,1828.76595,3.212486,-11.91002,3.574553,3.285877,-6.265171,3.793819,-2.497798
2002-03-14,1665.15,1570.482833,1826.1994,5.85321,-9.232177,1.186222,-0.942481,-9.667375,1.193286,-4.940696
2002-03-15,1620.98,1568.0045,1823.349,3.322711,-11.764402,2.960708,2.317205,-8.14065,3.950696,-2.35043
2002-03-18,1623.88,1565.982,1820.4709,3.630524,-11.427686,3.116794,1.565386,-8.186305,3.765057,-2.524817
2002-03-19,1665.36,1564.551667,1817.8245,6.244201,-8.759914,-0.958123,-1.516826,-8.865693,1.180526,-4.952683
2002-03-20,1682.51,1563.503333,1815.2202,7.33577,-7.592006,-1.695108,-2.291115,-10.972131,0.149182,-5.92151
2002-03-21,1685.02,1562.442333,1812.57735,7.552724,-7.297235,-2.059617,-3.433917,-10.560321,-0.43679,-6.061649
2002-03-22,1669.69,1561.455833,1809.87415,6.701937,-8.061933,-4.019358,-2.089121,-6.621009,0.477334,-5.199169
2002-03-25,1675.29,1560.791167,1807.26265,7.079343,-7.582707,-4.0678,-2.895348,1.893275,0.141468,-5.51606
2002-03-26,1649.48,1560.149,1804.5186,5.567876,-8.983377,-4.121411,-1.522923,3.403714,1.708417,-4.037636
2002-03-27,1654.23,1559.794333,1801.8219,5.878167,-8.546268,-3.676916,-2.64495,3.485803,1.416369,-4.313185
2002-03-28,1650.67,1559.539833,1799.1768,5.679047,-8.614796,-0.544898,-2.127681,4.320485,1.635094,-4.106817
2002-03-29,1603.91,1558.150167,1796.295,2.894507,-11.328181,1.89782,2.261154,7.727111,4.598138,-1.311171
2002-04-01,1608.51,1557.080333,1793.28155,3.24958,-10.873892,1.978422,3.500321,6.334649,4.29901,-1.5934
2002-04-02,1582.88,1556.269333,1790.1247,1.695447,-12.303931,5.209152,5.222944,8.595209,5.98782,0.734737
2002-04-03,1594.51,1555.508833,1786.9993,2.476376,-11.397137,5.083349,3.564414,8.208658,5.214768,1.037309
2002-04-04,1641.7,1556.102167,1784.07395,5.354821,-8.316719,0.475811,0.539445,4.259565,2.190412,-1.866967
2002-04-05,1634.64,1556.493333,1781.07225,4.898717,-8.579297,1.478036,0.217548,5.217414,2.631772,-1.443131
2002-04-08,1640.65,1556.610167,1778.083,5.258202,-8.044331,0.537971,-1.023721,5.472111,2.255813,-1.804163
2002-04-09,1667.52,1557.270167,1775.27155,6.84031,-6.26159,-1.646444,-3.124122,3.677814,0.608089,-3.386466
2002-04-10,1677.66,1557.9065,1772.54455,7.405703,-5.501615,-2.002439,-4.809033,1.42983,-0.590704,-4.69523
2002-04-11,1649.53,1557.965833,1769.7191,5.710938,-7.033043,-1.305214,-6.25581,2.833623,1.104557,-6.064152
2002-04-12,1658.98,1558.759,1766.89925,6.231296,-6.302322,-1.445618,-5.672096,2.34248,0.528638,-6.599236
2002-04-15,1649.5,1559.638,1763.93465,5.601847,-6.70747,-1.343941,-6.769678,2.303664,1.106396,-6.54562
2002-04-16,1640.29,1560.585167,1761.12415,4.98122,-7.107927,-0.96422,-3.232843,3.081359,1.674094,-6.020887
2002-04-17,1644.4,1561.969333,1758.2913,5.142816,-6.696691,-2.048944,-4.981568,3.426393,1.419971,-6.255777
2002-04-18,1628.14,1562.831,1755.5938,4.093934,-7.536889,-0.753381,-3.533769,4.607406,2.432837,-5.319567
2002-04-19,1635.17,1564.490667,1752.9174,4.418646,-6.953471,0.330916,-5.383384,4.700136,1.992453,-5.726622
2002-04-22,1627.48,1566.8635,1750.2392,3.795696,-7.271966,2.327869,-4.552511,3.2362,2.474378,-5.281171
2002-04-23,1624.55,1569.611833,1747.41625,3.440251,-7.290741,2.624456,-4.14942,2.990148,2.659198,-5.110338
2002-04-24,1611.05,1571.802333,1744.4412,2.46632,-7.954813,2.532448,-5.501633,3.737358,3.519444,-5.353031
2002-04-25,1615.92,1575.075667,1741.36985,2.560114,-7.476762,2.122229,-5.888101,2.998673,3.207461,-5.718105
2002-04-26,1640.59,1578.828167,1738.40485,3.837303,-5.791201,-0.145786,-7.915876,1.025451,1.655502,-7.610677
2002-04-29,1665.81,1583.808833,1735.5848,5.047889,-4.103293,-2.54562,-11.600845,-0.008405,0.11646,-10.95323
2002-04-30,1667.75,1588.959833,1732.8273,4.83958,-3.827894,-3.137914,-11.235707,0.074923,-0.922201,-11.056813
2002-05-08,1652.37,1592.416667,1729.99905,3.695784,-4.591024,-3.290098,-12.240526,-0.047216,-0.108329,-11.521027
2002-05-09,1650.58,1595.653,1727.22205,3.384368,-4.538763,-6.319444,-8.15878,0.147113,-0.750039,-11.425075
2002-05-10,1638.2,1598.765,1724.3539,2.436662,-5.125435,-4.411608,-6.865066,1.43454,-0.870468,-10.755707
2002-05-13,1623.94,1603.1715,1721.46335,1.287144,-5.831942,-5.207987,-6.796899,1.831712,-0.474771,-9.972043
2002-05-14,1616.23,1606.895667,1718.6362,0.579212,-6.143479,-1.755165,-5.420129,3.309854,-1.072867,-9.542577
2002-05-15,1598.89,1610.267167,1715.77805,-0.709047,-7.055701,-2.174975,-4.742015,4.235164,-0.674218,-8.561565
2002-05-16,1549.5,1611.231,1712.6773,-3.906618,-10.012552,1.416827,-2.469084,6.876481,2.491772,-5.646983
2002-05-17,1567.5,1612.593167,1709.5659,-2.836155,-8.675749,-1.156906,-4.785758,4.950382,1.314833,-6.730463
2002-05-20,1541.53,1613.0965,1706.42985,-4.538019,-10.162795,0.873227,-2.982014,5.860434,3.021673,-5.15916
2002-05-21,1588.11,1614.260333,1703.54295,-1.633222,-7.016554,-1.880798,-4.116024,3.009462,-1.038971,-7.940886
2002-05-22,1564.49,1615.571833,1700.5587,-3.212908,-8.339695,-2.569008,-3.699448,5.122554,0.4551,-6.551017
2002-05-23,1571.61,1616.508833,1697.6856,-2.816821,-7.716534,-3.107712,-3.592634,3.915684,-0.832904,-6.974377
2002-05-24,1549.47,1617.223167,1694.72805,-4.279765,-8.960935,-2.201577,0.851496,6.0915,0.855131,-5.645156
2002-05-27,1555.05,1617.636,1691.7706,-3.945812,-8.426797,-4.720466,9.341133,5.580706,9.791325,-5.98373
2002-05-28,1558.52,1618.091833,1688.8119,-3.751092,-8.028861,-4.461831,9.076057,6.989503,9.546878,-6.193055
2002-05-29,1524.81,1617.866667,1685.53785,-5.92386,-10.02149,-4.206445,11.632387,9.307731,12.335963,-4.119202
2002-05-30,1523.52,1617.847,1682.31045,-6.007281,-9.914467,-0.148451,12.336267,10.140065,13.129463,-4.038017
2002-05-31,1515.73,1618.066833,1679.20685,-6.533495,-10.24244,0.905025,13.381834,10.480551,14.318513,-3.544827
2002-06-03,1483.35,1617.342667,1676.06235,-8.648143,-12.214416,2.258326,14.435173,11.893367,16.813968,-1.43931
2002-06-04,1490.51,1616.183167,1673.0449,-8.094896,-11.552692,2.677665,14.607972,11.949091,16.252826,-1.912768
2002-06-05,1462,1614.396333,1670.0263,-9.915574,-13.303401,4.208413,16.88477,13.706396,18.519836,2.205882
2002-06-06,1521.26,1612.867333,1667.8485,-5.847461,-9.199553,-0.629748,11.878901,9.167861,13.902949,-1.775502
2002-06-07,1529.51,1611.0215,1665.8945,-5.192103,-8.541479,-2.332301,11.864931,8.58502,13.28857,-2.305313
2002-06-10,1517.23,1608.573833,1663.54605,-5.846166,-9.206519,-1.393101,13.292731,9.520052,14.216698,-1.514602
2002-06-11,1530.96,1606.695,1661.41575,-4.828428,-8.177511,-0.45106,12.222064,8.93628,13.192376,-2.397842
2002-06-12,1524.84,1605.051833,1659.2465,-5.126656,-8.44741,-1.132407,10.980878,8.731683,13.646678,-2.006112
2002-06-13,1511.71,1602.4945,1657.39445,-5.832002,-9.20053,0.293277,11.558517,8.255783,14.633759,-1.154983
2002-06-14,1494.25,1600.382333,1655.34605,-6.861815,-10.238567,4.480348,12.800334,8.780187,15.973231,0.133177
2002-06-17,1496.24,1598.255,1653.35145,-6.595711,-9.984912,13.196374,12.055356,8.044569,15.818986,0.763915
2002-06-18,1524.07,1595.900167,1651.34885,-4.605356,-8.020805,11.311284,10.430226,6.419112,13.704095,-1.076066
2002-06-19,1507.67,1592.986167,1649.11205,-5.504493,-8.967158,12.762827,12.107409,7.207676,14.940935,0.562457
2002-06-20,1516.15,1590.171667,1646.9173,-4.766775,-8.273101,12.821189,11.73381,6.906278,14.298058,3.071596
2002-06-21,1562.72,1588.388833,1645.0332,-1.62923,-5.133267,10.328762,9.232024,3.954751,10.891906,8.012952
2002-06-24,1707.31,1588.9225,1643.833,7.186292,3.788832,0.373574,-1.552423,-6.236865,1.500606,-1.540435
2002-06-25,1706.59,1589.874333,1642.76775,7.084225,3.811476,1.070084,-1.936489,-6.144824,1.543429,-1.91786
2002-06-26,1712.91,1590.852333,1641.7123,7.392375,4.24539,1.045938,-2.393396,-7.15833,1.168771,-2.364981
2002-06-27,1723.55,1592.067,1640.65765,7.935295,4.928895,-0.605817,-3.449493,-6.236128,0.544226,-3.390676
2002-06-28,1732.76,1594.2145,1639.6271,8.333437,5.524668,-0.611878,-4.440507,-7.664783,0.009811,-4.34336
2002-07-01,1713.7,1595.967667,1638.6784,7.117454,4.476471,1.115884,-2.842733,-6.703371,1.122133,-3.279454
2002-07-02,1724.95,1598.3355,1637.7882,7.623529,5.185139,0.291756,-3.297342,-7.724028,0.462622,-3.910258
2002-07-03,1730.92,1600.609,1637.0088,7.826888,5.578239,-1.695479,-4.69146,-8.000034,0.116123,-4.583112
2002-07-04,1713.14,1601.799667,1636.43825,6.720016,4.580586,-0.950131,-3.573008,-7.607301,1.155189,-3.592818
2002-07-05,1722.19,1603.258833,1635.8323,7.155841,5.144501,-1.396899,-3.565326,-8.51471,0.623625,-4.099432
2002-07-08,1732.93,1604.796833,1635.2593,7.681645,5.801223,-2.630477,-4.664121,-10.321296,-0.169655,-4.693785
2002-07-09,1729.99,1605.838,1634.7111,7.446989,5.664954,-2.242898,-3.492081,-11.934423,-0.932375,-4.531818
2002-07-10,1701.82,1606.240667,1634.04955,5.780181,4.063695,-0.005876,-2.003699,-10.616259,0.707478,-2.951546
2002-07-11,1696.94,1607.030833,1633.4483,5.443836,3.813333,0.468569,-2.212952,-10.745536,0.997089,-2.672457
2002-07-12,1698.3,1607.686167,1632.628,5.483177,3.943676,0.912039,-3.064194,-10.326258,0.91621,-3.017724
2002-07-15,1687.94,1608.326833,1631.72635,4.831445,3.387029,-0.411405,-3.212908,-10.169151,1.5356,-3.161842
2002-07-16,1691.62,1609.182333,1630.87665,4.996047,3.656896,-1.055431,-3.30474,-9.560048,1.314716,-3.372507
2002-07-17,1701.72,1610.137667,1630.34105,5.531982,4.285028,-1.737978,-3.285407,-11.747898,0.713396,-3.946008
2002-07-18,1704.91,1611.417167,1629.583,5.63983,4.518817,-2.362114,-4.225491,-11.510467,0.524954,-4.137462
2002-07-19,1713.86,1612.728667,1628.8334,6.082057,5.088408,-3.343769,-3.99202,-11.679963,-1.916726,-4.638068
2002-07-22,1681.01,1613.620833,1627.97545,4.091418,3.205762,-0.916736,-2.208004,-8.236643,-0.42534,-2.774522
2002-07-23,1673.86,1614.442667,1627.14525,3.614254,2.830524,-0.290769,-0.150065,-7.75486,-0.087224,-2.359218
2002-07-24,1672.4,1615.465167,1626.41535,3.463678,2.78813,-1.252126,0.06874,-8.47396,0.068763,-2.273978
2002-07-25,1665.11,1616.285,1625.8179,2.976088,2.388018,-0.729332,1.253291,-9.097693,1.261178,-1.846124
2002-07-26,1657.5,1616.566833,1625.1123,2.500578,1.973352,0.263303,1.539224,-9.803364,1.726094,-1.395475
2002-07-29,1665.67,1616.5645,1624.3272,2.992423,2.513375,-0.705503,0.300927,-9.753518,1.227134,-1.879124
2002-07-30,1669,1616.585333,1623.58015,3.190854,2.759096,0.097017,0.638461,-10.030707,1.025165,-2.074895
2002-07-31,1651.59,1616.572333,1622.803,2.14304,1.758356,0.992281,1.513086,-9.128581,2.090107,-1.042632
2002-08-01,1653.01,1616.612833,1622.09325,2.226475,1.888042,0.409924,0.861968,-8.998503,2.002408,-1.12764
2002-08-02,1661.87,1617.007333,1621.4332,2.736636,2.463302,-0.895767,0.285415,-8.147385,1.458598,-1.654762
2002-08-05,1653.96,1617.507667,1620.86395,2.228593,2.02131,-1.179264,0.891442,-5.961543,1.94382,-1.18443
2002-08-06,1670.62,1618.414167,1620.3924,3.174805,3.052647,-2.055557,0.206297,-7.328963,0.927201,-2.169853
2002-08-07,1668.06,1619.567,1619.9084,2.950244,2.929167,-1.287584,-0.245496,-7.067459,1.082095,-2.019712
2002-08-08,1659.8,1621.405333,1619.57475,2.340385,2.45335,-1.54397,-1.089782,-8.654703,1.585131,-1.532112
2002-08-09,1647.05,1622.731167,1619.0868,1.487517,1.712352,-0.015787,-0.955953,-9.059166,2.371513,-0.951398
2002-08-12,1634.57,1624.281833,1618.8266,0.6314,0.967821,0.593499,-0.797879,-9.535239,3.153123,-0.794704
2002-08-13,1636.63,1625.0905,1618.81815,0.707574,1.09429,2.099243,-0.706374,-9.355445,3.023286,-0.919573
2002-08-14,1646.72,1626.461,1618.59515,1.237894,1.722685,1.616169,-1.614326,-11.98012,2.392028,-1.601365
2002-08-15,1634.37,1627.507,1618.3306,0.420801,0.986228,3.116669,-0.60204,-11.029676,3.165746,-0.857823
2002-08-16,1646.79,1629.129,1618.28505,1.078242,1.746096,2.187475,-1.285254,-12.637512,2.387675,-1.605548
2002-08-19,1644.3,1630.6165,1618.29125,0.83566,1.594395,1.592195,-2.476438,-11.739313,2.542723,-2.446026
2002-08-20,1671.35,1632.497,1618.57015,2.352094,3.208855,0.497757,-4.05827,-15.887057,0.883118,-4.02489
2002-08-21,1673.55,1634.976,1619.07565,2.331899,3.309172,0.192221,-4.833674,-18.519024,0.7505,-4.718712
2002-08-22,1686.11,1637.685833,1619.9029,2.913993,4.005789,-1.120655,-4.039927,-18.917133,-0.171994,-5.428471
2002-08-23,1683.21,1640.477167,1619.96615,2.571553,3.829743,-0.990506,-4.7635,-18.534535,-0.209124,-5.265534
2002-08-26,1670.69,1643.5995,1619.7293,1.634806,3.097768,-0.114989,-4.161564,-19.757232,0.5387,-4.555603
2002-08-27,1679.69,1646.7525,1619.7453,1.980409,3.634034,-0.335147,-5.065146,-19.743196,-0.173842,-5.067006
2002-08-28,1676.77,1650.332,1619.7398,1.589284,3.46038,-0.766301,-4.821661,-16.79534,-0.161024,-4.901686
2002-08-29,1667.32,1652.766333,1619.57405,0.87671,2.905436,-1.541826,-4.896261,-15.062429,0.404841,-4.778327
2002-08-30,1666.62,1655.0515,1619.49335,0.69655,2.868427,-2.137134,-5.234799,-17.741587,0.447013,-5.100143
2002-09-02,1668.77,1657.577167,1619.39135,0.672983,3.003646,-2.868585,-6.548617,-16.932016,0.317599,-6.3388
2002-09-03,1674.07,1659.962333,1619.22295,0.846288,3.331141,-2.968228,-8.648639,-16.851702,-0.60332,-8.285197
2002-09-04,1663.97,1662.281167,1619.08605,0.101546,2.734449,-2.656414,-8.367064,-16.925442,-1.331755,-8.026587
2002-09-05,1641.81,1664.4495,1618.89725,-1.369515,1.405408,-1.056228,-7.442803,-15.538484,-0.635274,-7.172572
2002-09-06,1631.38,1666.735,1618.6978,-2.144034,0.780428,-0.345088,-6.306111,-15.233281,-0.344494,-6.579093
2002-09-09,1621.58,1668.824,1618.83545,-2.87182,0.169395,-1.08506,-6.158364,-15.853874,0.257773,-6.014504
2002-09-10,1625.11,1670.508,1618.93165,-2.755227,0.380905,-1.252652,-5.548933,-16.407914,0.039997,-6.218656
2002-09-11,1620.35,1672.386,1618.88165,-3.160917,0.09066,-1.60318,-6.848165,-15.772935,0.333878,-6.61894
2002-09-12,1624.56,1674.192833,1618.8985,-3.009415,0.349103,-0.321218,-6.682935,-15.098151,0.073866,-6.860935
2002-09-13,1625.76,1675.2435,1618.94765,-2.998313,0.419906,-1.290772,-6.402689,-14.343589,-0.394277,-6.929682
2002-09-16,1604.08,1673.523,1618.88255,-4.23806,-0.918574,-0.092931,-3.552201,-12.464377,0.951948,-5.671787
2002-09-17,1604.88,1671.827833,1618.80025,-4.086855,-0.86363,-0.50912,-3.546525,-12.824017,0.901625,-5.718808
2002-09-18,1594.58,1669.855667,1618.53935,-4.612682,-1.491373,0.204234,-3.709026,-12.047074,1.553387,-5.109809
2002-09-19,1619.35,1668.119,1618.28665,-2.967181,0.065687,-1.97699,-6.311057,-12.579199,-0.891716,-6.561275
2002-09-20,1604.91,1665.988167,1617.81255,-3.735076,-0.800728,-1.461804,-6.579088,-11.525339,-0.144556,-6.367335
2002-09-23,1602.59,1664.136333,1617.2972,-3.76852,-0.913529,-2.502042,-5.892881,-11.336638,-0.296395,-6.231787
2002-09-24,1596.73,1661.999333,1616.7018,-4.006351,-1.243036,-3.918639,-5.604021,-11.623107,0.069517,-5.887658
2002-09-25,1597.84,1659.781333,1616.1282,-3.803315,-1.138057,-4.311704,-5.820007,-14.356648,-0.637736,-5.953037
2002-09-26,1587.65,1657.689833,1615.537,-4.317003,-1.741247,-4.088367,-4.96421,-13.802158,-0.379807,-5.349416
2002-09-27,1581.62,1655.347,1614.83215,-4.556102,-2.078138,-3.208447,-3.198001,-14.629937,-1.177906,-4.988556
2002-10-08,1562.99,1652.514667,1613.9721,-5.569751,-3.209763,-2.478331,-0.304367,-14.084539,-0.303905,-3.856071
2002-10-09,1535.37,1649.271,1612.98745,-7.156198,-4.931662,0.131478,1.113379,-15.06625,1.489543,-2.126523
2002-10-10,1530.41,1646.414167,1611.89955,-7.306402,-5.187765,-1.137515,1.545101,-14.800243,1.818467,-1.809319
2002-10-11,1524.05,1643.532667,1610.707,-7.547673,-5.530195,-0.296361,-0.122118,-13.26797,2.243365,-1.39956
2002-10-14,1531.68,1640.755667,1609.517,-6.879174,-4.956896,-0.441666,-1.797102,-13.963856,1.734044,-1.890734
2002-10-15,1524.73,1638.0355,1608.4145,-7.168031,-5.343157,1.521103,-2.578997,-10.54968,2.197766,-2.546025
2002-10-16,1537.39,1635.465,1607.34555,-6.184099,-4.449792,0.749756,-3.100138,-9.548712,1.356195,-3.348532
2002-10-17,1513.1,1632.321333,1606.184,-7.584261,-5.970065,1.535959,-3.51763,-8.856147,2.983279,-3.45648
2002-10-18,1519.54,1629.231833,1605.0383,-6.970098,-5.473996,0.05066,-3.744701,-9.176212,2.546823,-3.865644
2002-10-21,1524.93,1626.083,1604.01855,-6.422555,-5.056357,-1.467171,-4.949569,-3.883126,2.184363,-4.829074
2002-10-22,1548.1,1623.867833,1603.1832,-4.778248,-3.496278,-2.433611,-5.710674,-5.864673,0.654996,-6.253472
2002-10-23,1548.96,1621.786167,1602.48795,-4.594438,-3.397365,-2.566616,-8.282262,-4.175154,0.599112,-7.948559
2002-10-24,1536.52,1619.5215,1601.793,-5.261062,-4.160351,-1.906747,-9.976324,-3.837032,1.413584,-9.494832
2002-10-25,1520.31,1617.108167,1601.06485,-6.172521,-5.175468,-0.630143,-8.566149,-2.5063,2.494886,-8.529839
2002-10-28,1502.72,1614.5285,1600.142,-7.176616,-6.281558,1.919283,-7.191947,-3.23465,3.694634,-7.459141
2002-10-29,1510.88,1611.948667,1599.3329,-6.475154,-5.689434,3.086472,-9.702787,-3.389288,3.134597,-9.246929
2002-10-30,1509.71,1609.293833,1598.72375,-6.387789,-5.728808,2.79876,-9.074029,-3.992653,3.214525,-9.176597
2002-10-31,1507.5,1606.892333,1598.06055,-6.384944,-5.833809,3.053403,-6.153673,-1.903914,3.365837,-9.043449
2002-11-01,1510.76,1604.5215,1597.58385,-6.021275,-5.587956,0.753725,-5.201958,-0.971101,3.142789,-9.23972
2002-11-04,1531.84,1602.354333,1597.1872,-4.500438,-4.177445,-1.807548,-9.308788,-2.057794,1.723418,-10.488693
2002-11-05,1558.24,1600.759,1596.8102,-2.692091,-2.445104,-4.75296,-10.079031,-3.821855,-0.2567,-12.005211
2002-11-06,1552.56,1598.791333,1596.4334,-2.934275,-2.786683,-4.082038,-9.316442,-4.774824,0.108208,-11.683284
2002-11-07,1554.24,1596.894333,1596.0072,-2.707402,-2.651833,-6.200245,-10.103479,-4.035992,-2.062101,-11.778747
2002-11-08,1522.19,1594.600833,1595.3883,-4.647336,-4.696707,-3.918944,-7.973563,-0.759683,-1.168711,-9.921232
2002-11-11,1504.4,1592.223333,1594.85335,-5.673721,-5.838764,-3.594133,-7.130068,-0.003988,-0.926615,-8.856022
2002-11-12,1485.91,1589.745667,1594.2991,-6.754667,-7.040682,-1.610575,-7.116514,1.671121,0.30621,-7.721867
2002-11-13,1490.46,1587.3095,1593.8341,-6.295565,-6.70577,-4.432368,-7.758843,0.405762,-1.79609,-8.003569
2002-11-14,1460.8,1584.210833,1593.33135,-8.110216,-8.684278,-4.922735,-5.40714,2.412477,0.197837,-6.135679
2002-11-15,1463.69,1581.366167,1592.7676,-7.732849,-8.451249,-4.770787,-4.670515,3.167867,-0.103847,-6.321011
2002-11-18,1451.29,1578.107833,1592.3461,-8.377374,-9.275565,-3.709549,-2.991331,3.931903,0.749678,-5.520606
2002-11-19,1462.17,1575.072333,1592.2314,-7.437956,-8.521479,-6.425724,-3.201502,1.135665,-1.914278,-6.223627
2002-11-20,1425.84,1570.9805,1592.06235,-9.693883,-11.026914,-3.358382,-0.995229,3.859093,0.584918,-3.834231
2002-11-21,1390.63,1566.265167,1591.6174,-11.893703,-13.499385,1.915904,1.638276,8.320009,3.131674,-1.399366
2002-11-22,1395.5,1561.421667,1591.4973,-11.234396,-13.14225,2.734048,2.298007,8.096062,2.771766,-1.743461
2002-11-25,1398.44,1556.6755,1591.4123,-10.719513,-12.926453,-0.197558,2.245697,7.919966,2.555705,-1.95003
2002-11-26,1371.17,1551.6835,1591.4333,-12.367608,-14.897067,2.710228,4.259031,9.772259,4.595346,0.552813
2002-11-27,1378.75,1546.667833,1591.5336,-11.492554,-14.352079,2.556347,3.054943,10.113182,4.020308,0.031913
2002-11-28,1417.53,1542.347167,1591.39645,-8.438947,-11.569598,-0.896403,-2.382969,7.261937,1.174578,-2.704705
2002-11-29,1434.18,1538.4615,1591.28535,-7.018963,-10.394883,-2.01788,-3.63599,5.626009,-0.233583,-3.834247
2002-12-02,1395.68,1533.945833,1591.00635,-9.446164,-13.098499,0.371172,-2.123148,7.097608,2.518486,-2.100768
2002-12-03,1408.84,1529.613667,1591.2528,-8.224853,-12.175496,-1.790443,-3.701141,5.808113,1.560859,-3.633486
2002-12-04,1414.45,1525.286667,1591.36115,-7.544161,-11.784896,-2.524439,-6.863187,3.778667,1.158047,-6.632967
2002-12-05,1404.88,1520.9685,1591.40255,-7.939541,-12.466384,-1.503906,-6.241864,4.500434,1.847133,-6.051051
2002-12-06,1405.53,1517.0305,1590.97185,-7.634035,-12.39306,-0.615896,-5.172289,4.825031,1.800033,-6.094498
2002-12-09,1400.87,1513.188667,1590.54735,-7.712565,-12.698473,0.544604,-5.036686,4.452283,2.138671,-5.782121
2002-12-10,1383.84,1509.226333,1589.9099,-8.673491,-13.88151,2.304437,-0.85417,5.770264,3.395624,-4.622644
2002-12-11,1379.19,1505.127667,1589.21445,-8.738135,-14.174347,2.331245,1.310268,6.326931,3.744227,-4.301075
2002-12-12,1383.91,1501.187,1588.705,-8.13433,-13.800639,2.122682,0.068623,5.344826,3.390394,-4.627469
2002-12-13,1396.9,1497.392667,1588.11255,-6.946988,-12.829074,2.197735,-0.760995,5.097969,2.42895,-5.514353
2002-12-16,1408.52,1493.772,1587.6221,-5.876496,-11.969785,1.527479,4.057774,3.900169,4.141226,-6.29384
2002-12-17,1416.1,1490.639,1587.0512,-5.129827,-11.397109,1.034808,3.047503,4.052084,3.583786,-6.795424
2002-12-18,1411.72,1487.419667,1586.45395,-5.223403,-11.669249,0.69179,5.102337,4.572538,5.234749,-6.506248
2002-12-19,1413.6,1484.403333,1585.83035,-4.887325,-11.496851,-2.105341,4.501016,3.393928,5.094793,-6.630589
2002-12-20,1427.94,1481.213167,1585.34655,-3.662861,-10.457018,-3.199949,3.761841,1.964553,4.039385,-7.568245
2002-12-23,1430.2,1478.301333,1584.98485,-3.307939,-10.276055,-4.566403,1.7116,4.721739,3.874983,-7.714306
2002-12-24,1430.83,1475.438667,1584.505,-3.070065,-10.201736,-5.249943,2.054469,4.182259,3.829246,-7.754939
2002-12-25,1421.52,1472.5185,1583.8122,-3.524748,-10.8108,-7.361783,2.026433,6.076696,4.509258,-7.150796
2002-12-26,1384.15,1468.957,1582.8869,-5.946639,-13.41641,-4.755299,6.632728,9.530033,7.330853,-4.644005
2002-12-27,1382.97,1465.545667,1581.73675,-5.799428,-13.429009,-3.55418,7.866847,9.534502,8.184559,-4.562644
2002-12-30,1366.36,1461.958,1580.36725,-6.762636,-14.550699,-2.542365,9.374141,10.110442,9.827571,-3.402471
2002-12-31,1357.65,1458.535667,1578.83505,-7.16777,-15.0932,1.056528,9.958317,11.369822,10.53217,-2.78275
2003-01-02,1320.63,1454.956667,1577.21975,-9.686722,-17.755475,5.649016,11.404805,13.739235,13.630616,-0.057548
2003-01-03,1319.87,1451.447667,1575.70195,-9.50282,-17.716761,4.80658,12.309351,14.153886,13.696046,0.923576
2003-01-06,1334.68,1448.2915,1574.0496,-8.169302,-16.49601,3.795398,12.38617,14.547114,13.185932,-0.196302
2003-01-07,1332.06,1444.9645,1572.605,-8.135814,-16.600686,9.639063,12.162765,15.228932,13.408555,3.003618
2003-01-08,1372.07,1442.420167,1571.34595,-5.000183,-13.5612,6.206109,9.641804,13.911498,10.121933,0.932168
2003-01-09,1397.38,1440.086667,1570.00605,-3.010424,-11.648042,6.123314,6.854336,14.539822,8.127353,-0.895962
2003-01-10,1384.86,1437.949333,1568.5178,-3.761897,-12.453205,6.555075,7.750995,16.38824,9.104891,0.104704
2003-01-13,1386.31,1435.728833,1567.02425,-3.502708,-12.25329,6.720572,8.599377,14.72505,8.990774,4.638934
2003-01-14,1466.85,1434.760833,1566.01005,2.211908,-6.541377,-0.818695,2.86546,9.535046,3.006442,-1.106453
2003-01-15,1459.92,1433.291167,1564.9332,1.840832,-6.94615,0.041774,1.289664,9.354514,3.495397,-0.637021
2003-01-16,1485.62,1432.2355,1564.1139,3.659568,-5.148727,-2.384114,-0.248015,5.633201,1.705012,-2.355919
2003-01-17,1478.68,1431.2715,1563.23615,3.258659,-5.560833,0.026371,2.180718,5.909108,2.204669,-1.897638
2003-01-20,1482.68,1430.644333,1562.3962,3.572634,-5.236941,0.905056,2.036214,3.920307,2.057086,-2.162301
2003-01-21,1454.89,1429.847167,1561.6511,1.736273,-7.081336,3.096139,3.962669,3.292529,4.04223,-0.293493
2003-01-22,1460.53,1429.008,1560.9112,2.181889,-6.647037,2.653905,3.45876,1.806215,3.640459,-0.678521
2003-01-23,1450.62,1428.023167,1560.2499,1.569996,-7.285495,2.016589,5.031806,5.829024,5.160552,1.947443
2003-01-24,1479.07,1427.549333,1559.6727,3.545429,-5.306248,0.921324,3.012178,2.023908,3.137783,-0.013522
2003-01-27,1496.16,1427.306,1558.945,4.711307,-4.110748,0.965144,1.395152,1.675543,1.959683,-1.155625
2003-01-28,1500.64,1426.786,1558.275,5.046732,-3.768776,0.246258,-0.153386,2.059753,1.655294,-1.450714
2003-01-29,1499.81,1425.812167,1557.5708,5.059684,-3.778899,0.740016,-0.449064,-0.971493,1.71155,-1.396177
2003-02-10,1480.17,1424.605667,1556.63405,3.82619,-5.036888,1.098547,-0.762951,2.84726,3.061135,-0.760048
2003-02-11,1492.76,1423.581,1555.70955,4.745123,-4.130499,0.248225,-1.567052,4.103527,2.191913,-1.597042
2003-02-12,1510.67,1423.389,1555.01525,5.951261,-2.893209,0.008605,-2.388849,2.856852,0.98036,-2.763674
2003-02-13,1504.34,1423.388,1554.24205,5.531432,-3.263374,0.341758,-2.673796,3.341063,1.405267,-2.638366
2003-02-14,1510.95,1423.805333,1553.5493,5.940549,-2.780359,-2.146031,-3.01737,1.613049,0.961647,-3.064297
2003-02-17,1496.52,1423.906333,1552.83045,4.973838,-3.693695,-0.979037,-1.837673,2.439725,1.935156,-2.129607
2003-02-18,1496.47,1424.500833,1552.0908,4.928754,-3.649392,0.984797,-2.474791,3.26331,1.938562,-2.444419
2003-02-19,1510.8,1425.286,1551.5041,5.826682,-2.658554,0.157408,-2.740412,3.26553,0.971671,-3.369738
2003-02-20,1509.49,1426.256,1550.8757,5.671902,-2.704789,0.278514,-3.023065,3.899162,1.059298,-3.285878
2003-02-21,1478.87,1426.534333,1550.13265,3.603032,-4.706223,2.21087,-0.285083,5.873945,3.151731,-1.283412
2003-02-24,1481.94,1427.469333,1549.4196,3.744886,-4.452837,2.895707,-0.281785,4.606995,2.938041,-1.487914
2003-02-25,1511.28,1429.480167,1548.92075,5.564612,-2.460142,0.857831,-3.287805,3.694598,0.939601,-3.400429
2003-02-26,1513.18,1431.4415,1548.40705,5.553142,-2.30133,0.263995,-3.833502,4.084156,0.812858,-3.760954
2003-02-27,1513.7,1433.3625,1547.7726,5.45339,-2.225988,-1.019916,-0.95253,4.066924,0.778226,-3.794015
2003-02-28,1511.93,1435.7085,1547.0032,5.172852,-2.293266,-1.253918,-1.330969,3.273371,0.896206,-3.681387
2003-03-03,1525.48,1438.154,1546.29185,5.894877,-1.35506,-3.778168,-0.981543,3.138092,-0.077353,-4.536933
2003-03-04,1524.3,1439.9335,1545.6515,5.693836,-1.391022,-3.657906,-0.114873,2.074379,-0.114807,-4.463032
2003-03-05,1517.18,1441.316833,1544.9845,5.129619,-1.816053,-2.818858,0.272503,1.422752,0.353946,-4.014685
2003-03-06,1498.34,1443.027833,1544.2852,3.761426,-3.020332,-2.274152,0.889686,2.104715,1.615788,-2.807774
2003-03-07,1493.09,1444.432,1543.63095,3.313163,-3.32896,-1.828291,1.860568,3.01291,1.973089,-2.466027
2003-03-10,1468.92,1445.339833,1542.8944,1.618296,-4.91327,0.023824,3.097381,6.389498,3.650982,-0.861177
2003-03-11,1469.55,1446.417667,1542.2477,1.586631,-4.828467,-0.659514,3.411588,6.108124,3.606546,-0.903678
2003-03-12,1475.01,1447.575667,1541.87525,1.877457,-4.43346,-0.342958,4.549793,6.035141,4.654884,-1.2705
2003-03-13,1464.65,1448.638667,1541.361,1.099204,-5.104949,-0.007511,5.739963,6.287719,5.907896,-0.57215
2003-03-14,1466.04,1450.008667,1540.98355,1.099535,-4.985599,0.586257,7.287064,6.03116,7.559139,-0.666421
2003-03-17,1469.27,1451.51,1540.38935,1.216128,-4.726953,0.576852,9.52316,5.598935,9.991356,-0.884793
2003-03-18,1459.89,1452.776333,1539.86635,0.488465,-5.333454,0.171783,11.112036,5.260931,11.75294,-0.247964
2003-03-19,1469.96,1453.994,1539.3581,1.092094,-4.613032,-0.935682,8.866085,3.968608,10.987374,-0.931318
2003-03-20,1464.54,1454.927667,1538.93345,0.658501,-4.954841,2.349048,9.692651,3.146871,11.398118,-0.564682
2003-03-21,1474.66,1455.903667,1538.5315,1.280067,-4.240094,1.164983,8.349932,2.529017,10.633638,-1.247067
2003-03-24,1477.77,1457.0045,1538.12775,1.415158,-4.003174,2.195949,6.163,1.631662,10.400807,-1.454895
2003-03-25,1462.4,1457.817833,1537.8157,0.313824,-5.028411,4.030764,7.016195,3.558731,11.561132,-0.419174
2003-03-26,1456.27,1458.29,1537.47945,-0.138614,-5.426598,4.370001,5.717596,2.761813,12.030736,2.449408
2003-03-27,1499.35,1459.4425,1537.39755,2.697717,-2.50594,0.822301,0.28239,-0.893028,8.811818,-0.494214
2003-03-28,1491.94,1460.461,1537.4405,2.132515,-3.004173,1.937619,-0.321575,-0.486455,9.352253,-0.321058
2003-03-31,1510.58,1461.945333,1537.54085,3.272571,-1.769061,0.300756,1.778761,-0.724193,8.002886,-1.55106
2003-04-01,1522.55,1464.252,1537.8436,3.904203,-0.999461,-0.131445,-0.873397,-1.196582,7.153788,-2.325047
2003-04-02,1521.32,1466.557833,1537.8439,3.666033,-1.080299,1.458432,0.007888,-1.254783,7.240423,-2.246076
2003-04-03,1511.73,1468.980667,1537.755,2.868595,-1.706887,2.576124,1.323452,-0.68034,7.920727,-1.625952
2003-04-04,1521.13,1471.705333,1537.7745,3.303166,-1.088276,3.598205,-2.382998,-0.600697,7.253818,-2.354828
2003-04-07,1515.13,1474.947,1537.69535,2.687919,-1.478353,6.449603,0.51283,-0.78319,7.678549,-1.968148
2003-04-08,1520.55,1478.291667,1537.6739,2.818497,-1.119871,7.040934,2.258991,0.745627,7.294729,-2.317582
2003-04-09,1543.67,1481.774833,1537.8337,4.092212,0.378796,3.973335,0.695909,-0.964688,5.687744,-3.780601
2003-04-10,1551.18,1485.426833,1538.11835,4.331377,0.845611,3.945178,0.274896,-1.93784,5.17606,-4.246445
2003-04-11,1576.86,1488.84,1538.52145,5.743823,2.461367,1.649125,-2.656644,-3.315263,3.463212,-5.805842
2003-04-14,1616.07,1492.484833,1538.98145,7.955487,4.887647,-2.783308,-5.245761,-5.506293,0.952929,-8.091234
2003-04-15,1631.47,1496.595,1539.60045,8.628892,5.795851,-3.924057,-5.373935,-5.81147,-1.095331,-8.958792
2003-04-16,1606.24,1500.2605,1540.0509,6.825728,4.208058,-4.084171,-2.860143,-6.366896,0.458213,-7.528763
2003-04-17,1613.6,1502.706333,1540.3053,7.12,4.648706,-7.061213,-2.770424,-7.574636,-0.651958,-7.950545
2003-04-18,1603.08,1505.092333,1539.78415,6.307253,4.028453,-7.506524,-2.190904,-6.747552,-1.956858,-7.346483
2003-04-21,1571.71,1506.527167,1539.10975,4.235709,2.096003,-2.188291,-1.274221,-4.526678,-0.139975,-5.497197
2003-04-22,1568.69,1508.027333,1538.38865,3.943848,1.950534,-3.858828,-0.033792,-4.9152,0.052273,-5.315263
2003-04-23,1541.96,1509.015333,1537.4807,2.159699,0.290917,-1.339708,2.200062,-4.260135,2.224442,-3.673896
2003-04-24,1503.59,1509.827,1536.33485,-0.413949,-2.154403,1.863363,4.737065,-2.232791,4.851056,-1.215757
2003-04-25,1487.15,1510.270667,1535.2021,-1.542735,-3.18005,-0.123803,4.925915,-0.664544,6.010154,-0.123727
2003-04-28,1537.69,1511.721833,1534.2658,1.7032,0.222933,-0.965175,2.340874,-3.847572,2.525867,-3.406408
2003-04-29,1509.31,1512.225833,1533.15775,-0.193003,-1.56769,3.000943,3.062649,-2.181564,4.453691,-1.590131
2003-04-30,1521.44,1512.647167,1532.19925,0.579605,-0.704687,2.146453,1.142362,-2.966456,3.620912,-2.374724
2003-05-12,1531.87,1513.167667,1531.24765,1.228397,0.040635,1.527568,-0.108423,-2.479119,2.915391,-3.039422
2003-05-13,1485.31,1512.926,1530.00955,-1.842202,-2.965047,3.324558,3.535339,0.604106,6.141479,2.532131
2003-05-14,1522.92,1513.6385,1528.9742,0.611319,-0.396751,0.691012,2.779288,-2.437338,3.520211,0.478686
2003-05-15,1555.29,1514.680667,1528.24155,2.645739,1.754426,-0.591992,0.437545,-4.465256,1.365662,-1.612561
2003-05-16,1554.45,1515.410333,1527.5291,2.543554,1.747032,0.417282,0.789439,-5.499581,1.420438,-1.559394
2003-05-19,1555.45,1516.262167,1526.81485,2.551669,1.858112,0.899858,0.27286,-5.350698,1.355235,-1.622682
2003-05-20,1535.52,1516.671667,1526.05275,1.235084,0.618459,2.114865,1.400741,-3.73136,2.670756,-0.345811
2003-05-21,1533.48,1517.287667,1525.26205,1.061535,0.537343,1.188233,1.321537,-4.511803,2.80734,-0.21324
2003-05-22,1546.11,1518.115,1524.484,1.827267,1.408611,1.416086,-0.47717,-6.011783,1.967518,-1.028387
2003-05-23,1560.95,1518.950833,1523.7642,2.727475,2.411089,0.976034,-2.037334,-7.359313,0.99811,-2.016721
2003-05-26,1569.51,1519.951167,1523.04245,3.208526,3.005352,0.446276,-3.775356,-8.259187,0.447273,-3.704978
2003-05-27,1568.34,1521.442333,1522.4791,3.035895,2.967774,-0.389705,-3.630011,-7.86542,0.522208,-3.633141
2003-05-28,1551.81,1522.606833,1521.86885,1.89981,1.948291,1.426804,-3.257118,-7.362676,1.592979,-3.204645
2003-05-29,1568.16,1523.554833,1521.34765,2.885665,3.03064,-0.762388,-3.423672,-8.450319,0.533747,-4.213856
2003-05-30,1576.26,1524.606167,1520.9034,3.331883,3.575045,-2.397408,-5.155845,-9.118992,0.017129,-5.025186
2003-06-02,1576.53,1525.653333,1520.49855,3.28035,3.618795,-2.982125,-5.912482,-10.303532,-0.153502,-5.74109
2003-06-03,1562.24,1526.491833,1519.9814,2.314851,2.742259,-1.514379,-5.090796,-9.180152,0.759806,-4.963386
2003-06-04,1574.11,1527.302333,1519.50695,3.018703,3.530413,-0.526761,-4.843828,-9.926562,-0.466295,-5.680035
2003-06-05,1556.25,1527.834833,1519.03025,1.842749,2.420694,0.375839,-3.385835,-9.466204,0.675984,-4.59759
2003-06-06,1538.92,1528.197167,1518.4598,0.699215,1.338434,1.79353,-2.405032,-7.903061,1.809711,-3.52325
2003-06-09,1530.21,1528.728333,1517.8015,0.096875,0.814207,1.908851,-1.895369,-5.396557,2.389215,-2.974102
2003-06-10,1538.76,1529.4895,1517.2255,0.604288,1.409356,1.18996,-1.753039,-6.182314,1.820297,-3.513218
2003-06-11,1565.84,1531.104833,1516.7016,2.243283,3.188444,-0.766739,-4.075308,-7.834272,0.059393,-5.181883
2003-06-12,1562.11,1532.6475,1516.17185,1.904084,2.984883,-1.506707,-1.950909,-7.62479,0.298314,-4.955477
2003-06-13,1566.77,1534.176833,1515.7067,2.10222,3.313438,-2.409491,-2.450036,-9.027237,-0.451247,-5.238165
2003-06-16,1559.7,1535.761,1515.26995,1.546747,2.889989,-3.148359,-2.485596,-8.980953,-0.16157,-4.808617
2003-06-17,1557.18,1537.28,1514.883,1.286187,2.753828,-2.915886,-2.05936,-9.217033,-0.211922,-4.654568
2003-06-18,1553.88,1538.690167,1514.46925,0.982352,2.568998,-3.390421,-1.582068,-8.786122,-0.973692,-4.452081
2003-06-19,1538.75,1540.0045,1513.9294,-0.081494,1.626188,-1.530417,0.039635,-7.752868,0.039643,-3.512591
2003-06-20,1529.47,1540.996333,1513.4049,-0.750791,1.055926,-2.142477,-1.469418,-8.192749,0.646629,-2.927158
2003-06-23,1511.36,1541.776667,1512.72775,-1.992552,-0.090457,-1.69085,-1.028856,-7.829636,1.852636,-1.763974
2003-06-24,1512.43,1542.406167,1512.0684,-1.962601,0.023911,-1.85049,-0.926637,-7.289771,1.780578,-1.833473
2003-06-25,1502.08,1542.811333,1511.22205,-2.675548,-0.606781,-0.159906,0.00466,-7.767657,2.481892,-1.157062
2003-06-26,1515.38,1543.694333,1510.4312,-1.851223,0.327106,-0.72455,-1.457735,-8.601722,1.582441,-2.024575
2003-06-27,1497.05,1544.374,1509.4859,-3.112215,-0.827262,0.353404,-1.304352,-7.320763,2.826225,-1.295882
2003-06-30,1486.02,1544.151833,1508.49995,-3.837338,-1.501434,1.034988,-1.057373,-7.297497,3.589454,-1.051803
2003-07-01,1484.7,1544.031167,1507.57,-3.918391,-1.528635,1.823377,-0.499663,-6.578669,3.681552,-0.963831
2003-07-02,1499.68,1543.8495,1506.66995,-2.902722,-0.465013,0.241759,-1.344618,-7.290946,2.645898,-1.953083
2003-07-03,1504.44,1543.547667,1505.8083,-2.566271,-0.090909,1.810764,-1.858378,-8.902926,2.321129,-2.263301
2003-07-04,1502.35,1543.2315,1504.98345,-2.684805,-0.175135,1.748527,-1.703786,-9.160686,2.463474,-2.127334
2003-07-07,1501.48,1543.060667,1504.15775,-2.73166,-0.178182,1.318625,-0.475327,-10.240632,2.522844,-2.070624
2003-07-08,1512.02,1542.908833,1503.374,-2.022298,0.573459,0.883639,-1.178194,-10.071091,1.808177,-2.75327
2003-07-09,1503.31,1542.711833,1502.5202,-2.587245,0.052551,1.7265,-1.141317,-9.162579,2.398042,-2.189834
2003-07-10,1531.93,1542.9015,1501.86,-0.713636,1.982404,0.483837,-2.951892,-11.232366,0.485009,-4.017155
2003-07-11,1528.85,1542.6545,1501.2952,-0.898882,1.818762,-1.428873,-3.838985,-8.518339,0.687445,-3.823789
2003-07-14,1521.41,1542.158333,1500.74535,-1.354541,1.367565,-1.691619,-3.137963,-8.340819,1.179827,-3.353468
2003-07-15,1525.44,1541.301333,1500.26465,-1.034419,1.664137,-1.783163,-3.072741,-9.429656,0.912524,-3.608795
2003-07-16,1529.49,1539.858333,1499.78655,-0.675607,1.961155,-1.803693,-4.251271,-10.060699,0.645313,-4.162172
2003-07-17,1539.36,1538.323167,1499.3816,0.067378,2.631399,-3.027787,-5.574248,-11.983876,-2.091778,-5.421734
2003-07-18,1507.16,1536.671833,1498.7946,-1.939185,0.55659,-1.97741,-3.852561,-9.499308,-0.332413,-3.779294
2003-07-21,1495.89,1534.71,1498.14525,-2.562009,-0.15065,-1.719368,-3.454974,-9.560436,0.41848,-3.395972
2003-07-22,1498.48,1532.966667,1497.61725,-2.275359,0.057592,-1.423516,-3.308772,-9.380978,0.244915,-3.562944
2003-07-23,1502.15,1531.807333,1497.1036,-1.955089,0.336511,-1.509184,-4.110219,-7.184762,-0.51859,-4.026895
2003-07-24,1493.45,1530.553333,1496.59795,-2.454045,-0.210562,-1.125192,-3.568911,-7.419811,0.060933,-3.505976
2003-07-25,1477.65,1529.4815,1495.88945,-3.44758,-1.226799,-0.04603,-2.658795,-6.704428,1.13085,-2.623761
2003-07-28,1470.39,1528.928167,1495.21685,-3.903927,-1.674357,1.617035,-3.333677,-7.111117,1.63018,-3.278722
2003-07-29,1477.3,1528.764,1494.5904,-3.424347,-1.163609,1.144846,-3.589693,-7.590183,1.154809,-3.731131
2003-07-30,1479.65,1527.796667,1494.005,-3.202104,-0.965486,0.44506,-3.738116,-8.322589,0.994154,-3.884027
2003-07-31,1476.74,1527.253833,1493.3995,-3.363429,-1.121811,0.71725,-4.221991,-9.371807,1.193169,-4.134106
2003-08-01,1476.97,1526.512667,1492.8461,-3.299314,-1.069174,-0.386672,-3.794243,-9.114815,1.177411,-4.149035
2003-08-04,1494.36,1525.8875,1492.4098,-2.087819,0.130589,-1.344011,-3.025861,-9.123247,-0.003346,-5.264461
2003-08-05,1494.31,1526.0375,1492.0664,-2.100994,0.150256,-1.010908,-3.25108,-7.268461,-0.464428,-5.261291
2003-08-06,1486.25,1525.426333,1491.8208,-2.601776,-0.374122,-1.383453,-2.617647,-7.047661,0.075357,-4.747519
2003-08-07,1487.37,1524.294333,1491.6056,-2.452211,-0.284366,-2.138519,-2.721989,-9.188784,-0.543913,-4.819245
2003-08-08,1471.27,1522.908,1491.3417,-3.449569,-1.355021,-1.44245,-2.738217,-9.704488,0.544428,-3.777689
2003-08-11,1474.41,1521.557333,1491.05535,-3.147646,-1.122625,-2.008631,-3.357395,-9.551367,0.330302,-3.98261
2003-08-12,1479.28,1520.62,1490.8281,-2.756266,-0.777625,-2.019195,-4.084932,-9.618802,-0.909226,-4.298713
2003-08-13,1465.83,1519.4925,1490.4703,-3.595476,-1.667007,-1.662641,-2.952783,-10.646554,-0.677432,-3.420588
2003-08-14,1455.9,1517.989,1490.1843,-4.176217,-2.327554,-1.022449,-2.218254,-9.828803,-0.39151,-2.761866
2003-08-15,1450.2,1516.143167,1489.8376,-4.446824,-2.696564,-0.783644,-2.87077,-8.573337,-0.026203,-2.829954
2003-08-18,1445.09,1514.0695,1489.4384,-4.662946,-3.022753,-1.59807,-3.345806,-8.442225,0.327315,-3.290452
2003-08-19,1449.71,1512.092333,1488.94645,-4.213081,-2.670525,-1.704437,-3.054362,-9.634126,0.007588,-3.598651
2003-08-20,1441.66,1510.2565,1488.40995,-4.648428,-3.191318,-1.137081,-3.662099,-7.396925,0.566014,-3.595855
2003-08-21,1441.09,1508.138667,1487.9328,-4.547645,-3.1988,-1.778273,-3.575076,-4.584846,0.605791,-3.557724
2003-08-22,1438.88,1505.849,1487.52565,-4.549183,-3.324907,-1.181477,-3.357616,-5.523393,0.760314,-3.409596
2003-08-25,1422.18,1503.2765,1487.12295,-5.545615,-4.465244,1.924851,-2.906447,-1.285848,1.943495,-2.864616
2003-08-26,1425.21,1500.992667,1486.6946,-5.18075,-4.22361,1.483459,-2.489313,-1.185066,1.726763,-3.071126
2003-08-27,1425.36,1498.5135,1486.27285,-5.00492,-4.184713,1.565528,-2.208212,-0.948102,1.716058,-3.081327
2003-08-28,1415.69,1496.170833,1485.8138,-5.529202,-4.834559,2.217253,-2.822557,-1.896099,2.410839,-2.783095
2003-08-29,1421.98,1494.221833,1485.3699,-4.955529,-4.361357,0.669354,-3.662658,-1.756572,1.957833,-3.596394
2003-09-01,1449.82,1492.882,1484.9598,-2.926907,-2.394829,-1.675545,-6.739444,-1.187863,-0.135879,-6.517361
2003-09-02,1446.51,1491.3445,1484.40115,-3.05243,-2.585767,-1.844759,-5.641816,-0.77729,0.092637,-6.303448
2003-09-03,1447.85,1489.378,1483.8776,-2.827889,-2.457896,-1.718589,-5.403614,-0.194961,-0.029009,-6.390165
2003-09-04,1447.43,1487.466667,1483.34355,-2.728488,-2.450913,-1.634785,-5.558485,0.371004,-1.098499,-6.363002
2003-09-05,1431.53,1485.212667,1482.89025,-3.681417,-3.524925,-1.575002,-1.941137,1.359187,-0.405161,-5.322976
2003-09-08,1425.73,1482.979833,1482.4969,-3.93695,-3.90438,-1.997042,-1.845461,0.763701,-0.124147,-4.937821
2003-09-09,1420.07,1480.694667,1482.1677,-4.180518,-4.279951,-0.988625,-2.271983,1.627449,0.27393,-4.55893
2003-09-10,1423.18,1478.516333,1481.8313,-3.81453,-4.038488,-2.371956,-2.856645,3.197396,0.054807,-4.767493
2003-09-11,1423.96,1476.603167,1481.6471,-3.630257,-3.971265,-2.379271,-4.191374,3.183428,-1.039355,-4.819658
2003-09-12,1409.16,1474.598,1481.37445,-4.539163,-4.997656,-1.270491,-2.775977,4.280589,-0.217151,-3.820006
2003-09-15,1397.54,1472.701,1481.1057,-5.238458,-5.807536,-1.158711,-2.759656,5.079372,0.612505,-3.020307
2003-09-16,1406.1,1470.928833,1480.82535,-4.507415,-5.177969,-1.139387,-3.017844,4.194959,-0.148638,-3.610696
2003-09-17,1389.82,1469.057833,1480.64525,-5.544702,-6.330373,0.316805,0.587555,4.513726,1.020996,-2.481616
2003-09-18,1390.48,1466.976167,1480.6445,-5.355424,-6.282845,-1.025754,-0.275824,4.69364,0.973045,-2.527904
2003-09-19,1391.37,1465.214833,1480.62385,-5.1713,-6.217465,-1.486518,-0.688017,3.871278,0.908457,-2.590253
2003-09-22,1381.44,1463.471833,1480.53885,-5.768515,-6.927968,-1.908147,-0.870993,7.763429,1.633802,-1.890057
2003-09-23,1390.17,1461.896333,1480.63385,-5.030841,-6.304423,-1.669045,-1.511178,7.646564,0.995562,-2.506168
2003-09-24,1394.23,1460.138833,1480.71125,-4.618923,-6.018026,-1.629874,-2.37626,8.229397,0.701462,-2.790071
2003-09-25,1376.29,1458.003,1480.50505,-5.767622,-7.299181,-0.518676,-2.327259,9.443855,2.01411,-2.300387
2003-09-26,1370.84,1455.811167,1480.18835,-6.013956,-7.674565,2.390874,-1.657915,9.984652,2.419684,-1.911966
2003-09-29,1355.33,1453.375333,1479.9866,-6.98437,-8.798807,3.218438,0.642058,9.90373,3.591745,-0.789476
2003-09-30,1367.16,1450.961,1479.7782,-5.94905,-7.915662,1.525074,1.624436,10.049263,2.695369,-1.647942
2003-10-08,1371.69,1448.767333,1479.5644,-5.466952,-7.570416,0.82838,0.9736,8.744627,2.356218,-1.972749
2003-10-09,1369.17,1446.054667,1479.38585,-5.463421,-7.742232,-0.267673,-0.90831,10.265522,2.544607,-1.792327
2003-10-10,1404.01,1443.974,1479.37825,-2.806661,-5.228947,-2.409842,-5.025133,11.069168,-0.309827,-4.900962
2003-10-13,1399.66,1441.944833,1479.3722,-2.976343,-5.538846,-2.911236,-4.348511,11.772111,-0.117886,-4.605404
2003-10-14,1388.17,1439.657,1479.39385,-3.641856,-6.364611,-1.734486,-3.261887,13.398512,0.708847,-3.815815
2003-10-15,1383.1,1437.217167,1479.4134,-3.838136,-6.73183,1.072244,-4.837127,15.198756,1.078013,-4.722001
2003-10-16,1365.51,1434.319667,1479.3214,-4.916265,-8.005548,1.536278,-3.419175,14.682681,2.380063,-3.494665
2003-10-17,1370.58,1432.043333,1479.1898,-4.386832,-7.62605,0.81747,-2.92659,16.627814,2.001342,-3.851654
2003-10-20,1359.5,1429.770167,1478.9447,-5.039672,-8.421181,0.729952,-2.336764,17.078041,2.832659,-3.06804
2003-10-21,1364.3,1427.533833,1478.6857,-4.530689,-8.051218,0.367279,-3.56192,15.46134,2.470864,-3.49923
2003-10-22,1398.01,1425.798167,1478.61715,-1.968198,-5.60575,-2.647011,-4.322382,12.647423,-0.605146,-5.826139
2003-10-23,1386.65,1424.018167,1478.4824,-2.65918,-6.412539,-3.077188,-0.733946,14.338158,0.209137,-5.054628
2003-10-24,1381.83,1422.421167,1478.25185,-2.895176,-6.74515,-2.456417,-1.477761,16.44594,0.558679,-4.723446
2003-10-27,1369.46,1420.739,1477.94815,-3.676066,-7.623824,-0.395095,2.491593,14.977653,2.522892,-3.862836
2003-10-28,1369.32,1418.939333,1477.6406,-3.559538,-7.613236,1.466569,2.815424,17.050408,2.855432,-3.853007
2003-10-29,1361.49,1416.97,1477.34045,-3.99411,-8.166379,1.719987,3.636371,19.175914,3.703296,-3.300061
2003-10-30,1344.63,1414.768167,1477.14285,-5.08468,-9.399083,0.900273,3.253717,22.574163,5.003607,-2.087563
2003-10-31,1348.3,1412.623667,1476.9695,-4.660419,-9.114781,-0.976345,3.564001,22.791152,4.717793,-2.354076
2003-11-03,1364.06,1410.452,1476.958,-3.344467,-7.951902,-1.772131,4.909523,20.784599,5.032037,-3.482252
2003-11-04,1389.55,1408.706,1477.1175,-1.36916,-6.11126,-3.361249,3.24009,20.372262,3.293152,-5.25278
2003-11-05,1385.11,1407.020333,1477.4399,-1.569467,-6.453123,-4.982347,4.235052,19.954642,4.32601,-4.949065
2003-11-06,1356.79,1404.844,1477.6245,-3.480465,-8.531411,-2.778538,6.8378,21.233795,7.076998,-2.965087
2003-11-07,1335.2,1402.576167,1477.6271,-4.922957,-10.13564,-0.311299,8.325458,22.004108,8.808418,-1.396046
2003-11-10,1340.1,1400.337667,1477.6673,-4.396916,-9.772046,-0.899489,6.957674,21.319346,8.410566,-1.756585
2003-11-11,1343.62,1398.076667,1477.52505,-3.973002,-9.500096,-2.034519,7.161319,23.339434,8.126554,-2.013962
2003-11-12,1317.79,1395.609333,1477.1271,-5.737503,-11.414296,1.586988,10.891167,25.688735,11.506386,-0.093338
2003-11-13,1319.61,1393.337833,1476.80085,-5.436595,-11.254192,4.221507,10.793977,26.330058,11.398065,-0.231129
2003-11-14,1331.05,1391.352,1476.52455,-4.430783,-10.372294,2.2663,9.983157,25.462213,10.498479,-1.088614
2003-11-17,1328.1,1389.402167,1475.8308,-4.512421,-10.547174,5.558308,10.175792,25.959187,10.74392,-0.86891
2003-11-18,1316.56,1387.183,1475.114,-5.22528,-11.3713,6.744623,10.774723,24.475318,11.71462,1.694568
2003-11-19,1338.87,1385.469833,1474.38025,-3.421334,-9.641176,5.311742,8.248553,22.833593,9.853085,1.694713
2003-11-20,1376.51,1384.3935,1473.8694,-0.571083,-6.833988,0.910475,5.70341,17.963484,6.849206,-1.08608
2003-11-21,1361.56,1383.104833,1473.2638,-1.569975,-7.884911,2.585345,6.037056,19.510948,8.022415,2.02268
2003-11-24,1404.01,1382.802,1473.0094,1.522055,-4.797509,2.022835,6.14283,17.652253,6.335425,-1.061958
2003-11-25,1408.42,1382.522167,1472.74885,1.855902,-4.466211,1.891235,6.342318,18.2118,6.547763,-1.37175
2003-11-26,1411.91,1382.298,1472.5553,2.119607,-4.205579,2.318668,6.969286,17.817437,7.217882,-1.615542
2003-11-27,1389.1,1381.854833,1472.10545,0.522938,-5.80376,4.484356,8.517397,17.925131,8.978475,0.584551
2003-11-28,1397.22,1381.442167,1471.61075,1.135655,-5.1873,3.785112,8.078567,17.76622,8.41385,2.539328
2003-12-01,1432.7,1381.156833,1471.27105,3.663934,-2.656591,0.27602,4.35215,14.852109,5.729043,0.182174
2003-12-02,1435.31,1380.970167,1470.94855,3.859458,-2.452661,0.55998,5.184738,13.156996,5.536783,0.094056
2003-12-03,1445.03,1380.923167,1470.77285,4.537785,-1.765793,1.673768,3.535974,12.47963,4.826889,-0.579227
2003-12-04,1452.81,1381.012833,1470.5731,5.068244,-1.215258,1.177639,4.336033,14.414471,4.431412,-1.111639
2003-12-05,1451.12,1381.339333,1470.27535,4.928211,-1.311402,1.3464,7.768844,15.33628,8.078588,-0.996472
2003-12-08,1436.66,1381.5215,1469.93695,3.913555,-2.289853,2.318629,9.162949,16.520836,9.595868,0.467056
2003-12-09,1443.37,1381.909833,1469.59905,4.351418,-1.800895,1.578884,9.49908,18.472968,9.964874,0.202304
2003-12-10,1469.42,1382.6805,1469.46355,6.084376,-0.002964,-1.055626,9.144716,17.21962,9.575887,-1.57409
2003-12-11,1470.02,1383.448167,1469.3313,6.069695,0.046861,-0.86906,7.307879,17.153585,9.531163,-1.614264
2003-12-12,1470.79,1384.475333,1469.13125,6.047842,0.112843,-1.679801,9.571248,15.493033,10.044262,-1.665771
2003-12-15,1470.36,1385.689,1468.9356,5.930978,0.096921,1.525346,9.239012,17.289063,10.076444,-1.637014
2003-12-16,1466.34,1386.693,1468.87295,5.584772,-0.172591,2.312218,8.248537,18.009244,10.378221,-1.36735
2003-12-17,1453.99,1387.7625,1468.7332,4.661876,-1.008876,4.032476,8.721253,18.05444,11.315759,-0.529577
2003-12-18,1457.3,1388.876167,1468.4633,4.80905,-0.763107,3.724462,9.368693,17.732844,11.062925,-0.755507
2003-12-19,1446.29,1389.7915,1468.12885,3.984792,-1.498704,4.626856,11.886645,18.285842,12.62195,3.226877
2003-12-22,1492.96,1391.650167,1468.02515,7.027051,1.684266,0.232154,6.34323,14.969899,9.101382,0.232424
2003-12-23,1500.64,1393.491333,1467.9687,7.407934,2.201208,0.733655,7.892666,13.624073,8.543022,-0.280547
2003-12-24,1513.82,1395.4845,1467.9104,8.139459,3.079636,-1.114643,8.570257,13.017331,8.948224,-1.14875
2003-12-25,1512.6,1397.756333,1467.8519,7.896169,3.002998,0.302992,10.803049,14.098569,11.408171,-1.06902
2003-12-26,1514.78,1400.155333,1467.8399,7.868703,3.147835,3.47539,11.148584,14.899191,11.793792,-1.211397
2003-12-29,1496.43,1402.507,1467.83035,6.482092,1.929691,5.086819,11.522926,16.713427,13.164665,0.040764
2003-12-30,1511.69,1404.915833,1467.92335,7.325083,2.937952,4.874323,11.947434,15.576064,12.690433,-0.969114
2003-12-31,1497.04,1407.005,1468.06395,6.202649,1.954533,7.28251,12.183616,17.172931,13.793219,1.345989
2004-01-02,1517.19,1409.472,1468.30215,7.364477,3.275321,4.149485,10.059963,15.668693,12.281916,3.372023
2004-01-05,1568.35,1412.211,1468.76885,10.486755,6.559958,3.148804,5.909806,12.111361,8.61925,0.393407
2004-01-06,1574.52,1415.125333,1469.3182,10.673236,6.915198,2.394693,5.198723,9.263798,8.193608,0.441404
2004-01-07,1587.2,1418.4425,1469.924,11.241202,7.676076,0.328341,6.679035,8.20897,7.329259,-0.361013
2004-01-08,1610.13,1422.226333,1470.6283,12.409144,9.06252,-1.479089,5.652852,6.317979,5.815679,-1.77998
2004-01-09,1581.47,1425.825667,1471.2362,10.360373,7.225179,1.191755,8.228203,7.060147,8.576198,0.317426
2004-01-12,1618.52,1429.958,1471.979,12.386708,9.49044,0.635595,5.907808,3.673387,6.09075,-1.978968
2004-01-13,1612.68,1434.177667,1472.7197,11.730576,9.078656,-1.370436,6.544382,4.911256,6.763276,-1.624005
2004-01-14,1592.42,1437.979667,1473.3085,10.201575,7.774432,1.956348,5.452058,5.10895,8.121601,-0.372389
2004-01-15,1586.49,1441.121,1473.8521,9.610275,7.364458,3.88148,5.863788,5.095223,8.525739,0.267257
2004-01-16,1600.43,1444.684,1474.54225,10.238173,8.192474,5.158817,2.89138,3.146006,7.580463,-0.606087
2004-01-29,1628.84,1448.800833,1475.4051,11.71319,9.893551,3.888795,1.587248,1.761729,5.704059,-2.339702
2004-01-30,1590.73,1452.488667,1475.862,9.091462,7.49508,5.41185,5.166193,2.775554,8.23647,2.083949
2004-02-02,1623.88,1456.731333,1476.5217,10.862323,9.512923,4.788422,3.976816,0.713022,6.026923,1.447151
2004-02-03,1649.28,1461.527833,1477.2152,12.085648,11.018014,2.498715,2.277894,-2.295004,4.394039,-0.115202
2004-02-04,1685.16,1467.203333,1478.02825,13.850242,13.115158,-0.440094,-1.395314,-4.761589,2.171307,-2.241924
2004-02-05,1693.43,1472.9555,1478.8888,13.948513,13.546506,-1.763388,-1.460931,-6.967937,1.672345,-2.719333
2004-02-06,1679.19,1478.207667,1479.7261,12.748122,12.645453,-1.237384,-1.022967,-5.106796,2.534555,-1.894366
2004-02-09,1703.53,1483.440667,1480.6381,13.83384,14.022943,-0.394076,-3.975175,-8.788214,1.069544,-3.897202
2004-02-10,1691.01,1488.539,1481.5175,12.753088,13.225908,0.751746,-3.23996,-7.54868,1.817849,-3.188036
2004-02-11,1677.76,1493.8885,1482.30355,11.607712,12.386224,2.317725,0.018475,-4.510246,2.621948,-2.423469
2004-02-12,1663.83,1499.365667,1482.90435,10.408004,11.511961,3.146806,1.65763,-4.063845,3.481125,-1.606534
2004-02-13,1658.54,1504.673,1483.44115,9.73621,11.157321,3.740352,2.159164,-5.9529,3.811183,-1.292703
2004-02-16,1696.83,1510.559833,1484.041,11.628147,13.399303,-0.898635,2.294853,-9.700536,2.321388,-3.520093
2004-02-17,1703.77,1516.992833,1484.4795,11.611347,13.777924,-1.268154,2.422052,-9.108498,2.451622,-3.913087
2004-02-18,1717.1,1523.617667,1484.90765,11.954927,14.528424,-4.145067,1.617504,-9.704776,1.656281,-4.659018
2004-02-19,1717.02,1530.0505,1485.46155,11.528949,14.48647,-3.684965,0.013977,-10.294193,1.661017,-4.654576
2004-02-20,1721.75,1536.611333,1486.0023,11.376166,14.725172,-2.748626,1.505669,-9.972648,1.517061,-4.916509
2004-02-23,1681.65,1542.696167,1486.39515,8.624381,12.342163,0.481105,4.308649,-8.129474,4.402819,-2.649184
2004-02-24,1682.3,1548.42,1486.9481,8.292685,12.343614,0.295586,3.4694,-10.273529,4.36248,-2.686798
2004-02-25,1647.38,1552.9345,1487.34155,5.903978,10.219582,0.872122,5.47277,-7.755902,6.574682,-0.624021
2004-02-26,1654.9,1557.8235,1487.90625,6.045093,10.637065,0.840617,4.811949,-6.086409,6.090398,-1.075594
2004-02-27,1675.07,1562.341167,1488.76365,6.966951,11.790895,-0.777309,3.460476,-7.842617,4.812933,-2.266771
2004-03-01,1689.76,1567.030167,1489.7767,7.540429,12.596026,-3.163569,1.75459,-8.252592,3.901738,-3.116419
2004-03-02,1687.28,1571.619667,1490.52465,7.101104,12.398959,-3.019138,2.169181,-6.590813,4.054455,-2.974017
2004-03-03,1661.81,1576.164833,1491.28715,5.291279,10.826776,0.973695,4.690834,-5.869974,5.649262,-1.486933
2004-03-04,1668.87,1580.692333,1492.0243,5.428381,11.201296,1.355172,5.211537,-7.807475,5.349728,-1.903683
2004-03-05,1662.1,1584.515667,1492.67545,4.780308,10.751175,1.944747,6.213468,-7.494322,6.410565,-1.504121
2004-03-08,1637.14,1587.8795,1493.4346,3.055134,9.187225,5.875952,7.603805,-7.611724,8.032911,-0.002443
2004-03-09,1637.1,1591.080667,1494.0055,2.851293,9.146562,6.413758,8.229275,-9.159648,8.577362,2.502596
2004-03-10,1678.07,1594.835,1494.6194,5.087404,11.577273,3.916754,5.590255,-13.369571,5.926451,0.808667
2004-03-11,1691.64,1598.843667,1495.30535,5.641781,12.336804,1.503152,4.543925,-14.156596,5.07673,0.183254
2004-03-12,1694.74,1603.145,1496.0018,5.556201,12.473325,3.086857,1.905911,-14.085976,4.884525,1.328817
2004-03-15,1736.22,1608.025833,1497.0053,7.67031,14.824369,1.115161,-0.764918,-18.794261,2.378731,-1.092028
2004-03-16,1745.54,1612.627833,1498.0656,7.919892,15.288929,-0.220806,-1.756925,-17.604183,1.832098,-1.741581
2004-03-17,1745.1,1617.2125,1499.06055,7.610787,15.197325,-0.289801,-2.785559,-16.786917,1.857773,-2.747121
2004-03-18,1717.26,1621.320333,1499.8421,5.748916,13.537016,1.113008,-2.248397,-17.227471,3.509078,-2.223309
2004-03-19,1747.87,1625.9455,1500.7339,7.230841,15.244365,-0.793819,-3.138796,-20.261336,1.69635,-3.935647
2004-03-22,1755.69,1630.768,1501.67065,7.381087,15.628369,-2.072953,-4.651757,-20.276386,1.243386,-4.545222
2004-03-23,1741.69,1635.563,1502.62005,6.286882,14.764562,-1.004633,-4.237965,-18.282349,2.057197,-4.149418
2004-03-24,1740.05,1640.2755,1503.4795,5.904963,14.613176,0.090187,-5.218144,-18.876392,2.153386,-5.084337
2004-03-25,1736.48,1645.112,1504.2806,5.405161,14.35453,1.240204,-4.637469,-19.57603,2.363402,-4.889201
2004-03-26,1734.05,1649.130167,1505.0682,5.021174,14.16215,1.975683,-5.851115,-21.319493,2.506848,-5.683227
2004-03-29,1719.67,1652.780667,1505.85535,3.967329,13.277134,2.685645,-5.018384,-21.630232,3.364018,-4.894544
2004-03-30,1724.28,1656.288333,1506.6062,4.023042,13.495,3.040956,-6.742078,-20.214938,3.087666,-6.519823
2004-03-31,1741.62,1660.105333,1507.53305,4.793466,14.434114,1.873116,-8.057109,-21.894366,2.061299,-7.741069
2004-04-01,1758.15,1664.1615,1508.6292,5.494073,15.30607,0.687561,-10.718543,-19.887623,1.101726,-10.164093
2004-04-02,1768.65,1668.6985,1509.8214,5.817256,15.822518,-2.36281,-10.297297,-20.474738,0.501512,-10.697425
2004-04-05,1766.48,1672.945,1510.96,5.440332,15.624366,-2.492771,-12.416844,-20.116332,0.624972,-11.676894
2004-04-06,1777.52,1677.619667,1512.0184,5.784321,16.177369,-3.572442,-12.537995,-20.363489,-0.167087,-12.22546
2004-04-07,1774.55,1681.909,1513.0806,5.361741,15.939916,-4.45906,-10.118976,-21.001548,-0.240624,-12.078555
2004-04-08,1770.28,1685.2745,1514.09815,4.920927,15.631774,-5.28917,-10.2654,-20.66474,-2.42504,-11.866484
2004-04-09,1727.35,1687.821667,1514.9364,2.31497,13.121498,-1.957849,-10.017975,-18.845956,-0.25241,-9.676093
2004-04-12,1722.99,1690.084833,1515.76545,1.928243,12.814059,-2.771679,-11.230471,-20.962671,-0.455603,-10.622813
2004-04-13,1715.14,1691.835,1516.57175,1.368097,12.304235,-2.701845,-9.773625,-20.340826,-1.048311,-10.213743
2004-04-14,1697.16,1693.763167,1517.3638,0.200349,11.198178,-2.722386,-8.53672,-18.980192,-0.194442,-9.262533
2004-04-15,1679.08,1694.7725,1518.11185,-0.930249,10.077867,-1.276063,-8.059773,-16.650523,0.880244,-8.28549
2004-04-16,1693.86,1696.1255,1519.02435,-0.133658,10.894169,-3.506138,-8.339521,-15.122772,-1.060891,-9.085757
2004-04-19,1675.89,1697.516667,1519.84165,-1.282203,9.773822,-2.43958,-7.786366,-13.959428,-0.386064,-8.110914
2004-04-20,1669.42,1698.898833,1520.67835,-1.750404,9.331974,-3.508747,-9.504964,-14.23344,-0.696649,-9.067221
2004-04-21,1651.58,1699.751333,1521.35935,-2.874956,8.212816,-2.748778,-8.010528,-13.152149,0.376004,-8.084985
2004-04-22,1657.79,1700.233833,1522.16305,-2.52804,8.535301,-4.84087,-6.26089,-16.371294,-1.344561,-8.429294
2004-04-23,1635.5,1700.98,1522.91045,-3.925599,7.132529,-2.470499,-5.451978,-15.020454,0,-7.18129
2004-04-26,1635.5,1701.173667,1523.66445,-3.936984,7.083031,-4.712814,-4.988798,-16.432249,-1.44543,-7.18129
2004-04-27,1611.86,1700.55,1524.22535,-5.356294,5.590248,-2.754961,-2.017916,-15.231701,-0.313923,-5.819984
2004-04-28,1606.8,1699.244,1524.73715,-5.593882,5.242259,-0.188752,-2.503699,-14.579736,-0.188574,-5.523401
2004-04-29,1579.45,1697.344333,1525.12265,-7.198819,3.500185,1.140704,-2.300468,-11.538239,1.539777,-3.887429
2004-04-30,1595.59,1695.951,1525.5932,-6.100007,4.486026,-2.083488,-3.410493,-14.067738,0.512663,-4.859644
2004-05-10,1560.21,1693.562333,1525.83415,-8.201377,2.227918,-1.306399,-2.798685,-12.766208,2.791932,-2.759885
2004-05-11,1568.06,1691.513167,1526.1579,-7.578431,2.708579,-0.808072,-4.850928,-13.776211,2.277336,-4.73515
2004-05-12,1603.77,1690.28,1526.5171,-5.253709,4.936837,-2.876804,-8.840849,-13.266862,-0.386589,-8.461313
2004-05-13,1597.57,1689.175667,1526.8607,-5.575691,4.526993,-3.083543,-8.435121,-13.987086,-1.121078,-8.106061
2004-05-14,1562.69,1687.578167,1527.0671,-7.688577,2.305973,-0.279396,-5.973912,-11.677407,1.085948,-6.054944
2004-05-17,1539.96,1684.963667,1527.1397,-8.998756,0.835993,0.672427,-6.798871,-9.825289,2.577989,-6.572898
2004-05-18,1555.44,1682.4915,1527.26945,-7.851727,1.8277,-2.433185,-6.073633,-10.473638,1.557116,-7.5027
2004-05-19,1558.29,1679.844667,1527.3641,-7.511226,2.004563,-2.196194,-5.464637,-11.791781,1.371375,-7.671871
2004-05-20,1549.06,1677.045333,1527.5736,-7.938522,1.39677,0.52282,-6.919301,-12.415229,1.975392,-7.121738
2004-05-21,1558.33,1674.321667,1527.8858,-7.179337,1.972979,-0.618595,-8.783019,-12.993602,1.368773,-8.40836
2004-05-24,1550.35,1672.133333,1528.14515,-7.561954,1.442603,0.357987,-7.838263,-13.504095,1.890541,-7.936917
2004-05-25,1518.05,1669.395833,1528.22465,-9.503517,-0.668009,3.978302,-4.53942,-10.979487,4.058496,-5.978064
2004-05-26,1524.44,1667.346833,1528.3796,-8.960651,-0.258096,2.75805,-5.64772,-11.545211,3.622314,-6.372176
2004-05-27,1557.18,1665.718167,1528.77725,-6.737987,1.840826,-0.880449,-8.677671,-14.987111,1.443635,-8.340718
2004-05-28,1548.72,1663.612333,1529.1689,-7.156256,1.27044,-0.429014,-10.0164,-14.34615,1.997779,-9.531097
2004-05-31,1555.91,1661.3815,1529.56195,-6.55889,1.70792,-2.522701,-11.623049,-16.033874,1.526438,-10.973
2004-06-01,1579.66,1659.587833,1530.062,-4.935964,3.190138,-5.587973,-11.454944,-16.109075,-0.797007,-12.31151
2004-06-02,1567.07,1658.008833,1530.51365,-5.640975,2.360424,-6.525902,-11.333558,-15.670221,-1.502166,-11.607012
2004-06-03,1543.53,1655.919833,1530.84645,-7.028464,0.825118,-4.993949,-6.868611,-14.557526,-0.093293,-10.258952
2004-06-04,1542.09,1653.919667,1531.0851,-7.000939,0.716194,-4.646907,-6.766948,-15.504489,-1.617286,-10.175152
2004-06-07,1517.15,1651.919833,1531.1993,-8.510457,-0.921771,-5.306584,-4.900803,-13.964891,-1.538411,-8.698547
2004-06-08,1493.81,1649.531667,1531.2371,-9.916151,-2.474607,-2.030777,-2.974566,-10.712416,-1.23108,-7.272009
2004-06-09,1468.07,1646.031667,1531.1406,-11.441873,-4.206433,0.499408,-2.041723,-10.521143,0.500657,-5.646189
2004-06-10,1468.34,1642.31,1531.12595,-11.197128,-4.187087,-1.567723,-1.964219,-10.051117,0.482177,-5.663538
2004-06-11,1472.07,1638.598833,1531.11425,-10.717193,-3.932616,-3.088503,-2.854069,-10.365839,0.227571,-5.902573
2004-06-14,1438.74,1633.640833,1530.91155,-12.704343,-6.209561,-0.366965,-2.933328,-8.503054,2.549453,-3.722702
2004-06-15,1463.78,1628.944833,1530.9013,-10.691033,-4.483452,-0.898972,-4.493568,-10.014566,0.795201,-5.369659
2004-06-16,1475.42,1624.450167,1530.9989,-9.62267,-3.69777,-2.379277,-4.978834,-11.942714,-1.676811,-6.116225
2004-06-17,1445.5,1619.920833,1530.9754,-11.3922,-5.744977,-1.23555,-1.671449,-11.823367,0.358354,-4.172951
2004-06-18,1427.3,1614.578,1530.88645,-12.328907,-7.00624,-1.851977,1.999768,-10.340846,2.019898,-2.951026
2004-06-21,1433.47,1609.207667,1530.80525,-11.564385,-6.569583,-3.426798,1.6652,-12.873242,1.679142,-3.368749
2004-06-22,1450.68,1604.3575,1530.85035,-10.069095,-5.379095,-2.937222,-0.189056,-10.939126,0.472882,-4.515124
2004-06-23,1440.73,1599.368833,1530.84855,-10.445914,-6.067226,-2.927787,0.506099,-6.117875,1.16677,-3.855684
2004-06-24,1427.75,1594.223333,1530.7929,-11.02869,-6.968606,0.928611,-1.432733,-4.041351,2.0865,-2.981614
2004-06-25,1401.11,1588.674333,1530.68755,-12.563514,-8.845223,2.820438,0.447925,0.965271,4.027521,-1.136956
2004-06-28,1385.18,1583.0995,1530.4874,-13.355454,-9.975615,4.199545,0.179599,5.480939,5.22387,0.17976
2004-06-29,1408.69,1577.839667,1530.40405,-11.339642,-8.287159,2.892405,-1.758841,2.790977,3.467761,-1.743464
2004-06-30,1399.16,1572.132,1530.3214,-11.65606,-8.960572,2.765933,-0.742479,1.489044,4.172504,-1.074216
2004-07-01,1441.07,1566.847333,1530.41685,-8.367964,-6.015426,-0.089557,-2.36916,1.631917,1.142901,-3.951231
2004-07-02,1441.19,1561.389667,1530.3737,-8.010708,-6.004279,-0.734027,-3.890297,-0.391414,1.134479,-3.959228
2004-07-05,1444.59,1556.024833,1530.3641,-7.430884,-5.768014,-3.33911,-5.06672,-1.197094,0.896448,-4.940502
2004-07-06,1450.03,1550.566667,1530.375,-6.703621,-5.392856,-3.54978,-5.950717,-1.000833,0.51792,-5.777122
2004-07-07,1438.4,1544.964167,1530.32985,-7.146933,-6.195192,-2.437703,-2.38429,-1.286747,1.330645,-5.015295
2004-07-08,1439.78,1539.455833,1530.3711,-6.693867,-6.101993,-1.274953,-3.587746,-3.037801,1.233522,-5.106336
2004-07-09,1430.65,1534.510833,1530.3957,-7.008277,-6.739744,1.765335,-2.849426,-0.541076,1.879565,-4.500751
2004-07-12,1397.15,1529.080167,1530.2811,-9.023191,-9.1017,4.231564,-0.09309,1.138681,4.322371,-2.210929
2004-07-13,1399.46,1523.818833,1530.1625,-8.513313,-8.928749,3.405541,0.093564,-1.079072,4.150172,-2.372344
2004-07-14,1403.76,1518.928833,1530.0615,-7.885102,-8.615358,3.105657,-1.348309,-1.22131,3.831139,-2.671397
2004-07-15,1421.54,1514.6365,1530.1234,-6.343469,-7.360759,-0.996834,-3.824478,-6.435376,2.532465,-3.88874
2004-07-16,1456.13,1510.674333,1530.41635,-3.67739,-4.975759,-3.40382,-6.210352,-9.021239,0.096832,-6.171839
2004-07-19,1457.54,1507.035167,1530.67355,-3.339417,-4.895778,-4.9124,-7.331032,-8.75267,-0.651783,-7.06876
2004-07-20,1447.94,1503.343833,1530.96415,-3.754999,-5.575584,-4.507007,-6.251011,-7.924994,0.006906,-6.452615
2004-07-21,1448.04,1499.9515,1531.25195,-3.522186,-5.587475,-4.176365,-6.40359,-8.459598,-2.80379,-6.459076
2004-07-22,1407.44,1495.779,1531.3323,-6.087469,-8.436569,-0.007816,-4.876707,-7.132555,-0.002842,-4.759706
2004-07-23,1407.4,1491.977333,1531.4621,-5.835828,-8.447887,-1.517784,-4.777675,-5.705393,-0.004974,-4.756999
2004-07-26,1387.67,1487.846833,1531.4496,-6.970391,-9.858866,-1.046773,-4.590424,-5.672147,1.416763,-4.486657
2004-07-27,1384.13,1484.051333,1531.3991,-6.970395,-10.110998,-1.29947,-2.89529,-4.382538,1.676143,-4.242376
2004-07-28,1388.81,1480.418167,1531.4617,-6.387733,-9.777537,1.124122,-3.594184,-3.369028,1.333516,-4.565059
2004-07-29,1407.33,1477.5495,1531.64415,-4.869068,-8.464747,-1.308143,-5.319755,-4.772701,-0.200379,-5.820952
2004-07-30,1386.2,1474.059667,1531.7985,-6.145408,-9.987634,0.306844,-4.847244,-4.852545,1.320877,-4.73164
2004-08-02,1373.22,1470.943167,1531.8288,-6.874546,-10.930397,1.63452,-3.997368,-5.073311,2.278586,-3.918527
2004-08-03,1366.26,1467.579833,1531.80165,-7.153759,-11.436751,2.494501,-1.787133,-4.853658,2.799614,-3.429069
2004-08-04,1404.51,1464.258833,1531.97835,-4.166071,-8.687145,-1.401723,-6.09513,-5.695614,-0.266285,-6.059053
2004-08-05,1389.04,1460.783333,1531.9035,-5.035996,-9.789822,-1.511685,-4.499152,-6.257842,0.844468,-5.012815
2004-08-06,1390.46,1457.912833,1531.8575,-4.737122,-9.684642,-1.595592,-4.662345,-6.333197,0.741481,-5.10982
2004-08-09,1395.85,1455.511,1531.8959,-4.185349,-9.300257,-3.006378,-5.476636,-6.789072,0.352473,-5.476233
2004-08-10,1400.77,1452.933167,1531.98425,-3.65623,-8.954171,-2.939034,-5.614562,-6.895871,-1.128665,-5.808234
2004-08-11,1384.96,1450.044333,1532.0815,-4.592287,-10.095601,-1.949624,-5.61557,-2.232009,-1.192092,-5.460808
2004-08-12,1368.2,1447.03,1532.0696,-5.601717,-11.312349,-2.049063,-6.32744,-1.556414,0.018272,-6.131414
2004-08-13,1368.45,1443.865333,1532.11435,-5.364506,-11.297,-1.971143,-6.130263,-1.193103,-0.602872,-6.148562
2004-08-16,1354.51,1440.601333,1532.0654,-6.162085,-12.317699,-2.171792,-7.207411,1.140747,0.420078,-6.953806
2004-08-17,1360.2,1437.9705,1531.87635,-5.5601,-11.886161,-1.151287,-4.49906,0.746362,-0.145567,-7.343038
2004-08-18,1358.22,1435.200167,1531.7342,-5.512931,-12.022554,-1.36696,-0.220384,-0.153259,-0.220141,-7.207963
2004-08-19,1340.45,1431.588,1531.5273,-6.577894,-13.326009,-0.450864,2.268089,2.022016,2.294006,-5.977843
2004-08-20,1341.74,1428.138333,1531.3887,-6.240445,-13.220769,-1.587353,5.295022,2.808723,5.437715,-6.06824
2004-08-23,1325.41,1424.296667,1531.16915,-7.195628,-14.430975,-0.453718,9.891764,4.254767,10.397537,-4.910933
2004-08-24,1344.63,1420.3795,1531.08485,-5.480521,-12.985765,-0.191314,7.445108,1.959656,8.819527,-6.270126
2004-08-25,1339.78,1416.591333,1531.0606,-5.57481,-13.345528,-1.376824,5.825708,1.433937,9.213453,-5.930824
2004-08-26,1334.42,1413.106167,1530.9912,-5.72935,-13.741863,-0.48754,9.320832,1.775926,9.769038,-5.552974
2004-08-27,1320.61,1409.414833,1530.77395,-6.508086,-14.767971,0.491743,8.346127,2.698364,10.916925,-4.565315
2004-08-30,1319.41,1406.119167,1530.42325,-6.364888,-14.835966,0.155252,7.866994,1.356519,11.017803,-4.478517
2004-08-31,1342.06,1403.59,1530.208,-4.482749,-13.119793,-1.332928,6.737017,-0.096167,9.144152,-6.090637
2004-09-01,1321.46,1401.1465,1530.03135,-5.855364,-14.655104,-0.922163,7.192673,1.014916,10.84558,-4.626701
2004-09-02,1327.93,1398.806333,1529.995,-5.199792,-14.164313,-3.339973,5.049097,0.387822,10.305513,-5.091383
2004-09-03,1327.12,1396.3905,1529.9301,-5.087951,-14.221087,-3.063509,6.970695,0.756669,10.372837,-5.033456
2004-09-06,1321.46,1394.435833,1529.8193,-5.375273,-14.641244,-4.737153,6.708407,1.366374,10.84558,-4.626701
2004-09-07,1324.29,1392.111,1529.8518,-4.994483,-14.42944,-1.823532,4.441926,-0.040785,10.608704,-4.830513
2004-09-08,1309.33,1389.342833,1529.8004,-5.93153,-15.562171,3.445563,5.742569,1.298311,11.872484,-3.743136
2004-09-09,1284.31,1386.656333,1529.5667,-7.667372,-17.476288,6.546466,3.716542,4.155955,14.051903,-1.867929
2004-09-10,1287.08,1384.319333,1529.3616,-7.283248,-17.247431,9.454141,3.319376,2.352688,13.806446,-2.079125
2004-09-13,1260.32,1381.4335,1529.0804,-9.175607,-19.330085,14.927383,5.785773,3.842481,16.222864,3.176971
2004-09-14,1300.36,1378.928167,1528.88785,-5.866536,-16.189943,10.792881,2.825077,0.551401,12.644191,2.319358
2004-09-15,1355.23,1377.503167,1528.78145,-1.630138,-12.04998,4.679132,-1.835624,-3.161851,8.083499,-1.823307
2004-09-16,1371.2,1376.560667,1528.82965,-0.390185,-10.881624,6.601879,-4.523937,-4.94679,6.824679,-4.423133
2004-09-17,1414.7,1376.787167,1528.8831,2.716485,-7.761997,1.463752,-6.222739,-9.18955,3.539973,-7.361985
2004-09-20,1463.22,1378.087833,1529.1571,5.994258,-4.407718,-2.478488,-10.973487,-13.733259,0.106614,-10.433838
2004-09-21,1448.56,1378.752333,1529.34035,4.939098,-5.426654,-0.899404,-8.932355,-12.749046,1.119733,-9.527393
2004-09-22,1420.15,1379.102167,1529.4956,2.932982,-7.417551,-0.009859,-5.600551,-8.259205,3.142626,-7.717495
2004-09-23,1464.78,1379.497333,1529.8334,5.998588,-4.345378,-4.759275,-8.773778,-13.272224,-1.992791,-10.529226
2004-09-24,1435.56,1379.4035,1529.8477,3.990386,-6.361317,-0.883689,-8.351427,-11.076517,0.00209,-8.7081
2004-09-27,1427.4,1379.117,1529.80815,3.441117,-6.928773,-1.003335,-8.942937,-10.878361,0.57377,-8.554715
2004-09-28,1435.59,1378.876333,1529.76095,4.0307,-6.353557,-3.628019,-9.803542,-11.55443,-0.881867,-9.338321
2004-09-29,1420.01,1378.569833,1529.59695,2.96173,-7.434036,-2.372267,-6.793157,-10.825906,0.205632,-8.343603
2004-09-30,1396.7,1377.851833,1529.32485,1.358667,-9.071405,-4.672528,-6.807787,-9.217841,1.877998,-6.813919
2004-10-08,1422.93,1377.723167,1529.2562,3.228587,-7.206335,-6.714828,-8.641547,-11.646094,-0.687314,-8.531692
2004-10-11,1413.15,1377.989833,1529.1051,2.519546,-7.886141,-5.659787,-8.020843,-12.84785,-1.87029,-7.898666
2004-10-12,1384.44,1377.7395,1528.6802,0.485161,-9.910902,-3.440381,-5.723235,-10.060138,0.164688,-5.988703
2004-10-13,1386.72,1377.4555,1528.2637,0.670329,-9.719101,-4.132631,-2.359008,-11.228965,-2.331401,-6.143273
2004-10-14,1332.94,1375.978833,1527.57445,-3.177833,-13.629412,-1.694013,1.054483,-6.845232,1.609225,-2.356445
2004-10-15,1330.52,1373.885333,1526.87525,-3.207289,-13.765348,-0.087974,1.617784,-6.050813,1.794035,-2.178847
2004-10-18,1335.39,1371.8495,1526.2205,-2.693645,-13.357103,-1.831877,2.562385,-6.012957,2.595496,-2.535589
2004-10-19,1337.62,1370.010833,1525.63865,-2.392673,-13.152119,-0.964551,2.420346,-6.222763,2.449874,-2.698076
2004-10-20,1330.58,1368.053167,1525.00505,-2.777375,-13.638278,0.914205,1.902749,-5.743608,2.991928,-2.183258
2004-10-21,1310.55,1366.438333,1524.32635,-4.17607,-15.110568,2.352038,4.277865,-5.08135,4.566022,-0.688261
2004-10-22,1329.35,1365.1375,1523.5083,-2.656506,-13.632567,-0.664936,3.736441,-8.858892,3.807124,-2.092752
2004-10-25,1311.15,1363.862167,1522.56085,-3.941589,-14.948907,-0.447938,5.33649,-6.759649,5.481448,-0.733707
2004-10-26,1324.78,1362.873,1521.61565,-2.834856,-13.852629,-1.770591,3.446903,-8.394593,4.396202,-1.755008
2004-10-27,1342.8,1362.106167,1520.76665,-1.427517,-12.44576,-1.202464,1.20878,-10.878377,2.995234,-3.073429
2004-10-28,1341.74,1361.013,1519.90145,-1.4262,-12.467822,-2.793283,1.228872,-8.331745,3.076602,-2.996855
2004-10-29,1320.54,1359.918667,1519.022,-2.938415,-14.002596,-1.173809,2.703665,-5.028385,4.731398,-1.439563
2004-11-01,1305.29,1358.7865,1517.99,-4.016678,-15.096185,-0.081241,2.432462,-3.99034,5.954999,-0.288059
2004-11-02,1301.53,1357.707667,1517.01245,-4.225724,-15.320241,0.452288,2.970358,-4.684972,6.261093,0.207448
2004-11-03,1326.75,1356.411667,1516.06025,-2.211039,-13.338269,2.061883,0.6154,-7.906523,4.241191,-1.697381
2004-11-04,1304.78,1355.007333,1514.7424,-3.777242,-14.921095,3.189742,2.146511,-7.238562,5.996413,-0.042153
2004-11-05,1305.13,1353.585167,1513.39545,-3.64541,-14.805312,3.544503,2.427522,-9.08211,5.967988,-0.068959
2004-11-08,1304.23,1352.058167,1511.9806,-3.601517,-14.780762,4.923441,2.678809,-9.255909,6.041112,0.245355
2004-11-09,1307.43,1350.5025,1510.4671,-3.241337,-14.435556,4.703199,1.240524,-4.292182,5.781571,1.24825
2004-11-10,1354.39,1349.993,1509.3317,0.325176,-10.83158,0.129126,-2.085251,-8.637862,2.113867,-2.262273
2004-11-11,1347.07,1349.640833,1507.97445,-0.190664,-11.283546,1.529368,-0.61507,-5.970267,2.668755,-1.731165
2004-11-12,1352.22,1349.370333,1506.67215,0.210962,-10.815566,2.030683,-2.584472,-5.576299,2.277736,-2.55136
2004-11-15,1370.05,1349.629333,1505.5603,1.501725,-9.431789,0.942228,-4.505677,-7.101517,0.946681,-4.405679
2004-11-16,1370.39,1349.799167,1504.4798,1.513955,-9.335182,0.062007,-4.694021,-8.480144,0.921635,-4.585556
2004-11-17,1356.14,1349.7645,1503.25835,0.47123,-10.299256,0.220236,-3.228975,-5.428846,1.982096,-3.582963
2004-11-18,1367.83,1350.220833,1501.9533,1.295738,-9.354092,-0.696954,-4.700718,-4.374817,1.110518,-4.591945
2004-11-19,1379.96,1350.857833,1500.89945,2.131469,-8.401005,-1.697712,-6.703252,-5.243204,0.221746,-6.483521
2004-11-22,1383.02,1351.818,1499.69515,2.281916,-8.099234,-3.351965,-8.096262,-5.428055,-0.851759,-7.777183
2004-11-23,1371.24,1352.2615,1498.30495,1.393706,-8.8619,-2.247136,-7.263594,-4.382744,-0.883142,-7.006068
2004-11-24,1359.13,1352.584,1496.6748,0.482795,-9.640106,-1.795844,-3.867434,-3.987576,-0.058861,-6.177481
2004-11-25,1358.33,1352.9825,1494.9993,0.394459,-9.586973,-1.875645,-5.727318,-4.12721,-0.117792,-6.122224
2004-11-26,1356.73,1353.5845,1493.387,0.232113,-9.59693,-1.449952,-5.428755,-5.241387,-1.176358,-6.011513
2004-11-29,1337.43,1353.884833,1491.5565,-1.222825,-10.907034,0.165106,-4.367887,-3.274895,0.249733,-4.655197
2004-11-30,1340.77,1353.863333,1489.8053,-0.971816,-10.540136,-1.277546,-4.721247,-4.037863,-0.08428,-4.892711
2004-12-01,1334.94,1354.088,1488.0912,-1.424182,-10.860788,-0.638769,-4.648149,-3.13491,0.352076,-4.541777
2004-12-02,1333.09,1354.174,1486.4375,-1.569212,-10.888276,0.42816,-4.556565,-1.117928,0.49134,-4.454313
2004-12-03,1337.2,1354.342,1484.8308,-1.273785,-10.472295,-1.467491,-5.432069,-1.538092,0.182471,-5.287167
2004-12-06,1339.64,1354.645,1483.04485,-1.113851,-10.169638,-2.261045,-7.505816,-4.068546,-0.061957,-7.231047
2004-12-07,1323.75,1354.636,1481.14475,-2.306417,-11.234665,-1.231346,-5.577427,-2.587291,1.137677,-6.117469
2004-12-08,1326.44,1354.921167,1479.19145,-2.124461,-10.899696,-1.014599,-6.784707,-2.514694,0.932571,-6.559663
2004-12-09,1338.81,1355.8295,1477.3004,-1.263228,-9.843521,-2.556279,-7.284645,-5.344165,-1.57528,-7.42301
2004-12-10,1317.72,1356.340167,1475.28025,-2.888705,-11.2945,-2.088098,-5.084126,-4.829739,-0.3544,-5.941323
2004-12-13,1309.69,1357.163,1473.42045,-3.560602,-11.779607,-2.648357,-4.069665,-5.188461,0.256549,-5.364628
2004-12-14,1307.55,1357.282833,1471.5467,-3.732963,-11.815887,-2.507565,-3.949087,-6.325705,0.420634,-5.209743
2004-12-15,1313.05,1356.579833,1469.87505,-3.261403,-11.282472,-0.418222,-4.417382,-6.448521,-0.417349,-5.606793
2004-12-16,1305.02,1355.476833,1468.12565,-3.793493,-11.776815,-1.723554,-4.658497,-7.814671,0.195399,-5.025977
2004-12-17,1290.49,1353.406667,1466.20275,-4.760288,-12.76539,-0.423214,-5.892081,-7.132638,1.323528,-5.721858
2004-12-20,1275.46,1350.277333,1464.13125,-5.700311,-13.795517,0.37641,-3.999877,-5.418353,2.517523,-4.610885
2004-12-21,1275.17,1347.3875,1462.0707,-5.508803,-13.677422,0.295211,-4.577903,-5.607725,2.540838,-4.589192
2004-12-22,1307.57,1345.511167,1460.2995,-2.860354,-11.04711,-2.57656,-8.219724,-8.575723,-1.723044,-7.890973
2004-12-23,1282.72,1342.476833,1458.36875,-4.553347,-12.833569,-0.704892,-3.833299,-7.08199,0.180866,-6.106555
2004-12-24,1285.04,1339.968167,1456.48345,-4.185601,-12.523509,-1.453266,-2.303295,-9.159193,-0.371195,-6.276069
2004-12-27,1280.27,1337.516,1454.6991,-4.374317,-12.772808,-2.972823,-2.054915,-8.050626,-0.103884,-5.926875
2004-12-28,1278.94,1334.905167,1452.9083,-4.282864,-12.753566,-2.133726,-2.934083,-4.425879,-0.362019,-5.829046
2004-12-29,1274.31,1332.476833,1450.8895,-4.463464,-12.977196,-2.775326,-3.873774,-5.761136,-0.047084,-5.486891
2004-12-30,1273.71,1330.427,1448.79985,-4.356604,-12.880162,-2.29992,-4.828507,-6.651948,-0.566063,-5.442369
2004-12-31,1266.5,1327.819833,1446.65865,-4.728118,-13.299933,-1.119548,-6.077564,-4.162012,-0.713778,-5.896565
2005-01-04,1242.77,1324.980167,1444.1914,-6.405473,-15.020682,1.175105,-4.428902,-1.4002,1.182037,-4.332258
2005-01-05,1251.94,1322.771833,1441.7234,-5.503506,-14.114486,0.396994,0.044721,-0.27355,0.440916,-5.032989
2005-01-06,1239.43,1320.317,1439.19505,-6.322026,-14.943237,1.352726,0.232095,0.124174,1.454701,-4.074454
2005-01-07,1244.75,1318.847167,1436.8325,-5.782329,-14.350633,0.069869,1.929448,-2.048557,1.948182,-4.484435
2005-01-10,1252.4,1317.545167,1434.35515,-5.070857,-13.565366,-2.896053,2.092298,-0.33592,2.11434,-5.06787
2005-01-11,1257.46,1316.246333,1431.864,-4.569019,-12.988328,-2.578569,1.473825,-1.85655,1.703434,-5.449875
2005-01-12,1256.92,1314.901333,1429.44015,-4.509735,-12.861858,-3.136381,0.162964,-3.230834,1.747128,-5.409254
2005-01-13,1256.31,1313.6635,1427.02145,-4.464095,-12.741052,-4.220564,2.217511,-4.775075,2.242281,-5.363326
2005-01-14,1245.62,1312.581333,1424.56715,-5.236228,-13.423462,-0.898357,4.984397,-3.739518,5.110708,-4.551147
2005-01-17,1216.65,1310.703,1421.98015,-7.446245,-15.594919,3.165571,7.352129,-2.704218,7.629146,-2.278387
2005-01-18,1225.45,1309.274667,1419.50905,-6.616517,-14.700295,2.321371,6.668085,-4.411873,6.895426,-2.98013
2005-01-19,1218.11,1307.496833,1416.9782,-7.081402,-15.12261,1.93903,7.458752,-4.098928,7.743964,-2.395514
2005-01-20,1204.39,1305.19,1414.29205,-8.037541,-16.065587,1.76939,8.099582,-3.930474,8.971346,-1.283637
2005-01-21,1234.48,1303.402333,1411.6737,-5.43282,-13.412619,-1.7001,5.433408,-5.764552,6.31521,-3.689813
2005-01-24,1255.78,1302.323,1409.10935,-3.63927,-11.520094,-5.227534,2.490662,-8.907379,4.511937,-5.323385
2005-01-25,1254.23,1301.472,1406.5481,-3.697409,-11.461671,-5.34681,3.147907,-7.027051,4.641095,-5.206382
2005-01-26,1241.96,1300.479167,1403.8703,-4.604201,-12.254215,0.845078,3.617467,-6.90038,5.674901,-4.269864
2005-01-27,1225.89,1298.798167,1401.127,-5.777224,-13.36098,1.330544,5.387014,-8.071523,7.060177,-3.014952
2005-01-28,1213.67,1297.279667,1398.34395,-6.662068,-14.163982,4.458036,8.267144,-6.652291,8.618488,-2.038445
2005-01-31,1191.82,1295.391167,1395.6663,-8.333116,-15.789039,7.050314,9.971541,-5.834761,10.609824,-0.242486
2005-02-01,1188.93,1293.4695,1392.996,-8.42744,-15.840308,7.077832,7.866172,-7.412285,10.878689,4.489751
2005-02-02,1252.5,1292.554,1390.6828,-3.147855,-10.46533,0.515237,2.945415,-12.291896,5.251098,-0.813573
2005-02-03,1242.31,1290.686,1388.40855,-3.820131,-11.118561,3.338142,4.037917,-12.578905,6.114416,1.34105
2005-02-04,1269,1289.384833,1386.35815,-1.593604,-8.845108,3.124818,0.011032,-14.324634,3.882585,-0.790386
2005-02-16,1278.88,1288.1625,1384.28325,-0.723209,-7.91978,2.363778,-1.837911,-14.798722,3.080039,-1.821125
2005-02-17,1276.13,1286.597167,1382.28445,-0.816882,-7.990547,2.615691,-2.59262,-14.53723,3.302171,-2.5593
2005-02-18,1258.97,1284.740167,1380.2322,-2.026257,-9.195782,4.159407,-2.539582,-13.56476,4.7102,-2.507605
2005-02-21,1284.48,1283.545833,1378.3967,0.072754,-7.056704,1.661506,-4.24865,-18.191058,2.630637,-4.443822
2005-02-22,1309.28,1282.57,1376.65415,2.061149,-5.017866,-0.449346,-8.140571,-19.822705,0.686637,-7.818037
2005-02-23,1309.47,1281.395167,1375.024,2.167302,-4.884871,-1.695896,-8.592686,-19.996582,0.672028,-8.233866
2005-02-24,1309.95,1280.177333,1373.39625,2.299036,-4.729772,-1.198806,-8.08656,-21.278667,0.635139,-8.267491
2005-02-25,1312.44,1279.197333,1371.89915,2.56552,-4.430802,-1.902255,-8.488575,-22.124242,0.444211,-8.441529
2005-02-28,1306,1278.311833,1370.39515,2.14287,-4.81301,-0.943178,-8.455581,-20.854919,0.93951,-8.107963
2005-03-01,1303.41,1277.3965,1369.01495,2.015988,-4.910756,1.133636,-8.682099,-20.601713,1.140086,-8.315879
2005-03-02,1287.45,1276.241833,1367.47425,0.874383,-6.030191,2.253344,-9.34656,-21.422195,2.393879,-8.923065
2005-03-03,1294.34,1275.523667,1366.1449,1.46441,-5.399192,-0.628545,-9.143618,-24.206851,1.848819,-9.407884
2005-03-04,1287.71,1274.639333,1364.74315,1.020218,-5.81008,0.173026,-5.109263,-23.931763,2.373205,-8.941454
2005-03-07,1293.74,1273.952667,1363.193,1.541285,-5.229249,-0.018553,-7.274375,-22.373504,1.896053,-9.365869
2005-03-08,1318.27,1273.705667,1361.7965,3.438977,-3.248451,-3.798077,-10.090585,-24.584926,-0.112268,-11.052364
2005-03-09,1316.79,1273.3655,1360.567,3.353356,-3.270457,-4.759138,-8.055988,-16.582251,-1.768695,-10.952392
2005-03-10,1286.23,1272.475333,1359.29835,1.075137,-5.525319,-3.38096,-4.837469,-12.856905,0.565218,-8.836678
2005-03-11,1289.94,1271.911833,1357.97085,1.407456,-5.139586,-4.969759,-3.263686,-15.177742,0.275982,-9.098873
2005-03-14,1293.5,1271.362833,1356.6469,1.72623,-4.766442,-4.948426,-4.145839,-15.633965,-1.883262,-9.349053
2005-03-15,1269.14,1270.201667,1355.2473,-0.083617,-6.564444,-5.026785,-3.989037,-14.899253,-1.067652,-7.60909
2005-03-16,1255.59,1269.166167,1353.7336,-1.075454,-7.526082,-4.390997,-0.590307,-15.729624,-0.563082,-6.612031
2005-03-17,1243.47,1268.0625,1352.1992,-1.958429,-8.382645,-2.878249,-0.737755,-13.539543,0.406122,-5.701786
2005-03-18,1227.4,1266.726667,1350.74595,-3.153803,-9.575888,-1.789586,-0.854217,-12.275607,1.72071,-4.467166
2005-03-21,1231.05,1265.36,1349.279,-2.74892,-9.170291,-2.545424,-2.743937,-9.845716,1.419114,-4.750416
2005-03-22,1206.92,1263.725,1347.5277,-4.599205,-11.019992,-0.990874,-0.583344,-9.140785,3.44679,-2.846088
2005-03-23,1201.65,1262.244333,1345.79235,-4.919574,-11.328734,-2.449769,-1.463662,-8.654168,3.90047,-2.420006
2005-03-24,1208.19,1261.123167,1344.05375,-4.287935,-10.656686,-2.255864,-2.993398,-9.955693,3.338051,-2.949039
2005-03-25,1205.63,1259.964167,1342.1836,-4.408103,-10.729559,1.477056,-3.069105,-8.998444,3.557476,-3.022486
2005-03-28,1200.11,1258.173167,1340.3488,-4.724758,-11.051666,0.238028,-3.574475,-6.495023,4.033797,-3.511345
2005-03-29,1195.02,1256.7115,1338.60625,-5.033547,-11.346604,-0.27485,-2.515861,-7.507398,4.476913,-3.100367
2005-03-30,1172.57,1254.837,1336.75865,-6.780776,-13.104984,3.543915,-2.051482,-5.936164,6.477225,-2.030582
2005-03-31,1181.24,1253.1865,1335.0791,-5.912477,-12.242581,3.677603,-1.031341,-8.87337,5.69571,-2.749653
2005-04-01,1223.57,1252.263667,1333.7279,-2.318003,-8.620514,2.018603,-5.408584,-14.767296,2.039115,-6.114076
2005-04-04,1202.97,1251.074667,1332.4024,-3.920942,-10.219013,3.109983,-6.184162,-13.859717,3.786462,-5.996825
2005-04-05,1191.74,1249.7085,1331.0194,-4.74959,-11.053069,2.303471,-4.82885,-13.711721,4.764462,-5.111014
2005-04-06,1214.87,1248.848,1329.7334,-2.758445,-9.03414,2.706544,-7.750314,-16.16376,2.769844,-7.457588
2005-04-07,1225.49,1248.56,1328.66715,-1.865012,-8.083553,0.718755,-10.440987,-16.546711,1.879248,-9.914402
2005-04-08,1248.52,1248.503,1327.59085,0.001362,-6.140706,-2.56029,-11.973625,-20.413858,-0.02563,-11.576106
2005-04-11,1240.97,1248.528667,1326.4186,-0.607246,-6.65892,-3.546523,-12.470984,-20.445895,0.582609,-11.724699
2005-04-12,1219.51,1248.108,1325.28865,-2.317967,-8.318115,-1.621092,-10.346629,-15.332282,2.352584,-10.171298
2005-04-13,1248.2,1248.038,1324.39315,0.01298,-5.925184,-5.264352,-12.370504,-18.499457,-1.1112,-12.23602
2005-04-14,1234.33,1247.6525,1323.39745,-1.073547,-6.967394,-5.133892,-11.206855,-17.090383,-1.407241,-11.249828
2005-04-15,1216.96,1246.9865,1322.22885,-2.437389,-8.296289,-4.004474,-10.170962,-17.058099,-1.401854,-9.983073
2005-04-18,1197.73,1246.010167,1321.01385,-3.951848,-9.797141,-3.375963,-11.198471,-16.840072,0.181176,-10.594207
2005-04-19,1199.9,1245.248167,1319.8746,-3.709662,-9.529851,-2.923391,-11.09879,-16.799021,-1.309276,-10.755896
2005-04-20,1184.19,1244.707167,1318.79,-4.98413,-10.765565,-3.03759,-9.940235,-14.822749,-0.982106,-9.571944
2005-04-21,1172.56,1243.825667,1317.7269,-5.900245,-11.671881,-0.293806,-10.198709,-13.876931,-0.287405,-9.695879
2005-04-22,1169.19,1243.010333,1316.5294,-6.122492,-11.868783,-0.862422,-10.566562,-11.103196,-0.005987,-10.027455
2005-04-25,1157.97,1242.236667,1315.32345,-7.024505,-12.741413,-2.37166,-8.824863,-10.226888,0.962892,-9.155678
2005-04-26,1165.33,1241.084167,1313.94475,-6.298102,-12.002956,-2.587839,-9.403753,-8.272293,0.32523,-9.729433
2005-04-27,1148.76,1239.3005,1312.4826,-7.586401,-13.323736,-2.154916,-10.024154,-5.258798,1.772346,-9.538111
2005-04-28,1169.12,1237.882,1311.10525,-5.715053,-11.461915,-5.732044,-14.031893,-7.324379,-0.852778,-13.091898
2005-04-29,1159.15,1236.501833,1309.65085,-6.459931,-12.20736,-4.546438,-13.413917,-6.792431,-2.035112,-12.553164
2005-05-09,1130.83,1234.9175,1308.113,-8.805229,-14.563376,-3.176838,-8.914966,-3.773795,0.418277,-10.363185
2005-05-10,1135.56,1233.615667,1306.5919,-8.28235,-14.029622,-3.214307,-9.665491,-2.814974,-0.994223,-10.736553
2005-05-11,1124.27,1232.489833,1305.06,-9.190244,-14.911508,-1.913646,-0.775949,-1.484814,-0.772946,-9.840163
2005-05-12,1103.99,1231.074167,1303.5942,-10.89562,-16.619433,-0.047113,2.421551,-0.126893,2.451109,-8.183951
2005-05-13,1107.63,1228.659667,1302.13505,-10.370128,-16.178267,-0.757627,0.059569,1.887937,2.114424,-8.485686
2005-05-16,1095.47,1226.212333,1300.5936,-11.274652,-17.163728,-2.274011,0.982858,3.886183,3.247921,-7.469853
2005-05-17,1099.64,1223.389667,1298.9841,-10.664257,-16.659964,-2.373253,-0.563587,4.697667,2.856389,-7.820741
2005-05-18,1102.96,1220.457667,1297.21825,-10.122845,-16.222469,-2.834082,-2.768814,5.474936,2.546783,-8.098208
2005-05-19,1103.47,1217.58,1295.4479,-9.840552,-16.039674,-4.125746,-1.594933,7.008398,2.499388,-8.140683
2005-05-20,1099.27,1214.918333,1293.70455,-10.003054,-16.286352,-4.400074,-1.250428,6.057807,2.891009,-7.789715
2005-05-23,1070.84,1211.357667,1291.81855,-12.329838,-18.760757,-1.002355,4.096692,10.299415,5.622689,-5.341601
2005-05-24,1073.85,1207.433833,1290.1506,-11.724699,-18.350863,-1.228354,2.541349,9.195637,5.326628,-5.606928
2005-05-25,1072.14,1203.478333,1288.4743,-11.555932,-18.380215,-3.121509,2.749728,10.667198,5.494618,-5.456377
2005-05-26,1058.87,1199.293667,1286.8303,-12.453047,-19.497976,-4.12699,3.236414,8.085384,6.816701,-4.271535
2005-05-27,1051.95,1194.952167,1285.1694,-12.746057,-20.024495,-3.709777,4.637223,8.927287,7.519369,-3.641808
2005-05-30,1060.16,1190.854833,1283.52615,-11.625156,-19.119125,-2.461763,5.904314,8.879254,6.686727,-4.388017
2005-05-31,1060.74,1186.810333,1281.7932,-11.230254,-18.929326,-2.849577,4.412216,8.076038,6.628392,-4.440296
2005-06-01,1039.19,1182.672667,1280.05815,-12.933529,-20.846394,7.093289,6.139472,11.611475,8.839577,-2.458646
2005-06-02,1016.06,1178.034667,1278.27235,-14.791511,-22.957704,10.7214,6.189863,14.318023,11.317245,-0.238175
2005-06-03,1013.64,1173.466833,1276.50925,-14.641466,-23.058139,8.927047,4.055204,14.504442,11.583008,1.70672
2005-06-06,1034.38,1169.144167,1274.6586,-12.246979,-20.887616,6.720986,1.239411,10.98045,9.345695,-0.332566
2005-06-07,1030.94,1164.355333,1272.8681,-12.169656,-21.080169,5.887597,0.78262,10.614687,9.710555,0.785691
2005-06-08,1115.58,1161.001833,1271.4937,-3.990883,-13.08179,-3.906511,-7.637497,4.145644,1.386723,-7.353126
2005-06-09,1131.05,1158.4155,1270.1697,-2.390672,-11.600411,-4.063598,-8.527275,4.65373,-0.56673,-8.620309
2005-06-10,1108.29,1155.388,1268.7073,-4.161793,-13.518022,-2.067625,-8.499802,7.016817,1.475246,-8.148589
2005-06-13,1106.29,1152.267833,1267.31395,-4.071995,-13.588759,0.839823,-8.95777,7.815451,1.658697,-8.568278
2005-06-14,1093.46,1149.339833,1265.94025,-4.984074,-14.646815,0.731683,-4.422066,7.049036,2.851499,-7.495473
2005-06-15,1072.84,1146.294,1264.4622,-6.622479,-16.433756,2.68446,-3.360139,10.725927,4.828306,-5.717535
2005-06-16,1086.01,1143.669667,1263.1197,-5.173167,-15.107418,0.705601,-4.288595,9.514191,3.557057,-6.860894
2005-06-17,1085.61,1141.3065,1261.74675,-5.003162,-15.035503,1.487577,-5.636709,9.150029,3.595214,-6.826577
2005-06-20,1115.62,1139.382667,1260.53375,-2.107629,-12.212494,0.805268,-9.738292,6.303767,0.808519,-9.332927
2005-06-21,1101.49,1137.6255,1259.33895,-3.227939,-13.392313,0.642513,-8.24158,9.160668,2.101699,-8.169843
2005-06-22,1102.03,1135.965167,1258.1404,-3.032872,-13.248082,0.268235,-7.632242,9.94485,2.051668,-8.21484
2005-06-23,1093.7,1134.057,1256.98185,-3.623503,-13.914705,-1.173541,-6.914636,10.705242,2.828929,-7.515772
2005-06-24,1101.88,1132.327833,1255.7681,-2.725773,-13.072961,-4.291796,-5.173857,9.60376,2.065561,-8.202345
2005-06-27,1124.64,1131.07,1254.6924,-0.57011,-10.942746,-7.126666,-7.30634,8.190413,-1.427123,-10.060108
2005-06-28,1108.59,1129.6295,1253.56325,-1.880077,-12.290116,-6.479173,-3.280756,8.969437,-0.324737,-8.757972
2005-06-29,1104.99,1128.503167,1252.48515,-2.105584,-12.529341,-6.683681,-1.374116,7.242652,-1.364718,-8.46071
2005-06-30,1080.94,1126.8315,1251.2928,-4.157868,-14.634622,-3.995738,0.517651,7.055449,0.829833,-6.424038
2005-07-01,1055.59,1124.031833,1249.86045,-6.282222,-16.893205,-3.627958,2.566282,8.738235,3.251262,-4.176811
2005-07-04,1047.28,1121.437,1248.48955,-6.841457,-17.573813,-3.476195,3.90176,9.793865,4.070545,-3.416469
2005-07-05,1039.04,1118.892,1247.0451,-7.40417,-18.247962,0.682911,6.067897,8.678358,6.255775,-2.650524
2005-07-06,1033.55,1115.87,1245.57725,-7.663489,-18.65996,0.370847,6.928632,9.07833,7.174302,-2.133424
2005-07-07,1038.6,1112.755167,1244.16295,-6.896542,-18.058932,0.175083,5.978831,10.664219,6.653187,-2.609282
2005-07-08,1017.98,1108.912833,1242.6314,-8.555983,-19.941096,0.795468,10.328169,12.680807,10.880371,-0.636555
2005-07-11,1011.5,1105.088333,1241.14225,-8.849089,-20.459775,0.0593,11.861095,11.867241,12.593178,0.059318
2005-07-12,1046.16,1102.199167,1239.9515,-5.218111,-16.994595,-3.08783,9.683321,10.086833,10.167661,-3.255716
2005-07-13,1037.39,1098.685667,1238.70305,-5.740667,-17.735696,-1.587643,11.603889,11.330562,12.303955,-2.437849
2005-07-14,1040.42,1095.453833,1237.60355,-5.154426,-17.355241,-1.920439,12.891927,10.240446,13.759828,-2.721978
2005-07-15,1026.11,1092.273,1236.2323,-6.248589,-18.629333,1.950429,12.944944,10.485849,15.346308,-1.365351
2005-07-18,1012.1,1089.179167,1234.51665,-7.339697,-19.865214,3.237221,15.941016,11.141075,17.281889,0.22231
2005-07-19,1014.35,1086.086667,1232.7324,-6.833301,-19.498516,5.603336,14.895868,11.783233,17.021738,0.619116
2005-07-20,1021.05,1083.367667,1230.76415,-5.924289,-18.680373,6.526361,15.549713,10.545747,16.823858,-0.041134
2005-07-21,1020.63,1080.8355,1228.5512,-5.731427,-18.541551,6.258746,11.763606,10.704922,16.871932,2.426932
2005-07-22,1046.32,1078.787667,1226.54,-3.055863,-15.891795,3.448342,9.463921,8.690624,14.002408,-0.087927
2005-07-25,1045.4,1076.9115,1224.66625,-2.969763,-15.826877,4.081434,10.281279,8.765446,14.102736,2.621963
2005-07-26,1072.81,1075.3695,1222.7064,-0.238295,-13.078539,2.86948,6.944578,4.476013,11.187442,0.952638
2005-07-27,1089.91,1074.388667,1220.97815,1.434331,-11.355718,1.619067,6.846119,0.66299,9.442982,-0.631245
2005-07-28,1086.55,1073.0125,1219.2739,1.253743,-11.524798,1.465442,7.61051,1.028242,9.781418,-0.323961
2005-07-29,1083.03,1071.743833,1217.5111,1.04756,-11.704602,4.13393,7.882956,-0.19964,10.138223,0.546615
2005-08-01,1088.95,1071.045833,1215.8558,1.657834,-11.023426,4.483139,5.839279,0.354758,9.539465,1.252583
2005-08-02,1104.04,1070.5205,1214.3925,3.08312,-9.526777,4.298335,3.76417,-1.284436,8.042281,-0.131336
2005-08-03,1107.7,1070.244333,1212.81635,3.439882,-9.065942,5.046104,4.85451,-0.263052,7.685294,-0.461316
2005-08-04,1102.59,1070.221,1211.26355,2.979679,-9.400211,7.088179,7.202174,-0.666105,8.184366,2.371688
2005-08-05,1128.74,1070.572833,1209.98505,5.29081,-6.950604,3.412242,5.188449,-2.574633,5.678013,0.898347
2005-08-08,1138.88,1071.296333,1208.74585,6.117588,-5.953801,4.139222,4.912126,-3.414441,5.034771,0.65942
2005-08-09,1152.53,1072.177833,1207.8438,7.226759,-4.687726,2.124717,1.787781,-3.746438,3.790791,-0.532741
2005-08-10,1165.03,1073.212333,1207.01635,8.209051,-3.540465,2.35818,2.482178,-5.005488,2.677184,-1.599959
2005-08-11,1183.58,1074.5475,1206.2573,9.66441,-1.897868,-3.04876,0.91086,-8.39269,1.067946,-3.142162
2005-08-12,1167.92,1075.691667,1205.4088,8.226052,-3.159437,-1.530594,1.841795,-6.88724,2.423111,-1.843448
2005-08-15,1187.01,1077.627833,1204.69095,9.667537,-1.478552,-2.422516,0.101043,-8.649914,0.775899,-3.422044
2005-08-16,1177.28,1079.351667,1204.0246,8.684614,-2.246309,-2.347953,2.50638,-7.931601,2.538054,-2.623845
2005-08-17,1192.83,1081.363167,1203.342,9.81062,-0.877405,-2.177232,2.02738,-8.476182,2.048071,-3.893262
2005-08-18,1148.04,1082.849333,1202.52645,5.84603,-4.636858,2.105649,5.856272,-4.701871,6.031149,-0.143723
2005-08-19,1150.18,1084.4865,1201.65345,5.881185,-4.378003,1.867378,5.313696,-2.927193,5.833869,-0.329514
2005-08-22,1158.6,1086.127167,1200.73245,6.459407,-3.571937,-0.360566,5.215474,-3.393727,5.353875,-1.053858
2005-08-23,1149.96,1087.614167,1199.77355,5.57407,-4.240567,-0.310928,5.305615,-4.56359,6.145431,-0.310446
2005-08-24,1167.14,1089.746667,1199.00655,6.861106,-2.693703,-0.372542,1.770649,-5.403247,4.582998,-1.77785
2005-08-25,1172.47,1092.3535,1198.34245,7.077809,-2.182668,1.057107,-1.072711,-5.172118,4.107568,-2.224364
2005-08-26,1171.86,1094.9905,1197.6941,6.784654,-2.180589,1.439422,-1.711003,-4.980958,4.16176,-2.173468
2005-08-29,1154.43,1096.991333,1196.8325,5.103543,-3.607177,3.555987,0.052826,-3.850823,5.734432,-0.696448
2005-08-30,1146.39,1098.9155,1196.04055,4.229409,-4.239869,2.321946,-1.153709,-4.404781,6.475981,-1.147079
2005-08-31,1162.8,1099.7025,1195.3289,5.57912,-2.759049,2.673772,-2.704811,-5.619366,4.97334,-2.668559
2005-09-01,1184.93,1100.6005,1194.7324,7.382776,-0.823853,0.796864,-2.516786,-7.551053,3.012836,-4.486341
2005-09-02,1188.85,1101.943167,1194.1395,7.591132,-0.443939,0.065588,-2.835811,-8.28807,2.673172,-4.801279
2005-09-05,1196.22,1103.442,1193.34865,8.07322,0.240324,-0.671861,-4.90598,-10.294656,2.040595,-5.387805
2005-09-06,1173.32,1104.773,1192.4799,6.019745,-1.619775,2.843316,-1.384268,-7.568922,4.032148,-3.541233
2005-09-07,1194.31,1106.7975,1191.69035,7.60979,0.219585,1.903382,-2.755505,-8.261304,2.203783,-5.236496
2005-09-08,1194.41,1108.604167,1190.81215,7.455062,0.301679,1.896652,-3.56234,-8.38706,2.195226,-5.24443
2005-09-09,1189.63,1110.337833,1189.90835,6.897801,-0.023395,1.941307,-4.300889,-6.615209,2.605852,-4.863697
2005-09-12,1188.21,1111.547667,1189.0687,6.669463,-0.072242,2.691915,-4.900985,-6.236562,2.728474,-4.782825
2005-09-13,1207.16,1113.308833,1188.26535,8.093398,1.577594,0.451281,-5.619015,-7.68633,1.115842,-6.277544
2005-09-14,1217.26,1115.229333,1187.45185,8.754237,2.479272,-2.433963,-7.031345,-7.847279,0.276851,-7.05519
2005-09-15,1217.28,1117.289,1186.62315,8.571365,2.550728,-4.823334,-6.914956,-8.011665,0.275204,-7.056717
2005-09-16,1212.95,1119.140167,1185.8317,8.049473,2.261102,-5.157321,-6.086992,-7.304375,0.633167,-6.724927
2005-09-19,1220.63,1120.74,1185.1392,8.537794,2.950688,-5.523214,-6.731307,-7.560201,-0.656219,-7.311798
2005-09-20,1212.62,1122.473833,1184.41065,7.724828,2.3538,-6.770252,-7.77418,-6.497074,-2.031139,-7.479672
2005-09-21,1187.99,1123.857167,1183.56695,5.549614,0.373009,-4.848002,-7.953778,-4.937283,-2.200355,-7.645687
2005-09-22,1159.96,1125.174167,1182.6796,3.044768,-1.939719,-0.386968,-5.509556,-2.154144,0.162937,-5.41398
2005-09-23,1151.98,1126.780667,1181.73565,2.21176,-2.550205,0.314614,-6.371593,-0.619111,0.856786,-6.17285
2005-09-26,1155.04,1128.576667,1180.83615,2.317772,-2.208781,-1.402819,-5.537346,0.153989,0.58959,-6.421423
2005-09-27,1133.24,1130.146667,1179.8369,0.273337,-4.029542,2.091387,-3.894896,1.840465,2.52462,-4.621263
2005-09-28,1131.77,1131.783667,1178.80975,-0.001208,-4.072246,2.623078,-2.412751,2.20736,2.657784,-4.49738
2005-09-29,1155.48,1133.731667,1177.88895,1.900129,-1.920797,-0.248691,-5.351493,1.236824,0.551286,-6.457057
2005-09-30,1155.61,1136.0255,1177.04825,1.709258,-1.838148,-1.39949,-4.927271,0.470504,0.539975,-6.46758
2005-10-10,1138.95,1138.149667,1176.1108,0.070294,-3.210628,-0.666866,-3.420587,3.622088,2.010624,-5.099434
2005-10-11,1157.19,1140.000167,1175.2027,1.496624,-1.544599,-1.391431,-4.149951,3.404931,0.4027,-6.595287
2005-10-12,1161.85,1142.0745,1174.42335,1.716722,-1.07637,-2.372458,-4.73216,4.012734,-0.795283,-6.969919
2005-10-13,1152.61,1143.944333,1173.63795,0.75467,-1.807935,-1.455963,-5.741209,5.326643,-0.979516,-6.224135
2005-10-14,1139.55,1145.835,1172.79795,-0.550018,-2.875886,0.155204,-4.428145,6.872548,0.155324,-5.149401
2005-10-17,1131.38,1147.823,1171.8896,-1.442898,-3.517936,0.861593,-3.849973,6.804963,0.878573,-4.464459
2005-10-18,1141.2,1149.937167,1171.0705,-0.762696,-2.583795,-1.703884,-4.818966,7.22473,0.010515,-5.28654
2005-10-19,1134.61,1151.829833,1170.2911,-1.506286,-3.096354,-3.356396,-3.472216,7.375789,0.591393,-4.736429
2005-10-20,1135.95,1153.751833,1169.59355,-1.554979,-2.918699,-3.417935,-3.643188,5.724106,0.472732,-4.848805
2005-10-21,1141.32,1155.335167,1168.9243,-1.2205,-2.389844,-5.441921,-2.153897,5.714478,-0.013143,-5.296499
2005-10-24,1141.17,1156.931333,1168.0923,-1.371705,-2.331785,-4.329254,-1.877894,7.767999,-1.686865,-5.284051
2005-10-25,1121.92,1157.749833,1167.2883,-3.143682,-3.964186,-2.890968,-2.095025,10.936525,-0.176483,-3.658906
2005-10-26,1097.16,1157.870667,1166.3489,-5.385766,-6.115325,0.693025,0.779881,13.465753,2.07627,-1.484742
2005-10-27,1097.78,1158.057833,1165.43645,-5.345436,-5.980569,-0.228905,1.410149,13.445897,2.018619,-1.540381
2005-10-28,1080.87,1158.021833,1164.4461,-6.894696,-7.447925,1.758936,3.101638,14.702392,3.614681,0.61432
2005-10-31,1092.82,1158.086333,1163.53865,-5.800742,-6.270441,0.71394,1.633697,14.080139,2.481653,-0.485899
2005-11-01,1089.95,1157.8515,1162.61985,-6.043431,-6.454413,1.836332,0.643824,16.66715,2.751502,-0.223863
2005-11-02,1104.79,1157.803,1161.8113,-4.686897,-5.032498,0.303669,-0.501805,14.884409,1.371301,-1.564098
2005-11-03,1095.27,1157.681,1161.0738,-5.541796,-5.834436,-0.638406,0.317226,16.368782,2.252413,-0.708501
2005-11-04,1100.05,1157.202833,1160.31435,-5.065011,-5.333533,-0.900364,-0.524988,14.32281,1.8081,-1.139948
2005-11-07,1100.65,1156.565667,1159.62045,-4.955407,-5.219184,-1.096252,-1.968089,15.303513,1.752601,-1.948848
2005-11-08,1110.15,1155.859333,1158.94745,-4.034894,-4.301708,-2.060446,-2.034703,14.208365,0.881863,-2.787912
2005-11-09,1108.15,1154.911333,1158.2262,-4.133162,-4.419774,-1.112514,-0.773639,14.910124,1.063935,-2.612462
2005-11-10,1088.3,1153.323333,1157.3804,-5.803078,-6.154233,0.642058,0.916489,17.710875,2.907287,-0.836166
2005-11-11,1090.19,1152.027833,1156.54675,-5.517173,-5.908663,2.429453,2.113825,15.316085,2.728882,-1.008081
2005-11-14,1088.65,1150.3885,1155.70845,-5.516131,-5.977514,2.833672,2.514395,15.203705,2.874202,-0.868048
2005-11-15,1087.51,1148.892333,1154.9179,-5.490761,-6.013858,1.020058,2.751652,15.318733,2.982042,-0.764131
2005-11-16,1095.89,1147.276667,1154.3141,-4.58242,-5.19395,0.895702,2.656282,16.184984,2.691876,-1.522963
2005-11-17,1095.31,1146.397833,1153.6634,-4.558728,-5.190502,1.635402,2.546479,15.912189,2.746254,-1.470816
2005-11-18,1117,1145.844833,1153.15785,-2.549569,-3.185762,-0.186387,0.936514,14.310383,0.940913,-3.384064
2005-11-21,1119.94,1145.2005,1152.7356,-2.230462,-2.886279,-0.817663,1.048999,14.667856,1.054521,-3.637695
2005-11-22,1098.66,1144.3455,1152.0565,-4.07416,-4.745735,-0.152119,3.372132,16.610913,3.429632,-1.771249
2005-11-23,1105.75,1143.322333,1151.30635,-3.341451,-4.037342,-0.588661,2.236614,16.109399,2.766448,-2.401085
2005-11-24,1113.37,1142.337333,1150.60205,-2.5685,-3.289388,-1.321828,1.945263,16.002924,2.063106,-3.069061
2005-11-25,1114.92,1141.388333,1149.96685,-2.34627,-3.095046,-1.86769,2.650844,14.249733,2.686291,-3.203817
2005-11-28,1110.82,1140.6615,1149.3915,-2.650988,-3.413419,-2.887846,4.057638,15.209861,4.141085,-2.846546
2005-11-29,1096.99,1139.838167,1148.8081,-3.831623,-4.61549,-0.842195,5.091537,16.125787,5.454015,-1.62171
2005-11-30,1099.26,1138.779167,1148.3453,-3.531956,-4.368481,0.031835,5.121915,13.6411,5.255354,-1.824864
2005-12-01,1098.75,1137.342833,1147.8944,-3.452152,-4.375614,-0.039143,6.271091,12.927434,6.4719,-1.779295
2005-12-02,1094.29,1135.766833,1147.10335,-3.72023,-4.713419,1.73845,5.922763,12.916632,6.905848,-1.378976
2005-12-05,1079.2,1133.8165,1146.2878,-4.936935,-6.03087,3.386232,9.010764,14.343746,9.429207,0.79596
2005-12-06,1087.79,1132.391,1145.38175,-4.018321,-5.158987,2.725908,9.589585,14.670167,10.064443,0.968018
2005-12-07,1099.61,1130.812667,1144.4854,-2.798098,-3.999953,2.317407,9.518533,13.539395,9.986268,-0.117314
2005-12-08,1098.32,1129.211167,1143.59635,-2.773757,-4.039625,2.272048,10.151363,14.901541,10.6845,1.38029
2005-12-09,1113.48,1127.942,1142.8689,-1.290449,-2.605143,1.252142,9.186868,13.482044,9.622086,0.259547
2005-12-12,1116.37,1126.744667,1142.02835,-0.92503,-2.272359,1.368276,8.14054,12.850926,9.338302,0.132573
2005-12-13,1117.85,1125.256167,1141.0712,-0.660352,-2.056027,1.640537,9.292044,14.200946,9.737442,0.510802
2005-12-14,1125.39,1123.725,1140.1508,0.148058,-1.303089,0.476033,8.191722,13.682261,9.002213,-0.16261
2005-12-15,1123.56,1122.163,1139.21885,0.124414,-1.384059,1.034187,6.820815,14.332807,9.17975,0.351561
2005-12-16,1127.51,1120.739,1138.2942,0.602337,-0.951916,1.527943,6.931861,14.424312,8.797261,0.288246
2005-12-19,1131.75,1119.257667,1137.42295,1.109944,-0.500003,2.190975,8.596894,13.45139,8.977248,-0.087475
2005-12-20,1136.34,1117.986333,1136.5876,1.628342,-0.021787,1.567287,9.659418,13.14083,10.141331,-0.49105
2005-12-21,1130.76,1117.0325,1135.80415,1.221436,-0.445093,2.29664,10.449258,13.854309,11.014716,0.396194
2005-12-22,1135.24,1116.6205,1135.00865,1.653737,0.020381,3.004,10.090485,13.979564,10.617138,0.848279
2005-12-23,1144.87,1116.502,1134.29445,2.509051,0.928027,1.404229,8.94991,12.300336,9.686689,0.822801
2005-12-26,1156.82,1116.531667,1133.60985,3.544771,2.026776,2.065281,8.388804,11.538086,8.750713,-0.218703
2005-12-27,1154.29,1116.8825,1132.78995,3.294411,1.880186,3.655853,10.931788,13.37447,11.55169,0.237375
2005-12-28,1157.03,1117.3035,1131.99115,3.493818,2.187822,4.428453,10.264298,13.917218,11.287521,0.348306
2005-12-29,1169.86,1117.543167,1131.4093,4.575141,3.342006,3.841128,9.780465,13.590493,10.274734,-0.752227
2005-12-30,1161.06,1117.634,1130.7649,3.811943,2.643907,5.002555,8.925035,14.314218,11.110537,1.713951
2006-01-04,1180.96,1118.334167,1130.2022,5.448744,4.393111,2.516008,8.260838,12.854847,9.238247,1.38108
2006-01-05,1197.27,1119.002167,1129.84285,6.76066,5.796541,2.428367,6.653482,12.676404,7.750132,0.467731
2006-01-06,1209.42,1119.795,1129.612,7.699527,6.826669,0.990596,6.16523,11.898216,6.667659,-0.541582
2006-01-09,1215.67,1120.846,1129.473,8.121161,7.354421,-1.0585,6.643023,11.228492,6.86864,-1.052917
2006-01-10,1220.62,1122.197167,1129.4391,8.407041,7.763779,-1.002865,4.015391,8.757036,6.435254,-1.454179
2006-01-11,1211.05,1123.525,1129.3391,7.501669,6.985516,1.824629,4.54877,11.565866,7.27633,-0.675447
2006-01-12,1226.7,1124.95,1129.438,8.658905,8.260747,2.007912,3.275038,11.674811,5.90772,-1.94261
2006-01-13,1221.46,1126.3975,1129.53705,8.102238,7.823901,2.733569,5.33698,12.573269,6.362059,-1.521949
2006-01-16,1202.87,1127.512833,1129.51045,6.469619,6.292606,4.303856,6.544895,14.940194,8.005853,0.463059
2006-01-17,1208.44,1128.6315,1129.5245,6.832443,6.753352,3.545992,6.442008,13.701948,7.508027,2.061335
2006-01-18,1233.35,1130.167833,1129.6907,8.73679,8.779017,1.982886,5.021962,13.86597,5.336685,1.478088
2006-01-19,1251.58,1132.328833,1129.9735,10.013033,10.221257,2.839657,3.579363,11.9034,3.802394,0.038352
2006-01-20,1255.31,1134.964667,1130.3872,10.078103,10.482233,2.11168,3.423528,10.892538,3.493958,-0.2589
2006-01-23,1255.77,1137.597833,1130.75985,9.883005,10.485909,2.69398,3.967176,12.113172,4.046919,-0.295436
2006-01-24,1252.06,1140.451,1130.9023,9.33664,10.177439,1.379354,2.648979,12.35612,4.355223,0.478412
2006-01-25,1258.05,1143.204833,1131.1777,9.572733,10.63036,1.937314,2.763419,13.523298,3.858352,0.744009
2006-02-06,1287.63,1146.4995,1131.65715,11.608993,12.912026,-0.622453,0.102461,15.072658,1.472473,-1.570327
2006-02-07,1282.1,1149.454667,1131.9933,10.921173,12.45193,0.329384,-1.745113,17.752626,1.910147,-1.729974
2006-02-08,1290.06,1152.701167,1132.31615,11.25807,13.04235,0.703687,-3.124122,18.078168,1.281336,-3.075826
2006-02-09,1269.45,1155.5245,1132.4208,9.402938,11.422609,0.09291,-1.931167,19.149593,2.925676,-1.912639
2006-02-10,1282.66,1158.558,1132.62925,10.175992,12.439435,-1.19606,-2.927856,22.283477,1.865654,-2.922832
2006-02-13,1279.64,1161.382833,1132.9299,9.69674,12.177168,-0.950077,-1.572901,26.269964,2.106061,-2.693726
2006-02-14,1286.33,1164.3525,1133.12055,9.962806,12.681783,0.162346,-2.144368,22.645758,1.575024,-3.199801
2006-02-15,1299.17,1167.867,1133.44475,10.654659,13.646415,-1.156628,-1.892845,22.387452,0.571134,-4.1565
2006-02-16,1270.63,1170.874333,1133.7131,8.176208,11.401467,1.423751,0.279784,24.123289,2.830092,-2.00373
2006-02-17,1267.41,1173.853667,1134.0615,7.668338,11.117001,2.297822,0.161617,26.957103,3.091344,-1.75476
2006-02-20,1267.54,1176.854167,1134.3997,7.42331,11.09744,2.312237,1.633865,26.834705,3.080771,-1.764836
2006-02-21,1288.42,1180.063,1134.92085,8.784883,12.685375,0.820117,0.153559,21.942668,1.410254,-3.356825
2006-02-22,1284.23,1183.211667,1135.4792,8.192682,12.310455,1.726137,0.967097,21.415315,1.741121,-3.041511
2006-02-23,1288.85,1186.075833,1136.0775,8.310011,12.616881,-0.247036,1.050444,21.088264,1.376421,-3.389068
2006-02-24,1296.87,1189.024667,1136.772,8.682031,13.1761,-0.275658,-0.167466,21.869374,0.749497,-3.986521
2006-02-27,1297.19,1192.3335,1137.4313,8.428808,13.142791,-0.637245,-0.097952,23.968966,0.724643,-4.010207
2006-02-28,1299.03,1195.554833,1138.18265,8.300746,13.218501,-3.056961,-0.018477,24.356591,0.581973,-4.146171
2006-03-01,1306.59,1198.775167,1138.87,8.612035,13.738415,-4.397318,-0.078096,22.806792,-0.078066,-4.700786
2006-03-02,1285.67,1201.621,1139.5026,6.76085,12.068813,-3.200792,0.701447,27.000475,1.547831,-3.150109
2006-03-03,1293.3,1204.662333,1140.31495,7.099779,12.58926,-3.753961,0.385862,25.526719,0.948736,-3.721488
2006-03-06,1288.95,1207.861667,1141.0819,6.497635,12.185109,-2.297815,2.340221,26.771209,2.367819,-3.396563
2006-03-07,1259.92,1210.539333,1141.76015,3.998224,9.847716,-0.06987,5.398033,28.722758,5.546384,-1.170709
2006-03-08,1250.38,1213.0665,1142.4921,3.029605,9.023558,1.934964,6.93415,24.000345,7.180217,-0.416673
2006-03-09,1245.17,1215.581167,1143.1798,2.404978,8.545839,2.303862,7.32035,24.539862,7.628677,0.038549
2006-03-10,1245.65,1218.355333,1143.9307,2.215562,8.518717,1.893413,7.521865,21.948738,7.811986,1.074941
2006-03-13,1259.67,1221.22,1144.73085,3.099942,9.568024,2.256688,7.595822,20.920997,7.891749,-0.050013
2006-03-14,1259.04,1223.877167,1145.51125,2.83257,9.449848,2.460272,7.877354,20.693074,8.195927,0.827615
2006-03-15,1274.81,1226.818667,1146.36795,3.837278,10.619851,1.703314,6.478314,18.333949,6.857492,-0.41967
2006-03-16,1274.19,1229.497167,1147.24255,3.57054,10.49494,2.19441,4.461861,18.555498,6.909488,-0.371216
2006-03-17,1269.46,1232.048667,1148.23565,2.991325,10.036507,1.968739,6.855479,21.532709,7.307832,1.493548
2006-03-20,1288.42,1234.8915,1149.3085,4.243355,11.42562,0.580421,6.765908,20.798129,7.000047,0.153677
2006-03-21,1290.4,1237.641667,1150.3998,4.174456,11.484271,0.648081,7.082731,21.02461,7.339585,0.33323
2006-03-22,1296.71,1240.5275,1151.589,4.42936,11.868756,0.680944,7.428202,20.899765,7.711053,-0.155008
2006-03-23,1302.46,1243.443333,1152.84155,4.637037,12.202498,-0.596033,6.209496,20.328957,7.235539,-0.595796
2006-03-24,1294.7,1246.159167,1154.01425,3.821285,11.503249,0.277671,9.011474,21.528702,9.429984,0.001545
2006-03-27,1295.92,1248.818833,1155.19015,3.70227,11.495591,1.800927,8.421989,23.147347,9.326965,-0.092598
2006-03-28,1298.79,1251.619333,1156.48815,3.699488,11.604511,2.359549,7.487488,23.298875,9.085379,-0.313369
2006-03-29,1305.57,1254.458167,1157.9357,3.993599,12.000088,2.614928,8.224092,22.762349,8.571735,-0.831055
2006-03-30,1294.72,1256.955667,1159.3411,2.96018,11.044263,3.418111,9.005694,25.549876,9.481587,0.276508
2006-03-31,1298.3,1259.313667,1160.6607,3.048885,11.20663,3.382042,10.374016,25.309039,10.931218,1.630594
2006-04-03,1319.47,1262.066667,1162.10335,4.447955,12.699854,2.957786,12.629976,25.179683,13.462223,0.78289
2006-04-04,1329.8,1264.946167,1163.17445,4.999899,13.387569,2.409451,14.099706,23.468743,15.142127,0.190254
2006-04-05,1340.16,1267.7845,1164.22,5.551812,14.073767,1.479127,14.26814,24.869772,15.336229,-0.584259
2006-04-06,1339.74,1270.7625,1165.37725,5.285845,13.943071,-0.554628,13.76041,26.225402,15.372386,-0.553092
2006-04-07,1342.96,1273.4625,1166.5606,5.313656,14.081637,1.227027,17.689468,25.33551,19.350539,-0.791535
2006-04-10,1359.08,1276.159333,1167.8887,6.295295,15.161041,1.426774,20.247043,24.381317,22.442387,-1.968243
2006-04-11,1362.23,1278.706167,1169.33565,6.32743,15.26873,1.66565,16.912772,24.809557,22.159254,-2.19493
2006-04-12,1360.13,1281.113833,1170.70625,5.98504,14.997308,2.653203,17.801984,24.630483,22.347864,-2.043922
2006-04-13,1332.33,1282.975667,1171.93985,3.774717,12.826892,3.942046,19.381644,21.733687,24.900738,2.042287
2006-04-14,1359.54,1285.4505,1173.15945,5.603717,14.744591,4.124734,19.940007,20.280483,22.400959,1.40268
2006-04-17,1378.61,1287.982333,1174.54505,6.799883,16.019486,2.236501,18.434932,19.943681,20.707814,0.471489
2006-04-18,1385.11,1290.709833,1175.96045,7.058723,16.369434,1.052838,14.706378,19.55408,20.141361,0.057035
2006-04-19,1396.7,1293.940333,1177.47545,7.642023,17.073961,1.476834,13.020015,16.372533,19.144412,-0.773251
2006-04-20,1385.9,1296.898,1178.89555,6.637449,16.177172,2.200165,13.828324,17.752377,20.072877,1.000794
2006-04-21,1416.79,1299.955333,1180.3563,8.606384,18.257741,1.640213,13.025366,16.162955,17.454951,-1.201307
2006-04-24,1409.79,1302.592167,1181.8623,7.90845,17.634934,6.008915,15.644929,16.694877,18.038148,-0.710744
2006-04-25,1399.77,1304.999833,1183.3362,7.010502,16.79702,8.971768,16.88758,18.573059,18.883102,1.211628
2006-04-26,1417.48,1307.695,1185.0189,8.06146,17.912192,8.658977,14.660796,17.386367,17.397776,-0.052911
2006-04-27,1416.73,1310.4395,1186.8246,7.798882,17.707006,8.172827,17.293334,16.756325,18.878685,1.658044
2006-04-28,1440.22,1313.475667,1188.7893,9.211908,19.186049,10.697494,14.76684,14.324387,16.939773,3.949397
2006-05-08,1497.1,1316.966833,1191.0796,12.819866,22.866978,10.574852,11.801012,7.439849,12.525549,2.275065
2006-05-09,1531.16,1321.117833,1193.56765,14.75474,24.907877,5.222516,9.225018,4.435919,10.022467,0.406228
2006-05-10,1545.69,1325.378333,1196.1031,15.377246,25.640156,5.012971,2.798054,3.507682,8.988219,-0.537624
2006-05-11,1537.38,1329.843833,1198.7001,14.501815,24.884195,5.066606,3.459102,4.058624,9.577333,3.393436
2006-05-12,1602.83,1335.18,1201.65675,18.27047,28.806959,3.477566,-3.262596,-2.059966,5.102849,-3.209947
2006-05-15,1664.09,1341.5875,1204.7464,21.542481,32.300934,-0.385336,-6.921867,-7.267647,1.233707,-6.773071
2006-05-16,1613.25,1347.036167,1207.6257,18.034403,28.959458,-0.540743,-4.097052,-2.045891,4.423989,-4.014257
2006-05-17,1625.15,1352.469167,1210.54935,18.366819,29.452585,-2.128765,-5.946348,-2.908075,3.659355,-5.773006
2006-05-18,1617.28,1358.246667,1213.5052,17.455107,28.723269,-1.611274,-5.288006,-0.696175,4.163781,-5.314479
2006-05-19,1659.55,1364.782333,1216.74245,19.555153,31.036932,-2.789907,-5.262777,-3.284345,1.51065,-7.726191
2006-05-22,1657.69,1371.284833,1219.95915,18.967693,30.660769,-0.553502,-4.402711,-5.387822,1.62455,-7.622656
2006-05-23,1604.55,1376.553667,1222.87665,15.326031,27.163735,3.234039,-0.764499,-0.55559,4.990184,-4.563273
2006-05-24,1590.92,1381.665167,1225.7281,14.102305,26.077743,3.117615,0.451547,1.589518,5.889674,-3.745631
2006-05-25,1591.43,1386.708167,1228.45365,13.770027,25.88768,5.665175,0.291137,0.744973,5.85574,-3.776478
2006-05-26,1613.89,1391.991833,1231.2961,14.791172,27.058006,3.381687,-0.508139,-0.988205,4.382579,-5.11559
2006-05-29,1648.54,1397.847667,1234.17475,16.495638,28.948752,2.164997,-0.919571,-2.916793,2.188603,-7.109928
2006-05-30,1657.29,1403.818667,1237.01165,16.59876,29.248523,1.309206,-1.076192,-2.687098,1.649078,-7.60036
2006-05-31,1641.3,1409.397167,1239.7854,15.232654,28.055031,-3.203765,-0.122539,-1.776486,2.639371,-6.700177
2006-06-01,1684.19,1416.039167,1242.7912,17.342108,30.392492,-5.661405,-0.749152,-3.699612,0.025532,-9.076173
2006-06-02,1669.4,1422.3075,1245.69345,16.018373,29.277192,-7.331942,0.168182,-2.816951,0.911705,-8.270636
2006-06-05,1684.62,1428.902,1248.59635,16.46337,29.952002,-8.148027,0.748695,-2.04981,0.751505,-9.099381
2006-06-06,1679.13,1435.888833,1251.4535,15.649175,29.397013,-8.099554,0.144018,-1.688252,1.080917,-8.802177
2006-06-07,1589.55,1441.541667,1253.8883,9.773781,23.720159,-3.731432,7.803577,4.046485,8.116133,-3.662672
2006-06-08,1591.49,1447.313667,1256.20205,9.496149,23.657776,-3.680502,9.00589,4.132731,9.423873,-3.780105
2006-06-09,1551.38,1452.409167,1258.26455,6.592119,20.941143,1.477385,10.908637,5.353105,12.252962,-1.292398
2006-06-12,1552.8,1457.294667,1260.2659,6.3478,20.873702,2.13382,11.056142,6.526276,12.150309,-1.382664
2006-06-13,1548.49,1462.118833,1262.1832,5.739362,20.443734,2.791809,11.993837,7.199216,12.742736,-1.108176
2006-06-14,1531.33,1466.394167,1263.92195,4.33302,19.191709,4.26913,12.774847,8.795564,14.006125,0.173052
2006-06-15,1533.98,1470.724,1265.75225,4.211087,19.219906,3.967869,7.640049,7.966855,13.809176,2.639539
2006-06-16,1574.47,1475.8075,1267.68955,6.471341,21.672272,1.964732,5.603253,5.769461,10.882392,0.750729
2006-06-19,1586.29,1480.772,1269.7346,6.883438,22.259005,2.929639,5.91146,5.43973,10.056169,0.380763
2006-06-20,1592.33,1485.804167,1271.7321,6.92422,22.481852,2.922346,5.612201,6.299163,9.638706,0.234876
2006-06-21,1598.12,1490.827667,1273.9825,6.949649,22.668012,2.543528,2.900971,5.553958,9.241484,-0.128276
2006-06-22,1596.07,1495.721167,1276.21195,6.493588,22.364808,4.624886,3.632916,5.700072,9.381794,0.603984
2006-06-23,1605.71,1500.904667,1278.4475,6.749799,22.791958,4.058008,3.645728,6.936854,8.725112,1.727585
2006-06-26,1633.45,1506.530167,1280.86495,8.088524,24.315875,3.833263,1.969519,5.91539,6.878692,0.357525
2006-06-27,1639.55,1512.2095,1283.227,8.084999,24.504381,2.529417,2.761671,5.672392,6.481047,-0.015858
2006-06-28,1639.29,1517.7715,1285.5611,7.702008,24.306794,4.722351,2.848109,5.527337,6.497935,0.358082
2006-06-29,1671.62,1524.053167,1288.0599,9.241987,26.065608,4.093637,0.212144,4.0609,4.43821,-1.582896
2006-06-30,1672.21,1530.285,1290.6488,8.869211,25.900107,3.408512,-0.610636,3.128962,4.401361,-1.61762
2006-07-03,1697.28,1536.581833,1293.40325,9.946661,27.175005,2.15942,-5.109857,1.467428,2.859281,-4.9815
2006-07-04,1681.55,1542.444333,1295.997,8.63476,26.04357,3.750264,-4.933118,1.832005,3.821474,-4.813416
2006-07-05,1718.56,1548.751,1298.66515,10.403793,28.01498,1.239838,-7.09395,0.376351,1.58563,-6.863304
2006-07-06,1741.47,1555.4465,1301.42825,11.296694,29.126727,-5.046343,-8.406367,-0.259313,0.249215,-8.088569
2006-07-07,1730.19,1561.900333,1304.0981,10.232799,28.271954,-3.827999,-9.706007,1.276646,0.902791,-9.249851
2006-07-10,1734.33,1568.1545,1306.90315,10.072172,28.296084,-3.010862,-11.401922,2.901571,0.661927,-10.775919
2006-07-11,1745.81,1574.5475,1309.66065,10.32507,28.745057,-3.589827,-9.942676,2.212135,-0.332797,-11.362634
2006-07-12,1740,1580.878667,1312.3886,9.59043,28.203628,-5.604747,-9.736574,2.838637,-3.066092,-11.066667
2006-07-13,1655.77,1586.269333,1314.7193,4.288123,23.064297,-0.039264,-3.048218,7.132421,1.864993,-6.542575
2006-07-14,1665.21,1591.363833,1317.1043,4.535984,23.451563,0.007206,-3.624821,6.927668,1.287525,-7.072381
2006-07-17,1682.89,1596.435167,1319.48295,5.273943,24.32726,-1.012302,-6.896571,5.120119,0.223425,-8.048654
2006-07-18,1684.25,1601.420833,1321.8179,5.04291,24.231237,0.071816,-5.403292,4.620691,0.142497,-8.122903
2006-07-19,1645.16,1605.561833,1323.9573,2.43639,21.721244,2.490667,-1.763,8.280691,2.521943,-5.939848
2006-07-20,1655.12,1610.048833,1326.16815,2.7609,22.157982,1.204114,-3.17908,7.95983,1.904998,-6.505873
2006-07-21,1665.33,1614.191167,1328.39165,3.11893,22.605438,-0.198356,-4.125794,7.239341,1.280227,-7.079077
2006-07-24,1665.94,1618.460333,1330.65825,2.891424,22.471578,-3.246113,-3.966741,5.457763,1.243142,-7.113101
2006-07-25,1685.46,1623.221833,1333.1456,3.762556,23.449726,-5.165372,-4.372576,6.862179,0.070604,-8.188862
2006-07-26,1686.65,1627.708,1335.77905,3.557142,23.322963,-5.219708,-4.502056,6.872999,-0.680639,-8.253639
2006-07-27,1675.17,1632.015333,1338.395,2.6099,22.444352,-4.524874,-3.162604,7.777124,-0.784398,-7.624898
2006-07-28,1662.03,1635.712167,1340.92995,1.596146,21.467638,-5.686859,-2.374497,8.372787,-2.346528,-6.894581
2006-07-31,1612.73,1637.639333,1343.3274,-1.532738,18.277872,-4.132644,2.311352,11.521059,2.338271,-4.048415
2006-08-01,1600.61,1638.796833,1345.6716,-2.357753,17.349159,-1.259294,3.100847,13.828778,3.149424,-3.321859
2006-08-02,1600.87,1639.7165,1347.89855,-2.397613,17.200048,-1.402786,3.336857,14.772014,3.393155,-3.33756
2006-08-03,1601.06,1640.777833,1350.1258,-2.450451,17.046814,0.311806,3.533208,14.522759,3.596367,-3.349031
2006-08-04,1570.15,1640.233167,1352.2818,-4.366725,14.937777,2.253187,4.150475,17.281885,5.635767,-1.446359
2006-08-07,1547.44,1638.289,1354.23305,-5.705045,13.336667,1.494489,6.872056,19.802059,7.186062,1.505713
2006-08-08,1580.58,1637.7445,1356.3267,-3.552812,15.301178,0.949558,5.148055,17.853625,5.282871,-0.622556
2006-08-09,1578.57,1636.968167,1358.4565,-3.632648,15.017025,2.368827,5.757291,16.771707,5.92625,-0.496019
2006-08-10,1606.06,1636.781167,1360.78905,-1.894764,16.571926,-0.170126,3.375024,16.621556,4.113171,-2.199171
2006-08-11,1605.93,1635.8875,1363.1618,-1.848244,16.389617,-0.493767,3.791029,15.934908,4.121599,-2.191254
2006-08-14,1570.74,1634.438333,1365.3095,-3.975237,14.01657,1.917528,6.424841,17.105447,6.635726,1.586513
2006-08-15,1595.66,1634.290167,1367.61475,-2.392112,15.421928,1.102532,6.090254,16.835773,6.279533,0.147901
2006-08-16,1616.41,1634.715,1370.01705,-1.126084,16.538446,-0.248389,4.415988,17.364762,4.915213,-1.137706
2006-08-17,1603.33,1634.913333,1372.3271,-1.950708,15.55748,1.220589,5.246236,19.140391,5.771114,-0.331186
2006-08-18,1598.02,1634.648833,1374.61135,-2.266264,15.059433,1.552941,7.416921,21.01764,7.698902,0.195867
2006-08-21,1601.15,1633.859,1377.0075,-2.022258,15.080945,3.03198,7.912612,23.102795,8.234082,0.70262
2006-08-22,1613.35,1633.126667,1379.58845,-1.218362,15.652753,2.308052,7.283297,23.343534,7.555087,-0.058884
2006-08-23,1612.4,1632.645,1382.16155,-1.247765,15.407514,2.619205,7.181284,23.58876,7.618457,0.658645
2006-08-24,1623.02,1631.6255,1384.8723,-0.528815,15.868068,2.170938,7.011361,23.956235,7.263004,0.000616
2006-08-25,1623.03,1630.852667,1387.52335,-0.480821,15.677438,0.838114,6.114095,23.394006,7.262343,0.841636
2006-08-28,1650.44,1630.283,1390.3258,1.22883,17.150381,0.428059,4.265933,21.547016,5.480963,-0.833111
2006-08-29,1651.02,1629.8145,1393.05695,1.292707,16.98927,0.787914,3.664276,21.092888,5.443907,-0.867948
2006-08-30,1655.19,1630.9085,1395.85655,1.477858,17.040756,1.017648,4.133443,21.591712,5.178257,-1.117696
2006-08-31,1658.64,1632.027667,1398.6495,1.617478,17.049086,0.153622,4.613847,23.56012,4.959485,-1.323373
2006-09-01,1636.69,1633.4495,1401.3297,0.198187,15.525434,1.89374,6.832178,25.023715,7.070979,1.272691
2006-09-04,1657.52,1635.194833,1404.06655,1.356055,16.59498,1.047275,7.431437,26.554931,7.714537,0.221415
2006-09-05,1664.08,1637.121333,1406.8462,1.6333,16.792196,1.891757,7.006756,26.696513,7.289914,-0.17367
2006-09-06,1672.12,1639.467833,1409.7653,1.972059,17.066905,1.027523,6.81792,25.444063,7.055714,-0.653661
2006-09-07,1661.19,1641.588,1412.6203,1.187015,16.208786,1.701087,6.805616,26.106825,7.7601,0.408743
2006-09-08,1667.98,1643.1465,1415.51695,1.500031,16.411851,3.132126,6.761461,22.729086,7.321431,0.41907
2006-09-11,1674.97,1644.6245,1418.45425,1.828316,16.622753,3.405299,5.591849,26.375895,6.873556,0.860911
2006-09-12,1695.86,1646.35,1421.4541,2.962927,17.650963,2.295575,3.933728,26.884412,5.557062,-0.381517
2006-09-13,1689.39,1647.871167,1424.4245,2.488326,17.059964,2.516907,5.627704,27.469702,5.961323,0.017758
2006-09-14,1689.69,1649.4315,1427.28795,2.41144,16.876898,2.985714,5.892673,28.59895,6.069752,1.358237
2006-09-15,1721.05,1651.353833,1430.2935,4.133911,18.50549,0.250115,3.948215,27.856625,4.137009,-0.488655
2006-09-18,1732.99,1653.012833,1433.46515,4.724866,18.975355,-0.614699,1.511892,29.70624,3.419523,-1.174271
2006-09-19,1735.24,1654.607667,1436.6126,4.758181,18.885775,-1.310969,3.951458,30.928551,4.030566,-1.302413
2006-09-20,1732.45,1656.160333,1439.708,4.503472,18.509628,-0.428635,4.193771,31.470688,4.282952,-1.143467
2006-09-21,1740.9,1657.315,1442.8379,4.92034,18.779028,-0.226576,3.928368,29.700433,4.006548,-1.623298
2006-09-22,1725.36,1658.200833,1445.9106,3.970255,17.669643,1.556197,4.633189,30.628235,4.943316,-0.737237
2006-09-25,1722.37,1658.619,1449.0375,3.771592,17.280171,3.593563,4.943773,34.655757,5.125496,-0.564919
2006-09-26,1712.64,1659.137167,1452.1044,3.173835,16.502222,4.130394,7.063654,37.011364,7.31911,0.724028
2006-09-27,1725.04,1659.245167,1455.23585,3.888746,17.008225,3.702125,7.301713,38.549157,7.574897,0.690998
2006-09-28,1736.96,1659.17,1458.4492,4.581898,17.476278,2.345391,6.375704,39.083126,6.836657,0.890061
2006-09-29,1752.42,1659.5405,1461.8153,5.445693,18.131867,1.823023,6.299232,42.312738,6.501866,0.397736
2006-10-09,1785.39,1660.3915,1465.3033,7.258346,19.757463,-0.792314,5.498566,41.942023,5.652547,-1.456264
2006-10-10,1784.86,1661.042333,1468.72955,7.189466,19.494221,-1.181271,5.698814,39.19426,5.864325,-1.427003
2006-10-11,1790.1,1661.877333,1472.18845,7.43236,19.552145,-0.162693,4.196496,41.364341,5.554438,-1.715547
2006-10-12,1778.18,1663.9175,1475.51195,6.641561,18.658535,0.788144,6.440917,45.681089,6.65287,-1.056698
2006-10-13,1784.66,1665.908333,1478.8534,6.88574,18.796086,0.31888,5.382419,45.948573,6.265619,-1.415956
2006-10-16,1771.3,1667.381833,1482.12065,6.045911,17.823981,-0.674658,5.088758,44.717329,7.067126,-0.672388
2006-10-17,1763.9,1668.709333,1485.3132,5.547679,17.190161,2.313304,6.811791,41.384309,7.516299,-0.255683
2006-10-18,1787.19,1671.0765,1488.63135,6.717652,18.278741,1.082975,7.321071,44.708021,7.595723,-1.555515
2006-10-19,1792.25,1673.362,1491.95505,6.863704,18.338444,1.021408,8.001481,45.362671,8.330311,-1.83345
2006-10-20,1790.36,1675.445833,1495.2481,6.633742,18.012457,0.93509,9.652504,43.963845,10.133716,-1.72982
2006-10-23,1759.39,1677.003333,1498.36335,4.795869,16.059375,2.817182,13.678291,44.916872,14.657921,2.602607
2006-10-24,1805.18,1678.998667,1501.73545,7.246273,18.40389,1.801227,12.10878,45.039702,12.872401,0.081432
2006-10-25,1806.65,1680.998667,1505.0925,7.208624,18.261994,2.679307,12.213705,48.461627,12.990895,0.029336
2006-10-26,1810.65,1683.256667,1508.4214,7.295549,18.262222,2.22076,13.016506,48.782771,13.901638,-0.191644
2006-10-27,1807.18,1685.675833,1511.6732,6.960105,17.85505,3.222239,12.646722,49.852012,14.120342,0.13723
2006-10-30,1809.66,1688.958,1514.95005,6.902721,17.775651,4.148356,12.33731,45.675914,13.963949,1.565487
2006-10-31,1837.99,1692.914333,1518.35485,8.222108,19.104517,2.765554,10.364958,45.00062,12.207357,0.724705
2006-11-01,1855.71,1697.161667,1521.7841,8.931012,19.838398,0.596908,10.156556,46.192973,11.135899,-0.237106
2006-11-02,1851.31,1701.3325,1525.23535,8.448173,19.374477,2.410604,12.57057,45.930003,13.394839,0.673037
2006-11-03,1866.36,1706.269333,1528.66235,8.96807,19.959694,0.90621,11.892305,40.073531,12.628325,-0.138773
2006-11-06,1886.31,1711.917167,1532.10755,9.700865,20.797827,-1.202122,13.624928,38.977972,14.596752,-1.194926
2006-11-07,1889.53,1717.066333,1535.5081,9.571091,20.746678,-0.068294,13.990943,34.695188,15.016962,-1.363302
2006-11-08,1866.82,1721.8705,1538.76385,8.082525,19.325705,2.961882,14.429646,33.608648,16.416152,-0.163379
2006-11-09,1896.48,1726.710833,1542.14315,9.378119,20.682643,2.348709,12.860292,34.421149,14.595461,-1.724774
2006-11-10,1883.35,1731.3345,1545.50465,8.415961,19.770161,4.588965,10.585207,36.617438,15.394377,-1.039637
2006-11-13,1863.77,1736.218333,1548.69,7.089194,18.519191,7.914875,15.695289,38.452779,16.99405,1.31293
2006-11-14,1888.24,1741.094667,1552.0239,8.113114,19.608536,7.610293,16.138893,36.879928,17.514193,1.83769
2006-11-15,1922.94,1746.2035,1555.62425,9.641126,21.197835,5.975609,14.520928,37.832159,15.628153,0.967789
2006-11-16,1941.55,1751.8405,1559.2898,10.281967,21.925616,6.036433,14.704796,37.745065,15.840952,1.557518
2006-11-17,1971.79,1758.07,1562.982,11.472514,23.234622,3.929308,14.255906,38.752261,15.322118,2.307041
2006-11-20,2017.28,1765.0055,1566.8105,13.359626,25.270805,1.476201,14.516057,39.45295,15.622521,1.004818
2006-11-21,2037.55,1772.0755,1570.7217,13.959665,26.021291,0.057405,14.868313,38.635405,16.030527,0.057422
2006-11-22,2041.35,1779.224667,1574.6496,13.743366,25.957858,0.622157,15.063212,39.844351,16.256889,-0.128836
2006-11-23,2062.36,1786.547,1578.7011,14.356625,26.724854,1.774823,12.755559,29.564236,15.072538,-1.14626
2006-11-24,2050.81,1793.676667,1582.6649,13.396732,25.912477,2.467822,13.348324,33.992692,15.720618,-0.589523
2006-11-27,2047.28,1800.290667,1586.46315,12.856395,25.500498,5.435974,17.374674,31.210326,18.975421,-0.418116
2006-11-28,2038.72,1806.752333,1590.24625,12.079122,24.843328,6.391539,19.582752,32.849504,21.63171,0.753904
2006-11-29,2054.09,1813.400667,1594.0664,12.462902,25.354469,4.869998,21.090888,30.452625,23.479984,1.925427
2006-11-30,2099.29,1820.744833,1598.2156,14.235353,27.271144,2.700327,20.136852,30.226824,22.307542,-0.269139
2006-12-01,2102.05,1828.500833,1602.31255,13.941664,27.146513,-0.400888,24.121201,32.062112,27.279085,-0.400086
2006-12-04,2161.65,1836.903,1606.7226,16.279082,29.667537,0.868239,22.818529,30.345119,25.631809,-3.146208
2006-12-05,2173.28,1845.389667,1611.15735,16.354709,29.928478,2.079656,19.504503,30.14609,24.959508,-3.664507
2006-12-06,2156.6,1853.464333,1615.4445,15.147641,28.892276,3.053163,22.738198,31.493529,25.925995,-2.91941
2006-12-07,2156.75,1861.723667,1619.8751,14.70997,28.625341,4.193212,26.37988,31.820374,30.186623,-2.926162
2006-12-08,2093.64,1868.818,1624.00625,11.359803,25.400809,8.259664,29.980948,32.798694,34.960165,4.148755
2006-12-11,2180.5,1877.2435,1628.57105,14.974973,29.185123,6.735643,23.933282,30.282707,29.58404,1.763357
2006-12-12,2218.95,1885.961667,1633.2237,16.259625,30.647832,6.339713,18.433625,27.813212,27.338606,0.203249
2006-12-13,2223.46,1894.862833,1637.91985,15.991809,30.563749,6.517893,22.866023,30.434953,27.080316,1.153607
2006-12-14,2249.11,1904.1865,1642.72115,16.64797,31.418048,4.087197,22.656394,29.875385,25.631027,1.102658
2006-12-15,2273.91,1913.400833,1647.60635,17.261862,32.217728,3.021726,20.055435,29.605752,24.260855,2.573541
2006-12-18,2332.43,1923.3915,1652.78255,19.282061,34.445038,4.334818,16.722524,27.516749,21.143185,0.450603
2006-12-19,2364.18,1933.873833,1658.1083,20.090608,35.475386,4.771844,18.062609,26.264274,19.796716,-0.898409
2006-12-20,2373.21,1944.553167,1663.4414,19.921125,35.535488,6.649834,21.18471,27.448977,23.595889,-1.275488
2006-12-21,2342.94,1954.587167,1668.72775,18.122755,33.934504,9.156116,23.010705,29.244357,25.873475,0.031157
2006-12-22,2343.67,1964.892333,1673.9796,17.628063,33.651429,13.240699,23.856966,30.296574,26.943213,3.929307
2006-12-25,2435.76,1976.782167,1679.71365,20.878847,37.163549,10.879829,15.96393,27.212294,22.143807,1.805186
2006-12-26,2479.73,1989.567,1685.8127,22.023266,38.590192,6.313289,15.05291,24.99823,19.977981,2.284926
2006-12-27,2536.39,2003.0895,1692.24275,23.605107,40.468709,6.517308,14.945529,24.870979,17.297813,1.230095
2006-12-28,2567.59,2016.933333,1698.85485,24.138951,41.301331,8.943354,13.222582,24.831491,15.872472,2.871954
2006-12-29,2675.47,2032.3175,1706.00395,27.49483,44.99713,5.458859,4.060025,20.723047,11.200275,-1.276037
2007-01-04,2715.72,2047.823,1713.2842,28.227983,46.0645,1.982992,2.534515,20.06486,9.552163,-2.739237
2007-01-05,2641.33,2062.0975,1720.19565,24.755891,42.884454,1.008778,1.199742,22.975994,12.637573,1.013883
2007-01-08,2707.2,2077.3825,1727.3576,26.48062,44.932205,3.180988,-3.559196,22.755167,9.896941,-3.496602
2007-01-09,2807.8,2094.542833,1735.02565,29.306595,48.137906,0.469726,-4.819023,20.431653,5.95947,-6.954199
2007-01-10,2825.58,2111.8915,1742.80625,29.112966,48.321705,-1.665849,-3.948717,21.268267,5.292719,-7.539691
2007-01-11,2770.11,2128.538333,1750.2147,26.345151,45.914856,-0.475115,-1.175792,24.270258,7.40115,-5.688222
2007-01-12,2668.11,2143.6085,1757.10325,21.887973,41.770378,5.968697,2.30741,27.659903,11.507022,-2.082748
2007-01-15,2794.7,2160.400333,1764.5932,25.743122,45.980458,4.83658,0.445209,25.22197,6.456149,-6.518052
2007-01-16,2821.02,2177.5465,1772.186,25.889974,46.488471,4.441508,0.383875,24.712712,5.462918,-7.390235
2007-01-17,2778.9,2194.022167,1779.607,23.63187,44.566261,6.823257,4.44092,26.231721,7.061427,-5.986541
2007-01-18,2756.98,2210.648667,1786.9123,22.084989,43.364672,3.576224,8.214369,22.395425,8.561179,-5.239066
2007-01-19,2832.21,2227.765833,1794.5794,24.005811,45.628665,1.762146,5.704483,23.547797,5.870327,-7.756134
2007-01-22,2933.19,2246.5415,1802.7175,26.669865,48.679532,0.410653,3.59643,23.518117,3.661883,-10.931784
2007-01-23,2949.14,2265.516333,1810.9896,26.371091,48.764017,-0.632007,-6.202028,23.235253,3.101243,-11.413497
2007-01-24,2975.13,2284.982167,1819.37375,26.392952,49.179539,-6.556242,-3.212598,22.985614,2.200576,-12.187367
2007-01-25,2857.36,2302.443833,1827.0632,21.592703,44.718825,-2.549586,-2.128278,28.063508,6.412913,-8.568049
2007-01-26,2882.56,2319.853333,1834.827,21.717482,45.172859,-7.539879,-1.786159,26.570559,5.482627,-9.367368
2007-01-29,2945.26,2338.0125,1842.8525,23.089589,46.888246,-11.987417,-5.583792,26.560594,3.237066,-11.296796
2007-01-30,2930.56,2356,1850.8066,21.822827,45.957199,-9.09825,-3.13261,29.852458,3.754914,-10.851851
2007-01-31,2786.33,2371.332833,1858.02345,16.127314,40.521206,-2.549884,3.880887,36.483371,9.125624,-6.237237
2007-02-01,2785.43,2386.318167,1865.1552,15.46506,40.105799,-1.727315,4.992075,37.424054,9.160884,-6.206941
2007-02-02,2673.21,2399.3795,1871.7101,10.806984,35.642749,2.116446,9.441845,40.841973,13.743402,-2.269556
2007-02-05,2612.54,2411.808167,1877.97215,7.994619,33.013038,7.185393,12.314527,43.75022,16.384821,2.417571
2007-02-06,2675.7,2424.795167,1884.689,9.846397,35.044821,5.672624,10.259518,37.655525,13.637553,1.512875
2007-02-07,2716.18,2438.675667,1891.4722,10.777135,36.187101,6.723789,6.766464,38.357178,11.94398,0.523161
2007-02-08,2737.73,2453.241667,1898.2678,10.971883,36.618732,8.915046,7.525217,39.116546,11.062815,-0.268105
2007-02-09,2730.39,2467.2775,1904.9942,10.132914,35.996549,9.36577,7.072178,38.938643,11.361381,1.516267
2007-02-12,2807.17,2482.014667,1912.04655,12.310626,38.40027,7.987801,7.123722,37.20139,8.315492,-1.260344
2007-02-13,2831.87,2496.853333,1919.2764,12.5906,38.898903,-2.144395,6.835116,37.257821,7.370748,-2.121566
2007-02-14,2905.09,2512.408333,1926.7179,14.522258,41.064639,-0.830262,5.109397,36.234096,5.242178,-4.588498
2007-02-15,2993.01,2528.6705,1934.634,16.85859,43.636141,-6.766423,2.579856,32.710102,2.613423,-7.391222
2007-02-16,2998.47,2544.685833,1942.6275,16.409496,43.406072,-5.728496,2.497182,33.215645,2.528623,-7.559856
2007-02-26,3040.6,2561.34,1950.7431,17.152431,44.384449,-8.769569,2.667837,34.005299,2.703743,-8.840689
2007-02-27,2771.79,2573.163833,1957.5184,7.435712,34.781577,2.437411,12.43568,44.720983,13.241984,0.487771
2007-02-28,2881.07,2587.0015,1964.72265,10.766227,38.281066,0.537243,9.652206,34.13178,10.133388,-3.323765
2007-03-01,2797.19,2599.5,1971.2231,7.329622,34.996113,4.570767,13.376642,38.472252,14.312578,-0.424712
2007-03-02,2831.53,2612.7135,1977.72495,8.042787,35.887003,3.688124,11.731478,34.566214,12.926227,-1.632333
2007-03-05,2785.31,2624.9005,1983.92305,5.931619,33.928295,5.910902,15.509242,27.594147,16.776589,1.969978
2007-03-06,2840.18,2637.248667,1990.43705,7.413123,35.551319,4.293877,14.741519,28.243804,15.8835,1.986142
2007-03-07,2896.59,2650.491,1996.90585,8.878928,37.193528,0.335693,12.782136,26.521581,13.634998,0.336257
2007-03-08,2928.01,2663.263667,2003.22545,9.47707,37.95644,0.805826,12.53827,28.429178,13.358219,-0.740435
2007-03-09,2937.91,2676.0075,2009.84875,9.33725,37.963897,-0.253221,12.334407,28.664168,13.127359,-1.074914
2007-03-12,2954.91,2689.312667,2016.49755,9.418255,38.210607,1.994588,13.999837,30.174558,15.027192,-1.644043
2007-03-13,2964.79,2702.78,2023.2351,9.252533,38.210844,2.248223,14.991158,31.736246,16.173152,-1.971809
2007-03-14,2906.33,2716.324833,2029.469,6.761131,35.911693,5.066722,18.45052,36.257767,20.262324,0.830945
2007-03-15,2951.7,2729.178167,2035.93905,7.838075,37.142411,3.969686,17.920834,33.230859,19.626995,-0.718908
2007-03-16,2930.48,2741.037,2042.5687,6.682992,36.095805,4.790775,18.280316,34.380585,20.49323,2.86506
2007-03-19,3014.44,2754.22,2049.6863,9.027979,38.572732,3.531916,17.653039,34.429283,19.307069,0.589164
2007-03-20,3032.2,2767.2715,2056.89015,9.142661,38.809322,3.456169,17.493722,34.221298,19.117143,0.83042
2007-03-21,3057.38,2780.329333,2064.1076,9.498895,39.286036,3.712548,16.681403,31.306865,18.153452,0.453002
2007-03-22,3071.23,2792.642667,2071.22105,9.508979,39.393982,4.030363,11.6012,32.031769,17.620628,0.099634
2007-03-23,3074.29,2804.477833,2078.30605,9.185661,39.152082,3.505801,15.346132,28.582545,17.503554,1.578251
2007-03-26,3122.81,2816.971167,2085.7136,10.307098,40.362219,4.071836,17.25385,23.272156,18.831757,0.513
2007-03-27,3138.83,2830.236,2092.9868,10.349002,40.525798,4.74325,17.001601,23.576448,18.532383,1.089259
2007-03-28,3173.02,2844.0585,2100.5049,10.945173,41.250607,3.667172,16.546006,25.106998,17.993583,0.345412
2007-03-29,3197.54,2856.754833,2108.0695,11.269546,41.660916,3.732395,16.815144,20.22292,18.311577,-0.424076
2007-03-30,3183.98,2868.492333,2115.59375,10.434541,40.879648,4.291053,16.62524,18.230167,18.815445,2.15485
2007-04-02,3252.59,2880.429,2123.90895,12.151236,42.619337,4.401496,16.635144,16.505415,18.098807,1.190128
2007-04-03,3291.3,2892.490833,2132.408,12.916461,43.403077,4.543516,18.243549,16.962213,20.013672,0.007292
2007-04-04,3291.54,2902.758667,2141.1088,12.569399,43.003171,6.004078,19.820349,14.789176,21.921046,0.838513
2007-04-05,3319.14,2912.815667,2149.9405,13.058552,43.426555,6.18839,19.893709,8.562678,22.010521,0.13377
2007-04-06,3323.58,2924.1865,2158.81595,12.802619,43.148262,5.692688,19.065721,12.903857,21.847526,2.267735
2007-04-09,3398.95,2935.715667,2168.15405,14.65153,44.959042,5.647791,17.435857,13.319815,19.145618,1.333941
2007-04-10,3444.29,2946.323833,2177.7056,15.615955,45.844594,4.750786,12.404849,11.213947,17.577207,0.137329
2007-04-11,3495.22,2957.4845,2187.30935,16.705724,46.872414,3.297605,13.140194,10.075163,15.863951,-1.321805
2007-04-12,3531.03,2970.1665,2197.03305,17.29716,47.448178,-2.349948,13.670496,10.347856,14.688915,-2.322552
2007-04-13,3518.27,2984.335833,2206.66275,16.459217,46.648809,1.856591,13.58615,10.669267,15.104867,-1.968297
2007-04-16,3596.44,2997.698167,2216.65435,18.209975,48.394546,3.132727,12.424629,6.080845,13.229471,-4.099054
2007-04-17,3611.87,3010.879,2226.73335,18.199358,48.369,2.964049,12.928984,7.577351,13.801992,-4.508745
2007-04-18,3612.4,3024.770667,2236.7668,17.75371,47.934094,3.57715,14.443296,8.428232,15.538423,-4.522755
2007-04-19,3449.02,3036.304667,2245.84465,12.744893,42.900845,9.244307,18.529045,12.619888,21.011476,3.919374
2007-04-20,3584.2,3048.837833,2255.5679,16.177482,46.313352,4.784909,15.372332,12.436439,16.616818,3.53468
2007-04-23,3710.89,3061.7995,2265.9259,19.226893,49.328828,3.45313,14.083611,12.698869,15.123596,0.259776
2007-04-24,3720.53,3074.656,2276.17045,19.067311,49.137173,5.985198,15.283702,12.36749,16.513507,0.629749
2007-04-25,3743.96,3087.469833,2286.5292,19.279194,49.310884,6.941515,7.933568,14.403009,15.784357,0.424951
2007-04-26,3783.06,3102.898167,2296.9581,19.819664,49.894752,6.81096,8.280466,13.882851,14.587662,-0.612996
2007-04-27,3759.87,3117.52,2307.3497,18.734657,48.828483,6.731534,6.209496,14.472423,15.294412,2.164968
2007-04-30,3841.27,3132.4535,2317.96325,20.398648,50.511415,5.202208,-4.550239,14.502474,12.851218,-4.448268
2007-05-08,3950.01,3149.444333,2329.00595,22.649208,52.827656,-1.295184,-4.741264,12.39007,9.744532,-7.078716
2007-05-09,4013.08,3169.890167,2340.4204,23.586209,53.922845,-0.676077,-6.080904,6.918622,8.019775,-8.539077
2007-05-10,4049.7,3190.961333,2351.99725,23.832057,54.337794,-0.034823,-4.002801,8.471701,7.042991,-9.366126
2007-05-11,4021.68,3213.435833,2363.3766,22.435901,53.160837,0.213116,-2.735961,12.579174,7.788785,-8.734658
2007-05-14,4046.39,3237.333333,2374.90855,22.307518,53.286619,0.636564,-1.261135,13.432345,7.130553,-9.291986
2007-05-15,3899.18,3257.724667,2386.1256,17.973728,49.109531,5.274921,4.340239,17.636543,11.17517,-5.867388
2007-05-16,3986.04,3278.889,2397.72975,19.529361,50.82759,4.600707,4.667053,15.689507,8.752546,-7.918636
2007-05-17,4048.29,3300.731667,2409.55675,20.415041,51.885176,2.508602,1.63953,16.071283,7.080273,-9.334559
2007-05-18,4030.26,3322.396167,2421.2868,19.314463,50.953176,3.642772,2.514119,16.418109,7.559314,-8.928952
2007-05-21,4072.23,3343.4805,2433.42215,19.717843,51.48922,4.791709,4.351615,16.859562,6.450765,-9.867566
2007-05-22,4110.38,3364.789,2445.69845,20.015022,51.918473,5.318767,3.798593,17.015119,5.462755,-10.70412
2007-05-23,4173.71,3385.932667,2458.24035,20.917593,52.935954,-2.932578,0.182166,15.426397,3.862511,-12.059055
2007-05-24,4151.13,3405.234667,2470.6663,19.806673,51.889271,-1.004272,1.901524,13.801138,4.427469,-11.580702
2007-05-25,4179.78,3424.923167,2483.1379,19.917958,52.073557,-4.377927,-2.135918,10.802051,3.711679,-12.186766
2007-05-28,4272.11,3445.448333,2496.0652,21.505381,53.739228,-15.18072,-8.065305,13.811666,1.470234,-14.084609
2007-05-29,4334.92,3471.5005,2509.36395,22.211623,54.667384,-14.039768,-8.708855,13.373639,-1.508678,-15.329464
2007-05-30,4053.09,3491.034167,2521.31925,14.928154,47.469728,-7.072956,0.627424,20.59664,5.339876,-9.441932
2007-05-31,4109.65,3512.9085,2533.80385,15.689354,48.36162,-5.472307,-4.87269,20.257702,3.890112,-10.688258
2007-06-01,4000.74,3532.395333,2545.8045,12.450314,45.203263,-2.213922,-4.604569,24.426399,6.718257,-8.256972
2007-06-04,3670.4,3547.146833,2556.15215,3.415708,36.179759,8.491313,4.420511,33.871937,16.323017,2.63459
2007-06-05,3767.1,3562.5955,2566.98235,5.581612,38.357445,7.786319,3.459928,32.133148,13.33705,0.244751
2007-06-06,3776.32,3577.257667,2578.0132,5.41535,38.173097,10.07188,1.049731,30.233786,13.060334,1.05526
2007-06-07,3890.8,3593.304167,2589.73,7.954263,40.706117,5.607507,-7.32823,28.384775,9.733731,-7.066156
2007-06-08,3913.14,3609.558,2601.3928,8.075479,40.829313,5.463196,-3.425903,28.793312,9.107264,-7.596713
2007-06-11,3995.68,3626.904167,2613.47835,9.683434,42.453174,6.249313,-2.854907,28.645875,6.853402,-9.505516
2007-06-12,4072.14,3645.36,2625.80875,11.071353,43.877972,4.733275,-5.53114,26.2413,4.847083,-11.204674
2007-06-13,4176.48,3666.529167,2638.6615,13.02233,45.919701,0.11582,-7.732083,24.025863,2.227713,-13.423026
2007-06-14,4115.21,3685.921,2651.38385,11.016944,43.960815,2.770596,-4.962169,27.053432,3.749748,-12.13401
2007-06-15,4132.87,3705.960833,2664.0699,10.902952,43.911709,-1.007265,-5.431002,24.441978,3.306419,-12.509467
2007-06-18,4253.35,3726.609333,2677.2546,13.220811,46.291504,-7.625211,-10.695399,23.037795,0.380171,-14.987716
2007-06-19,4269.52,3747.231333,2690.58555,13.048415,46.174256,-7.188681,-9.150226,18.04746,-0.906425,-15.309684
2007-06-20,4181.32,3765.963667,2703.50205,10.46232,43.6079,-2.487319,-6.197229,21.275428,1.183837,-13.523241
2007-06-21,4230.82,3785.290167,2716.6504,11.127328,44.299618,-7.778486,-7.810682,22.031552,-3.29416,-14.535007
2007-06-22,4091.45,3802.242833,2729.0409,7.330832,40.49492,-6.846578,-0.799975,26.110287,-0.31407,-11.623752
2007-06-25,3941.08,3815.880667,2740.6843,3.228332,36.324716,-2.694904,6.680563,31.889744,6.908766,-8.251799
2007-06-26,3973.37,3829.789667,2752.43605,3.680472,36.712825,-1.870985,5.792643,31.144201,6.039961,-8.9974
2007-06-27,4078.6,3844.882667,2764.7139,5.901071,38.881663,-6.650649,5.842017,27.976885,6.016035,-11.345315
2007-06-28,3914.2,3856.827,2776.0327,1.476614,34.358814,-7.927848,10.475075,33.467862,11.043381,-7.621736
2007-06-29,3820.7,3867.439,2786.8811,-1.215888,31.551057,-1.035256,12.867496,35.603847,13.760829,-5.361059
2007-07-02,3836.29,3877.167333,2797.7866,-1.059906,31.567715,1.215895,14.632203,35.751316,15.75689,-5.745655
2007-07-03,3899.72,3887.307667,2808.992,0.318795,32.807906,-1.20475,13.671405,33.027534,14.650026,-7.278728
2007-07-04,3816.17,3896.0515,2819.8894,-2.07163,30.254964,1.290065,11.949794,33.570116,17.160137,-5.248718
2007-07-05,3615.87,3900.997,2829.68115,-7.589967,24.516845,7.973568,19.802733,40.280569,23.650187,4.576492
2007-07-06,3781.35,3908.6265,2840.2675,-3.310494,28.618285,3.458097,18.741038,38.413117,20.612215,1.072897
2007-07-09,3883.22,3916.697667,2851.323,-0.858416,30.888161,-1.591179,17.548387,38.252873,19.182277,-1.578587
2007-07-10,3853.02,3923.509833,2862.28215,-1.812936,29.7238,1.11419,18.827444,39.439276,20.716477,-0.807159
2007-07-11,3865.72,3929.684833,2873.27085,-1.641128,29.66969,1.650674,18.754538,40.077713,20.628499,-1.133036
2007-07-12,3915.99,3936.100833,2884.47595,-0.512243,30.572493,-0.077916,19.393923,41.212404,21.402251,-2.402202
2007-07-13,3914.4,3942.703,2895.56865,-0.720447,30.148054,3.623762,19.334992,41.084268,21.451563,-2.362559
2007-07-16,3821.92,3946.461,2906.2313,-3.206631,27.389576,9.750751,23.203346,45.600902,26.116193,1.943264
2007-07-17,3896.19,3951.199667,2917.2638,-1.402009,28.935303,7.754188,22.366752,44.698713,25.065513,0.429907
2007-07-18,3930.06,3956.494,2928.30885,-0.670359,29.422962,9.551927,21.44146,42.913324,23.987674,-0.435617
2007-07-19,3912.94,3964.226,2939.2086,-1.302162,28.614865,10.507271,19.710296,39.791806,24.530149,3.72891
2007-07-20,4058.85,3972.136833,2950.82665,2.159549,31.881433,6.820893,13.737944,36.006547,20.053463,3.732092
2007-07-23,4213.36,3980.511333,2963.2312,5.685014,35.198013,5.256736,15.196408,29.645768,16.411842,-0.071914
2007-07-24,4210.33,3988.674667,2975.57835,5.408202,34.710261,6.007778,16.289852,31.57184,17.691725,2.143062
2007-07-25,4323.97,3998.3415,2988.5714,7.829431,36.937848,-0.542871,14.127199,30.108923,15.173787,-0.541401
2007-07-26,4346.46,4007.7315,3001.69185,8.113635,37.018564,1.39981,14.655317,24.666615,15.783649,-1.056032
2007-07-27,4345.36,4017.489667,3014.85545,7.845136,36.555672,4.838286,16.163472,25.180449,17.54308,-1.030985
2007-07-30,4440.77,4027.481333,3028.4341,9.768658,38.27821,4.132079,14.819223,25.802418,15.973581,-3.157335
2007-07-31,4471.03,4036.165,3042.10445,10.232382,38.506928,3.951289,15.001814,27.685716,16.185532,-3.812768
2007-08-01,4300.56,4040.956333,3054.84515,6.226387,34.201634,8.094808,17.234261,32.544733,20.791013,2.492001
2007-08-02,4407.73,4046.9235,3067.95685,8.540285,36.2348,7.564759,15.910273,29.401164,17.854088,3.472082
2007-08-03,4560.77,4055.908333,3081.8364,11.73168,39.196582,4.052051,13.478177,23.653325,14.428704,1.476505
2007-08-06,4628.11,4065.603667,3096.02645,12.958634,40.202908,4.06378,13.952395,19.675096,14.972635,0.499556
2007-08-07,4651.23,4078.137833,3110.3917,13.149123,40.238303,4.653497,12.944996,17.424347,14.401137,0.114808
2007-08-08,4663.16,4089.423167,3124.7842,13.12894,40.032811,4.337597,13.003409,18.339107,14.108459,-0.14132
2007-08-09,4754.1,4101.186667,3139.6982,14.773104,41.488072,0.238457,12.621679,11.434759,13.452809,-2.051492
2007-08-10,4749.37,4113.171833,3154.62555,14.381751,40.914217,-1.973285,10.537989,11.262263,13.565799,-1.953943
2007-08-13,4820.06,4125.635667,3169.7899,15.556627,41.912107,1.743814,10.529848,7.350985,11.900267,-3.391866
2007-08-14,4872.79,4138.3425,3185.1926,16.337132,42.515391,1.677288,4.830934,5.69055,10.689359,-4.437294
2007-08-15,4869.88,4149.945333,3200.5902,15.997413,41.973407,2.237666,6.031197,10.56769,10.755501,-4.38019
2007-08-16,4765.45,4160.184,3215.6205,13.583267,39.337163,5.452292,10.131937,11.855473,13.182596,-2.284779
2007-08-17,4656.57,4168.1305,3229.87745,11.081151,36.583493,9.246421,13.172317,13.24928,15.829033,5.331821
2007-08-20,4904.85,4178.676167,3245.36845,16.023002,41.299562,4.87955,10.012773,7.177169,10.531209,1.026739
2007-08-21,4955.21,4189.014333,3261.09125,16.797408,41.837767,4.71974,9.061706,6.607789,9.484966,0.501896
2007-08-22,4980.08,4204.464167,3276.95575,16.92991,41.853109,2.56419,8.007669,4.594547,8.93821,1.052393
2007-08-23,5032.49,4219.844833,3293.0699,17.611653,42.409466,2.654765,8.337469,-0.965001,8.694901,1.493893
2007-08-24,5107.67,4238.293667,3309.4183,18.658258,43.39709,2.152991,6.572879,-1.489998,7.095016,0.034458
2007-08-27,5150.12,4262.955667,3325.89035,18.905728,43.72826,3.265252,6.29989,-3.784616,6.502567,-0.790079
2007-08-28,5194.69,4286.748833,3342.60725,19.210835,44.088583,1.894471,4.354315,-6.637014,5.588784,-1.641291
2007-08-29,5109.43,4308.967333,3358.8226,17.038957,41.949736,3.863957,4.386061,-6.176593,7.350722,0.088855
2007-08-30,5167.88,4330.252,3375.23045,17.683681,42.599894,4.276164,4.567563,-3.235886,6.136559,-1.043174
2007-08-31,5218.83,4352.0135,3391.87695,18.163463,43.08898,1.111863,6.193902,-6.881387,6.389746,-2.009263
2007-09-03,5321.06,4374.103167,3409.14815,19.597102,44.521008,0.641233,6.75209,-8.886406,6.985262,-3.891894
2007-09-04,5294.04,4394.468167,3426.13595,18.623514,43.514858,-3.460565,7.666836,-7.410884,7.968395,-3.401372
2007-09-05,5310.72,4413.372167,3443.2728,18.508836,43.3305,-2.634616,8.319766,-5.179568,8.67566,-3.704771
2007-09-06,5393.66,4434.679667,3460.92225,19.576881,44.368909,-2.251284,9.196802,-6.879676,9.632976,-5.185533
2007-09-07,5277.18,4453.7515,3477.86695,16.964509,41.69727,0.661043,11.211288,-3.576832,12.052839,-3.09275
2007-09-10,5355.29,4472.117167,3495.0287,18.022292,42.674327,1.226738,11.867708,-3.677625,12.600625,-4.506199
2007-09-11,5113.97,4486.191333,3510.8908,13.097192,37.610622,5.90806,17.501027,1.187879,19.125845,1.147054
2007-09-12,5172.63,4502.713167,3526.895,13.870112,38.296338,4.214138,15.440666,-1.501562,17.774904,1.951812
2007-09-13,5273.59,4520.092667,3543.17655,15.417885,39.768769,3.657824,9.949572,-6.170084,15.520167,0.73176
2007-09-14,5312.18,4540.438167,3559.5497,15.697878,40.036825,2.646983,9.096286,-5.898363,14.680978,0.495842
2007-09-17,5421.39,4565.11,3576.4499,17.190963,41.598158,1.166668,4.436587,-10.587118,12.370813,-1.528575
2007-09-18,5425.21,4589.307333,3593.26415,16.73275,41.199558,0.012349,6.220282,-11.493352,12.29169,-1.59791
2007-09-19,5395.27,4611.251833,3609.98645,15.702328,40.181862,-1.057418,7.974055,-8.779705,12.914831,-1.051847
2007-09-20,5470.06,4637.182833,3627.10035,16.518255,41.085606,-1.11514,1.673829,-8.118137,11.37099,-2.404727
2007-09-21,5454.67,4664.415667,3644.1801,15.650956,40.334072,1.774013,2.444097,-6.688262,11.685217,-2.129368
2007-09-24,5485.01,4691.894333,3661.3347,15.618251,40.419116,3.717452,4.683305,-4.679344,11.067437,-2.670734
2007-09-25,5425.88,4717.330333,3677.96765,13.993707,38.881977,5.206992,8.329587,-4.229458,12.277824,-1.610061
2007-09-26,5338.52,4742.702833,3694.15,11.834127,36.819797,7.797662,10.924412,-1.989685,14.115148,1.327709
2007-09-27,5409.4,4772.595,3710.38875,12.5248,37.700153,8.905403,8.923328,-1.875541,12.619884,2.641698
2007-09-28,5552.3,4802.110833,3727.28385,14.515668,39.853248,6.129248,3.981246,-5.37847,9.721377,0.181726
2007-10-08,5692.75,4832.269667,3744.9646,16.387717,41.878127,5.75685,-1.02939,-7.663001,7.01436,-2.28993
2007-10-09,5715.89,4863.3175,3762.7603,16.15292,41.809721,6.373627,-3.187484,-7.180303,6.581127,-3.137219
2007-10-10,5771.46,4895.079833,3781.1494,16.46945,42.289704,4.486285,-2.984068,-7.366824,5.55492,-4.069854
2007-10-11,5913.23,4928.367167,3799.81305,18.218448,44.224035,-1.498515,-10.383722,-9.202735,3.024235,-9.862799
2007-10-12,5903.26,4961.514833,3818.2346,17.379364,43.571657,-1.453959,-10.487013,-9.160335,3.198233,-9.955855
2007-10-15,6030.09,4998.317667,3837.26775,18.766055,45.200135,-6.204383,-15.046571,-10.375339,1.02768,-13.969277
2007-10-16,6092.06,5034.9155,3856.4825,19.058954,45.723079,-5.372685,-16.641411,-11.017139,-0.915618,-15.330447
2007-10-17,6036.28,5070.019167,3875.29435,17.444333,44.316631,-3.252474,-10.904173,-9.582918,-1.350335,-14.548033
2007-10-18,5825.28,5101.8915,3892.7586,13.259571,40.308901,-4.617919,-8.226037,-5.784087,2.222897,-11.45284
2007-10-19,5818.05,5131.2115,3910.02795,12.562336,39.742063,-4.005206,-9.019322,-6.648964,2.349928,-11.342804
2007-10-22,5667.33,5155.444333,3926.49855,9.46648,36.697003,1.413386,-7.27219,-6.878456,5.071877,-8.985007
2007-10-23,5773.39,5181.495333,3943.6508,10.816574,38.115254,2.121654,-8.6742,-11.394626,3.141655,-10.656997
2007-10-24,5843.11,5206.814333,3961.148,11.529497,38.872931,1.892939,-11.387176,-12.035968,1.910969,-11.723038
2007-10-25,5562.39,5227.079833,3976.78115,6.21751,33.555514,6.134358,-10.976299,-12.385006,7.054162,-10.395352
2007-10-26,5589.63,5247.817667,3992.33065,6.310079,33.653791,3.311162,-10.506974,-20.36453,6.532454,-10.832023
2007-10-29,5748,5269.604833,4008.3887,8.689659,36.046263,-1.995243,-14.767811,-20.064073,3.597251,-13.729123
2007-10-30,5897.19,5293.374167,4025.0367,10.802009,38.194194,-6.310079,-19.320916,-22.314821,0.976397,-17.569046
2007-10-31,5954.77,5320.944333,4041.4332,11.254179,38.75932,-6.110817,-21.487066,-22.358993,-0.679791,-19.335424
2007-11-01,5914.29,5346.053667,4057.42605,10.10128,37.682266,-10.401647,-16.726777,-29.139241,-2.307631,-18.78332
2007-11-02,5777.81,5366.337667,4073.10845,7.387904,34.961826,-8.339011,-17.056534,-25.933794,-2.481217,-16.864867
2007-11-05,5634.45,5383.11,4087.7447,4.563326,32.090614,-8.260332,-14.609106,-24.324639,-0.579826,-14.749621
2007-11-06,5536.57,5397.865667,4101.38855,2.537155,30.004959,-7.0803,-11.890236,-23.355278,1.177805,-13.242495
2007-11-07,5601.78,5413.509333,4115.26955,3.418685,30.838007,-3.433821,-10.515267,-25.965078,-3.375534,-14.252434
2007-11-08,5330.02,5423.108,4128.0691,-1.731409,25.554522,0.659171,-5.692756,-13.173136,1.551026,-9.880451
2007-11-09,5315.54,5432.544167,4141.30625,-2.177296,24.962335,0.013732,-4.301106,-14.464352,1.82766,-9.634957
2007-11-12,5187.73,5438.672,4153.2714,-4.723869,22.239991,1.569998,-0.498762,-14.428318,4.336386,-7.408635
2007-11-13,5158.12,5443.4275,4164.9569,-5.383675,21.386624,2.594526,0.328263,-12.493518,4.935325,-6.877118
2007-11-14,5412.69,5452.474333,4178.12585,-0.732332,25.888341,-3.735477,-6.038055,-18.530678,-0.876089,-11.25688
2007-11-15,5365.27,5462.471333,4191.1673,-1.795461,24.696741,-7.368182,-7.89362,-16.083839,-0.913281,-10.472539
2007-11-16,5316.27,5473.466333,4203.5876,-2.914019,23.483358,-5.492858,-5.975327,-13.08363,-0.424546,-9.647366
2007-11-19,5269.82,5479.549167,4215.27075,-3.902662,22.328238,-6.082235,-7.751514,-14.31331,0.453146,-8.850966
2007-11-20,5293.7,5485.190667,4226.99355,-3.553442,22.502644,-8.525063,-9.039435,-15.641821,-1.501218,-9.262142
2007-11-21,5214.23,5489.093167,4238.18905,-5.137164,20.725536,-8.206951,-5.366584,-17.656206,-0.75083,-7.879207
2007-11-22,4984.16,5488.287667,4248.82305,-9.635142,15.962287,0.383881,1.184333,-17.296051,3.830535,-3.62689
2007-11-23,5032.13,5487.028667,4259.5709,-8.654353,16.667493,-3.238398,1.374614,-17.170942,2.840745,-4.54559
2007-11-26,4958.85,5483.840833,4269.63885,-10.063188,14.964461,-1.836538,5.405162,-13.467142,5.553909,-3.135001
2007-11-27,4861.11,5478.281167,4279.2916,-11.952459,12.747933,1.120601,6.761872,-12.276574,7.67623,-1.187383
2007-11-28,4803.39,5473.1805,4289.3769,-13.053797,11.318044,4.860982,8.572969,-9.948176,8.970123,0.682435
2007-11-29,5003.33,5470.438,4300.4664,-8.9255,15.138021,0.632374,5.927908,-11.983903,6.107133,-3.340975
2007-11-30,4871.78,5464.653833,4311.45925,-11.48414,12.218295,4.416417,7.696819,-11.663396,8.972285,-0.730944
2007-12-03,4868.61,5457.113,4322.7396,-11.411142,11.891911,5.850013,7.975495,-12.590422,9.043238,-0.666309
2007-12-04,4915.89,5450.8105,4333.94055,-10.32915,12.599563,5.138198,7.897417,-11.977372,8.217637,-1.62168
2007-12-05,5042.65,5446.342667,4345.5729,-7.701258,14.877413,1.043391,6.132511,-15.919579,6.324452,-4.094672
2007-12-06,5035.07,5440.366167,4357.0596,-7.741894,14.463,-1.541693,6.873743,-19.421106,7.115492,-3.950293
2007-12-07,5091.76,5437.275833,4368.86645,-6.565462,15.311996,-1.660488,5.627785,-20.069601,5.922903,-5.019679
2007-12-10,5161.92,5434.053,4380.6402,-5.137666,16.411373,-5.682754,5.169994,-23.763612,5.305971,-6.310636
2007-12-11,5175.08,5435.0715,4392.35625,-4.901788,16.398898,-6.773171,5.296009,-26.477137,5.438757,-6.548884
2007-12-12,5095.54,5433.786667,4403.3085,-6.42706,14.600946,-3.064006,7.35931,-25.144761,7.636875,-5.090138
2007-12-13,4958.04,5428.5275,4413.13365,-9.065742,11.642549,1.709772,10.33557,-26.074699,10.888577,-2.458028
2007-12-14,5007.91,5423.456333,4423.18085,-7.971465,12.415958,1.857084,8.345685,-31.112677,9.784321,-3.429375
2007-12-17,4876.76,5414.379167,4432.36165,-10.457716,9.554852,7.074441,8.145249,-25.963667,12.736735,-0.832315
2007-12-18,4836.17,5404.561833,4442.68355,-11.11203,8.486449,7.276244,6.319008,-24.00568,13.682935,2.183753
2007-12-19,4941.78,5397.003667,4452.9871,-8.811833,10.415046,5.732602,4.717792,-26.362493,11.253435,2.059177
2007-12-20,5043.54,5389.895,4464.21885,-6.641769,12.201397,5.127456,-2.593041,-32.992571,9.008752,-2.55971
2007-12-21,5101.78,5384.0135,4475.5701,-5.38446,13.095576,3.083806,-11.23217,-34.046154,7.764349,-10.624331
2007-12-24,5234.26,5379.834333,4487.81485,-2.74321,15.385957,0.733795,-10.701424,-37.238789,5.036815,-12.886444
2007-12-25,5201.18,5376.089333,4499.61985,-3.30757,14.489261,2.256146,-9.755777,-42.173638,5.704859,-12.332394
2007-12-26,5233.35,5374.3365,4511.30365,-2.658352,14.846544,2.420523,-9.444896,-37.964691,5.055079,-12.871297
2007-12-27,5308.89,5372.661333,4523.20805,-1.19406,16.016129,1.578209,-18.340372,-42.44475,3.560255,-16.756799
2007-12-28,5261.56,5367.815667,4534.8263,-1.99935,14.864078,2.347383,-16.574078,-45.770754,4.491824,-16.00799
2008-01-02,5272.81,5360.816667,4546.4158,-1.65529,14.822424,3.044512,-17.691027,-45.423612,4.268881,-16.214504
2008-01-03,5319.86,5354.216167,4558.19115,-0.643733,15.452112,2.53679,-19.362459,-43.416321,3.346705,-17.603283
2008-01-04,5361.57,5347.384667,4570.46735,0.264925,15.964138,2.270191,-21.582322,-39.842856,2.542725,-19.412224
2008-01-07,5393.34,5338.719833,4582.67555,1.017897,16.288185,1.920134,-14.354123,-40.075373,1.938687,-19.886935
2008-01-08,5386.53,5330.107667,4594.9558,1.052995,15.894226,1.057412,-15.791031,-45.604313,2.067565,-19.785651
2008-01-09,5435.81,5320.203,4607.06265,2.149708,16.541806,-2.707499,-19.09955,-44.835263,1.14224,-20.512858
2008-01-10,5456.54,5309.611,4619.18435,2.729631,16.659675,-5.750172,-18.11779,-44.608542,0.757989,-20.814839
2008-01-11,5484.68,5300.417667,4631.32085,3.417313,16.911664,-5.705524,-19.851934,-50.904588,0.241035,-21.22111
2008-01-14,5497.9,5294.961333,4643.4542,3.761052,16.890767,-11.218839,-18.525789,-49.589851,-0.984194,-21.410539
2008-01-15,5443.79,5288.723667,4655.3017,2.889857,15.646879,-17.720771,-15.453988,-50.310174,-2.813848,-20.629378
2008-01-16,5290.61,5282.445,4666.1407,0.154449,12.560122,-11.772232,-14.707045,-49.570162,-2.081045,-18.331346
2008-01-17,5151.63,5272.082333,4676.2047,-2.311224,9.682635,-8.798542,-12.921394,-50.963189,0.560599,-16.128099
2008-01-18,5180.51,5261.039,4686.24215,-1.542503,10.027249,-8.430086,-17.007414,-50.803892,-5.135981,-16.595663
2008-01-21,4914.44,5250.239833,4694.82665,-6.609595,4.571662,-10.619876,-15.887344,-44.547719,-3.108187,-14.689568
2008-01-22,4559.75,5233.075167,4701.7055,-13.773129,-3.065752,-2.258102,-7.313387,-32.993365,4.428752,-8.053512
2008-01-23,4703.05,5215.659333,4708.9578,-10.345428,-0.125538,-6.255808,-8.170879,-27.200242,1.24685,-10.855083
2008-01-24,4717.73,5196.001667,4716.08995,-9.656167,0.03477,-7.350535,-9.282669,-28.219943,0.931804,-11.132473
2008-01-25,4761.69,5176.117,4723.4407,-8.345251,0.806515,-9.716902,-9.076249,-31.508875,-1.880005,-11.952899
2008-01-28,4419.29,5151.200333,4728.94145,-15.325071,-6.772233,5.564458,0.428561,-22.654978,5.722186,-5.131141
2008-01-29,4457.94,5129.2025,4734.61325,-14.026341,-6.021327,3.130431,-2.786136,-18.821785,4.805583,-5.953647
2008-01-30,4417.85,5108.925833,4739.70775,-14.533602,-7.032233,1.635989,-2.874889,-16.096561,5.756646,-5.100218
2008-01-31,4383.39,5089.706167,4744.40325,-14.93977,-7.914326,3.78146,-0.51233,-16.047627,6.588052,-4.354164
2008-02-01,4320.77,5068.356,4748.531,-15.958288,-9.440168,4.000579,-0.469768,-18.830829,8.13281,-2.96799
2008-02-04,4672.17,5057.391833,4754.2367,-7.922727,-1.741253,-2.251532,-11.940726,-24.502425,-0.168658,-11.25537
2008-02-05,4599.7,5045.461167,4759.64385,-9.249798,-3.418176,1.394454,-9.906355,-24.131702,1.404222,-9.857165
2008-02-13,4490.72,5033.844333,4764.11525,-11.417093,-5.90988,1.685006,-9.834056,-21.36127,3.865082,-9.365981
2008-02-14,4552.32,5023.747667,4768.8175,-9.853921,-4.646138,-0.553776,-13.655357,-24.580903,2.459625,-12.764041
2008-02-15,4497.13,5008.488333,4773.24115,-10.769472,-5.958614,-2.861005,-12.652138,-20.66787,3.717037,-11.884469
2008-02-18,4568.15,4995.203,4778.8368,-8.936974,-4.508886,-8.580394,-17.88448,-22.786116,2.104572,-16.376432
2008-02-19,4664.29,4984.336667,4784.23725,-6.63647,-2.539098,-9.580169,-24.004374,-25.229377,-2.085205,-21.340654
2008-02-20,4567.03,4972.6235,4788.51795,-8.508446,-4.735786,-5.236066,-19.40187,-23.660791,-0.872558,-19.665516
2008-02-21,4527.18,4959.848167,4792.5512,-9.12759,-5.696365,-5.159817,-17.403294,-27.370957,-1.963916,-18.95838
2008-02-22,4370.29,4945.7825,4795.68285,-12.370582,-9.288674,-0.498921,-14.072871,-20.951973,1.555503,-16.049049
2008-02-25,4192.53,4932.588667,4797.7302,-16.255956,-13.483856,5.696029,-14.512186,-18.465557,5.861377,-13.508311
2008-02-26,4238.18,4919.356167,4800.12175,-14.904373,-12.450735,2.269148,-15.500597,-19.908924,4.72113,-14.439925
2008-02-27,4334.05,4908.942833,4802.58565,-12.455617,-10.265201,-0.959818,-18.366485,-25.321119,2.404679,-16.778533
2008-02-28,4299.51,4899.582833,4804.33315,-13.0649,-11.101719,1.419803,-23.135192,-24.198426,3.227345,-20.653982
2008-02-29,4348.54,4892.002,4806.01045,-11.776147,-10.002716,-1.110421,-19.443546,-22.885195,2.063451,-21.548612
2008-03-03,4438.27,4882.584333,4807.9533,-9.541,-8.000682,-6.804829,-24.532939,-26.606579,-1.741219,-23.13469
2008-03-04,4335.45,4873.6455,4809.52215,-11.701681,-10.377232,-3.989787,-26.410539,-23.328895,0.589097,-23.210739
2008-03-05,4292.65,4864.046167,4810.75345,-12.496638,-11.394946,-5.323177,-24.857695,-21.591316,1.592024,-22.44511
2008-03-06,4360.99,4854.797833,4813.0625,-10.726836,-9.863448,-9.361567,-23.541531,-23.827468,-1.386612,-23.660453
2008-03-07,4300.52,4842.429,4814.6349,-11.868051,-11.292427,-8.181791,-17.790766,-24.384991,-3.130784,-22.587036
2008-03-10,4146.3,4827.616167,4815.12495,-15.213643,-14.954562,-8.195286,-13.780524,-21.276361,0.472228,-19.707691
2008-03-11,4165.88,4812.184833,4815.80305,-14.422367,-14.497527,-12.703565,-19.906928,-22.405434,-2.298674,-20.085072
2008-03-12,4070.12,4793.988167,4815.7925,-16.369018,-16.822814,-7.882808,-15.901657,-28.123625,-2.428921,-18.204869
2008-03-13,3971.26,4773.9245,4815.0969,-18.408529,-19.267274,-4.301714,-12.835395,-27.24236,-0.216304,-16.168672
2008-03-14,3962.67,4755.043333,4814.0417,-18.228777,-19.461896,-4.281738,-18.400517,-29.256358,-3.599088,-16.80685
2008-03-17,3820.05,4736.076833,4812.3863,-21.494561,-23.092956,-5.2081,-13.179582,-28.636969,-0.418843,-13.700868
2008-03-18,3668.9,4713.76,4809.8319,-25.0594,-27.077025,-1.076393,-10.851812,-24.415231,3.683665,-10.283736
2008-03-19,3761.6,4695.174,4807.27935,-22.169077,-24.52869,-4.200681,-15.461247,-29.710174,1.128509,-14.325287
2008-03-20,3804.05,4677.972,4804.625,-20.679839,-23.351271,-10.891714,-20.638501,-25.727923,-0.19637,-18.64802
2008-03-21,3796.58,4658.885333,4803.34245,-20.467556,-23.521136,-5.869596,-19.723608,-32.291074,-4.397642,-18.487955
2008-03-24,3626.19,4635.262833,4800.92515,-24.551039,-28.062613,-4.324724,-14.148189,-24.729115,0.09459,-14.657809
2008-03-25,3629.62,4610.726833,4799.06955,-23.925755,-27.92941,-8.640794,-10.179381,-27.374512,-0.470573,-14.738457
2008-03-26,3606.86,4583.6035,4798.75185,-23.964789,-28.551827,-7.451028,-0.662878,-25.214018,0.157478,-14.20044
2008-03-27,3411.49,4553.775333,4796.9738,-28.880749,-34.083611,1.013464,4.197918,-16.071231,5.893319,-9.286851
2008-03-28,3580.15,4526.222,4795.99295,-23.44829,-29.237607,0.542359,-2.98908,-21.005623,0.904711,-13.560326
2008-03-31,3472.71,4495.619,4793.9025,-25.81681,-32.240953,3.947586,1.4494,-23.390543,4.026538,-10.886023
2008-04-01,3329.16,4463.412333,4790.9826,-29.319355,-36.401551,2.513824,10.37489,-19.618647,10.932187,-7.043518
2008-04-02,3347.88,4431.330167,4787.7436,-28.037249,-35.773193,3.63286,11.636023,-23.316408,12.340048,-7.563294
2008-04-03,3446.24,4400.103167,4784.6141,-24.434421,-32.812159,1.344569,8.006235,-26.207152,9.133723,-10.201553
2008-04-07,3599.62,4370.737333,4781.7298,-19.410344,-28.397408,-8.791542,-0.570294,-28.626996,4.483529,-14.02787
2008-04-08,3612.54,4341.057333,4779.21645,-18.370682,-27.986548,-7.594344,1.218826,-30.237385,4.109851,-14.335343
2008-04-09,3413.91,4308.180333,4775.62165,-23.265736,-33.566589,-3.648449,5.68158,-20.095682,10.167228,-9.351155
2008-04-10,3471.74,4275.445833,4771.7136,-20.823248,-31.804958,-7.442398,4.374444,-20.971141,8.332133,-10.861124
2008-04-11,3492.89,4242.718333,4767.83045,-19.447471,-31.11619,-12.10482,1.909848,-17.895752,7.676165,-11.400874
2008-04-14,3296.67,4206.2515,4763.4072,-24.3659,-36.805034,-5.604828,10.384785,-13.670368,14.085122,-6.127395
2008-04-15,3348.35,4170.425667,4758.99485,-21.955042,-35.156879,-6.176707,8.277946,-15.882508,12.324279,-7.576269
2008-04-16,3291.6,4134.555833,4754.9956,-22.800614,-36.7822,-0.403962,9.626808,-13.418782,14.260846,-5.982805
2008-04-17,3222.74,4100.091333,4751.4039,-24.077732,-38.82082,10.597688,11.202326,-14.797886,16.702247,-3.973948
2008-04-18,3094.67,4065.808667,4747.0104,-27.293138,-42.783375,13.944705,10.670838,-13.425779,21.53186,0.720917
2008-04-21,3116.98,4031.4165,4742.2023,-25.725322,-41.963706,10.864932,12.844506,-14.92658,20.661987,0.988457
2008-04-22,3147.79,4001.972333,4738.37025,-24.00867,-40.899263,11.272865,10.194818,-12.483619,19.480969,4.147036
2008-04-23,3278.33,3980.615333,4735.6584,-19.410227,-36.778662,11.913478,5.771054,-13.601614,14.72335,5.027865
2008-04-24,3583.03,3961.948333,4734.3921,-10.05271,-27.864452,4.847873,-6.291756,-23.025215,4.967304,-6.097912
2008-04-25,3557.75,3942.615333,4732.68225,-10.271597,-28.536379,4.821781,-5.261152,-22.60816,5.713161,-5.43068
2008-04-28,3474.72,3921.165833,4730.975,-12.087512,-30.861741,2.961144,-0.45257,-17.726117,8.239225,-3.170903
2008-04-29,3523.41,3906.2345,4730.5127,-10.31446,-29.460432,3.717012,-3.52304,-20.682602,6.743467,-4.508984
2008-04-30,3693.11,3893.487333,4730.0715,-5.283632,-24.74714,-2.179486,-7.293246,-24.072079,1.838559,-8.896838
2008-05-05,3761.01,3882.54,4729.46045,-3.180204,-22.912359,-3.628719,-8.369644,-27.725978,-0.731452,-10.541583
2008-05-06,3733.5,3871.7085,4728.86285,-3.634975,-23.633863,-4.751817,-8.292172,-27.47153,-2.037498,-9.882416
2008-05-07,3579.15,3859.348167,4727.43,-7.537296,-27.825637,2.163537,-6.02393,-25.421517,2.187111,-5.996116
2008-05-08,3656.84,3842.426,4726.13425,-4.950455,-25.65082,-0.535224,-8.714662,-26.633018,0.016134,-8.34573
2008-05-09,3613.49,3825.989167,4724.6297,-5.714298,-26.811512,0.296779,-8.180086,-27.608131,1.215999,-7.854456
2008-05-12,3626.98,3811.5935,4723.655,-4.9647,-26.418252,-0.614515,-16.596411,-29.858038,0.839541,-15.292337
2008-05-13,3560.24,3795.058833,4721.97525,-6.387196,-28.239924,-3.34383,-16.316814,-26.942772,2.729872,-15.055165
2008-05-14,3657.43,3781.063833,4720.6121,-3.324469,-25.517776,-3.145107,-21.240625,-29.334595,-0.54984,-19.136388
2008-05-15,3637.32,3765.55,4719.234,-3.464679,-26.039935,-4.259834,-23.735332,-33.353812,-0.35988,-21.128743
2008-05-16,3624.23,3748.215667,4717.0609,-3.363805,-26.354406,-4.259716,-23.190227,-38.339536,-0.537218,-20.843876
2008-05-19,3604.76,3732.177833,4714.0179,-3.473674,-26.828541,-6.896394,-25.451254,-38.32327,-1.680278,-22.470567
2008-05-20,3443.16,3714.110833,4710.18205,-7.574965,-31.33369,-1.987286,-15.760259,-34.181298,2.934223,-18.831829
2008-05-21,3544.19,3700.3425,4706.28315,-4.311574,-28.358881,-2.432144,-25.411972,-37.450904,-1.652282,-22.440106
2008-05-22,3485.63,3688.560833,4701.979,-5.658756,-29.933468,-2.444993,-20.775744,-35.231183,-0.359763,-21.137068
2008-05-23,3473.09,3675.809333,4697.61765,-5.672865,-30.201081,-1.150823,-22.966185,-40.353354,-0.404539,-20.852325
2008-05-26,3364.54,3659.650833,4692.2365,-8.407649,-33.261808,2.769984,-18.259385,-36.123189,2.808705,-18.298787
2008-05-27,3375.41,3644.249167,4686.7584,-7.663356,-32.822437,1.790761,-15.007997,-29.095716,2.477625,-18.561893
2008-05-28,3459.03,3629.424,4682.55075,-4.808576,-30.285479,-2.610217,-17.563974,-35.238938,0.000289,-20.530611
2008-05-29,3401.44,3612.1435,4677.5193,-6.010249,-31.856903,-1.474611,-21.316903,-34.655334,1.6934,-19.198046
2008-05-30,3433.35,3597.1085,4671.8822,-4.659387,-30.802557,-3.066326,-22.700291,-35.251235,0.748249,-20.308154
2008-06-02,3459.04,3583.215,4666.03685,-3.526935,-29.931898,-11.855486,-26.582786,-38.654172,-0.654517,-23.342893
2008-06-03,3436.4,3567.805167,4659.9627,-3.75262,-30.458303,-12.776459,-25.921215,-38.33551,-1.934874,-22.837854
2008-06-04,3369.91,3552.295,4653.49645,-5.270784,-32.273282,-13.053158,-22.032771,-36.041114,-0.541854,-21.315406
2008-06-05,3351.65,3539.050833,4646.4842,-5.44058,-32.665809,-15.555894,-22.741549,-33.508046,-0.655796,-20.886727
2008-06-06,3329.67,3525.114,4639.3857,-5.703958,-33.170877,-14.713362,-17.597176,-35.909295,-7.728694,-20.364481
2008-06-10,3072.33,3508.484167,4630.64705,-13.274785,-41.026038,-9.469357,-8.749173,-28.740328,-1.565262,-13.694167
2008-06-11,3024.24,3492.7005,4621.4043,-14.40154,-42.40388,-2.787276,-3.488787,-28.394597,-2.205843,-12.321773
2008-06-12,2957.53,3475.948167,4611.84255,-16.151283,-44.4273,-7.316454,-2.814528,-26.131563,-0.555193,-10.344105
2008-06-13,2868.8,3460.094,4602.3593,-18.740193,-47.267524,-1.300246,-0.425122,-26.432345,2.520566,-7.57111
2008-06-16,2874.1,3446.847333,4593.44695,-18.172042,-46.889113,-4.035674,0.144636,-29.33369,2.331512,-7.741554
2008-06-17,2794.75,3430.733167,4582.89645,-20.503133,-49.458855,0.295475,-0.548959,-26.423953,5.236962,-5.122104
2008-06-18,2941.11,3416.350833,4572.82595,-14.978591,-44.134432,-1.235023,-8.336357,-31.296579,-0.699056,-9.843562
2008-06-19,2748.87,3398.889,4561.6699,-21.22587,-50.649884,5.415855,-2.359113,-27.931253,6.245475,-3.538545
2008-06-20,2831.74,3385.648167,4550.66615,-17.865401,-47.438227,-2.986152,-1.902694,-30.868214,3.136234,-6.36146
2008-06-23,2760.42,3371.1615,4538.9299,-19.98745,-49.730844,-0.884929,3.593516,-32.893807,5.800929,-3.942154
2008-06-24,2803.02,3357.764167,4527.1944,-18.057792,-47.9405,-5.553418,1.525926,-37.366975,4.192978,-5.402031
2008-06-25,2905.01,3349.322833,4515.746,-14.232135,-44.113357,-9.122458,-2.339011,-42.677482,0.534938,-8.723206
2008-06-26,2901.85,3338.017833,4504.7081,-14.00287,-43.977463,-7.079014,0.290427,-33.534394,0.644416,-8.623809
2008-06-27,2748.43,3325.9465,4492.61085,-19.072446,-49.140417,-2.899257,4.157341,-20.615794,6.262484,-3.523102
2008-06-30,2736.1,3316.062167,4480.1972,-19.224444,-49.313351,2.036789,5.921458,-21.739006,6.741347,-3.088337
2008-07-01,2651.6,3304.4575,4466.8499,-22.010908,-52.152021,5.978127,7.226453,-17.909401,10.142933,0.004903
2008-07-02,2651.73,3291.215667,4453.63835,-21.604474,-51.850911,9.65597,6.741857,-14.339068,10.137533,0.684836
2008-07-03,2703.53,3276.280833,4440.6024,-19.215056,-49.623172,6.165086,2.635185,-16.435721,8.027283,-1.244299
2008-07-04,2669.89,3260.57,4426.98355,-19.986475,-50.568116,6.760534,4.823193,-20.558809,9.388402,0.557701
2008-07-07,2792.4,3250.2115,4414.55965,-15.181863,-45.800665,3.02845,-1.830869,-25.779372,4.589242,-3.854032
2008-07-08,2814.95,3239.265,4401.85795,-14.040195,-44.708221,-1.269143,-4.512453,-29.67188,3.751399,-4.624238
2008-07-09,2920.55,3229.726,4390.89085,-10.062535,-40.776018,-7.634847,-7.137172,-34.201323,-0.351304,-8.072795
2008-07-10,2875.45,3222.705667,4379.40495,-11.401209,-42.070368,-6.86104,-5.279441,-36.277704,1.211636,-6.630962
2008-07-11,2856.63,3214.510333,4367.32015,-11.803243,-42.450697,-2.777818,-9.193358,-32.037085,1.878437,-8.783427
2008-07-14,2878.26,3207.621333,4355.15055,-10.83437,-41.417323,-0.586794,-15.293945,-35.541605,1.112825,-14.181832
2008-07-15,2779.45,3200.233167,4341.94085,-14.097061,-44.606838,2.37036,-12.323058,-33.177444,4.707406,-11.59402
2008-07-16,2705.87,3193.753167,4328.34415,-16.577328,-46.976157,4.762324,-10.084681,-34.835166,7.554687,-9.592848
2008-07-17,2684.78,3186.549833,4314.7917,-17.133999,-47.445026,8.065394,-9.679819,-32.974205,8.399571,-9.226082
2008-07-18,2778.37,3180.392833,4301.33325,-13.51403,-43.706061,3.073883,-12.552745,-34.179742,4.748108,-12.283821
2008-07-21,2861.42,3173.444333,4288.367,-10.349953,-40.4588,1.443012,-20.980686,-37.912381,1.707893,-18.925918
2008-07-22,2846.12,3161.1625,4275.17255,-10.498318,-40.68678,0.14711,-19.38973,-40.63052,2.254648,-18.490085
2008-07-23,2837.85,3149.164167,4262.2324,-10.409035,-40.674634,-0.041589,-11.748708,-41.413944,2.552637,-18.25255
2008-07-24,2910.29,3139.757,4250.09125,-7.589268,-37.868772,-4.734256,-17.965391,-45.86937,-0.250147,-20.287325
2008-07-25,2865.1,3128.785167,4237.36975,-8.804155,-39.133948,-2.233405,-17.495772,-50.833318,1.323165,-19.030051
2008-07-28,2903.01,3115.616833,4224.1233,-7.067902,-37.506361,-5.715537,-18.472402,-49.374086,-1.815357,-20.087426
2008-07-29,2850.31,3100.4385,4209.9111,-8.411579,-39.001377,-5.76078,-19.297839,-50.521394,-0.478544,-18.609906
2008-07-30,2836.67,3085.491333,4195.515,-8.408008,-39.138527,-4.223059,-19.156152,-47.526798,-1.228553,-18.218545
2008-07-31,2775.72,3072.100833,4180.5363,-10.145147,-40.952937,-1.74954,-16.643527,-47.348843,0.940297,-16.422766
2008-08-01,2801.82,3057.8505,4164.97925,-8.744301,-39.644209,-7.256018,-15.58969,-48.807865,-2.14432,-17.201319
2008-08-04,2741.74,3043.321333,4149.17165,-10.435671,-41.431596,-10.434627,-16.48125,-47.403107,-0.51646,-15.386944
2008-08-05,2690.75,3027.7175,4132.47495,-11.798907,-42.905652,-9.079747,-15.478701,-42.415963,1.368763,-14.34024
2008-08-06,2719.37,3013.703,4115.6115,-10.276932,-41.438719,-10.582356,-17.768639,-45.940241,0.301908,-16.279506
2008-08-07,2727.58,2998.2055,4099.068,-9.459917,-40.734486,-11.261417,-18.037594,-44.510841,-4.467697,-16.531504
2008-08-08,2605.72,2981.012167,4082.9702,-13.455387,-44.911569,-6.137206,-16.813865,-32.920704,-3.163809,-15.476337
2008-08-11,2470.07,2961.776167,4066.2303,-18.154265,-49.846986,-6.273534,-14.184381,-29.252088,2.15419,-13.224322
2008-08-12,2457.2,2942.650167,4050.17965,-18.02881,-49.973875,-4.696313,-13.551937,-27.892461,2.68924,-12.769819
2008-08-13,2446.3,2926.035833,4033.5442,-17.907187,-50.006876,3.098296,-12.875541,-23.829579,3.146793,-12.381147
2008-08-14,2437.08,2907.584,4016.51405,-17.652189,-49.961377,-0.220178,-15.892321,-20.445651,3.53702,-14.693814
2008-08-15,2450.61,2890.333667,4000.95515,-16.503498,-49.019615,-1.869144,-16.412775,-18.806475,2.965384,-15.164796
2008-08-18,2319.87,2871.113333,3984.60635,-21.318873,-54.092737,3.951296,-15.506638,-19.837913,8.768164,-14.364167
2008-08-19,2344.47,2854.112167,3967.5887,-19.670146,-52.609917,0.239001,-19.503171,-15.021511,7.626884,-17.719143
2008-08-20,2523.28,2839.91,3950.71915,-11.821272,-44.833798,-7.449033,-28.589763,-24.056561,-3.62861,-24.866047
2008-08-21,2431.72,2822.788167,3933.1039,-14.912628,-48.083008,-3.412393,-15.85943,-21.087498,-0.75461,-22.037077
2008-08-22,2405.23,2806.184667,3915.5586,-15.418026,-48.731247,-0.327323,-7.277363,-23.734021,0.338429,-21.178432
2008-08-25,2413.37,2789.185,3898.7364,-14.472533,-47.962839,-3.724386,-9.188062,-24.513005,-0.662973,-21.444287
2008-08-26,2350.08,2770.702333,3882.31455,-16.465147,-50.198214,-1.941642,-5.838014,-21.37119,2.012272,-19.328704
2008-08-27,2342.15,2752.464833,3866.34245,-16.14275,-50.123965,-2.835546,-1.924774,-19.985933,2.357663,-19.055569
2008-08-28,2350.14,2735.468667,3850.08425,-15.182788,-49.362013,-3.143607,-2.427379,-22.791634,2.009668,-19.330763
2008-08-29,2397.37,2719.564,3835.421,-12.609927,-46.99069,-8.480193,-9.792312,-23.535929,-3.012885,-20.920008
2008-09-01,2325.14,2702.821833,3820.469,-15.05161,-49.659294,-8.137757,-7.467253,-20.739392,-0.870915,-18.463404
2008-09-02,2304.89,2690.031167,3806.0548,-15.451983,-50.156021,-7.152983,-9.680725,-15.933208,-0.320623,-17.747051
2008-09-03,2276.67,2677.571667,3791.64755,-16.219644,-51.008679,-5.689258,-9.295513,-12.881695,0.914933,-16.727501
2008-09-04,2277.41,2666.236333,3775.97115,-15.762903,-50.561878,-9.116144,-12.960669,-12.060491,0.882142,-16.754559
2008-09-05,2202.45,2655.1305,3760.15705,-18.692343,-53.489035,-5.736115,-6.029862,-5.203796,4.315648,-13.921315
2008-09-08,2143.42,2642.9525,3744.2928,-20.949398,-55.783008,-7.595791,-6.063279,-5.056133,7.188512,-11.550699
2008-09-09,2145.78,2632.136333,3728.6726,-20.429269,-55.254918,-10.647547,-7.30245,-3.15584,7.070622,-11.647979
2008-09-10,2150.76,2618.963833,3712.9579,-19.695749,-54.600757,-12.615926,-11.874944,-5.695823,6.822705,-11.852554
2008-09-11,2078.98,2607.799,3697.28165,-22.662918,-57.572047,-0.187286,-7.402066,-6.189137,10.510924,-8.809128
2008-09-12,2079.67,2595.2645,3682.7592,-22.147921,-57.145303,7.266267,-5.214222,-5.703764,10.474258,-8.839383
2008-09-16,1986.64,2582.368167,3667.53175,-26.22621,-61.307412,10.269872,-1.425058,-0.587131,15.647525,-4.570531
2008-09-17,1929.05,2567.802,3652.38275,-28.602263,-63.835211,13.904157,-1.737619,2.446184,19.100075,-1.72261
2008-09-18,1895.84,2550.9825,3637.5564,-29.681657,-65.165013,19.215956,-1.075473,6.129956,21.186387,-1.069711
2008-09-19,2075.09,2537.203167,3623.9149,-20.105783,-55.755038,10.019659,-12.04455,-2.766968,10.718089,-11.34746
2008-09-22,2236.41,2528.6695,3610.0803,-12.282137,-47.885811,-2.842272,-26.060183,-11.786353,2.73161,-22.941232
2008-09-23,2201.51,2519.759667,3596.72895,-13.502004,-49.088132,-2.003577,-21.713622,-14.875383,4.360189,-21.719638
2008-09-24,2216.81,2512.513167,3583.46995,-12.521429,-48.026237,-5.784352,-25.385541,-17.345181,3.639915,-22.419603
2008-09-25,2297.5,2506.609333,3570.378,-8.71094,-44.08499,-10.206285,-26.445873,-21.532868,-0.161915,-25.144287
2008-09-26,2293.78,2499.780167,3556.63365,-8.600168,-43.861338,-13.676897,-28.277937,-21.419419,-5.233283,-25.022888
2008-10-06,2173.74,2491.511,3542.327,-13.644017,-48.833467,-4.717743,-23.425863,-16.100412,-0.731458,-20.884282
2008-10-07,2157.84,2480.935,3527.6574,-13.952778,-49.15263,-6.733782,-23.454604,-16.320285,-3.041004,-20.907018
2008-10-08,2092.22,2468.8895,3512.3089,-16.554275,-51.804792,-4.774708,-17.256536,-13.894425,-0.843124,-18.426361
2008-10-09,2074.58,2454.79,3496.8064,-16.828249,-52.209137,-8.26869,-18.876089,-9.810404,-0.048685,-17.732746
2008-10-10,2000.57,2440.208667,3481.33155,-19.865141,-55.398271,-3.557541,-13.512578,-3.221432,3.64896,-14.689314
2008-10-13,2073.57,2427.157667,3466.9092,-15.744913,-51.399172,-4.920475,-10.076977,-7.486021,-2.712713,-17.692675
2008-10-14,2017.32,2412.808667,3451.95625,-17.902159,-53.71712,-2.957571,-9.004429,-7.146668,-1.122777,-15.397656
2008-10-15,1994.67,2399.729,3437.5458,-18.487719,-54.427916,-5.082716,-7.038074,-4.607011,-1.03576,-14.436975
2008-10-16,1909.94,2386.4635,3422.91465,-22.274074,-58.34206,-1.816455,0.920907,-0.503375,3.354556,-10.641172
2008-10-17,1930.65,2373.894667,3407.859,-20.667519,-56.82275,-4.829771,2.848736,-3.547006,2.8897,-11.59972
2008-10-20,1974.01,2360.488667,3392.51135,-17.880165,-54.150345,-13.579694,2.820521,-2.313267,2.860674,-13.541471
2008-10-21,1958.53,2345.4405,3376.7951,-18.027904,-54.473287,-10.018692,-2.906218,-1.975964,3.673674,-12.858113
2008-10-22,1895.82,2329.602167,3360.1029,-20.604605,-57.232014,-9.743764,6.219279,3.045224,7.102995,-9.975631
2008-10-23,1875.56,2313.564,3343.4748,-20.988191,-57.810334,-6.154444,5.608675,5.755259,8.259933,-9.003178
2008-10-24,1839.62,2295.7195,3326.50615,-22.148727,-59.236352,-6.213729,6.816482,8.063881,10.374969,-7.225405
2008-10-27,1723.35,2276.690333,3308.57845,-27.845271,-65.224855,-0.207951,9.603525,14.135892,17.821685,-0.966142
2008-10-28,1771.82,2257.837167,3291.12975,-24.240008,-61.922363,-3.744559,6.388679,12.361186,14.598548,-3.675317
2008-10-29,1719.81,2238.9955,3273.36475,-26.381351,-64.360461,2.344652,9.852365,14.625242,18.064205,-0.762294
2008-10-30,1763.61,2221.111167,3255.5835,-23.064475,-61.300868,-2.636501,8.384714,13.160735,15.13203,-3.226904
2008-10-31,1728.79,2203.662333,3237.4196,-24.269893,-62.735485,1.088462,7.913682,17.567737,17.450934,-1.277772
2008-11-03,1719.77,2185.628167,3219.05175,-23.971272,-62.689627,8.631143,9.682245,20.343047,18.066951,-0.759985
2008-11-04,1706.7,2168.3775,3200.6526,-23.941751,-62.879305,7.716392,10.182465,20.643236,18.971114,0.645691
2008-11-05,1760.61,2152.875167,3182.2766,-20.11439,-59.193651,5.443754,11.004054,21.423318,15.32821,-2.436087
2008-11-06,1717.72,2136.181,3163.5825,-21.802183,-61.070726,11.528306,15.289907,25.862874,18.207857,1.745919
2008-11-07,1747.71,2119.849833,3144.89765,-19.303889,-58.747499,12.803773,14.412757,25.933904,16.179458,5.48718
2008-11-10,1874.8,2107.667833,3126.78215,-11.708006,-51.150242,7.977023,10.903043,18.722559,11.519629,-1.663644
2008-11-11,1843.61,2097.226833,3108.78125,-12.889031,-52.250516,3.140641,10.011574,19.835536,13.406306,0.840742
2008-11-12,1859.11,2087.258667,3091.62375,-11.575368,-50.859856,8.174637,11.184685,22.180977,12.460801,0.64816
2008-11-13,1927.61,2078.613833,3075.50365,-7.542035,-46.718778,2.871314,5.258214,21.475721,8.464368,-2.928497
2008-11-14,1986.44,2071.103167,3059.5333,-4.17373,-43.19183,-0.862024,-1.635807,15.498169,5.252109,-5.803347
2008-11-17,2030.48,2064.101,3045.1135,-1.642256,-40.526596,-6.79669,-3.310064,8.465695,2.969249,-7.846421
2008-11-18,1902.43,2057.143667,3031.8269,-7.818643,-46.603336,-0.723796,3.744145,15.758174,9.89997,-1.643687
2008-11-19,2017.47,2051.693667,3018.399,-1.682138,-40.288231,-6.110678,-2.035476,11.417522,3.633263,-7.252152
2008-11-20,1983.76,2042.701667,3004.72915,-2.927924,-41.51934,-3.378405,1.596753,15.042498,5.394302,-5.67609
2008-11-21,1969.39,2034.996167,2990.76765,-3.277009,-41.780624,-5.116529,2.461099,11.102892,6.16333,-4.987839
2008-11-24,1897.06,2026.526667,2978.1565,-6.601801,-45.099917,-0.129231,4.670306,15.113395,10.211063,-1.36527
2008-11-25,1888.71,2017.782333,2965.31035,-6.6105,-45.108764,0.049228,0.44956,11.611148,10.698307,-0.929206
2008-11-26,1897.88,2010.245667,2952.7105,-5.751946,-44.198609,3.49634,-1.812006,9.299967,10.163446,-1.795688
2008-11-27,1917.86,2003.174167,2940.38285,-4.352302,-42.732981,4.268692,-3.471709,8.760344,9.015778,-3.412136
2008-11-28,1871.16,1995.191167,2928.1348,-6.418131,-44.780707,7.587537,-1.055164,10.168063,11.73657,-1.049616
2008-12-01,1894.61,1986.811833,2914.247,-4.751825,-43.059845,9.851941,-2.356795,14.858489,10.353582,-2.329239
2008-12-02,1889.64,1979.5535,2900.6967,-4.648498,-42.856461,7.545502,-3.048147,16.160723,10.643826,-3.002159
2008-12-03,1965.41,1973.8955,2888.07015,-0.430813,-38.488764,5.624385,-7.641942,10.957415,6.378313,-7.357244
2008-12-04,2001.5,1969.309333,2875.31605,1.621401,-36.22657,1.496614,-6.224222,5.692939,4.460155,-9.027729
2008-12-05,2018.66,1964.996833,2862.9237,2.694329,-34.940945,-3.244791,-4.12161,6.701204,3.572172,-9.801056
2008-12-08,2090.77,1963.1355,2850.5368,6.298948,-30.997491,-6.236084,-8.312087,2.281536,-0.557211,-12.911989
2008-12-09,2037.74,1961.374167,2837.40405,3.819602,-33.104822,-3.126789,-8.153813,4.610057,2.030681,-10.645617
2008-12-10,2079.12,1960.263167,2824.9645,5.886599,-30.655107,-5.045523,-8.753621,2.36372,-2.281735,-12.424006
2008-12-11,2031.68,1958.2785,2812.487,3.679727,-32.520611,-0.790147,-6.682496,5.813387,-0.650693,-10.379095
2008-12-12,1954.21,1956.199,2800.4066,-0.101728,-35.97786,3.234882,-4.759934,12.676864,3.287774,-6.826288
2008-12-15,1964.37,1954.277333,2789.2658,0.515111,-35.060682,1.183679,-1.823724,12.401438,2.753555,-7.308196
2008-12-16,1975.01,1954.0835,2777.94995,1.065218,-34.113977,-4.01838,-2.813891,13.733678,2.199989,-7.807555
2008-12-17,1976.82,1954.879667,2766.1638,1.116085,-33.597196,-5.887208,-1.138579,14.316391,2.106413,-7.891968
2008-12-18,2015.69,1956.877167,2754.7447,2.961165,-31.23632,-8.446868,-1.45017,14.29649,0.137422,-9.668153
2008-12-19,2018.46,1955.933333,2743.0943,3.146736,-30.675175,-8.632792,-1.213701,14.714064,-1.206365,-9.792119
2008-12-22,1987.76,1951.789167,2730.84175,1.82619,-31.760152,-7.156331,-0.137939,14.222007,0.319455,-8.398901
2008-12-23,1897.22,1946.717667,2718.6506,-2.575505,-35.9746,-3.448479,5.522947,21.899204,5.678308,-4.027472
2008-12-24,1863.8,1940.834167,2706.50635,-4.050045,-37.304122,-2.333596,6.584883,24.214421,7.573237,-2.306578
2008-12-25,1852.42,1933.416167,2693.9635,-4.279558,-37.452064,1.516179,8.24773,24.133787,8.597402,-1.706416
2008-12-26,1851.52,1926.045167,2681.7185,-3.946184,-37.04509,4.52109,10.709219,24.823655,11.303686,-1.658637
2008-12-29,1850.48,1920.6575,2670.2394,-3.722251,-36.672307,3.896648,13.017596,26.335977,13.902879,-1.603368
2008-12-30,1832.91,1915.242,2658.57455,-4.393912,-37.188523,2.439836,13.508918,28.004624,14.994735,-0.660152
2008-12-31,1820.81,1910.7185,2647.328,-4.819789,-37.426937,4.512706,18.061207,28.439517,19.795036,2.337421
2009-01-05,1880.72,1907.4875,2636.8753,-1.413225,-33.793994,1.03834,16.797189,26.000724,18.290336,-0.922519
2009-01-06,1937.15,1906.4305,2626.7477,1.598518,-30.452864,-3.883114,15.642758,19.208625,16.932607,-3.808688
2009-01-07,1924.01,1903.937833,2617.2675,1.048726,-30.771928,0.252279,16.131603,21.263852,17.731197,-3.151751
2009-01-08,1878.18,1901.618833,2608.3139,-1.240232,-32.840077,2.213133,17.977774,26.342692,20.603989,-0.788529
2009-01-09,1904.86,1900.122,2599.0302,0.249042,-31.072986,2.569519,19.749913,27.734726,21.8352,-2.178113
2009-01-12,1900.35,1899.962167,2589.5117,0.020411,-30.943125,4.442179,22.900002,28.506598,25.734207,-1.945957
2009-01-13,1863.37,1898.840833,2579.84565,-1.885694,-32.53429,6.781116,21.89391,30.822502,28.229498,3.050387
2009-01-14,1928.87,1898.0885,2571.35905,1.608701,-28.750023,2.869465,13.599483,27.291604,23.875119,-0.448968
2009-01-15,1920.21,1897.449833,2562.812,1.192376,-28.867054,4.318457,14.827921,26.543094,24.433786,1.782618
2009-01-16,1954.44,1898.426833,2554.5499,2.907815,-26.777234,1.836253,14.591576,26.891087,22.254457,1.564643
2009-01-19,1986.67,1900.278667,2547.4258,4.445933,-24.862349,1.251032,14.895914,24.406113,20.271107,-0.083054
2009-01-20,1994.11,1902.8535,2539.4956,4.684323,-24.176764,3.290127,9.855494,21.051214,19.822377,-0.455842
2009-01-21,1985.02,1907.214667,2532.05715,3.99851,-24.340309,5.999204,10.581028,21.613676,20.371079,0.284128
2009-01-22,2004.95,1911.100167,2525.4361,4.794004,-23.079464,4.537492,5.638641,19.989323,19.174543,-0.712736
2009-01-23,1990.66,1915.614333,2518.65,3.842787,-23.52568,9.142728,4.527091,18.922918,20.03004,1.055931
2009-02-02,2011.68,1919.748833,2511.4772,4.677583,-22.190091,10.065638,3.984323,17.709836,18.775849,2.442237
2009-02-03,2060.81,1925.2825,2503.78315,6.80264,-19.470374,9.454629,0.514008,18.038598,15.944216,0.515331
2009-02-04,2107.75,1931.748833,2496.2592,8.71953,-16.917226,7.010655,4.197687,16.165721,13.362116,-1.723165
2009-02-05,2098.02,1938.270833,2489.67975,7.919779,-17.116004,6.908692,5.699952,19.897806,13.887856,-1.267385
2009-02-06,2181.24,1945.281333,2483.22725,11.448691,-12.96655,6.201412,0.538151,16.297682,9.542737,-5.034292
2009-02-09,2224.71,1953.731167,2476.88635,12.988561,-10.73757,7.141153,-4.880028,15.300381,7.402313,-6.889887
2009-02-10,2265.16,1962.355333,2471.7288,14.349994,-8.727243,2.368038,-4.819943,13.68848,5.484381,-8.552597
2009-02-11,2260.82,1968.789,2466.29115,13.830895,-8.698788,-2.279841,-5.53798,14.960091,5.686875,-8.377049
2009-02-12,2248.09,1975.530333,2461.0736,12.924408,-9.051671,-0.936721,-5.213905,13.761153,6.285336,-7.858226
2009-02-13,2320.79,1983.225,2456.56385,15.718334,-5.685592,-2.588818,-8.632572,12.056796,2.95589,-10.744617
2009-02-16,2389.39,1990.921333,2453.03745,18.244059,-2.628893,-3.561909,-10.40412,10.870431,-2.927525,-13.307162
2009-02-17,2319.44,1996.471333,2449.04975,14.994449,-5.437431,-5.257301,-4.457112,12.941147,-0.588935,-10.692667
2009-02-18,2209.86,1999.461,2444.3601,10.005152,-10.085421,-0.148989,0.62568,17.984019,4.340546,-6.264198
2009-02-19,2227.13,2004.872667,2439.1041,10.513321,-9.091704,-4.870822,1.719648,17.489439,3.531451,-6.99106
2009-02-20,2261.48,2008.9395,2432.49635,11.84125,-7.289857,-8.228232,0.863393,16.855775,1.958894,-8.403789
2009-02-23,2305.78,2014.3065,2426.2365,13.514405,-5.092228,-9.660559,0.850746,13.967256,0.854375,-10.163589
2009-02-24,2200.65,2018.160833,2419.86615,8.656615,-9.495946,-6.051358,6.072272,17.083497,6.260423,-5.871901
2009-02-25,2206.57,2023.319333,2413.28195,8.669988,-8.954835,-0.384137,3.778917,16.314867,5.975337,-6.124437
2009-02-26,2121.25,2027.195,2405.42265,4.535247,-12.572009,4.598803,10.737616,20.734852,11.335298,-2.348615
2009-02-27,2082.85,2030.277833,2397.03185,2.55645,-14.049409,5.153788,13.102447,21.736845,13.999568,-0.548287
2009-03-02,2093.45,2033.204333,2388.8316,2.920038,-13.199095,1.201287,11.901734,22.928387,13.422341,-1.051852
2009-03-03,2071.43,2036.542167,2381.293,1.698584,-13.940443,4.120678,13.600428,27.286317,14.628059,2.284412
2009-03-04,2198.11,2041.6005,2373.99935,7.386384,-7.697812,-2.725012,9.120693,21.461361,9.549568,-3.610374
2009-03-05,2221.08,2047.1245,2367.0373,8.155744,-6.364552,-4.005165,8.795754,22.395004,9.194176,-4.607218
2009-03-06,2193.01,2050.917833,2359.86745,6.698761,-7.333042,-2.96931,9.84016,23.25754,10.591835,-3.386213
2009-03-09,2118.75,2052.872,2352.66,3.15865,-10.472031,1.617061,14.083563,26.218817,15.12354,0.476696
2009-03-10,2158.57,2055.203833,2345.1657,4.907093,-8.291009,2.73087,8.385811,24.88019,12.99981,-1.376837
2009-03-11,2139.02,2056.008,2337.6742,3.958154,-8.880872,3.883819,10.670229,26.493726,14.032594,-0.475451
2009-03-12,2133.88,2057.610333,2330.22245,3.639664,-8.802182,5.996832,13.578823,27.746429,14.543929,-0.235721
2009-03-13,2128.85,2058.439167,2322.8429,3.363392,-8.72099,6.907147,16.617384,27.307989,18.077835,1.148038
2009-03-16,2153.29,2060.466,2316.39355,4.406473,-7.301457,7.692956,16.010715,24.233234,17.363662,3.020494
2009-03-17,2218.33,2064.868,2309.76425,7.168836,-4.03908,5.272083,13.385704,22.912563,14.322937,0.243426
2009-03-18,2223.73,2069.190667,2303.45475,7.202842,-3.52241,3.004248,13.066442,22.183228,14.04532,1.890068
2009-03-19,2265.76,2074.0365,2297.4181,8.841353,-1.387568,4.147146,9.995525,21.531694,11.929772,0.676594
2009-03-20,2281.09,2079.107667,2292.00085,9.27146,-0.477177,4.010822,11.436118,22.403308,12.115699,0.458553
2009-03-23,2325.48,2084.270833,2286.7512,10.95074,1.679435,1.39043,8.659453,21.403395,9.975575,-1.459054
2009-03-24,2338.42,2089.6035,2281.14815,11.250115,2.47966,1.476798,5.123449,21.395857,9.367008,-2.004345
2009-03-25,2291.55,2094.666667,2275.5987,8.983401,0.698526,4.957639,7.253731,23.296188,11.603936,2.436779
2009-03-26,2361.7,2102.408,2270.24045,11.629834,3.949595,2.656941,3.613065,21.298928,8.288944,-0.605919
2009-03-27,2374.44,2110.918667,2264.81745,11.763838,4.726746,1.891501,1.29338,20.854995,7.707923,-1.139216
2009-03-30,2358.04,2119.345667,2259.42565,10.672337,4.272012,3.383115,1.823779,21.656055,8.457024,-0.451646
2009-03-31,2373.21,2128.0405,2254.44215,10.904187,5.134091,-1.09394,3.924162,22.610477,7.763746,-1.087978
2009-04-01,2408.02,2137.332833,2249.724,11.924612,6.799729,-1.175477,2.847341,20.61682,6.205929,-2.517836
2009-04-02,2425.29,2147.205833,2245.2021,12.178372,7.715557,0.777904,5.4021,21.537417,5.550676,-3.211987
2009-04-03,2419.78,2157.188667,2241.93935,11.48708,7.633535,3.807914,5.919372,23.481999,6.098075,-2.991594
2009-04-07,2439.18,2166.496333,2239.01405,11.855065,8.56263,3.544214,6.096846,23.598153,6.286539,-3.76315
2009-04-08,2347.39,2173.333667,2235.96335,7.704183,4.863191,7.730762,10.122612,28.60246,10.652682,1.38409
2009-04-09,2379.88,2180.9315,2233.51875,8.729799,6.347181,6.280032,9.827842,26.094302,10.326991,0.905928
2009-04-10,2444.23,2190.365667,2231.3694,10.966164,9.111467,2.413535,5.396235,23.144942,7.422378,-1.750654
2009-04-13,2513.7,2200.513,2229.96415,13.306526,11.977026,1.725881,4.071983,21.704791,4.453594,-4.465927
2009-04-14,2527.18,2210.960167,2227.8945,13.367717,12.604709,0.341694,5.263836,20.878154,5.404839,-4.975506
2009-04-15,2536.06,2222.171667,2226.83045,13.212675,13.003244,-2.990172,4.012555,19.44997,5.035764,-5.308234
2009-04-16,2534.13,2232.259333,2225.3424,12.683616,12.993959,-2.808463,4.291898,21.601438,5.11576,-5.236117
2009-04-17,2503.94,2241.988167,2224.06,11.050244,11.853114,-2.235314,5.774266,24.170078,6.38314,-4.093549
2009-04-20,2557.46,2252.0385,2222.8322,12.717877,14.023243,-6.131916,4.556264,21.904203,4.661656,-6.100584
2009-04-21,2535.83,2261.191167,2220.9863,11.462926,13.256962,-5.445244,4.457057,22.941841,5.554394,-5.299645
2009-04-22,2461.35,2268.9785,2218.7838,8.138025,10.375077,0.277511,5.887776,28.313767,8.748451,-2.43403
2009-04-23,2463.95,2276.960667,2217.3614,7.892424,10.544782,0.551249,5.282219,26.550468,8.633698,-2.536983
2009-04-24,2448.59,2284.354667,2215.92385,6.942879,9.984294,4.445975,6.38417,29.738232,9.315157,-1.925598
2009-04-27,2405.35,2291.266167,2214.6926,4.859085,8.258181,6.517492,7.341018,32.482332,11.280271,-0.162554
2009-04-28,2401.44,2297.762167,2213.44115,4.413288,8.152017,7.656182,9.202874,33.96154,11.461456,2.779582
2009-04-29,2468.19,2304.551833,2212.26445,6.859886,10.946846,5.104511,9.761727,33.059297,10.254073,0.380036
2009-04-30,2477.57,2310.7155,2211.30285,6.972102,11.369637,5.805024,9.493327,32.771928,9.958548,3.323418
2009-05-04,2559.91,2318.413667,2210.1404,9.908891,14.691606,0.772039,8.19715,24.372554,8.542488,0.290245
2009-05-05,2567.34,2324.848667,2208.90235,9.92154,15.037463,1.960526,7.498009,25.756421,8.228361,0.48338
2009-05-06,2592.52,2330.978833,2207.2622,10.63421,16.087745,2.711204,6.038408,27.468584,7.177187,-0.492571
2009-05-07,2597.45,2336.517,2205.8722,10.586884,16.340721,1.620706,6.371767,28.748667,6.973763,-0.681438
2009-05-08,2625.65,2342.5975,2204.7173,11.406813,17.472919,0.744087,5.995655,27.924101,6.179041,-1.748139
2009-05-11,2579.75,2348.125167,2203.22475,9.407529,15.777041,2.791565,8.771372,28.443035,9.167555,0.341894
2009-05-12,2618.17,2353.0815,2202.41835,10.674985,17.291959,2.210162,6.618622,24.837251,7.56559,-1.130561
2009-05-13,2663.77,2357.6545,2202.20785,12.207514,19.028199,-0.465084,2.958683,20.219642,5.724218,-2.823067
2009-05-14,2639.89,2362.995333,2201.9834,11.080723,18.137875,-1.114951,5.514304,20.78439,6.680581,-1.94402
2009-05-15,2645.26,2370.252,2201.31785,10.977308,18.371316,-1.818142,4.824889,21.04077,6.464015,-2.143079
2009-05-18,2652.78,2377.346167,2200.27465,10.962334,18.702595,-1.625409,5.761904,15.98888,6.162215,-2.42048
2009-05-19,2676.68,2384.266167,2199.42745,11.568583,19.638014,-3.347162,6.410926,15.982391,6.620889,-3.291764
2009-05-20,2651.41,2390.026667,2198.49525,10.378705,18.731842,-0.699428,8.286884,13.905608,8.639931,-2.37006
2009-05-21,2610.62,2396.8595,2196.9969,8.54284,17.249636,4.151462,10.384632,9.494378,10.942994,-0.844627
2009-05-22,2597.6,2403.376667,2195.6594,7.771325,16.810553,4.762357,10.760238,11.38675,11.499076,-0.347629
2009-05-25,2610.01,2411.522667,2194.1944,7.909569,17.353909,6.258955,11.301692,6.510206,11.965088,-0.821453
2009-05-26,2588.57,2419.951333,2192.8857,6.735817,16.588725,6.674483,12.220597,11.759029,12.998683,1.713687
2009-05-27,2632.93,2428.942667,2191.867,8.064125,18.33436,4.491716,10.629402,11.735208,11.214882,3.355577
2009-06-01,2721.28,2439.7735,2191.5948,10.919715,21.647286,1.71455,8.924588,9.531753,9.334945,0.110977
2009-06-02,2724.3,2448.543333,2191.2072,10.671822,21.775889,2.307352,8.276151,6.793271,9.213743,0.714312
2009-06-03,2778.59,2457.835167,2191.39145,12.266266,23.74069,1.346261,7.938167,6.580657,8.261744,-1.253513
2009-06-04,2767.24,2467.405667,2191.7739,11.468317,23.313922,1.081138,10.064618,6.273365,10.588529,-0.848499
2009-06-05,2753.89,2477.991333,2191.9465,10.556617,22.82245,-0.368522,11.462899,3.80484,12.145728,-0.367843
2009-06-08,2768.34,2488.154167,2192.1503,10.670673,23.336493,0.763243,12.108082,-3.701244,12.871613,-0.887897
2009-06-09,2787.89,2498.968667,2193.06115,10.940692,23.998668,-0.426679,10.270804,-3.808115,12.080104,-1.582918
2009-06-10,2816.25,2510.3415,2194.79205,11.498741,24.931891,-0.217903,8.977335,-3.662531,10.951443,-2.57399
2009-06-11,2797.32,2521.482667,2196.49265,10.381473,24.179998,2.002466,11.014187,1.690828,11.702272,-1.91469
2009-06-12,2743.76,2531.323833,2197.97995,8.058682,22.179051,4.863118,12.655635,4.205516,13.882774,1.175759
2009-06-15,2789.55,2540.844167,2199.7423,9.338392,23.754008,3.755377,9.923111,3.229881,12.013407,-0.485024
2009-06-16,2776.02,2550.049,2201.36935,8.490567,23.193865,4.117207,12.484652,5.414798,13.297455,1.228377
2009-06-17,2810.12,2559.121667,2203.8206,9.356309,24.30347,3.914379,12.633908,4.730938,13.466685,1.557941
2009-06-18,2853.9,2568.6685,2206.36775,10.529881,25.733887,2.462509,10.937013,2.456697,11.726059,0.931707
2009-06-19,2880.49,2577.918667,2208.1538,11.097806,26.580364,1.64309,10.197899,3.724273,10.736021,0.423886
2009-06-22,2896.3,2587.216667,2210.4767,11.285141,27.022587,2.691417,12.041358,4.405207,12.796326,-0.124297
2009-06-23,2892.7,2597.235833,2212.91405,10.774258,26.78801,2.278271,10.508012,4.760256,12.936703,1.023265
2009-06-24,2922.3,2606.579167,2215.4587,11.433228,27.691151,2.895429,12.052369,2.614464,12.808747,0.094104
2009-06-25,2925.05,2615.756,2218.33355,11.175842,27.655531,4.518504,12.920717,4.518831,13.792585,0.108032
2009-06-26,2928.21,2625.258833,2221.26385,10.921182,27.631498,5.325213,14.129265,1.169957,15.176166,1.06379
2009-06-29,2975.31,2635.293833,2224.3897,12.135355,29.086565,4.898044,14.372982,-0.279352,15.457213,-0.536079
2009-06-30,2959.36,2644.482833,2227.19965,11.249751,28.422799,4.302005,15.002449,-2.110748,16.18627,1.648667
2009-07-01,3008.15,2654.197167,2230.6147,12.518305,29.904807,2.385429,8.237237,-5.656393,14.301813,1.731962
2009-07-02,3060.25,2664.871667,2234.3915,13.834071,31.452768,2.030707,8.193794,-6.993278,12.355853,0.663671
2009-07-03,3088.37,2675.6915,2238.45,14.343559,32.185978,0.824215,9.967277,-8.424793,11.332839,-0.252884
2009-07-06,3124.67,2688.646167,2242.6863,15.029089,33.165429,-1.421728,10.268819,-12.282345,10.814582,-1.411669
2009-07-07,3089.45,2700.472333,2247.1213,13.456639,31.834311,1.787168,11.657641,-11.474262,12.364337,-0.287753
2009-07-08,3080.77,2711.081333,2251.80805,12.783199,31.344609,3.43867,10.694328,-10.29337,12.680921,-0.006816
2009-07-09,3123.03,2721.236833,2256.6943,13.771719,32.490264,1.925292,7.204443,-7.005971,11.156153,-1.359897
2009-07-10,3113.93,2731.016,2261.51015,13.121189,31.98528,2.405381,4.605324,-7.308012,11.48099,-1.071636
2009-07-13,3080.56,2740.091,2266.51805,11.712027,30.686664,5.873625,5.346975,-4.799858,12.688602,2.097021
2009-07-14,3145.16,2750.274833,2271.8455,13.416392,32.527227,2.140567,3.73123,-5.712438,10.374035,1.226647
2009-07-15,3188.55,2761.685,2277.85505,14.372527,33.633204,3.33284,-2.406933,-6.771344,8.872058,-2.378197
2009-07-16,3183.74,2772.123,2284.1285,13.844315,33.207206,4.446214,-1.365548,-6.726482,9.036542,-2.23071
2009-07-17,3189.74,2783.0215,2290.598,13.64022,33.112649,5.574455,-4.579175,-4.865113,8.831441,-4.475913
2009-07-20,3266.92,2796.447667,2296.55715,15.549772,35.243653,5.023041,-12.931613,-5.747429,6.260331,-12.130386
2009-07-21,3213.21,2808.935333,2301.44115,13.446491,33.373492,6.772708,-9.8815,-4.540071,8.036512,-10.661613
2009-07-22,3296.61,2823.069,2306.91665,15.507008,35.698282,-0.919702,-16.843856,-7.729089,5.303327,-15.501682
2009-07-23,3328.49,2838.454667,2312.47505,15.925898,36.420035,-0.20842,-13.382286,-6.858758,4.29474,-16.311
2009-07-24,3372.6,2854.640667,2317.85055,16.673799,37.504369,1.163225,-13.023459,-8.119951,2.930677,-17.405562
2009-07-27,3435.21,2870.757667,2323.5577,17.950207,39.097856,0.79388,-13.765817,-12.83379,1.054666,-18.910925
2009-07-28,3438.37,2886.771,2329.88085,17.485895,38.918039,0.957197,-16.48533,-12.599605,0.961793,-18.98545
2009-07-29,3266.43,2898.546333,2335.4238,11.94883,33.550427,4.84252,-9.594747,-9.834961,6.276271,-14.720964
2009-07-30,3321.56,2911.116667,2341.5705,13.189781,34.961269,1.041356,-11.985047,-10.320655,4.512338,-16.136394
2009-07-31,3412.06,2924.775667,2348.2579,15.409843,37.364248,-4.537739,-17.625336,-10.347487,1.740298,-18.360756
2009-08-03,3462.59,2939.194667,2355.568,16.388124,38.523498,-6.343572,-26.078144,-10.603493,0.255589,-22.955071
2009-08-04,3471.44,2953.291167,2362.55735,16.16493,38.482484,-6.139243,-25.73656,-10.400305,-1.236951,-23.151488
2009-08-05,3428.5,2967.437,2369.61325,14.442423,36.939609,-9.662591,-23.334194,-8.31185,-2.105002,-22.189004
2009-08-06,3356.33,2979.739667,2376.42155,11.901218,34.525231,-6.644699,-16.527802,-5.899842,-2.729171,-20.515861
2009-08-07,3260.69,2989.688333,2383.1753,8.676968,31.350507,-6.779118,-13.055443,-2.644854,0.1239,-18.184495
2009-08-10,3249.76,2999.852833,2389.77085,8.001792,30.738366,-12.404963,-12.040204,-2.213715,0.460649,-17.909323
2009-08-11,3264.73,3010.177333,2396.22445,8.117807,30.928271,-11.472162,-10.801083,-2.780959,-3.803377,-18.285739
2009-08-12,3112.72,3017.843,2401.9954,3.09546,25.919713,-11.104083,-5.496037,1.916481,0.894395,-14.295214
2009-08-13,3140.56,3025.574333,2408.2191,3.730019,26.551362,-7.570524,-7.114767,1.488284,-2.980042,-15.054958
2009-08-14,3046.97,3032.167,2414.07615,0.487011,23.283099,-2.869828,-1.89445,7.218548,-1.757155,-12.445807
2009-08-17,2870.63,3036.5005,2419.2312,-5.617418,17.108171,4.188837,5.295461,13.419261,5.438179,-7.067438
2009-08-18,2910.88,3041.721833,2425.16885,-4.396831,18.255429,0.168878,4.133744,12.644534,4.220373,-8.352457
2009-08-19,2785.58,3044.648,2430.23765,-8.892918,13.646706,6.329407,7.405951,17.569239,8.908378,-4.229999
2009-08-20,2911.58,3050.0315,2436.1965,-4.645603,17.825788,1.18882,4.980399,12.775369,5.106506,-8.374491
2009-08-21,2960.77,3055.4955,2442.1823,-3.14924,19.255734,-3.438652,0.064152,12.012016,3.360275,-9.89675
2009-08-24,2993.43,3060.031333,2448.5055,-2.200527,20.094205,-11.518447,-0.886518,7.405715,2.232556,-10.879827
2009-08-25,2915.8,3063.223,2454.48565,-4.93234,17.2227,-8.294033,-0.627867,12.079501,4.954386,-8.507099
2009-08-26,2967.59,3066.373,2460.7901,-3.274525,18.72677,-8.896927,-4.298884,6.629051,3.122736,-10.103822
2009-08-27,2946.4,3069.359,2466.71905,-4.088466,17.769514,-3.501399,-3.202025,4.961085,3.864377,-9.457304
2009-08-28,2860.69,3071.139,2472.4339,-7.098565,14.58598,0.032155,-0.766734,11.061813,6.976289,-6.744527
2009-08-31,2667.75,3069.4625,2477.0341,-14.026704,7.41735,7.694369,3.526981,19.290478,14.713148,0.598632
2009-09-01,2683.72,3067.726333,2481.0787,-13.373279,7.851047,8.796234,2.604657,19.750964,14.030525,1.164428
2009-09-02,2714.97,3066.038333,2485.4355,-12.160538,8.833301,8.175567,2.346497,18.436553,12.718004,1.457475
2009-09-03,2845.02,3066.833333,2490.36505,-7.507544,13.314079,2.768336,2.317387,15.350272,7.5655,-3.180294
2009-09-04,2861.61,3068.7975,2495.03505,-6.990139,13.708163,4.381875,1.142107,15.215831,6.941896,-3.7416
2009-09-07,2881.12,3070.323667,2499.50845,-6.360388,14.208501,4.930703,1.893372,13.473073,6.217721,-4.39343
2009-09-08,2930.48,3072.898,2504.00845,-4.745486,15.72734,3.462665,1.357416,10.027437,4.428626,-6.003795
2009-09-09,2946.26,3075.167,2509.2276,-4.282264,16.056159,1.797905,1.131626,9.942834,3.869312,-6.507233
2009-09-10,2924.88,3076.35,2513.76465,-5.049038,15.147196,4.524643,1.753833,10.457659,4.628566,-5.823829
2009-09-11,2989.79,3078.171667,2518.7948,-2.913266,17.142262,-0.911226,1.608512,9.959772,2.357022,-7.868446
2009-09-14,3026.74,3080.345667,2524.08155,-1.755569,18.160888,-1.993142,1.888723,7.866684,1.906672,-8.993174
2009-09-15,3033.73,3082.696167,2529.7649,-1.601171,18.166651,-4.592733,1.207684,7.04639,1.671869,-9.202862
2009-09-16,2999.71,3083.986333,2535.3199,-2.770741,16.819579,-5.375428,1.708816,5.807623,2.82494,-8.173123
2009-09-17,3060.26,3086.239833,2541.1318,-0.845359,18.589031,-6.993605,1.543129,1.737287,1.555097,-9.990001
2009-09-18,2962.67,3086.814167,2546.35585,-4.104866,15.142763,-4.269537,4.839356,5.269358,4.958365,-7.025082
2009-09-21,2967.01,3086.675833,2551.8351,-3.954002,15.074196,-7.104948,1.818545,2.775736,4.804837,-7.161081
2009-09-22,2897.55,3085.645667,2556.8498,-6.289538,12.50896,-5.061509,4.513591,5.904252,7.317216,-4.935549
2009-09-23,2842.72,3082.8885,2561.6152,-8.110564,10.412334,-2.251547,4.05867,10.372307,9.387136,-3.101959
2009-09-24,2853.55,3079.4435,2566.0559,-7.618507,10.619378,2.018014,4.866416,9.608881,8.971982,-3.469713
2009-09-25,2838.84,3075.284667,2570.2426,-8.000195,9.939523,1.940996,8.044582,11.624288,9.536642,-2.969523
2009-09-28,2763.52,3069.2655,2573.9669,-10.493305,7.105698,6.060759,11.94767,15.031384,12.690699,-0.324948
2009-09-29,2754.54,3063.683667,2577.28575,-10.636755,6.651365,7.548993,12.731598,16.927396,13.577585,0.903599
2009-09-30,2779.43,3058.661333,2580.9942,-9.573148,7.40712,6.960696,12.675847,16.472522,13.514282,4.139338
2009-10-09,2911.72,3055.1395,2585.1572,-4.808128,11.895765,2.204782,8.310572,10.798918,8.665668,-0.59209
2009-10-12,2894.48,3051.482,2589.4712,-5.28219,11.135179,4.84828,9.268482,12.570236,9.711589,1.441019
2009-10-13,2936.19,3049.075833,2594.3811,-3.772572,12.376483,4.926054,7.933117,10.283979,8.256278,0.826922
2009-10-14,2970.53,3046.165333,2599.4119,-2.514314,13.345516,3.312934,6.662709,7.215162,7.004811,-0.33866
2009-10-15,2979.79,3042.686,2604.4358,-2.088785,13.463676,2.375095,6.280893,7.00472,6.672282,-0.648368
2009-10-16,2976.63,3039.234167,2609.43485,-2.081378,13.165812,4.313938,6.849218,7.633548,7.089225,-0.542896
2009-10-19,3038.27,3036.709667,2614.54775,0.051369,15.019714,2.319618,7.504486,7.471504,7.793251,-2.560668
2009-10-20,3084.45,3033.6685,2619.8777,1.660075,16.324572,-2.06332,6.235077,2.819699,6.433562,-4.019517
2009-10-21,3070.59,3031.2915,2625.29185,1.288096,15.667765,-1.286826,7.303105,4.612869,7.576394,-3.586281
2009-10-22,3051.41,3027.204833,2631.0628,0.796408,14.821591,-3.025574,8.454472,5.506557,8.822151,-2.980262
2009-10-23,3107.85,3023.5275,2637.28305,2.750697,16.418193,-3.670317,6.251841,4.07467,6.84589,-4.742185
2009-10-26,3109.57,3019.143667,2643.5688,2.951122,16.235463,-1.064311,7.108508,4.3207,7.367257,-4.794875
2009-10-27,3021.46,3012.247833,2649.4185,0.305357,13.139998,3.024177,6.473687,4.224942,10.498236,-2.018561
2009-10-28,3031.33,3005.463833,2655.32275,0.856956,13.243526,3.156497,8.193777,4.120974,10.138454,-2.337588
2009-10-29,2960.47,3000.3645,2660.96055,-1.338574,10.666087,6.36563,6.869265,5.523438,12.774661,1.195081
2009-10-30,2995.85,2994.936,2666.83575,0.030514,11.633534,5.462169,3.296693,3.236926,11.442829,2.697064
2009-11-02,3076.65,2989.345833,2672.8154,2.878676,14.070897,3.164895,3.783964,-1.878652,8.516081,0.637382
2009-11-03,3114.23,2983.539833,2678.7008,4.287147,15.065003,2.046206,3.815827,-4.184297,7.206597,-0.577029
2009-11-04,3128.54,2977.824833,2684.72345,4.937333,15.298872,1.480103,4.414709,-4.39094,6.716232,-1.031791
2009-11-05,3155.05,2973.267333,2691.1078,5.934288,15.905141,0.565741,3.414209,-5.396844,5.819559,-1.863362
2009-11-06,3164.04,2970.0625,2697.4037,6.32667,15.955997,0.743428,4.722313,-7.297763,5.518894,-2.142198
2009-11-09,3175.58,2968.644,2703.77985,6.738501,16.083955,3.084284,4.805242,-7.888165,5.13544,-2.497811
2009-11-10,3178.61,2967.458167,2710.35605,6.873824,15.936398,3.228014,3.646584,-5.655585,5.03522,-2.590755
2009-11-11,3175.19,2965.965833,2716.58765,6.816475,15.599092,3.95333,2.007313,-5.831974,5.148353,-2.485835
2009-11-12,3172.95,2966.969667,2722.85135,6.712064,15.298213,4.548675,2.530315,-7.645628,5.222585,-2.416994
2009-11-13,3187.65,2967.7545,2729.0174,7.147836,15.534235,3.716561,1.854607,-8.251859,4.737346,-2.867002
2009-11-16,3275.05,2971.555833,2735.4593,9.724747,18.003378,1.923639,0.846773,-10.492126,1.94226,-5.459153
2009-11-17,3282.89,2978.426833,2741.9032,9.732888,18.007185,-1.82471,-0.257116,-9.596226,1.698808,-5.68493
2009-11-18,3303.23,2984.966,2748.49425,10.131242,18.384756,-0.396154,-1.464399,-10.113354,1.072587,-6.265685
2009-11-19,3320.61,2993.883167,2755.07255,10.357724,18.670472,-4.610781,-4.355665,-9.551107,0.543575,-6.756289
2009-11-20,3308.35,3000.496,2761.661,9.767197,18.061727,-6.625464,-6.057683,-9.67046,0.916167,-6.410749
2009-11-23,3338.66,3006.794167,2768.2959,10.469508,18.73376,-4.388855,-6.678506,-11.278418,-0.202476,-7.260398
2009-11-24,3223.53,3010.629167,2774.1095,6.832795,15.014724,0.366317,-5.516496,-6.449861,3.361842,-5.367098
2009-11-25,3290.17,3016.868667,2780.0216,8.671981,16.848054,-0.622571,-6.803116,-7.232173,1.268324,-7.283818
2009-11-26,3170.98,3020.2585,2785.3864,4.869826,12.965408,2.910574,-0.555628,-3.826323,5.074772,-3.798826
2009-11-27,3096.26,3022.756167,2789.9615,2.402588,10.416714,6.887789,1.445771,-0.272311,7.610472,-1.477266
2009-11-30,3195.3,3028.333,2794.81445,5.366868,13.391526,4.186173,-0.204258,-3.89909,4.275029,-4.53103
2009-12-01,3235.36,3037.793167,2799.66545,6.300888,14.464028,1.876963,-0.732113,-4.37063,2.983903,-5.71312
2009-12-02,3269.75,3047.560333,2804.7101,7.037215,15.341335,-0.927292,-0.218911,-7.834143,1.900757,-6.704794
2009-12-03,3264.63,3056.721333,2809.7928,6.580355,15.003569,-0.318153,0.382466,-7.423404,2.06057,-6.558477
2009-12-04,3317.04,3064.588333,2814.77405,7.915957,16.419083,-2.124278,-2.233967,-8.287277,0.44799,-8.034874
2009-12-07,3331.9,3072.4265,2819.4866,8.107507,16.69879,-0.874184,-1.503488,-8.214532,-0.870374,-8.445031
2009-12-08,3296.66,3079.352167,2824.3727,6.81906,15.462355,-0.675686,-1.295722,-7.811913,0.189282,-7.466345
2009-12-09,3239.57,3084.503667,2829.52125,4.904985,13.533308,0.481618,-1.454859,-5.987943,1.954889,-5.835651
2009-12-10,3254.26,3089.637,2834.6569,5.19113,13.8044,-2.337306,-1.806488,-7.689258,1.494656,-6.260717
2009-12-11,3247.32,3095.011,2839.5861,4.803858,13.417174,-4.195729,-1.070277,-8.693411,1.711565,-6.060382
2009-12-14,3302.9,3100.2295,2844.5717,6.332473,14.938836,-5.60164,-0.879755,-9.85781,-0.627328,-7.641164
2009-12-15,3274.46,3104.358167,2849.94075,5.334599,13.885477,-7.08409,-3.158262,-7.085401,0.235764,-6.83899
2009-12-16,3255.21,3108.0495,2855.18395,4.626143,13.112052,-5.734872,-1.225837,-6.639799,0.828518,-6.288074
2009-12-17,3179.08,3111.039,2860.4731,2.163509,10.560482,-0.810744,1.40775,-3.564745,3.243077,-4.043937
2009-12-18,3113.89,3111.932833,2865.6283,0.062873,8.308512,0.87799,3.880512,-1.270444,5.404494,-2.035075
2009-12-21,3122.97,3114.6045,2870.7759,0.268229,8.420213,2.085393,3.890698,-2.261718,5.098032,-2.319907
2009-12-22,3050.52,3115.996333,2875.67135,-2.123688,5.902591,5.150701,3.267751,0.205982,7.594115,0.762493
2009-12-23,3073.78,3118.9335,2880.0497,-1.458304,6.510052,5.961635,2.730313,-1.79228,6.779926,2.198271
2009-12-24,3153.41,3124.111667,2884.71135,0.933443,8.905956,3.848668,-0.790198,-3.0161,4.083516,-0.787084
2009-12-25,3141.35,3128.908333,2889.45305,0.396848,8.358542,3.208051,-1.505539,-0.560243,4.483104,-1.494262
2009-12-28,3188.78,3134.740667,2894.8032,1.709195,9.672127,2.886944,-5.458357,-1.909433,2.92902,-5.312063
2009-12-29,3211.76,3142.211333,2900.06915,2.189228,10.208449,1.313354,-7.268011,-3.248578,2.192567,-7.010175
2009-12-30,3262.6,3150.679,2905.68705,3.490644,11.585456,-2.163241,-8.586738,-3.594135,0.600135,-8.459204
2009-12-31,3277.14,3158.974167,2911.40335,3.672375,11.833588,-2.507106,-9.193519,-3.704484,0.153793,-8.865352
2010-01-04,3243.76,3164.508167,2916.9779,2.47355,10.618504,-0.960588,-9.786109,-2.657893,1.184428,-9.322515
2010-01-05,3282.18,3170.969833,2922.62235,3.447035,11.602656,-0.250452,-11.189919,-4.167062,-0.250139,-10.586561
2010-01-06,3254.22,3176.270333,2927.8018,2.424496,10.570071,-2.538226,-8.006447,-4.253316,0.606904,-9.818328
2010-01-07,3192.78,3179.9745,2932.64705,0.401883,8.498657,0.710641,-6.384428,-1.496684,2.542925,-8.082925
2010-01-08,3196,3183.578,2937.29825,0.389431,8.440983,0.876932,-8.369455,-2.110347,2.439612,-8.175532
2010-01-11,3212.75,3187.513333,2941.95655,0.788617,8.805241,0.75506,-9.036189,-1.615975,1.905533,-8.654268
2010-01-12,3273.97,3191.441667,2946.699,2.553057,10.531776,-0.831186,-10.459144,-3.34775,-0.827741,-10.362343
2010-01-13,3172.66,3192.911833,2950.8702,-0.636295,7.247024,-0.658077,-6.180848,-0.242678,2.339047,-7.500016
2010-01-14,3215.55,3195.327833,2955.4902,0.630873,8.433389,-1.778721,-7.423118,-2.686957,0.974017,-8.733809
2010-01-15,3224.15,3198.206833,2959.80245,0.807906,8.554682,-3.008693,-6.603192,-7.864538,0.704682,-8.97725
2010-01-18,3237.1,3200.361,2964.11575,1.141425,8.809911,-4.508061,-7.493289,-8.29123,0.301813,-9.341386
2010-01-19,3246.87,3202.649333,2968.5599,1.371307,8.96145,-7.263663,-8.490611,-6.804691,-2.710611,-9.614182
2010-01-20,3151.85,3204.8225,2972.4531,-1.666712,5.860201,-5.385062,-4.201116,-4.955064,0.222409,-6.889287
2010-01-21,3158.86,3206.948,2976.2073,-1.51085,5.956143,-5.355416,-3.159369,-5.710069,-0.958257,-7.095914
2010-01-22,3128.59,3209.75,2979.7238,-2.561063,4.875181,-4.554652,-2.480497,-5.218884,-1.092505,-6.197041
2010-01-25,3094.41,3211.392667,2983.09695,-3.710744,3.663525,-5.07252,-0.212544,-6.215577,-0.212318,-5.160919
2010-01-26,3019.39,3210.438333,2985.998,-6.135266,1.112079,-2.844618,1.763525,-4.02303,2.267014,-2.80454
2010-01-27,2986.61,3208.311333,2989.1941,-7.160577,-0.086485,0.574918,3.629494,-4.037412,3.696164,-1.737756
2010-01-28,2994.14,3206.071333,2992.2654,-6.838926,0.062629,0.039069,0.971506,-4.213249,3.435377,-1.984877
2010-01-29,2989.29,3203.308667,2994.9907,-6.914833,-0.190523,-1.683042,1.387649,-5.28952,3.603197,-1.825852
2010-02-01,2941.36,3199.597333,2997.129,-8.415291,-1.878277,-0.210669,3.732799,-2.904743,5.29143,-0.226086
2010-02-02,2934.71,3195.582833,2999.16665,-8.516085,-2.172583,0.480323,4.478875,-6.876022,5.530018,0.015674
2010-02-03,3003.83,3192.669833,3001.5055,-6.096936,0.077414,-0.712627,1.490257,-11.094936,3.101707,-2.285749
2010-02-04,2995.31,3189.671833,3003.8114,-6.287031,-0.283422,-0.32805,1.851344,-10.425532,3.394974,-2.007806
2010-02-05,2939.4,3185.779333,3005.9887,-8.049147,-2.240105,2.643196,2.486685,-10.456324,5.361638,-0.143907
2010-02-08,2935.17,3181.571333,3007.87725,-8.060983,-2.446922,2.297961,1.413055,-10.005333,5.51348,0.465731
2010-02-09,2948.84,3176.1345,3009.9423,-7.425302,-2.050904,1.137347,1.48109,-8.427506,5.024349,0.952917
2010-02-10,2982.5,3171.128,3012.54805,-6.132549,-1.002437,1.321655,2.253708,-10.075903,3.839061,-0.186421
2010-02-11,2985.5,3165.8325,3015.1558,-5.864882,-0.988427,2.485027,2.009156,-15.378732,3.734718,-0.286719
2010-02-12,3018.13,3160.791167,3018.0035,-4.618493,0.004191,1.114002,1.630696,-15.11357,2.613208,-1.364752
2010-02-22,3003.4,3155.708667,3020.99375,-4.946811,-0.584085,2.772684,2.342333,-14.893302,3.116468,-0.881002
2010-02-23,2982.57,3149.773833,3023.8994,-5.454531,-1.376185,2.990473,2.338195,-15.436528,3.836624,-0.188763
2010-02-24,3022.18,3146.418,3026.66935,-4.028624,-0.148437,2.445548,1.139346,-15.682562,2.475696,-1.496933
2010-02-25,3060.62,3142.592167,3029.5846,-2.643048,1.0192,-1.224541,-1.363224,-13.525896,1.188648,-2.734087
2010-02-26,3051.94,3140.608167,3032.04475,-2.863901,0.654023,-0.686506,0.254595,-15.159982,1.476438,-2.457453
2010-03-01,3087.84,3140.467833,3034.64725,-1.689996,1.737663,-1.127177,1.157839,-16.209001,1.164568,-3.591507
2010-03-02,3073.11,3138.431333,3037.0502,-2.103302,1.180336,-0.129269,1.785399,-14.589897,1.801432,-3.129403
2010-03-03,3097,3136.125333,3039.54795,-1.255417,1.87251,-1.564319,0.389939,-15.369927,1.016145,-3.876655
2010-03-04,3023.37,3132.019,3041.53655,-3.530574,-0.599073,0.918907,4.021097,-15.388446,4.103037,-1.535704
2010-03-05,3031.06,3128.126167,3043.7931,-3.152176,-0.419207,-0.584007,4.101386,-16.567598,4.186654,-1.785514
2010-03-08,3053.23,3123.729333,3045.9684,-2.282754,0.238117,-2.530412,3.395417,-17.174177,3.45372,-2.498665
2010-03-09,3069.14,3119.35,3047.99525,-1.622725,0.691331,-2.517462,2.543982,-18.426144,2.91743,-3.004099
2010-03-10,3048.93,3115.221167,3050.04045,-2.150944,-0.036414,0.050825,2.262875,-17.72905,3.599623,-2.361156
2010-03-11,3051.28,3112.083,3052.07055,-1.97311,-0.025905,-0.170237,3.0364,-19.458942,3.519834,-2.436355
2010-03-12,3013.41,3108.068833,3053.8737,-3.092925,-1.333852,1.787207,3.772423,-18.121711,4.820784,-1.210257
2010-03-15,2976.94,3103.5625,3055.375,-4.165472,-2.600641,3.227238,6.007159,-14.160765,6.191257,0.534105
2010-03-16,2992.84,3098.394833,3057.08215,-3.466141,-2.123815,1.994452,5.630304,-15.520821,5.791823,0.880101
2010-03-17,3050.48,3094.661833,3059.28145,-1.437968,-0.288111,0.207293,3.684462,-17.14164,3.792846,-1.026068
2010-03-18,3046.09,3091.1765,3061.5239,-1.469296,-0.5054,-0.887353,2.727005,-17.375389,3.942431,-0.883428
2010-03-19,3067.75,3089.321,3063.8126,-0.700693,0.128431,-0.262099,-2.892043,-19.937959,3.20854,-2.850623
2010-03-22,3074.58,3088.665833,3066.24265,-0.457092,0.271539,1.58819,-3.140274,-17.297482,2.979269,-3.091479
2010-03-23,3053.13,3087.501833,3068.34365,-1.1195,-0.497059,2.437677,-0.652275,-16.501147,3.702757,-2.410641
2010-03-24,3056.81,3087.606667,3070.0213,-1.002436,-0.431261,1.696141,-1.893295,-17.351657,3.577913,-2.528126
2010-03-25,3019.18,3086.696667,3071.4957,-2.211621,-1.717937,4.15978,-1.187476,-16.234476,4.868872,-1.31327
2010-03-26,3059.72,3085.135167,3072.90135,-0.827206,-0.429877,3.160284,-2.992982,-18.112478,3.479403,-2.948636
2010-03-29,3123.8,3084.842667,3074.68415,1.254955,1.584803,1.110401,-7.160872,-20.874612,1.356681,-6.910494
2010-03-30,3128.47,3083.8375,3076.55705,1.43693,1.673294,0.629315,-7.571954,-25.386754,1.205382,-7.292383
2010-03-31,3109.1,3082.1265,3078.26085,0.871351,0.996852,0.308616,-8.056845,-25.954396,1.835901,-7.740825
2010-04-01,3147.42,3080.206833,3080.0585,2.158632,2.163448,-0.06579,-9.205852,-28.209524,0.596044,-8.864086
2010-04-02,3157.96,3078.2205,3081.76705,2.557458,2.44231,-0.912969,-10.778555,-28.160802,0.260295,-10.217989
2010-04-06,3158.68,3076.8025,3083.57385,2.626331,2.406495,0.08133,-10.032959,-28.982027,0.237441,-10.238454
2010-04-07,3148.22,3074.569833,3085.59615,2.367221,2.009233,0.56886,-13.898879,-26.745116,0.570481,-12.976221
2010-04-08,3118.71,3072.311333,3087.24195,1.49893,1.014134,1.472412,-14.848067,-25.318921,1.522104,-13.798333
2010-04-09,3145.35,3071.520833,3089.0886,2.375235,1.804908,-0.479633,-15.313276,-26.416377,0.662247,-14.528431
2010-04-12,3129.26,3070.4085,3090.6843,1.898594,1.240403,-4.877259,-16.715432,-23.6206,1.179832,-15.393096
2010-04-13,3161.25,3069.550167,3092.22105,2.943649,2.20779,-5.920195,-17.425548,-23.839569,0.155951,-16.249268
2010-04-14,3166.18,3067.753667,3093.6495,3.158022,2.317435,-4.288127,-15.5389,-25.631943,-0.038216,-16.379675
2010-04-15,3164.97,3067.6255,3094.99285,3.123977,2.235798,-5.370464,-16.014073,-24.77473,-1.095429,-16.347706
2010-04-16,3130.3,3066.204667,3096.18085,2.068831,1.095948,-4.801833,-20.114893,-25.558602,-3.099383,-18.220937
2010-04-19,2980.3,3062.1405,3096.47085,-2.709021,-3.823906,-0.363038,-13.852223,-20.649352,1.777673,-14.104956
2010-04-20,2979.53,3057.847667,3096.74325,-2.594572,-3.858542,-2.432408,-14.095361,-18.535549,1.803976,-14.082758
2010-04-21,3033.28,3054.287833,3097.2686,-0.690191,-2.087608,-4.482002,-17.122448,-18.192734,-1.114305,-15.73676
2010-04-22,2999.48,3051.748333,3097.38945,-1.727571,-3.21207,-4.46741,-14.928613,-16.809147,-0.531425,-14.78723
2010-04-23,2983.54,3048.826333,3097.51035,-2.164619,-3.748816,-3.858596,-10.975196,-15.216229,-0.470582,-14.331968
2010-04-26,2969.5,3046.174833,3097.3171,-2.549306,-4.21427,-4.625289,-12.421596,-14.369812,-2.073413,-13.926924
2010-04-27,2907.93,3043.066833,3096.5555,-4.542435,-6.284888,-1.761686,-10.205968,-11.629339,-0.261354,-12.104487
2010-04-28,2900.33,3041.0825,3095.6153,-4.738901,-6.516217,-5.69761,-8.803341,-11.883131,-1.024711,-11.874166
2010-04-29,2868.43,3039.112833,3094.3341,-5.78008,-7.580789,-6.482606,-7.703021,-8.539033,0.076,-10.894113
2010-04-30,2870.61,3037.054,3093.2399,-5.636342,-7.46945,-6.173214,-10.20369,-8.06746,-0.46889,-10.961782
2010-05-04,2835.28,3034.487167,3092.01245,-6.790174,-8.668146,-6.849846,-9.890428,-7.23092,0.771352,-9.85229
2010-05-05,2857.15,3033.083667,3090.68305,-5.975519,-7.856749,-7.311259,-10.536635,-6.680278,-4.11074,-10.542324
2010-05-06,2739.7,3029.8335,3088.8119,-10.065924,-11.993809,-1.071162,-7.071247,-4.200591,-1.065445,-6.827025
2010-05-07,2688.38,3024.576,3086.851,-11.783213,-13.82127,0.306406,-5.143857,-1.872063,0.823172,-5.048393
2010-05-10,2698.76,3019.6335,3084.619,-11.234306,-13.363574,-5.281249,-7.182065,-2.932806,0.435385,-6.93022
2010-05-11,2647.57,3014.769667,3081.9141,-12.988119,-15.190863,-2.01405,-5.178702,0.407844,2.377274,-5.130743
2010-05-12,2655.71,3010.112,3079.27395,-12.526525,-14.79818,-2.590008,-2.742376,0.631355,2.063478,-5.421526
2010-05-13,2710.51,3006.139833,3076.8778,-10.352,-12.677857,-5.871675,-5.612225,-4.344625,-0.512081,-7.333675
2010-05-14,2696.63,3001.375333,3074.02635,-10.706778,-13.098537,-4.285004,-4.812029,-3.361094,-0.860704,-6.856706
2010-05-17,2559.93,2994.2825,3070.75995,-15.672472,-18.194516,4.337864,0.0125,0.605601,4.433324,-1.882864
2010-05-18,2594.78,2987.226667,3067.2508,-14.084369,-16.727992,1.06759,-3.193694,0.458332,3.0307,-3.200657
2010-05-19,2587.81,2980.300167,3063.5474,-14.121206,-16.876157,1.456984,-0.061847,2.815682,3.308203,-2.939938
2010-05-20,2555.94,2973.189667,3059.4641,-15.121528,-17.981971,3.837105,1.273576,4.436603,4.596352,-1.729696
2010-05-21,2583.52,2965.878667,3055.20565,-13.802052,-16.76941,2.758182,-0.52975,3.153893,3.479749,-2.778767
2010-05-24,2673.42,2959.425333,3051.3809,-10.163655,-13.223569,-3.08709,-4.071804,0.543143,-0.654592,-6.048058
2010-05-25,2622.63,2952.270167,3048.1619,-11.839679,-15.036112,-2.094122,-2.6979,0.74759,1.269337,-4.22858
2010-05-26,2625.79,2944.569333,3044.68305,-11.458077,-14.8015,-2.092353,-3.507772,0.515845,1.147464,-4.343836
2010-05-27,2655.92,2937.616167,3040.90235,-10.080731,-13.536319,-3.965516,-9.011458,-0.21145,-0.005648,-8.617353
2010-05-28,2655.77,2930.262333,3036.86825,-9.835732,-13.409217,-3.923442,-10.194529,-2.253944,-2.395539,-9.692104
2010-05-31,2592.15,2923.075333,3032.4718,-12.014861,-15.689042,-3.151589,-8.799981,0.436136,-0.133094,-8.423895
2010-06-01,2568.28,2915.362333,3028.1707,-12.67577,-16.472229,-2.138119,-7.491818,1.639729,0.795085,-7.572772
2010-06-02,2571.42,2907.332167,3024.24615,-12.27776,-16.220358,0.483,-8.412433,3.110463,0.672002,-8.068305
2010-06-03,2552.66,2898.724167,3020.706,-12.713474,-16.835463,0.387861,-5.77499,3.318832,1.411861,-7.392681
2010-06-04,2553.59,2890.4685,3017.22515,-12.391839,-16.683737,0.638234,-5.326997,2.677274,1.374927,-7.426408
2010-06-07,2511.73,2881.476,3013.46015,-13.73309,-18.211721,1.913315,-3.921036,5.576664,3.064422,-5.883594
2010-06-08,2513.95,2873.151667,3010.4663,-13.355435,-18.023976,-0.029042,-1.726467,5.473632,2.973408,-5.966706
2010-06-09,2583.87,2866.6005,3007.68285,-10.383856,-15.188169,0.090521,-3.671645,4.257364,0.186929,-8.511264
2010-06-10,2562.58,2859.4295,3005.2609,-10.960757,-15.934982,1.014126,-4.480818,5.162962,1.019285,-7.751173
2010-06-11,2569.94,2851.4205,3003.75745,-10.393474,-15.598144,-0.002724,-3.948628,4.762325,0.729978,-8.015362
2010-06-17,2560.25,2843.323167,3002.0043,-10.486859,-15.917526,0.25356,-5.456209,3.684809,1.11122,-7.66722
2010-06-18,2513.22,2834.081,3000.6425,-12.015292,-17.726163,1.563383,-3.603435,5.796736,3.003318,-5.939392
2010-06-21,2586.21,2825.9415,2999.01565,-8.86481,-14.809063,-1.98894,-4.37834,3.872298,0.09628,-8.594043
2010-06-22,2588.7,2818.201,2997.1553,-8.494292,-14.650779,-6.447929,-2.343862,3.783504,-0.727392,-8.681964
2010-06-23,2569.87,2810.085333,2995.0375,-8.935954,-15.310144,-6.906597,-1.350784,3.164728,-0.121407,-8.012857
2010-06-24,2566.75,2802.544833,2993.29225,-8.788737,-15.373336,-7.815267,-0.169229,1.382049,-0.169085,-7.901042
2010-06-25,2552.82,2794.0965,2991.2184,-9.031017,-15.848217,-6.88804,0.749684,1.780884,0.752501,-7.398485
2010-06-28,2535.28,2784.287833,2989.1628,-9.368804,-16.468926,-6.997014,2.084401,2.08556,2.106276,-6.757833
2010-06-29,2427.05,2772.5975,2986.9946,-13.310808,-20.75912,-0.729047,5.931669,6.557962,6.659525,-2.599864
2010-06-30,2398.37,2760.752,2985.6477,-14.071377,-21.902737,0.94409,9.358517,9.142235,9.810413,-1.435141
2010-07-01,2373.79,2747.858167,2984.09805,-14.633393,-22.880971,1.727356,10.936212,9.53795,11.556625,-0.414527
2010-07-02,2382.9,2734.9405,2982.4377,-13.779145,-22.442275,3.627232,10.151327,9.129249,11.130136,-0.795249
2010-07-05,2363.95,2721.695,2980.03235,-14.09209,-23.160021,5.223788,12.26879,11.635926,13.053153,1.923476
2010-07-06,2409.42,2709.381667,2977.7714,-11.733439,-21.178911,1.682033,8.645646,12.811191,10.91964,0.237817
2010-07-07,2421.12,2697.755167,2975.4714,-10.818976,-20.617224,2.016603,8.598791,14.786468,10.383624,-0.24658
2010-07-08,2415.15,2685.585167,2972.89475,-10.613725,-20.777474,0.378143,8.170296,16.253901,10.656481,0.377616
2010-07-09,2470.92,2674.612833,2970.51805,-7.921408,-18.414581,-1.90601,7.313013,14.670649,8.158904,-1.887961
2010-07-12,2490.72,2663.437333,2968.34725,-6.704569,-17.543349,-0.616175,7.045376,14.509346,7.299496,-2.667903
2010-07-13,2450.29,2651.505833,2965.64975,-7.892133,-19.088976,3.151082,5.748417,19.274606,9.069947,-1.061915
2010-07-14,2470.44,2639.930333,2962.86825,-6.635626,-18.176153,2.59512,5.399564,17.918021,8.180324,-1.868898
2010-07-15,2424.3,2628.163667,2959.8211,-8.074255,-19.9586,5.54054,6.04931,21.368594,10.239244,-0.001237
2010-07-16,2424.27,2618.8965,2956.9439,-7.72226,-19.862582,5.916502,7.255461,21.439764,10.240609,2.109913
2010-07-19,2475.42,2610.494667,2954.0197,-5.312965,-17.675677,4.473801,7.255869,18.669708,7.962689,2.153574
2010-07-20,2528.73,2602.0855,2951.85,-2.859604,-15.471489,1.827601,5.506889,16.254028,5.686649,0.263373
2010-07-21,2535.39,2594.350667,2949.6919,-2.298879,-15.135325,3.802704,5.034427,18.525958,5.40903,1.065714
2010-07-22,2562.41,2587.331833,2948.0162,-0.967894,-14.018425,3.290173,4.784176,17.141574,4.900465,0.375428
2010-07-23,2572.03,2580.707333,2946.66275,-0.336805,-13.597779,2.513603,2.695806,15.2933,4.508112,0.129859
2010-07-26,2588.68,2575.3865,2945.3384,0.514847,-12.907562,3.187375,1.939216,14.49878,3.835932,-0.514162
2010-07-27,2575.37,2569.9705,2944.02105,0.209879,-13.378314,1.98493,2.86834,14.553739,4.372576,0.004271
2010-07-28,2633.66,2566.057667,2943.37175,2.600377,-11.118126,0.184364,-1.417932,14.808424,2.062529,-2.209093
2010-07-29,2648.12,2562.3495,2942.83965,3.292534,-10.552503,-1.03856,-1.700094,13.979215,1.505219,-2.743078
2010-07-30,2637.5,2559.053167,2942.13,3.019417,-10.930231,0.788918,-1.019779,13.90578,1.913934,-2.351469
2010-08-02,2672.52,2555.976,2940.934,4.45877,-9.570537,0.000374,-0.745894,14.415846,0.57848,-3.63103
2010-08-03,2627,2554.097667,2939.5966,2.814351,-11.242985,-1.215195,0.448176,17.503074,2.321279,-1.961172
2010-08-04,2638.52,2553.266667,2938.10825,3.284457,-10.754777,-1.182625,-0.59452,18.01988,1.874536,-2.389218
2010-08-05,2620.76,2551.966667,2936.3594,2.660005,-11.370616,-1.742843,1.327404,17.916482,2.564905,-1.727743
2010-08-06,2658.39,2552.147,2934.7524,4.078571,-9.890241,-1.963562,-0.112914,15.862404,1.11308,-3.118805
2010-08-09,2672.53,2552.427333,2933.2319,4.598079,-9.307926,-0.405682,0.883633,16.365915,0.887549,-3.63139
2010-08-10,2595.27,2550.506667,2931.0169,1.739853,-12.165887,2.909553,3.895362,14.005658,3.972226,-0.762541
2010-08-11,2607.5,2549.021167,2928.63215,2.268248,-11.614356,2.229984,3.31139,14.501221,3.484564,-1.227996
2010-08-12,2575.48,2549.280333,2926.1566,1.022483,-12.76539,4.275406,3.091708,11.679028,4.771149,0.819265
2010-08-13,2606.7,2549.479,2923.93305,2.219603,-11.484459,1.356848,2.144711,8.531751,3.516323,-0.38823
2010-08-16,2661.71,2550.710667,2921.70235,4.259676,-9.319767,-0.842852,0.994769,7.375663,1.376934,-2.446923
2010-08-17,2671.89,2552.643167,2919.51395,4.565673,-8.863106,-0.810947,0.620477,7.797548,0.990684,-2.818604
2010-08-18,2666.3,2554.022833,2917.73815,4.302205,-9.011697,-2.649655,-0.518915,7.861476,1.202415,-2.61486
2010-08-19,2687.98,2554.2655,2916.0214,5.102528,-8.143017,-3.194097,-3.232899,5.087877,0.386164,-3.400323
2010-08-20,2642.31,2554.5935,2914.4306,3.376042,-9.802093,-1.201983,-1.664606,7.914711,2.12125,-1.730683
2010-08-23,2639.37,2554.819833,2912.6482,3.255855,-9.852245,0.502266,-1.938057,9.35703,2.235003,-1.919397
2010-08-24,2650.31,2554.726333,2910.5165,3.673151,-9.365394,-0.435235,-2.242046,8.022757,1.812995,-2.324256
2010-08-25,2596.58,2553.739833,2907.92825,1.663631,-11.324569,1.007776,1.201649,9.884774,3.919771,-0.303091
2010-08-26,2603.48,2553.928667,2905.30295,1.921618,-10.968866,1.988939,0.301832,7.99517,3.644353,-0.567318
2010-08-27,2610.74,2554.636333,2902.5814,2.172383,-10.596677,1.695783,-0.002298,7.832584,3.356137,-0.843822
2010-08-30,2652.66,2555.990333,2900.0245,3.712316,-8.915628,1.629901,0.11303,6.951146,1.722799,-2.410788
2010-08-31,2638.8,2557.426,2897.3406,3.132298,-9.346901,2.231991,3.717369,7.433505,3.787328,-1.898211
2010-09-01,2622.88,2558.580833,2894.56195,2.482021,-9.856084,2.723285,6.782197,8.556217,7.017477,-1.302766
2010-09-02,2655.78,2560.981667,2891.9649,3.634775,-8.519777,0.02146,6.756201,7.961336,6.98966,-2.525435
2010-09-03,2655.39,2563.339,2889.3771,3.528083,-8.444941,0.294063,7.47055,7.021856,7.756676,-2.511119
2010-09-06,2696.25,2565.212,2886.9201,4.982079,-6.832831,-0.294546,6.580337,4.166059,6.801669,-3.988503
2010-09-07,2698.36,2567.475,2884.03665,4.972126,-6.654675,-0.365332,9.630827,5.1526,10.109844,-4.063579
2010-09-08,2695.29,2569.564167,2881.09865,4.776951,-6.666589,-1.600321,9.207068,8.108758,10.235262,-3.954305
2010-09-09,2656.35,2571.165833,2877.86425,3.259357,-8.009544,-2.049201,12.227577,9.705234,13.006569,-2.546351
2010-09-10,2663.21,2573.665667,2874.57725,3.420095,-7.637346,-2.452469,12.039593,8.910534,12.794335,-2.797376
2010-09-13,2688.32,2575.3675,2871.4771,4.292422,-6.59101,-3.775678,10.41907,7.515269,11.74079,-3.705288
2010-09-14,2688.52,2577.031167,2868.2264,4.235283,-6.4703,-3.67347,10.126663,7.355893,11.732477,-3.712451
2010-09-15,2652.5,2578.408333,2865.37125,2.833031,-7.719533,-0.929091,14.010446,7.284044,15.039397,-2.404901
2010-09-16,2602.47,2579.003667,2861.93275,0.905785,-9.503619,0.340633,15.590297,10.966598,17.250919,-0.528728
2010-09-17,2598.69,2579.768167,2859.0713,0.730793,-9.548938,0.460325,14.2621,10.205339,17.42147,-0.38404
2010-09-20,2588.71,2580.658667,2856.53355,0.311502,-9.844916,2.553353,14.497621,9.798922,17.874154,0.109707
2010-09-21,2591.55,2583.400333,2853.5148,0.314966,-9.629535,5.524181,13.927445,8.984222,17.744979,0.738168
2010-09-27,2627.97,2587.227,2850.47785,1.562504,-8.127496,6.588324,15.024707,5.674271,16.212133,-0.657922
2010-09-28,2611.35,2591.186333,2847.18585,0.775151,-8.646376,8.443308,15.377478,4.552892,16.951768,-0.025657
2010-09-29,2610.68,2594.982667,2843.9161,0.603089,-8.557129,9.168631,14.927858,5.25464,16.981783,1.722923
2010-09-30,2655.66,2599.8445,2840.6092,2.124158,-6.732532,8.097207,15.04871,3.838166,16.240031,3.128413
2010-10-08,2738.74,2605.333167,2837.6434,4.99374,-3.547596,8.145449,13.337529,2.500302,14.267875,2.490196
2010-10-11,2806.94,2611.7635,2835.1948,7.206926,-1.001573,5.148156,11.832203,1.615346,12.560653,1.228028
2010-10-12,2841.41,2618.867833,2833.204,8.155831,0.289218,5.492836,9.832877,-0.099296,11.195146,0.702116
2010-10-13,2861.36,2625.375167,2831.2395,8.607323,1.058243,4.863105,8.504768,-1.30719,10.41987,0.638857
2010-10-14,2879.64,2631.857167,2829.4011,8.997554,1.760022,3.544188,8.901945,-1.428386,9.718923,2.624981
2010-10-15,2971.16,2640.538333,2827.7424,11.796964,4.947379,0.130504,0.479469,-6.226232,6.339275,-0.536154
2010-10-18,2955.23,2648.618167,2826.14625,10.953842,4.466245,3.203057,1.982764,-5.251168,6.912491,0.670337
2010-10-19,3001.85,2658.244,2824.87945,12.156301,6.076307,1.31352,-3.640256,-6.203099,5.252095,-3.574796
2010-10-20,3003.95,2667.905333,2824.0038,11.863444,6.177242,-0.229962,-5.652553,-6.046089,5.178515,-5.495764
2010-10-21,2983.53,2676.373833,2823.352,10.864433,5.518233,0.302873,-4.038176,-6.65854,5.898382,-4.848954
2010-10-22,2975.04,2683.812333,2822.61235,10.301919,5.259466,0.127312,-2.949591,-9.454208,6.200589,-4.577417
2010-10-25,3051.42,2692.412833,2822.61685,12.51693,7.794264,0.08517,-5.630055,-11.903488,3.542285,-6.965937
2010-10-26,3041.54,2700.398333,2822.45565,11.896467,7.475666,0.127814,-7.269521,-9.782193,3.878627,-7.01158
2010-10-27,2997.05,2707.482,2821.67385,10.160942,6.02982,1.126083,-4.682783,-11.268893,5.420664,-5.631204
2010-10-28,2992.58,2714.213667,2820.93,9.763361,5.906927,3.104442,-3.202533,-9.723713,5.57813,-5.490246
2010-10-29,2978.83,2720.938,2819.88025,9.055393,5.483619,4.934264,-3.662642,-9.986528,6.065469,-5.053998
2010-11-01,3054.02,2727.944,2819.09155,11.291054,8.004407,3.39582,-6.341582,-13.160138,3.454136,-7.391569
2010-11-02,3045.43,2734.565833,2818.0057,10.766943,7.761267,2.898707,-7.684139,-11.713268,3.745941,-7.396328
2010-11-03,3030.99,2741.124,2816.77495,10.052124,7.32967,2.745542,-7.092976,-9.759753,4.240199,-6.955153
2010-11-04,3086.94,2748.031,2815.99085,11.629565,9.186612,1.950443,-8.210594,-11.45799,2.350872,-8.641567
2010-11-05,3129.5,2756.406,2815.22745,12.694559,10.583019,-4.712611,-9.621393,-11.458437,0.958939,-9.884007
2010-11-08,3159.51,2765.089167,2814.7539,13.334407,11.554212,-4.701283,-10.058183,-12.116903,-0.372526,-10.739957
2010-11-09,3135,2773.659833,2814.465,12.246149,10.785698,-7.980297,-8.627741,-12.231722,0.40638,-10.042105
2010-11-10,3115.36,2781.276,2814.0618,11.34349,10.17158,-9.294215,-8.953462,-10.026053,1.039366,-9.474988
2010-11-11,3147.74,2789.196167,2813.73675,12.093129,11.217133,-9.395933,-11.316223,-10.735193,-4.235737,-10.699422
2010-11-12,2985.44,2795.699,2812.2941,6.566497,5.974658,-3.298557,-4.957696,-2.933645,0.970376,-5.8447
2010-11-15,3014.41,2802.480833,2811.50285,7.289909,6.968496,-4.409762,-3.081074,-3.895549,-3.034093,-6.74958
2010-11-16,2894.54,2807.7985,2809.8978,3.042548,2.967809,-2.315745,1.117914,1.009214,1.124186,-2.887851
2010-11-17,2838.86,2811.667833,2807.97135,0.962472,1.094028,0.739808,2.523494,3.056178,3.107585,-0.983141
2010-11-18,2865.45,2815.0635,2806.1131,1.774059,2.092512,1.138515,1.134375,1.191291,2.150797,-1.90197
2010-11-19,2888.57,2818.674833,2804.3216,2.449471,2.959991,-0.585738,0.178821,1.500848,1.333186,-2.687143
2010-11-22,2884.37,2822.309333,2802.9842,2.175104,2.862187,-0.626357,-1.096347,-1.005254,1.480739,-2.545443
2010-11-23,2828.28,2824.647667,2801.3313,0.128512,0.957398,-0.286804,2.645822,1.207203,3.493289,-0.61274
2010-11-24,2859.94,2828.274833,2799.98805,1.113372,2.11855,-1.28411,0.626022,0.650342,2.347602,-1.712973
2010-11-25,2898.26,2832.589667,2799.0073,2.291919,3.484574,-1.903619,-1.496166,-0.682039,0.99439,-3.012497
2010-11-26,2871.7,2836.2795,2798.26885,1.241103,2.590323,-1.024487,-1.280582,1.154641,1.928474,-2.115472
2010-11-29,2866.36,2840.775833,2797.6676,0.896574,2.425686,-0.320781,-3.008853,1.817075,2.118366,-2.964038
2010-11-30,2820.18,2844.3875,2796.7978,-0.854704,0.832559,1.955105,-3.140446,3.266079,3.790538,-3.091647
2010-12-01,2823.45,2847.932667,2795.9686,-0.863381,0.978095,0.885055,-2.580242,2.777825,3.670332,-3.203882
2010-12-02,2843.61,2851.115167,2795.47985,-0.263583,1.70706,-1.155187,-2.99995,3.412062,2.935353,-3.890126
2010-12-03,2842.43,2854.509,2795.01845,-0.424053,1.682061,-0.048914,-1.215834,5.268884,2.978086,-3.850227
2010-12-06,2857.18,2858.414,2794.2852,-0.04318,2.225879,2.275826,-0.158674,4.875716,2.446468,-4.346593
2010-12-07,2875.86,2862.082,2793.68795,0.480243,2.898919,1.765358,-1.304431,4.297694,1.781032,-4.967905
2010-12-08,2848.55,2865.301333,2793.2337,-0.586343,1.961014,2.182741,-0.858495,3.741249,2.756841,-4.056801
2010-12-09,2810.95,2867.213,2792.6126,-1.981797,0.654493,3.054665,0.985892,4.277601,4.131343,-2.77344
2010-12-10,2841.04,2869.591,2792.0736,-0.999933,1.738564,1.83796,-1.748005,3.343295,3.028468,-3.803185
2010-12-13,2922.95,2873.385333,2791.77585,1.710249,4.591548,-2.425035,-4.152858,-0.917313,0.141296,-6.498914
2010-12-14,2927.08,2877.8975,2791.48375,1.694535,4.743207,-0.787836,-3.680757,0.127008,-0.535346,-6.63084
2010-12-15,2911.41,2882.034167,2790.95015,1.014115,4.225541,-1.157664,-2.91703,-0.485823,-0.250738,-6.128302
2010-12-16,2898.14,2885.531167,2790.42385,0.436016,3.787565,-1.492025,-3.754738,0.301463,0.205994,-5.698482
2010-12-17,2893.74,2888.9515,2789.9797,0.165615,3.651546,-2.045141,-6.683438,0.530772,0.35836,-6.46499
2010-12-20,2852.92,2892.291833,2789.1334,-1.370618,2.261209,-2.538863,-5.177085,2.294602,1.794302,-5.126677
2010-12-21,2904.11,2897.319167,2788.35085,0.234109,4.067665,-6.073073,-5.158494,1.516281,-0.902514,-6.798985
2010-12-22,2877.9,2901.972667,2787.48065,-0.832987,3.192267,-4.490374,-7.212132,2.362843,-0.788075,-6.958199
2010-12-23,2855.22,2906.4145,2786.31755,-1.777129,2.442805,-3.407403,-5.025014,4.203923,-0.090011,-6.219135
2010-12-24,2835.16,2910.474667,2785.1278,-2.621781,1.780461,-0.95974,-5.043304,5.116631,0.616896,-5.555595
2010-12-27,2781.4,2913.031833,2783.5498,-4.624001,-0.077262,2.529399,-3.809702,6.158601,2.56166,-3.738046
2010-12-28,2732.99,2915.059167,2782.0979,-6.449387,-1.780904,3.79112,-0.888682,7.836294,4.378355,-2.032938
2010-12-29,2751.53,2917.406667,2780.70025,-5.853797,-1.054566,2.606802,-0.086535,6.220004,3.675046,-2.693047
2010-12-30,2759.57,2919.1385,2779.23195,-5.621367,-0.709974,2.830656,-0.247446,7.261465,3.372989,-2.976551
2010-12-31,2808.08,2920.294167,2777.92665,-3.918338,1.079614,-0.581084,-0.62121,6.656454,1.587205,-4.652645
2011-01-04,2852.65,2921.056,2776.94525,-2.369681,2.689689,-1.718359,-1.900047,5.29971,-0.485513,-6.142359
2011-01-05,2838.59,2921.009,2775.8818,-2.862165,2.233899,-0.610968,-2.29955,6.526177,0.007398,-5.677467
2011-01-06,2824.2,2920.389667,2774.93575,-3.349192,1.759754,0.124206,-0.214095,6.794187,0.516961,-5.19687
2011-01-07,2838.8,2919.709,2774.24505,-2.810253,2.300277,-1.685966,-0.404862,6.232894,-0.390658,-5.684444
2011-01-10,2791.81,2916.719833,2773.2399,-4.376951,0.667386,-3.097473,3.772056,8.85826,3.844101,-4.096984
2011-01-11,2804.05,2914.200167,2772.00775,-3.85306,1.149292,-3.449262,3.338383,8.166076,3.394733,-4.515611
2011-01-12,2821.3,2911.191,2770.8838,-3.13645,1.803144,-2.265573,3.572057,7.811757,3.636621,-5.099422
2011-01-13,2827.71,2908.253667,2769.6836,-2.808559,2.073411,-5.452765,3.449714,7.807479,3.509907,-5.314548
2011-01-14,2791.34,2905.0505,2768.2674,-3.992901,0.830013,-2.762301,3.811655,7.177047,4.858598,-4.080836
2011-01-17,2706.66,2900.5775,2766.53505,-6.919445,-2.188025,-0.405007,8.005464,10.52408,8.334626,-1.079929
2011-01-18,2708.98,2894.870167,2764.7959,-6.636808,-2.039464,-1.17148,5.268178,11.089082,8.241847,-1.164645
2011-01-19,2758.1,2890.146167,2763.4905,-4.676504,-0.195252,-1.803261,3.719875,8.757078,6.314129,-2.92484
2011-01-20,2677.65,2884.822833,2761.58015,-7.452394,-3.086349,2.635223,7.236452,10.192062,9.508338,-0.008216
2011-01-21,2715.29,2880.201333,2759.5376,-5.896144,-1.616437,1.370165,5.839141,7.916382,7.990307,-1.394326
2011-01-24,2695.72,2875.482833,2757.37385,-6.455527,-2.261339,3.462355,7.478527,8.176931,8.774279,-0.678483
2011-01-25,2677.43,2869.206333,2755.2155,-6.917807,-2.863828,4.439054,8.635631,7.537438,9.517336,1.172019
2011-01-26,2708.81,2863.596,2753.02245,-5.556875,-1.618996,2.380253,7.295208,7.216242,8.248641,1.489215
2011-01-27,2749.15,2858.898667,2750.9784,-3.91447,-0.066486,2.479242,5.444602,6.445781,6.66024,0.13095
2011-01-28,2752.75,2853.328833,2748.94875,-3.588591,0.138185,2.673239,6.659458,4.03239,6.886205,0.774135
2011-01-31,2790.69,2847.682,2747.1611,-2.021645,1.572083,3.812181,7.105928,2.885904,7.364487,-0.59591
2011-02-01,2798.96,2841.672833,2745.56235,-1.514498,1.9262,3.520071,6.934437,2.293292,7.180524,-0.889616
2011-02-09,2774.06,2835.657167,2743.7059,-2.196176,1.100243,5.260639,7.901675,3.485685,8.222245,1.589728
2011-02-10,2818.16,2830.703833,2742.1504,-0.44412,2.734176,3.788015,4.81384,2.539028,6.528728,0.32539
2011-02-11,2827.33,2825.363667,2740.4808,0.069572,3.119942,2.530552,3.696571,1.964429,6.183219,0.997054
2011-02-14,2899.13,2823.925167,2739.14555,2.628287,5.676466,1.135935,1.319244,-1.917105,3.55348,-1.504244
2011-02-15,2899.24,2822.005667,2737.8169,2.700077,5.728778,-1.519467,-0.102838,-0.977778,3.549551,-1.507981
2011-02-16,2923.9,2822.495,2736.7849,3.52971,6.61345,-2.117756,0.235708,-2.592572,2.67622,-2.338657
2011-02-17,2926.96,2823.963333,2736.5182,3.582301,6.727796,-1.666028,-1.018507,-2.567389,2.568877,-2.440758
2011-02-18,2899.79,2824.535667,2736.1195,2.629434,5.809764,-0.734815,0.244546,-0.93616,3.529911,-1.526662
2011-02-21,2932.25,2825.263667,2735.61435,3.716835,6.941401,-0.931944,-0.791254,-2.509878,2.383835,-2.616762
2011-02-22,2855.52,2824.782833,2734.89455,1.082247,4.316108,2.195972,2.203509,0.102906,5.134967,0.248991
2011-02-23,2862.63,2825.355333,2734.29,1.310664,4.586898,1.772072,2.9549,-3.1245,4.87384,0.556481
2011-02-24,2878.6,2825.666333,2733.8355,1.855986,5.15985,0.843373,2.338523,-3.951868,4.292017,-0.00139
2011-02-25,2878.56,2825.338,2733.68865,1.866217,5.163832,2.190482,3.389796,-4.869741,4.293466,0.614891
2011-02-28,2905.05,2825.893833,2733.71225,2.762589,6.079012,3.089755,2.681408,-5.975991,3.342455,-0.302577
2011-03-01,2918.92,2826.769833,2733.9647,3.207903,6.546086,2.73786,1.332672,-7.42835,2.851397,-0.776315
2011-03-02,2913.81,2828.330333,2734.1807,2.977495,6.362967,2.98672,1.429769,-7.385694,3.031769,-0.602304
2011-03-03,2902.98,2829.655833,2734.5192,2.55827,5.978217,1.848479,0.861937,-5.651425,3.416145,-0.231486
2011-03-04,2942.31,2831.300833,2734.945,3.845872,7.308366,-0.289648,0.849453,-6.9935,2.033776,-1.565097
2011-03-07,2996.21,2833.863833,2736.22755,5.570706,9.076799,-1.974502,0.171736,-10.21797,0.19825,-3.335881
2011-03-08,2999.94,2836.243167,2737.78535,5.611194,9.144296,-3.517204,0.26532,-9.501622,0.265672,-3.456069
2011-03-09,3002.15,2838.348,2739.3023,5.610651,9.162545,-2.405328,0.924052,-8.980267,0.928335,-3.527139
2011-03-10,2957.14,2840.157833,2740.85015,4.036296,7.595444,-2.044332,2.194443,-7.251622,2.464543,-2.058746
2011-03-11,2933.8,2842.205333,2742.2406,3.171823,6.752319,-0.921473,2.941186,-8.181047,3.279706,-1.279569
2011-03-14,2937.63,2843.815167,2743.3762,3.245661,6.841378,-0.974563,3.76696,-8.244947,3.838809,-1.408278
2011-03-15,2896.26,2843.370333,2744.37435,1.843016,5.386712,0.78688,4.930531,-7.002775,5.322036,0.035908
2011-03-16,2930.8,2843.432333,2746.2287,3.026353,6.504683,0.601436,4.003992,-7.095916,4.085233,-1.143033
2011-03-17,2897.3,2843.197167,2747.7413,1.885009,5.300004,1.691002,5.376272,-6.85184,5.523418,0.330998
2011-03-18,2906.89,2843.343,2749.3367,2.210331,5.57241,2.410435,3.120846,-8.714993,5.17529,0.077402
2011-03-21,2909.14,2843.599667,2751.1027,2.278677,5.585569,2.540718,3.30987,-9.601098,5.093945,0.343744
2011-03-22,2919.14,2844.703333,2752.7808,2.583027,5.867745,1.325136,3.617395,-10.763775,4.733928,0.307282
2011-03-23,2948.48,2845.442833,2754.1561,3.557107,6.81787,0.246941,2.082304,-10.805933,3.691733,-0.690864
2011-03-24,2946.71,2846.589667,2755.7765,3.456762,6.699004,-0.633213,0.617088,-10.638629,3.754017,-0.631212
2011-03-25,2977.81,2848.632833,2757.5366,4.434896,7.685039,-0.349861,-1.312555,-10.229771,2.670419,-1.669012
2011-03-28,2984,2851.1135,2759.177,4.555506,7.833224,0.580084,-1.983004,-8.30429,2.45744,-1.963472
2011-03-29,2958.08,2854.058167,2760.68855,3.579851,6.906029,1.670508,-2.430865,-6.995124,3.355217,-2.401558
2011-03-30,2955.77,2857.771167,2762.50665,3.371718,6.762072,2.481003,-1.508735,-6.881841,3.435991,-2.325282
2011-03-31,2928.11,2860.714167,2764.3058,2.328586,5.756763,3.180985,0.139242,-7.061249,4.413086,-1.402611
2011-04-01,2967.41,2864.178167,2766.28575,3.540806,7.018398,1.802085,-3.476521,-7.17055,3.030252,-3.416784
2011-04-06,3001.36,2867.3995,2768.52925,4.566,8.07493,1.620721,-4.39176,-8.406675,1.864821,-4.509289
2011-04-07,3007.91,2869.987167,2770.80085,4.693793,8.210909,1.148007,-4.906464,-6.705795,1.643001,-4.788042
2011-04-08,3030.02,2873.177667,2773.3923,5.31506,8.849799,0.674613,-5.340041,-7.31275,0.901314,-5.482802
2011-04-11,3022.75,2876.486833,2775.9363,4.959731,8.517892,1.137497,-4.469254,-7.281173,1.143991,-5.255479
2011-04-12,3021.37,2879.529667,2778.1238,4.80834,8.393456,-0.741813,-4.673328,-7.813948,1.190189,-5.212205
2011-04-13,3050.4,2883.8395,2780.5629,5.615016,9.261934,-1.431652,-7.003309,-8.645006,0.227183,-6.763703
2011-04-14,3042.64,2887.816,2782.9264,5.222505,8.922252,-0.526255,-5.805471,-8.214589,0.482804,-6.525912
2011-04-15,3050.53,2891.6365,2785.3778,5.349274,9.093183,-1.320252,-6.832272,-10.205037,0.222912,-6.767676
2011-04-18,3057.33,2895.4635,2788.09835,5.439678,9.218222,-3.068182,-6.925153,-8.953816,-1.002836,-6.97504
2011-04-19,2999.04,2898.925167,2790.1625,3.39522,7.21924,-2.022966,-4.301552,-6.495118,0.921295,-5.166987
2011-04-20,3007.04,2903.9315,2792.2542,3.48907,7.410698,-2.752156,-5.028494,-6.415904,0.652801,-5.419283
2011-04-21,3026.67,2909.226333,2794.5382,3.957582,7.979614,-4.723125,-5.717999,-7.190057,-0.53359,-6.032703
2011-04-22,3010.52,2913.433333,2796.75705,3.27806,7.365227,-3.344097,-8.161704,-7.357256,-1.513692,-7.837516
2011-04-25,2964.95,2918.221667,2798.8177,1.588576,5.766309,-1.111058,-6.907478,-5.931075,-0.8759,-6.674312
2011-04-26,2938.98,2921.949833,2800.8362,0.581144,4.814457,-2.513827,-6.946983,-6.070012,-0.231033,-6.711172
2011-04-27,2925.41,2925.778,2803.328,-0.012579,4.262736,-1.828672,-6.674395,-5.430216,0.231762,-6.456531
2011-04-28,2887.04,2929.2715,2805.77135,-1.4522,2.855326,-0.805092,-6.330157,-7.115535,1.563886,-6.133964
2011-04-29,2911.51,2932.649833,2808.45995,-0.723455,3.603557,-1.350304,-7.306729,-7.429848,0.710284,-7.046172
2011-05-03,2932.19,2935.7005,2811.2064,-0.119651,4.213587,-1.427511,-6.652604,-7.383544,-1.417371,-7.701752
2011-05-04,2866.02,2937.588333,2813.71675,-2.466464,1.841801,0.605278,-4.366432,-5.642596,0.858682,-5.570792
2011-05-05,2872.4,2938.950167,2816.03165,-2.290451,1.981924,-0.990828,-5.997946,-6.125561,0.634661,-5.821613
2011-05-06,2863.89,2940.032333,2818.2455,-2.623974,1.606631,0.249001,-4.860477,-5.753005,0.933695,-5.541763
2011-05-09,2872.46,2941.672333,2820.53205,-2.380944,1.824327,-0.817618,-4.564277,-6.962817,0.632559,-5.82358
2011-05-10,2890.63,2942.880167,2822.6306,-1.791428,2.380518,-1.318402,-4.976811,-7.622127,-0.249427,-6.415556
2011-05-11,2883.42,2943.815,2824.5941,-2.072927,2.061242,-0.370037,-6.448904,-7.165397,-0.369353,-6.245361
2011-05-12,2844.08,2942.8975,2826.56305,-3.4155,0.617814,0.543162,-5.008597,-7.961794,1.008762,-4.948525
2011-05-13,2871.03,2942.427333,2828.566,-2.456401,1.490098,-0.438783,-6.127835,-12.770926,0.060605,-5.94386
2011-05-16,2849.07,2941.180167,2830.68985,-3.181829,0.647218,-2.649685,-4.267636,-12.032789,0.83185,-5.218896
2011-05-17,2852.77,2939.943667,2832.83235,-3.009997,0.701341,-3.050507,-5.302959,-11.251871,0.701073,-5.341826
2011-05-18,2872.77,2939.493333,2834.8191,-2.296051,1.32986,-4.668397,-7.534287,-10.690222,-0.459487,-7.257455
2011-05-19,2859.57,2938.282,2836.4733,-2.715379,0.810978,-4.398057,-7.882474,-9.77902,-0.038817,-7.579811
2011-05-20,2858.46,2938.331,2838.08865,-2.755871,0.71522,-5.335283,-8.663172,-8.452806,-2.934797,-8.298524
2011-05-23,2774.57,2936.863333,2839.14945,-5.684634,-2.300874,-2.489122,-4.726533,-6.184695,-0.270673,-5.525901
2011-05-24,2767.06,2935.004333,2840.1246,-5.892355,-2.606254,-0.856184,-4.348238,-6.178944,-0.606058,-5.269492
2011-05-25,2741.74,2932.724,2840.8899,-6.733893,-3.552459,0.066724,-1.970233,-6.879255,0.311846,-4.394654
2011-05-26,2736.53,2929.915333,2841.6957,-6.828283,-3.771026,-1.152224,0.353108,-7.674955,0.502827,-4.212634
2011-05-27,2709.95,2926.4325,2842.07715,-7.685392,-4.760499,0.664589,1.765899,-7.431549,1.781583,-3.273123
2011-05-30,2706.36,2922.975,2842.36835,-7.699737,-4.903307,1.392147,1.933622,-5.793597,1.952438,-3.144814
2011-05-31,2743.47,2920.3165,2842.8982,-6.246846,-3.560048,0.248282,-0.547886,-7.663042,0.573361,-4.454942
2011-06-01,2743.57,2917.004167,2843.25345,-6.129713,-3.568899,-1.477195,0.672403,-4.789647,0.674668,-4.458425
2011-06-02,2705.18,2912.153667,2843.64435,-7.372445,-4.9918,-0.001479,1.983032,-3.49795,2.103372,-3.102566
2011-06-03,2728.02,2907.621667,2844.09185,-6.375938,-4.166774,-1.018357,3.061147,-5.717911,3.108482,-3.913828
2011-06-07,2744.3,2903.324167,2844.70955,-5.633031,-3.593494,-0.520977,2.591569,-6.694786,2.625442,-4.483839
2011-06-08,2750.29,2899.876667,2845.16905,-5.296185,-3.391613,-1.64455,2.164893,-6.883602,2.401929,-4.691869
2011-06-09,2703.34,2896.035667,2845.3231,-6.885474,-5.118858,-1.455419,3.308285,-5.602886,4.180384,-3.036614
2011-06-10,2705.14,2892.160833,2845.87245,-6.685025,-5.071601,-2.330714,3.3669,-6.761444,4.111063,-3.101133
2011-06-13,2700.38,2888.896167,2846.33685,-6.748198,-5.264035,-2.97412,3.718717,-8.564214,4.294581,-2.930328
2011-06-14,2730.04,2885.550167,2847.10965,-5.539932,-4.198806,-3.108581,0.894872,-9.988761,3.161492,-3.984923
2011-06-15,2705.43,2882.352333,2847.6033,-6.334588,-5.121683,-2.095786,3.274296,-7.255476,4.099903,-3.11152
2011-06-16,2664.28,2878.308833,2847.61615,-7.726906,-6.654835,0.895657,5.34072,-6.406721,5.707733,-1.61507
2011-06-17,2642.82,2873.870167,2847.4708,-8.381308,-7.458463,3.837525,6.495064,-5.64562,6.710635,-0.816174
2011-06-20,2621.25,2868.905333,2847.24555,-9.027924,-8.270075,5.093787,7.191113,-5.890698,7.588746,0.962518
2011-06-21,2646.48,2863.872,2847.03805,-7.89441,-7.304872,4.171033,5.530981,-6.302621,6.563057,0.107312
2011-06-22,2649.32,2858.9155,2847.0731,-7.613935,-7.198848,2.944167,5.324642,-6.642758,6.448825,1.469434
2011-06-23,2688.25,2854.0895,2847.3175,-5.986245,-5.74869,2.709359,2.847204,-7.968876,4.907282,1.496513
2011-06-24,2746.21,2850.126333,2847.797,-3.714154,-3.632393,0.477699,0.89107,-11.912989,2.693166,-0.645617
2011-06-27,2758.23,2846.7955,2848.60525,-3.160481,-3.224032,1.959837,-2.551277,-11.941993,2.245643,-2.519007
2011-06-28,2759.2,2843.519333,2849.38385,-3.01017,-3.2162,2.050094,-2.056742,-9.347944,2.209698,-2.553276
2011-06-29,2728.48,2840.192167,2849.97255,-4.012704,-4.356469,2.961061,-0.183053,-11.049333,3.360479,-1.456122
2011-06-30,2762.08,2836.77,2850.51965,-2.668206,-3.151729,1.158687,-1.948567,-12.67932,2.103125,-2.654883
2011-07-01,2759.36,2832.736667,2851.12245,-2.62445,-3.271399,1.38239,-2.110646,-14.237574,2.203772,-2.558927
2011-07-04,2812.82,2829.485167,2852.07215,-0.590724,-1.385826,-0.360787,-3.953674,-15.246755,0.261304,-4.410876
2011-07-05,2816.35,2825.924,2852.875,-0.339367,-1.288554,-2.217674,-4.990108,-16.32868,0.135637,-4.867648
2011-07-06,2810.48,2822.386167,2853.65045,-0.42274,-1.524375,-0.535146,-4.810208,-17.243351,0.344781,-4.696351
2011-07-07,2794.27,2818.601167,2854.14055,-0.866983,-2.119987,0.577016,-4.024777,-16.923984,0.926897,-4.143479
2011-07-08,2797.77,2814.390667,2854.6376,-0.592311,-2.012223,0.79745,-6.320097,-17.662683,0.800638,-6.124521
2011-07-11,2802.69,2810.3915,2855.1746,-0.274413,-1.855333,0.498277,-10.361808,-17.679433,0.623687,-9.843044
2011-07-12,2754.58,2805.459,2855.66575,-1.830218,-3.604002,1.527528,-8.660025,-12.949744,2.381125,-8.295639
2011-07-13,2795.48,2801.094833,2856.3271,-0.200653,-2.153274,-0.045441,-9.223209,-13.650181,0.883211,-9.637343
2011-07-14,2810.44,2797.9515,2856.9377,0.445351,-1.640926,-1.597859,-8.496656,-14.488206,0.346209,-10.118344
2011-07-15,2820.17,2794.837,2857.59595,0.902338,-1.318353,-1.766469,-8.39161,-14.463521,-0.123397,-10.428449
2011-07-18,2816.69,2791.337333,2858.4169,0.904162,-1.47055,-4.648604,-6.980748,-16.699664,-0.699758,-10.317784
2011-07-19,2796.98,2787.778333,2859.38945,0.329528,-2.206786,-3.41669,-6.989144,-16.248654,-0.099035,-9.685804
2011-07-20,2794.21,2784.932667,2860.36705,0.332572,-2.340054,-2.563527,-7.155348,-18.109334,-0.838162,-9.596272
2011-07-21,2765.89,2782.047833,2861.25295,-0.582482,-3.389716,-2.086411,-7.756226,-17.69727,0.177158,-8.670627
2011-07-22,2770.79,2779.470833,2862.14915,-0.312808,-3.244032,-2.524017,-8.919134,-15.610329,-1.707094,-8.832138
2011-07-25,2688.75,2776.166,2862.45305,-3.199444,-6.260257,0.557439,-6.646171,-10.958659,1.29205,-6.430126
2011-07-26,2703.03,2772.691333,2862.91145,-2.544508,-5.746573,-0.883273,-5.670478,-10.751968,0.756928,-6.924451
2011-07-27,2723.49,2769.213,2863.4755,-1.664902,-5.012195,-1.666094,-6.932102,-11.171691,-0.540116,-7.623674
2011-07-28,2708.78,2766.592333,2863.7411,-2.111801,-5.56305,-0.917523,-3.513483,-9.090058,-0.184585,-7.122025
2011-07-29,2701.73,2763.747833,2863.55605,-2.269536,-5.817192,-2.827061,-3.370336,-9.038291,0.075877,-6.879666
2011-08-01,2703.78,2761.079333,2863.04025,-2.097087,-5.723329,-6.76892,-4.825384,-9.042455,-0.730089,-6.95027
2011-08-02,2679.26,2757.859333,2862.2295,-2.891414,-6.606023,-5.88759,-4.296247,-6.760726,0.178407,-6.098699
2011-08-03,2678.49,2754.323667,2861.31515,-2.791872,-6.602816,-4.948146,-4.238286,-6.57317,0.207206,-6.071705
2011-08-04,2684.04,2751.000667,2860.33715,-2.46416,-6.361638,-3.894862,-4.886394,-5.977994,-2.133724,-6.265927
2011-08-05,2626.42,2747.373,2858.61345,-4.502348,-8.4715,-1.274064,-3.808247,-4.541863,0.013326,-4.209532
2011-08-08,2526.82,2741.636167,2856.4714,-8.159329,-12.262549,3.879336,-1.921123,-0.913604,3.955565,-1.902787
2011-08-09,2526.07,2736.252833,2854.0925,-7.992467,-12.208919,3.198409,-2.223608,-0.045536,3.98643,-2.199068
2011-08-10,2549.18,2731.193,2851.81865,-6.896677,-11.218517,2.02242,-1.306563,-2.769868,3.043724,-3.085698
2011-08-11,2581.51,2726.338667,2849.80855,-5.458506,-9.887732,-0.857429,-3.250786,-3.968055,1.753237,-4.299422
2011-08-12,2593.17,2721.898667,2847.8992,-4.844861,-9.370053,-2.293993,-3.749074,-2.517177,1.295711,-4.729732
2011-08-15,2626.77,2718.037167,2845.77595,-3.415504,-8.008082,-4.314026,-6.101063,-3.763052,-0.438181,-5.94837
2011-08-16,2608.17,2715.263833,2843.6091,-4.02403,-8.642523,-2.098024,-4.844458,-5.56622,0.271838,-5.277647
2011-08-17,2601.26,2712.5005,2841.63015,-4.187496,-8.838194,-2.340282,-4.812052,-5.459552,0.538201,-5.026026
2011-08-18,2559.47,2709.462667,2839.4646,-5.695013,-10.381531,2.156331,-3.059854,-5.745516,2.179748,-3.475329
2011-08-19,2534.36,2706.093167,2837.24225,-6.556482,-11.28914,3.024781,-3.884925,-4.818802,3.192127,-3.810429
2011-08-22,2515.86,2702.858333,2834.55145,-7.169516,-11.926901,2.378226,-2.744546,-4.19014,3.950935,-3.103114
2011-08-23,2554.02,2700.319333,2832.0944,-5.570145,-10.334792,0.490958,-1.620725,-6.426031,2.397789,-4.550865
2011-08-24,2541.09,2696.946333,2829.6449,-5.952702,-10.75581,1.027722,-3.934177,-5.814574,2.918826,-4.065185
2011-08-25,2615.26,2694.807833,2827.2865,-2.996338,-7.79539,-2.290433,-7.217269,-9.41706,-0.117388,-6.962979
2011-08-26,2612.19,2693.258,2824.69995,-3.056266,-7.82132,-3.264972,-8.756592,-9.181616,-1.369732,-8.384153
2011-08-29,2576.41,2690.731167,2821.78445,-4.341601,-9.097251,-3.864659,-6.467697,-6.5779,-0.35204,-7.111834
2011-08-30,2566.59,2687.769333,2818.9424,-4.613344,-9.378361,-3.814951,-7.042325,-9.524745,0.029222,-6.800073
2011-08-31,2567.34,2684.720167,2816.2023,-4.470616,-9.251893,-2.016423,-8.194857,-7.289165,-0.440144,-7.868066
2011-09-01,2556.04,2682.265167,2813.2438,-4.820246,-9.587901,-2.259254,-8.012813,-7.951794,-1.086055,-7.700192
2011-09-02,2528.28,2679.3175,2810.958,-5.802287,-10.598612,-1.21489,-7.534338,-8.028566,-0.482146,-7.257503
2011-09-05,2478.74,2675.6235,2808.27965,-7.643207,-12.482171,-0.300604,-5.396502,-6.363901,1.506814,-5.403955
2011-09-06,2470.52,2671.298167,2806.15955,-7.81359,-12.738819,0.577559,-2.066111,-5.73894,1.844551,-5.089212
2011-09-07,2516.09,2668.1425,2804.5457,-5.867643,-10.853546,-1.483069,-3.120409,-7.69151,-0.124399,-6.808183
2011-09-08,2498.94,2665.386833,2802.71315,-6.448256,-11.472129,-0.666498,-2.740764,-7.634033,0.561038,-6.168615
2011-09-09,2497.75,2662.969,2800.75905,-6.405134,-11.450014,-2.429844,-2.322837,-8.616625,0.608948,-6.123912
2011-09-13,2471.3,2660.469833,2798.6937,-7.375841,-12.440844,-0.957509,-3.617853,-9.444097,1.685752,-5.119168
2011-09-14,2484.83,2657.775667,2796.97645,-6.728531,-11.833475,1.125709,-4.415053,-10.886656,1.132069,-5.635798
2011-09-15,2479.05,2654.937833,2795.072,-6.854582,-11.998244,-1.462407,-6.141934,-12.813779,1.367863,-5.957121
2011-09-16,2482.34,2651.506,2792.9924,-6.592612,-11.79119,-2.001084,-6.88119,-10.951666,1.233514,-6.649774
2011-09-19,2437.79,2646.365667,2790.82285,-8.209536,-13.524459,-1.846887,-2.806271,-9.43778,3.083531,-4.943822
2011-09-20,2447.75,2641.191,2788.7298,-7.606072,-13.041699,-1.344924,-1.567943,-9.949706,2.664079,-5.33061
2011-09-21,2512.96,2637.087,2787.1937,-4.821356,-10.357391,-4.930642,-3.460766,-13.703482,-2.78158,-7.787231
2011-09-22,2443.06,2632.33,2785.29175,-7.461803,-13.110127,-3.232958,-0.305411,-11.104073,-0.10888,-5.148871
2011-09-23,2433.16,2626.848,2783.2395,-7.659382,-13.442471,-3.085977,1.640694,-9.856309,1.654227,-4.762942
2011-09-26,2393.18,2620.745,2780.99325,-9.08356,-15.018512,-2.042718,3.088637,-8.867125,3.352443,-3.17193
2011-09-27,2415.05,2614.1155,2778.7826,-7.920581,-14.029293,-2.793465,2.250626,-10.874089,2.416513,-4.048777
2011-09-28,2392.06,2607.044,2776.3636,-8.606209,-14.898709,1.161262,4.577846,-9.742314,4.684247,-3.126594
2011-09-29,2365.34,2599.625,2773.94755,-9.444543,-15.934964,3.058024,5.859973,-8.45554,6.035073,-2.032266
2011-09-30,2359.22,2592.374167,2771.6889,-9.424307,-16.112579,3.012794,6.921213,-7.013737,7.166352,-1.77813
2011-10-10,2344.79,2584.8245,2769.20765,-9.746177,-16.636539,3.996611,6.800722,-7.774982,7.825861,-1.173666
2011-10-11,2348.52,2577.255,2766.3355,-9.293954,-16.373818,1.478046,6.404021,-8.903869,7.654608,-1.330625
2011-10-12,2420,2571.678667,2763.8001,-6.079132,-13.283904,-1.771382,4.244184,-11.208648,4.474793,-4.245041
2011-10-13,2438.79,2565.733833,2761.437,-5.074252,-12.424918,-4.504594,1.657104,-9.134518,3.669853,-4.982799
2011-10-14,2431.38,2559.416167,2759.1032,-5.132018,-12.64467,-4.806923,2.023495,-6.176917,3.985802,-4.693219
2011-10-17,2440.4,2553.086667,2756.8365,-4.514112,-12.192187,-2.913277,3.554733,-6.972048,3.618669,-5.045484
2011-10-18,2383.49,2545.866667,2754.48935,-6.590533,-14.466627,1.092401,5.955864,-4.658135,6.136799,-2.778279
2011-10-19,2377.51,2538.8755,2751.85635,-6.566754,-14.6222,2.079996,3.69329,-5.75353,6.403759,-2.533743
2011-10-20,2331.37,2531.1615,2749.1237,-8.222221,-16.482613,4.374116,5.494434,-5.518903,8.509589,-0.604795
2011-10-21,2317.27,2523.6845,2746.43395,-8.533017,-16.991356,6.5208,4.195527,-0.818524,9.169842,2.289763
2011-10-24,2370.33,2517.010167,2744.1098,-6.004257,-14.642754,4.048021,1.872393,-4.484534,6.726068,1.659685
2011-10-25,2409.67,2512.358833,2742.25115,-4.173228,-12.928936,2.473644,0.122349,-4.829084,4.98367,0.122423
2011-10-26,2427.48,2507.766333,2740.7236,-3.253877,-12.136829,3.10797,-1.34454,-4.566588,4.213423,-1.335541
2011-10-27,2435.61,2502.968333,2739.144,-2.728012,-11.744822,2.932427,-1.574986,-6.381371,3.865561,-1.664881
2011-10-28,2473.41,2499.0455,2737.7132,-1.031109,-10.152521,2.194542,-3.840484,-7.590686,2.278231,-3.767673
2011-10-31,2468.25,2495.154167,2736.01405,-1.084112,-10.299274,1.669367,-3.513661,-8.457574,2.492049,-3.566494
2011-11-01,2470.02,2491.258167,2734.1009,-0.856162,-10.15764,1.359931,-2.360829,-6.587111,2.418604,-3.635598
2011-11-02,2504.11,2488.339,2732.4285,0.631796,-8.725739,0.8276,-7.060266,-7.188916,1.024316,-6.816793
2011-11-03,2508.09,2485.499,2730.84795,0.904806,-8.509066,-1.144845,-4.954281,-7.316409,0.864004,-6.964662
2011-11-04,2528.29,2482.903167,2729.2954,1.811468,-7.65003,-1.884924,-6.860194,-9.816202,0.058142,-7.707977
2011-11-07,2509.8,2480.9595,2727.88535,1.155769,-8.332364,0.750622,-7.29495,-6.683936,0.795282,-7.035222
2011-11-08,2503.84,2480.5765,2726.3843,0.933456,-8.515075,1.029888,-7.371419,-6.358471,1.03521,-7.106285
2011-11-09,2524.92,2480.557333,2724.9024,1.772611,-7.622323,-2.322276,-7.917012,-7.095185,0.191689,-7.881834
2011-11-10,2479.54,2479.396667,2723.16155,0.005781,-9.372048,-0.667264,-6.228205,-5.287081,2.025376,-6.195907
2011-11-11,2481.08,2477.722833,2721.61025,0.135402,-9.252976,-2.634891,-6.916764,-5.650663,1.962049,-6.682977
2011-11-14,2528.71,2476.6485,2720.7205,2.080306,-7.318744,-4.595618,-9.848521,-6.621271,0.041523,-9.379091
2011-11-15,2529.76,2475.031667,2719.8244,2.187125,-7.244288,-4.741114,-11.782108,-7.079421,-2.482449,-11.114493
2011-11-16,2466.96,2472.678167,2718.3687,-0.231522,-9.704533,-2.957834,-10.164894,-4.552063,-0.158495,-9.665337
2011-11-17,2463.05,2470.374667,2717.2957,-0.296941,-9.823674,-2.695304,-12.166278,-4.121454,-1.887497,-11.455309
2011-11-18,2416.56,2467.992833,2715.80205,-2.106016,-11.674228,-1.515212,-8.266004,-1.464389,-0.059175,-9.751879
2011-11-21,2415.13,2466.005667,2714.3991,-2.084659,-11.681749,-1.338033,-8.503903,-0.478966,-0.103928,-9.698443
2011-11-22,2412.62,2464.285,2713.07505,-2.118841,-11.73694,-0.009534,-8.504111,-0.127329,-0.009533,-9.604496
2011-11-23,2395.06,2461.635667,2711.5063,-2.741775,-12.409603,-2.607757,-8.898176,1.843811,0.723573,-8.941738
2011-11-24,2397.55,2459.243333,2709.7483,-2.540633,-12.240837,-0.446869,-9.223677,2.043992,0.618965,-9.036308
2011-11-25,2380.22,2455.326,2707.88565,-3.106662,-12.897521,-0.825168,-7.656519,2.9654,1.351556,-8.374016
2011-11-28,2383.03,2451.506667,2705.84735,-2.833001,-12.704233,-2.111921,-8.442102,1.889688,1.232045,-8.482059
2011-11-29,2412.39,2448.773,2703.9145,-1.496913,-11.408258,-3.65066,-10.763886,0.567119,-1.058287,-10.204818
2011-11-30,2333.41,2444.886667,2701.71125,-4.666805,-14.655465,-0.029146,-7.259894,5.311108,2.290639,-7.165479
2011-12-01,2386.86,2441.878667,2699.55475,-2.278899,-12.310816,-2.418768,-9.361232,2.406643,-1.097676,-9.244363
2011-12-02,2360.66,2438.622333,2697.2214,-3.249202,-13.328089,-1.941493,-7.074755,2.087221,-1.161963,-8.237103
2011-12-05,2333.23,2435.3715,2694.3919,-4.284574,-14.391897,-1.802949,-7.280755,2.604197,-0.02143,-7.158317
2011-12-06,2325.91,2432.824333,2691.52525,-4.49415,-14.599668,-3.380801,-7.936471,3.977188,0.293219,-7.629702
2011-12-07,2332.73,2430.527833,2688.5694,-4.106919,-14.196998,-4.570157,-7.53582,4.473745,-0.124747,-7.899757
2011-12-08,2329.82,2427.423333,2685.5837,-4.103933,-14.210709,-6.605338,-4.563418,4.409825,-0.624512,-7.784722
2011-12-09,2315.27,2424.362167,2682.6611,-4.604215,-14.728294,-3.984131,-1.283649,5.892219,-1.024934,-7.205207
2011-12-12,2291.54,2420.925333,2679.45755,-5.492576,-15.639029,-3.250999,-0.67826,4.25838,-0.253105,-6.244272
2011-12-13,2248.59,2417.2135,2676.4229,-7.231208,-17.417781,-1.463117,1.168109,5.417606,1.652146,-4.453458
2011-12-14,2228.52,2412.941667,2673.25235,-7.950892,-18.195815,-1.691117,0.718073,7.61041,2.567623,-3.592968
2011-12-15,2180.9,2407.9725,2669.76385,-9.904747,-20.225239,0.247298,1.152941,9.99638,4.80719,-1.487918
2011-12-16,2224.84,2403.680833,2666.49525,-7.731624,-18.107997,-0.905727,3.251952,6.608687,3.305406,-3.433505
2011-12-19,2218.24,2400.021667,2663.0612,-7.876368,-18.27622,-1.276232,2.146976,6.962981,3.612774,-3.146188
2011-12-20,2215.93,2396.158,2659.54625,-7.819444,-18.248335,-2.269308,3.552679,6.964942,3.720785,-3.045223
2011-12-21,2191.15,2390.7945,2655.93295,-8.719922,-19.236947,-0.969474,5.676128,6.979304,5.840312,-1.948748
2011-12-22,2186.3,2386.515167,2652.34955,-8.76236,-19.323525,-0.584424,4.417291,7.246,6.075104,-1.731235
2011-12-23,2204.78,2382.708833,2648.6619,-7.761028,-18.342684,-0.243404,3.906318,6.258688,5.186005,-2.554903
2011-12-26,2190.11,2379.324333,2644.6314,-8.286478,-18.857993,-0.950575,3.498189,4.236174,5.890572,-1.902188
2011-12-27,2166.21,2375.177,2640.46275,-9.209286,-19.797509,-0.823244,6.537604,3.891066,7.058872,-0.819865
2011-12-28,2170.01,2371.476167,2636.30205,-8.878084,-19.464542,-0.305072,7.131244,4.186679,7.391671,-0.993544
2011-12-29,2173.56,2368.279833,2632.38415,-8.579751,-19.152358,2.379046,6.999104,5.751619,7.249857,-1.155248
2011-12-30,2199.42,2365.6165,2628.71225,-7.284498,-17.83004,3.849613,4.118748,4.755921,5.988852,-2.317429
2012-01-04,2169.39,2362.693167,2624.87105,-8.535612,-19.058575,4.799546,7.891769,5.22613,8.211525,-0.965248
2012-01-05,2148.45,2359.358667,2621.132,-9.364318,-19.885963,5.72378,8.949419,7.070706,9.362098,0.69585
2012-01-06,2163.4,2355.082,2617.295,-8.489449,-19.046028,3.683736,8.357647,6.510316,8.716835,1.977905
2012-01-09,2225.89,2351.533667,2613.93795,-5.49109,-16.070104,-0.888979,5.504542,5.462438,5.6647,-0.885039
2012-01-10,2285.74,2349.106333,2610.8322,-2.734515,-13.29792,0.55147,2.549749,3.16158,2.897967,-3.480273
2012-01-11,2276.05,2346.367167,2607.66675,-3.042676,-13.601437,-0.425764,3.90551,3.496087,3.982777,-3.069353
2012-01-12,2275.01,2344.559167,2604.4461,-3.011295,-13.523558,0.921452,3.534578,2.602316,4.030312,-3.025042
2012-01-13,2244.58,2342.343667,2600.9266,-4.263357,-14.734934,3.266938,4.894757,5.893915,5.440662,-1.710342
2012-01-16,2206.19,2340.257333,2597.224,-5.899385,-16.317614,3.511648,6.891883,7.525765,7.275439,2.728233
2012-01-17,2298.38,2339.9425,2593.82685,-1.792183,-12.092981,-0.251362,3.549662,4.611847,3.613415,-1.392285
2012-01-18,2266.38,2338.21,2590.23875,-3.120183,-13.356621,0.074981,5.877961,5.251939,6.054148,0.075009
2012-01-19,2296.07,2336.316667,2586.9287,-1.737665,-11.927238,0.715617,4.824104,3.960474,4.942358,-1.219039
2012-01-20,2319.12,2334.510667,2583.74545,-0.66145,-10.805227,0.485641,5.065859,3.711442,5.196368,-2.200835
2012-01-30,2285.04,2332.001167,2580.5301,-2.034324,-12.161131,1.997389,6.850377,5.104163,7.090467,-0.742219
2012-01-31,2292.61,2328.987833,2577.1561,-1.574286,-11.69956,-0.030974,6.715601,4.424332,6.946232,-1.06996
2012-02-01,2268.08,2325.651667,2573.4897,-2.506663,-12.632918,3.443005,6.833601,7.242483,8.102889,1.050228
2012-02-02,2312.56,2323.027333,2570.01295,-0.451608,-10.55558,1.588571,4.793402,5.367569,6.023627,-0.893382
2012-02-03,2330.41,2320.132333,2566.5149,0.441999,-9.650469,0.921331,5.439758,5.086388,5.590433,-1.652499
2012-02-06,2331.14,2317.183167,2563.05685,0.600512,-9.484321,0.884483,4.76877,5.052621,5.557367,-1.683297
2012-02-07,2291.9,2313.243333,2559.4095,-0.926941,-11.03954,2.280615,5.043228,6.624961,7.364632,2.30682
2012-02-08,2347.53,2310.538833,2555.89515,1.588295,-8.50388,0.813287,1.993183,2.56778,4.820386,-0.11757
2012-02-09,2349.59,2307.968,2552.4299,1.787336,-8.280496,0.308938,2.964239,2.548133,4.728485,-0.205142
2012-02-10,2351.98,2305.085667,2548.93715,2.013969,-8.041894,0.220846,3.651918,1.811735,4.622063,-0.30655
2012-02-13,2351.85,2302.9575,2545.40975,2.100809,-7.908939,0.498363,3.468701,1.220491,4.627846,-0.30104
2012-02-14,2344.77,2300.685667,2542.1384,1.898012,-8.08183,1.551383,4.626119,1.274275,4.943768,0.515616
2012-02-15,2366.7,2297.9855,2538.9367,2.946371,-7.024879,1.546687,1.03113,-0.870384,3.971353,-0.415769
2012-02-16,2356.86,2295.103833,2535.58765,2.655214,-7.30952,2.210978,0.714918,0.930377,4.405438,0.013577
2012-02-17,2357.18,2293.274167,2532.32095,2.748543,-7.167026,3.43804,1.99758,-0.53853,4.391264,0.272359
2012-02-20,2363.6,2291.616667,2529.3142,3.092834,-6.776232,3.470142,1.951555,-0.649422,4.107717,0.430276
2012-02-21,2381.43,2291.031167,2526.52645,3.869914,-5.914427,2.914577,-0.192927,-0.341554,3.328252,-0.321655
2012-02-22,2403.59,2290.838833,2523.91735,4.80454,-4.884875,1.030621,-1.061955,-1.684527,2.375613,-1.240644
2012-02-23,2409.55,2290.787667,2521.5299,5.054429,-4.542581,0.684914,-1.411841,-2.4612,2.122388,-1.484925
2012-02-24,2439.63,2291.5305,2519.1705,6.262645,-3.208329,0.859541,-3.762682,-4.445568,0.863246,-3.692773
2012-02-27,2447.06,2292.355667,2516.74485,6.530734,-2.807904,-0.084218,-4.021669,-3.564534,0.556995,-3.98519
2012-02-28,2451.86,2293.549667,2514.67405,6.674623,-2.529627,-1.703347,-4.363231,-2.570419,0.360135,-4.269412
2012-02-29,2428.49,2294.307333,2512.4545,5.683868,-3.39905,-1.397412,-6.095616,-1.820892,1.325927,-5.913551
2012-03-01,2426.11,2294.536,2510.2656,5.575851,-3.409941,-0.240592,-7.43994,-2.245871,1.425327,-7.169914
2012-03-02,2460.69,2296.657333,2508.20675,6.898707,-1.912626,-0.86651,-8.384323,-3.610142,-0.199131,-8.474452
2012-03-05,2445,2297.626333,2505.9786,6.216856,-2.463419,-0.415586,-6.016256,-5.74255,0.441309,-7.887117
2012-03-06,2410.45,2298.456167,2503.61375,4.757579,-3.792174,1.863505,-4.406055,-4.17351,1.880977,-6.566824
2012-03-07,2394.79,2299.482167,2501.3673,4.061159,-4.354196,-0.148767,-4.658822,-3.624284,2.547196,-5.955846
2012-03-08,2420.28,2301.055,2499.11355,5.051552,-3.205285,-1.940383,-4.842953,-5.396554,1.467186,-6.946304
2012-03-09,2439.46,2302.833833,2497.0655,5.763624,-2.333954,-1.433491,-5.499249,-6.69655,0.66941,-7.677929
2012-03-12,2434.86,2304.5845,2494.97595,5.498886,-2.438983,-1.018783,-3.510804,-5.443555,0.859598,-7.503511
2012-03-13,2455.79,2306.9265,2492.89105,6.253238,-1.49946,-3.267663,-4.014288,-6.998839,-1.857243,-8.291833
2012-03-14,2391.23,2308.588,2490.54935,3.51718,-4.069543,-0.546398,-1.440553,-3.070632,0.792479,-5.815835
2012-03-15,2373.77,2310.674333,2488.1259,2.694001,-4.705037,0.084219,-1.64718,-3.333271,1.533847,-5.123074
2012-03-16,2404.74,2313.611333,2486.27675,3.863214,-3.334452,-2.322223,-0.998422,-4.155883,0.22622,-6.344969
2012-03-19,2410.18,2317.432667,2484.49235,3.924147,-3.036692,-2.503082,-1.317674,-3.983829,-1.216922,-6.556357
2012-03-20,2376.84,2319.966,2482.66785,2.421934,-4.356185,-1.255727,1.255112,-3.251933,1.263021,-5.24562
2012-03-21,2378.2,2322.632,2480.8762,2.364287,-4.226791,-4.003039,0.435933,-3.653523,1.205113,-5.299807
2012-03-22,2375.77,2325.296,2479.2053,2.147425,-4.261647,-5.343184,0.548211,-4.956748,1.308628,-5.202945
2012-03-23,2349.54,2327.935833,2477.4212,0.92376,-5.299862,-3.7621,2.408265,-5.486273,2.439626,-4.144641
2012-03-26,2350.6,2330.674167,2475.45685,0.851305,-5.175435,-2.078805,2.275454,-5.623142,2.393431,-4.187867
2012-03-27,2347.18,2333.0475,2473.4749,0.603925,-5.24094,-1.746171,2.071962,-5.709125,2.542626,-4.048262
2012-03-28,2284.88,2334.627,2471.3734,-2.153863,-7.846052,0.039382,6.504498,-3.974885,6.720703,-1.432023
2012-03-29,2252.16,2336.0595,2468.9941,-3.657578,-9.192107,2.356395,8.014107,-1.19396,8.34399,0.471991
2012-03-30,2262.79,2337.605833,2466.58655,-3.252869,-8.623667,2.018565,8.030953,-1.63429,8.362243,1.016002
2012-04-05,2302.24,2339.7505,2464.3463,-1.616174,-6.804402,2.089866,6.300106,-3.224427,6.505403,-0.714956
2012-04-06,2306.55,2341.536,2462.36235,-1.505422,-6.536829,2.255272,5.987788,-3.495832,6.306388,-0.900479
2012-04-09,2285.78,2343.475833,2460.26555,-2.49279,-7.356197,3.069503,5.233419,-3.763651,7.272353,0.878475
2012-04-10,2305.86,2346.099333,2458.29295,-1.730038,-6.401348,1.25539,4.426847,-3.63352,6.338199,0.133139
2012-04-11,2308.93,2348.524833,2456.1874,-1.700319,-6.18261,3.067335,3.659067,-6.168384,6.19681,1.128661
2012-04-12,2350.86,2350.607667,2454.41455,0.010734,-4.310704,1.174347,1.262594,-8.261955,4.302681,-0.675072
2012-04-13,2359.16,2351.831333,2452.88895,0.311131,-3.896087,2.001737,0.662444,-8.110226,3.935723,-1.024517
2012-04-16,2357.03,2353.181,2451.46,0.163432,-3.928141,1.330088,-0.460962,-7.556229,4.029647,-0.935075
2012-04-17,2334.99,2354.180667,2450.0287,-0.818515,-4.809213,2.27961,1.862638,-6.597997,5.011585,0.479659
2012-04-18,2380.85,2356.451833,2448.70055,1.030054,-2.809993,1.084465,-1.537688,-10.293901,2.988849,-1.525926
2012-04-19,2378.63,2359.325833,2447.3471,0.814878,-2.847993,1.090046,-1.283303,-9.58657,3.084969,-1.434019
2012-04-20,2406.86,2361.133833,2445.94015,1.918105,-1.610658,-0.438877,-1.403739,-10.401066,1.875888,-2.590097
2012-04-23,2388.59,2363.170667,2444.15205,1.069901,-2.299502,2.065526,-1.058505,-8.916063,2.655123,-1.845022
2012-04-24,2388.83,2364.716667,2442.30505,1.014549,-2.213858,2.122712,-1.59757,-9.670346,2.644809,-1.854883
2012-04-25,2406.81,2366.178167,2440.5431,1.702615,-1.391838,1.860588,-3.091151,-11.68424,1.878004,-3.043863
2012-04-26,2404.7,2368.1725,2438.9242,1.530659,-1.413188,1.945847,-1.81832,-11.354462,1.967397,-2.958789
2012-04-27,2396.32,2369.901,2437.0954,1.108605,-1.687269,2.169655,-0.27915,-11.492908,2.32398,-2.619433
2012-05-02,2438.44,2372.740333,2435.4908,2.731294,0.121019,-1.231698,-2.229774,-13.711621,0.556503,-4.301521
2012-05-03,2440.08,2374.865667,2433.6271,2.708995,0.264805,-1.230865,-2.820038,-13.649118,0.488918,-4.36584
2012-05-04,2452.01,2376.892333,2431.8054,3.11142,0.827415,-2.353322,-3.256772,-15.02628,-0.002447,-4.831139
2012-05-07,2451.95,2378.905833,2430.01275,3.024298,0.898712,-2.947646,-6.0264,-15.32192,-0.125206,-5.848406
2012-05-08,2448.88,2381.522167,2428.2858,2.789093,0.84452,-3.070071,-5.755243,-14.263104,-1.578273,-5.730375
2012-05-09,2408.59,2382.539833,2426.3399,1.087444,-0.734239,-2.624878,-4.198881,-13.179448,0.06809,-4.153467
2012-05-10,2410.23,2383.5505,2424.3776,1.1131,-0.585265,-1.308819,-4.980448,-12.228651,-0.63272,-4.858457
2012-05-11,2394.98,2384.267167,2422.5796,0.448307,-1.145804,-2.129419,-4.856367,-10.562128,-0.222966,-4.740332
2012-05-14,2380.73,2384.7485,2420.50585,-0.16865,-1.656938,-1.37155,-3.195345,-9.84014,0.374255,-4.170149
2012-05-15,2374.84,2385.249667,2418.32785,-0.437373,-1.814626,-0.064446,-3.646996,-9.436362,0.6232,-3.932475
2012-05-16,2346.19,2384.907833,2415.95795,-1.636774,-2.930314,0.732545,-1.169118,-7.617795,1.851939,-2.759367
2012-05-17,2378.89,2385.275,2413.76895,-0.268043,-1.455541,-1.180598,-3.548729,-9.245536,0.451891,-4.096028
2012-05-18,2344.52,2385.064,2411.50665,-1.714527,-2.817103,-0.468998,-1.619773,-9.310832,1.924488,-2.690103
2012-05-21,2348.3,2384.809,2409.2771,-1.542738,-2.563508,0.55503,-1.382851,-9.170896,1.760422,-2.84674
2012-05-22,2373.31,2384.673667,2407.3142,-0.477668,-1.422608,0.685712,-3.103306,-11.336492,0.688069,-3.870544
2012-05-23,2363.44,2384.0045,2405.27745,-0.866345,-1.754708,0.894257,-3.030952,-11.238813,1.108554,-3.469096
2012-05-24,2350.97,2383.028167,2403.58855,-1.354401,-2.213484,0.900243,-3.907389,-10.582521,1.644853,-3.832035
2012-05-25,2333.55,2381.260167,2401.74115,-2.023912,-2.880324,1.694967,-4.803388,-10.214456,2.403634,-4.68985
2012-05-28,2361.37,2379.832,2399.93055,-0.778794,-1.619784,-2.262234,-6.080277,-10.864224,1.197186,-5.899118
2012-05-29,2389.64,2378.795,2398.33485,0.454867,-0.363196,-3.306438,-7.501937,-12.554068,-0.207981,-7.227448
2012-05-30,2384.67,2378.064667,2396.74955,0.277376,-0.505272,-3.200805,-8.249609,-12.091888,-0.470925,-7.918496
2012-05-31,2372.23,2377.166667,2395.0918,-0.207886,-0.959112,-3.391274,-6.388029,-12.566209,0.051007,-7.43562
2012-06-01,2373.44,2375.7125,2393.5627,-0.095701,-0.844255,-3.952917,-6.408471,-14.371909,-2.297088,-7.48281
2012-06-04,2308.55,2373.438333,2391.713,-2.772006,-3.539022,-0.116591,-3.498133,-10.755043,0.4492,-4.882285
2012-06-05,2311.92,2371.796167,2389.8524,-2.55692,-3.315326,-0.961824,-3.728377,-11.865931,0.302779,-5.020935
2012-06-06,2309.55,2370.3755,2388.26805,-2.599568,-3.351574,0.404886,-4.798189,-11.795516,0.405707,-4.92347
2012-06-07,2293.13,2368.256333,2387.0996,-3.223626,-4.016138,0.1229,-3.079919,-11.328839,1.124664,-4.242673
2012-06-08,2281.45,2365.622833,2385.8765,-3.623014,-4.475536,1.107175,-4.971084,-10.251793,1.642377,-4.849547
2012-06-11,2305.86,2363.472833,2384.6599,-2.467837,-3.360281,0.440944,-6.329204,-12.071628,0.566383,-6.13307
2012-06-12,2289.79,2360.706167,2383.2013,-3.050069,-3.998456,0.479243,-5.125675,-11.66482,1.272169,-5.474301
2012-06-13,2318.92,2359.501,2381.83005,-1.73486,-2.676756,-1.129289,-5.92615,-12.232562,-0.123765,-6.661722
2012-06-14,2295.95,2358.204,2380.17595,-2.675361,-3.602771,-1.539258,-4.911906,-7.607692,0.875455,-5.727912
2012-06-15,2306.85,2356.5725,2378.66935,-2.132528,-3.065828,-3.652612,-7.13644,-7.746783,0.398812,-6.887747
2012-06-18,2316.05,2355.003667,2377.2433,-1.667914,-2.607839,-4.142395,-6.920415,-8.818766,-0.65888,-7.257615
2012-06-19,2300.79,2353.736167,2375.9499,-2.275138,-3.214477,-3.712919,-5.894021,-7.875159,-0.343795,-6.642501
2012-06-20,2292.88,2352.314167,2374.7425,-2.559093,-3.508034,-4.324401,-4.826607,-8.294064,-1.395625,-6.320435
2012-06-21,2260.88,2350.399333,2373.4676,-3.883112,-4.859789,-1.580396,-4.165388,-6.252364,-1.401667,-4.994515
2012-06-25,2224.11,2348.308833,2371.81805,-5.433859,-6.429994,0.089883,-3.789701,-6.771036,0.228406,-3.718791
2012-06-26,2222.07,2346.166667,2370.22295,-5.43436,-6.454483,0.31991,-3.455866,-7.595654,0.320422,-3.630399
2012-06-27,2216.93,2343.995833,2368.2313,-5.573374,-6.602003,0.467122,-3.711821,-6.962361,0.553017,-3.643778
2012-06-28,2195.84,2342.511833,2366.14955,-6.465913,-7.469931,0.250615,-3.232238,-8.107398,1.518781,-3.18056
2012-06-29,2225.43,2342.066333,2364.39465,-5.108343,-6.057187,-0.083165,-4.44105,-9.354623,0.168956,-4.467901
2012-07-02,2226.11,2341.455,2362.69225,-5.051686,-5.954609,-2.51553,-5.361038,-9.064968,0.138358,-5.219868
2012-07-03,2229.19,2340.2375,2361.0015,-4.861413,-5.74476,-2.947662,-5.797387,-9.395231,-0.084336,-5.632539
2012-07-04,2227.31,2338.916833,2359.35785,-4.889335,-5.759491,-2.359122,-4.779484,-10.556457,-0.167467,-5.552887
2012-07-05,2201.35,2337.509667,2357.7232,-6.001531,-6.86256,-0.723075,-4.182378,-6.815283,1.009835,-4.439094
2012-07-06,2223.58,2336.138333,2356.4474,-4.938077,-5.803664,-1.709087,-4.168284,-6.378866,-1.694565,-5.394454
2012-07-09,2170.81,2333.836333,2354.94885,-7.241304,-8.141864,-1.058182,-0.734677,-4.541877,0.695132,-3.094697
2012-07-10,2164.44,2330.729333,2353.1906,-7.401957,-8.361044,-0.150267,-0.315591,-2.299811,0.99148,-2.809503
2012-07-11,2175.38,2327.666333,2351.5728,-6.766283,-7.788102,-0.289103,-0.663691,-2.581558,0.483594,-3.298274
2012-07-12,2185.49,2324.807333,2350.0115,-6.179711,-7.258016,-0.029746,-0.522527,-3.853698,0.01876,-3.745613
2012-07-13,2185.9,2322.3225,2348.5845,-6.054012,-7.178516,-0.79274,-0.784901,-3.774543,-0.048493,-3.763667
2012-07-16,2147.96,2318.441,2346.90015,-7.637642,-8.857682,-0.305873,-0.554618,-2.320045,1.716978,-2.063819
2012-07-17,2161.19,2314.817,2345.31085,-6.867164,-8.175896,-0.677846,-0.867629,-2.928848,1.094305,-2.663348
2012-07-18,2169.1,2310.854333,2343.74465,-6.330496,-7.743759,-1.530719,-2.339165,-2.970237,0.725647,-3.018303
2012-07-19,2184.84,2307.4585,2342.4799,-5.46041,-6.966756,-2.730032,-3.381254,-2.462751,-0.491569,-3.716977
2012-07-20,2168.64,2303.788667,2341.08435,-6.045477,-7.651398,-1.856059,-2.509744,-1.87767,0.251771,-2.997731
2012-07-23,2141.4,2299.365167,2339.22655,-7.117325,-8.836052,-1.481453,-1.621367,-0.404291,1.527038,-1.763799
2012-07-24,2146.59,2295.063333,2337.7442,-6.68799,-8.530591,-2.021611,-1.328082,-1.508581,1.281568,-2.001314
2012-07-25,2136.15,2290.727167,2336.25915,-6.986416,-8.954585,-0.60054,-1.340309,-0.948236,1.776561,-1.522365
2012-07-26,2126,2285.519833,2334.92325,-7.235122,-9.373674,-0.699525,-0.610041,-1.155284,2.262465,-1.052211
2012-07-27,2128.76,2280.331167,2333.4918,-6.878103,-9.182612,0.189602,-1.73713,-2.982364,2.129878,-1.722129
2012-07-30,2109.91,2274.6295,2332.08105,-7.517189,-10.011573,2.110831,-2.602401,-2.445401,3.04231,-2.56883
2012-07-31,2103.63,2268.824167,2330.7725,-7.559729,-10.253533,2.534134,-1.459523,-1.981831,3.349924,-2.277967
2012-08-01,2123.36,2263.398833,2329.5932,-6.386785,-9.269392,1.756671,-3.358071,-2.599234,2.389609,-3.302313
2012-08-02,2111.18,2258.442,2328.42515,-6.742816,-9.79451,2.936775,-2.814949,-0.320239,2.980324,-2.775699
2012-08-03,2132.8,2253.818167,2327.34655,-5.519007,-8.729313,1.674296,-4.080637,-0.741206,1.936422,-3.9985
2012-08-06,2154.92,2249.817167,2326.02115,-4.309535,-7.640555,-0.878123,-4.546032,-1.915752,0.890056,-4.983944
2012-08-07,2157.62,2246.098667,2324.6153,-4.018902,-7.45488,-0.702306,-5.426834,-2.421535,0.763805,-5.282209
2012-08-08,2160.99,2242.5345,2323.26335,-3.704025,-7.240636,-1.964577,-5.875454,-2.590425,0.606666,-5.706181
2012-08-09,2174.1,2239.666333,2321.93185,-2.971211,-6.578475,-2.888473,-5.783885,-4.833698,-0.243319,-6.27478
2012-08-10,2168.81,2236.165,2320.85845,-3.058372,-6.775851,-2.517583,-1.910885,-4.70794,-1.212185,-6.046173
2012-08-13,2136.08,2232.691,2319.6513,-4.423521,-8.24445,-1.372622,-0.055725,-2.69555,0.301487,-4.606569
2012-08-14,2142.52,2229.261333,2318.70705,-3.968758,-7.902702,-1.138299,-1.030722,-4.517271,-0.356123,-4.893303
2012-08-15,2118.95,2225.022,2317.71545,-4.884612,-8.96613,-0.531863,0.358027,-3.044048,0.752259,-3.83539
2012-08-16,2112.2,2220.834667,2316.4248,-5.015304,-9.22949,0.041181,-0.086203,-3.955142,1.074235,-3.528075
2012-08-17,2114.89,2216.9,2314.9509,-4.710702,-9.038568,-1.083446,0.422768,-4.852257,0.945676,-3.650781
2012-08-20,2106.96,2213.1235,2313.3483,-4.915872,-9.344981,-2.462486,-1.359967,-4.364481,1.325607,-3.28815
2012-08-21,2118.27,2209.071833,2311.7616,-4.197272,-8.741011,-2.153053,-2.811706,-5.300245,0.784603,-3.80452
2012-08-22,2107.71,2204.373,2309.9331,-4.484106,-9.161651,-2.618302,-1.91023,-3.740863,1.289551,-3.322563
2012-08-23,2113.07,2199.846333,2308.1572,-4.024564,-8.830759,-2.904433,-4.265118,-4.721999,1.032621,-4.175441
2012-08-24,2092.1,2195.1775,2306.2676,-4.809456,-9.746211,-2.153904,-3.176443,-3.142403,2.045313,-3.214951
2012-08-27,2055.71,2189.882,2304.0256,-6.322637,-11.403657,0.167199,-1.10153,-1.878199,3.851711,-1.501671
2012-08-28,2073.15,2185.958667,2301.8509,-5.298529,-10.464435,-1.433176,-2.138321,-4.034678,2.978077,-2.33027
2012-08-29,2053.24,2181.647333,2299.47565,-6.066122,-11.326209,-0.760713,-2.418902,-3.960028,3.976642,-2.389881
2012-08-30,2052.58,2177.3645,2297.18955,-5.901766,-11.25889,-0.03216,0.182044,-4.437404,4.010075,-2.358495
2012-08-31,2047.52,2173.271,2294.90795,-5.96041,-11.406343,3.844048,1.870054,-3.347186,4.267113,-2.117195
2012-09-03,2059.15,2169.566,2292.5791,-5.223387,-10.738415,3.612185,0.738832,-4.946616,3.678217,-2.670034
2012-09-04,2043.65,2165.195833,2290.39965,-5.777339,-11.39889,3.693806,3.442613,-3.409814,4.464561,-1.931838
2012-09-05,2037.68,2160.994,2288.18265,-5.87564,-11.594599,4.268904,3.957588,-0.283567,4.770621,-1.644517
2012-09-06,2051.92,2156.544,2285.7987,-4.9731,-10.793956,2.809209,2.452714,-1.11146,4.04353,-2.327089
2012-09-07,2127.76,2153.740833,2283.7887,-1.213647,-7.076599,-0.18393,-1.078757,-3.149525,0.335094,-5.808456
2012-09-10,2134.89,2150.874833,2282.12835,-0.745954,-6.669337,-2.676864,-1.709702,-2.423637,-0.390652,-6.123032
2012-09-11,2120.55,2147.6165,2280.41585,-1.268313,-7.268233,-2.919283,-1.030497,-2.185892,0.282945,-5.488199
2012-09-12,2126.55,2144.7125,2278.9658,-0.850456,-6.92208,-2.80012,-0.989099,-2.082142,-0.126966,-5.754861
2012-09-13,2110.38,2141.670833,2277.44205,-1.471826,-7.618488,-4.137734,1.004707,-2.344385,1.009771,-5.032743
2012-09-14,2123.85,2139.387,2275.9982,-0.728886,-6.918825,-4.682656,0.209306,1.252569,0.369141,-5.63505
2012-09-17,2078.5,2136.960167,2274.4154,-2.773786,-9.007657,-2.204049,2.577044,3.861914,2.610536,-3.576137
2012-09-18,2059.54,2134.251333,2272.72535,-3.563326,-9.849705,-1.479668,2.631207,4.876381,3.555163,-2.688464
2012-09-19,2067.83,2131.766333,2271.1634,-3.045115,-9.379246,-3.126974,2.302304,4.464497,3.140007,-3.07859
2012-09-20,2024.84,2128.916333,2269.37245,-5.01224,-11.401265,1.542729,3.719876,6.847582,5.329804,-1.020821
2012-09-21,2026.69,2125.604,2267.44395,-4.765208,-11.224926,2.892593,1.931209,6.060227,5.233657,-1.111171
2012-09-24,2033.19,2122.388667,2265.94285,-4.29362,-10.838495,2.007561,1.25853,6.006232,4.89723,-1.427314
2012-09-25,2029.29,2119.057,2264.155,-4.32852,-10.951564,4.147758,1.616013,8.693869,5.098828,-1.237871
2012-09-26,2004.17,2115.338,2262.37255,-5.39846,-12.118405,5.615778,3.177739,10.188522,6.416122,2.602075
2012-09-27,2056.32,2112.920833,2260.988,-2.715329,-9.488391,2.23851,2.312667,7.021761,3.71732,0.127412
2012-09-28,2086.17,2110.630667,2259.7893,-1.165695,-7.994173,0.895236,1.469376,6.812807,2.233279,-1.305263
2012-10-08,2074.42,2109.024167,2258.49775,-1.654376,-8.501828,1.163651,1.891448,8.97149,2.812352,-0.746233
2012-10-09,2115.23,2108.204,2257.4248,0.332715,-6.506114,-0.779304,-0.437314,7.369084,0.828751,-2.661176
2012-10-10,2119.94,2107.28,2256.44815,0.598977,-6.240418,-0.677783,-0.672559,7.513577,0.604734,-2.87744
2012-10-11,2102.87,2105.903,2255.5048,-0.144128,-7.007073,1.361201,-1.502527,7.914719,1.421391,-2.08905
2012-10-12,2104.93,2104.5535,2254.7865,0.017888,-6.877308,1.104133,-1.718298,7.784728,1.322134,-2.184871
2012-10-15,2098.7,2103.7325,2254.1374,-0.239504,-7.144927,1.609881,-0.930123,8.446131,1.622909,-1.894506
2012-10-16,2098.81,2102.692833,2253.72695,-0.184831,-7.121475,0.742421,-2.456052,6.644374,1.617583,-2.426137
2012-10-17,2105.62,2101.634833,2253.13085,0.189443,-6.771078,0.491283,-2.412975,9.339053,1.288932,-2.74171
2012-10-18,2131.69,2100.749,2252.6981,1.462114,-5.521356,-1.422565,-4.873645,8.709738,0.050195,-4.756789
2012-10-19,2128.3,2100.076667,2252.25995,1.334969,-5.66106,-2.960753,-5.484331,8.170751,0.209557,-5.336654
2012-10-22,2132.76,2099.932667,2251.968,1.551163,-5.438759,-3.522563,-5.581557,6.890972,-0.736604,-5.534612
2012-10-23,2114.45,2099.397,2251.60875,0.714457,-6.285023,-2.494862,-5.119747,9.150873,0.122963,-4.990896
2012-10-24,2115.99,2099.061,2251.1648,0.803269,-6.192498,-2.251539,-4.132937,9.558124,0.050095,-5.060043
2012-10-25,2101.58,2098.654,2250.72215,0.139326,-6.856168,0.13552,-4.176756,9.678072,0.736113,-4.409064
2012-10-26,2066.21,2097.6115,2250.22215,-1.508331,-8.531293,2.43076,-1.897169,11.624334,2.460544,-2.772709
2012-10-29,2058.94,2096.762,2249.6668,-1.820296,-8.859083,2.640479,-2.035199,11.184763,2.822326,-2.429405
2012-10-30,2062.35,2096.074,2249.11075,-1.621996,-8.668881,2.09443,-3.51237,10.527323,2.652314,-3.451403
2012-10-31,2068.88,2095.166,2248.45805,-1.262539,-8.323727,1.76548,-4.718865,12.591746,2.328313,-4.609257
2012-11-01,2104.43,2095.0535,2248.13325,0.446556,-6.605556,-1.576684,-6.932114,11.418468,0.599687,-6.6973
2012-11-02,2117.05,2094.791,2247.97625,1.056982,-6.000676,-2.292438,-6.686616,11.811835,-0.142651,-7.25349
2012-11-05,2114.03,2094.1095,2247.7294,0.946768,-6.132447,-1.657921,-7.576896,12.077913,-0.379843,-7.296964
2012-11-06,2106,2093.249167,2247.12995,0.607293,-6.486341,-2.798042,-6.415113,13.857209,-0.012821,-6.943495
2012-11-07,2105.73,2092.328167,2246.2299,0.63848,-6.459101,-2.418199,-3.568596,14.246745,-1.256571,-6.931563
2012-11-08,2071.51,2090.618333,2245.2072,-0.918207,-8.052,-2.009917,-2.061647,16.090068,0.374606,-5.394133
2012-11-09,2069.07,2088.956,2244.1775,-0.956519,-8.123985,-2.6619,-0.352469,16.263395,0.492975,-5.282567
2012-11-12,2079.27,2088.009167,2243.35095,-0.419419,-7.595384,-3.041553,0.216188,15.114305,0.216422,-5.747209
2012-11-13,2047.89,2086.432,2242.55945,-1.864544,-9.080783,-1.921273,1.300657,17.206843,1.752047,-4.302965
2012-11-14,2055.42,2085.373167,2241.34465,-1.446761,-8.659577,-1.228679,1.319933,16.393175,1.37928,-4.65355
2012-11-15,2030.29,2084.008,2240.1642,-2.611432,-9.837053,-0.725676,1.524553,16.014379,2.634106,-3.473395
2012-11-16,2014.72,2082.3385,2238.75745,-3.301131,-10.544077,0.626409,6.527594,17.381282,6.745354,-2.727426
2012-11-19,2016.98,2080.838833,2237.24675,-3.116975,-10.364464,0.023795,6.866427,14.252721,7.107656,-2.836419
2012-11-20,2008.92,2079.016333,2235.86615,-3.42976,-10.703143,-0.887486,7.36492,14.144951,7.642913,-2.446588
2012-11-21,2030.32,2077.7265,2234.5547,-2.308085,-9.584855,-2.837467,6.295131,13.587925,6.508334,-3.474822
2012-11-22,2015.61,2076.102167,2233.29235,-2.95703,-10.255501,-2.619838,7.304463,12.908739,7.577855,-2.770377
2012-11-23,2027.38,2075.0235,2231.86645,-2.322816,-9.609389,-2.358687,6.026187,13.189617,6.953309,-3.334846
2012-11-26,2017.46,2074.386,2230.3017,-2.782591,-10.029757,-2.901218,6.782902,15.918817,7.479207,-2.859536
2012-11-27,1991.17,2073.019667,2228.60185,-4.028391,-11.265201,-0.808312,10.590226,16.973156,11.171321,-1.576962
2012-11-28,1973.52,2071.691,2227.00995,-4.854643,-12.084111,2.915749,11.729648,14.145776,12.445275,-0.696725
2012-11-29,1963.49,2070.206167,2225.08975,-5.29247,-12.507375,3.293784,11.641209,16.955982,13.019674,-0.189459
2012-11-30,1980.12,2069.082833,2223.2424,-4.394798,-11.580922,4.041709,12.030047,17.005716,12.783569,-1.027715
2012-12-03,1959.77,2067.4265,2221.28135,-5.347748,-12.525709,6.135163,14.656938,17.05875,15.785526,0.784276
2012-12-04,1975.14,2066.284667,2219.3978,-4.511287,-11.659662,4.917728,14.221511,16.032859,15.282461,2.739046
2012-12-05,2031.91,2066.1885,2217.8335,-1.672937,-8.755458,2.47033,11.754732,12.852667,12.473486,-0.131403
2012-12-06,2029.24,2065.8105,2216.1462,-1.78613,-8.81084,1.576283,11.478893,11.940466,12.621474,1.588772
2012-12-07,2061.79,2064.711,2214.67085,-0.141573,-7.152925,4.218164,9.855495,9.354537,10.84349,-0.015035
2012-12-10,2083.77,2063.859,2213.3038,0.960122,-6.030758,3.608686,9.160067,8.572442,9.674292,-1.069696
2012-12-11,2074.7,2063.094833,2211.8593,0.560936,-6.401691,4.14299,7.799769,9.365688,10.153757,-0.637201
2012-12-12,2082.73,2062.3645,2210.3658,0.982639,-5.947849,3.746519,10.432095,7.280526,10.995664,-1.020295
2012-12-13,2061.48,2061.5495,2208.65525,-0.003371,-6.895967,5.054234,12.05883,9.080283,12.816035,4.324078
2012-12-14,2150.62,2061.995667,2207.3606,4.208189,-2.604133,0.125002,7.127488,7.467675,8.139978,0.12508
2012-12-17,2160.34,2063.359667,2205.96415,4.593006,-2.089905,-0.059731,5.606102,7.312749,7.653425,-0.325412
2012-12-18,2162.46,2065.075,2204.54115,4.607992,-1.927293,2.33782,6.905699,7.388334,7.547885,-0.423129
2012-12-19,2162.24,2066.6485,2203.09305,4.521651,-1.871758,2.597051,7.395931,7.331483,7.676299,-0.412998
2012-12-20,2168.35,2069.040333,2201.79235,4.688162,-1.530522,1.716908,6.550365,5.792906,7.372887,-0.693615
2012-12-21,2153.31,2071.150667,2200.42835,3.890186,-2.164585,3.645173,7.495316,6.645061,8.122843,0.266566
2012-12-24,2159.05,2073.248333,2198.92015,4.055169,-1.829809,4.972819,6.437061,3.51544,7.835391,2.169936
2012-12-25,2213.61,2076.320333,2197.7632,6.402741,0.718455,2.822973,3.449468,1.034113,5.177515,-0.3483
2012-12-26,2219.13,2079.903,2196.8066,6.479397,1.011047,2.940833,5.580963,0.685751,5.739637,-0.59618
2012-12-27,2205.9,2082.396,2195.86215,5.761644,0.456084,3.131468,6.709373,0.985203,6.939571,1.239857
2012-12-28,2233.25,2084.847333,2194.927,6.876229,1.730914,1.867157,6.468404,-0.357068,6.68219,0.436583
2012-12-31,2269.13,2088.0925,2194.07535,8.314553,3.363579,0.638292,4.997871,-2.568478,5.124872,-1.151543
2013-01-04,2276.99,2090.7885,2193.286,8.531313,3.745352,-1.504014,6.05081,-2.275147,6.237621,-1.49276
2013-01-07,2285.36,2093.5455,2192.43385,8.766452,4.151129,1.147693,6.060609,-2.625891,6.248031,-1.853537
2013-01-08,2276.07,2096.432167,2191.85805,8.221334,3.770066,2.15622,6.672822,-2.51458,6.900491,-1.452943
2013-01-09,2275.34,2099.272333,2191.3659,8.053872,3.760444,1.490156,6.760369,-3.059505,6.99412,-1.421326
2013-01-10,2283.66,2102.355,2190.7605,8.272127,4.153068,0.054722,5.73805,-4.556503,6.604311,-1.780475
2013-01-11,2243,2104.758167,2189.9246,6.361368,2.394714,3.24892,8.106417,-2.170055,8.536781,1.86848
2013-01-14,2311.74,2108.1935,2189.5991,9.216907,5.428202,0.710354,4.641147,-5.236529,5.309421,-1.160598
2013-01-15,2325.68,2111.426667,2189.3365,9.664861,6.041394,-0.454231,2.430996,-5.664661,4.678202,-1.753036
2013-01-16,2309.5,2114.446667,2189.00515,8.82379,5.358388,0.49283,3.7262,-2.84859,5.411561,-1.064733
2013-01-17,2284.91,2116.9825,2188.682,7.633491,4.30271,0.771228,1.780192,-1.888249,6.545991,0.279661
2013-01-18,2317.07,2120.3595,2188.51435,8.871781,5.708052,-1.118411,-0.125669,-5.889818,5.067175,-1.11218
2013-01-21,2328.22,2123.896667,2188.41955,9.185158,6.192441,0.782083,-0.103136,-4.835387,4.564002,-1.585761
2013-01-22,2315.14,2127.456,2188.57085,8.454326,5.622141,1.875916,-0.946089,-5.132649,5.154764,-1.029743
2013-01-23,2320.91,2131.701,2188.9146,8.50391,5.855355,2.618261,-0.331886,-6.359365,4.893339,-1.275793
2013-01-24,2302.6,2135.762,2189.11365,7.521543,5.054218,3.533629,2.698854,-5.741493,5.727439,-0.49075
2013-01-25,2291.3,2139.577833,2189.05895,6.851081,4.564759,5.424316,2.933463,-3.81651,6.248854,0.089032
2013-01-28,2346.5,2144.204833,2189.2587,9.015608,6.936186,3.420479,-3.164835,-5.039874,3.749414,-3.115278
2013-01-29,2358.98,2148.447333,2189.6247,9.348391,7.449916,3.094917,-1.3946,-5.373309,3.200536,-3.627839
2013-01-30,2382.48,2152.871167,2190.0078,10.133958,8.423686,2.159122,-1.492735,-5.885754,2.1826,-4.578422
2013-01-31,2385.42,2157.394333,2190.39025,10.047404,8.529549,1.378471,-2.596059,-6.604267,2.056661,-4.696028
2013-02-01,2419.02,2162.611333,2190.73105,11.204606,9.91272,0.551592,-4.239463,-7.384217,0.639102,-6.019793
2013-02-04,2428.15,2167.985,2191.076,11.333149,10.27369,-0.271769,-4.962675,-7.979701,0.260692,-6.373165
2013-02-05,2433.13,2174.012,2191.4565,11.260419,10.46121,-2.085606,-6.21125,-9.301905,0.055484,-6.564795
2013-02-06,2434.48,2180.102167,2191.95395,11.036144,10.493982,-1.544013,-7.261327,-9.006616,-0.085439,-7.00396
2013-02-07,2418.53,2185.7565,2192.14235,10.119792,9.828061,-3.903136,-6.325675,-7.142558,0.573489,-6.390659
2013-02-08,2432.4,2192.165,2192.4112,10.398878,10.387648,-4.983165,-6.540498,-6.3445,-0.44565,-6.924437
2013-02-18,2421.56,2198.267333,2192.4847,9.674249,9.937649,-4.03393,-7.792717,-5.150719,-1.006789,-7.49682
2013-02-19,2382.91,2204.144333,2192.4563,7.798305,8.329992,-3.831316,-5.409543,-3.319403,0.598848,-5.99645
2013-02-20,2397.18,2210.518667,2192.49805,8.106587,8.925149,-3.565255,-3.386012,-4.034099,-1.317798,-6.556037
2013-02-21,2325.95,2215.668167,2192.09375,4.857454,5.927142,1.68989,-0.073545,-2.185404,1.70425,-3.694404
2013-02-22,2314.16,2220.7555,2191.64105,4.119932,5.439617,1.94072,0.608303,-1.113708,2.222405,-3.203754
2013-02-25,2325.82,2225.6805,2191.28855,4.400995,5.958292,-2.279616,0.038689,-1.417677,1.709935,-3.689022
2013-02-26,2293.34,2230.309333,2190.56305,2.786898,4.585066,1.427405,0.18863,1.212672,3.150427,-2.324993
2013-02-27,2313.22,2235.073333,2189.92875,3.436645,5.477148,1.457411,-0.518369,0.465795,2.263944,-3.16442
2013-02-28,2365.59,2240.8755,2189.49665,5.416082,7.735579,-1.761285,-5.620475,-2.043057,-0.257018,-5.465444
2013-03-01,2359.51,2247.0145,2189.03445,4.885152,7.499341,-1.74861,-5.348817,-2.528836,-0.522566,-5.221847
2013-03-04,2273.4,2252.0125,2188.15705,0.945225,3.821685,1.622639,-1.730377,1.130647,3.245359,-1.715492
2013-03-05,2326.31,2258.0595,2187.74565,2.977751,6.141169,-1.721732,-4.32957,-2.343798,0.897129,-4.237182
2013-03-06,2347.18,2264.177167,2187.4304,3.60032,7.048709,-3.60947,-5.332736,-3.302517,-0.805222,-5.19304
2013-03-07,2324.29,2270.2525,2187.07695,2.352356,6.084869,-2.351144,-4.97029,-3.599723,0.171665,-4.848793
2013-03-08,2318.61,2275.977,2186.76635,1.855846,5.854397,-1.749443,-4.086495,-4.75682,0.41706,-4.615696
2013-03-11,2310.59,2280.621667,2186.4451,1.305484,5.522592,-3.101811,-3.723825,-7.28028,0.765605,-4.28462
2013-03-12,2286.6,2284.911,2186.14715,0.073892,4.49253,-1.2839,-2.976153,-5.601378,1.822794,-3.280416
2013-03-13,2263.97,2288.280667,2185.57255,-1.068083,3.524208,2.331301,-2.558547,-4.876322,2.840585,-2.526094
2013-03-14,2270.28,2291.389167,2185.20135,-0.925508,3.81952,2.348993,-3.968878,-5.012371,2.554751,-3.89115
2013-03-15,2278.4,2294.784167,2184.85185,-0.716535,4.192542,2.165636,-3.735974,-6.105676,2.189256,-4.233673
2013-03-18,2240.02,2297.405667,2184.1854,-2.529572,2.524185,3.797476,-2.084959,-7.218607,3.940143,-2.592834
2013-03-19,2257.43,2300.6715,2183.65535,-1.897404,3.322676,1.766857,-2.686114,-8.518675,3.138525,-3.344068
2013-03-20,2317.37,2303.450667,2183.48735,0.602463,5.950962,-0.697612,-3.188777,-16.584185,0.470792,-5.844125
2013-03-21,2324.24,2306.182333,2183.4408,0.779962,6.249112,-3.857039,-3.594896,-17.069866,0.17382,-6.122431
2013-03-22,2328.28,2308.946,2183.27535,0.833865,6.430359,-4.0164,-6.372452,-17.653661,-0.067002,-6.285327
2013-03-25,2326.72,2311.687333,2182.96075,0.648185,6.377745,-4.048681,-4.77094,-17.662505,-1.094244,-6.222493
2013-03-26,2297.67,2313.842667,2182.52575,-0.701407,5.141276,-3.090795,-4.375189,-14.919779,0.156245,-5.036842
2013-03-27,2301.26,2316.3085,2182.1709,-0.651796,5.313659,-3.356955,-5.50911,-14.269246,-2.460391,-5.360107
2013-03-28,2236.3,2317.596,2181.4852,-3.570773,2.481679,-1.1111,-2.819873,-10.84009,0.372937,-2.780486
2013-03-29,2236.62,2317.9795,2181.12555,-3.57301,2.512475,-0.486287,-1.401156,-11.468773,0.358577,-2.794395
2013-04-01,2234.4,2318.234,2180.73795,-3.683295,2.430941,-0.370808,-0.144662,-10.77802,0.458289,-2.697816
2013-04-02,2227.74,2318.598,2180.3289,-3.997507,2.151188,-0.368315,0.350861,-10.42469,0.758616,-2.406924
2013-04-03,2225.29,2318.465333,2179.9897,-4.101823,2.056709,-0.83528,0.939717,-12.782581,0.944147,-2.299476
2013-04-08,2211.59,2317.506333,2179.6404,-4.678004,1.45518,-1.349732,0.962082,-11.799049,1.569459,-1.694256
2013-04-09,2225.77,2316.652667,2179.23995,-4.00204,2.112675,-1.398922,0.941741,-10.289898,0.946189,-2.320545
2013-04-10,2226.13,2315.6655,2178.92165,-3.943247,2.143455,-1.462945,0.706799,-7.127264,0.929865,-2.336342
2013-04-11,2219.55,2314.7235,2178.4248,-4.198577,1.870243,-0.993862,-0.114503,-8.46047,1.229078,-2.046811
2013-04-12,2206.78,2313.580833,2177.97895,-4.726203,1.313708,1.701071,0.813258,-6.912462,1.814861,-1.479984
2013-04-15,2181.94,2311.8855,2177.3544,-5.784904,0.210383,2.722976,3.151995,-5.473556,3.202196,-0.358397
2013-04-16,2194.85,2311.083,2176.7484,-5.160254,0.82815,-0.470843,3.931972,-7.075504,4.010297,-0.944484
2013-04-17,2193.8,2309.117333,2176.21345,-5.123014,0.804878,1.111495,4.726958,-8.085594,4.840459,-0.897074
2013-04-18,2197.6,2306.982667,2175.73705,-4.857461,0.999838,0.077782,4.776254,-9.790044,4.892155,-1.068438
2013-04-19,2244.64,2305.901667,2175.65585,-2.692663,3.121499,-3.017945,2.540691,-11.30208,2.693973,-3.141706
2013-04-22,2242.17,2305.189333,2175.74615,-2.771867,3.007248,-3.082016,1.483037,-9.259418,2.807102,-3.035006
2013-04-23,2184.54,2302.9805,2175.5585,-5.279887,0.411987,0.954896,4.650441,-7.173044,5.51924,-0.476988
2013-04-24,2218.32,2301.148833,2175.56545,-3.665834,1.946154,0.577596,3.314574,-9.30736,3.91242,-1.992499
2013-04-25,2199.31,2299.218333,2175.5828,-4.442554,1.084709,1.635255,5.399231,-8.958616,5.547649,-1.145359
2013-04-26,2177.91,2296.835,2175.3452,-5.316639,0.117834,3.091872,6.493274,-9.713423,6.708725,-0.17402
2013-05-02,2174.12,2294.693667,2175.08525,-5.397537,-0.044387,2.670855,6.39729,-8.84592,6.894744,1.443343
2013-05-03,2205.5,2293.263667,2174.9668,-3.902174,1.394084,1.856609,4.221137,-10.091187,5.373838,0.521877
2013-05-06,2231.17,2291.3415,2174.9861,-2.661134,2.550384,0.480653,3.005687,-9.494855,4.161494,-0.634645
2013-05-07,2235.57,2289.284667,2175.1572,-2.374317,2.739529,-0.833679,1.634911,-9.674619,3.956485,-0.830213
2013-05-08,2246.3,2287.015,2175.2708,-1.796306,3.213126,-0.961739,1.090502,-9.121051,3.459912,-1.303922
2013-05-09,2232.97,2284.474167,2175.5816,-2.280334,2.603651,0.84018,0.408485,-8.011212,4.077529,-0.714743
2013-05-10,2246.83,2281.604333,2175.99355,-1.535852,3.203497,1.591309,-1.612066,-9.325251,3.435507,-1.599142
2013-05-13,2241.92,2278.5005,2176.32625,-1.618491,2.969439,2.557213,-4.263254,-9.198375,3.66204,-4.173655
2013-05-14,2217.01,2274.8985,2176.48385,-2.577599,1.844878,3.896896,-2.510722,-7.722756,4.826771,-3.096964
2013-05-15,2224.8,2271.403833,2176.67835,-2.073105,2.1867,3.428503,-3.131034,-5.712034,4.459727,-3.436264
2013-05-16,2251.81,2268.625167,2177.1976,-0.743966,3.369579,1.054018,-4.195487,-6.686795,3.206754,-4.594526
2013-05-17,2282.87,2266.133,2177.806,0.735857,4.711548,0.247627,-6.301674,-8.342941,1.802556,-6.107225
2013-05-20,2299.99,2264.106833,2178.46045,1.572443,5.428636,-0.300888,-9.860605,-9.963344,1.044787,-9.390041
2013-05-21,2305.11,2262.810167,2179.0618,1.852092,5.623398,0.700759,-10.608815,-10.832886,0.820351,-10.065463
2013-05-22,2302.4,2261.2305,2179.7306,1.804292,5.475077,0.934639,-15.936098,-9.889547,0.93902,-14.73115
2013-05-23,2275.67,2260.3925,2180.40195,0.673604,4.276527,1.832237,-14.958007,-9.347548,2.124649,-13.893051
2013-05-24,2288.53,2259.965333,2181.11165,1.256022,4.807501,0.525592,-15.931651,-9.893215,1.550777,-14.727358
2013-05-27,2293.08,2259.419667,2181.8963,1.47879,4.970153,0.268709,-16.206139,-10.373956,1.349277,-14.9611
2013-05-28,2321.32,2259.886,2182.8729,2.682162,6.149414,-2.129065,-15.943821,-12.066378,0.116313,-15.99564
2013-05-29,2324.02,2260.066,2183.8492,2.790443,6.220944,-2.310901,-15.25341,-10.304347,-0.269791,-16.093235
2013-05-30,2317.75,2259.268667,2184.8884,2.555573,5.903214,-3.31795,-14.417507,-9.696099,-0.740373,-15.86625
2013-05-31,2300.59,2258.286667,2185.8732,1.85592,5.115023,-3.976594,-14.288754,-9.060941,-0.058246,-15.2387
2013-06-03,2299.25,2258.7175,2186.75265,1.778581,5.016535,-6.788288,-13.639044,-9.196556,-1.166902,-15.189301
2013-06-04,2272.42,2257.819333,2187.55885,0.644589,3.80591,-4.979312,-12.410463,-7.967972,-0.065569,-14.187958
2013-06-05,2270.93,2256.5485,2188.2495,0.635301,3.708753,-5.183275,-14.812801,-7.899046,-1.269084,-14.131655
2013-06-06,2242.11,2255.178833,2188.68545,-0.581189,2.411627,-3.763792,-13.169616,-5.453539,-1.391992,-13.027907
2013-06-07,2210.9,2253.383667,2188.95185,-1.903327,0.997685,-3.098299,-9.619573,-3.839569,-2.20996,-11.800172
2013-06-13,2148.35,2250.679667,2188.88865,-4.653214,-1.869384,-3.040138,-3.57081,-1.213845,0.637233,-9.232201
2013-06-14,2162.04,2248.603667,2188.82835,-3.925721,-1.231418,-4.201197,-5.835244,-1.025106,-0.127195,-9.806942
2013-06-17,2156.22,2246.807833,2188.7654,-4.115378,-1.498095,-9.376561,-4.594687,2.577545,0.142379,-9.563495
2013-06-18,2159.29,2244.958,2188.88145,-3.890735,-1.36112,-9.708502,-4.430063,3.579421,-0.733574,-9.692075
2013-06-19,2143.45,2242.708833,2188.8861,-4.526776,-2.09761,-9.38235,-4.705801,4.462599,-2.772633,-9.024703
2013-06-20,2084.02,2240.108833,2188.71145,-7.222573,-4.901427,-6.646422,-2.951946,7.911729,-0.524467,-6.430361
2013-06-21,2073.09,2237.0365,2188.5159,-7.611175,-5.41834,-4.634247,-3.957484,7.574669,-0.004824,-5.937031
2013-06-24,1963.23,2231.134167,2187.7576,-12.791898,-10.828602,1.617327,2.093328,12.803812,5.590787,-0.67338
2013-06-25,1959.51,2225.055333,2187.02035,-12.708734,-10.98456,2.372737,4.215552,10.917765,5.791244,-0.484815
2013-06-26,1951.49,2218.7755,2186.18645,-12.836228,-11.35655,2.168489,4.108166,11.615275,6.226012,-0.075839
2013-06-27,1950.01,2212.497,2185.39795,-12.628724,-11.396344,2.835804,3.584205,13.014105,6.306634,0.423588
2013-06-28,1979.21,2207.189333,2184.72865,-10.902214,-9.879386,1.404294,1.585974,10.917647,4.738254,-1.057998
2013-07-01,1995.24,2202.089,2184.24435,-9.864211,-9.050559,-1.870291,-0.953287,9.701551,3.896774,-1.85291
2013-07-02,2006.56,2198.26,2183.9986,-9.124433,-8.47356,-2.070059,-0.825702,7.174471,3.310641,-2.406606
2013-07-03,1994.27,2194.220833,2183.6042,-9.554894,-9.069875,0.692587,-0.02357,7.984404,3.947309,-1.805172
2013-07-04,2006.1,2190.415833,2183.3685,-8.789887,-8.467633,3.279947,1.138502,8.068439,3.33433,-2.384228
2013-07-05,2007.2,2186.740167,2183.1416,-8.567121,-8.402422,1.595906,1.100932,9.089813,3.2777,-2.437724
2013-07-08,1958.27,2182.289833,2182.69535,-10.831328,-10.849908,5.034839,4.601248,12.173167,5.858232,0.36665
2013-07-09,1965.45,2178.1875,2182.22685,-10.277188,-10.462462,4.975761,4.749919,10.860488,5.471521,0.552545
2013-07-10,2008.13,2174.560167,2182.04925,-7.962248,-8.306052,1.815473,1.906389,10.39677,3.229871,-1.584559
2013-07-11,2072.99,2172.007833,2182.2258,-4.666,-5.135336,-2.421274,-1.364312,7.648782,-0.350701,-4.663795
2013-07-12,2039.49,2169.006833,2182.16365,-6.156961,-6.761711,-2.323437,0.62321,9.082979,1.286106,-3.097833
2013-07-15,2059.39,2166.550333,2181.8218,-5.072637,-5.775039,-2.688547,2.013686,6.289257,2.034097,-4.034204
2013-07-16,2065.72,2164.613333,2181.47595,-4.676291,-5.452286,-1.062887,1.938755,5.775582,1.957671,-4.328273
2013-07-17,2044.92,2162.1145,2181.0978,-5.572801,-6.446966,-0.568383,2.664534,7.026741,2.994738,-3.355143
2013-07-18,2023.4,2159.2745,2180.58205,-6.499302,-7.481257,-0.110271,2.849207,9.688146,4.090145,-2.327271
2013-07-19,1992.65,2155.858667,2179.9934,-7.872369,-8.985644,0.909211,3.733412,10.382118,5.696434,-0.820014
2013-07-22,2004.76,2151.860667,2179.39795,-7.080854,-8.352432,-1.429288,3.953223,8.522611,5.057962,-1.419122
2013-07-23,2043.88,2148.555833,2179.22485,-4.994595,-6.411928,-2.668517,1.394907,5.725626,3.047146,-3.305967
2013-07-24,2033.33,2146.035667,2179.0938,-5.394742,-6.923426,-1.963248,1.930269,4.783584,3.581809,-2.804267
2013-07-25,2021.17,2142.749833,2178.8605,-5.841342,-7.512548,0.390101,2.247978,5.426068,4.20499,-2.219507
2013-07-26,2010.85,2139.608833,2178.79055,-6.206551,-8.021241,0.919252,2.291469,5.702911,4.739787,-1.717682
2013-07-29,1976.31,2136.248833,2178.53865,-7.781994,-9.742284,3.684244,5.902351,8.908969,6.570326,0.695741
2013-07-30,1990.06,2133.181167,2178.323,-6.944958,-9.039053,3.505562,5.547111,7.339309,5.833995,0.187934
2013-07-31,1993.8,2129.652833,2178.14555,-6.591661,-8.843148,2.622546,5.251384,7.52208,5.63547,1.768984
2013-08-01,2029.07,2126.2845,2178.27005,-4.679853,-7.095345,0.777133,3.303987,5.771817,3.799278,0.017249
2013-08-02,2029.42,2122.848667,2178.13555,-4.500886,-7.071922,1.118184,3.341558,6.107959,3.781376,0.76278
2013-08-05,2050.48,2119.585,2177.9571,-3.31464,-6.031342,2.447277,2.312506,4.254966,2.715462,-0.272131
2013-08-06,2061.06,2116.719833,2177.8903,-2.664723,-5.513624,2.164597,2.966158,3.261984,3.010587,-0.784063
2013-08-07,2046.78,2113.385667,2177.54805,-3.202342,-6.193167,2.573618,3.873616,2.858431,3.949618,-0.091852
2013-08-08,2044.9,2110.102,2177.17285,-3.13874,-6.267829,1.792244,3.721277,3.108784,4.045186,0.358942
2013-08-09,2052.24,2107.355833,2176.9197,-2.650212,-5.897902,0.786765,4.186928,3.567252,4.275816,0.254356
2013-08-12,2101.28,2105.297167,2176.90145,-0.190995,-3.535583,-0.74901,5.158545,-0.636875,5.293916,-2.085396
2013-08-13,2106.16,2102.869667,2176.93875,0.156346,-3.305326,-1.606735,6.070729,-0.268621,6.258784,-2.312265
2013-08-14,2100.14,2099.824167,2176.9454,0.01504,-3.591869,-1.302647,6.503866,1.685132,6.720028,-2.032245
2013-08-15,2081.88,2096.189,2176.8267,-0.68496,-4.459684,-0.7115,8.014468,5.392159,8.344381,-1.172978
2013-08-16,2068.45,2092.244667,2176.5105,-1.143796,-5.092337,-0.532732,7.798741,5.852565,9.047838,-0.531316
2013-08-19,2085.6,2088.631333,2176.297,-0.14524,-4.256823,0.519839,6.757261,5.640082,8.151132,-1.349252
2013-08-20,2072.59,2085.246667,2175.99615,-0.608812,-4.868753,1.483687,5.307306,6.227762,8.830015,-0.730004
2013-08-21,2072.96,2081.653833,2175.7887,-0.418515,-4.841368,1.357866,5.57684,5.783301,8.81059,-0.747723
2013-08-22,2067.12,2077.887833,2175.54435,-0.519558,-5.112257,1.446109,7.181922,5.596737,9.118,-0.467317
2013-08-23,2057.46,2073.490167,2175.32375,-0.776105,-5.570529,1.969341,7.040203,5.925993,9.630321,1.896027
2013-08-26,2096.47,2069.697667,2175.47505,1.285244,-3.699208,0.0944,4.752488,4.868863,7.590378,0.036251
2013-08-27,2103.57,2066.128,2175.6982,1.795958,-3.371372,0.924609,2.453062,5.358747,7.227238,-0.301392
2013-08-28,2101.3,2062.8065,2175.89295,1.848877,-3.488293,1.244778,2.756591,5.517619,7.343073,-0.19369
2013-08-29,2097.23,2059.4395,2176.0347,1.818357,-3.688685,1.194423,3.62595,5.118434,7.551389,0.054834
2013-08-30,2098.38,2056.538833,2176.00445,2.014123,-3.632476,1.963554,4.647323,5.754356,7.492447,0.003336
2013-09-02,2098.45,2053.664167,2175.91145,2.157338,-3.624866,5.293316,5.259412,7.051316,7.488861,1.142748
2013-09-03,2123.11,2051.680833,2175.95685,3.422262,-2.45865,5.269168,3.144412,5.67407,6.240374,-0.032028
2013-09-04,2127.62,2050.292833,2176.06495,3.702136,-2.251419,5.203869,4.616766,5.018087,6.015172,-0.243935
2013-09-05,2122.43,2049.860833,2176.14845,3.478975,-2.499489,6.085435,5.291818,5.311031,6.274412,0.827354
2013-09-06,2139.99,2049.493333,2176.49085,4.320855,-1.691272,4.398578,4.272841,4.455355,5.402362,0.739256
2013-09-09,2212.52,2050.431667,2177.2081,7.60818,1.608877,0.849705,-0.882975,-0.378112,1.947101,-2.563141
2013-09-10,2237.98,2051.743167,2178.00165,8.688392,2.716589,-2.370158,-2.233902,-1.584439,0.787317,-3.671615
2013-09-11,2241.27,2053.3735,2178.96855,8.755862,2.819105,-2.229673,-2.141659,-2.037327,0.63937,-3.813017
2013-09-12,2255.6,2056.233167,2179.96945,9.254026,3.410515,-1.544046,-1.175529,-4.290972,-0.790477,-4.4241
2013-09-13,2236.22,2058.952,2180.9991,8.258982,2.500387,-1.29127,-1.150035,-3.88169,0.069313,-3.5958
2013-09-16,2231.4,2063.4215,2182.0825,7.826366,2.23495,-1.484933,-2.187873,-3.796167,0.285471,-3.387559
2013-09-17,2185.56,2067.189,2182.9254,5.568238,0.120618,-1.370557,-0.976586,-2.678821,2.388861,-1.361207
2013-09-18,2191.85,2071.195,2183.84005,5.66202,0.366112,-1.462383,-2.723525,-5.007781,2.095034,-2.686771
2013-09-23,2221.04,2075.712167,2184.79365,6.767125,1.645417,-2.109863,-4.003832,-6.095025,0.753251,-3.96571
2013-09-24,2207.53,2079.5175,2185.75325,5.973835,0.991374,-0.42354,-3.628762,-5.33188,1.369857,-3.563711
2013-09-25,2198.51,2082.905333,2186.6089,5.401614,0.542796,0.601324,-1.74587,-4.282327,1.785755,-3.168055
2013-09-26,2155.81,2085.392833,2187.30065,3.320928,-1.450168,1.615959,-0.660864,-3.912145,3.801819,-1.25011
2013-09-27,2160.03,2088.1555,2188.14495,3.384097,-1.293202,3.104953,-0.485894,-2.75897,3.599024,-1.443036
2013-09-30,2174.67,2090.965,2189.1507,3.925125,-0.663673,2.860291,-1.158119,-3.611647,2.90159,-2.106527
2013-10-08,2198.2,2094.148333,2190.32425,4.84919,0.358925,1.589072,-1.880922,-3.812078,1.800109,-3.154399
2013-10-09,2211.77,2098.373333,2191.4825,5.263066,0.921484,-0.849071,-3.316953,-4.739429,1.175529,-3.748581
2013-10-10,2190.93,2102.131333,2192.6383,4.137436,-0.077941,-0.109146,-2.848586,-5.044974,2.137905,-2.833044
2013-10-11,2228.15,2105.798333,2193.90335,5.647699,1.548934,-1.554556,-5.63195,-8.542673,0.431748,-5.476292
2013-10-14,2237.77,2108.544667,2194.93265,5.948186,1.932847,-0.381911,-5.90431,-8.894821,-0.194837,-5.882642
2013-10-15,2233.41,2111.776667,2195.9535,5.599995,1.691322,-1.024298,-4.892517,-8.845457,-0.18671,-5.698909
2013-10-16,2193.07,2114.004667,2196.6099,3.671829,-0.161283,-0.455192,-4.912445,-7.84397,1.649286,-4.793737
2013-10-17,2188.54,2116.051667,2197.13375,3.368272,-0.391902,-1.112843,-4.105448,-8.345949,1.859687,-4.596672
2013-10-18,2193.78,2118.532667,2197.72915,3.490237,-0.179854,-2.81154,-2.677075,-8.771029,1.616388,-4.824549
2013-10-21,2229.24,2121.963333,2198.4617,4.931896,1.390283,-4.372349,-1.44678,-9.518279,-0.833916,-6.338483
2013-10-22,2210.65,2125.596667,2199.20755,3.923404,0.51895,-3.769996,-0.79614,-8.853204,-0.607514,-5.550856
2013-10-23,2183.11,2128.569167,2199.37,2.530046,-0.742049,-1.04293,1.070694,-7.582295,1.076446,-4.359377
2013-10-24,2164.32,2130.5765,2199.3899,1.571362,-1.607378,-1.054834,1.897043,-7.64871,1.953962,-3.529053
2013-10-25,2132.96,2132.237,2199.2424,0.033902,-3.060225,0.775248,2.929986,-6.87481,3.452948,-2.110682
2013-10-28,2133.87,2134.115333,2199.10055,-0.011496,-3.01112,0.73585,2.418648,-6.064366,3.40883,-2.152427
2013-10-29,2128.86,2136.082167,2198.9031,-0.338676,-3.237202,1.3243,2.514552,-3.689354,3.652189,-1.922156
2013-10-30,2160.46,2139.151333,2198.93885,0.991198,-1.765374,-0.969759,1.862244,-5.63033,2.136119,-3.356693
2013-10-31,2141.61,2141.677167,2198.85165,-0.003136,-2.637736,-0.571763,3.566549,-4.157892,3.630913,-2.506059
2013-11-01,2149.56,2144.273167,2198.5314,0.246253,-2.252642,-2.041103,3.246923,-5.560308,3.30021,-2.866633
2013-11-04,2149.63,2146.2825,2198.1839,0.155846,-2.233579,-1.8859,2.650603,-5.307659,3.296846,-2.869796
2013-11-05,2157.24,2148.412833,2197.9406,0.410027,-1.86912,-1.422523,2.987955,-5.103374,3.033042,-3.212438
2013-11-06,2139.61,2149.898333,2197.4724,-0.479698,-2.668422,-2.444564,5.108856,-5.107168,5.241609,-2.414926
2013-11-07,2129.4,2151.037333,2196.77375,-1.010996,-3.114956,-1.366008,5.378245,-4.068699,5.74622,-1.947027
2013-11-08,2106.13,2152.0265,2195.91945,-2.155782,-4.17487,1.400319,6.033271,-0.957023,6.914578,-0.863669
2013-11-11,2109.47,2153.102667,2195.04,-2.047317,-3.976354,4.075619,5.923524,-0.275329,6.745296,-1.020636
2013-11-12,2126.77,2154.344833,2194.2935,-1.288226,-3.125573,3.072079,5.075031,-0.793541,5.876987,-1.825773
2013-11-13,2087.94,2154.1225,2193.3565,-3.120551,-4.925508,5.527947,5.417309,0.499722,7.846011,0.602029
2013-11-14,2100.51,2154.028333,2192.44075,-2.515956,-4.283525,4.889648,4.754911,0.727645,7.200632,1.681496
2013-11-15,2135.83,2154.623167,2191.9049,-0.876051,-2.591565,2.795522,2.781407,-0.019198,5.427866,2.211787
2013-11-18,2197.22,2156.5455,2191.3323,1.868529,0.268321,-0.506922,-1.668663,-3.621561,2.482228,-1.654818
2013-11-19,2193.12,2158.623333,2190.6695,1.585451,0.111798,-0.459304,-1.935515,-2.332848,2.673816,-1.916904
2013-11-20,2206.61,2160.640167,2190.15505,2.105285,0.748506,-0.25138,-2.678988,-3.122183,2.046125,-2.643421
2013-11-21,2205.77,2162.859833,2189.75935,1.964531,0.7285,0.614672,-3.599277,-4.264142,2.084986,-3.535273
2013-11-22,2196.38,2164.916833,2189.1559,1.44286,0.329451,1.092185,-5.214242,-5.603527,2.521422,-5.080633
2013-11-25,2186.11,2166.9,2188.44535,0.882613,-0.10677,0.967805,-4.509841,-7.201126,3.003051,-4.634716
2013-11-26,2183.07,2168.9935,2187.785,0.646891,-0.215747,1.797703,-4.21767,-6.716978,3.146486,-4.501917
2013-11-27,2201.07,2170.736833,2187.1858,1.387694,0.632791,2.276853,-4.398701,-7.239733,2.302971,-5.282885
2013-11-28,2219.37,2172.666833,2186.76965,2.1268,1.479796,1.239932,-6.81783,-7.631512,1.459423,-6.590609
2013-11-29,2220.5,2174.6535,2186.41565,2.086305,1.546888,0.745246,-5.519999,-6.765559,1.407791,-6.638145
2013-12-02,2207.37,2176.489167,2185.72,1.408866,0.985647,1.387021,-5.10413,-6.354326,2.01099,-6.082804
2013-12-03,2222.67,2178.560667,2185.03845,2.004476,1.707575,0.664553,-4.919111,-7.936807,1.308786,-6.729294
2013-12-04,2251.76,2181.115833,2184.38485,3.187554,3.037788,-2.136111,-6.531333,-8.921005,-0.208726,-7.934238
2013-12-05,2247.06,2183.181667,2183.69305,2.88394,2.860519,-1.989342,-7.574632,-8.793179,-0.394293,-7.741671
2013-12-06,2237.11,2185.0065,2182.7835,2.356605,2.458396,-1.851546,-8.943994,-11.250778,0.048724,-8.555681
2013-12-09,2238.2,2186.936,2181.83375,2.317049,2.550628,-3.516568,-8.914035,-11.194496,-0.031722,-8.600214
2013-12-10,2237.49,2188.561,2180.85555,2.211045,2.563745,-3.938466,-9.02797,-11.336319,-1.489169,-8.632441
2013-12-11,2204.17,2188.421833,2179.704,0.717036,1.116193,-2.56835,-8.348833,-8.76942,-0.062155,-8.009818
2013-12-12,2202.8,2187.8355,2178.62535,0.681658,1.103517,-3.46454,-8.995411,-9.441445,-0.30552,-8.602687
2013-12-13,2196.07,2187.082167,2177.4437,0.410109,0.851783,-5.200127,-8.875361,-8.17567,-1.603319,-8.492899
2013-12-16,2160.86,2185.503167,2176.1402,-1.133979,-0.704647,-3.348099,-6.402836,-6.483783,-0.452598,-7.001842
2013-12-17,2151.08,2184.084167,2174.98105,-1.522655,-1.104991,-2.74146,-6.121549,-6.201646,-0.130167,-6.579021
2013-12-18,2148.28,2182.698833,2173.73655,-1.589459,-1.178008,-1.971093,-5.974,-7.478567,-0.953786,-6.457259
2013-12-19,2127.79,2181.736,2172.74575,-2.503701,-2.090781,-2.603881,-5.946476,-3.840574,-0.555036,-5.773126
2013-12-20,2084.79,2179.951667,2171.5989,-4.463457,-4.079559,0.786427,-4.590555,-0.891824,1.496074,-4.486783
2013-12-23,2089.71,2177.762833,2170.41835,-4.127283,-3.789464,0.373516,-3.973173,-1.077706,1.257112,-4.711659
2013-12-24,2092.91,2175.8525,2169.4162,-3.88651,-3.590266,1.096262,-1.986235,-1.406949,1.102293,-4.857352
2013-12-25,2106.35,2174.3165,2168.38185,-3.175777,-2.902461,0.144221,-3.093873,-2.87816,0.457189,-5.464429
2013-12-26,2073.1,2172.938,2166.9194,-4.70351,-4.426146,0.48313,-0.90661,-1.525738,2.0684,-3.948194
2013-12-27,2101.25,2171.958333,2165.6281,-3.309681,-3.017803,-2.678749,-3.287232,-3.28674,0.701011,-5.234979
2013-12-30,2097.53,2170.672667,2164.74875,-3.427664,-3.154384,-2.422884,-2.854131,-2.416046,0.879606,-5.066912
2013-12-31,2115.98,2169.302333,2163.6971,-2.488755,-2.230032,-3.444306,-3.172217,-2.730249,-0.31144,-5.894668
2014-01-02,2109.39,2167.596,2162.50815,-2.721991,-2.486992,-3.953611,-3.684692,-3.163692,-1.244436,-5.600671
2014-01-03,2083.14,2165.7995,2161.3024,-3.891321,-3.683463,-3.41012,-1.872311,-1.173851,-1.380128,-4.411129
2014-01-06,2045.71,2162.758833,2159.9379,-5.563973,-5.433455,-1.782912,1.9537,2.537304,1.972909,-2.662156
2014-01-07,2047.32,2159.584667,2158.62155,-5.33843,-5.293823,-1.005369,2.715182,2.789785,2.752379,-2.738702
2014-01-08,2044.34,2156.4335,2157.41025,-5.33807,-5.383355,-1.032045,3.159399,4.306373,3.209838,-2.596926
2014-01-09,2027.62,2153.676,2156.2285,-6.031346,-6.149794,-0.193517,3.431246,4.951278,4.060919,-1.793729
2014-01-10,2013.3,2150.755333,2154.9436,-6.604393,-6.798938,-0.415604,4.968146,5.706956,5.093627,-1.095217
2014-01-13,2009.56,2147.685,2153.5994,-6.647473,-6.922479,-0.915321,6.074756,4.478317,6.263063,-0.911145
2014-01-14,2026.84,2144.311667,2152.5335,-5.634067,-6.016759,-0.918436,4.449938,3.789454,5.357108,-1.755935
2014-01-15,2023.35,2141.19,2151.3631,-5.66072,-6.134709,1.393853,5.724215,3.665408,5.89122,-1.586478
2014-01-16,2023.7,2138.533167,2149.89475,-5.519264,-6.049137,0.909035,5.530805,3.593782,5.872906,-1.603499
2014-01-17,2004.95,2135.877,2148.2983,-6.325821,-6.905692,2.435984,5.281611,2.991296,6.863014,-0.683309
2014-01-20,1991.25,2133.515167,2146.61315,-6.900835,-7.512874,2.089751,4.20127,4.015224,7.598242,0.856748
2014-01-21,2008.31,2131.4225,2145.0211,-5.949602,-6.585582,1.492558,1.281888,2.898853,6.684227,1.233375
2014-01-22,2051.75,2130.137333,2143.7915,-3.749337,-4.38829,-0.08972,-0.513072,0.257011,4.42549,-0.909955
2014-01-23,2042.18,2128.166,2142.4961,-4.124271,-4.795369,-0.446598,0.252841,-0.27754,4.914846,-0.445602
2014-01-24,2054.39,2126.712333,2141.58655,-3.459831,-4.156797,-0.482571,0.092928,-2.508831,4.291298,-1.037291
2014-01-27,2033.3,2124.774667,2140.56995,-4.400567,-5.141204,2.562182,2.041672,-0.639427,5.373039,-0.01082
2014-01-28,2038.51,2122.922667,2139.5905,-4.057461,-4.839531,3.146429,1.603935,-0.597807,5.103728,-0.266371
2014-01-29,2049.91,2121.133833,2138.70135,-3.415488,-4.240291,2.88731,0.154521,-1.106637,4.519223,-0.821012
2014-01-30,2033.08,2119.358333,2137.7403,-4.156149,-5.019745,3.162326,1.295019,-0.248208,5.384441,0.056073
2014-02-07,2044.5,2117.943333,2136.90485,-3.529223,-4.420519,3.430336,0.653764,-1.697874,4.795794,-0.502812
2014-02-10,2086.07,2117.609,2136.20635,-1.500571,-2.374961,2.338144,-4.260484,-3.452873,2.707483,-4.171001
2014-02-11,2103.67,2117.512333,2135.59405,-0.655853,-1.506141,0.729387,-4.995643,-4.498171,1.848199,-4.972738
2014-02-12,2109.96,2117.232167,2135.0461,-0.344066,-1.181925,1.532772,-5.467748,-2.743018,1.544579,-5.320954
2014-02-13,2098.4,2117.4065,2134.5042,-0.901684,-1.705925,1.906042,-3.851833,-2.297932,2.103984,-4.799371
2014-02-14,2115.85,2117.662167,2134.17375,-0.085611,-0.862295,-0.102139,-5.414179,-3.263686,1.261904,-5.584517
2014-02-17,2135.42,2117.655333,2133.8766,0.835385,0.072302,-2.788807,-5.375065,-5.310846,0.333892,-6.449785
2014-02-18,2119.07,2116.352833,2133.50295,0.128307,-0.678789,-4.086486,-4.530885,-4.466715,1.108033,-5.727984
2014-02-19,2142.55,2115.51,2133.2277,1.270079,0.436052,-4.843434,-5.804313,-6.626288,-0.175959,-6.761102
2014-02-20,2138.78,2114.3795,2132.6984,1.147418,0.284754,-4.36893,-7.035372,-6.303661,-1.173099,-6.793593
2014-02-21,2113.69,2112.844833,2132.056,0.039993,-0.865154,-2.752698,-3.175709,-4.289023,-1.750493,-5.687211
2014-02-24,2076.69,2110.85,2131.51675,-1.631543,-2.605854,-0.069847,-0.502539,-2.703936,-0.069823,-4.006857
2014-02-25,2034.22,2108.3185,2130.59625,-3.577826,-4.628942,1.814605,1.613579,0.017204,2.016498,-2.002733
2014-02-26,2041.25,2105.954833,2129.80595,-3.12066,-4.246851,0.577874,1.092359,0.011267,1.665156,-2.340233
2014-02-27,2047.35,2103.392833,2129.15315,-2.70054,-3.917804,0.59558,-0.037128,-0.626669,1.362249,-2.631206
2014-02-28,2056.3,2100.675,2128.56405,-2.135047,-3.453935,0.078265,-0.712056,-0.295627,0.921072,-3.055002
2014-03-03,2075.24,2098.254,2127.91275,-1.102876,-2.506476,-3.739974,-2.04118,-1.683783,-0.181666,-3.939785
2014-03-04,2071.47,2095.989,2127.11425,-1.176702,-2.650775,-3.453149,-1.16585,-1.569602,-0.200824,-3.764959
2014-03-05,2053.08,2093.1625,2126.2018,-1.933498,-3.499609,-2.734959,0.287447,-0.722007,0.693105,-2.902956
2014-03-06,2059.58,2089.9595,2125.2682,-1.464261,-3.139593,-1.984526,-0.774019,-1.701633,0.375319,-3.209392
2014-03-07,2057.91,2086.807,2124.3929,-1.394424,-3.179516,-2.637608,0.044696,-0.830982,0.456774,-3.130846
2014-03-10,1999.06,2082.8395,2123.15405,-4.105504,-6.022567,1.223562,4.844089,1.533902,4.963333,-0.279131
2014-03-11,2001.16,2078.888833,2121.95025,-3.810652,-5.860858,1.194145,5.070246,1.455506,5.200983,-0.383777
2014-03-12,1997.69,2074.892167,2120.85365,-3.791767,-5.982716,1.196207,6.614721,2.708167,6.838398,-0.210743
2014-03-13,2019.11,2071.807833,2119.8252,-2.576476,-4.867681,-1.277497,5.371865,1.75947,5.704989,-1.269371
2014-03-14,2004.34,2068.500167,2118.58785,-3.150896,-5.543493,2.136331,6.152989,2.335876,6.48393,-0.541824
2014-03-17,2023.67,2065.626833,2117.29185,-2.052104,-4.522515,2.083719,3.778626,2.298368,5.4668,-1.491844
2014-03-18,2025.2,2063.365833,2115.9179,-1.867009,-4.382025,2.057978,3.870401,2.957031,5.387122,-1.566265
2014-03-19,2021.73,2061.21,2114.501,-1.933961,-4.486527,2.053237,3.745505,2.199955,5.568004,-1.397318
2014-03-20,1993.48,2058.63,2112.9564,-3.215886,-5.820625,2.629314,5.098349,3.0647,7.064029,1.998014
2014-03-21,2047.62,2057.293833,2111.81615,-0.47133,-3.087017,-0.289045,0.885394,-1.17358,4.233207,-0.69886
2014-03-24,2066.28,2056.985333,2110.7049,0.450841,-2.127208,-1.608488,0.316493,-1.935584,3.291906,-1.595621
2014-03-25,2067.31,2056.612,2109.57605,0.518828,-2.023876,-0.964824,0.003386,-2.099464,3.240443,-1.644649
2014-03-26,2063.67,2056.124667,2108.2878,0.366297,-2.13902,-0.227038,-0.322276,-1.451607,3.422543,-1.471165
2014-03-27,2046.59,2055.128667,2106.90065,-0.416346,-2.904299,-0.14131,-0.493252,-1.035841,4.285665,-0.648884
2014-03-28,2041.71,2054.6055,2105.52045,-0.629617,-3.077499,0.835017,-1.889703,-0.148515,4.534924,-1.87196
2014-03-31,2033.31,2053.473167,2104.18405,-0.986758,-3.426276,3.145295,-0.639919,0.157255,4.966778,-1.466574
2014-04-01,2047.46,2052.638667,2102.9251,-0.252612,-2.672928,2.782947,-1.035892,0.042483,4.241353,-2.147539
2014-04-02,2058.99,2051.688833,2101.85795,0.35523,-2.060612,3.592315,-1.548605,-0.419043,3.657619,-2.695496
2014-04-03,2043.7,2050.594,2100.7218,-0.336762,-2.751911,4.161358,-0.769208,0.76625,4.433136,-1.96751
2014-04-04,2058.83,2050.188833,2099.8054,0.420596,-1.970681,3.470686,-2.396334,0.213486,3.665674,-2.687934
2014-04-08,2098.28,2051.065,2099.2423,2.275879,-0.045851,0.1581,-4.036478,-1.871299,1.716644,-4.51751
2014-04-09,2105.24,2052.030333,2099.02675,2.559977,0.295569,-0.0057,-4.572775,-2.175747,1.380365,-4.833178
2014-04-10,2134.3,2053.529667,2098.88805,3.857862,1.673102,-1.673009,-3.889991,-3.348319,-0.129316,-6.128942
2014-04-11,2130.54,2055.245,2098.75965,3.598041,1.502894,-1.551013,-3.817964,-4.410727,0.046936,-5.963277
2014-04-14,2131.54,2057.215667,2098.6209,3.549127,1.556431,-3.131264,-4.002496,-4.470897,-1.239479,-6.007394
2014-04-15,2101.6,2058.749667,2098.41165,2.060012,0.151826,-1.378414,-3.714407,-2.634319,0.167491,-4.668348
2014-04-16,2105.12,2060.054333,2098.51715,2.164011,0.31415,-1.809037,-3.806231,-1.844353,-0.295945,-4.827753
2014-04-17,2098.89,2061.313333,2098.64615,1.806531,0.011619,-2.014544,-4.56748,-1.368613,-0.054314,-4.54526
2014-04-18,2097.75,2062.5475,2099.31875,1.692347,-0.074755,-2.962287,-4.366638,-1.463161,-1.187939,-4.493386
2014-04-21,2065.83,2063.562167,2099.85035,0.109839,-1.6334,-3.064142,-1.998707,-0.496917,0.338847,-3.017673
2014-04-22,2072.83,2064.921833,2100.45705,0.382245,-1.324014,-2.564901,-2.51789,-0.66604,-0.262926,-3.345185
2014-04-23,2067.38,2065.906333,2101.0439,0.071307,-1.615221,-2.004103,-1.599761,-0.625933,-0.500634,-3.090385
2014-04-24,2057.03,2065.994333,2101.433,-0.434843,-2.13563,-1.453367,-0.758816,0.892926,-0.202233,-2.602782
2014-04-25,2036.52,2065.9,2101.6394,-1.43235,-3.147524,-0.417266,-0.096289,2.03992,0.80284,-1.621884
2014-04-28,2003.49,2065.051667,2101.62405,-3.026459,-4.781974,0.328386,2.306132,4.945331,2.464699,0.084353
2014-04-29,2020.34,2064.835667,2101.7544,-2.178483,-3.950661,-0.251263,0.997317,5.126335,1.610125,-0.750369
2014-04-30,2026.36,2064.633167,2101.8557,-1.871149,-3.657954,-0.753935,0.63214,7.214299,1.308257,-1.045224
2014-05-05,2027.35,2064.257167,2101.95645,-1.804091,-3.613903,1.250929,0.539151,7.405759,1.258786,-1.093546
2014-05-06,2028.04,2064.173167,2102.3053,-1.765993,-3.59647,1.112602,-0.158406,7.282371,1.224335,-1.127197
2014-05-07,2010.08,2063.5995,2102.52845,-2.627727,-4.496612,1.864524,1.520657,9.099168,2.128771,-0.243771
2014-05-08,2015.27,2062.4195,2102.56415,-2.312663,-4.240444,0.48017,0.726291,8.099994,1.865755,-0.500677
2014-05-09,2011.14,2060.877333,2102.2549,-2.443006,-4.430881,0.760844,0.958034,10.030435,2.074943,-0.296349
2014-05-12,2052.87,2059.925833,2102.3218,-0.343116,-2.380354,-2.350498,-0.016564,7.824586,-0.016562,-2.323089
2014-05-13,2050.73,2059.131333,2102.2785,-0.408838,-2.482593,-2.099687,0.205569,7.817108,0.20578,-2.22116
2014-05-14,2047.91,2057.999,2102.18945,-0.491439,-2.615964,-1.127475,0.185383,6.601729,0.343765,-2.086517
2014-05-15,2024.97,2056.158167,2102.0897,-1.528439,-3.737706,-0.181896,2.234149,8.036745,2.259293,-0.977298
2014-05-16,2026.5,2054.615333,2102.1052,-1.377848,-3.662915,0.397433,2.89286,9.328943,2.93511,-1.05206
2014-05-19,2005.18,2052.325833,2102.16785,-2.323987,-4.723529,1.79412,3.02193,10.248932,4.029563,0.14662
2014-05-20,2008.12,2050.148167,2102.18465,-2.071311,-4.577815,1.308062,2.33299,10.160469,3.877258,0.655837
2014-05-21,2024.95,2048.669167,2102.09,-1.164539,-3.738708,1.240697,-0.060267,8.584894,3.013902,-0.180745
2014-05-22,2021.29,2047.745833,2102.0298,-1.300367,-3.916753,0.950306,0.265813,9.679822,3.200431,0.120715
2014-05-23,2034.57,2047.751667,2102.0968,-0.645795,-3.265083,0.227798,-0.503089,9.595474,2.526824,-0.532791
2014-05-26,2041.48,2047.7555,2102.24995,-0.306928,-2.933314,-0.1554,-0.370515,9.517747,2.179791,-0.869467
2014-05-27,2034.56,2047.542333,2102.5412,-0.636063,-3.286713,-0.479383,-0.4463,9.629003,2.527328,-0.532302
2014-05-28,2050.23,2047.441167,2102.84205,0.136118,-2.53378,-0.457089,-0.564944,8.425586,1.743707,-1.292538
2014-05-29,2040.59,2046.863667,2103.076,-0.306972,-3.016205,-0.522289,-0.200142,9.359843,2.224357,-0.826232
2014-05-30,2039.21,2046.326,2103.1267,-0.348351,-3.086266,-0.428041,0.446235,8.91117,2.293535,-0.759118
2014-06-03,2038.31,2046.079833,2103.17115,-0.380465,-3.132524,0.695215,0.590411,7.956293,2.338702,-0.715298
2014-06-04,2024.83,2045.500667,2103.0429,-1.015684,-3.789955,1.476577,1.693864,8.726692,3.020007,-0.054326
2014-06-05,2040.88,2045.216833,2102.942,-0.212273,-2.995623,0.52925,1.089163,7.317447,2.209831,-0.840324
2014-06-06,2029.96,2045.731833,2102.8579,-0.77395,-3.528124,1.988028,1.438888,8.822905,2.75966,-0.306903
2014-06-09,2030.5,2046.220833,2102.7859,-0.771253,-3.498102,2.69567,1.438993,9.618732,2.732332,-0.333415
2014-06-10,2052.53,2047.134833,2102.78735,0.263201,-2.41906,0.687995,0.558236,9.896505,1.629696,-1.403146
2014-06-11,2054.95,2047.732167,2102.5557,0.35186,-2.290209,0.027734,-0.798331,10.770187,1.510012,-1.519258
2014-06-12,2051.71,2048.521667,2102.28345,0.15552,-2.435052,-1.373125,-0.653784,11.72137,1.670314,-1.36374
2014-06-13,2070.72,2049.305833,2102.13635,1.039525,-1.505776,-2.150232,-1.154061,11.643853,0.736942,-2.269259
2014-06-16,2085.98,2050.318833,2102.15685,1.724346,-0.772512,-2.998517,-0.930983,10.913912,-0.924266,-2.984209
2014-06-17,2066.7,2051.068333,2102.1481,0.759234,-1.700659,-1.598325,0.176937,11.488103,0.177094,-2.07916
2014-06-18,2055.52,2052.102333,2101.9977,0.166406,-2.235932,-1.471227,0.570488,11.744568,0.721958,-1.546567
2014-06-19,2023.73,2051.704167,2101.7534,-1.372841,-3.782961,0.73602,1.562057,14.176248,2.304161,0.031131
2014-06-20,2026.67,2051.044,2101.52195,-1.195488,-3.626777,0.484351,1.586037,14.338929,2.155753,-0.11398
2014-06-23,2024.36,2050.328167,2101.30815,-1.274626,-3.730648,1.177123,1.476917,12.61544,2.272323,0.056314
2014-06-24,2033.93,2049.8325,2101.1905,-0.77882,-3.253421,0.805526,2.022257,12.636381,2.042843,-0.414469
2014-06-25,2025.5,2049.481,2100.83565,-1.177001,-3.651861,1.660781,2.582508,13.399475,2.616144,0.543569
2014-06-26,2038.68,2049.4305,2100.5112,-0.525941,-2.98782,1.197018,3.204143,13.332965,3.256028,-0.106441
2014-06-27,2036.51,2049.483833,2100.18725,-0.635041,-3.078895,1.116741,4.32916,11.725749,4.424236,0.08986
2014-06-30,2048.33,2049.498333,2099.94275,-0.057022,-2.488526,0.564717,6.135924,12.010148,6.328082,-0.487714
2014-07-01,2050.38,2049.354833,2099.70275,0.050011,-2.377065,0.66304,6.276197,13.365027,6.477336,-0.587208
2014-07-02,2059.42,2049.616833,2099.5076,0.477152,-1.927845,-1.015619,5.746913,12.990366,6.009945,-1.023589
2014-07-03,2063.23,2049.690167,2099.2082,0.658407,-1.728751,-1.213696,6.489348,12.917193,6.704536,-1.206361
2014-07-04,2059.38,2049.041833,2098.867,0.503268,-1.899271,-0.60492,5.934815,13.528584,6.90402,-1.021667
2014-07-07,2059.93,2048.286667,2098.5545,0.566833,-1.857677,0.325694,7.633407,13.76281,7.932308,-1.048094
2014-07-08,2064.02,2047.115333,2098.17465,0.822389,-1.641221,0.306697,7.282914,14.361653,7.718433,-1.244174
2014-07-09,2038.61,2045.583167,2097.3051,-0.341471,-2.838503,1.396553,8.40987,15.876153,9.061076,-0.013244
2014-07-10,2038.34,2044.029833,2096.3069,-0.278752,-2.804143,0.842716,7.07013,15.266798,9.075522,0.422893
2014-07-11,2046.96,2043.119167,2095.33535,0.187812,-2.335785,0.589866,6.956657,14.484923,8.616192,0.367374
2014-07-14,2066.65,2042.478,2094.3906,1.176516,-1.333369,-0.590616,7.367066,13.251232,7.645223,-0.588876
2014-07-15,2070.36,2042.0025,2093.5613,1.379156,-1.114408,0.246995,7.050065,13.671478,7.452327,-0.767016
2014-07-16,2067.28,2041.494667,2092.7407,1.255151,-1.224081,0.540793,7.256992,13.094373,7.612418,-0.619171
2014-07-17,2055.59,2041.324,2092.09085,0.696429,-1.760106,2.378106,7.083104,13.009216,8.224403,-0.053999
2014-07-18,2059.07,2041.094667,2091.42695,0.876816,-1.559216,3.227474,7.827972,13.502064,8.142511,-0.222916
2014-07-21,2054.48,2040.879667,2090.59415,0.664185,-1.742553,5.836129,8.621646,12.998285,9.004225,1.022156
2014-07-22,2075.48,2041.187167,2089.9339,1.666087,-0.693999,5.059466,7.866005,11.419403,8.183649,0.145027
2014-07-23,2078.49,2041.886667,2089.3338,1.776745,-0.520359,4.825185,7.492794,10.231908,8.026981,1.278332
2014-07-24,2105.06,2043.5795,2089.08005,2.964104,0.762017,4.482223,5.786387,8.955597,6.663468,1.023724
2014-07-25,2126.61,2045.350667,2088.91295,3.895991,1.788535,2.722396,5.230825,7.421478,5.582594,2.414171
2014-07-28,2177.95,2047.877167,2088.92935,6.158034,4.173241,2.0622,2.329011,7.085619,3.093735,0.151059
2014-07-29,2183.19,2050.4745,2088.8543,6.271588,4.417138,1.669756,1.089686,8.338051,2.846294,-0.089319
2014-07-30,2181.24,2053.027833,2088.70165,6.057783,4.335087,1.647338,1.285915,9.185162,2.938237,0.186133
2014-07-31,2201.56,2056.219167,2088.7548,6.829726,5.25981,-0.632915,-0.261065,9.467572,1.988136,-0.738567
2014-08-01,2185.3,2059.053,2088.54055,5.950695,4.52876,0.416921,1.449202,10.615048,2.746991,0.108452
2014-08-04,2223.33,2062.5895,2088.46835,7.504384,6.257512,0.059353,0.546332,8.916498,0.989507,-1.6039
2014-08-05,2219.95,2065.374167,2088.40105,7.217327,6.108595,0.073848,2.055355,8.59729,2.076623,-1.454087
2014-08-06,2217.47,2068.153167,2088.52305,6.971089,5.990976,0.243675,3.158648,8.981919,3.209063,-1.343874
2014-08-07,2187.67,2070.4825,2088.5187,5.505538,4.638199,0.85569,5.305024,10.017401,5.448262,0.309005
2014-08-08,2194.43,2073.306833,2088.52195,5.67775,4.946572,1.461181,5.841257,11.978055,6.015229,0.063342
2014-08-11,2224.65,2076.609333,2088.499,6.886316,6.315397,0.663963,4.477829,10.448494,4.579597,-1.295934
2014-08-12,2221.59,2080.216167,2088.5537,6.575134,6.175134,1.062935,4.2611,11.585713,4.723644,-1.15998
2014-08-13,2222.88,2083.7955,2088.75255,6.461266,6.223663,0.776596,3.917088,11.171445,4.66287,-1.21734
2014-08-14,2206.47,2086.820833,2088.9633,5.575218,5.472604,1.081389,5.531087,11.638869,5.686912,-0.482671
2014-08-15,2226.73,2090.244833,2089.43215,6.325294,6.364181,0.630327,4.92492,10.530617,5.04821,-1.388134
2014-08-18,2239.47,2093.659833,2089.96015,6.732558,6.909423,-0.456505,2.516877,9.244542,4.450607,-1.949122
2014-08-19,2245.33,2097.057333,2090.5425,6.831741,7.14289,-1.716854,2.748118,8.763952,4.178005,-2.205021
2014-08-20,2240.21,2100.484833,2090.94125,6.440142,6.895529,-1.381694,3.324172,9.060354,4.416104,-1.981511
2014-08-21,2230.46,2103.488667,2091.3855,5.861061,6.438108,-1.565229,4.342435,10.878488,4.872538,-1.553043
2014-08-22,2240.81,2106.825667,2091.84175,6.165502,6.879251,-1.059227,2.165764,12.251959,4.388145,-2.007756
2014-08-25,2229.27,2109.993333,2092.23995,5.498939,6.343894,0.279521,3.545213,14.129743,4.928519,-1.500491
2014-08-26,2207.11,2112.806667,2092.4893,4.366673,5.332956,2.635426,5.999144,16.549532,6.182746,-0.511529
2014-08-27,2209.47,2115.884,2092.8386,4.327998,5.423134,3.520072,5.957538,17.441747,6.138576,-0.617795
2014-08-28,2195.82,2118.466333,2093.1707,3.586315,4.787556,4.933174,6.688909,20.031665,6.917689,0.973668
2014-08-29,2217.2,2121.587,2093.72605,4.408075,5.729986,4.808977,6.144567,18.963136,6.337272,0.825816
2014-09-01,2235.51,2125.003833,2094.35625,5.069578,6.522316,3.99085,5.583072,21.204308,5.741867,1.366131
2014-09-02,2266.05,2128.5625,2095.05265,6.259136,7.845954,2.279593,5.023384,20.424002,5.151696,0.996448
2014-09-03,2288.63,2132.457167,2096.0561,7.067847,8.789585,1.002115,4.307635,23.657113,4.40176,0.054181
2014-09-04,2306.86,2136.709667,2097.08785,7.662019,9.533765,1.081753,2.891644,24.172265,3.576723,-0.736499
2014-09-05,2326.43,2140.9715,2098.04085,8.307521,10.333092,0.544844,1.687009,26.100802,2.705433,-1.571507
2014-09-09,2326.53,2144.980667,2098.6874,8.124735,10.306579,-1.296989,1.406337,20.513869,2.701018,-1.575737
2014-09-10,2318.3,2149.174,2099.3133,7.575058,9.922387,-0.450047,2.360312,23.757882,3.065608,-1.22633
2014-09-11,2311.68,2153.443333,2099.83865,7.090642,9.611402,0.18368,1.920293,23.557291,3.360759,-0.94347
2014-09-12,2331.95,2158.580333,2100.46955,7.725407,10.454391,-0.107264,0.395025,23.108211,2.462317,-1.804498
2014-09-15,2339.14,2163.788167,2101.18335,7.792287,10.728265,-2.128829,0.749172,23.318048,2.14737,-2.10633
2014-09-16,2296.55,2168.324667,2101.73555,5.745317,8.864454,0.571831,1.859762,27.435202,4.041715,-0.290871
2014-09-17,2307.89,2172.890667,2102.35965,6.02753,9.327333,1.534172,0.80528,28.241451,3.530498,-0.7808
2014-09-18,2315.93,2177.731167,2102.93395,6.152775,9.647785,1.251671,-0.585059,27.77928,3.17108,-1.12525
2014-09-19,2329.45,2182.577333,2103.48435,6.512575,10.2037,0.781246,-1.173225,28.854028,2.572281,-1.699114
2014-09-22,2289.87,2186.8,2103.8312,4.605576,8.473498,2.919576,0.024889,31.172293,4.345225,0.024892
2014-09-23,2309.72,2191.1565,2104.34295,5.269682,9.312302,2.31738,1.211395,27.229733,3.44847,-0.834733
2014-09-24,2343.57,2196.043,2104.94745,6.50183,10.738491,1.659666,1.249221,23.773803,1.954283,-2.267054
2014-09-25,2345.1,2200.804333,2105.41415,6.350515,10.781585,1.870169,1.94171,27.017654,1.960684,-2.330817
2014-09-26,2347.72,2205.545833,2105.91745,6.246962,10.869343,1.135909,3.039727,29.63676,3.086399,-2.439814
2014-09-29,2357.71,2210.518,2106.52045,6.446393,11.26533,0.351418,3.021279,29.541598,3.067383,-2.853192
2014-09-30,2363.87,2215.583667,2107.1488,6.478423,11.496435,-0.185885,2.787095,29.210884,2.826298,-3.106347
2014-10-08,2382.79,2220.8965,2107.8753,7.036113,12.25916,-0.383479,1.51855,30.565793,2.009829,-3.875709
2014-10-09,2389.37,2226.7425,2108.8013,7.048998,12.491005,-1.385227,1.515637,33.808582,1.728908,-4.140422
2014-10-10,2374.54,2232.345833,2109.66,6.175076,11.827694,-1.414866,1.820732,34.458935,2.364247,-3.541739
2014-10-13,2366.01,2237.663333,2110.5097,5.577283,11.427551,-0.392993,4.449789,35.487917,4.550277,-3.193985
2014-10-14,2359.48,2242.543833,2111.5028,5.083039,11.104133,-0.843564,4.564328,33.349743,4.839626,-2.926068
2014-10-15,2373.67,2247.599,2112.61575,5.457475,11.651041,-2.00508,4.964301,32.505417,5.089587,-3.506385
2014-10-16,2356.5,2252.419333,2113.65685,4.517257,10.875792,-2.321672,5.334063,31.509412,5.855294,-2.80331
2014-10-17,2341.18,2257.179167,2114.7238,3.65392,10.173086,-1.675514,5.712756,32.346658,6.54798,-2.167283
2014-10-20,2356.73,2262.140167,2116.0835,4.096372,10.770809,-2.853113,4.856525,31.286377,5.844963,-2.812796
2014-10-21,2339.66,2266.893167,2117.33325,3.159537,9.984822,-0.076536,4.867903,35.490475,6.617201,-2.103724
2014-10-22,2326.55,2271.077667,2118.50145,2.413202,9.367751,1.978114,5.210554,37.245319,7.217984,-1.552084
2014-10-23,2302.42,2274.809833,2119.4818,1.206428,8.278912,3.77844,6.321241,30.27017,8.341658,-0.520322
2014-10-24,2302.28,2278.096833,2120.6277,1.055956,8.218781,4.994198,7.709279,32.079333,8.348246,-0.514273
2014-10-27,2290.44,2280.827333,2121.57365,0.42057,7.658584,5.915966,10.061306,37.23076,10.584866,2.070781
2014-10-28,2337.87,2283.492667,2122.77535,2.353412,9.65159,3.89308,9.373135,35.773005,9.826466,1.503933
2014-10-29,2373.03,2286.656667,2124.0606,3.707684,11.083799,1.928996,9.301166,34.531796,9.747454,0.760631
2014-10-30,2391.08,2290.154,2125.46905,4.312608,11.775264,1.444095,9.542499,34.707095,10.01263,1.132961
2014-10-31,2420.18,2293.797667,2127.15425,5.36331,12.905686,-0.083086,10.303029,32.600162,10.852499,-0.083052
2014-11-03,2430.03,2297.8765,2129.07585,5.591817,13.221559,1.779927,9.797289,30.775675,10.403164,-0.48806
2014-11-04,2430.68,2301.332333,2130.99265,5.468282,13.158315,1.591348,12.834141,29.426141,13.69411,-0.514671
2014-11-05,2419.25,2304.654,2132.8672,4.852702,12.59904,3.062272,13.882068,28.292551,14.891805,-0.044642
2014-11-06,2425.86,2308.127167,2134.8584,4.974966,12.778578,2.4332,17.833841,25.430363,19.522973,-0.317001
2014-11-07,2418.17,2311.968833,2136.88275,4.491159,12.366295,2.477158,19.459889,28.167295,21.482361,1.357225
2014-11-10,2473.67,2316.622833,2139.2033,6.559243,14.526941,0.013744,19.964004,24.93307,22.096318,-0.916856
2014-11-11,2469.67,2320.7065,2141.41745,6.221287,14.261657,-0.539989,14.543204,23.903255,22.294072,-0.756376
2014-11-12,2494.48,2325.254667,2143.7731,7.025072,15.151288,-1.758827,16.433269,20.95205,21.07774,-1.74345
2014-11-13,2485.61,2329.6335,2146.08265,6.480714,14.687395,-1.334495,16.302934,21.930858,21.50981,-1.392817
2014-11-14,2478.82,2334.172667,2148.452,6.012513,14.303506,0.321008,17.00043,23.69464,21.842651,-1.122712
2014-11-17,2474.01,2338.294,2150.8658,5.641871,13.996986,2.351668,17.71235,24.40036,22.079539,-0.930473
2014-11-18,2456.37,2341.909,2153.1061,4.771824,13.177315,4.428696,20.707537,25.612522,23.007527,-0.219022
2014-11-19,2450.99,2345.336667,2155.1023,4.406307,12.865383,6.068726,22.225617,26.785494,24.889126,0.068136
2014-11-20,2452.66,2348.8775,2157.1547,4.32356,12.838307,6.999699,22.043098,27.294086,24.80409,1.39155
2014-11-21,2486.79,2353.149667,2159.3167,5.523801,14.120089,7.587949,22.317974,26.671105,25.004524,1.853393
2014-11-24,2532.88,2358.0175,2161.8146,7.153577,15.840903,5.65195,21.086098,24.276594,23.474069,1.370772
2014-11-25,2567.6,2363.656333,2164.46005,8.27619,17.080068,7.354086,16.645202,25.045376,21.804409,1.430908
2014-11-26,2604.34,2370.276833,2167.2322,9.417253,18.372841,6.509897,13.223416,23.985954,20.086087,1.004093
2014-11-27,2630.49,2377.293833,2170.21925,10.120734,19.234194,9.735437,15.533444,23.768627,18.892298,1.888241
2014-11-28,2682.83,2385.410667,2173.4109,11.750091,21.057443,9.073773,16.294004,19.579013,17.696611,-0.099522
2014-12-01,2680.16,2393.126667,2176.38135,11.327575,20.821293,11.946643,16.723029,20.182363,18.202645,3.111008
2014-12-02,2763.54,2401.927167,2179.6807,14.024107,23.733407,3.300411,13.589648,16.167473,14.6363,0.578244
2014-12-03,2779.52,2410.485,2183.0285,14.245028,24.156512,5.613473,15.165175,15.36623,16.375489,2.761268
2014-12-04,2899.46,2420.6655,2187.0338,18.048201,28.197832,0.902293,14.459104,13.012799,15.55669,-1.489588
2014-12-05,2937.65,2431.178667,2191.1428,18.923375,29.318671,0.0177,13.178315,11.208238,14.086089,-2.770242
2014-12-08,3020.26,2442.7425,2195.567,21.222154,31.890259,-2.23791,11.074124,8.581816,11.710581,-5.429665
2014-12-09,2856.27,2451.5715,2199.253,15.278733,26.139882,5.624344,14.242211,15.924076,18.124337,2.432193
2014-12-10,2940.01,2461.933333,2203.2403,17.746603,28.848384,4.033521,11.107847,13.736289,14.759814,-0.485372
2014-12-11,2925.74,2472.167667,2207.1751,16.845208,28.183398,4.405669,9.872415,16.462387,15.319543,0.42485
2014-12-12,2938.17,2482.271333,2211.2975,16.861294,28.420749,5.638553,9.633472,17.578998,14.831681,0.519031
2014-12-15,2953.42,2492.509333,2215.68115,16.967385,28.740395,5.725416,8.717502,19.164451,14.238747,0.647046
2014-12-16,3021.52,2504.592167,2220.61765,18.76341,30.797464,0.366362,9.915035,17.023666,11.663997,-1.621369
2014-12-17,3061.02,2517.144333,2225.7165,19.562314,31.866931,-2.933475,9.809148,16.698523,10.306368,-2.890866
2014-12-18,3057.52,2529.504167,2230.76735,18.958083,31.52585,0.490045,1.905832,18.740696,10.432638,-2.779704
2014-12-19,3108.6,2542.49,2236.02885,20.102855,32.947101,1.563978,2.052081,17.183603,8.618027,-4.377212
2014-12-22,3127.45,2556.449667,2241.2899,20.159853,33.316643,1.288881,6.083357,15.744461,7.963357,-4.953556
2014-12-23,3032.61,2568.497833,2246.0956,16.610241,30.023021,4.298531,9.754667,19.405689,11.339737,-1.981132
2014-12-24,2972.53,2578.9805,2250.69285,14.201928,27.817534,8.451656,12.007214,21.651107,13.590107,3.364474
2014-12-25,3072.54,2591.1045,2255.75765,17.042035,30.901868,8.661098,9.631151,20.895602,10.110202,1.425856
2014-12-26,3157.6,2604.6025,2261.2561,19.253217,33.389179,5.958084,6.003129,17.138344,7.144033,-1.306372
2014-12-29,3168.02,2618.107667,2267.1009,19.065499,33.460491,6.297738,4.255356,18.459851,6.791624,-1.630987
2014-12-30,3165.81,2631.473333,2272.92415,18.486505,33.134177,3.952974,3.002352,18.935342,6.866173,-1.562317
2014-12-31,3234.68,2645.6715,2279.1091,20.10051,35.014538,1.556145,-0.754692,17.77548,4.590871,-3.658167
2015-01-05,3350.52,2661.690667,2285.76615,23.015405,38.241429,-3.684397,-6.862583,16.747689,0.974774,-6.989064
2015-01-06,3351.45,2677.9725,2292.5017,22.433311,37.974942,-3.527143,-4.470908,17.560293,0.946754,-7.014874
2015-01-07,3373.95,2694.7715,2299.2531,22.477075,38.349983,-4.594533,-6.105059,15.953593,0.273567,-7.634968
2015-01-08,3293.46,2710.337833,2305.5944,19.48654,35.660017,1.297168,-4.882159,20.28966,2.724187,-5.377627
2015-01-09,3285.41,2725.5335,2311.9128,18.682727,35.141622,2.734822,-6.589066,22.677667,2.975884,-6.376677
2015-01-12,3229.32,2740.0805,2318.092,16.428429,33.152716,-3.560914,-4.244491,24.735116,4.764471,-4.750536
2015-01-13,3235.3,2754.9825,2324.0304,16.071057,33.081874,-1.942839,-2.939262,23.299442,4.570828,-4.926591
2015-01-14,3222.44,2769.411,2329.8112,15.150417,32.43516,3.091271,-2.029492,26.371159,4.988146,-4.547175
2015-01-15,3336.46,2786.024333,2336.15695,18.029476,35.640311,0.205994,-5.010049,25.07468,1.400287,-7.809175
2015-01-16,3376.5,2803.5235,2342.7211,18.596265,36.552655,-0.735409,-5.24927,22.230328,0.197838,-8.902414
2015-01-19,3116.35,2817.089,2348.0699,10.095836,28.306877,8.215365,3.345157,32.046775,8.56226,-1.297672
2015-01-20,3173.05,2831.601833,2353.7266,11.38507,29.869341,5.515027,2.30105,32.656803,6.622335,-3.061408
2015-01-21,3323.61,2848.821333,2360.1781,15.41462,34.231446,-0.539119,-2.89286,28.38453,1.792328,-7.45274
2015-01-22,3343.34,2865.579167,2366.6575,15.419983,34.549169,-2.453784,-1.354493,27.319911,1.191623,-7.998887
2015-01-23,3351.76,2881.891333,2373.12135,15.103879,34.527947,-4.31025,-1.244676,30.066224,0.937418,-8.230005
2015-01-26,3383.18,2898.426333,2379.81875,15.464815,35.179177,-7.832637,-1.395968,27.996061,-0.893242,-9.082284
2015-01-27,3352.96,2913.972667,2386.2894,14.032621,34.010393,-4.515953,-2.71812,28.902476,-0.497471,-8.262848
2015-01-28,3305.74,2928.567833,2392.3267,12.114684,32.339394,-4.062677,-0.796023,29.536558,0.923848,-6.952452
2015-01-29,3262.3,2942.428167,2398.112,10.319732,30.775071,-3.931537,-0.424527,31.729325,2.267725,-5.713454
2015-01-30,3210.36,2955.613333,2403.4923,8.267689,28.946028,-4.278229,0.955747,29.19319,3.922302,-4.188004
2015-02-02,3128.3,2967.320667,2408.4811,5.283031,26.149343,-1.066305,5.416278,30.153968,6.648339,-1.674712
2015-02-03,3204.91,2980.433,2413.84795,7.261542,28.346187,-1.995497,2.500831,24.927659,4.099023,-4.025074
2015-02-04,3174.13,2992.107333,2419.2106,5.905565,27.159229,-0.518966,3.61275,28.145948,5.108486,-3.094391
2015-02-05,3136.53,3003.221667,2424.36765,4.343149,25.754637,1.169278,6.564025,32.32769,6.784249,-1.932709
2015-02-06,3075.91,3012.912167,2429.25275,2.069368,23.601709,4.074618,9.217508,35.828098,9.655679,0.624531
2015-02-09,3095.12,3023.070667,2434.2396,2.355359,24.019225,4.028733,10.834463,34.625354,11.443175,1.501396
2015-02-10,3141.59,3034.116833,2439.6184,3.480865,25.288741,3.297473,10.884788,33.193376,11.499273,0.512798
2015-02-11,3157.7,3045.511667,2445.04275,3.617499,25.578131,2.227903,12.476441,31.079,13.288153,0.497831
2015-02-12,3173.42,3057.4625,2450.57295,3.722455,25.848802,3.86155,12.118681,29.995823,12.883577,0.958272
2015-02-13,3203.83,3070.009833,2456.30695,4.26662,26.568799,3.269185,12.138645,32.123827,12.906115,0.57837
2015-02-16,3222.36,3082.838167,2462.23615,4.426335,26.904407,3.47424,13.489708,32.195603,14.4419,0.201095
2015-02-17,3246.91,3095.506833,2468.45325,4.775212,27.411203,0.495857,12.830472,33.289012,13.689939,-0.556529
2015-02-25,3228.84,3107.106167,2474.49575,3.843114,26.60863,1.557718,12.553964,36.637735,14.326198,0.38249
2015-02-26,3298.36,3119.2855,2480.85575,5.582141,28.482181,-1.523818,11.005515,37.806142,11.916528,-1.733286
2015-02-27,3310.3,3131.0515,2487.2705,5.566993,28.58529,-2.109827,10.88857,39.44184,11.512854,-2.087726
2015-03-02,3336.28,3142.814667,2493.8117,5.973762,29.104407,-1.020391,12.660418,39.285501,13.496769,-2.85018
2015-03-03,3263.05,3152.485,2500.07655,3.447131,26.634099,0.702998,13.853334,34.77908,16.043885,-0.669925
2015-03-04,3279.53,3162.4745,2506.39785,3.634533,26.885352,0.346096,15.000518,34.090511,16.184026,-1.16907
2015-03-05,3248.48,3170.556833,2512.58455,2.427996,25.687527,3.057015,16.357517,39.639837,17.771388,-0.224413
2015-03-06,3241.19,3178.251333,2518.52615,1.96094,25.226668,3.983533,17.574425,41.544133,19.213314,1.384677
2015-03-09,3302.41,3184.967167,2524.78455,3.621052,26.849677,4.351881,18.193994,39.661736,19.954215,-0.49479
2015-03-10,3286.07,3190.774167,2530.97535,2.942875,26.108758,6.38846,19.53037,40.910922,21.568013,0.146984
2015-03-11,3290.9,3195.284833,2537.305,2.948485,26.005859,8.344724,18.445901,42.288619,21.389589,1.775198
2015-03-12,3349.32,3203.502333,2543.9191,4.451265,27.50515,6.723934,18.607794,42.671472,20.451614,0.704322
2015-03-13,3372.91,3210.717333,2550.75775,4.928149,27.93854,6.995755,20.049225,41.611409,22.200414,2.26481
2015-03-16,3449.3,3219.443333,2557.96365,6.896285,29.895982,6.683978,18.145144,39.225284,19.895631,1.552489
2015-03-17,3502.85,3228.854667,2565.35315,8.144944,31.148077,5.243158,15.353915,37.988801,18.06272,2.125412
2015-03-18,3577.3,3239.252667,2573.1332,9.926568,32.948403,2.305426,15.92421,36.755812,17.262181,0.138932
2015-03-19,3582.27,3248.5985,2580.8717,9.777301,32.786947,2.748385,17.966049,34.596054,19.681096,0.97843
2015-03-20,3617.32,3257.870167,2588.7509,10.465976,33.455794,2.01911,15.340953,30.093318,18.521447,1.20006
2015-03-23,3687.73,3268.373667,2597.01675,12.071858,35.064771,2.64495,15.211911,29.798612,16.42989,-0.732158
2015-03-24,3691.41,3278.087167,2605.22265,11.874843,34.849036,1.518718,17.52528,25.955276,19.15474,-0.831119
2015-03-25,3660.73,3286.975167,2613.32335,10.769484,33.703986,4.004272,18.723426,20.159433,20.590975,0.58349
2015-03-26,3682.09,3297.799833,2621.53775,11.0225,33.971945,3.828184,17.668889,21.74518,19.89142,0.244698
2015-03-27,3691.1,3309.776,2629.8017,10.9044,33.901607,4.576028,20.422331,23.954005,22.657202,1.538837
2015-03-30,3786.57,3321.6765,2638.6104,13.099097,36.120818,4.513185,16.731611,17.877116,19.564672,-1.021241
2015-03-31,3747.9,3331.514833,2647.1455,11.776858,34.771379,6.380034,17.767261,11.218978,20.798314,1.664666
2015-04-01,3810.29,3342.219333,2656.04715,13.107024,36.086632,3.791479,15.332063,6.175945,18.820352,0.406531
2015-04-02,3825.78,3353.218833,2665.02355,13.184164,36.154947,5.307292,15.796335,11.15409,18.339267,0.997182
2015-04-03,3863.93,3363.706333,2674.08055,13.864136,36.80792,6.458333,10.663018,4.794524,17.17086,2.422404
2015-04-07,3961.38,3373.887333,2683.6127,16.052686,38.942854,4.30303,6.543695,-1.234689,14.288455,-0.097188
2015-04-08,3994.81,3384.61,2693.3282,16.575733,39.421834,2.212006,2.896458,-8.02046,13.332048,-0.933211
2015-04-09,3957.53,3394.336333,2702.76225,15.351183,38.134579,5.823034,6.087296,-4.697868,14.399638,1.940099
2015-04-10,4034.31,3406.683833,2712.5039,16.909595,39.696313,6.082188,7.155871,-7.919947,12.222412,1.235651
2015-04-13,4121.71,3420.622167,2722.77895,18.644567,41.461509,2.287482,6.561365,-16.145298,9.842759,-0.91103
2015-04-14,4135.56,3435.726167,2733.17915,18.539444,41.415729,3.750745,5.645747,-10.877148,9.474896,-1.242879
2015-04-15,4084.16,3449.873833,2743.4813,16.877842,39.788842,7.414522,6.954673,-5.184809,10.85266,0.6868
2015-04-16,4194.82,3466.080167,2754.32205,19.082611,42.06791,5.104641,2.678348,-5.49861,7.92835,-1.969334
2015-04-17,4287.3,3481.9275,2765.63675,20.807114,43.838627,2.451226,-0.088907,-8.842076,5.600261,-4.083922
2015-04-20,4217.08,3495.937167,2776.5525,18.754146,41.79329,7.100488,4.64423,-10.2643,7.358646,-2.486792
2015-04-21,4293.62,3515.558333,2787.8931,19.993184,43.184405,4.164651,3.493984,-11.604766,5.444823,-4.225106
2015-04-22,4398.49,3535.982333,2799.69215,21.827015,45.175184,1.7607,2.93326,-10.568669,2.976703,-6.508597
2015-04-23,4414.51,3554.164,2811.58215,21.677697,45.114948,0.612909,5.360345,-10.057693,5.506613,-6.847872
2015-04-24,4393.69,3571.669833,2823.30895,20.713619,44.225984,1.95563,9.131737,-8.94648,9.561667,-6.40646
2015-04-27,4527.4,3591.263833,2835.69405,23.164364,46.78611,-5.183285,8.13094,-11.736456,8.470645,-9.170606
2015-04-28,4476.21,3609.481,2847.778,21.521271,45.223767,-5.67473,9.893472,-8.197254,10.399423,-8.131879
2015-04-29,4476.62,3628.208667,2859.84495,21.012925,44.810089,-8.49077,3.158485,-9.500174,10.389312,-8.140293
2015-04-30,4441.65,3647.1405,2871.7563,19.708249,43.610214,-5.453287,3.75793,-17.580875,11.258429,-7.417063
2015-05-04,4480.46,3667.443167,2883.85895,20.023099,44.059641,-3.333173,7.485984,-20.144324,10.294702,-8.219022
2015-05-05,4298.71,3685.582333,2895.0324,15.388644,39.531868,2.35668,13.30669,-12.616798,14.957976,-4.338511
2015-05-06,4229.27,3703.931833,2905.9857,13.263449,37.525676,3.405082,14.924047,-13.213834,16.84546,-2.767854
2015-05-07,4112.21,3719.0535,2916.35505,10.04914,34.362603,6.270221,18.484095,-11.547884,20.302708,2.278823
2015-05-08,4205.92,3736.25,2927.14985,11.841062,36.246385,2.414086,17.755422,-14.921549,19.429281,1.844305
2015-05-11,4333.58,3756.200833,2938.4845,14.298596,38.850002,-1.162589,16.907807,-14.289567,18.421259,-1.155857
2015-05-12,4401.22,3778.289333,2950.1388,15.261043,40.002956,0.370347,15.000819,-17.50176,16.601306,-2.67494
2015-05-13,4375.76,3799.633333,2961.6812,14.117565,39.032314,1.598982,15.434393,-17.81964,17.279741,-2.108662
2015-05-14,4378.31,3820.245333,2973.2948,13.634816,38.699211,3.393109,15.680213,-15.645216,17.211435,-2.165676
2015-05-15,4308.69,3839.4285,2984.5429,11.531039,36.718731,7.786638,18.153253,-9.23966,19.905354,-0.584865
2015-05-18,4283.49,3857.929667,2995.68795,10.463741,35.759419,11.67187,16.718912,-8.666062,20.610764,3.129691
2015-05-19,4417.55,3878.158333,3007.3983,13.022486,38.450989,10.587198,10.108136,-12.812255,16.950572,0.650587
2015-05-20,4446.29,3898.557167,3019.2373,13.146351,38.706579,10.564138,11.092718,-11.72007,16.194625,1.869649
2015-05-21,4529.42,3919.932333,3031.3591,14.45195,40.158283,1.985925,5.496736,-13.300482,14.062065,1.817451
2015-05-22,4657.6,3943.745,3044.01405,16.636951,42.532324,-0.989507,-3.924339,-15.378969,10.923008,-3.848334
2015-05-25,4813.8,3969.002333,3057.1933,19.297203,45.398952,0.309877,-5.055446,-25.022174,7.323736,-6.968299
2015-05-26,4910.9,3995.679,3070.83185,20.62437,46.950874,-0.007535,-4.599266,-25.800736,5.201694,-8.807754
2015-05-27,4941.71,4022.436167,3084.6342,20.582369,47.127835,-0.644156,-8.747967,-29.907683,4.545795,-9.376309
2015-05-28,4620.27,4045.0565,3096.72775,13.295763,40.010716,6.83484,-9.706768,-27.548119,11.819223,-9.250542
2015-05-29,4611.74,4067.26,3108.85995,12.563567,39.434914,8.544205,-12.914048,-36.236233,12.026047,-12.11495
2015-06-01,4828.74,4093.597667,3121.887,16.516136,43.614794,6.08865,-12.12823,-48.771865,6.991679,-16.064439
2015-06-02,4910.53,4121.42,3135.3399,17.518411,44.864429,4.050809,-19.175183,-51.73048,5.209621,-17.462474
2015-06-03,4909.98,4148.212833,3148.80245,16.859227,44.424766,3.915428,-22.702431,-46.517537,5.221406,-20.309859
2015-06-04,4947.1,4175.896667,3162.5996,16.947244,44.74072,3.466339,-29.401013,-42.559212,4.431889,-25.473105
2015-06-05,5023.1,4204.766667,3176.74295,17.782847,45.819083,2.811917,-28.540586,-44.902634,2.851825,-26.600705
2015-06-08,5131.88,4234.476,3191.2791,19.221247,47.505026,-1.351485,-31.983625,-48.280729,0.671684,-28.156543
2015-06-09,5113.53,4263.486333,3205.7388,18.180275,46.694739,-4.522337,-37.707482,-48.126414,1.032946,-31.413525
2015-06-10,5106.04,4291.098667,3220.1546,17.388135,46.099478,-2.742694,-31.957289,-50.53582,1.18115,-31.312916
2015-06-11,5121.59,4318.077667,3234.7302,17.065462,45.951941,-6.790368,-27.819696,-47.95914,0.873947,-31.521461
2015-06-12,5166.35,4344.561833,3249.4283,17.324153,46.368737,-14.290954,-26.330212,-46.563986,-2.000639,-32.114743
2015-06-15,5062.99,4369.2405,3263.5459,14.736802,43.914291,-10.102489,-25.472081,-45.9466,-1.878139,-30.728878
2015-06-16,4887.43,4390.409,3276.7564,10.724421,39.981257,-4.120204,-25.016666,-42.344392,1.646469,-28.240609
2015-06-17,4967.9,4411.745167,3290.39485,11.872688,41.198964,-9.276546,-26.191468,-46.683227,-3.67439,-29.402967
2015-06-18,4785.36,4429.977667,3303.16935,7.716671,37.067884,-13.217579,-18.998665,-46.522712,-1.98961,-26.710007
2015-06-19,4478.36,4443.604833,3314.3571,0.779096,30.099324,-9.979216,-11.493699,-35.113725,4.729187,-21.68584
2015-06-23,4576.49,4458.5115,3326.0932,2.611736,31.913393,-6.762906,-13.022771,-39.403713,2.483563,-23.365068
2015-06-24,4690.15,4475.162333,3338.5084,4.692194,33.994044,-14.583452,-15.26813,-41.473365,-3.461936,-25.222221
2015-06-25,4527.78,4487.515833,3350.09995,0.893247,30.124157,-14.598619,-9.342759,-36.075526,-5.533838,-22.540627
2015-06-26,4192.87,4494.932,3360.0852,-6.956508,22.141913,-12.859404,-2.95189,-27.473853,2.011749,-16.353476
2015-06-29,4053.03,4498.977667,3369.26435,-10.438544,18.477032,-7.082334,-8.424757,-26.294992,5.531417,-13.467455
2015-06-30,4277.22,4506.501667,3379.4729,-5.22179,23.558352,-13.766745,-15.502078,-30.822414,-3.584104,-18.003049
2015-07-01,4053.7,4509.6645,3388.41115,-10.659272,17.926892,-14.48149,-6.748305,-27.069872,1.732245,-13.481757
2015-07-02,3912.77,4508.854333,3396.53185,-14.179753,14.14907,-5.33943,-5.43545,-23.259832,5.396433,-10.365547
2015-07-03,3686.92,4503.722833,3403.43215,-20.011293,8.000704,5.047656,-0.630967,-19.354594,11.852712,-4.874801
2015-07-06,3775.91,4500.695833,3410.67955,-17.55906,10.172986,5.022291,-4.136384,-21.258876,9.216586,-7.116695
2015-07-07,3727.12,4495.576,3417.6825,-18.745798,8.667313,5.160059,0.78625,-17.034353,10.64629,-5.900803
2015-07-08,3507.19,4485.334,3423.62695,-24.599782,2.411465,8.16848,5.204903,-9.694387,17.584733,3.299508
2015-07-09,3709.33,4478.230167,3430.6152,-18.837665,7.811166,3.023127,-1.296744,-12.06752,11.176951,-2.329801
2015-07-10,3877.8,4474.790833,3438.34445,-14.319163,12.027789,2.030663,-3.505734,-16.339914,6.346898,-6.573057
2015-07-13,3970.39,4471.050333,3446.5007,-11.875903,14.15049,0.545559,-1.062702,-19.638894,3.866875,-8.751785
2015-07-14,3924.49,4465.0035,3454.6404,-12.903359,12.751804,2.346822,0.087107,-16.184361,5.081679,-7.684565
2015-07-15,3805.7,4458.147167,3462.12945,-15.82333,9.46161,5.628332,2.096275,-11.527187,8.361668,-4.803059
2015-07-16,3823.18,4450.3065,3469.6657,-15.189043,9.702429,7.572163,3.378681,-12.122654,7.866227,-5.238309
2015-07-17,3957.35,4442.954167,3477.8052,-11.57449,12.91732,2.829195,0.201447,-14.437679,4.20913,-8.45111
2015-07-20,3992.11,4435.914167,3486.3164,-10.541381,13.547421,-6.910274,0.039069,-18.415033,3.301763,-9.248242
2015-07-21,4017.68,4429.647333,3494.8562,-9.761535,13.941239,-9.242214,-6.943957,-17.616583,2.644312,-9.82582
2015-07-22,4026.04,4421.291333,3503.26855,-9.364855,13.908686,-6.063626,-5.93334,-16.535862,2.431173,-10.013065
2015-07-23,4123.92,4415.419833,3512.16265,-6.829875,16.057218,-10.69131,-11.816958,-18.436636,-1.285427,-12.148878
2015-07-24,4070.91,4408.658,3520.7786,-7.970377,14.51844,-10.538481,-14.889461,-17.004179,-1.897364,-13.834008
2015-07-27,3725.56,4396.723167,3527.61785,-16.564235,5.459436,-2.793961,-14.897428,-9.876259,7.196502,-13.840872
2015-07-28,3663,4383.098833,3534.1135,-17.947349,3.581999,2.521584,-21.141557,-7.824639,9.0273,-19.056238
2015-07-29,3789.17,4374.6065,3541.1454,-14.366958,6.769676,-2.528282,-25.806992,-11.351418,5.39696,-22.745878
2015-07-30,3705.77,4365.8815,3547.7274,-16.392905,4.358383,-1.200724,-18.379656,-10.839733,7.768966,-21.00724
2015-07-31,3663.73,4358.406833,3554.17335,-17.362483,3.035925,2.172889,-12.527233,-9.951144,9.005576,-20.100826
2015-08-03,3622.91,4348.69,3560.45785,-18.259708,1.738842,8.095974,-12.225664,-4.611303,10.233762,-19.200587
2015-08-04,3756.54,4339.072667,3567.44315,-14.416233,5.164919,4.460916,-17.083355,-6.423652,6.312458,-22.074835
2015-08-05,3694.57,4327.295167,3574.04765,-15.80785,3.316543,5.059852,-15.623835,-2.870362,8.095665,-20.767775
2015-08-06,3661.54,4315.3915,3580.57285,-16.430423,2.236102,7.698552,-17.281787,-0.401182,9.070773,-20.053038
2015-08-07,3744.21,4304.823167,3587.588,-13.952541,4.273054,5.737843,-16.633711,-2.809236,6.662554,-21.818221
2015-08-10,3928.42,4298.485333,3595.44645,-9.00254,8.856914,1.64733,-19.171073,-7.344165,1.660973,-25.484291
2015-08-11,3927.91,4292.559,3603.3877,-8.877558,8.623305,-4.684242,-20.561626,-7.807625,1.674173,-25.474616
2015-08-12,3886.32,4283.705167,3611.18655,-9.735563,7.342629,-2.401283,-19.424001,-8.186528,2.762253,-24.677072
2015-08-13,3954.56,4275.509667,3619.44725,-7.803397,8.854802,-7.623475,-23.87044,-9.200403,0.988985,-25.976847
2015-08-14,3965.33,4266.108167,3627.7625,-7.31129,8.897301,-12.261712,-27.725494,-9.532556,0.714695,-26.177897
2015-08-17,3993.67,4255.042667,3636.27865,-6.339418,9.37498,-21.846771,-23.659095,-11.257368,-4.996908,-26.701756
2015-08-18,3748.16,4237.282,3643.3301,-12.265697,2.836693,-23.439814,-19.436986,-3.560351,1.225935,-21.900613
2015-08-19,3794.11,4218.668833,3650.4355,-10.606977,3.860339,-25.937278,-20.271895,-4.407948,-3.421619,-22.846465
2015-08-20,3664.29,4197.3785,3656.80155,-13.582557,0.204572,-17.254009,-14.91581,-1.484095,-4.272315,-20.113037
2015-08-21,3507.74,4178.836333,3662.23935,-17.506086,-4.310285,-8.176253,-9.632502,3.042691,-7.544744,-16.547692
2015-08-24,3209.91,4155.4725,3666.13875,-25.818324,-13.28961,-0.122196,-2.972807,12.791698,1.033674,-8.804608
2015-08-25,2964.97,4124.409667,3668.8102,-33.005598,-21.30005,6.579786,5.821221,20.389349,9.380196,-1.270839
2015-08-26,2927.29,4091.355667,3671.3504,-33.479929,-22.648247,7.654874,5.485424,16.031823,10.788135,2.660481
2015-08-27,3083.59,4060.915833,3674.63905,-27.531402,-17.536041,-0.102855,0.555274,11.094841,5.172542,-2.54314
2015-08-28,3232.35,4032.336667,3678.70995,-22.11366,-12.935271,-1.933589,-6.196394,6.699212,0.332266,-7.028323
2015-08-31,3205.99,4002.0515,3682.37155,-22.178617,-13.853605,1.150564,-4.896828,9.823253,1.157209,-6.2639
2015-09-01,3166.62,3969.297167,3685.8563,-22.592427,-15.18381,0.982644,-0.737248,12.404349,2.414878,-5.098496
2015-09-02,3160.17,3936.741167,3689.18475,-21.972744,-15.477968,1.259686,0.724545,10.925178,2.623909,-4.904799
2015-09-07,3080.42,3902.980833,3692.1588,-23.667463,-18.114538,1.109899,6.511011,13.819317,6.727654,-2.442849
2015-09-08,3170.45,3870.461833,3695.61695,-19.95003,-15.327398,-5.353939,3.799531,9.030123,3.872636,-5.21314
2015-09-09,3243.09,3838.4075,3699.46235,-16.853099,-13.166092,-2.840692,0.59488,6.833094,1.546056,-7.336213
2015-09-10,3197.89,3807.3225,3703.16995,-17.443497,-14.669798,-3.559602,4.290158,7.747595,4.383515,-6.026474
2015-09-11,3200.23,3779.2025,3706.91615,-16.629033,-14.697762,-3.249176,5.800539,7.067197,5.972071,-6.095187
2015-09-14,3114.8,3748.3175,3710.22685,-18.514213,-17.492808,1.331155,8.369105,12.248637,8.87858,-3.519648
2015-09-15,3005.17,3718.647667,3712.81875,-21.302593,-21.145722,5.831279,13.086368,15.538161,13.981239,1.097109
2015-09-16,3152.26,3696.546,3715.91565,-15.927921,-16.450547,-1.160483,5.204993,10.925836,8.662674,-3.62026
2015-09-17,3086.06,3671.7055,3718.50795,-17.376107,-18.64273,1.818392,8.764359,14.84676,10.993629,-1.552789
2015-09-18,3097.92,3645.168333,3720.97585,-16.267163,-18.325504,-0.17996,9.669373,14.434134,10.568704,-1.929682
2015-09-21,3156.54,3622.314333,3723.6061,-13.763665,-16.521609,-1.782925,8.296131,14.318553,8.649978,-3.750942
2015-09-22,3185.62,3605.526833,3726.12005,-12.382097,-15.672056,-4.740145,7.517783,13.656505,7.807585,-4.629554
2015-09-23,3115.89,3589.907833,3728.2987,-14.16117,-17.943719,-2.046217,7.993976,15.43941,10.220194,-2.495274
2015-09-24,3142.69,3570.999,3730.19445,-12.776627,-17.138124,0.021317,7.495698,13.931816,9.280266,-3.326768
2015-09-25,3092.35,3554.9765,3731.7586,-13.941713,-18.794828,2.893995,8.97015,15.972541,11.059227,-1.753036
2015-09-28,3100.76,3541.443,3732.7651,-13.288703,-18.550203,5.852882,6.984649,13.072088,10.758008,-2.019505
2015-09-29,3038.14,3530.63,3733.26755,-15.023084,-20.603838,8.062336,8.772483,15.956507,13.040874,0.481874
2015-09-30,3052.78,3518.577833,3733.43015,-14.200423,-20.127477,6.642273,12.511189,15.731934,13.327524,2.967132
2015-10-08,3143.36,3508.8485,3734.8656,-10.999563,-17.241954,6.01005,11.396951,11.860277,12.071796,1.265843
2015-10-09,3183.15,3503.447833,3736.0813,-9.587631,-16.016601,6.33568,12.028929,3.491722,12.782307,2.490929
2015-10-12,3287.66,3496.42,3737.8909,-6.156352,-12.834546,2.967993,10.369594,0.001521,10.926312,-0.767111
2015-10-13,3293.23,3486.677167,3739.6662,-5.708034,-12.712751,3.932897,10.024944,2.06196,10.738697,-0.934948
2015-10-14,3262.44,3474.878,3741.2113,-6.308399,-13.693405,1.76942,11.232028,-4.30411,11.887115,1.663172
2015-10-15,3338.07,3465.104333,3742.79405,-3.734995,-11.443961,0.914599,8.463843,-4.64979,9.352111,-0.64019
2015-10-16,3391.35,3458.1985,3744.4457,-1.951972,-9.904552,0.619658,5.436934,-11.706455,7.634128,-2.201188
2015-10-19,3386.7,3450.923833,3746.0916,-1.878598,-10.085706,1.258181,6.300932,-11.365259,7.781912,-2.066909
2015-10-20,3425.33,3442.056833,3747.67525,-0.487139,-8.99379,0.262695,5.10657,-14.952825,6.566375,-3.171373
2015-10-21,3320.68,3430.866333,3748.6414,-3.264322,-12.12239,1.6285,7.196735,-9.901054,9.924774,-0.119855
2015-10-22,3368.74,3420.050667,3750.32205,-1.511658,-10.730293,0.549731,7.112275,-14.949362,8.356537,-1.544791
2015-10-23,3412.43,3409.823833,3752.52155,0.076402,-9.500338,-0.879183,6.194573,-15.795285,6.969227,-2.805332
2015-10-26,3429.58,3398.2515,3754.30675,0.917677,-9.046584,-3.094407,5.135584,-13.124884,6.434316,-3.291365
2015-10-27,3434.34,3387.642,3755.69045,1.369066,-8.944738,-3.485445,5.157409,-14.301282,6.286797,-3.425403
2015-10-28,3375.2,3381.802667,3756.72635,-0.195432,-10.709334,2.470996,7.77053,-15.849763,8.149147,-1.733231
2015-10-29,3387.31,3377.207833,3757.83385,0.298681,-10.380659,3.922571,7.072431,-14.963126,7.762502,-2.084545
2015-10-30,3382.56,3370.431,3758.57325,0.359219,-10.540661,5.952774,1.576249,-14.073017,7.913829,-1.947046
2015-11-02,3325.08,3364.086167,3758.44605,-1.166262,-12.251185,9.237827,3.554918,-18.997283,9.779314,-0.252024
2015-11-03,3316.7,3358.302333,3758.2723,-1.246528,-12.498904,9.314798,4.123123,-19.263414,10.056683,3.605994
2015-11-04,3459.64,3355.581167,3758.70075,3.053956,-8.290882,5.363112,2.208893,-26.447133,5.509533,-0.674637
2015-11-05,3522.82,3351.685833,3759.84755,4.979835,-6.511661,3.076942,1.744646,-25.218018,3.617273,-2.455987
2015-11-06,3590.03,3349.9435,3761.37065,6.921708,-4.662287,-0.256315,-1.828296,-28.904697,1.677423,-4.282137
2015-11-09,3646.88,3349.699167,3763.45845,8.500147,-3.146633,-1.10067,-3.061289,-28.242747,0.092408,-5.774251
2015-11-10,3640.49,3347.9705,3765.4844,8.376395,-3.375822,-0.985477,-4.794352,-28.443413,0.268096,-5.60886
2015-11-11,3650.25,3343.334333,3767.62345,8.782705,-3.164876,-2.265873,-4.993814,-27.197789,-0.063557,-5.861242
2015-11-12,3632.9,3338.4175,3769.10565,8.453434,-3.680652,-0.436969,-5.006406,-27.353685,0.413719,-5.411655
2015-11-13,3580.84,3333.326167,3770.12735,7.162676,-5.151137,1.377297,-4.170276,-26.537927,1.873583,-4.084516
2015-11-16,3606.96,3327.532833,3772.5804,8.063417,-4.489391,0.092833,-2.4214,-24.026974,1.13586,-4.779094
2015-11-17,3604.79,3321.523833,3774.7391,8.183985,-4.606775,0.313535,-2.654777,-22.887875,1.196741,-4.721773
2015-11-18,3568.47,3314.437167,3775.9634,7.384911,-5.651862,2.202295,-1.475892,-22.030533,2.226725,-3.752028
2015-11-19,3617.06,3312.252167,3777.332,8.803317,-4.33564,0.509887,-1.029874,-23.483292,0.853456,-5.044981
2015-11-20,3630.5,3309.525333,3778.7257,9.25656,-4.001646,-5.497507,-1.429812,-21.533088,0.480099,-5.396502
2015-11-23,3610.31,3308.625667,3779.86135,8.726074,-4.589369,-4.675073,0.886838,-21.793529,1.042016,-4.867449
2015-11-24,3616.11,3310.431833,3781.1771,8.832022,-4.46365,-4.519732,0.981312,-21.077194,0.986143,-5.020035
2015-11-25,3647.93,3317.732167,3782.88805,9.487842,-3.632787,-3.090642,-0.325095,-28.574586,0.105265,-5.848522
2015-11-26,3635.55,3328.9085,3784.7543,8.811593,-4.022056,-1.405214,-0.636312,-27.292081,0.44615,-5.527912
2015-11-27,3436.3,3337.392,3785.884,2.920565,-9.68841,2.548229,5.426141,-24.560533,6.270407,-0.050054
2015-11-30,3445.41,3343.422333,3787.46955,3.004798,-9.465522,2.621621,2.532521,-23.15808,5.989418,-0.314331
2015-12-01,3456.31,3347.155,3788.72655,3.209081,-9.182841,0.397322,3.060901,-19.299484,5.655164,-0.628705
2015-12-02,3536.91,3352.670333,3790.54045,5.349632,-6.925514,-1.839595,1.011853,-21.251576,3.247467,-2.893203
2015-12-03,3584.82,3359.640333,3792.7819,6.487434,-5.63915,-3.67411,-1.28132,-22.095129,1.867597,-4.191005
2015-12-04,3524.99,3365.720667,3795.0273,4.623549,-7.381401,-2.598295,-6.708911,-19.608452,3.596606,-6.488813
2015-12-07,3536.93,3373.329167,3797.23635,4.735898,-7.101441,-0.460781,-7.306785,-19.806919,3.246884,-7.046224
2015-12-08,3470.07,3378.322833,3798.87875,2.679538,-9.053119,1.154098,-3.168632,-19.245844,5.236206,-5.255225
2015-12-09,3472.44,3382.145333,3800.45245,2.634729,-9.026261,1.25205,-10.542323,-21.355024,5.16438,-10.005644
2015-12-10,3455.5,3386.438833,3801.86285,2.018829,-9.552401,3.539564,-8.107227,-20.667237,5.679931,-9.564462
2015-12-11,3434.58,3390.344667,3803.0166,1.296306,-10.189995,4.117761,-12.973113,-18.324786,6.323626,-12.166844
2015-12-14,3520.67,3397.109167,3804.50815,3.572649,-7.753541,3.401071,-15.244791,-20.630288,3.723723,-14.314605
2015-12-15,3510.35,3405.528833,3805.82535,3.031551,-8.081713,3.949623,-17.404618,-20.12539,4.028658,-15.974191
2015-12-16,3516.19,3411.594333,3807.2621,3.019829,-7.95323,3.353091,-15.621897,-19.100315,3.855878,-16.113748
2015-12-17,3580,3419.826667,3808.6703,4.577293,-6.191733,0.903448,-21.031764,-19.181339,2.004749,-18.967318
2015-12-18,3578.96,3427.844,3810.0136,4.314076,-6.25605,1.358447,-20.560046,-17.021285,2.03439,-18.943771
2015-12-21,3642.47,3435.942833,3811.54455,5.837066,-4.537248,-3.02939,-19.147306,-19.426309,0.255321,-20.357065
2015-12-22,3651.77,3443.712,3813.48815,5.866202,-4.333231,-2.440143,-20.440004,-19.328519,-0.429381,-20.559893
2015-12-23,3636.09,3452.382,3815.27095,5.18445,-4.810276,-1.753694,-23.295198,-20.539201,-0.224967,-20.780839
2015-12-24,3612.49,3460.212,3817.091,4.306743,-5.509133,-2.050222,-21.399245,-19.266528,0.426852,-20.263309
2015-12-25,3627.91,3469.138,3819.0246,4.475058,-5.133832,-9.586823,-21.075407,-20.420421,-1.516851,-20.60222
2015-12-28,3533.78,3476.355,3820.18145,1.638379,-7.79298,-7.217685,-25.084721,-19.084272,1.106464,-22.185875
2015-12-29,3563.74,3485.115,3821.5698,2.230951,-6.985073,-5.832211,-26.447439,-17.198162,0.256472,-23.239069
2015-12-30,3572.88,3493.783333,3822.9797,2.238679,-6.765815,-13.393771,-29.667878,-17.345389,-0.943217,-25.671727
2015-12-31,3539.18,3500.380333,3823.929,1.102343,-7.738337,-10.500017,-25.681344,-16.211114,-5.010765,-24.963975
2016-01-04,3296.26,3502.2655,3823.54575,-6.062155,-14.838971,-8.862497,-20.36749,-7.664413,1.989528,-19.434147
2016-01-05,3287.71,3502.266333,3822.7378,-6.321901,-15.077559,-8.398787,-17.874674,-7.485626,2.254761,-19.224627
2016-01-06,3361.84,3503.409833,3822.03275,-4.124829,-12.829397,-13.081888,-20.480428,-11.107342,-5.218273,-21.005759
2016-01-07,3125,3501.119167,3819.77125,-11.36484,-20.075626,-3.827524,-11.661652,-4.584794,1.96512,-15.01888
2016-01-08,3186.41,3498.5915,3817.79195,-9.346557,-18.077734,-9.384973,-14.240052,-4.902619,-5.132736,-16.656676
2016-01-11,3016.7,3492.347333,3814.78885,-14.641058,-23.47218,-3.469172,-9.394538,0.230119,0.204197,-11.968045
2016-01-12,3022.86,3486.283333,3811.4645,-14.263282,-23.18101,-0.501444,-6.360783,1.43791,-0.500189,-12.147437
2016-01-13,2949.6,3478.3545,3807.75545,-16.488977,-25.537033,0.914238,-2.82848,4.402597,1.971115,-9.965419
2016-01-14,3007.65,3473.137333,3804.49005,-14.389927,-23.502292,-4.32021,-4.932744,2.315998,0.002992,-11.703157
2016-01-15,2900.97,3465.341167,3800.58445,-17.776592,-27.010969,0.535968,-1.421655,4.472465,3.680493,-8.456137
2016-01-18,2913.84,3457.031333,3796.69815,-17.093843,-26.465998,0.843085,0.45677,4.331292,3.222552,-8.860473
2016-01-19,3007.74,3450.000667,3792.804,-13.718546,-23.191662,-8.966806,-3.533061,-1.17587,-1.032337,-11.705799
2016-01-20,2976.69,3442.373167,3788.94795,-14.534916,-24.127645,-8.447578,-1.618502,-0.802759,-1.282633,-10.784798
2016-01-21,2880.48,3434.127833,3784.2989,-17.580604,-27.290369,-8.126374,-4.954293,2.697553,2.014595,-7.804949
2016-01-22,2916.56,3426.282,3779.7528,-16.107087,-25.925377,-6.332322,-5.256525,1.027088,0.752599,-8.94547
2016-01-25,2938.51,3418.881167,3775.1257,-15.14107,-25.053103,-8.878906,-8.911267,0.88732,-0.327036,-9.625627
2016-01-26,2749.78,3409.292833,3769.0677,-21.498398,-31.530677,-0.007637,-0.60588,7.152756,6.513976,-3.422819
2016-01-27,2735.56,3399.607167,3762.77145,-21.732372,-31.881961,0.134799,4.087054,7.397297,7.067657,-2.920791
2016-01-28,2655.66,3386.2075,3756.2621,-24.301735,-34.673113,4.612456,7.404449,10.114478,10.288968,1.217023
2016-01-29,2737.6,3373.1205,3749.77855,-20.875666,-31.461516,0.941275,4.867535,8.907432,6.987873,-1.812537
2016-02-01,2688.85,3358.100833,3742.61425,-22.226199,-33.067077,2.110454,7.467948,10.658445,8.927608,-0.032356
2016-02-02,2749.57,3343.145667,3735.6843,-19.546764,-30.648648,3.115104,5.37454,8.644749,6.522111,-2.239987
2016-02-03,2739.25,3328.125,3728.95975,-19.472492,-30.844515,4.570061,4.403217,6.158514,6.923428,-1.87168
2016-02-04,2781.02,3313.637833,3721.89075,-17.522886,-29.141404,2.901384,0.848951,1.820425,5.317473,-3.345535
2016-02-05,2763.49,3299.147667,3714.2717,-17.716978,-29.568824,3.433424,1.680042,2.469711,5.985547,-2.732414
2016-02-15,2746.2,3285.237,3706.9173,-17.922066,-29.998248,6.382136,4.042865,3.254312,6.652829,-2.12002
2016-02-16,2836.57,3272.397167,3699.63205,-14.292722,-26.563779,2.326278,0.975285,-0.025033,3.254988,-5.238369
2016-02-17,2867.34,3260.106333,3691.9763,-12.837504,-25.277713,2.124216,0.107707,-1.412978,2.146938,-6.255275
2016-02-18,2862.89,3248.346667,3684.2182,-12.631454,-25.222674,-4.341758,1.454326,-0.42109,2.305712,-6.109561
2016-02-19,2860.02,3235.729333,3676.54985,-12.342574,-25.114615,-3.298903,3.272079,-0.572963,3.326201,-6.015343
2016-02-22,2927.18,3224.007333,3668.54875,-9.65856,-22.575665,-8.524952,3.08199,-4.174153,3.129975,-8.171687
2016-02-23,2903.33,3212.224333,3660.68435,-10.110528,-23.179176,-6.039625,3.254058,-3.377412,3.977157,-7.417345
2016-02-24,2928.9,3200.770833,3652.94575,-8.876474,-22.090697,-2.742022,2.729986,-3.594866,3.069412,-8.225614
2016-02-25,2741.25,3185.6595,3644.44375,-15.024531,-28.478973,4.232368,7.71029,3.667442,10.124943,-1.943274
2016-02-26,2767.21,3171.187167,3635.8775,-13.626643,-27.301089,3.791739,7.389241,1.948932,9.091829,-2.863173
2016-02-29,2687.98,3158.715167,3627.82385,-16.137537,-29.9843,7.500309,9.566253,4.620425,12.307383,1.681188
2016-03-01,2733.17,3146.8445,3620.34335,-14.09381,-28.110676,5.972782,6.606329,3.213965,10.450503,2.618205
2016-03-02,2849.68,3136.734,3614.0307,-9.597542,-23.761698,0.450962,5.162222,-1.009755,5.934701,-1.57737
2016-03-03,2859.76,3125.448167,3607.2999,-8.883998,-23.222184,-1.943043,4.91804,-1.31324,5.561306,-1.924287
2016-03-04,2874.15,3113.603667,3600.00275,-8.002381,-22.517763,-2.246218,4.602694,1.466843,5.032792,-2.415323
2016-03-07,2897.34,3103.142833,3592.48335,-6.862234,-21.505063,-1.314629,5.235129,0.556547,5.374585,-3.19638
2016-03-08,2901.39,3092.5505,3585.1115,-6.380622,-21.159964,-1.28415,5.014508,0.818318,5.227494,-3.331507
2016-03-09,2862.56,3082.425333,3577.53275,-7.40004,-22.295706,0.274551,4.969869,2.624417,6.654882,-2.02022
2016-03-10,2804.73,3071.296833,3570.01295,-9.079262,-24.126195,3.506759,6.227907,4.509348,8.853972,0.19895
2016-03-11,2810.31,3060.543667,3562.64705,-8.529777,-23.720902,5.025461,7.65739,4.376694,8.637837,1.750341
2016-03-14,2859.5,3050.959,3554.8568,-6.480918,-21.7668,5.421262,5.581793,2.338589,6.769016,0.170309
2016-03-15,2864.37,3040.020667,3546.9472,-5.951588,-21.373886,4.60505,6.823407,-1.09875,7.061588,0.211565
2016-03-16,2870.43,3029.355333,3538.65225,-5.388799,-20.928409,4.746495,7.123369,-0.988696,7.383214,1.198427
2016-03-17,2904.83,3019.166,3529.8884,-3.860577,-19.489139,1.914205,5.794415,-0.608423,6.111545,0.516381
2016-03-18,2955.15,3008.751833,3520.59515,-1.797591,-17.508064,0.81826,2.62204,-2.825529,4.304688,-1.195202
2016-03-21,3018.8,2999.415833,3511.13465,0.644185,-15.107985,-2.040689,0.792532,-4.529984,2.105472,-3.278455
2016-03-22,2999.36,2988.697333,3501.4229,0.356131,-15.47705,-2.687354,-0.896867,-3.755428,2.767257,-2.651566
2016-03-23,3009.96,2978.0005,3493.37135,1.067469,-14.894048,-0.309786,-1.914244,-4.463662,2.405348,-2.994392
2016-03-24,2960.97,2966.7485,3485.1175,-0.194965,-16.298484,1.440119,-0.058444,-1.889422,4.09967,-1.38941
2016-03-25,2979.43,2956.1975,3475.87095,0.782819,-15.411307,1.005191,-1.105629,-2.979753,3.454688,-2.000383
2016-03-28,2957.82,2945.029333,3466.1074,0.433373,-15.857967,3.169186,0.232334,-3.562938,4.210533,-1.284392
2016-03-29,2919.83,2934.796833,3456.15665,-0.511283,-16.863178,4.380962,1.152307,-0.829852,5.56642,0.919232
2016-03-30,3000.65,2925.412,3446.4244,2.539361,-13.850836,0.258609,-1.85198,-2.979651,2.723077,-1.834936
2016-03-31,3003.92,2915.929333,3436.3285,2.972952,-13.44855,-0.633176,-2.208011,-2.437316,2.611255,-2.183813
2016-04-01,3009.53,2907.101833,3425.71675,3.462727,-12.95268,0.808478,-0.562798,-2.691461,2.419979,-2.36615
2016-04-05,3053.06,2903.0485,3415.4144,5.038297,-11.215447,-0.967966,-2.044632,-4.029588,0.959693,-3.758197
2016-04-06,3050.59,2899.0965,3405.13715,5.093588,-10.99502,0.524749,-1.744299,-2.052996,1.041438,-3.680272
2016-04-07,3008.42,2893.206167,3394.5713,3.904974,-12.076246,2.428051,-3.214573,-0.0675,2.457769,-3.163455
2016-04-08,2984.96,2890.872167,3383.66435,3.20281,-12.53729,3.073267,-5.256433,1.077273,3.263025,-5.120672
2016-04-11,3033.96,2888.331333,3373.5192,4.918975,-10.608778,-0.009889,-6.867721,-0.565546,1.595275,-6.653021
2016-04-12,3023.65,2888.447167,3364.2003,4.574567,-10.672557,0.632001,-6.370346,-1.183032,1.941693,-6.334728
2016-04-13,3066.64,2889.176833,3354.694,5.961087,-8.977806,-3.115224,-7.823726,-2.366498,0.512613,-7.647784
2016-04-14,3082.36,2891.3895,3346.179,6.395835,-8.212356,-4.291119,-8.644055,-1.075725,-0.137557,-8.280992
2016-04-15,3078.12,2892.564,3339.1778,6.217571,-8.140559,-3.938654,-7.669832,-0.567864,-1.146804,-8.154653
2016-04-18,3033.66,2894.7755,3331.46365,4.686225,-9.364193,-2.909409,-6.467082,0.668894,0.301946,-6.808607
2016-04-19,3042.82,2896.925167,3323.227,4.913483,-8.815158,-2.600887,-8.048675,0.376572,-1.478234,-7.733287
2016-04-20,2972.58,2896.339167,3315.451,2.598268,-10.91634,-0.63818,-5.734603,2.359762,0.849767,-5.573273
2016-04-21,2952.89,2895.9425,3309.2511,1.947373,-11.393756,-0.247522,-4.410609,2.795412,1.522238,-4.943631
2016-04-22,2959.24,2897.255167,3303.78215,2.116868,-11.013544,-0.709449,-3.984404,2.293683,1.304389,-5.147605
2016-04-25,2946.67,2897.757,3297.1294,1.673873,-11.237649,1.548022,-4.334681,3.085609,1.736536,-4.742981
2016-04-26,2964.7,2898.1935,3291.6844,2.268824,-10.462356,0.89222,-5.178161,1.610067,1.11782,-5.322292
2016-04-27,2953.67,2901.591667,3286.8889,1.778903,-10.689303,1.484356,-4.544671,2.082662,1.495428,-4.968734
2016-04-28,2945.59,2905.092167,3283.18225,1.384402,-10.850401,-1.103984,-4.319998,3.488819,1.773838,-4.708055
2016-04-29,2938.32,2909.803167,3278.9943,0.975255,-10.969877,-3.681597,-4.023269,1.810407,2.025647,-4.472283
2016-05-03,2992.64,2914.053833,3275.3219,2.661076,-9.026021,-5.496445,-2.573053,0.056122,0.17376,-6.206226
2016-05-04,2991.27,2919.094167,3272.7423,2.44247,-8.993021,-5.293679,-2.633951,-0.399625,0.219639,-6.163268
2016-05-05,2997.84,2923.232,3269.18485,2.520218,-8.664864,-5.554679,-2.451892,-1.493837,-2.422077,-6.368919
2016-05-06,2913.25,2926.132,3264.3621,-0.441212,-11.379507,-3.001431,0.86912,1.972354,0.872908,-3.650219
2016-05-09,2832.11,2926.9835,3258.6707,-3.295035,-14.029733,0.659869,3.537875,5.038437,3.762919,-0.889796
2016-05-10,2832.59,2928.135167,3253.2112,-3.317427,-13.845108,0.39075,3.587025,5.154692,3.745336,-0.906591
2016-05-11,2837.04,2929.649167,3248.3679,-3.212142,-13.539143,-1.046329,3.127141,4.805405,3.582607,-1.062022
2016-05-12,2835.86,2929.637333,3243.4313,-3.25334,-13.428657,-1.026101,-0.098431,5.76927,3.625708,-1.020854
2016-05-13,2827.11,2928.966833,3237.7801,-3.539476,-13.563295,-0.057673,0.531989,6.788087,3.946433,-0.714511
2016-05-16,2850.86,2928.766333,3232.07385,-2.696058,-12.550329,-0.253226,1.266993,5.722214,3.080474,-1.54164
2016-05-17,2843.68,2928.494,3226.20385,-2.938931,-12.620718,-0.777008,1.019514,5.439291,3.340742,-1.293043
2016-05-18,2807.51,2926.4995,3220.1112,-4.150903,-13.711792,0.269626,2.726159,8.306327,4.672112,-0.021371
2016-05-19,2806.91,2924.8925,3213.52615,-4.117349,-13.528459,0.551752,2.876042,10.741405,4.694486,0.291424
2016-05-20,2825.48,2923.168833,3207.299,-3.398998,-12.675089,-0.156911,1.861191,9.595733,4.006399,-0.367725
2016-05-23,2843.65,2924.8755,3202.88945,-2.816348,-11.896492,-0.748314,2.153426,8.938958,3.341832,-1.004343
2016-05-24,2821.67,2925.783167,3198.6828,-3.623329,-12.541019,3.30965,2.460556,9.539813,4.146835,-0.233195
2016-05-25,2815.09,2927.901667,3193.8124,-3.929178,-12.622108,3.436431,1.382889,9.901737,4.390268,0.211716
2016-05-26,2822.44,2929.3895,3189.39575,-3.719228,-12.222972,3.577135,2.562512,8.888507,4.118422,-0.049248
2016-05-27,2821.05,2928.912333,3185.18235,-3.752198,-12.140038,4.085134,3.192326,9.096808,4.169724,0.049627
2016-05-30,2822.45,2928.2905,3181.18005,-3.68135,-11.964691,3.879546,3.793964,8.923157,4.118053,0.376269
2016-05-31,2916.62,2928.998333,3176.98045,-0.423509,-8.550579,0.663632,0.44439,5.070803,0.756355,-2.864617
2016-06-01,2913.51,2929.267833,3173.07515,-0.539397,-8.534266,0.467413,0.648994,5.241999,0.863906,-2.760931
2016-06-02,2925.23,2929.665167,3169.3936,-0.151503,-8.016717,-3.201218,2.143194,4.831422,2.166325,-3.150521
2016-06-03,2938.68,2930.933833,3165.36595,0.263941,-7.430817,-3.338562,2.277952,4.524033,2.304096,-3.59379
2016-06-06,2934.1,2933.09,3160.39435,0.034429,-7.429605,-1.611012,2.795832,5.030972,2.835282,-3.443305
2016-06-07,2936.04,2935.1855,3155.435,0.029108,-7.206463,-2.176761,2.715151,4.243103,2.767333,-3.507105
2016-06-08,2927.16,2936.313167,3150.6392,-0.31221,-7.357268,-1.447311,2.060172,4.678133,3.079094,-3.214378
2016-06-13,2833.07,2935.7915,3145.03175,-3.561616,-10.446306,1.948372,5.555659,8.099718,6.502487,0.321912
2016-06-14,2842.19,2935.320833,3139.41605,-3.224188,-9.946193,1.271529,7.036341,8.382596,7.289801,0.425728
2016-06-15,2887.21,2935.027167,3133.88375,-1.642607,-8.198241,0.633206,5.834974,6.850485,6.008569,-1.140201
2016-06-16,2872.82,2933.655,3129.50705,-2.095496,-8.558137,0.664035,6.116463,7.480068,6.539567,-0.645011
2016-06-17,2885.1,2931.426667,3124.962,-1.592966,-7.986256,-1.073644,5.699087,6.499659,6.086098,-1.067901
2016-06-20,2888.81,2929.584167,3121.0846,-1.401584,-7.733592,0.238223,5.218323,4.506759,5.949855,-1.194956
2016-06-21,2878.56,2927.394167,3117.9387,-1.68225,-7.988194,1.174225,5.34483,4.912824,6.327122,-0.84313
2016-06-22,2905.55,2926.4705,3116.4169,-0.717439,-7.006121,0.892224,4.124661,3.293914,5.339437,-1.76421
2016-06-23,2891.96,2925.012667,3116.05185,-1.136434,-7.463229,1.293484,4.959733,4.532367,5.834451,-1.302577
2016-06-24,2854.29,2923.287167,3115.68685,-2.38856,-8.76265,2.702536,5.405339,5.742659,7.23122,1.450799
2016-06-27,2895.7,2922.885,3114.7474,-0.934426,-7.292118,3.157817,4.06482,4.397178,5.697759,0.582243
2016-06-28,2912.56,2921.416833,3113.14845,-0.30363,-6.660216,3.17076,4.616491,4.358468,5.085904,0.585396
2016-06-29,2931.59,2920.211333,3111.77645,0.388895,-5.964883,2.881414,2.039712,3.430398,4.403754,-0.06754
2016-06-30,2929.61,2918.879333,3110.5914,0.366956,-5.994356,2.934393,2.184785,1.719828,4.474316,0.097965
2016-07-01,2932.48,2916.869667,3109.45295,0.533747,-5.859833,1.878591,1.585332,2.215362,4.372067,1.597965
2016-07-04,2988.6,2915.8365,3108.99385,2.464831,-3.94941,0.211247,-1.185139,-0.024764,2.412166,-1.178144
2016-07-05,3006.39,2915.802667,3108.17355,3.059488,-3.329525,1.419827,-1.174719,-0.263453,1.806153,-1.762912
2016-07-06,3017.29,2916.3415,3107.04455,3.402916,-2.931289,1.42813,-1.295269,-0.418135,1.438377,-2.117794
2016-07-07,3016.85,2916.056333,3106.13935,3.398111,-2.916735,1.224551,-1.147484,1.031833,1.453171,-2.103519
2016-07-08,2988.09,2915.463667,3105.07865,2.460552,-3.840466,2.191605,-0.381908,2.549474,2.429646,-1.161277
2016-07-11,2994.92,2914.268333,3104.47925,2.729873,-3.592847,1.611036,0.312042,2.100708,2.196052,-1.386681
2016-07-12,3049.38,2913.718667,3104.7003,4.550813,-1.79789,-0.419982,-0.780243,0.391444,0.370895,-3.147853
2016-07-13,3060.69,2913.428167,3104.24245,4.930993,-1.412933,-1.077107,-1.379754,0.101886,-0.208776,-3.505745
2016-07-14,3054.02,2913.7675,3104.08225,4.701184,-1.625934,-0.492695,-1.696685,-0.421645,0.009168,-3.295001
2016-07-15,3054.3,2913.958833,3103.86415,4.703785,-1.60974,-1.367392,-0.11892,0.963811,-0.118849,-3.303867
2016-07-18,3043.56,2915.141833,3103.29925,4.310941,-1.943794,-0.91528,2.64704,1.343301,2.682385,-2.962649
2016-07-19,3036.6,2916.537,3102.55415,4.034151,-2.148722,0.445886,2.389712,1.563813,2.917737,-2.740236
2016-07-20,3027.9,2917.681333,3102.1142,3.708007,-2.421457,-1.192725,2.660871,2.060594,3.213448,-2.460781
2016-07-21,3039.01,2919.220333,3101.5958,4.021523,-2.038495,-1.481464,2.119524,2.894194,2.836121,-2.817365
2016-07-22,3012.82,2920.022333,3101.19815,3.128525,-2.891202,-1.117472,3.113509,3.87761,3.73006,-1.972571
2016-07-25,3015.83,2921.058333,3100.7735,3.192909,-2.777651,-2.092142,2.261174,3.277453,3.626531,-2.070408
2016-07-26,3050.17,2922.801333,3100.83365,4.265481,-1.647367,-2.620449,1.287991,2.018074,2.459863,-3.172938
2016-07-27,2992,2923.696,3100.52975,2.309349,-3.563092,-0.453567,3.089481,3.683652,4.451872,-1.290441
2016-07-28,2994.32,2923.724,3099.78455,2.385901,-3.461545,-0.397876,2.441628,3.4843,4.370942,-1.366921
2016-07-29,2979.34,2923.525167,3098.7655,1.891166,-3.930201,-0.08865,3.007673,4.691295,4.895715,-0.870998
2016-08-01,2953.39,2922.784333,3097.09415,1.041696,-4.751064,1.708428,3.873367,4.932871,5.817383,0.605745
2016-08-02,2971.28,2923.7515,3095.4844,1.612528,-4.095157,1.814302,3.420799,5.170145,5.180259,0.182413
2016-08-03,2978.46,2926.190667,3094.0645,1.770493,-3.807921,1.343645,3.530409,4.813029,4.926707,-0.059091
2016-08-04,2982.43,2928.688,3092.2863,1.818386,-3.617232,0.67535,2.675436,4.935793,4.787036,-0.192125
2016-08-05,2976.7,2931.015667,3090.21305,1.54663,-3.742473,2.454593,2.999869,5.591708,4.988746,0.871435
2016-08-08,3004.28,2933.822667,3088.30095,2.37317,-2.758315,3.946034,2.232017,4.047416,4.024924,-0.054589
2016-08-09,3025.68,2937.132167,3086.3027,2.970221,-1.983798,2.749973,2.126498,4.699943,3.289178,-0.761482
2016-08-10,3018.75,2939.930333,3084.79305,2.645695,-2.164173,2.963518,2.395265,5.706971,3.526294,-0.533665
2016-08-11,3002.64,2942.579667,3082.96255,2.020527,-2.63991,3.323514,3.06029,6.689429,4.081741,1.599592
2016-08-12,3050.67,2946.632333,3081.15375,3.46983,-0.994288,1.865037,0.919491,4.997156,2.44307,0.414007
2016-08-15,3125.2,2951.937167,3079.63185,5.703666,1.468822,-1.301146,-3.358604,2.523253,-0.485089,-3.302829
2016-08-16,3110.04,2956.679833,3078.01035,5.056863,1.035219,-0.655835,-2.821718,3.115237,-0.015755,-2.831475
2016-08-17,3109.55,2961.1115,3076.6821,4.891332,1.062625,-0.764115,-3.491618,2.643591,-0.046631,-3.431365
2016-08-18,3104.11,2965.818833,3075.2661,4.557388,0.933561,-1.15936,-2.54689,3.607962,0.128539,-3.262127
2016-08-19,3108.1,2970.702333,3073.8938,4.521321,1.106651,-1.223307,-2.776189,4.413557,-0.390914,-3.386313
2016-08-22,3084.8,2975.075,3072.6924,3.621758,0.393264,-0.479949,-1.928817,4.943829,0.36145,-2.656574
2016-08-23,3089.71,2979.552667,3071.55745,3.630406,0.589249,-0.48764,-1.546014,4.803299,0.201961,-2.811267
2016-08-24,3085.88,2983.943167,3069.68865,3.359123,0.526073,-0.012639,-1.698795,5.548524,0.326325,-2.690643
2016-08-25,3068.33,2986.471667,3067.4162,2.704079,0.029786,-0.164067,-2.906585,6.579493,0.900164,-2.864751
2016-08-26,3070.31,2989.085,3064.8176,2.681121,0.179048,-0.096454,-2.377643,6.695474,0.835095,-2.927392
2016-08-29,3070.03,2991.498333,3061.93335,2.591296,0.26408,0.067078,-2.712992,5.697689,0.844291,-2.918538
2016-08-30,3074.68,2993.765,3059.1043,2.666904,0.507867,0.520001,-2.509534,6.260087,0.691779,-3.06536
2016-08-31,3085.49,2996.288167,3056.2805,2.933623,0.951182,0.208501,-2.653275,5.004734,0.339006,-3.40497
2016-09-01,3063.3,2998.409167,3053.4325,2.14109,0.32264,1.060204,-0.49612,4.512884,1.065844,-2.705253
2016-09-02,3067.35,3000.745667,3050.86505,2.195318,0.538882,0.374215,-0.068486,4.222743,0.932401,-2.833716
2016-09-05,3072.09,3004.729333,3048.1907,2.217062,0.780991,-1.644587,-0.443351,4.771866,0.77667,-2.983637
2016-09-06,3090.71,3008.871333,3045.6203,2.68358,1.469625,-2.198243,-0.954811,3.953849,0.16954,-3.568112
2016-09-07,3091.93,3012.283333,3043.2376,2.609712,1.587354,-2.923365,-0.913625,4.457789,0.130016,-3.606162
2016-09-08,3095.95,3016.002167,3040.63205,2.616264,1.80294,-2.283667,-1.78525,1.825006,-0.552335,-3.731326
2016-09-09,3078.85,3019.231333,3037.8738,1.955388,1.339829,-1.830643,0.163239,2.444502,0.163373,-3.196648
2016-09-12,3021.98,3021.450833,3034.93215,0.017512,-0.427682,0.128641,2.054865,3.847933,2.076122,-1.374926
2016-09-13,3023.51,3023.866667,3031.96915,-0.011796,-0.279388,0.619869,1.995819,3.067073,2.024468,-1.424834
2016-09-14,3002.85,3025.488333,3028.74375,-0.751067,-0.858609,1.028708,2.891341,3.922584,2.933546,-0.746624
2016-09-19,3026.05,3027.723167,3025.69625,-0.055277,0.011691,-1.519055,3.32156,2.995929,3.37734,-1.507576
2016-09-20,3023,3030.535,3023.62975,-0.248946,-0.02083,-0.824761,3.540291,2.6081,3.603705,-1.408204
2016-09-21,3025.87,3032.7045,3021.53205,-0.225614,0.143465,-1.264124,2.945096,3.620534,3.505438,-1.501717
2016-09-22,3042.31,3034.867,3019.46205,0.244949,0.753841,-1.45116,2.276097,3.146557,2.946117,-2.033981
2016-09-23,3033.9,3036.572167,3016.947,-0.088038,0.560353,-0.967119,2.292966,2.482204,3.231484,-1.762418
2016-09-26,2980.43,3037.419167,3013.92505,-1.894061,-1.117565,2.246398,3.949258,4.65888,5.083495,0.249293
2016-09-27,2998.17,3038.514,3011.29095,-1.336648,-0.436677,2.212703,4.061264,3.811789,4.461722,-0.343876
2016-09-28,2987.86,3038.501667,3008.5456,-1.680711,-0.689936,2.336719,3.772496,3.756702,4.82218,0.355438
2016-09-29,2998.48,3038.369833,3006.18765,-1.321564,-0.256722,2.074724,4.25888,3.203776,4.450922,0.207438
2016-09-30,3004.7,3038.16,3003.84895,-1.107434,0.028328,1.948151,3.935895,3.239789,4.234699,1.213765
2016-10-10,3048.14,3038.6815,3001.81215,0.310786,1.531541,-0.228926,2.756477,2.839102,2.794819,-0.228664
2016-10-11,3065.25,3039.9675,2999.9655,0.828231,2.152834,0.605941,2.660325,3.005991,2.696028,-0.78558
2016-10-12,3058.5,3041.027167,2997.65465,0.572926,2.00944,0.853629,2.25875,3.435799,2.922675,-0.566618
2016-10-13,3061.34,3041.2265,2995.4096,0.659184,2.177175,0.752387,3.528256,2.992021,3.591238,-0.658862
2016-10-14,3063.81,3041.2785,2993.1477,0.738125,2.333366,0.881601,4.22533,3.446344,4.315868,-0.738949
2016-10-17,3041.17,3041.064333,2990.45355,0.003475,1.681724,2.823143,5.414389,3.885806,5.563648,1.404394
2016-10-18,3083.88,3041.557333,2987.97815,1.381888,3.159159,1.546408,3.914426,1.699869,4.101651,0.018807
2016-10-19,3084.72,3042.243333,2985.1894,1.386571,3.27977,1.018872,3.826992,1.114452,4.073303,-0.008429
2016-10-20,3084.46,3043.041,2982.35285,1.351926,3.366407,0.900147,3.941135,0.913319,4.082076,0.210085
2016-10-21,3090.94,3044.091667,2979.6271,1.52727,3.667709,0.430333,3.243868,0.40327,3.863873,0.308967
2016-10-24,3128.25,3045.579,2977.2059,2.678271,4.94885,-0.891358,2.833292,-0.624659,2.873811,-0.887397
2016-10-25,3131.94,3047.564333,2974.72605,2.730993,5.150067,-0.303787,3.649455,-0.606252,3.716866,-1.00417
2016-10-26,3116.31,3049.239,2972.6387,2.175756,4.71996,-0.436724,3.927551,-0.482823,4.237062,-0.507652
2016-10-27,3112.35,3050.275333,2970.38175,2.014621,4.668759,0.531622,4.073215,0.346084,4.369688,-0.381063
2016-10-28,3104.27,3052.1465,2968.0387,1.693347,4.487722,0.675809,4.954353,1.041502,5.079133,-0.121768
2016-10-31,3100.49,3053.916,2965.84525,1.513546,4.43981,1.053617,5.536821,1.347441,5.692971,0.072247
2016-11-01,3122.44,3056.301,2964.97615,2.140939,5.174576,0.811764,5.011852,0.864484,5.13957,-0.631237
2016-11-02,3102.73,3058.79,2964.05125,1.426296,4.572537,0.822973,4.638186,1.802697,5.807466,0.728069
2016-11-03,3128.94,3061.417667,2962.88675,2.181619,5.453024,1.3441,4.510742,0.358265,4.921155,-0.115694
2016-11-04,3125.32,3063.865333,2962.88835,1.985938,5.337209,2.237587,3.722114,1.00792,5.042684,0.09759
2016-11-07,3133.33,3066.380333,2962.62295,2.159852,5.602133,2.428986,2.252527,0.628659,4.774154,-0.158298
2016-11-08,3147.89,3069.2335,2963.2789,2.530453,6.0436,1.860042,1.630904,0.604607,4.28954,-0.620098
2016-11-09,3128.37,3071.301667,2963.80645,1.841063,5.40377,2.421871,2.956467,1.736859,4.940272,1.371641
2016-11-10,3171.28,3073.728333,2964.91485,3.124403,6.728698,1.165266,1.380403,0.798374,3.520345,0.680167
2016-11-11,3196.04,3076.683167,2965.8568,3.806042,7.474658,-0.099861,1.146084,0.648697,2.718364,-0.099811
2016-11-14,3210.37,3080.145333,2967.4038,4.140941,7.869877,0.242046,-1.804133,0.23521,2.259864,-1.787956
2016-11-15,3206.99,3082.750667,2968.86955,3.951053,7.715155,1.281437,-1.633163,0.186917,2.367641,-1.684446
2016-11-16,3205.06,3084.081667,2969.85615,3.847687,7.621729,1.119431,-2.033924,0.763367,2.429284,-2.013379
2016-11-17,3208.45,3085.721833,2971.01495,3.900234,7.688433,1.032227,-2.869882,-0.199048,2.321058,-2.829092
2016-11-18,3192.85,3087.110167,2972.5768,3.36785,7.148475,2.140818,-2.212626,1.464705,2.820991,-2.354323
2016-11-21,3218.15,3089.010833,2974.08475,4.095574,7.887032,1.812171,-3.158923,1.086935,2.012647,-3.12198
2016-11-22,3248.35,3091.348333,2975.63395,4.953983,8.769007,1.05861,-4.581646,0.395418,1.064233,-4.478274
2016-11-23,3241.14,3093.954,2978.09075,4.647524,8.464271,0.273911,-3.252113,0.31544,1.289053,-4.265783
2016-11-24,3241.74,3096.487833,2980.62165,4.584171,8.397834,0.969148,-3.202756,0.35996,1.270305,-4.283502
2016-11-25,3261.94,3099.422167,2983.65305,5.110641,8.91737,-0.55643,-4.765115,-1.025492,0.643176,-4.876239
2016-11-28,3277,3102.9,2986.35005,5.459121,9.287645,-2.230677,-4.827199,-1.082123,0.180653,-5.313396
2016-11-29,3282.92,3106.4435,2989.3204,5.525477,9.36872,-2.569184,-5.261327,-1.102334,-0.292727,-5.484142
2016-11-30,3250.03,3109.4435,2991.8227,4.422046,8.278143,-0.858746,-4.65398,-0.61728,0.716301,-4.547343
2016-12-01,3273.31,3112.754,2994.493,5.029384,8.902677,-1.786238,-5.565845,-1.694533,-0.900312,-5.413786
2016-12-02,3243.84,3115.393167,2996.8071,4.040245,7.921039,-0.338443,-4.41822,-0.308134,-0.337871,-4.554479
2016-12-05,3204.71,3117.75,2999.0132,2.751001,6.63383,-1.627674,-2.169901,1.169528,0.879019,-3.389074
2016-12-06,3199.65,3119.955,3001.28045,2.522285,6.400241,-1.404025,-1.285239,1.273558,1.038551,-3.236291
2016-12-07,3222.24,3122.4575,3003.2088,3.145642,7.039545,-2.568519,-1.779418,-0.170524,0.330205,-3.914668
2016-12-08,3215.36,3124.535,3004.9489,2.865385,6.767876,-3.085019,-1.916638,-0.080895,0.544885,-3.709071
2016-12-09,3232.88,3126.884167,3006.79885,3.333635,7.249737,-3.458571,-1.92507,0.127977,-1.906659,-4.230902
2016-12-12,3152.97,3127.8345,3008.2636,0.800395,4.698183,-1.112744,0.27555,2.702165,0.579454,-1.803696
2016-12-13,3155.04,3129.104333,3009.4029,0.825437,4.725949,-1.667046,-0.581394,2.711522,0.513464,-1.868122
2016-12-14,3140.53,3131.080167,3010.5889,0.301353,4.225587,-0.098758,-0.678616,4.00742,0.97786,-1.414729
2016-12-15,3117.68,3132.649667,3011.5328,-0.479005,3.463995,0.699353,-0.157934,3.769685,1.717944,-0.692181
2016-12-16,3122.98,3134.651833,3013.44145,-0.373044,3.570491,-0.411672,-0.627972,4.011652,1.545319,-0.860716
2016-12-19,3118.08,3136.185667,3015.1958,-0.578988,3.355266,0.143895,-0.299028,4.500351,1.704895,-0.704921
2016-12-20,3102.88,3137.517,3017.2703,-1.110101,2.797816,0.378928,0.325939,4.485243,2.203115,-0.218507
2016-12-21,3137.43,3139.376333,3019.2916,-0.062017,3.838176,-1.127956,-1.158262,3.480475,1.077634,-1.31732
2016-12-22,3139.56,3140.997167,3020.741,-0.045766,3.85805,-1.393941,-0.524376,4.053911,1.009059,-1.38427
2016-12-23,3110.15,3142.268,3021.99295,-1.027388,2.875443,-0.209534,0.852265,4.918893,1.964214,-0.451747
2016-12-26,3122.57,3144.637,3023.23505,-0.704208,3.232891,0.426621,0.637819,4.09059,1.558652,-0.847699
2016-12-27,3114.66,3146.5785,3024.32165,-1.019568,2.943318,1.406905,1.113959,3.985757,1.816571,-0.595892
2016-12-28,3102.24,3148.484833,3025.3259,-1.47969,2.510561,2.015816,1.81849,3.422127,2.224199,-0.197922
2016-12-29,3096.1,3150.111833,3026.4936,-1.72947,2.273853,1.862969,1.413368,4.00173,2.426924,0.167953
2016-12-30,3103.64,3151.760833,3027.98815,-1.538568,2.467719,2.154706,1.704026,5.230611,2.178088,-0.075395
2017-01-03,3135.92,3153.223833,3029.6162,-0.550278,3.448665,0.817778,0.546033,4.522566,1.126304,-1.103982
2017-01-04,3158.79,3154.782833,3031.11265,0.126938,4.125928,-0.700181,0.258941,3.967064,0.394138,-1.820001
2017-01-05,3165.41,3156.564667,3032.61785,0.279828,4.285637,-1.467718,0.559811,3.232083,0.561381,-2.02533
2017-01-06,3154.32,3158.114333,3034.0373,-0.120218,3.887877,-1.326315,1.334609,4.18015,1.343554,-1.680869
2017-01-09,3171.24,3159.904833,3035.36935,0.358077,4.378956,-2.161473,1.427683,3.183787,1.437923,-2.205446
2017-01-10,3161.67,3161.913167,3036.40195,-0.007691,4.042712,-1.687322,1.763793,3.551059,1.779439,-1.909434
2017-01-11,3136.75,3162.794333,3036.9917,-0.826869,3.231978,-0.759713,2.401474,3.42578,2.588029,-1.130151
2017-01-12,3119.29,3163.3705,3037.59135,-1.403266,2.654053,-0.578403,3.475907,3.244963,3.537023,-0.576734
2017-01-13,3112.76,3163.842167,3038.10535,-1.627737,2.427571,0.332911,2.828768,2.661236,3.754225,-0.368162
2017-01-16,3103.43,3164.050333,3038.81765,-1.934501,2.103944,1.068566,4.305303,2.144128,4.399326,-0.068634
2017-01-17,3108.77,3163.725667,3039.46435,-1.752319,2.254585,1.080742,4.544886,2.016668,4.649749,-0.240288
2017-01-18,3113.01,3163.410167,3040.2403,-1.606051,2.365355,1.166948,4.651125,1.913468,4.760987,-0.376163
2017-01-19,3101.3,3163.16,3041.14765,-1.975015,1.958642,1.848796,4.725814,0.906146,5.156547,0.704221
2017-01-20,3123.14,3163.339833,3041.7601,-1.278947,2.640258,0.543803,4.087092,0.36531,4.421191,0.43642
2017-01-23,3136.77,3163.8815,3042.42435,-0.860599,3.053893,0.642227,2.887358,0.129986,3.967457,0.108392
2017-01-24,3142.55,3164.5825,3043.08945,-0.698656,3.216131,0.334835,3.107257,0.306288,3.776233,-0.075735
2017-01-25,3149.55,3165.034333,3043.5719,-0.490432,3.422779,0.551887,3.045035,0.162114,3.545586,-0.29782
2017-01-26,3159.17,3165.975,3044.1148,-0.215173,3.709918,0.757136,2.218209,-0.49057,3.230279,-0.601424
2017-02-03,3140.17,3166.162167,3044.77355,-0.824324,3.085041,1.784209,2.457944,-0.153613,3.854887,0.411443
2017-02-06,3156.98,3166.689833,3045.63365,-0.307095,3.59069,1.878364,2.40606,-0.942348,3.30189,-0.123219
2017-02-07,3153.09,3167.019167,3046.2293,-0.44079,3.447839,2.035537,2.793396,-1.600065,3.429334,0.44052
2017-02-08,3166.98,3167.337333,3046.94595,-0.011282,3.863869,1.442352,2.299856,-2.830026,2.975706,0.511528
2017-02-09,3183.18,3168.250833,3047.52865,0.470105,4.354971,1.448379,1.049084,-3.277904,2.451636,0.424733
2017-02-10,3196.7,3168.6745,3048.10035,0.880567,4.760047,0.167845,0.501135,-4.606638,2.018331,0.167986
2017-02-13,3216.84,3169.021167,3048.79395,1.497675,5.365343,0.716147,0.625364,-4.949452,1.379615,-0.459146
2017-02-14,3217.93,3169.147167,3049.7153,1.527578,5.369005,1.093772,0.662822,-4.266974,1.345275,-0.492863
2017-02-15,3212.99,3169.247167,3050.56615,1.370789,5.187477,1.489939,0.891442,-3.895645,1.501094,-0.33987
2017-02-16,3229.62,3169.6565,3051.85135,1.874126,5.661608,0.671504,1.210129,-3.679044,1.217481,-0.853042
2017-02-17,3202.07,3169.550167,3053.09725,1.02078,4.764091,1.591235,1.098851,-3.096413,2.088337,0.333847
2017-02-20,3239.96,3170.335333,3054.50085,2.172362,5.894479,-0.349379,0.334321,-4.734459,0.894455,-0.839517
2017-02-21,3253.32,3170.9215,3056.0341,2.565377,6.255798,-0.356888,0.254493,-5.130106,0.480125,-1.246726
2017-02-22,3261.22,3171.136,3057.5167,2.801148,6.449831,-0.439142,-0.491821,-5.857534,0.236721,-1.485947
2017-02-23,3251.38,3171.306667,3059.00525,2.493582,6.098974,-0.65881,-0.087078,-6.002755,0.540078,-1.187803
2017-02-24,3253.43,3171.5015,3060.54445,2.550469,6.1117,-1.085345,0.491195,-5.996573,0.492403,-1.250065
2017-02-27,3228.66,3170.946833,3061.99615,1.803696,5.300015,0.160928,1.17927,-3.814246,1.263372,-0.492464
2017-02-28,3241.73,3170.359,3063.2416,2.226231,5.663344,0.020974,0.345514,-4.146512,0.855099,-0.893659
2017-03-01,3246.93,3169.759167,3064.5199,2.405432,5.781902,-0.193292,-0.173237,-4.078119,0.693578,-1.052379
2017-03-02,3230.03,3169.425833,3065.68085,1.894098,5.222174,-0.411989,-0.614572,-4.024451,1.220422,-0.612688
2017-03-03,3218.31,3168.509167,3067.20615,1.559519,4.808928,-0.1726,0.130418,-3.566876,1.589033,-0.250753
2017-03-06,3233.86,3168.342833,3069.2149,2.046778,5.225467,0.097668,1.120525,-4.496831,1.126827,-0.730396
2017-03-07,3242.41,3168.971167,3071.264,2.29099,5.422768,-0.095036,1.183137,-4.422791,1.190164,-0.992163
2017-03-08,3240.66,3169.654667,3073.2821,2.215437,5.303093,0.033938,1.408267,-3.145231,1.41823,-0.938698
2017-03-09,3216.75,3169.563167,3075.18655,1.477776,4.500597,1.609424,1.623189,-2.086432,2.172068,-0.202378
2017-03-10,3212.76,3169.519833,3077.1148,1.355028,4.313798,0.76556,2.344407,-1.706481,2.372104,-0.078437
2017-03-13,3237.02,3169.588833,3079.0456,2.105128,5.003347,0.425104,1.13074,-3.046857,1.604871,-0.827304
2017-03-14,3239.33,3171.028167,3081.02385,2.131064,5.010456,0.685442,1.124444,-2.677747,1.532416,-0.898025
2017-03-15,3241.76,3172.4735,3083.1951,2.160482,5.014996,0.106675,0.132864,-3.486935,1.456308,-0.972311
2017-03-16,3268.94,3174.613667,3085.50525,2.927983,5.775035,-0.625703,-1.441073,-4.263756,0.612737,-1.795689
2017-03-17,3237.45,3176.609833,3087.5651,1.897144,4.74032,0.983579,-1.266383,-3.593747,1.591376,-1.258398
2017-03-20,3250.81,3178.740333,3089.6009,2.24192,5.086227,0.495569,-2.495497,-3.329064,1.173861,-2.464617
2017-03-21,3261.61,3181.1325,3091.8006,2.498367,5.34673,-0.265866,-2.782711,-3.799495,0.83885,-2.78758
2017-03-22,3245.22,3183.504833,3093.95125,1.920041,4.773415,-0.120558,-2.245836,-2.78112,1.348137,-2.296609
2017-03-23,3248.55,3185.356833,3096.0818,1.964442,4.807137,-1.186304,-3.732591,-3.161614,1.244247,-3.663788
2017-03-24,3269.45,3187.521667,3098.3238,2.537807,5.376052,-1.446122,-4.212977,-3.472403,0.597042,-4.279619
2017-03-27,3266.96,3190.135167,3100.54635,2.37966,5.228155,0.102183,-3.936642,-2.526946,0.673715,-4.206663
2017-03-28,3252.95,3192.308167,3102.228,1.881806,4.744171,0.858598,-3.146483,-1.916526,1.107303,-3.794095
2017-03-29,3241.31,3194.419,3103.867,1.457234,4.332882,1.388211,-2.709684,-2.123703,1.470393,-3.448606
2017-03-30,3210.24,3196.219,3105.29205,0.437715,3.323793,1.825772,-2.094207,-0.693312,2.452465,-2.514142
2017-03-31,3222.51,3198.325833,3106.7112,0.753306,3.659588,2.041389,-2.741975,-0.937818,2.062368,-2.885329
2017-04-05,3270.3,3201.1035,3108.3922,2.138613,5.077611,0.107883,-4.468933,-2.300986,0.570896,-4.370547
2017-04-06,3281,3203.5215,3110.117,2.389758,5.348791,-0.15373,-5.576598,-3.038694,0.242914,-5.423956
2017-04-07,3286.62,3205.652,3111.9143,2.494418,5.462161,-1.241465,-6.538148,-2.448322,0.071502,-6.328995
2017-04-10,3269.39,3207.385,3114.0959,1.914746,4.866455,-1.454838,-5.950176,-1.757265,0.598888,-5.835339
2017-04-11,3288.97,3209.629167,3116.3298,2.441904,5.391848,-2.845229,-7.452179,-2.182683,-0.395565,-7.181276
2017-04-12,3273.83,3211.339,3118.2629,1.927257,4.868447,-3.201132,-6.705556,-1.887064,0.065061,-6.75203
2017-04-13,3275.96,3213.243833,3120.2786,1.932999,4.868866,-3.221713,-6.05424,-2.25106,-0.912404,-6.812659
2017-04-14,3246.07,3215.065833,3122.08345,0.95972,3.894448,-2.272025,-4.919951,-1.506327,-0.736275,-5.954585
2017-04-17,3222.17,3216.7805,3123.75025,0.167403,3.102076,-2.917221,-3.4481,-0.124528,-0.790151,-5.257016
2017-04-18,3196.71,3218.179667,3125.341,-0.669372,2.257876,-1.963015,-2.928881,0.801047,-0.737008,-4.502442
2017-04-19,3170.69,3219.300667,3126.6667,-1.521492,1.398174,-0.945577,-2.573283,0.181814,0.077586,-3.718749
2017-04-20,3172.1,3220.356167,3128.0674,-1.509814,1.397846,-0.629638,-2.601888,0.486504,0.033101,-3.761546
2017-04-21,3173.15,3221.3585,3129.6617,-1.507838,1.379987,-0.584406,-3.119877,1.806071,-0.582702,-3.793391
2017-04-24,3129.53,3221.829,3130.83085,-2.906638,-0.041558,0.45208,-2.183087,3.618937,0.802996,-2.452445
2017-04-25,3134.57,3222.0195,3131.9409,-2.751633,0.08391,0.024881,-2.274791,3.245767,0.640917,-2.609289
2017-04-26,3140.85,3222.0875,3132.9872,-2.553598,0.250654,-0.430107,-1.056873,3.434613,0.43969,-2.804018
2017-04-27,3152.19,3222.248167,3134.1001,-2.198185,0.575537,-1.571517,-1.345543,2.861412,0.078358,-3.15368
2017-04-28,3154.66,3222.333333,3135.211,-2.122501,0.618425,-2.440253,-1.195198,2.905709,-0.347106,-3.229508
2017-05-02,3143.71,3222.075667,3135.98655,-2.462214,0.245982,-2.030197,-1.315672,3.318367,-0.265928,-2.892442
2017-05-03,3135.35,3221.995333,3136.63135,-2.726003,-0.040859,-2.668816,-0.95532,3.691061,-0.254517,-2.633518
2017-05-04,3127.37,3221.501833,3137.18175,-2.965526,-0.313247,-2.12874,-1.148423,4.552377,-0.325833,-2.385071
2017-05-05,3103.04,3220.667667,3137.6127,-3.720641,-1.107995,-0.631372,-0.02933,5.93074,0.455682,-1.619702
2017-05-08,3078.61,3219.194833,3138.0653,-4.465308,-1.912827,0.376733,1.984651,6.490672,2.004476,-0.839015
2017-05-09,3080.53,3217.484,3138.49335,-4.349803,-1.86412,1.047238,2.240555,6.058395,2.265844,-0.900819
2017-05-10,3052.78,3215.085333,3138.51035,-5.180125,-2.769563,1.678069,3.401292,6.631238,3.459797,0.285641
2017-05-11,3061.5,3212.496333,3138.5144,-4.814332,-2.484458,0.931141,2.527959,6.877378,3.165115,0.014699
2017-05-12,3083.51,3210.256,3138.66185,-4.028213,-1.772799,0.23064,2.252049,6.234482,2.428726,-0.699203
2017-05-15,3090.23,3208.21,3138.8415,-3.746763,-1.560826,-0.471951,1.300152,5.824638,2.205985,-0.915142
2017-05-16,3112.96,3206.265667,3139.1885,-2.953287,-0.839028,-1.652207,0.625417,4.668982,1.459704,-1.638633
2017-05-17,3104.44,3204.6385,3139.5277,-3.176595,-1.123903,-1.308925,0.601517,3.298266,1.738156,-1.368685
2017-05-18,3090.14,3202.1415,3139.8389,-3.560341,-1.59551,0.570834,1.739715,4.654179,2.208961,-0.912256
2017-05-19,3090.63,3199.43,3140.097,-3.459772,-1.587874,0.626706,1.585103,5.066766,2.192757,-0.927966
2017-05-22,3075.68,3196.337667,3140.4113,-3.847966,-2.082776,1.340273,2.584593,5.403608,2.689487,-0.446405
2017-05-23,3061.95,3193.1805,3140.6419,-4.196547,-2.537524,1.319495,2.754063,6.525778,3.149953,0.069237
2017-05-24,3064.07,3190.0245,3140.7114,-4.02845,-2.470524,1.344352,3.015365,6.465437,3.078585,0.900436
2017-05-25,3107.83,3188.010667,3141.29055,-2.547237,-1.070899,-0.521657,2.466569,5.602318,2.497241,-0.520299
2017-05-26,3110.06,3185.816167,3141.86925,-2.406649,-1.017591,-0.255305,2.5755,5.631545,2.608953,-0.591628
2017-05-31,3117.18,3183.653667,3142.55845,-2.110074,-0.810851,0.739596,1.78118,5.325949,2.374582,-0.818689
2017-06-01,3102.62,3181.530167,3143.3046,-2.511535,-1.302775,1.526029,2.716567,5.300474,2.855006,-0.35325
2017-06-02,3105.54,3179.650667,3143.9759,-2.358372,-1.23006,1.687796,2.759477,7.024104,2.797903,-0.446943
2017-06-05,3091.66,3177.280667,3144.5419,-2.731753,-1.696006,1.547642,3.31637,8.402119,3.371975,0.338653
2017-06-06,3102.13,3174.942667,3145.1404,-2.32006,-1.376956,1.650008,2.567234,8.140734,3.023084,0.678244
2017-06-07,3140.32,3173.270333,3145.9585,-1.0438,-0.179391,-0.307767,2.105175,6.869604,2.12749,-0.546123
2017-06-08,3150.33,3172.163333,3146.68875,-0.690659,0.11565,-0.567899,1.952356,6.467481,1.971539,-0.862132
2017-06-09,3158.4,3171.257333,3147.35235,-0.406257,0.350399,-1.121706,1.868205,6.399221,1.885765,-1.115438
2017-06-12,3139.88,3169.638333,3147.958,-0.943291,-0.256941,0.142897,2.290533,7.356686,2.486719,-0.532186
2017-06-13,3153.74,3168.211833,3148.7135,-0.457829,0.159509,-0.436307,1.551131,7.056395,2.036312,-0.969325
2017-06-14,3130.67,3166.360333,3149.1135,-1.133573,-0.587395,0.81249,2.113473,7.822207,2.788221,-0.239565
2017-06-15,3132.49,3164.086167,3149.14995,-1.003607,-0.530434,0.476439,2.698155,7.174833,2.734885,-0.297527
2017-06-16,3123.17,3162.1815,3149.2156,-1.241363,-0.830489,1.104924,3.128412,7.465077,3.177861,0.539196
2017-06-19,3144.37,3160.4075,3149.3897,-0.508742,-0.159514,1.297687,1.015382,7.120242,2.482214,-0.138661
2017-06-20,3140.01,3158.380833,3149.5692,-0.583352,-0.30397,1.617104,1.503289,7.349883,2.624514,0.236942
2017-06-21,3156.21,3156.897333,3149.80975,-0.021775,0.202989,0.53686,2.341356,6.973083,2.368981,-0.277548
2017-06-22,3147.45,3155.212333,3150.123,-0.246319,-0.08489,1.281998,3.04796,6.874439,3.094886,0.331062
2017-06-23,3157.87,3153.352667,3150.4638,0.143152,0.234807,1.088463,2.505193,6.014261,2.754705,0.485454
2017-06-26,3185.44,3151.994,3150.9616,1.055516,1.088275,0.328144,2.024917,5.420138,2.045557,-0.384248
2017-06-27,3191.2,3150.964833,3151.57595,1.268832,1.249439,-0.263571,1.631455,5.060303,1.861369,-0.564051
2017-06-28,3173.2,3149.829667,3152.0904,0.739217,0.667469,1.063591,2.319727,5.898455,2.439178,0.102735
2017-06-29,3188.06,3149.46,3152.68055,1.218157,1.115952,0.761819,1.917472,5.187639,1.961695,-0.363858
2017-06-30,3192.43,3148.958667,3153.2693,1.371057,1.234259,0.796524,1.886904,4.89329,1.904819,-0.500246
2017-07-03,3195.91,3147.718833,3153.8214,1.519386,1.325701,0.521805,2.384429,4.45629,2.413084,-0.60859
2017-07-04,3182.8,3146.082167,3154.4189,1.160339,0.895702,0.633905,3.392836,4.928078,3.451049,-0.199196
2017-07-05,3207.13,3144.757333,3155.1178,1.963973,1.635062,-0.299469,2.400846,4.217095,2.666247,-0.956307
2017-07-06,3212.44,3143.808167,3155.81955,2.159592,1.778255,0.177899,1.865484,3.883224,2.496545,-1.120021
2017-07-07,3217.96,3142.624667,3156.4558,2.368929,1.92978,0.138501,1.361741,3.989626,2.320725,-1.289637
2017-07-10,3212.63,3141.604667,3157.0593,2.235621,1.744892,-1.132255,2.058886,4.912169,2.490483,-1.125869
2017-07-11,3203.04,3140.389333,3157.59475,1.975358,1.428978,-0.484149,2.431302,5.465957,2.797343,-0.829837
2017-07-12,3197.54,3139.5805,3158.1882,1.829257,1.238326,1.040373,2.411014,5.794065,2.974161,-0.659257
2017-07-13,3218.16,3139.513667,3159.1691,2.474186,1.850072,0.826244,1.345409,5.086905,2.314366,-1.295771
2017-07-14,3222.42,3139.942167,3160.16365,2.592825,1.950882,0.481705,-0.431663,5.085067,2.179108,-1.426257
2017-07-17,3176.46,3140.038333,3161.0317,1.153236,0.486891,2.307223,1.899081,6.165558,3.657531,0.34976
2017-07-18,3187.57,3140.296167,3161.8393,1.494175,0.810496,1.74527,1.978374,5.625903,3.296241,0.657868
2017-07-19,3230.98,3141.26,3162.8792,2.81615,2.130274,0.515232,0.477659,4.561966,1.908399,-0.694526
2017-07-20,3244.86,3143.182167,3163.97415,3.183649,2.524333,0.15151,0.723754,3.789098,1.472483,-1.119309
2017-07-21,3237.98,3144.905667,3164.9525,2.916578,2.281163,0.470174,0.944879,4.252654,1.688089,-0.909209
2017-07-24,3250.6,3146.734833,3166.036,3.247424,2.635926,0.687657,1.110832,3.924319,1.2933,-1.293915
2017-07-25,3243.69,3148.259833,3167.3523,2.98617,2.381557,1.49781,1.42459,4.360199,1.509084,-1.083642
2017-07-26,3247.67,3149.81,3168.5998,3.059568,2.464803,1.14471,1.225042,4.492543,1.384685,-1.204864
2017-07-27,3249.78,3151.577833,3169.9094,3.068407,2.488429,0.709831,0.666435,4.741213,1.318859,-1.269009
2017-07-28,3253.24,3153.542667,3171.1832,3.112495,2.554666,0.271361,2.377723,4.905594,2.406217,-1.374015
2017-07-31,3273.03,3155.970333,3172.52485,3.642016,3.118841,0.196261,2.701319,3.521405,2.738136,-1.970346
2017-08-01,3292.64,3159.130333,3173.74735,4.13929,3.677666,-0.327629,2.180664,3.012501,2.204614,-2.554181
2017-08-02,3285.06,3162.571167,3174.8464,3.799956,3.412566,-0.289302,2.363583,3.318685,2.440442,-2.329333
2017-08-03,3272.93,3165.777833,3175.91855,3.328682,3.008871,-0.342175,2.649641,3.316891,2.820103,-1.96735
2017-08-04,3262.08,3169.266167,3176.92225,2.886496,2.645215,-1.654902,3.169275,3.30639,3.220031,-1.641284
2017-08-07,3279.46,3172.898833,3178.0005,3.303315,3.142655,-1.292059,3.007267,3.261118,3.052942,-2.162551
2017-08-08,3281.87,3176.204833,3179.204,3.272635,3.178253,-0.937077,3.073962,3.934528,3.121696,-2.234397
2017-08-09,3275.57,3179.293833,3180.16245,2.983279,2.955962,-0.892981,3.297721,4.182028,3.352699,-2.046361
2017-08-10,3261.75,3181.773667,3181.0476,2.482506,2.505328,0.204589,3.131268,4.965188,3.790603,-1.631333
2017-08-11,3208.54,3183.508667,3181.668,0.783206,0.841042,1.858247,4.768328,6.752238,5.511853,0.898228
2017-08-14,3237.36,3185.962333,3182.4001,1.600379,1.712252,1.518973,4.205779,6.298686,4.572553,0.280784
2017-08-15,3251.26,3188.6395,3183.01515,1.944828,2.121371,1.191486,3.86822,5.338644,4.125478,-0.147943
2017-08-16,3246.45,3191.485667,3183.5877,1.707556,1.955332,1.262614,4.154068,4.695424,4.279752,0.677047
2017-08-17,3268.43,3194.927,3184.3483,2.274551,2.606209,0.09419,3.102724,3.924507,3.578477,0.008873
2017-08-18,3268.72,3198.337833,3185.13015,2.176722,2.590532,1.903019,2.564189,3.433781,3.569287,0.085355
2017-08-21,3286.91,3201.3225,3186.04335,2.638391,3.11681,2.278144,2.284389,3.158972,2.996127,-0.468525
2017-08-22,3290.23,3204.325333,3186.99205,2.645591,3.187993,2.253884,2.004258,3.590144,2.892199,-0.568957
2017-08-23,3287.7,3207.167333,3187.81835,2.480014,3.085145,2.283252,2.353686,4.250613,2.971378,-0.492442
2017-08-24,3271.51,3209.982167,3188.66225,1.898627,2.565018,2.693036,2.603732,2.428166,3.480961,1.834321
2017-08-25,3331.52,3213.7485,3189.67515,3.599064,4.350958,1.062912,0.628663,0.667134,1.61698,0.630643
2017-08-28,3362.65,3218.265,3190.8618,4.388696,5.243832,0.502209,-0.629458,-1.209311,0.676252,-0.627481
2017-08-29,3365.23,3222.65,3192.0213,4.329231,5.284196,0.565669,-0.645422,-0.942551,0.599068,-0.703667
2017-08-30,3363.63,3226.371833,3193.1,4.166251,5.202852,0.644837,-0.547334,-0.769086,0.64692,-0.656434
2017-08-31,3360.81,3229.879833,3194.2622,3.973708,5.082588,0.139452,-0.6319,-1.306398,0.731371,-0.629908
2017-09-01,3367.12,3233.3585,3195.2414,4.05364,5.239514,-0.05585,-0.54139,-1.481012,0.5426,-0.816128
2017-09-04,3379.58,3237.3535,3196.1591,4.299527,5.580163,-0.093546,-0.153984,-2.091806,0.171915,-1.181804
2017-09-05,3384.32,3241.1965,3197.02885,4.321045,5.693111,-0.142819,-0.039307,-2.4116,0.031616,-1.320206
2017-09-06,3385.39,3245.441833,3197.92085,4.221761,5.696825,-0.036635,0.08533,-2.737863,0.085367,-1.351395
2017-09-07,3365.5,3249.325333,3198.72305,3.512916,5.082486,0.176045,0.610228,-2.815984,0.676868,-0.768385
2017-09-08,3365.24,3253.359833,3199.507,3.381103,5.050255,-0.345892,0.748402,-2.261476,0.751209,-0.760718
2017-09-11,3376.42,3257.227333,3200.42485,3.593965,5.353241,-0.402417,0.060697,-1.618876,0.417602,-1.089319
2017-09-12,3379.49,3261.218667,3201.23155,3.562386,5.418922,-0.672476,-0.220691,-2.963447,0.326381,-1.179172
2017-09-13,3384.15,3265.017667,3201.91055,3.583759,5.535509,-0.537767,-0.069761,-2.425951,0.18823,-1.315249
2017-09-14,3371.43,3268.750667,3202.562,3.092913,5.138587,-0.404801,-0.03738,-2.370806,0.566229,-0.942923
2017-09-15,3353.62,3272.013167,3203.1214,2.463492,4.591459,-0.032507,0.743586,-2.64315,1.100304,-0.416863
2017-09-18,3362.86,3274.970167,3203.626,2.648304,4.850851,-0.635703,0.529099,-2.863811,0.822514,-0.690484
2017-09-19,3356.84,3277.730833,3204.0252,2.384869,4.659216,-0.395797,0.931351,-1.812662,1.003325,-0.512387
2017-09-20,3366,3280.944167,3204.4406,2.559386,4.918756,-0.617769,0.913816,-2.356728,0.918004,-0.783125
2017-09-21,3357.81,3283.773333,3204.9795,2.229581,4.658328,-0.542596,1.471045,-1.734833,1.481918,-0.541127
2017-09-22,3352.53,3286.441667,3205.3756,1.990987,4.488601,-0.107141,1.899208,-1.668412,1.917358,-0.384486
2017-09-25,3341.55,3288.869,3205.86415,1.589103,4.145309,0.977683,1.449544,-1.845111,2.252248,-0.057159
2017-09-26,3343.58,3291.548667,3206.5585,1.568392,4.184385,1.171784,1.47726,-1.126679,2.190167,-0.117838
2017-09-27,3345.27,3293.851,3207.2866,1.549001,4.212212,1.277501,1.502436,-2.09914,2.138542,-0.168297
2017-09-28,3339.64,3295.971,3207.8736,1.31622,4.025473,1.38158,1.29915,-1.303812,2.310728,0.278473
2017-09-29,3348.94,3298.154,3208.5415,1.528096,4.282741,1.233942,0.678505,-1.255104,2.026611,0.633932
2017-10-09,3374.38,3300.849833,3209.249,2.203164,5.017465,0.121134,0.407835,-0.775288,1.257416,-0.124764
2017-10-10,3382.99,3303.849,3210.3991,2.367178,5.236467,-0.324203,0.899873,-0.411132,0.999707,-0.378955
2017-10-11,3388.28,3307.028,3211.5653,2.427252,5.356397,-0.191726,0.798977,-0.075878,0.84202,-0.534489
2017-10-12,3386.1,3309.827,3212.79315,2.278289,5.253812,-0.471563,1.223692,0.16672,1.23121,-0.470453
2017-10-13,3390.52,3312.628667,3214.15735,2.324127,5.341808,-0.350708,1.235508,0.557649,1.243172,-0.600203
2017-10-16,3378.47,3315.9955,3215.4348,1.866506,4.946035,0.065984,2.03221,1.043239,2.053,-0.245673
2017-10-17,3372.04,3319.07,3216.7046,1.583328,4.716048,0.479566,1.691115,1.465759,2.247601,-0.055456
2017-10-18,3381.79,3321.5835,3218.09915,1.796353,4.96143,0.44581,0.611118,1.279558,1.952812,-0.343605
2017-10-19,3370.17,3323.672,3219.26285,1.389299,4.581078,1.103624,0.859163,1.728799,2.304335,0.046585
2017-10-20,3378.65,3326.0165,3220.4583,1.570088,4.795254,1.123115,0.126006,0.937975,2.047563,-0.20452
2017-10-23,3380.7,3328.184833,3221.81105,1.565573,4.813915,0.284742,0.345485,1.639691,1.985683,-0.265034
2017-10-24,3388.25,3330.594167,3223.13945,1.716285,4.995769,0.150112,0.654534,1.651454,1.75843,-0.487272
2017-10-25,3396.9,3333.081333,3224.55065,1.896605,5.206964,-0.029148,0.983111,2.265928,1.499308,-0.740675
2017-10-26,3407.57,3335.711167,3226.0773,2.131353,5.473249,-0.714491,-1.646611,2.328894,1.181487,-1.633129
2017-10-27,3416.81,3338.437333,3227.68085,2.320453,5.694349,-1.327844,-1.860737,2.44441,0.907864,-1.89914
2017-10-30,3390.34,3340.3925,3229.11435,1.48419,4.872231,-0.064026,-2.029397,4.503099,1.6957,-2.008943
2017-10-31,3393.34,3342.070833,3230.40145,1.522406,4.920827,0.594398,-1.774389,4.779697,1.605793,-2.095575
2017-11-01,3395.91,3343.918333,3231.58705,1.542849,4.95984,0.574042,-1.724188,4.389967,1.528898,-2.169669
2017-11-02,3383.31,3345.758,3232.67655,1.116125,4.554407,1.306122,-1.973648,5.038061,1.907008,-1.954299
2017-11-03,3371.74,3347.585667,3233.76365,0.718954,4.178226,1.790945,-1.618127,4.388397,2.256698,-1.617859
2017-11-06,3388.17,3349.3975,3234.8483,1.150947,4.630792,1.74551,-2.345657,2.904142,1.760833,-2.318361
2017-11-07,3413.57,3351.5925,3236.1078,1.832306,5.338735,0.467039,-3.272167,1.951211,1.003641,-3.21921
2017-11-08,3415.46,3353.924,3237.50135,1.818118,5.351034,-0.379585,-3.62217,0.91863,0.947749,-3.557354
2017-11-09,3427.79,3356.691333,3239.04385,2.095997,5.663756,-0.836092,-4.649904,0.995383,0.584633,-4.543452
2017-11-10,3432.67,3360.426833,3240.6434,2.127038,5.756649,-1.46021,-4.245386,1.584676,0.441639,-4.679156
2017-11-13,3447.83,3363.934667,3242.3654,2.463373,6.144192,-1.620741,-3.711783,-2.263944,-0.503795,-5.098279
2017-11-14,3429.55,3366.906167,3243.9693,1.843479,5.563138,-0.557015,-4.433871,-3.570446,0.026534,-4.592439
2017-11-15,3402.52,3369.507333,3245.41685,0.974979,4.727253,0.817803,-2.967308,-4.21605,0.821156,-3.834511
2017-11-16,3399.25,3371.687667,3246.9066,0.814141,4.585209,-1.40215,-3.192589,-8.256974,0.918144,-3.742002
2017-11-17,3382.91,3373.590833,3248.20545,0.275858,4.063361,-0.863629,-3.512743,-7.002675,1.405595,-3.451762
2017-11-20,3392.4,3375.349,3249.4836,0.503891,4.304154,-2.090139,-3.738394,-6.309791,1.12192,-3.721849
2017-11-21,3410.5,3377.3535,3250.82335,0.976649,4.795061,-2.278811,-3.398547,-6.397063,0.585251,-4.23281
2017-11-22,3430.46,3379.732833,3252.2279,1.48977,5.335409,-2.736448,-4.253655,-4.834484,-2.234103,-4.790028
2017-11-23,3351.92,3381.073,3253.19165,-0.86598,2.989676,-1.041528,-1.559267,-1.894367,0.056684,-2.55913
2017-11-24,3353.82,3381.444667,3254.2599,-0.820304,3.013512,-1.085234,-1.706883,-0.725683,-0.475875,-2.614332
2017-11-27,3322.23,3380.771,3255.08615,-1.746755,2.04175,-0.380287,-1.265259,-0.91197,0.470467,-1.688324
2017-11-28,3333.66,3380.244833,3255.989,-1.387734,2.357473,-0.90338,-0.82955,-2.25246,0.125988,-2.025402
2017-11-29,3337.86,3379.815333,3256.8434,-1.249119,2.457144,-1.323939,-1.877387,-1.939377,-0.469163,-2.148682
2017-11-30,3317.19,3379.088333,3257.51345,-1.848791,1.815388,-1.370134,-0.629314,-1.907017,0.151031,-1.538953
2017-12-01,3317.62,3378.263333,3258.11805,-1.811411,1.809791,-0.836313,-0.315482,-1.846262,0.138051,-1.551715
2017-12-04,3309.62,3377.097333,3258.58195,-2.018318,1.554126,0.379383,1.162535,-0.605524,1.169319,-1.313746
2017-12-05,3303.68,3375.753333,3259.0107,-2.158151,1.361332,-0.694666,1.961162,-0.973644,1.980519,-1.136309
2017-12-06,3293.96,3374.2295,3259.41555,-2.407651,1.054259,0.275277,2.747314,-0.168632,2.785401,-0.844576
2017-12-07,3272.05,3372.672,3259.6277,-3.028861,0.380371,0.621223,3.592931,1.067614,3.658257,-0.180621
2017-12-08,3289.99,3371.417833,3260.0673,-2.444885,0.913669,-0.727567,3.567526,1.10963,3.631926,-0.724926
2017-12-11,3322.2,3370.514167,3260.4785,-1.443809,1.875325,-1.647352,2.722812,-0.360652,2.760219,-1.687436
2017-12-12,3280.81,3368.8695,3260.61595,-2.648689,0.617422,0.478309,4.208515,0.321659,4.298329,-0.447146
2017-12-13,3303.04,3367.517667,3260.82505,-1.933262,1.286301,-0.468544,3.635748,-0.361836,3.70265,-1.117153
2017-12-14,3292.44,3366.201167,3261.03035,-2.215593,0.958573,0.231172,4.062224,-0.687564,4.145861,-0.7988
2017-12-15,3266.14,3364.743167,3261.0939,-2.974278,0.154617,0.94223,4.324712,0.400588,4.984477,0.054499
2017-12-18,3267.92,3363.160833,3261.2902,-2.872756,0.203081,0.382996,5.0326,0.692838,5.161387,0.24052
2017-12-19,3296.54,3362.155833,3261.56425,-1.970895,1.066652,0.290186,4.395468,-0.474042,4.493499,-0.629751
2017-12-20,3287.6,3360.849167,3261.7676,-2.203585,0.788856,-0.360181,5.536472,-0.73637,5.692603,-0.359533
2017-12-21,3300.06,3359.886667,3262.11775,-1.796659,1.156405,-0.111575,5.534772,-4.566239,5.690806,-0.735744
2017-12-22,3297.06,3358.962167,3262.5115,-1.860089,1.053386,0.306168,6.01203,-5.081037,6.19643,-0.645423
2017-12-25,3280.46,3357.944,3262.7445,-2.334523,0.541494,2.047507,7.797755,-3.530941,8.109838,-0.142663
2017-12-26,3306.12,3357.319667,3263.06305,-1.536764,1.310896,1.887332,7.383636,-5.720859,7.663061,-0.917692
2017-12-27,3275.78,3356.1615,3263.23865,-2.42419,0.383586,3.300762,7.991543,-3.581627,8.660227,0.628858
2017-12-28,3296.38,3355.4405,3263.6368,-1.775816,0.998274,2.852112,7.641023,-3.944037,7.981179,0.327329
2017-12-29,3307.17,3354.744333,3264.10885,-1.428272,1.310605,3.046695,6.322006,-4.451499,7.628879,1.244266
2018-01-02,3348.32,3354.31,3264.66535,-0.178736,2.530147,1.939661,4.087265,-6.530975,6.306148,0.620908
2018-01-03,3369.11,3354.078667,3265.31425,0.44715,3.129261,1.552688,3.262216,-7.326104,5.650157,0.492712
2018-01-04,3385.71,3354.035833,3266.034,0.939929,3.598723,1.16371,1.793485,-7.588557,5.132158,0.178397
2018-01-05,3391.75,3354.13,3266.64805,1.115359,3.758161,1.090516,2.052355,-6.122479,4.94494,0.522739
2018-01-08,3409.48,3354.446,3267.5082,1.627316,4.253211,0.029619,2.262536,-6.088716,4.399205,0.029623
2018-01-09,3413.9,3355.0365,3268.32365,1.739268,4.357812,0.662437,-1.274973,-7.092382,4.264038,-1.26688
2018-01-10,3421.83,3355.866333,3269.12475,1.946554,4.565321,0.665261,-3.34509,-7.990415,4.022409,-3.28976
2018-01-11,3425.34,3356.592167,3270.02535,2.027451,4.6403,1.43218,-4.88449,-9.636903,3.915816,-4.767118
2018-01-12,3428.94,3357.571667,3270.9273,2.103318,4.717765,1.703719,-9.12661,-11.16165,3.806716,-8.722521
2018-01-15,3410.49,3358.102333,3271.6325,1.547994,4.156688,2.629549,-7.814644,-9.823191,4.368287,-8.22873
2018-01-16,3436.59,3359.033833,3272.48065,2.282632,4.893139,3.14815,-7.603997,-9.74868,3.575637,-8.925708
2018-01-17,3444.67,3359.974167,3273.43925,2.489482,5.098692,3.278355,-7.393983,-11.464904,3.332685,-9.139337
2018-01-18,3474.75,3361.271667,3274.60645,3.320316,5.932484,2.09489,-6.117301,-12.449339,2.438161,-9.925894
2018-01-19,3487.86,3362.609833,3275.99455,3.657096,6.266687,1.994676,-5.869872,-10.859727,2.053121,-10.26446
2018-01-22,3501.36,3364.019,3277.3888,4.001507,6.610446,0.616143,-5.03083,-11.596932,1.659641,-10.610449
2018-01-23,3546.5,3366.621667,3278.7698,5.205143,7.849291,-1.662983,-7.444466,-14.264654,0.365713,-11.748202
2018-01-24,3559.47,3369.3905,3280.16215,5.487979,8.17188,-2.234089,-8.806546,-14.39583,-0.037646,-12.069774
2018-01-25,3548.31,3371.9305,3281.4706,5.0986,7.817976,-2.897295,-8.053532,-14.115879,0.276751,-11.79322
2018-01-26,3558.13,3374.844167,3282.9143,5.288598,8.050359,-2.736556,-8.918725,-13.755563,-0.987316,-12.03666
2018-01-29,3523,3377.365167,3284.08445,4.221703,7.022499,-1.012775,-7.852787,-13.080853,-0.993188,-11.159523
2018-01-30,3488.01,3379.029167,3285.15535,3.174293,5.991743,-3.422577,-5.855324,-10.617921,-0.014622,-10.268319
2018-01-31,3480.83,3380.150167,3286.1797,2.935063,5.754507,-5.054617,-6.197021,-9.622417,0.191621,-10.083227
2018-02-01,3446.98,3380.6755,3287.18425,1.942294,4.746714,-5.514265,-4.709432,-8.719548,1.175522,-9.200227
2018-02-02,3462.08,3381.247,3288.3838,2.362499,5.147337,-10.088448,-4.577673,-8.674778,0.734241,-9.596254
2018-02-05,3487.5,3382.160833,3289.83775,3.067034,5.83469,-10.047561,-4.720433,-9.758201,-3.350538,-10.255197
2018-02-06,3370.65,3380.8745,3290.83755,-0.30288,2.39635,-5.666587,-1.808491,-6.010353,-1.218756,-7.144023
2018-02-07,3309.26,3378.869667,3291.52335,-2.081664,0.537412,-3.383632,-0.541767,-3.603933,0.613732,-5.421454
2018-02-08,3262.05,3376.5285,3291.96785,-3.449228,-0.912968,0.199369,0.886906,-2.876306,2.069864,-4.052666
2018-02-09,3129.85,3372.0385,3291.96945,-7.453238,-5.050092,4.960457,4.376821,0.777518,6.381136,0.775437
2018-02-12,3154.12,3368.225333,3292.0672,-6.567646,-4.280616,5.413363,3.89052,1.234533,5.562566,0.977769
2018-02-13,3184.96,3364.768,3292.28775,-5.491929,-3.314296,3.307682,3.264234,0.902675,4.540402,0.445845
2018-02-14,3199.16,3361.245667,3292.5226,-4.942336,-2.876574,1.865792,2.524474,0.473688,4.076383,1.730767
2018-02-22,3268.56,3358.547333,3293.0921,-2.715902,-0.747745,0.15866,-0.155541,-3.094606,1.866571,-0.429241
2018-02-23,3289.02,3357.499,3293.81865,-2.06067,-0.145793,-1.054178,-4.231139,-4.171209,1.23289,-4.142875
2018-02-26,3329.57,3357.094833,3294.78975,-0.82328,1.050081,-2.205813,-6.062237,-5.820644,-0.086197,-5.882141
2018-02-27,3292.07,3356.592167,3295.61325,-1.940968,-0.107572,-0.073841,-3.88423,-4.886185,1.051922,-4.810044
2018-02-28,3259.41,3355.354667,3296.3951,-2.901128,-1.128328,0.375436,-4.297949,-4.356577,2.064484,-4.206896
2018-03-01,3273.75,3354.286167,3297.3708,-2.430286,-0.718931,0.446805,-3.519638,-7.360503,1.617411,-4.626499
2018-03-02,3254.53,3353.241833,3298.2408,-2.987972,-1.334136,1.604497,-2.666335,-5.010812,2.217524,-4.06326
2018-03-05,3256.93,3352.230333,3299.26155,-2.884086,-1.291364,2.119579,-2.920718,-5.743461,2.142201,-4.133954
2018-03-06,3289.64,3351.897333,3300.40225,-1.874842,-0.326622,0.624256,-4.762916,-6.222201,1.126567,-5.087183
2018-03-07,3271.67,3351.363833,3301.34305,-2.406682,-0.902881,0.600637,-4.391298,-4.932505,1.682016,-4.565864
2018-03-08,3288.41,3351.271333,3302.33395,-1.893561,-0.422531,0.082073,-4.67261,-5.411723,1.164393,-5.051682
2018-03-09,3307.17,3351.856667,3303.305,-1.342158,0.116936,-1.133955,-3.597161,-6.16309,0.590535,-5.590278
2018-03-12,3326.7,3352.4685,3304.4163,-0.771612,0.672098,-1.436608,-3.630819,-8.123203,-0.494785,-6.144528
2018-03-13,3310.24,3352.269167,3305.5168,-1.261679,0.142786,-0.593862,-4.008918,-8.096804,-0.569747,-5.677836
2018-03-14,3291.38,3352.445333,3306.52055,-1.83831,-0.458951,-0.317392,-4.103558,-6.644227,-0.008203,-5.137359
2018-03-15,3291.11,3352.2465,3307.5977,-1.840582,-0.499726,-0.843078,-5.639319,-7.614888,-0.014281,-5.483256
2018-03-16,3269.88,3351.8705,3308.63735,-2.476526,-1.178314,-3.647503,-6.411861,-7.152829,0.634886,-6.210625
2018-03-19,3279.25,3352.089,3309.71325,-2.1969,-0.924682,-4.539394,-5.899067,-8.172897,0.347336,-6.478616
2018-03-20,3290.64,3352.467667,3310.6273,-1.861462,-0.605561,-3.840783,-5.408917,-12.367842,-0.294472,-6.802324
2018-03-21,3280.95,3352.207833,3311.48175,-2.148617,-0.926273,-4.956631,-6.595395,-11.80128,-0.532468,-6.527073
2018-03-22,3263.48,3351.805833,3312.21325,-2.670514,-1.482251,-3.205438,-6.176497,-12.645974,-1.697574,-6.026695
2018-03-23,3152.76,3349.350833,3312.46395,-6.048829,-4.941405,0.510626,-0.758717,-8.710481,1.754653,-2.7265
2018-03-26,3133.72,3346.6285,3312.60485,-6.573262,-5.551405,0.935705,-0.503865,-9.162997,2.372899,-2.135481
2018-03-27,3166.65,3344.731667,3312.9798,-5.471222,-4.517378,-0.952527,-2.935959,-10.728343,1.308323,-3.153174
2018-03-28,3122.29,3341.667833,3313.0806,-6.790333,-5.931174,0.282087,-1.291335,-10.425119,2.747663,-1.777221
2018-03-29,3160.53,3339.747,3313.18165,-5.515532,-4.716922,-0.706167,-2.542709,-12.580987,1.504494,-2.965642
2018-03-30,3168.9,3337.622333,3313.2745,-5.187415,-4.455245,0.67367,-2.170503,-10.69712,1.236391,-3.221938
2018-04-02,3163.18,3335.2225,3313.2984,-5.296154,-4.636634,1.409478,-2.307348,-13.072532,1.419458,-3.046934
2018-04-03,3136.63,3331.694333,3313.28215,-6.033201,-5.479031,1.378253,0.000319,-11.82227,2.277922,-2.226275
2018-04-04,3131.11,3327.727667,3313.169,-6.090211,-5.651756,0.888378,0.965902,-12.647216,2.458234,-2.053904
2018-04-09,3138.29,3323.604,3313.2071,-5.737167,-5.423857,-0.884636,0.662494,-13.795622,2.223823,-2.277992
2018-04-10,3190.32,3320.246833,3313.49625,-3.99179,-3.788268,-3.948655,-0.499944,-14.952809,0.556684,-3.871712
2018-04-11,3208.08,3316.890167,3313.9208,-3.335502,-3.245939,-3.704856,-1.406949,-13.067129,-0.870302,-4.40388
2018-04-12,3180.16,3312.9945,3314.09975,-4.092095,-4.125451,-1.99386,-0.192944,-11.749614,-0.180809,-3.564601
2018-04-13,3159.05,3308.614833,3314.19495,-4.625827,-4.794339,-2.809228,1.041392,-12.86229,1.046834,-2.920182
2018-04-16,3110.65,3303.37,3313.96715,-6.011145,-6.33143,-1.380256,1.876107,-9.185194,2.619067,-1.409673
2018-04-17,3066.8,3297.334333,3313.5639,-7.247969,-7.738964,2.005642,2.812559,-7.994109,4.086344,0.039455
2018-04-18,3091.4,3292.016167,3313.23155,-6.287613,-6.929995,0.855809,3.24308,-9.400289,3.296241,-0.756615
2018-04-19,3117.38,3286.696,3312.89125,-5.28899,-6.082839,-1.367825,3.047358,-10.804514,3.094265,-1.583702
2018-04-20,3071.54,3280.477167,3312.29295,-6.580982,-7.546162,0.34743,4.54461,-9.712003,4.649459,-0.114926
2018-04-23,3068.01,3273.698167,3311.767,-6.489114,-7.645274,0.42835,3.237432,-10.126528,4.769867,0.228813
2018-04-24,3128.93,3267.716,3311.47135,-4.340018,-5.670151,-0.90116,0.818646,-10.067237,2.730007,-1.722634
2018-04-25,3117.97,3261.326167,3311.09905,-4.495176,-6.009802,-0.867778,0.745458,-8.652138,3.091114,-1.377178
2018-04-26,3075.03,3253.468333,3310.49465,-5.640695,-7.378296,1.983751,1.934003,-5.668851,4.530688,0.199998
2018-04-27,3082.23,3245.514333,3309.9918,-5.162048,-7.129235,2.539324,1.232707,-5.968479,4.286507,-0.034066
2018-05-02,3081.18,3237.728833,3309.36205,-4.955947,-7.14428,2.499036,-1.298155,-6.674834,4.322045,-1.289766
2018-05-03,3100.86,3230.107667,3308.80415,-4.083598,-6.490735,2.34423,-0.173974,-7.611737,3.659952,-1.916243
2018-05-04,3091.03,3222.908167,3308.1695,-4.177974,-6.789065,2.309877,-0.515394,-7.45234,3.989609,-1.60432
2018-05-07,3136.64,3217.052,3307.78955,-2.531325,-5.312799,1.184991,-1.459603,-8.661265,2.477492,-3.035095
2018-05-08,3161.5,3211.729833,3307.58185,-1.576308,-4.517076,0.963867,-1.507109,-11.270462,1.671675,-3.797564
2018-05-09,3159.15,3206.932667,3307.3899,-1.501192,-4.585632,0.328977,-1.401607,-13.217074,1.747305,-3.726002
2018-05-10,3174.41,3202.138167,3307.17115,-0.869698,-4.09714,-0.636153,-2.065985,-14.70033,1.258187,-4.18881
2018-05-11,3163.26,3196.734167,3306.87535,-1.052657,-4.44006,0.945172,-3.085435,-15.644208,1.615106,-3.85109
2018-05-14,3174.03,3193.457167,3306.8632,-0.610201,-4.099799,1.246441,-3.894942,-13.277779,1.270309,-4.177339
2018-05-15,3192.12,3191.504833,3306.88595,0.019273,-3.532167,0.693989,-3.582061,-15.124305,0.696402,-4.720374
2018-05-16,3169.56,3189.963333,3306.57885,-0.641665,-4.23213,-0.018932,-3.851676,-12.598252,1.41313,-4.042201
2018-05-17,3154.28,3190.3705,3306.12595,-1.137679,-4.701684,0.011729,-3.553526,-12.081725,1.904397,-3.577362
2018-05-18,3193.3,3191.0235,3305.90255,0.071315,-3.465466,-1.641814,-5.516909,-13.649465,0.659193,-5.367488
2018-05-21,3213.84,3191.504833,3305.71875,0.697394,-2.818744,-2.481179,-10.006282,-14.467029,0.015869,-9.521943
2018-05-22,3214.35,3191.758,3305.57205,0.70533,-2.798438,-2.964473,-9.750494,-16.579547,-1.412105,-9.536298
2018-05-23,3168.96,3190.098,3305.1785,-0.664818,-4.208702,-4.107237,-9.706908,-15.823131,-0.451568,-9.250669
2018-05-24,3154.65,3187.8585,3304.70285,-1.047182,-4.646901,-1.89378,-8.77041,-16.718492,-0.423185,-8.839015
2018-05-25,3141.3,3184.720667,3304.14315,-1.372786,-5.054045,-2.12863,-9.40459,-15.195178,-0.198007,-8.975902
2018-05-28,3135.08,3182.104167,3303.4534,-1.488797,-5.231371,-1.409856,-9.726387,-13.695114,-0.466336,-9.268344
2018-05-29,3120.46,3179.788333,3302.5925,-1.883421,-5.672734,-0.200492,-10.366491,-13.933213,-0.169206,-9.847266
2018-05-30,3041.44,3175.9165,3301.3744,-4.326516,-8.200778,2.395585,-8.740122,-11.000212,2.424509,-8.369062
2018-05-31,3095.47,3173.2655,3300.4871,-2.482143,-6.413031,0.452219,-8.352643,-12.584696,0.636737,-9.968438
2018-06-01,3075.14,3170.235667,3299.5524,-3.04555,-7.043639,-0.260164,-10.24979,-10.057581,1.302055,-9.741995
2018-06-04,3091.19,3166.928167,3298.61105,-2.420596,-6.494536,-1.250348,-10.362985,-10.683209,0.776077,-10.210631
2018-06-05,3114.21,3164.303833,3297.77275,-1.595757,-5.727181,-1.111085,-12.10601,-11.738454,0.031148,-11.401929
2018-06-06,3115.18,3161.416667,3296.9708,-1.47333,-5.671717,-2.121092,-13.056509,-12.915417,-0.182333,-12.240063
2018-06-07,3109.5,3158.122167,3296.20955,-1.551566,-5.831125,-2.123694,-12.386881,-13.190177,-0.955137,-12.079756
2018-06-08,3067.15,3153.796333,3295.5026,-2.785812,-7.18099,-1.486302,-8.574745,-11.984857,0.412435,-10.865787
2018-06-11,3052.78,3149.505333,3294.5797,-3.119275,-7.622595,-4.864899,-7.661728,-10.424085,0.885095,-10.446216
2018-06-12,3079.8,3145.979,3293.7224,-2.126047,-6.715369,-5.474444,-10.321621,-13.000677,-0.974089,-11.231898
2018-06-13,3049.8,3141.957167,3292.73915,-2.976989,-7.664377,-5.874164,-7.209625,-12.494392,-0.18493,-10.358712
2018-06-14,3044.16,3138.195167,3291.6178,-3.042285,-7.815418,-5.205155,-7.253142,-11.912174,-0.731236,-10.192631
2018-06-15,3021.9,3133.906,3290.3837,-3.639438,-8.511841,-5.529494,-7.12646,-12.400208,-3.513353,-9.53109
2018-06-19,2907.82,3127.525667,3288.48825,-7.283851,-12.30243,-2.201284,-3.84559,-8.727465,0.272025,-5.981801
2018-06-20,2915.73,3121.438667,3286.61575,-6.817379,-11.973817,-3.58047,-4.506118,-9.325757,-0.890686,-6.23686
2018-06-21,2875.81,3114.9775,3284.5563,-7.988756,-13.28972,-3.140451,-3.657051,-6.806536,0.485081,-4.935305
2018-06-22,2889.76,3110.594167,3282.64755,-7.36403,-12.747682,-1.476013,-2.115473,-7.474491,-1.052683,-5.39422
2018-06-25,2859.34,3106.021167,3280.28665,-8.275171,-13.733998,-2.97383,0.006994,-7.535595,0.006995,-4.387726
2018-06-26,2844.51,3100.652167,3277.69595,-8.622164,-14.17499,-2.046454,2.123532,-5.215757,2.14624,-3.889246
2018-06-27,2813.18,3095.500333,3274.9357,-9.563404,-15.198272,-1.94001,3.165305,-2.97026,3.283828,-2.818874
2018-06-28,2786.9,3089.273167,3272.05205,-10.300598,-16.048746,-1.920802,3.363443,-2.090668,4.257777,-1.902472
2018-06-29,2847.42,3083.915167,3269.4851,-7.978663,-13.821919,-3.582019,0.91488,-1.769431,2.041848,-3.987469
2018-07-02,2775.56,3077.454833,3266.5273,-10.325037,-16.28749,1.414881,3.312844,0.200839,4.683739,-1.501679
2018-07-03,2786.89,3071.625833,3263.56385,-9.728073,-15.789353,1.450909,3.161323,0.712233,4.258152,-1.90212
2018-07-04,2759.13,3065.426167,3260.4379,-10.527119,-16.69461,0.673303,2.342657,1.176039,5.307108,-0.915144
2018-07-05,2733.88,3058.686,3257.18035,-11.226357,-17.514005,3.725792,1.241042,3.149365,6.27972,0.488317
2018-07-06,2747.23,3051.301167,3254.089,-10.497498,-16.931923,3.010045,-0.247464,-1.124516,5.76326,-0.247158
2018-07-09,2815.11,3044.751667,3251.33835,-7.841801,-14.406537,-0.038016,-3.984028,-3.39982,3.213018,-3.905709
2018-07-10,2827.62,3038.876,3248.59435,-7.205234,-13.878703,-1.048761,-1.721109,-3.665873,2.756382,-4.330851
2018-07-11,2777.77,3032.521333,3245.58575,-8.774595,-15.564739,0.341059,-1.220623,-7.251886,4.600453,-2.613967
2018-07-12,2837.66,3027.9715,3242.8533,-6.491315,-13.347382,-2.32159,-1.536951,-8.481416,2.392817,-4.66934
2018-07-13,2831.18,3024.0445,3240.15205,-6.590159,-13.492667,-0.067486,-1.275057,-9.752726,2.627173,-4.451148
2018-07-16,2814.04,3019.421833,3237.45415,-7.044419,-14.016609,1.60396,-1.006096,-9.996807,3.252264,-3.86917
2018-07-17,2798.12,3014.100833,3234.63045,-7.435379,-14.496692,3.767838,-0.615157,-8.83118,3.839721,-3.322231
2018-07-18,2787.26,3009.362833,3231.78255,-7.666934,-14.797482,4.090953,-2.322934,-11.421511,4.244312,-2.945545
2018-07-19,2772.54,3004.438333,3228.81525,-8.032677,-15.235141,3.880043,-2.459172,-8.348621,4.797767,-2.430263
2018-07-20,2829.27,2999.444,3226.17255,-5.840821,-13.127774,1.554339,-5.83261,-6.361927,2.696455,-5.665772
2018-07-23,2859.54,2995.136833,3223.7076,-4.632915,-11.987135,0.332019,-5.797583,-9.714362,1.60935,-6.664359
2018-07-24,2905.56,2992.312333,3221.52765,-2.94203,-10.322953,-1.008663,-6.092259,-10.985011,-0.065736,-8.142664
2018-07-25,2903.65,2989.336,3219.328,-2.908272,-10.320408,-2.762659,-6.732027,-10.899665,-0.737692,-8.082241
2018-07-26,2882.23,2986.020167,3217.0128,-3.537715,-10.988893,-4.043204,-5.623533,-10.349526,-0.202274,-7.399132
2018-07-27,2873.59,2982.232333,3214.68255,-3.711001,-11.216649,-4.744363,-5.146932,-12.257161,0.097787,-7.12071
2018-07-30,2869.05,2978.532667,3212.2831,-3.744982,-11.300097,-5.88199,-3.120635,-11.083411,0.256182,-6.973737
2018-07-31,2876.4,2974.195333,3209.7932,-3.343401,-10.9667,-3.431523,-3.481547,-9.995941,-1.803296,-7.211445
2018-08-01,2824.53,2968.579167,3207.0009,-4.974146,-12.699422,-2.889976,-1.975101,-8.043341,-1.034508,-5.507465
2018-08-02,2768.02,2962.060333,3203.8996,-6.775282,-14.623643,0.947799,-1.09995,-3.362976,0.985903,-3.57837
2018-08-03,2740.44,2954.8275,3200.6713,-7.532178,-15.524208,1.982452,-0.555832,-2.77531,2.002233,-2.607975
2018-08-06,2705.16,2947.1925,3197.2445,-8.569196,-16.712828,2.939915,0.573917,-1.707557,3.33252,-1.337814
2018-08-07,2779.37,2940.614833,3194.249,-5.63944,-13.912772,0.057191,-1.041248,-5.093792,0.573511,-3.972123
2018-08-08,2744.07,2933.147333,3191.10915,-6.66338,-15.092633,-0.761253,-1.458433,-4.031998,1.867299,-2.736811
2018-08-09,2794.38,2926.894333,3188.1721,-4.633165,-13.183749,-3.243811,-3.747816,-7.253352,0.033281,-4.487937
2018-08-10,2795.31,2920.9115,3185.2978,-4.395271,-13.060277,-4.625038,-3.383975,-6.076147,-0.337709,-4.519713
2018-08-13,2785.87,2914.121,3182.3339,-4.500802,-13.305465,-3.187527,-4.267652,-4.816076,-0.176247,-4.196176
2018-08-14,2780.96,2906.906333,3179.3352,-4.429321,-13.387593,-1.709264,-4.266718,-5.4961,-0.002158,-4.176975
2018-08-15,2723.26,2898.7215,3176.01025,-6.244009,-15.379608,-0.31814,-2.496705,-2.043685,2.116581,-2.465795
2018-08-16,2705.19,2890.992,3172.5517,-6.642755,-15.936407,0.715682,-0.690314,-0.96875,2.798694,-1.81429
2018-08-17,2668.97,2882.897333,3168.8587,-7.710318,-17.167886,2.240017,0.473592,1.28583,4.193753,-0.481834
2018-08-20,2698.47,2875.516833,3165.267,-6.354748,-15.955247,3.008967,-1.745006,-1.969257,3.054694,-1.729869
2018-08-21,2733.83,2868.829333,3161.98445,-4.820049,-14.549626,1.602049,-1.24703,-3.057804,1.72176,-3.000918
2018-08-22,2714.61,2862.065167,3158.5908,-5.289515,-15.147768,1.994267,0.596462,-2.581467,2.441971,-2.314145
2018-08-23,2724.62,2856.784833,3155.23435,-4.736784,-14.67338,0.480379,0.169421,-5.474114,2.065609,-2.673033
2018-08-24,2729.43,2850.684167,3151.96495,-4.346623,-14.393326,-0.153263,2.462622,-5.792875,2.493195,-2.84455
2018-08-27,2780.9,2845.780167,3149.01075,-2.306264,-12.431374,-2.187439,0.00863,-7.704936,0.59621,-4.642742
2018-08-28,2777.98,2840.56,3145.9598,-2.227717,-12.439498,-0.991225,1.032456,-6.554359,1.037804,-4.542509
2018-08-29,2769.29,2834.811333,3142.7384,-2.338442,-12.650355,-2.373308,0.808483,-7.568168,1.35486,-4.242965
2018-08-30,2737.74,2828.520667,3139.3498,-3.262108,-13.688295,-1.700067,3.008273,-5.617397,3.053979,-3.139451
2018-08-31,2725.25,2822.1165,3135.8371,-3.492697,-14.033599,-0.84569,-0.32122,-2.619084,3.526282,-2.695533
2018-09-03,2720.73,2816.342833,3132.2774,-3.453895,-14.086012,-1.901653,0.010291,-2.033601,3.698272,-2.533879
2018-09-04,2750.58,2811.306167,3128.79115,-2.18374,-12.883492,-3.168279,-0.903516,-3.732763,2.572912,-3.591606
2018-09-05,2704.34,2805.0485,3125.1651,-3.656294,-14.462922,-1.799524,-4.57283,-3.735612,4.326749,-4.469852
2018-09-06,2691.59,2799.078333,3121.61045,-3.91581,-14.821694,-0.186309,-3.196649,-3.235783,4.820942,-4.017328
2018-09-07,2702.3,2793.380667,3118.1257,-3.314931,-14.312882,-0.767471,-5.093694,-4.454024,4.405506,-4.96614
2018-09-10,2669.48,2787.507,3114.55855,-4.326395,-15.420373,-0.664881,-4.723059,-2.864792,5.689123,-4.613258
2018-09-11,2664.8,2783.456667,3110.92055,-4.356455,-15.478967,1.310425,-3.949304,-2.379098,5.874737,-4.445737
2018-09-12,2656.11,2779.129667,3107.1486,-4.527516,-15.684281,2.775027,-6.601872,-0.834006,6.221128,-6.388666
2018-09-13,2686.58,2775.975833,3103.4292,-3.273333,-14.423868,1.575417,-5.199135,-3.516816,5.016415,-7.450364
2018-09-14,2681.64,2772.507167,3100.0778,-3.332348,-14.499866,4.229046,-1.002909,-3.169818,5.209872,-7.279874
2018-09-17,2651.79,2769.048,3096.56765,-4.32687,-15.50594,4.762603,-2.171773,-2.874478,6.394171,-6.236165
2018-09-18,2699.95,2766.638667,3093.45625,-2.439985,-13.605574,3.881535,-3.645722,-5.731246,4.49638,-7.908665
2018-09-19,2730.85,2765.2665,3090.4422,-1.25241,-12.370127,2.206289,-4.7641,-7.391842,3.313986,-8.950693
2018-09-20,2729.24,2764.3055,3087.3991,-1.276625,-12.330584,3.319231,-4.895414,-8.125348,3.374932,-8.896982
2018-09-21,2797.48,2763.473167,3084.80055,1.223073,-9.776799,-2.937104,-9.57285,-10.168223,0.853268,-11.119293
2018-09-25,2781.14,2763.566167,3082.11815,0.633898,-10.275616,-2.185778,-7.971406,-10.464404,1.44581,-10.597093
2018-09-26,2806.81,2763.898167,3079.6041,1.540654,-9.275244,-2.927197,-7.54685,-11.644211,0.518026,-11.414738
2018-09-27,2791.77,2764.442167,3077.04455,0.983694,-9.729377,-7.754622,-6.876723,-11.717205,1.059543,-10.937506
2018-09-28,2821.35,2765.9,3074.6815,1.984941,-8.598582,-7.904988,-5.2713,-12.336774,-3.385259,-11.871267
2018-10-08,2716.51,2765.388,3071.9038,-1.783298,-12.294953,-5.618164,-1.898257,-9.703852,0.343455,-8.470059
2018-10-09,2721.01,2763.819667,3069.0589,-1.561053,-12.036783,-6.635003,-2.291764,-9.9071,0.177508,-8.621431
2018-10-10,2725.84,2762.123333,3066.0771,-1.322307,-11.762229,-6.214067,-3.149027,-8.055553,-1.810818,-8.783348
2018-10-11,2583.46,2758.884833,3062.59035,-6.569697,-17.013149,-3.828566,1.999266,-1.968968,3.600598,-3.756203
2018-10-12,2606.91,2755.039,3059.1097,-5.526599,-15.995831,-2.188796,-0.308888,-3.13465,2.668677,-4.621947
2018-10-15,2568.1,2750.654333,3055.488,-6.86725,-17.377299,3.323313,2.401522,-0.929504,4.220241,-3.180562
2018-10-16,2546.33,2746.1925,3051.88895,-7.55623,-18.110762,1.886404,4.174635,-0.442002,5.111278,-2.352798
2018-10-17,2561.61,2742.250667,3048.3574,-6.814303,-17.396692,1.614006,2.719923,-0.304177,4.484289,-2.935263
2018-10-18,2486.42,2737.236667,3044.3068,-9.610497,-20.24293,4.612799,7.054892,1.964947,7.643922,2.239364
2018-10-19,2550.47,2733.5355,3040.62115,-6.931817,-17.578416,1.879138,4.920699,0.776053,5.043776,-0.328175
2018-10-22,2654.88,2730.629,3037.39525,-2.813253,-13.460087,-4.340894,1.815147,-3.233015,1.831721,-4.248026
2018-10-23,2594.82,2726.217,3033.88405,-4.939778,-15.632651,-1.037029,1.947522,-1.365053,4.18873,-2.03174
2018-10-24,2603.29,2721.179167,3030.4982,-4.428927,-15.1951,-0.019593,1.834949,-0.280038,3.849744,-2.350487
2018-10-25,2603.8,2716.181667,3026.9866,-4.225518,-15.059569,0.093665,1.586171,0.257369,3.829403,-2.369614
2018-10-26,2598.85,2711.458667,3023.60195,-4.24177,-15.137978,2.943346,-0.748121,-0.739593,4.027166,-2.183658
2018-10-29,2542.1,2705.933833,3019.83055,-6.245657,-17.221021,4.737488,1.317354,1.518641,6.349475,1.02081
2018-10-30,2568.05,2700.917167,3016.13495,-5.044455,-16.082934,3.493864,0.25784,0.916332,5.274819,0.258173
2018-10-31,2602.78,2696.356833,3012.40725,-3.532144,-14.615941,1.470626,-0.039965,-0.040734,3.870093,-1.079615
2018-11-01,2606.24,2692.718667,3008.5929,-3.264277,-14.356392,1.121367,-1.499928,-0.355934,3.732197,-1.488735
2018-11-02,2676.48,2691.193,3005.04675,-0.548209,-11.579063,-2.942576,-3.354371,-3.120504,1.009909,-4.074008
2018-11-05,2665.43,2689.942833,3001.41515,-0.915455,-11.87185,-1.318385,-0.399607,-3.429453,1.428663,-3.67633
2018-11-06,2659.36,2689.1795,2997.66455,-1.115064,-11.974801,-0.168604,0.247873,-2.852634,1.660174,-3.456471
2018-11-07,2641.34,2686.879,2993.80175,-1.709393,-12.52577,-0.345117,0.31978,-0.878785,2.35373,-2.797822
2018-11-08,2635.63,2685.071667,2989.87075,-1.858518,-12.610792,1.22706,-1.162047,0.690801,2.575475,-2.587237
2018-11-09,2598.87,2681.813167,2985.7384,-3.141639,-13.877035,3.040791,0.269753,2.770935,4.026365,-1.209372
2018-11-12,2630.52,2679.066667,2981.7463,-1.828693,-12.532759,2.736938,-1.761853,3.384364,2.774737,-2.398005
2018-11-13,2654.88,2676.8835,2977.96825,-0.825379,-11.484182,-0.340708,-2.316368,2.412212,1.831721,-3.293558
2018-11-14,2632.24,2674.404833,2973.9465,-1.589167,-12.205466,0.729032,-1.149717,1.887299,2.70758,-2.461782
2018-11-15,2668.17,2673.486667,2970.064,-0.199064,-10.719066,-0.855922,-1.287026,3.179227,1.324503,-3.775247
2018-11-16,2679.11,2673.052,2966.0858,0.226376,-10.175852,-3.789682,-3.23838,2.81687,0.91075,-4.168175
2018-11-19,2703.51,2673.627667,2962.16405,1.11147,-9.136917,-4.838688,-3.982056,2.112168,-1.388935,-5.033087
2018-11-20,2645.85,2672.750667,2957.8865,-1.011578,-11.148262,-2.726712,-2.650227,3.926287,0.760058,-2.963509
2018-11-21,2651.5,2671.3785,2953.4115,-0.746911,-10.783543,-1.894507,-3.920472,5.600347,0.545352,-3.844616
2018-11-22,2645.43,2670.2255,2948.8413,-0.93293,-10.857869,-2.992433,-4.213913,11.278798,0.776055,-4.126361
2018-11-23,2579.48,2667.8065,2943.99715,-3.366877,-13.21804,0.337096,-2.481813,13.133863,3.352614,-2.451269
2018-11-26,2575.81,2665.246167,2939.08555,-3.413238,-13.193445,3.020527,-1.912726,13.69352,3.49987,-2.312282
2018-11-27,2574.68,2661.809167,2934.34395,-3.328077,-13.075865,3.483896,-2.750838,13.30074,3.545295,-2.713347
2018-11-28,2601.74,2658.871833,2929.9126,-2.172146,-11.879214,1.830371,-4.057395,14.043317,2.468348,-3.976185
2018-11-29,2567.44,2655.507667,2925.34565,-3.372655,-13.050335,1.459248,-3.340554,16.485433,3.837285,-3.285374
2018-11-30,2588.19,2653.015167,2921.0517,-2.4738,-12.098493,0.681548,-3.711104,16.557527,3.004803,-4.060753
2018-12-03,2654.8,2651.841,2917.0153,0.111521,-9.419161,-2.68063,-7.405987,15.570998,0.420371,-7.138391
2018-12-04,2665.96,2650.928167,2912.9076,0.565439,-8.858754,-2.732844,-7.863208,15.290672,-0.606161,-7.562004
2018-12-05,2649.8,2649.2485,2909.30335,0.020815,-9.342949,-1.814614,-5.226305,11.403065,-0.594384,-6.998264
2018-12-06,2605.18,2647.595833,2905.78295,-1.615022,-10.92011,1.102081,-2.806187,15.006696,1.108177,-5.405385
2018-12-07,2605.89,2646.1675,2902.50215,-1.53381,-10.779891,-0.467342,-3.095515,16.074195,1.080629,-5.431158
2018-12-10,2584.58,2644.2055,2899.7758,-2.280762,-11.50704,0.516735,-1.569173,15.799249,1.914044,-4.651433
2018-12-11,2594.09,2642.949,2896.97565,-1.865956,-11.043153,-0.674568,-2.30027,14.226835,1.540425,-5.000983
2018-12-12,2602.15,2641.904833,2894.0616,-1.516216,-10.632289,-2.041723,-1.874383,14.949811,1.225909,-5.295237
2018-12-13,2634.05,2641.537167,2891.23605,-0.283842,-9.316152,-3.782809,-3.802919,16.172402,-1.369754,-6.442171
2018-12-14,2593.74,2639.989833,2887.86195,-1.767422,-10.741557,-3.033115,-0.906266,17.538734,0.163085,-4.988164
2018-12-17,2597.97,2638.595333,2884.4067,-1.551633,-10.458886,-2.769359,-1.066106,17.364782,-0.820641,-5.142862
2018-12-18,2576.65,2637.343,2880.6421,-2.328187,-11.152312,-2.827323,-0.662348,18.538286,-0.241787,-4.357984
2018-12-19,2549.56,2634.8365,2876.92955,-3.290034,-12.08028,-2.03143,1.805486,19.681913,1.821883,-3.341753
2018-12-20,2536.27,2631.5935,2873.31385,-3.689506,-12.477152,-2.119075,2.885111,18.215923,2.927133,-2.835266
2018-12-21,2516.25,2628.043667,2869.52635,-4.347002,-13.137728,-0.892195,2.490342,17.487546,3.746051,-2.062196
2018-12-24,2527.01,2623.535833,2865.88875,-3.748618,-12.584173,-2.472734,2.114014,17.91203,3.3043,-2.479215
2018-12-25,2504.82,2618.9305,2862.1282,-4.454915,-13.33486,-1.628474,3.40933,17.870732,4.219465,-1.615286
2018-12-26,2498.29,2613.7885,2858.17145,-4.51942,-13.457557,0.661461,4.056627,21.281052,4.491872,-1.358129
2018-12-27,2483.09,2608.643833,2854.22855,-4.932673,-13.929784,1.993615,4.484548,24.434139,5.13151,-0.754302
2018-12-28,2493.9,2603.186333,2850.256,-4.288846,-13.356106,1.297136,3.944971,24.203295,4.675809,-1.18449
2019-01-02,2465.29,2598.999333,2846.0466,-5.281705,-14.362143,3.156184,4.376142,26.592218,5.890585,-0.037724
2019-01-03,2464.36,2594.721833,2841.7349,-5.154718,-14.248261,2.830095,4.762701,27.566692,5.930546,2.049619
2019-01-04,2514.87,2591.205667,2837.75805,-2.990216,-12.079321,1.537308,4.02774,25.483568,4.109954,0.460859
2019-01-07,2533.09,2590.366167,2833.9666,-2.235934,-11.223745,0.105349,4.659035,24.602848,4.769274,-0.261736
2019-01-08,2526.46,2589.025333,2830.14335,-2.446237,-11.350825,1.721907,5.596697,24.934972,5.756276,0.34198
2019-01-09,2544.34,2588.629333,2826.51565,-1.725724,-10.517345,1.019803,6.71539,22.613709,6.946006,-0.363159
2019-01-10,2535.1,2588.442167,2822.7949,-2.082313,-10.749441,0.963354,7.02885,22.935827,7.335805,0.026034
2019-01-11,2553.83,2588.3125,2819.11085,-1.341193,-9.882734,1.638146,4.9114,21.859179,6.548596,-0.707565
2019-01-14,2535.76,2589.134833,2815.3849,-2.083038,-10.460559,2.905221,8.269172,24.926868,8.62069,0.94173
2019-01-15,2570.34,2589.466,2811.9192,-0.741349,-8.982905,0.363493,6.961516,23.864561,7.209552,-0.416287
2019-01-16,2570.42,2588.058333,2809.0075,-0.683861,-8.876191,0.410761,7.16033,23.464722,7.422911,-0.419387
2019-01-17,2559.64,2587.472,2806.1371,-1.081471,-9.194222,1.244355,7.238862,24.516798,7.875326,0.622353
2019-01-18,2596.01,2587.350667,2803.2839,0.334121,-7.68159,0.219711,7.715334,21.386415,8.02077,-0.787362
2019-01-21,2610.51,2587.4625,2800.725,0.886794,-7.033271,-0.519637,12.6076,20.316448,13.436838,-1.338436
2019-01-22,2579.7,2587.143333,2797.82085,-0.288119,-8.116773,0.562434,13.125334,21.59807,14.791642,-0.160096
2019-01-23,2581,2587.791667,2794.88135,-0.262795,-7.961273,-0.210605,13.492233,19.088289,14.733824,-0.210384
2019-01-24,2591.69,2588.185667,2792.0239,0.135306,-7.445657,-0.275102,12.642249,17.469519,14.260579,-0.621988
2019-01-25,2601.72,2588.168,2789.34935,0.522248,-6.96356,0.632575,14.044086,16.305881,15.078102,-1.005104
2019-01-28,2596.98,2588.013667,2786.6787,0.345857,-7.050123,2.168102,15.341439,17.004126,16.580798,-0.824419
2019-01-29,2594.25,2586.643167,2783.9585,0.29365,-7.057638,2.948863,16.323661,11.363839,17.731522,-0.720054
2019-01-30,2575.57,2585.1455,2780.88475,-0.371092,-7.669826,5.495432,18.600843,12.769871,20.443242,0.349437
2019-01-31,2584.57,2583.899,2777.7672,0.025965,-7.208829,5.096243,18.391179,11.299754,20.19098,1.302344
2019-02-01,2618.23,2583.513833,2774.95755,1.334809,-5.813693,2.420967,12.60163,8.515376,18.645803,1.362371
2019-02-11,2653.9,2583.818333,2772.4318,2.676198,-4.369458,3.715485,13.153847,10.211058,17.051132,0.67787
2019-02-12,2671.89,2585.035333,2770.238,3.304691,-3.614715,3.086726,13.573013,8.320314,16.26302,0.39298
2019-02-13,2721.07,2586.5445,2768.50935,5.070237,-1.728385,1.464743,10.653033,5.80178,14.161708,-1.4215
2019-02-14,2719.7,2587.624833,2766.65085,4.978118,-1.711593,1.173366,9.498255,7.743892,14.219215,-1.371842
2019-02-15,2682.39,2588.460667,2764.4759,3.564483,-3.014288,4.44208,11.912795,9.70307,15.807918,2.587618
2019-02-18,2754.36,2589.897167,2762.89,6.156694,-0.309212,7.24365,11.706149,4.540348,12.781917,-0.092944
2019-02-19,2755.65,2591.172833,2761.3282,6.154274,-0.205845,6.527311,11.483484,4.086772,12.72912,-0.139713
2019-02-20,2761.22,2592.134667,2759.48965,6.319088,0.062686,6.742664,11.270558,5.109463,12.50172,-0.341154
2019-02-21,2751.8,2593.9005,2757.6588,5.909252,-0.212682,6.647742,11.961773,4.958932,12.886838,1.905298
2019-02-22,2804.23,2596.446,2756.3048,7.69854,1.723805,6.548463,10.161093,1.707382,10.77622,4.875492
2019-02-25,2961.28,2601.710167,2755.70005,12.945262,7.19501,2.214201,2.723212,-3.725404,4.901259,-0.686527
2019-02-26,2941.52,2607.744167,2755.00175,12.044091,6.550838,3.760761,1.87187,-1.684676,5.605945,-0.019378
2019-02-27,2953.82,2614.044333,2754.26655,12.220067,6.994807,4.898005,2.305784,-1.49771,5.166192,-0.435707
2019-02-28,2940.95,2620.148833,2753.51615,11.550154,6.585396,5.473828,1.819154,-0.896576,5.626413,0.983016
2019-03-01,2994.01,2626.686667,2752.803,13.08904,8.399396,-0.809881,3.180339,-2.990144,3.754496,-0.806611
2019-03-04,3027.58,2634.355667,2752.1334,13.9125,9.538723,-0.019489,4.608153,-4.350126,4.715978,-1.906473
2019-03-05,3054.25,2642.123333,2751.6089,14.495118,10.434827,0.198215,3.934663,-5.524988,4.013097,-2.763035
2019-03-06,3102.1,2649.578333,2751.24735,15.767879,12.002491,-2.452379,3.615233,-8.046079,3.681377,-4.262919
2019-03-07,3106.42,2656.919333,2750.96315,15.630363,12.151985,-3.796681,4.412812,-8.215293,4.511624,-4.396057
2019-03-08,2969.86,2662.253667,2749.9423,10.934181,7.693488,1.732132,8.854198,-4.901579,9.317274,0.70138
2019-03-11,3026.99,2669.283833,2749.11665,12.575852,9.628908,2.267788,6.789966,-5.950264,7.254071,-1.199211
2019-03-12,3060.31,2676.8575,2748.5704,13.387269,10.74353,0.997197,5.765261,-4.497561,6.086312,-2.274933
2019-03-13,3026.95,2684.230333,2747.93375,12.016148,9.670625,2.082268,5.245287,-3.961551,7.255488,-1.197905
2019-03-14,2990.69,2690.840333,2746.9207,10.565059,8.502359,3.636884,6.408723,-2.709679,8.555885,0.142108
2019-03-15,3021.75,2697.833667,2745.96025,11.338703,9.57053,2.690379,5.034985,-4.736205,7.44006,-0.887234
2019-03-18,3096.42,2705.539833,2745.3706,13.494514,12.033053,-1.739288,4.951547,-6.981397,5.076185,-3.277333
2019-03-19,3090.98,2713.827167,2744.9807,13.012832,11.871415,-3.084304,5.41956,-6.717633,5.569108,-3.107105
2019-03-20,3090.64,2722.038333,2744.66065,12.69972,11.872075,-2.22211,5.033834,-5.754828,5.580721,-3.096446
2019-03-21,3101.46,2730.785167,2744.46145,12.728379,12.228811,-3.494877,5.316163,-3.756326,5.460009,-3.434511
2019-03-22,3104.15,2740.028333,2744.3068,12.477166,12.321141,-0.432291,3.509987,-3.346785,5.368619,-3.518193
2019-03-25,3043.03,2748.474333,2743.91965,10.180776,10.34663,4.099142,4.985636,-1.152846,7.484974,-1.580333
2019-03-26,2997.1,2756.4885,2743.69795,8.368757,8.833853,5.823554,6.600865,-0.502746,9.132161,-0.07207
2019-03-27,3022.72,2764.750333,2743.3342,8.920675,9.698305,6.207454,3.290272,-1.548289,8.207178,-0.91904
2019-03-28,2994.94,2772.919,2742.9332,7.702364,8.789634,8.067486,3.008117,0.061752,9.210869,3.053817
2019-03-29,3090.76,2782.7935,2742.93105,10.496174,11.938994,4.863978,-0.918544,-3.686962,5.825105,-0.914338
2019-04-01,3170.36,2794.248,2743.2118,12.628213,14.471572,2.162324,-2.945466,-4.037709,3.168094,-3.402137
2019-04-02,3176.82,2805.63,2743.52,12.425258,14.663893,2.028814,-8.894485,-4.272797,2.958304,-8.510397
2019-04-03,3216.3,2818.146833,2744.054,13.215211,15.879524,-0.822325,-9.446205,-6.454557,1.694494,-9.63343
2019-04-04,3246.57,2831.183667,2744.9511,13.690417,16.783579,-1.80077,-11.504236,-7.72383,0.746326,-10.867161
2019-04-08,3244.81,2843.349333,2745.91125,13.20741,16.694381,-2.087081,-12.940452,-7.476462,0.800971,-12.138153
2019-04-09,3239.66,2855.1255,2746.71055,12.635259,16.506435,0.429369,-9.732755,-9.931986,0.961212,-11.998481
2019-04-10,3241.93,2867.05,2747.6712,12.28852,16.541511,0.651496,-11.01796,-10.177069,0.890519,-12.0601
2019-04-11,3189.96,2877.810333,2748.4002,10.297867,14.898938,1.870816,-10.09654,-9.003565,2.534201,-10.627406
2019-04-12,3188.63,2888.7025,2749.23385,9.878392,14.826908,2.544325,-8.163086,-8.877516,2.576969,-10.590128
2019-04-15,3177.79,2899.101833,2750.5837,9.178501,14.437284,1.165381,-7.244709,-8.099587,2.926877,-10.285135
2019-04-16,3253.6,2911.065833,2752.27305,11.12428,16.733494,-1.705199,-12.117349,-10.060787,0.528645,-12.375522
2019-04-17,3263.12,2922.612167,2754.2096,11.0206,16.955329,-1.902998,-12.816273,-10.508406,0.235358,-12.631163
2019-04-18,3250.2,2933.941833,2756.0118,10.236968,16.49319,-3.965672,-11.194929,-10.313748,0.633807,-12.283859
2019-04-19,3270.8,2945.7945,2758.0691,10.465604,17.050377,-5.802924,-12.319004,-11.991705,-1.704782,-12.836309
2019-04-22,3215.04,2956.111667,2759.92175,8.396502,15.263747,-4.860822,-11.963699,-9.481886,-0.417724,-11.324587
2019-04-23,3198.59,2965.913,2761.8488,7.552518,14.680978,-3.83196,-11.434252,-10.250258,0.094417,-10.868539
2019-04-24,3201.61,2976.278167,2763.92235,7.298023,14.7003,-9.671796,-10.157412,-9.896376,-2.429403,-10.952614
2019-04-25,3123.83,2985.325333,2765.3044,4.535108,12.190909,-6.529023,-7.093766,-6.635354,-1.198209,-8.735431
2019-04-26,3086.4,2993.5705,2766.8586,3.053854,10.929277,-6.444867,-5.723846,-4.949414,-0.261146,-7.628629
2019-04-29,3062.5,3001.250167,2768.23665,2.020265,10.102105,-7.15793,-5.251939,-3.927897,0.517224,-6.907755
2019-04-30,3078.34,3009.272833,2769.8327,2.269202,10.560357,-4.624965,-6.012813,-4.563743,-3.983641,-7.386773
2019-05-06,2906.46,3014.476333,2770.6956,-3.649028,4.783744,-0.094662,-0.565166,1.566223,1.694501,-1.909884
2019-05-07,2926.39,3020.323333,2771.5914,-3.159431,5.434791,-1.47266,-2.215107,0.208913,1.001917,-2.57792
2019-05-08,2893.76,3025.4765,2771.98465,-4.451191,4.299315,1.540381,-1.123869,0.517362,2.140813,-1.47939
2019-05-09,2850.95,3029.355167,2772.1013,-6.069751,2.804665,3.608662,-0.815325,0.590686,3.674565,-0.81201
2019-05-10,2939.21,3034.110333,2772.9085,-3.177741,5.824407,-1.955225,-3.007475,-4.087218,0.561375,-3.790474
2019-05-13,2903.71,3037.974,2773.23875,-4.520162,4.597337,-1.146816,0.755137,-4.441639,1.790812,-2.614242
2019-05-14,2883.61,3040.683,2773.5009,-5.303918,3.89326,0.772426,0.889702,-4.067231,2.500338,-1.935421
2019-05-15,2938.68,3044.332667,2774.1241,-3.532122,5.762544,-1.611594,-0.955316,-5.028941,0.579512,-3.773123
2019-05-16,2955.71,3048.888,2774.91205,-3.103804,6.311984,-3.553608,-2.52648,-6.317824,-1.014646,-4.327556
2019-05-17,2882.3,3051.020333,2775.38725,-5.688748,3.77983,-1.022102,0.184405,-2.362988,1.506436,-1.890851
2019-05-20,2870.6,3052.936167,2775.87755,-6.158274,3.355414,0.755863,0.67908,-2.58807,1.920156,-1.490977
2019-05-21,2905.97,3055.348667,2776.26105,-5.012647,4.566217,0.135491,0.406267,-3.397073,0.679635,-2.68998
2019-05-22,2891.7,3057.680333,2776.42185,-5.5812,4.068157,0.792233,3.246515,-2.659815,3.299789,-2.209773
2019-05-23,2852.52,3058.485167,2776.15665,-6.971694,2.713534,1.850937,5.106926,-1.011224,5.239578,-0.866602
2019-05-24,2852.99,3056.680333,2775.90335,-6.89619,2.739134,1.589479,5.29577,1.049854,5.438505,-0.882933
2019-05-27,2892.38,3055.861333,2775.9541,-5.49818,4.108518,-0.079551,3.0538,-0.42894,4.002586,-2.232763
2019-05-28,2909.91,3055.1295,2776.1357,-4.869983,4.706223,-1.650364,2.255205,-1.021728,3.376049,-2.821737
2019-05-29,2914.7,3054.692,2776.36395,-4.691187,4.862476,-1.844889,2.777482,-1.078287,3.206162,-2.981439
2019-05-30,2905.81,3053.222,2776.511,-4.948525,4.551708,-2.721316,2.483521,-0.288804,3.52191,-2.684621
2019-05-31,2898.7,3051.074,2776.88185,-5.12313,4.29337,-1.619628,4.92057,-1.219326,5.04364,-2.445924
2019-06-03,2890.08,3048.337833,2777.49215,-5.331229,3.973577,1.225642,5.186855,0.418144,5.356945,-2.154958
2019-06-04,2862.28,3044.340833,2778.10135,-6.166589,2.985078,1.632149,5.206755,1.093818,6.380228,-1.204634
2019-06-05,2861.42,3040.2575,2778.88265,-6.062421,2.926908,1.708934,4.904275,1.025679,6.412201,-1.174941
2019-06-06,2827.8,3037.889833,2779.1248,-7.166412,1.736297,1.897506,6.279315,2.045559,7.677346,0.860386
2019-06-10,2852.13,3034.9755,2779.6651,-6.213727,2.573563,1.236655,2.808244,2.492408,6.758808,1.046236
2019-06-11,2925.72,3032.732333,2780.3218,-3.592337,5.097393,-1.222874,0.085754,0.151301,4.073527,-1.495358
2019-06-12,2909.38,3030.772833,2780.89215,-4.087765,4.516821,0.288991,0.203273,1.637389,4.658037,-0.942125
2019-06-13,2910.74,3029.440333,2781.5165,-3.997055,4.541106,2.590237,0.240885,2.548047,4.609137,-0.988408
2019-06-14,2881.97,3027.110667,2782.02155,-4.91345,3.529625,4.079798,1.671603,4.000486,5.653425,0.196046
2019-06-17,2887.62,3023.630667,2782.84335,-4.602568,3.695944,4.089264,1.872157,4.63925,5.4467,0.087962
2019-06-18,2890.16,3020.283667,2783.7682,-4.403889,3.750639,3.130583,1.628787,4.434224,5.354029,0.869848
2019-06-19,2917.8,3017.403,2785.01235,-3.356662,4.65776,1.984429,0.474914,3.071474,4.356022,-0.085681
2019-06-20,2987.12,3015.497333,2786.4556,-0.945506,6.953932,0.3232,-2.919216,1.466206,1.934305,-2.877019
2019-06-21,3001.98,3013.7945,2787.79635,-0.392785,7.402063,-0.772468,-2.625113,0.953804,1.429723,-3.357784
2019-06-24,3008.15,3013.213167,2789.26405,-0.168173,7.554749,1.214279,-4.111776,-1.003304,1.221681,-4.02839
2019-06-25,2982.07,3012.962667,2790.5513,-1.030618,6.637852,2.053504,-2.792764,0.120314,2.106926,-3.18906
2019-06-26,2976.28,3012.188667,2791.78555,-1.199275,6.399283,1.301186,-1.796793,0.769806,2.305563,-3.000726
2019-06-27,2996.79,3012.2195,2792.865,-0.513547,7.047377,0.281904,-2.00305,0.321826,1.605384,-3.664588
2019-06-28,2978.88,3010.354833,2793.8695,-1.051057,6.411984,1.074479,-1.159478,-0.060444,2.216269,-3.085388
2019-07-01,3044.9,3008.263833,2795.24755,1.210495,8.554739,-3.731954,-3.4715,-1.975442,-0.031528,-5.186706
2019-07-02,3043.94,3006.049167,2796.77855,1.252608,8.468449,-3.875458,-3.055465,-2.950857,-0.9422,-5.156803
2019-07-03,3015.26,3002.6985,2798.2286,0.417468,7.469949,-3.371333,-2.782735,-2.899427,-0.139291,-4.254691
2019-07-04,3005.25,2998.6765,2799.6512,0.218973,7.086592,-2.954456,-3.263045,-2.4618,0.193328,-3.935779
2019-07-05,3011.06,2994.780667,2800.9536,0.542118,7.233225,-2.710206,-4.873304,-3.579338,-1.950144,-4.756465
2019-07-08,2933.36,2989.675667,2802.0987,-1.901639,4.577985,0.300568,-3.887987,-0.676939,0.64704,-3.813374
2019-07-09,2928.23,2984.447333,2803.2819,-1.901644,4.360731,0.320158,-5.28253,-0.115153,0.823364,-5.145429
2019-07-10,2915.3,2979.869667,2804.3469,-2.190683,3.880205,0.560632,-5.160206,1.105587,1.270538,-5.029328
2019-07-11,2917.76,2975.355167,2805.5883,-1.954722,3.920295,-0.569865,-4.314511,1.897732,1.185156,-5.109399
2019-07-12,2930.55,2971.2345,2806.91705,-1.37874,4.310337,-0.216918,-5.462947,2.604539,0.743546,-5.523537
2019-07-15,2942.19,2966.044333,2808.34745,-0.807499,4.655799,-1.894669,-4.419549,1.647029,0.344981,-5.897308
2019-07-16,2937.62,2960.619333,2809.60265,-0.779875,4.455666,-1.290968,-4.895936,1.389059,0.501086,-5.750914
2019-07-17,2931.69,2955.310833,2810.8529,-0.802479,4.209109,-0.287278,-4.278254,1.544788,0.704372,-5.560274
2019-07-18,2901.18,2949.1505,2812.09985,-1.639961,3.118607,1.239367,-2.987114,1.265918,1.76342,-4.567107
2019-07-19,2924.2,2944.303167,2813.2211,-0.685123,3.869081,0.693167,-3.493036,0.525938,0.962314,-5.318378
2019-07-22,2886.97,2939.1095,2814.0017,-1.789914,2.559995,1.854555,-0.134141,2.308131,2.264312,-4.097375
2019-07-23,2899.94,2934.081667,2814.8552,-1.170447,2.977923,1.790803,-0.689975,1.42704,1.806934,-4.526301
2019-07-24,2923.28,2930.739167,2815.4842,-0.254839,3.757202,0.315244,-1.48014,0.601618,0.994089,-5.28858
2019-07-25,2937.36,2928.255167,2816.2653,0.310448,4.209957,-0.978091,-1.852719,0.596374,0.509982,-5.742572
2019-07-26,2944.54,2926.289167,2816.95395,0.621748,4.429647,-2.639347,-1.612847,1.198747,0.264897,-5.97241
2019-07-29,2941.01,2924.000333,2817.70015,0.58004,4.283206,-4.14844,-2.668396,0.446806,0.385242,-5.859552
2019-07-30,2952.34,2924.765,2818.3551,0.938394,4.644466,-6.102523,-1.713245,-0.441981,-0.671671,-6.220828
2019-07-31,2932.51,2924.867,2819.4351,0.26097,3.932217,-5.748804,-1.330202,-0.117716,-0.809545,-5.586682
2019-08-01,2908.77,2925.117167,2820.3739,-0.560423,3.086085,-4.005922,-0.615552,1.685066,-0.226212,-4.816125
2019-08-02,2867.84,2925.398667,2821.0839,-1.987163,1.643796,-3.299848,0.639548,3.68496,1.197766,-3.457655
2019-08-05,2821.5,2923.436833,2822.2741,-3.549126,-0.027432,-0.230995,3.57215,5.852633,3.636718,-1.872054
2019-08-06,2777.56,2921.334333,2823.12735,-5.046763,-1.627242,0.706752,5.348077,6.988055,5.493671,-0.319705
2019-08-07,2768.68,2919.418833,2824.13025,-5.301389,-1.982977,1.442584,6.594321,7.311965,6.816606,0.219238
2019-08-08,2794.55,2917.016667,2825.37135,-4.289031,-1.096872,0.757532,6.621672,5.892934,6.845825,-0.708522
2019-08-09,2774.75,2914.000667,2826.43705,-4.896628,-1.845627,1.752993,7.791829,4.758212,8.103433,0.811244
2019-08-12,2814.99,2912.878833,2828.0799,-3.418317,-0.463929,2.390739,7.186643,3.484936,7.451181,-0.629842
2019-08-13,2797.26,2911.6565,2829.31385,-4.00818,-1.139386,2.914993,7.701374,3.787564,8.132244,0.416479
2019-08-14,2808.91,2910.038833,2830.084,-3.536992,-0.750989,2.510836,6.874814,3.53119,7.683763,0.245291
2019-08-15,2815.8,2908.773833,2831.1889,-3.248522,-0.545032,2.373761,7.372536,2.647365,7.651112,0.284821
2019-08-16,2823.82,2908.2955,2832.29155,-2.947659,-0.299554,2.573356,7.071954,2.978755,7.345369,1.407668
2019-08-19,2883.1,2908.797333,2833.68805,-0.88736,1.728704,-0.679701,3.242612,1.749717,5.138219,-0.677396
2019-08-20,2880,2908.591,2835.0938,-0.987848,1.571527,0.767533,3.603053,1.072355,5.251389,-0.570486
2019-08-21,2880.33,2908.098,2836.78495,-0.959439,1.523352,0.465182,4.046739,0.806025,5.23933,-0.581878
2019-08-22,2883.44,2907.577,2838.3619,-0.833606,1.575694,0.259076,4.177595,0.064139,5.125822,-0.689107
2019-08-23,2897.43,2907.437333,2839.83515,-0.344791,2.007813,-0.386952,2.711882,0.301193,4.618231,-1.168622
2019-08-26,2863.57,2906.851833,2841.1218,-1.500155,0.787012,2.092106,4.164455,1.507316,5.855279,0.791669
2019-08-27,2902.19,2907.053667,2842.25035,-0.167446,2.086951,0.958799,1.817853,0.034451,4.446642,-0.549585
2019-08-28,2893.76,2907.578333,2843.392,-0.476385,1.755899,2.175719,1.21351,-0.140746,4.750912,-0.25987
2019-08-29,2890.92,2908.07,2844.5498,-0.591484,1.616998,3.231302,1.416797,-0.65731,4.853818,-0.161886
2019-08-30,2886.24,2909.044,2845.7743,-0.786989,1.411942,3.852433,0.654418,-0.362024,5.023837,0.656564
2019-09-02,2924.11,2910.243667,2847.2167,0.475335,2.664824,3.383498,-0.361103,-1.356925,3.663679,-0.647034
2019-09-03,2930.15,2910.3175,2848.8731,0.679143,2.81301,3.060049,-0.1807,-1.791631,3.449994,-0.851834
2019-09-04,2957.41,2911.118,2850.50755,1.577669,3.681682,1.723077,-0.328529,-1.978592,2.496441,-1.765734
2019-09-05,2985.86,2912.37,2852.16245,2.492063,4.581035,1.508396,-0.40943,-2.504425,1.51983,-2.701734
2019-09-06,2999.6,2914.3305,2853.99925,2.883883,4.975769,1.033117,0.275657,-2.878753,1.054807,-3.14742
2019-09-09,3024.74,2916.615833,2855.7821,3.640115,5.747939,-1.553291,-1.120064,-3.615975,0.214895,-3.952406
2019-09-10,3021.2,2918.799833,2857.49255,3.448159,5.570959,-1.183328,-1.416378,-3.255793,0.332318,-3.839865
2019-09-11,3008.81,2920.316667,2859.01905,2.985259,5.106608,-0.317239,-1.051773,-3.143472,0.745477,-3.443886
2019-09-12,3031.24,2921.052,2860.946,3.702795,5.781944,-0.82118,-3.119505,-2.119127,-0.016165,-4.158364
2019-09-16,3030.75,2921.5315,2862.84225,3.670215,5.699519,-1.786716,-3.052979,-1.541474,-0.754599,-4.142869
2019-09-17,2978.12,2921.031,2864.5057,1.935559,3.889642,0.242141,-0.800341,1.476561,0.999288,-2.44886
2019-09-18,2985.66,2921.090833,2866.5366,2.186371,4.071629,-1.017667,-1.486038,1.045539,0.744224,-2.695216
2019-09-19,2999.28,2921.474167,2868.65395,2.628392,4.452935,-2.368047,-1.96498,0.59139,0.286735,-3.137086
2019-09-20,3006.45,2921.635167,2870.8128,2.861653,4.616479,-2.501722,-1.728502,-0.050238,0.047564,-3.368092
2019-09-23,2977.08,2921.605167,2872.6895,1.880977,3.569426,-2.444416,0.099712,-0.482506,1.034571,-2.414782
2019-09-24,2985.34,2920.6125,2874.779,2.192029,3.773784,-2.433451,-1.049253,-0.089142,0.755023,-2.684786
2019-09-25,2955.43,2919.137333,2876.6152,1.235602,2.702983,-1.039754,-0.546589,0.890982,1.774699,-1.699922
2019-09-26,2929.09,2917.701167,2877.98665,0.389576,1.760082,0.63368,-0.001024,2.63675,2.689914,-0.815953
2019-09-27,2932.17,2916.483167,2879.3177,0.536427,1.818941,1.405075,0.883821,2.454812,2.582047,-0.920138
2019-09-30,2905.19,2914.718667,2880.59465,-0.327451,0.850204,3.473672,2.390994,4.53653,3.534709,0.288449
2019-10-08,2913.57,2914.388833,2882.1366,-0.0281,1.084724,2.624536,2.641586,4.58018,3.236922,0.387497
2019-10-09,2924.86,2914.332667,2883.73145,0.360575,1.416152,1.82437,1.820678,5.336987,2.838426,0.143597
2019-10-10,2947.71,2914.872833,2885.5471,1.12024,2.131408,0.999833,1.046172,4.513076,2.041246,-0.632695
2019-10-11,2973.66,2915.8045,2887.44495,1.964775,2.942151,-1.201679,-0.319308,3.624261,1.15077,-1.499835
2019-10-14,3007.88,2917.093333,2889.4736,3.064782,4.016117,-2.295519,-3.309274,3.171379,-0.542575,-3.255117
2019-10-15,2991.05,2917.907667,2891.2586,2.475769,3.393259,-1.233568,-2.581643,2.503952,0.017051,-2.710754
2019-10-16,2978.71,2918.5925,2893.18345,2.038884,2.913289,-1.252987,-2.497432,3.825881,0.431395,-2.466504
2019-10-17,2977.33,2919.353167,2895.08025,1.966485,2.801409,-1.230447,-2.291852,3.788499,0.477945,-2.421297
2019-10-18,2938.14,2919.969167,2896.8877,0.620367,1.413977,0.569823,-1.605667,5.863539,1.818157,-1.592844
2019-10-21,2939.62,2920.226167,2898.838,0.661925,1.397035,1.365976,-1.040219,5.531937,1.766895,-1.642389
2019-10-22,2954.38,2921.349667,2900.92855,1.124309,1.825794,-0.00677,-0.692554,4.489522,1.25847,-2.133781
2019-10-23,2941.62,2922.044333,2903.0554,0.667696,1.319668,-0.078219,-1.044661,4.404522,1.697704,-1.709262
2019-10-24,2940.92,2922.338333,2905.12495,0.633836,1.224606,-0.404091,-1.275734,4.474503,1.72191,-1.685867
2019-10-25,2954.93,2922.631167,2907.3755,1.099067,1.622418,0.110601,-2.384955,4.656816,1.239623,-2.356739
2019-10-28,2980.05,2923.223,2909.7843,1.92533,2.386112,-0.153135,-2.510402,2.390291,0.386235,-3.179812
2019-10-29,2954.18,2923.4425,2912.13975,1.045926,1.4333,1.257387,-1.607886,3.543887,1.265326,-2.33195
2019-10-30,2939.32,2923.2255,2914.36685,0.549063,0.852567,1.327513,-1.236813,1.257993,1.777282,-1.83818
2019-10-31,2929.06,2923.168,2916.6857,0.201359,0.423362,1.680877,-1.353232,-6.431413,2.13379,-1.494336
2019-11-01,2958.2,2923.991833,2919.1549,1.163123,1.328682,0.201946,-2.957929,-6.094729,1.127713,-2.91461
2019-11-04,2975.49,2925.786,2921.458,1.684557,1.832592,-2.226596,-3.407436,-5.434938,0.540079,-3.478755
2019-11-05,2991.56,2928.620333,2923.75035,2.126355,2.292783,-2.598692,-3.637408,-4.269973,-0.429542,-3.997246
2019-11-06,2978.6,2931.971,2926.01105,1.57785,1.781331,-2.493739,-3.431609,-3.506686,0.003693,-3.579534
2019-11-07,2978.71,2935.4715,2928.1829,1.462223,1.710826,-2.338191,-2.696236,-3.006428,-0.487795,-3.583095
2019-11-08,2964.18,2938.298667,2930.3283,0.876971,1.148597,-2.488037,-1.775687,-2.1314,-1.018494,-3.110472
2019-11-11,2909.97,2940.552333,2932.109,-1.045466,-0.757919,-0.026464,0.154864,0.580107,0.825438,-1.305512
2019-11-12,2914.82,2942.216167,2934.0043,-0.935503,-0.656008,0.65552,0.085732,-0.300642,0.657674,-1.469731
2019-11-13,2905.24,2944.015833,2935.6788,-1.325858,-1.04227,0.199784,0.658017,0.404312,0.989591,-1.144828
2019-11-14,2909.87,2945.6985,2937.37605,-1.223756,-0.940828,-0.214328,0.200152,2.502892,0.828903,-1.30212
2019-11-15,2891.34,2946.9575,2939.03455,-1.905322,-1.636108,-0.209465,2.606044,3.186963,2.640298,-0.669586
2019-11-18,2909.2,2948.3805,2940.6005,-1.337791,-1.073568,-0.104207,2.551724,2.250035,2.584559,-1.27939
2019-11-19,2933.99,2949.228667,2942.2179,-0.51804,-0.280041,-0.922101,2.969456,3.224885,3.013984,-2.113504
2019-11-20,2911.05,2949.746167,2943.87465,-1.320528,-1.121278,-0.270371,3.576238,4.323512,3.825767,-1.342127
2019-11-21,2903.64,2950.134667,2945.48785,-1.58857,-1.430933,-0.481589,3.832104,4.300336,4.090728,-1.090356
2019-11-22,2885.29,2950.1655,2946.95585,-2.223586,-2.114731,-0.462373,4.063219,4.332744,4.752728,-0.461305
2019-11-25,2906.17,2950.311167,2948.4781,-1.507458,-1.445308,-1.050169,1.928183,2.774478,4.00011,-1.176462
2019-11-26,2907.06,2951.036,2950.0285,-1.501403,-1.467257,-0.772135,2.567996,2.857584,3.96827,-1.206717
2019-11-27,2903.19,2951.052667,2951.5732,-1.635181,-1.652818,-0.867283,2.674384,-0.791568,4.106862,-1.075024
2019-11-28,2889.69,2950.984833,2953.1438,-2.098973,-2.172107,0.337873,3.991006,2.772581,4.593226,-0.612869
2019-11-29,2871.98,2950.669167,2954.58085,-2.703029,-2.835511,1.384188,4.528919,4.124113,5.238198,0.133357
2019-12-02,2875.81,2950.495333,2955.86875,-2.563869,-2.745823,1.335704,5.552972,4.616037,5.710043,0.080325
2019-12-03,2884.7,2949.8385,2957.02275,-2.232951,-2.476203,1.124448,5.576003,6.280373,5.734392,-0.2281
2019-12-04,2878.12,2948.971333,2958.0539,-2.431911,-2.739428,1.595887,6.947918,5.291266,7.194974,0.741804
2019-12-05,2899.47,2948.005667,2958.9459,-1.660093,-2.030513,0.558197,6.16314,1.500004,6.405653,0.432493
2019-12-06,2912.01,2946.774833,2959.90745,-1.186773,-1.631444,1.893694,5.719256,2.868814,5.947438,0.084821
2019-12-09,2914.48,2945.356167,2961.0679,-1.053833,-1.585856,2.370395,6.325788,1.83721,6.530153,0.04186
2019-12-10,2917.32,2943.565833,2961.8827,-0.895633,-1.515973,3.539245,4.999863,0.211272,6.426446,-0.05553
2019-12-11,2924.42,2941.952833,2962.72655,-0.597742,-1.301381,3.118005,5.665296,-1.272934,6.168061,-0.298179
2019-12-12,2915.7,2940.401,2963.49895,-0.843604,-1.626072,3.417623,5.880199,-4.433719,6.485578,1.613678
2019-12-13,2967.68,2939.341667,2964.57835,0.959487,0.104569,1.24771,4.863162,-6.545908,4.983354,-0.166123
2019-12-16,2984.39,2938.569,2965.47915,1.547264,0.635675,-0.727748,4.020432,-8.954808,4.395538,-0.725106
2019-12-17,3022.42,2939.307333,2965.78485,2.788388,1.891613,-1.323561,2.21262,-11.201748,3.081967,-1.974246
2019-12-18,3017.04,2939.830333,2966.16245,2.592435,1.700721,-1.172224,1.872945,-9.42693,3.265784,-1.799446
2019-12-19,3017.07,2940.126833,2966.4787,2.583344,1.691054,-0.322687,1.918133,-12.589613,3.264757,-1.800422
2019-12-20,3004.94,2940.101667,2966.79865,2.181344,1.277413,0.003328,2.978552,-9.872906,3.681604,-1.404021
2019-12-23,2962.75,2939.862833,2966.64235,0.775497,-0.13129,2.57462,2.972509,-6.309518,5.158046,0.645684
2019-12-24,2982.68,2939.8185,2966.41785,1.447438,0.546711,2.235871,2.583776,-7.581414,4.455389,-0.026822
2019-12-25,2981.88,2940.259333,2966.056,1.405619,0.532085,3.406251,-0.179578,-7.291275,4.483413,-0.179417
2019-12-26,3007.35,2941.563667,2965.58225,2.211799,1.39859,2.510007,-9.069187,-9.047344,3.598517,-8.670092
2019-12-27,3005.04,2942.778167,2965.07535,2.093679,1.338843,2.574525,-7.66572,-8.858088,3.678154,-8.599886
2019-12-30,3040.02,2945.025333,2965.42615,3.174668,2.484335,2.108521,-7.580474,-10.590818,2.485181,-9.651581
2019-12-31,3050.12,2947.301167,2965.5418,3.429104,2.812119,0.548308,-6.208567,-9.249982,2.145817,-9.950756
2020-01-02,3085.2,2949.9735,2965.66625,4.48203,3.951477,0.313265,-7.022995,-10.99412,0.984377,-10.974653
2020-01-03,3083.79,2952.2415,2965.95045,4.359465,3.896182,0.275256,-6.473332,-8.915301,1.03055,-10.933948
2020-01-06,3083.41,2954.070667,2966.41405,4.285202,3.868229,1.037599,-6.074969,-9.094244,1.043001,-10.922972
2020-01-07,3104.8,2955.686,2966.8293,4.921853,4.545549,0.065039,-5.900546,-9.41224,0.346882,-11.536653
2020-01-08,3066.89,2956.95,2966.68165,3.650569,3.321998,0.752002,-5.386237,-9.22489,1.587276,-10.443153
2020-01-09,3094.88,2958.886167,2966.70115,4.493623,4.229852,-0.674346,-5.919001,-10.620168,0.668523,-11.253102
2020-01-10,3092.29,2960.802167,2966.7094,4.345168,4.145852,-0.544443,-3.577459,-8.95968,0.75284,-11.17877
2020-01-13,3115.57,2963.759333,2966.77995,4.995361,4.893495,-0.6369,-4.282242,-10.281135,-0.280847,-11.842456
2020-01-14,3106.82,2966.546,2966.7933,4.620138,4.611802,-1.775671,-4.322121,-9.688409,-0.355025,-11.59417
2020-01-15,3090.04,2968.807,2967.02835,4.002385,4.062314,-0.952405,-1.957191,-8.491182,0.186082,-11.114096
2020-01-16,3074.08,2971.014667,2967.41325,3.410214,3.531506,-3.224748,-1.125671,-7.479234,0.706228,-10.652618
2020-01-17,3075.5,2973.257667,2967.67715,3.380928,3.568795,-11.310007,-1.449901,-8.424787,0.65973,-10.693871
2020-01-20,3095.79,2975.605333,2968.1814,3.959563,4.209368,-10.640944,-2.709027,-8.483864,-1.13186,-11.279189
2020-01-21,3052.14,2976.806833,2967.9883,2.499179,2.79586,-7.978363,-2.126214,-7.256724,0.282097,-10.010353
2020-01-22,3060.75,2978.583,2967.44025,2.72123,3.096027,-6.556472,-2.294188,-8.599877,-0.68872,-10.263498
2020-01-23,2976.53,2979.203167,2966.4388,-0.089768,0.339602,-3.437166,-3.286374,-5.562188,2.121262,-7.724431
2020-02-03,2746.61,2976.162333,2964.09035,-8.026724,-7.620277,5.105861,7.850761,2.282418,10.66988,1.335464
2020-02-04,2783.29,2973.247167,2961.77395,-6.6021,-6.215472,4.165275,7.260914,1.396808,9.211401,1.250319
2020-02-05,2818.09,2970.623833,2959.64035,-5.271263,-4.900841,3.788449,6.643539,1.479025,7.862772,1.718185
2020-02-06,2866.51,2968.539667,2957.7746,-3.497488,-3.13419,1.370639,6.912938,0.404899,7.157484,0.329669
2020-02-07,2875.96,2966.829,2955.94475,-3.110717,-2.743178,1.417259,5.366343,-0.154503,6.80538,0.150906
2020-02-10,2890.49,2965.358667,2954.4474,-2.557195,-2.188559,3.171129,1.810197,0.167651,6.268487,-0.352535
2020-02-11,2901.67,2964.316833,2953.0126,-2.136016,-1.753944,2.830326,3.224527,-0.237041,5.85904,-0.736472
2020-02-12,2926.9,2964.599,2951.75815,-1.279794,-0.845713,1.643464,1.411967,-1.214769,4.94653,-1.592128
2020-02-13,2906.07,2964.453167,2950.0205,-1.989093,-1.501047,4.181047,0.597646,-0.276356,5.698762,-0.886765
2020-02-14,2917.01,2964.649333,2948.28995,-1.619964,-1.066621,4.118984,-1.019229,-1.612863,5.302347,-1.25848
2020-02-17,2983.62,2965.8785,2946.95705,0.596405,1.23642,1.583115,-6.736459,-3.936203,2.951448,-6.51457
2020-02-18,2984.97,2967.439,2945.5279,0.589041,1.330164,0.936316,-7.126827,-3.739095,2.904887,-6.878796
2020-02-19,2975.4,2968.542333,2944.3297,0.230745,1.04973,0.420236,-8.653119,-2.615752,3.235867,-8.289306
2020-02-20,3030.15,2970.145,2943.4875,2.000135,2.901702,-1.289402,-11.457177,-4.952406,1.370559,-10.825207
2020-02-21,3039.67,2972.288667,2942.6778,2.241671,3.242897,-5.38545,-10.174204,-5.816193,1.053075,-11.104495
2020-02-24,3031.23,2974.415167,2942.2148,1.892104,2.980585,-2.009344,-13.057845,-7.444326,1.334442,-12.241235
2020-02-25,3013.05,2976.5445,2941.84805,1.218979,2.391488,-0.671004,-10.142432,-6.693609,1.945869,-11.711721
2020-02-26,2987.93,2977.907167,2941.4752,0.336008,1.566962,0.79139,-7.155813,-4.847311,2.802944,-10.969467
2020-02-27,2991.33,2979.311667,2941.04015,0.402582,1.695479,2.650654,-7.871002,-5.304145,2.686096,-11.070661
2020-02-28,2880.3,2978.930167,2940.90935,-3.366978,-2.082438,5.215551,-3.825323,-1.190266,6.644447,-7.642607
2020-03-02,2970.93,2980.284167,2941.13205,-0.314362,1.008048,-0.934703,-7.828918,-4.073182,3.391194,-10.460024
2020-03-03,2992.9,2982.2995,2941.62775,0.354817,1.727973,0.128889,-8.453282,-2.62255,2.63223,-11.117311
2020-03-04,3011.67,2984.563833,2942.43135,0.904113,2.325851,-1.443123,-9.653882,-3.043179,1.992582,-11.671265
2020-03-05,3071.68,2987.680167,2943.0937,2.772742,4.276334,-4.944654,-9.954353,-4.948758,-1.210087,-13.396903
2020-03-06,3034.51,2990.286667,2943.7477,1.46807,3.036646,-4.968313,-9.337467,-3.872323,-1.244023,-12.336094
2020-03-09,2943.29,2991.017,2944.0461,-1.608546,-0.025686,-5.375526,-4.252165,-0.425258,1.816675,-9.619168
2020-03-10,2996.76,2992.4295,2944.3365,0.144611,1.764821,-7.521028,-6.243801,-1.988091,-0.942351,-11.231797
2020-03-11,2968.52,2993.330167,2944.40055,-0.832302,0.815826,-8.421622,-4.923661,-0.41893,-1.516918,-10.387331
2020-03-12,2923.49,2993.433,2944.6065,-2.364278,-0.719708,-7.873776,-4.436299,0.690617,-1.233457,-9.007043
2020-03-13,2887.43,2992.8165,2944.69065,-3.584808,-1.963694,-5.035992,-3.681938,1.152495,-2.130961,-7.870667
2020-03-16,2789.25,2990.709,2944.10705,-6.973774,-5.403282,-4.738271,1.354238,4.572183,1.363449,-4.627767
2020-03-17,2779.64,2987.575,2943.54675,-7.21406,-5.729381,-2.079289,1.127934,3.894546,1.713891,-4.298039
2020-03-18,2728.76,2983.3145,2942.92795,-8.918764,-7.555769,1.917541,3.286831,7.175222,3.610431,-2.513596
2020-03-19,2702.13,2977.976333,2942.17365,-9.720364,-8.510829,2.296773,4.923187,8.296348,5.046389,-1.552849
2020-03-20,2745.62,2973.452667,2941.43985,-7.971688,-6.889229,0.963431,3.820642,6.817135,3.894567,-3.11223
2020-03-23,2660.17,2967.504333,2940.19115,-10.933128,-10.008457,3.219582,6.082959,10.937362,7.231869,2.340828
2020-03-24,2722.44,2962.796,2939.22985,-8.460488,-7.661905,1.018146,4.367594,8.543955,4.779169,0.44372
2020-03-25,2781.59,2959.776667,2938.60875,-6.209111,-5.491355,-1.706679,2.025304,6.574798,2.551059,-1.692198
2020-03-26,2764.91,2956.147167,2937.9398,-6.68787,-6.07005,0.567303,1.565313,7.47642,3.169723,-1.099132
2020-03-27,2772.2,2952.6525,2937.3504,-6.306269,-5.786672,-0.296594,1.549509,6.606142,2.89842,-1.359209
2020-03-30,2747.21,2948.316833,2936.77505,-7.064859,-6.672621,2.64205,2.260575,8.290334,3.834436,-0.461923
2020-03-31,2750.3,2944.071167,2936.21945,-6.808338,-6.541286,2.33837,2.589176,9.552501,3.717776,-0.573756
2020-04-01,2734.52,2938.9795,2935.75305,-7.210649,-7.100808,3.287098,4.489368,12.239962,4.591665,1.077703
2020-04-02,2780.64,2934.488167,2935.3956,-5.385193,-5.416111,0.5734,3.446314,12.5613,3.506387,-0.598783
2020-04-03,2763.99,2929.134667,2934.58695,-5.803176,-5.989142,0.687216,3.816622,18.716151,4.129899,0.689583
2020-04-07,2820.76,2924.750833,2934.14385,-3.620294,-3.940935,0.230877,2.60962,17.056198,2.643968,-1.336874
2020-04-08,2815.37,2920.2835,2933.667,-3.658701,-4.115948,-0.149292,2.782233,18.969299,2.840479,-1.147984
2020-04-09,2825.9,2915.635167,2933.38665,-3.126079,-3.733071,-0.211129,2.296925,19.971833,2.45727,-1.516331
2020-04-10,2796.63,2911.130833,2932.9317,-4.012649,-4.758738,1.48571,3.562298,19.044236,3.626508,-0.485584
2020-04-13,2783.05,2905.933667,2932.39615,-4.320729,-5.227244,2.466588,3.088304,21.287996,4.132157,0.915542
2020-04-14,2827.28,2901.516833,2931.94355,-2.591853,-3.635041,-0.00955,1.446018,18.875109,2.503113,-0.663182
2020-04-15,2811.17,2896.4435,2931.0638,-2.988284,-4.176466,1.160371,2.259798,17.872704,3.090528,-0.093911
2020-04-16,2819.94,2891.662167,2930.1536,-2.511587,-3.833924,0.656014,2.750535,12.958648,2.788712,-0.404619
2020-04-17,2838.49,2887.469667,2929.3053,-1.710835,-3.149308,-1.061101,1.581584,12.428449,2.116971,-1.055491
2020-04-20,2852.55,2883.7775,2928.6577,-1.088774,-2.633086,-1.307702,0.53737,14.998785,1.613644,-1.543181
2020-04-21,2827.01,2879.636,2927.91135,-1.844428,-3.50697,-0.602802,-0.469439,16.10132,2.53165,-0.653694
2020-04-22,2843.98,2875.439167,2927.1473,-1.100094,-2.882385,-0.760272,-0.918771,15.871632,1.919845,-1.246493
2020-04-23,2838.5,2871.8785,2926.4454,-1.16906,-3.051277,0.757385,0.283199,15.822701,2.116611,-1.055839
2020-04-24,2808.53,2867.674833,2925.26355,-2.084032,-4.072336,2.448304,1.001544,12.947971,3.206304,0.053053
2020-04-27,2815.49,2864.990833,2924.1213,-1.742884,-3.785771,1.970519,1.085548,12.964754,2.951174,-0.194282
2020-04-28,2810.02,2866.047667,2923.0951,-1.974236,-3.945142,2.991095,1.495162,13.865876,3.151579,0.133451
2020-04-29,2822.44,2866.700167,2922.18105,-1.555984,-3.472851,2.531426,3.241556,15.466783,3.294667,-0.307181
2020-04-30,2860.08,2867.4,2921.42615,-0.25561,-2.122231,1.094655,2.121336,13.907094,2.143996,-1.619185
2020-05-06,2878.14,2867.593833,2921.15005,0.367096,-1.483314,0.689384,1.559281,13.980696,1.571501,-2.236514
2020-05-07,2871.52,2867.519833,2920.8665,0.139402,-1.703881,-0.041102,1.648523,15.946868,1.805664,-2.01113
2020-05-08,2895.34,2867.600667,2920.7667,0.962687,-0.87436,-0.932725,1.217288,15.231155,1.224727,-2.817286
2020-05-11,2894.8,2867.486167,2920.6519,0.948028,-0.889082,-0.671727,1.473477,15.423753,1.484386,-2.799157
2020-05-12,2891.56,2866.897167,2920.45695,0.856583,-0.994394,0.242481,2.207807,15.798898,2.232359,-2.690243
2020-05-13,2898.05,2866.7635,2920.23625,1.08544,-0.762642,-0.495003,1.564618,14.612749,2.003416,-2.908162
2020-05-14,2870.34,2865.985667,2919.89985,0.151816,-1.711883,-0.084346,1.74613,16.32233,2.988148,-1.970847
2020-05-15,2868.46,2864.066333,2919.5837,0.153289,-1.766574,-1.925008,1.771927,15.228233,3.055647,-1.906598
2020-05-18,2875.42,2862.2405,2919.4549,0.459404,-1.519817,-2.018198,0.506813,14.354613,2.806199,-2.144035
2020-05-19,2898.58,2860.960167,2919.3268,1.306367,-0.713208,-1.811323,1.137855,13.596368,1.984765,-2.925915
2020-05-20,2883.74,2858.52,2919.31065,0.878405,-1.225945,-1.641141,1.791577,15.288267,2.509588,-2.426363
2020-05-21,2867.92,2855.6575,2919.15055,0.428491,-1.770564,-0.759523,2.459123,18.153554,3.075051,-1.888128
2020-05-22,2813.77,2852.033167,2918.603,-1.350691,-3.657986,1.361799,5.323843,20.41649,5.468109,0.149266
2020-05-25,2817.97,2848.781833,2918.00605,-1.087471,-3.488376,3.400055,5.095132,19.014699,5.310915,0.668212
2020-05-26,2846.55,2846.4255,2917.5161,0.004374,-2.462487,2.595522,4.266295,16.699328,4.35861,-0.34252
2020-05-27,2836.8,2843.85,2916.99505,-0.248211,-2.787734,3.00604,4.909563,17.540022,5.032078,0.332064
2020-05-28,2846.22,2843.282,2916.46445,0.103278,-2.438028,2.533494,3.971085,17.355116,4.684459,0.215373
2020-05-29,2852.35,2841.305667,2916.06365,0.387953,-2.209143,2.713221,4.534597,16.783128,4.638982,1.321016
2020-06-01,2915.43,2840.0145,2916.09695,2.620816,-0.022874,0.763347,3.721768,13.28769,3.791893,-0.871227
2020-06-02,2921.4,2838.51,2916.36475,2.878369,0.172506,1.181126,5.629259,13.693023,5.790717,-1.0738
2020-06-03,2923.37,2836.038167,2916.8741,3.032899,0.222453,0.694722,7.555706,15.215833,7.848476,-1.140465
2020-06-04,2919.25,2834.117167,2917.58255,2.959625,0.057135,0.056505,13.251006,15.11773,14.16905,-1.000942
2020-06-05,2930.8,2833.909,2918.39315,3.361839,0.424225,-0.378085,13.229291,15.161574,14.144261,-1.391088
2020-06-08,2937.77,2832.925833,2919.10925,3.634075,0.637227,-1.638391,14.713589,14.753541,15.851139,-1.625042
2020-06-09,2956.11,2832.719,2920.01605,4.263719,1.22851,-0.82747,15.467102,13.547378,16.727388,-2.23537
2020-06-10,2943.75,2833.056667,2920.65985,3.832806,0.787471,-0.268045,13.91732,13.087777,17.217495,-1.824883
2020-06-11,2920.9,2833.6145,2921.27805,3.033868,-0.012942,0.628647,16.453562,11.97827,18.134479,-1.056866
2020-06-12,2919.74,2835.789333,2921.8322,2.917425,-0.071631,1.626908,15.657164,12.739132,18.181413,-1.017556
2020-06-15,2890.03,2837.629167,2922.20335,1.829798,-1.107102,2.570121,15.106092,11.881172,19.396338,1.443584
2020-06-16,2931.75,2841.012333,2922.743,3.143907,0.307696,1.317117,9.070257,9.837377,17.69728,0.14053
2020-06-17,2935.87,2844.908,2923.00685,3.14731,0.4391,1.476845,9.055288,10.483072,17.532111,0.117512
2020-06-18,2939.32,2848.136333,2923.30345,3.15134,0.546397,0.752439,12.002292,10.930229,17.394159,0.755277
2020-06-19,2967.63,2853.260667,2923.73995,3.930122,1.490005,0.572553,11.246916,10.484887,16.274266,-0.205888
2020-06-22,2965.27,2857.307833,2924.1491,3.708823,1.396456,2.026692,11.695271,10.206974,16.366806,-0.126464
2020-06-23,2970.62,2860.458333,2924.51505,3.778882,1.564201,3.958485,11.273207,9.615385,16.157233,-0.306333
2020-06-24,2979.55,2864.035667,2925.09495,3.954058,1.844534,5.652184,7.036864,11.36265,15.809099,-0.605125
2020-06-29,2961.52,2867.191,2925.3916,3.236985,1.22743,11.813415,7.90812,11.334002,16.514155,0.781693
2020-06-30,2984.67,2871.148667,2925.84615,3.877701,1.990547,11.407914,7.836117,9.261492,15.610436,1.384073
2020-07-01,3025.98,2875.743333,2926.52145,5.092381,3.342051,11.755168,8.503458,8.052,14.032148,2.134515
2020-07-02,3090.57,2881.6775,2927.5431,6.998295,5.4192,11.018969,6.156499,4.201291,11.648984,2.013868
2020-07-03,3152.81,2887.880333,2928.6866,8.777133,7.374006,7.056336,4.865709,2.09071,9.444908,1.394312
2020-07-06,3332.88,2897.361833,2930.70025,14.003618,12.859541,3.259061,1.047339,-3.522281,3.53178,-4.083855
2020-07-07,3345.34,2906.104833,2932.6399,14.075469,13.166533,2.049788,0.784577,-3.683385,3.146168,-4.441103
2020-07-08,3403.44,2915.906,2934.7278,15.460611,14.817198,-1.245888,-0.763313,-5.60111,1.385363,-6.072386
2020-07-09,3450.59,2926.3175,2936.98275,16.480042,16.116245,-7.224314,-1.87601,-5.311936,-0.211558,-7.355843
2020-07-10,3383.32,2936.095667,2938.77565,14.177678,14.086443,-5.130076,-0.869189,-0.737196,1.772519,-5.513815
2020-07-13,3443.29,2947.099667,2940.8861,15.560589,15.771648,-3.822623,-1.877362,-2.456084,-0.832634,-7.159432
2020-07-14,3414.62,2956.888667,2942.91515,14.392862,14.866558,-2.783339,-2.200858,-2.18619,-0.824689,-6.379919
2020-07-15,3361.3,2966.0575,2944.56545,12.509417,13.236655,-0.8407,-1.258292,-0.870106,0.74852,-4.894832
2020-07-16,3210.1,2972.560167,2945.4622,7.68785,8.603634,3.520067,3.388255,3.85783,5.49391,-0.415252
2020-07-17,3214.13,2978.820833,2946.64225,7.602919,8.689041,-0.541579,4.441402,3.01978,5.361638,-0.540115
2020-07-20,3314.15,2986.514167,2948.2847,10.40943,11.697764,-3.341733,3.692139,0.420039,3.761145,-3.541783
2020-07-21,3320.89,2994.7455,2949.89275,10.337357,11.846401,-2.838246,3.84573,0.124287,3.920636,-3.737552
2020-07-22,3333.16,3002.8985,2951.5263,10.434281,12.159838,-1.165121,2.224295,-0.621761,3.538084,-4.091913
2020-07-23,3325.11,3011.008667,2953.26645,9.922763,11.859093,-1.158222,1.159826,-1.426928,3.788747,-3.859722
2020-07-24,3196.77,3017.479333,2954.3236,5.77191,7.88712,3.481029,5.593595,1.685863,7.95553,0.264642
2020-07-27,3205.23,3023.975,2955.5726,5.821166,8.109145,4.952634,5.475911,1.519949,7.670588,0.709153
2020-07-28,3227.96,3030.940667,2957.06695,6.297734,8.765248,4.356374,4.412414,1.270718,6.912415,1.823443
2020-07-29,3294.55,3038.809167,2958.87885,8.080387,10.745916,2.488397,1.062463,-0.664509,4.751484,-0.23463
2020-07-30,3286.82,3045.9215,2960.787,7.611705,10.446542,2.98646,1.907265,-1.913333,4.99784,0.705545
2020-07-31,3310.01,3053.119333,2962.7692,8.078741,11.082684,1.321438,2.794418,-2.598105,4.262223,0.279757
2020-08-03,3367.97,3061.3935,2964.98475,9.543998,12.74383,0.33436,0.819385,-2.919304,2.467955,-1.445975
2020-08-04,3371.69,3069.332667,2967.10465,9.395394,12.782749,-0.935647,1.147706,-2.835147,2.354902,-1.55471
2020-08-05,3377.56,3077.378667,2969.12415,9.30754,12.888654,-1.740868,0.803265,-1.714962,2.177015,-1.725802
2020-08-06,3386.46,3085.627,2971.01705,9.303025,13.088079,-1.960049,-0.043713,-2.218458,1.908483,-1.984078
2020-08-07,3354.04,3093.226833,2972.832,8.095076,12.065056,0.180515,0.039646,0.585337,2.893525,-1.03666
2020-08-10,3379.25,3101.708667,2974.8347,8.570065,12.746532,1.746878,-2.59793,-0.566818,2.125916,-2.564474
2020-08-11,3340.29,3109.5725,2976.6495,7.157237,11.525929,3.263249,-0.717174,0.057164,3.317077,-1.42802
2020-08-12,3319.27,3116.97,2978.55515,6.28835,10.830655,2.641887,-1.966628,0.583064,3.971355,-1.947416
2020-08-13,3320.73,3124.005833,2980.4607,6.106854,10.810675,1.291638,-2.621135,-0.320624,3.925643,-2.587082
2020-08-14,3360.1,3131.945167,2982.4893,7.031646,11.921245,0.610614,-3.013618,-0.391528,2.707955,-3.72846
2020-08-17,3438.8,3141.459833,2984.9752,9.043497,14.153113,-1.557962,-4.764202,-2.918171,0.357392,-5.93172
2020-08-18,3451.09,3152.081833,2987.52605,9.062699,14.424449,-2.271563,-4.60776,-3.053607,-1.172963,-6.266716
2020-08-19,3408.13,3161.917833,2989.79205,7.4985,13.095992,-2.326953,-3.712592,-1.330356,0.072767,-5.085193
2020-08-20,3363.9,3170.540333,2991.7113,5.919899,11.725545,-0.410783,-2.817648,0.410287,1.388567,-3.837213
2020-08-21,3380.68,3179.605,2993.8438,6.13199,12.151876,0.681852,-1.267809,0.995127,0.885325,-4.314517
2020-08-24,3385.64,3188.595333,2996.0754,5.996247,12.223973,0.296108,-2.050029,0.506154,0.737527,-4.454697
2020-08-25,3373.58,3197.2825,2998.298,5.367326,11.79297,1.091667,-2.987039,-0.334031,1.097647,-4.113138
2020-08-26,3329.74,3204.187667,3000.1557,3.843562,10.423004,2.229198,-1.513922,1.19384,2.428718,-2.850673
2020-08-27,3350.11,3211.332833,3002.0288,4.230712,10.970485,1.035482,-3.862473,1.722339,1.805911,-3.788831
2020-08-28,3403.81,3219.340167,3004.09005,5.571897,12.492068,-1.433334,-5.569417,-0.354643,0.199776,-5.417165
2020-08-31,3395.68,3227.280667,3006.17545,5.086415,12.183538,-3.082955,-5.389005,1.643236,0.439676,-5.246372
2020-09-01,3410.61,3235.2775,3008.33495,5.277646,12.550441,-2.800527,-5.615668,1.130334,-0.170351,-5.661157
2020-09-02,3404.8,3243.061333,3010.53805,4.866846,12.306738,-4.51076,-5.641061,1.090717,-0.582119,-5.500176
2020-09-03,3384.98,3250.209167,3012.9131,4.062864,11.644058,-4.537471,-3.392213,1.745398,-0.874747,-4.946853
2020-09-04,3355.37,3257.0695,3015.11585,2.973418,10.692379,-2.87275,0.092347,1.808386,0.092389,-4.108042
2020-09-07,3292.59,3263.264333,3017.0526,0.894647,8.739409,-0.419394,2.019208,3.509059,2.039732,-2.279664
2020-09-08,3316.42,3269.875667,3019.08535,1.413393,9.393197,-0.627337,0.731842,1.660829,1.306529,-2.98183
2020-09-09,3254.63,3275.952333,3020.9018,-0.653002,7.45232,0.895923,2.354815,3.580697,3.22986,-1.139915
2020-09-10,3234.82,3281.0035,3022.5299,-1.417604,6.787909,1.095125,3.090711,3.41479,3.862039,-0.534497
2020-09-11,3260.35,3286.4115,3024.1617,-0.796169,7.520062,2.356424,1.591996,3.281703,3.048752,-1.313356
2020-09-14,3278.81,3292.069667,3026.0005,-0.403589,8.023877,1.156212,1.492102,2.66099,2.468579,-1.868971
2020-09-15,3295.68,3297.537167,3027.9607,-0.056336,8.472316,-0.650841,0.886317,2.140368,1.94406,-2.371286
2020-09-16,3283.92,3302.848,3029.95385,-0.57473,8.049044,-0.128283,0.866536,3.616893,2.309131,-2.021669
2020-09-17,3270.44,3307.845,3031.7752,-1.137239,7.577621,-1.455608,0.230895,3.734977,2.730825,-1.617825
2020-09-18,3338.09,3313.820667,3033.93035,0.729698,9.553986,-3.619757,-2.639923,2.440842,0.648874,-3.611646
2020-09-21,3316.94,3319.744333,3035.9991,-0.08451,8.850211,-3.042869,-1.905933,1.193951,1.290647,-2.997039
2020-09-22,3274.3,3324.5715,3037.92215,-1.523669,7.493033,-1.536962,-0.154656,3.245776,2.609718,-1.733806
2020-09-23,3279.71,3328.800333,3039.9608,-1.485697,7.591038,-1.897942,-0.21305,2.511114,2.44046,-1.895899
2020-09-24,3223.18,3331.0105,3041.69765,-3.290726,5.795265,1.505742,0.041875,5.23947,4.23712,-0.175293
2020-09-25,3219.42,3332.120667,3043.37125,-3.440772,5.623535,4.228429,0.176894,5.377684,4.35886,-0.058706
2020-09-28,3217.53,3330.198167,3045.0683,-3.441783,5.509065,4.325258,1.650316,4.897766,4.420161,0.016161
2020-09-29,3224.36,3328.181833,3046.69275,-3.169168,5.667782,3.546983,1.632815,5.728194,4.198973,-0.195698
2020-09-30,3218.05,3325.092,3048.22295,-3.272176,5.42168,3.485116,3.122835,7.626334,4.403288,0.201364
2020-10-09,3272.08,3322.116833,3050.01095,-1.517631,7.028069,1.945452,1.217468,6.818246,2.679335,-1.453204
2020-10-12,3358.47,3321.702667,3052.2167,1.100801,9.56174,-1.3731,0.453344,4.943835,0.454374,-3.988126
2020-10-13,3359.75,3320.310333,3054.39335,1.180831,9.528557,-0.9465,0.011905,5.532889,0.416102,-4.024704
2020-10-14,3340.78,3319.079667,3056.51875,0.651678,8.892771,-0.472862,0.042496,6.809647,0.986297,-3.479726
2020-10-15,3332.18,3318.594333,3058.34125,0.408544,8.575405,-0.592355,0.194877,6.896966,1.246931,-3.230618
2020-10-16,3336.36,3320.698667,3060.1011,0.470519,8.643244,-1.764691,-0.790199,5.684232,1.120083,-3.351857
2020-10-19,3312.67,3322.341,3061.55235,-0.291514,7.883242,-1.875496,1.030095,8.549332,1.843226,-2.660694
2020-10-20,3328.1,3322.5735,3063.10765,0.166194,8.29716,-2.241823,0.35393,7.81572,1.371053,-3.111986
2020-10-21,3325.02,3322.642333,3064.6474,0.071534,8.154317,-1.691815,0.667836,6.994079,1.464954,-3.022237
2020-10-22,3312.5,3322.298,3066.1852,-0.295352,7.726901,-1.207869,1.5157,7.384788,1.848453,-2.655698
2020-10-23,3278,3321.512833,3067.76145,-1.318687,6.628535,-1.644628,2.997041,9.264981,3.042404,-1.631178
2020-10-26,3251.12,3322.418667,3069.10365,-2.169348,5.7614,-0.802939,4.902859,9.255152,5.025038,-0.817872
2020-10-27,3254.32,3323.236833,3070.46585,-2.095591,5.815405,0.51338,4.462116,9.624221,4.921766,-0.915399
2020-10-28,3269.24,3323.924833,3071.7753,-1.658872,6.230187,0.250509,2.807664,10.226449,4.442929,-1.367596
2020-10-29,3272.73,3323.561167,3073.11375,-1.541235,6.29332,1.437944,2.920812,9.718259,4.331552,-1.472777
2020-10-30,3224.53,3322.523,3074.0363,-2.993723,4.779575,2.681334,5.542936,11.685741,5.891091,0.018297
2020-11-02,3225.12,3321.108167,3074.9113,-2.932835,4.76941,4.50488,5.03788,10.143576,5.87172,1.424753
2020-11-03,3271.07,3319.493167,3075.84065,-1.469496,6.15389,2.686847,5.381924,8.838358,5.529383,0.194738
2020-11-04,3277.44,3317.922333,3076.8089,-1.227615,6.316964,1.956664,5.113187,6.717924,5.324277,0.996509
2020-11-05,3320.13,3316.965167,3077.9925,0.095368,7.572634,0.557158,3.608943,4.791015,3.970025,-0.302097
2020-11-06,3312.16,3315.726833,3079.0293,-0.107631,7.298616,-0.062214,3.920144,5.666986,4.220207,-0.062195
2020-11-09,3373.73,3316.055,3080.5635,1.724313,9.090642,-0.79635,1.262695,4.632086,2.318206,-1.886043
2020-11-10,3360.15,3315.736667,3081.88985,1.330579,8.644262,-0.604475,1.477946,4.571088,2.731723,-1.489517
2020-11-11,3342.2,3315.7685,3083.1394,0.793985,8.068091,0.152478,0.88649,4.666498,3.283466,-0.960445
2020-11-12,3338.68,3316.092,3084.25495,0.678854,7.92654,0.728467,1.031005,4.613833,3.392359,-0.856027
2020-11-13,3310.1,3315.914833,3085.27135,-0.175515,7.033879,2.022549,1.114279,6.501328,4.285067,0.900275
2020-11-16,3346.97,3315.696,3086.556,0.93879,8.099955,1.997268,0.659612,7.384736,3.13627,-0.211236
2020-11-17,3339.9,3314.047667,3087.8851,0.777056,7.845444,1.866363,0.814958,9.017985,3.354591,0.21827
2020-11-18,3347.3,3312.317833,3089.2441,1.050585,8.022762,0.448014,0.586215,9.349704,3.126102,-0.003286
2020-11-19,3363.09,3311.567167,3090.5806,1.543865,8.450122,0.197243,1.234657,9.443695,2.641916,-0.472779
2020-11-20,3377.73,3311.797667,3092.20855,1.971274,8.831831,0.901268,0.507042,7.54499,2.197038,-0.904158
2020-11-23,3414.49,3312.361167,3093.97725,3.036686,9.857074,-0.667918,0.177906,6.295504,1.096796,-1.971012
2020-11-24,3402.82,3312.6475,3096.1087,2.685678,9.445843,1.433189,-1.362232,4.630146,1.443509,-1.634821
2020-11-25,3362.33,3312.46,3099.1873,1.494307,8.149427,2.556032,0.592768,6.413823,2.665116,-0.450283
2020-11-26,3369.73,3313.1265,3102.1195,1.694032,8.274703,2.126075,-0.196648,4.052127,2.439661,-0.668896
2020-11-27,3408.31,3314.0965,3105.0706,2.803153,9.318011,1.058541,-0.345341,4.112532,1.280107,-1.793264
2020-11-30,3391.76,3313.895667,3107.69685,2.322452,8.746707,0.729694,0.162909,3.386529,1.7743,-1.314067
2020-12-01,3451.94,3314.833333,3110.57675,4.052905,10.412823,-1.217132,-2.134475,3.556011,-0.074161,-3.034526
2020-12-02,3449.38,3315.4795,3113.3712,3.959225,10.248838,-2.270033,-1.017808,1.556511,-0.139155,-2.962561
2020-12-03,3442.14,3316.101833,3116.07355,3.730342,9.951964,-2.020781,0.894556,1.723801,0.898569,-2.758458
2020-12-04,3444.58,3317.095167,3118.66195,3.771253,9.939793,-2.868079,1.680634,-0.674923,1.694837,-2.82734
2020-12-07,3416.6,3318.115667,3121.2146,2.924885,9.042368,-1.399432,3.227796,-1.691626,3.280454,-2.031552
2020-12-08,3410.18,3320.0755,3123.68045,2.677755,8.775314,-1.267463,4.043038,-1.549695,4.125882,-1.847117
2020-12-09,3371.96,3321.001167,3125.62215,1.522788,7.586083,-0.147798,5.880661,1.905536,6.057011,-0.734588
2020-12-10,3373.28,3322.978667,3127.5637,1.5024,7.563123,0.932119,5.671084,2.338102,6.01551,-0.773431
2020-12-11,3347.19,3324.8515,3129.42265,0.669618,6.727266,1.415312,5.360152,2.150474,6.841858,0.286509
2020-12-14,3369.12,3326.664333,3131.1175,1.268148,7.326161,1.515562,6.859625,2.277437,7.10037,-0.366268
2020-12-15,3367.23,3328.138,3132.7553,1.167746,7.217754,-0.310827,6.646833,2.29931,7.160485,-0.310344
2020-12-16,3366.98,3329.326333,3134.43405,1.124622,7.156757,0.454566,5.740028,2.813928,7.168442,-0.302942
2020-12-17,3404.87,3331.342167,3136.39315,2.183148,8.21333,-1.234062,4.634432,-0.006168,5.975852,-1.412389
2020-12-18,3394.9,3333.4165,3138.428,1.827655,7.855227,0.048885,5.760899,1.419667,6.287078,-1.122861
2020-12-21,3420.57,3334.791167,3140.5742,2.539715,8.540155,-0.682915,4.174387,-0.26522,5.489436,-1.864894
2020-12-22,3356.78,3335.455167,3142.9566,0.637303,6.581823,0.660946,6.524338,0.305778,7.494087,0.188574
2020-12-23,3382.32,3337.2555,3145.01355,1.34131,7.274367,0.945456,6.826017,-0.555301,7.064382,-0.567953
2020-12-24,3363.11,3338.6455,3146.8646,0.730096,6.645955,3.217279,6.994095,1.628599,7.675931,0.473669
2020-12-25,3396.56,3341.535167,3148.78905,1.633282,7.57452,3.084517,6.488146,1.13411,6.703253,-0.515816
2020-12-28,3397.29,3344.499667,3150.4171,1.566095,7.54432,3.794581,4.942786,1.733054,6.680325,-0.537193
2020-12-29,3379.04,3347.1915,3152.13975,0.947001,6.951014,4.960381,5.590909,1.84349,7.256499,1.047931
2020-12-30,3414.45,3350.359667,3154.49555,1.894872,7.918783,4.628436,2.622545,1.507997,6.144181,1.716821
2020-12-31,3473.07,3354.61,3156.8771,3.470341,9.545565,2.755748,0.287516,0.325406,4.352633,0.28793
2021-01-04,3502.96,3358.458,3159.5493,4.212639,10.317893,0.811438,0.066208,-0.572295,3.462215,-0.567806
2021-01-05,3528.68,3361.294833,3162.57525,4.85976,10.953722,2.232397,0.141596,-1.39979,2.708095,-1.292551
2021-01-06,3550.88,3364.480333,3165.8925,5.392194,11.476045,1.336332,-0.949897,-1.943068,2.065967,-1.909667
2021-01-07,3576.2,3368.404,3169.82725,5.986174,12.062369,-0.288431,-2.100653,-3.572947,1.343325,-2.604161
2021-01-08,3570.11,3372.3695,3173.7796,5.698079,11.767323,-0.104533,-2.088256,-4.501939,1.5162,-2.43802
2021-01-11,3531.5,3375.621833,3177.7933,4.514316,10.553568,1.816058,0.026897,-3.898605,2.62608,-1.371372
2021-01-12,3608.34,3380.549667,3182.32435,6.520951,12.563598,-1.169676,-0.134501,-5.456681,0.440646,-3.471679
2021-01-13,3598.65,3385.058833,3186.5895,6.118749,12.160755,-0.433322,1.556194,-5.708045,1.568366,-3.21176
2021-01-14,3565.9,3389.0735,3191.11815,5.08599,11.10451,1.540556,3.023461,-3.984212,3.069632,-2.322836
2021-01-15,3566.38,3393.304833,3195.33785,4.974675,10.985825,1.125601,3.574607,-2.522305,3.639264,-2.335982
2021-01-18,3596.22,3398.6085,3199.411,5.651721,11.691656,0.776132,1.277049,-3.48818,2.779307,-3.146359
2021-01-19,3566.38,3403.862833,3203.41835,4.664016,10.73326,0.085484,1.943211,-2.655246,3.639264,-2.335982
2021-01-20,3583.09,3409.342333,3207.4728,4.970615,11.074222,-0.272482,-0.53196,-3.348118,3.155935,-2.791445
2021-01-21,3621.26,3415.209333,3211.84305,5.858324,11.99771,-3.258016,-1.004961,-4.146643,2.068617,-3.816075
2021-01-22,3606.75,3420.776333,3216.1253,5.293957,11.462978,-3.4893,-2.745319,-4.699556,2.47924,-3.429126
2021-01-25,3624.24,3427.438167,3220.5739,5.583152,11.808504,-3.337421,-2.030272,-5.141471,1.984692,-3.895161
2021-01-26,3569.43,3433.176667,3224.51785,3.891994,10.162248,-1.00661,-1.719167,-3.198451,3.550707,-2.419434
2021-01-27,3573.34,3438.2145,3228.5646,3.854844,10.146309,-1.580424,0.099577,-2.793503,3.4374,-2.526208
2021-01-28,3505.18,3442.010167,3231.9867,1.818622,8.114485,-0.094762,-0.048226,-1.67782,5.448793,-0.630781
2021-01-29,3483.07,3444.725833,3235.3252,1.106977,7.378464,0.379976,0.541729,-1.207059,6.118166,0.380699
2021-02-01,3505.28,3447.9445,3238.7221,1.649215,7.909156,0.772128,-2.421766,-2.496032,5.445785,-2.392676
2021-02-02,3533.68,3450.610333,3242.40735,2.37887,8.602376,1.9563,-5.061018,-3.036574,4.598322,-4.935082
2021-02-03,3517.31,3453.229667,3246.07865,1.838656,8.024879,3.842422,-4.642836,-2.168738,5.085136,-4.536706
2021-02-04,3501.86,3455.890667,3249.45155,1.321404,7.480803,4.835683,-1.874472,-1.123118,5.548766,-4.115527
2021-02-05,3496.33,3458.518167,3252.87735,1.087363,7.21739,5.55833,-1.244726,-1.928771,5.715708,-3.963871
2021-02-08,3532.45,3462.224,3256.4399,2.008052,8.135714,3.066211,-3.236575,-1.198107,4.634744,-4.945859
2021-02-09,3603.49,3466.499333,3260.2649,3.875757,10.009437,0.908036,-4.447686,-2.41182,2.571951,-6.819777
2021-02-10,3655.09,3471.7525,3264.2776,5.146121,11.308223,-2.521476,-5.903717,-3.510334,1.123912,-8.135231
2021-02-18,3675.36,3477.220167,3268.51935,5.541792,11.7314,-2.487867,-5.949561,-4.576158,0.566203,-8.641875
2021-02-19,3696.17,3482.7715,3272.7803,5.946876,12.165728,-5.194325,-8.215207,-5.255329,-1.453667,-9.156235
2021-02-22,3642.44,3487.183333,3276.8,4.355944,10.578645,-2.531189,-5.618282,-4.373821,-0.166921,-7.816189
2021-02-23,3636.36,3490.881167,3280.93915,4.082899,10.285347,-3.576893,-6.382817,-3.899766,-1.411026,-7.662058
2021-02-24,3564.08,3493.568833,3284.6821,1.998215,8.163608,0.359055,-5.6866,0.483108,0.588371,-5.789432
2021-02-25,3585.05,3497.280833,3288.55725,2.478666,8.632348,-2.301281,-6.376356,0.231528,-0.227333,-6.340497
2021-02-26,3509.08,3499.603333,3291.99045,0.270427,6.386151,-0.202252,-2.620177,2.803527,1.9327,-4.312811
2021-03-01,3551.4,3501.988167,3295.44705,1.401104,7.480006,-3.728915,-3.323763,1.38086,0.718027,-5.453061
2021-03-02,3508.59,3503.935333,3298.5993,0.132753,6.171632,-4.348461,-1.490566,3.001038,1.946936,-4.299448
2021-03-03,3576.9,3506.018,3302.1262,2.001558,7.992994,-6.322837,-3.846995,1.327778,-2.052336,-6.127093
2021-03-04,3503.49,3506.919833,3305.16695,-0.09785,5.827263,-1.921008,-1.066322,2.637947,-0.042814,-4.160137
2021-03-05,3501.99,3507.917333,3308.2029,-0.169113,5.692627,-1.406479,-0.503839,2.320671,-0.502571,-4.119087
2021-03-08,3421.41,3507.531167,3310.85215,-2.485967,3.284714,-0.042682,1.783263,4.861186,1.840762,-1.860929
2021-03-09,3359.29,3506.576,3313.15835,-4.291042,1.382772,2.569631,3.519632,6.907642,3.724001,-0.046141
2021-03-10,3357.74,3505.702,3315.59535,-4.312266,1.263093,2.581541,3.649666,6.41254,3.771882,0.174224
2021-03-11,3436.83,3506.783167,3318.4372,-2.014961,3.505559,0.760594,0.402178,4.399256,1.383833,-2.131034
2021-03-12,3453.08,3508.113167,3321.3255,-1.581175,3.890264,-1.41215,-1.168957,4.467938,0.906727,-2.591599
2021-03-15,3419.95,3509.325833,3323.93235,-2.579802,2.847741,0.684504,-0.688927,4.845663,1.884238,-1.647977
2021-03-16,3446.73,3510.619333,3326.7473,-1.836651,3.543092,-1.027095,-0.874493,3.136783,1.09263,-2.412141
2021-03-17,3445.55,3511.924667,3329.63545,-1.908068,3.422072,-2.304358,-1.360521,2.09029,1.127251,-2.37872
2021-03-18,3463.07,3513.526167,3332.88195,-1.446466,3.83181,-2.914662,-1.058113,1.789516,0.615639,-2.872596
2021-03-19,3404.66,3513.522667,3335.8154,-3.147406,2.042793,0.400705,2.118294,3.476372,2.34179,-1.206288
2021-03-22,3443.44,3514.331667,3338.79985,-2.03784,3.085956,-0.236671,0.853053,2.459458,1.189218,-2.318902
2021-03-23,3411.51,3514.180667,3341.6734,-2.965139,2.068331,1.315358,1.784361,4.187774,2.136297,-1.404657
2021-03-24,3367.06,3514.352,3344.2776,-4.28152,0.678925,2.198659,2.870442,5.746625,3.484642,-0.103057
2021-03-25,3363.59,3514.039833,3346.8338,-4.375747,0.499409,3.008754,3.234675,5.861792,3.591401,0.977527
2021-03-26,3418.33,3514.960167,3349.3483,-2.787607,2.038634,1.914087,0.66594,5.387952,1.932523,-0.639494
2021-03-29,3435.3,3515.605833,3351.9178,-2.310761,2.45716,1.378112,0.212565,4.859747,1.428987,-1.130323
2021-03-30,3456.68,3516.595667,3354.58435,-1.718479,2.998072,0.661738,0.011282,3.314736,0.801636,-1.741845
2021-03-31,3441.91,3517.6435,3357.19765,-2.176476,2.491996,1.173823,0.953915,4.245986,1.234198,-1.320197
2021-04-01,3466.33,3518.508167,3359.8753,-1.494069,3.119254,-0.452508,-0.563273,3.471591,0.521012,-2.015388
2021-04-02,3484.39,3518.696833,3362.6084,-0.979771,3.557601,-2.071597,-1.24495,0.981566,-0.040753,-2.523254
2021-04-06,3482.97,3518.363667,3365.2427,-1.011064,3.438529,-2.514872,-1.857529,1.463554,-0.012059,-2.483513
2021-04-07,3479.63,3517.546167,3367.9221,-1.083767,3.263,-1.824494,-1.495188,1.444556,0.083917,-2.389909
2021-04-08,3482.55,3516.407333,3370.73035,-0.967504,3.263534,-2.428646,-1.175567,2.023016,-0.143573,-2.471752
2021-04-09,3450.68,3514.315333,3373.38505,-1.827341,2.265461,-0.699696,0.349176,2.145096,0.778687,-1.570995
2021-04-12,3412.95,3511.696,3375.99965,-2.852209,1.088555,1.8751,0.484912,3.204523,1.892791,-0.482867
2021-04-13,3396.47,3509.4455,3378.32325,-3.272139,0.535715,2.226484,2.727396,4.360231,2.764929,0.074195
2021-04-14,3416.72,3506.251833,3380.7275,-2.586659,1.05901,1.631759,2.91036,4.29093,2.953125,-0.518919
2021-04-15,3398.99,3502.924167,3383.02585,-3.011977,0.47078,1.926605,3.753905,3.739452,3.825254,0.58488
2021-04-16,3426.62,3500.602833,3385.3208,-2.136084,1.212568,1.378125,2.431515,3.947469,2.988076,-0.22617
2021-04-19,3477.55,3499.122333,3387.8822,-0.618415,2.612302,-1.051649,0.841584,1.760094,1.479777,-1.687395
2021-04-20,3472.94,3497.067667,3390.3938,-0.692331,2.405542,-0.877159,0.391408,1.887661,1.614482,-1.556894
2021-04-21,3472.93,3495.510167,3392.8607,-0.648072,2.332519,-0.457721,0.698691,1.822092,1.614775,-1.556611
2021-04-22,3465.11,3493.543833,3395.37865,-0.817227,2.032909,0.282132,3.299265,2.776308,3.354295,-1.334445
2021-04-23,3474.17,3491.092333,3397.82615,-0.485908,2.221974,-0.789193,3.37321,2.853405,3.430747,-1.591747
2021-04-26,3441.17,3488.332667,3399.9021,-1.361235,1.206489,0.003197,4.757763,3.124874,4.872761,-0.648035
2021-04-27,3442.61,3485.3055,3401.6623,-1.23258,1.196568,-0.691982,4.492058,0.718666,4.828894,-0.689593
2021-04-28,3457.07,3483.432833,3403.1836,-0.759684,1.571006,-0.844733,4.480322,-2.219665,4.582204,-1.104982
2021-04-29,3474.9,3481.792167,3403.8937,-0.198145,2.064572,-0.955658,4.220858,-3.315163,4.311203,-1.612421
2021-04-30,3446.86,3480.820167,3404.4013,-0.980427,1.239458,0.45994,4.267541,-1.024711,5.159769,-0.812043
2021-05-06,3441.28,3480.123667,3404.5905,-1.122433,1.071883,-0.341735,4.069459,-1.284484,5.330284,-0.651211
2021-05-07,3418.87,3478.6835,3404.4319,-1.734383,0.4232,2.070053,4.935452,1.319762,6.020703,0.266755
2021-05-10,3427.99,3476.922,3404.65525,-1.417334,0.68304,2.581054,4.883198,0.581737,5.73864,0.045216
2021-05-11,3441.85,3475.664333,3404.64805,-0.977652,1.086755,2.500826,3.938441,1.022401,5.31284,-0.357656
2021-05-12,3462.75,3475.0125,3404.8887,-0.353501,1.685082,1.382643,3.647903,0.109679,4.677207,-0.959064
2021-05-13,3429.54,3473.899333,3405.2299,-1.285155,0.711369,2.231772,5.151983,0.833076,5.690851,1.662614
2021-05-14,3490.38,3473.198167,3406.6313,0.493478,2.42867,-0.109504,2.807195,0.121689,3.848578,-0.109444
2021-05-17,3517.62,3471.767,3408.14875,1.312094,3.161537,-0.57991,1.100916,0.349342,3.044388,-0.882983
2021-05-18,3529.01,3469.665667,3409.22305,1.695914,3.453296,1.471965,-0.303093,0.102243,2.711809,-1.202887
2021-05-19,3510.96,3466.925667,3410.1734,1.262128,2.912636,2.319819,0.416113,0.391717,3.239855,-0.694967
2021-05-20,3506.94,3463.771833,3411.0423,1.238574,2.772596,2.86453,0.516494,0.266544,3.358198,-0.581133
2021-05-21,3486.56,3461.173833,3411.84955,0.730779,2.166104,3.223491,1.214997,0.878945,3.962358,0.307466
2021-05-24,3497.28,3458.855833,3413.3521,1.104767,2.429069,3.32391,1.704723,-1.448704,3.643689,0.601896
2021-05-25,3581.34,3459.1435,3415.23265,3.471602,4.749142,1.203725,-0.423082,-2.718578,1.210999,-1.759397
2021-05-26,3593.36,3459.282,3417.05965,3.802664,5.030727,0.105139,-0.746092,-3.621635,0.872443,-2.088018
2021-05-27,3608.85,3460.944833,3418.63115,4.184754,5.414894,-0.685107,-0.035752,-5.160763,0.439475,-2.508278
2021-05-28,3600.78,3461.767833,3420.20095,3.93711,5.145118,-0.248588,0.155124,-3.494325,0.664578,-2.289782
2021-05-31,3615.48,3463.549333,3421.7283,4.293074,5.507885,-0.441857,-1.176867,-2.83359,0.255291,-2.687057
2021-06-01,3624.71,3464.346167,3423.012,4.525037,5.725342,-1.238076,-0.928788,-2.354022,-0.3821,-2.934855
2021-06-02,3597.14,3465.907,3424.13925,3.716473,4.928896,-0.159699,-0.232677,-2.690194,0.381414,-2.190907
2021-06-03,3584.21,3467.277333,3425.1725,3.316843,4.538625,0.740788,-1.842943,-1.746365,0.743539,-1.838062
2021-06-04,3591.84,3470.117833,3426.1994,3.447605,4.721301,-0.058204,-1.614369,-1.789095,0.529534,-2.046583
2021-06-07,3599.54,3474.122,3427.4269,3.546427,4.899625,-1.201227,-1.943454,-1.556696,0.314485,-2.256122
2021-06-08,3580.11,3477.828167,3428.4312,2.898552,4.329075,-1.740708,-0.739858,-0.364059,0.858912,-1.725645
2021-06-09,3591.4,3480.404333,3429.68675,3.139362,4.607317,-1.849146,-1.851983,0.156919,0.54185,-2.034583
2021-06-10,3610.86,3483.034,3431.1447,3.604222,5.105203,-2.403717,-2.432372,-0.810005,-0.091391,-2.562547
2021-06-11,3589.75,3485.864,3432.4898,2.936663,4.479668,-1.701701,-1.174359,0.890514,0.496135,-1.989554
2021-06-15,3556.56,3487.6945,3433.4721,1.955287,3.522176,0.023897,0.279654,3.319191,1.43397,-1.074915
2021-06-16,3518.33,3488.9075,3433.86975,0.83978,2.429861,1.351977,0.288641,4.361839,2.536146,0.012222
2021-06-17,3525.6,3489.949667,3434.2423,1.016332,2.625432,1.157615,1.099841,4.64237,2.324711,-0.19401
2021-06-18,3525.1,3491.957,3434.82715,0.944648,2.59422,2.312284,0.402016,4.92642,2.339224,-0.179853
2021-06-21,3529.18,3493.386,3435.65355,1.019408,2.685838,2.163618,0.281256,5.141272,2.220913,-0.295253
2021-06-22,3557.41,3495.817667,3436.5372,1.746545,3.456842,0.44232,-0.581322,2.914053,1.409733,-1.086465
2021-06-23,3566.22,3499.137,3437.4401,1.898984,3.677917,0.69802,-0.099875,2.492362,1.159211,-1.330821
2021-06-24,3566.65,3502.521333,3438.40545,1.814369,3.661895,0.618553,0.226287,1.127457,1.147015,-1.342717
2021-06-25,3607.56,3505.675167,3439.79455,2.864851,4.76199,-2.492299,-1.597137,0.177525,-0.032986,-2.461498
2021-06-28,3606.37,3508.526333,3441.07585,2.750563,4.691756,-2.018081,-3.928516,0.611486,-0.420645,-3.85235
2021-06-29,3573.18,3510.468,3441.9227,1.770659,3.742572,-1.208443,-5.523119,1.913743,0.504313,-5.373365
2021-06-30,3591.2,3512.956167,3442.9003,2.202851,4.217218,-1.049147,-6.607233,0.607142,-0.067387,-6.393685
2021-07-01,3588.78,3514.997,3443.79115,2.077364,4.123937,-1.779004,-5.059575,-0.165932,-0.391498,-6.330564
2021-07-02,3518.76,3515.569833,3444.36095,0.090703,2.137027,0.151359,-3.511,2.344167,1.590617,-4.46663
2021-07-05,3534.32,3516.425667,3445.10765,0.507588,2.556577,0.381805,-2.001321,0.055724,1.14336,-4.88722
2021-07-06,3530.26,3517.2695,3445.9821,0.368654,2.416258,1.021881,-2.358007,1.068134,1.259681,-4.777835
2021-07-07,3553.72,3518.455667,3447.28775,0.997278,3.040718,-0.712209,-2.176182,1.076153,0.591211,-5.406447
2021-07-08,3525.5,3519.702667,3448.33315,0.164575,2.21313,1.102677,-1.686241,1.860614,1.396398,-4.64927
2021-07-09,3524.09,3521.555,3449.68045,0.071959,2.134064,0.430672,-1.886535,0.646301,1.436967,-4.611119
2021-07-12,3547.84,3524.077833,3451.24555,0.672017,2.760377,-0.246086,-1.511146,0.391584,0.757926,-5.249673
2021-07-13,3566.52,3526.5745,3452.7764,1.126333,3.241167,-0.837079,-1.031229,-0.231305,0.230196,-5.745937
2021-07-14,3528.5,3528.733,3454.02485,-0.006603,2.133268,0.963461,0.116695,1.235639,1.310188,-4.730339
2021-07-15,3564.59,3531.0325,3455.3694,0.945872,3.111967,0.284061,-1.124237,0.099541,0.284465,-5.694905
2021-07-16,3539.3,3532.061667,3456.6463,0.204723,2.363013,0.313131,-0.651967,1.510029,1.001045,-5.021049
2021-07-19,3539.12,3533.164667,3457.9897,0.168413,2.31907,-2.046154,-0.617309,1.343809,1.006182,-5.016219
2021-07-20,3536.79,3534.229,3458.9832,0.072437,2.224486,-4.499478,-2.572105,1.626326,1.072724,-4.953644
2021-07-21,3562.66,3535.854833,3460.2118,0.755237,2.917766,-5.809338,-2.19562,0.558134,0.338792,-5.643817
2021-07-22,3574.73,3537.530833,3461.71395,1.046067,3.212582,-4.667309,-3.10183,0.977934,-0.680611,-5.962408
2021-07-23,3550.4,3539.351333,3463.0674,0.31168,2.490555,-4.406161,-3.527874,1.32178,-0.500789,-5.317992
2021-07-26,3467.44,3539.765167,3464.2887,-2.064382,0.090924,-0.090886,0.279067,2.699264,1.879773,-3.052684
2021-07-27,3381.18,3538.500333,3465.0975,-4.547824,-2.451601,1.956669,3.866397,3.978726,4.47891,-0.579384
2021-07-28,3361.59,3536.611833,3465.8178,-5.075508,-3.053455,3.381905,5.181999,5.378395,5.318614,1.06408
2021-07-29,3411.72,3536.026167,3466.7546,-3.578698,-1.600232,1.59433,2.602058,3.81749,3.771118,-0.420902
2021-07-30,3397.36,3535.294167,3467.65115,-3.979785,-2.04788,1.775824,3.607578,3.137159,4.209739,0.882156
2021-08-02,3464.29,3536.051167,3468.6122,-2.050291,-0.124687,0.87198,1.826595,0.983803,2.19641,-1.066885
2021-08-03,3447.99,3536.3845,3469.0598,-2.531342,-0.609215,2.348659,2.744765,2.261934,2.782781,-0.59919
2021-08-04,3477.22,3536.974,3469.64715,-1.703844,0.218022,1.580668,2.551982,0.411837,2.584824,-1.434767
2021-08-05,3466.55,3537.037333,3470.276,-2.01296,-0.107427,1.664681,3.695142,0.92116,3.764261,-1.131384
2021-08-06,3458.23,3537.5155,3470.90625,-2.266775,-0.365883,1.66524,3.508903,1.400407,4.013903,-0.893521
2021-08-09,3494.63,3537.586333,3471.6976,-1.221716,0.658381,0.647752,3.57602,-0.062115,3.640729,-1.925812
2021-08-10,3529.93,3537.7915,3472.7839,-0.222462,1.632149,-2.377956,4.070765,0.080989,4.154757,-2.906573
2021-08-11,3532.62,3537.851667,3473.8065,-0.147986,1.678884,-1.348855,3.956503,0.183265,4.075445,-2.980507
2021-08-12,3524.74,3538.081333,3474.8051,-0.377791,1.426828,-1.693532,4.666766,0.24256,4.777374,-2.763608
2021-08-13,3516.3,3538.237333,3475.8241,-0.621937,1.15777,-2.562777,5.176371,0.156008,5.312687,-2.530216
2021-08-16,3517.34,3538.750333,3477.0208,-0.606863,1.152919,-1.149778,5.477325,0.567849,5.630107,-2.559036
2021-08-17,3446.98,3537.912,3478.0001,-2.603824,-0.895896,1.939025,6.067479,2.116419,7.786236,-0.570064
2021-08-18,3485.29,3536.311167,3479.15495,-1.453289,0.176182,1.568281,4.787857,2.131322,6.601459,-1.662989
2021-08-19,3465.55,3534.181,3480.1365,-1.961024,-0.420017,1.036579,4.003,3.307229,7.208668,-1.102855
2021-08-20,3427.33,3531.155667,3480.9095,-2.984367,-1.551208,2.729291,5.302536,4.611716,8.40421,1.453026
2021-08-23,3477.13,3529.094833,3482.1725,-1.483418,-0.144914,1.456641,4.260934,3.269677,6.851628,0.705467
2021-08-24,3514.47,3527.411333,3483.61925,-0.367554,0.881696,0.835037,3.570465,1.964099,5.716367,-0.364493
2021-08-25,3540.38,3526.005833,3484.9658,0.406833,1.577584,0.751887,2.032376,0.66747,4.94269,-1.093668
2021-08-26,3501.66,3524.4145,3486.0869,-0.647718,0.445727,2.687414,2.291585,1.728154,6.103105,0.585437
2021-08-27,3522.16,3523.380333,3487.09705,-0.034641,1.000484,1.677149,2.247588,1.177821,5.485554,0.170066
2021-08-30,3528.15,3522.318833,3488.177,0.165412,1.13944,2.621405,0.23045,1.372005,5.306464,0.230716
2021-08-31,3543.94,3521.392167,3489.02805,0.638269,1.56159,3.674659,0.681376,0.840155,4.837272,-0.215861
2021-09-01,3567.1,3521.175333,3490.0628,1.295811,2.183321,2.985189,0.700354,1.124267,4.156598,-0.863727
2021-09-02,3597.04,3521.269333,3491.337,2.128975,2.982653,2.636305,-0.148287,-0.21513,3.289649,-1.688889
2021-09-03,3581.73,3520.783833,3492.55225,1.716228,2.521315,3.332708,-0.976066,0.37231,3.731158,-1.268661
2021-09-06,3621.86,3521.319,3494.11105,2.815207,3.590871,2.549056,-1.67329,0.432817,2.581823,-2.362598
2021-09-07,3676.59,3523.3195,3495.75915,4.258211,5.043513,-0.381241,-3.270841,-0.096604,1.054782,-3.816036
2021-09-08,3675.19,3525.933833,3497.4356,4.145951,4.957482,-0.517501,-2.837559,-0.240822,1.093277,-3.779396
2021-09-09,3693.13,3528.726,3499.16475,4.553744,5.395004,-2.357298,-3.442989,-0.326815,0.602199,-4.246804
2021-09-10,3703.11,3531.692833,3500.86485,4.739569,5.616297,-2.436612,-3.014375,-1.129191,0.331073,-4.504862
2021-09-13,3715.37,3534.796,3502.55305,4.982268,5.898612,-2.366169,-3.516207,-1.840063,-1.420316,-4.819978
2021-09-14,3662.6,3536.549167,3503.7936,3.502184,4.432701,-0.557989,-1.869048,0.33853,-0.174193,-3.448643
2021-09-15,3656.22,3538.049167,3505.0606,3.285433,4.222202,-1.1872,-2.034103,-0.654725,-0.382909,-3.280164
2021-09-16,3607.09,3538.723167,3506.2844,1.913538,2.834445,-0.674836,0.076764,-0.374687,0.973915,-1.962801
2021-09-17,3613.97,3538.83,3507.5056,2.101073,2.990176,-0.325657,-0.452882,0.308326,0.781689,-2.149437
2021-09-22,3628.49,3539.198667,3508.6065,2.491625,3.359763,-2.573843,-1.840737,-0.161906,0.378394,-2.541002
2021-09-23,3642.22,3540.349333,3509.8588,2.836798,3.701758,-2.054053,-3.458136,0.030746,-0.800336,-3.399026
2021-09-24,3613.07,3540.713833,3510.66445,2.022947,2.87525,-0.580135,-1.83598,0.137738,-0.088844,-2.619656
2021-09-27,3582.83,3540.614667,3511.3317,1.185264,2.015762,0.247542,-1.076153,0.920716,0.754432,-1.797741
2021-09-28,3602.22,3542.005667,3512.1321,1.685718,2.532703,-1.546506,-2.718007,0.771263,0.212091,-2.681402
2021-09-29,3536.29,3542.0385,3512.59065,-0.162425,0.672431,0.717665,-1.073242,1.702201,2.080429,-1.067503
2021-09-30,3568.17,3542.670333,3513.3485,0.717209,1.548329,-0.277558,-1.164207,1.419738,1.168386,-1.95142
2021-10-08,3592.17,3543.311167,3514.25845,1.369483,2.192794,-0.552724,-2.840498,1.316676,0.49246,-2.800536
2021-10-11,3591.71,3544.414667,3515.3572,1.325538,2.148727,-0.658396,-2.625695,1.12459,0.50533,-2.788087
2021-10-12,3546.94,3544.7955,3516.2255,0.060479,0.869715,1.2944,-1.132429,1.35088,1.773923,-1.561064
2021-10-13,3561.76,3545.0275,3517.29835,0.470889,1.256162,0.706139,-1.964845,0.680488,1.350456,-1.970655
2021-10-14,3558.28,3544.890167,3518.24415,0.377011,1.131524,1.020551,-0.718936,0.595702,1.449577,-1.874782
2021-10-15,3572.37,3545.621333,3519.26985,0.751583,1.49757,0.285955,-0.935678,0.590298,1.049443,-2.261804
2021-10-18,3568.14,3545.6805,3520.27565,0.631435,1.350516,1.162454,-0.981217,-0.01962,1.169237,-2.145936
2021-10-19,3593.15,3546.578,3521.21705,1.304606,2.022257,0.124882,-2.005987,0.119045,0.465052,-2.827046
2021-10-20,3587,3547.376,3522.17755,1.110802,1.823678,-0.690699,-1.393269,-0.8888,0.637301,-2.66044
2021-10-21,3594.78,3548.3425,3523.0486,1.30022,2.01561,-2.147077,-2.082012,-2.066391,0.419497,-2.871108
2021-10-22,3582.6,3548.674833,3524.1777,0.951455,1.644166,-0.989077,-0.622432,-1.149043,0.7609,-2.540892
2021-10-25,3609.86,3549.260333,3525.3154,1.692977,2.369908,-1.827753,-0.772535,-1.112861,-0.338517,-3.276858
2021-10-26,3597.64,3550.047667,3526.48805,1.331704,1.997559,-2.590783,-0.237939,-1.10289,-0.237656,-2.948322
2021-10-27,3562.31,3551.628833,3527.3168,0.300289,0.987174,-1.806347,0.84948,-0.203727,0.853098,-1.98579
2021-10-28,3518.42,3553.916167,3527.92245,-1.003812,-0.269713,0.239877,1.851769,0.117881,2.111175,-0.763127
2021-10-29,3547.34,3557.012,3528.76395,-0.272284,0.525037,-1.584654,0.471073,-0.65701,1.278705,-1.572164
2021-11-01,3544.48,3559.224667,3529.4141,-0.415127,0.425958,-1.302,0.512722,-3.193947,1.360425,-1.492744
2021-11-02,3505.63,3561.029167,3529.5769,-1.567935,-0.680776,0.039072,1.64824,-1.435389,2.483719,-0.401069
2021-11-03,3498.54,3561.6,3529.5548,-1.786414,-0.882601,-0.173938,2.214797,-3.026292,2.691408,-0.199226
2021-11-04,3526.87,3562.914667,3529.54575,-1.016814,-0.075839,0.167713,1.322986,-4.804134,1.866528,-1.000887
2021-11-05,3491.57,3563.153833,3529.2492,-2.029457,-1.073367,1.352097,3.264412,-1.791369,3.318278,0.02549
2021-11-08,3498.63,3563.6885,3528.86135,-1.842464,-0.860379,0.986082,2.558852,-1.32352,3.109789,-0.176355
2021-11-09,3507,3564.501333,3528.5458,-1.626319,-0.612486,0.420841,2.480805,-0.774305,2.863701,-0.414599
2021-11-10,3492.46,3564.465167,3528.3506,-2.040766,-1.022415,1.277715,4.070952,-0.187723,4.154951,0.808885
2021-11-11,3532.79,3564.512833,3527.97285,-0.893946,0.136448,-0.342525,3.893173,-1.99671,3.96995,-0.341939
2021-11-12,3539.1,3564.620833,3527.6751,-0.718523,0.323342,0.599201,3.532416,-3.163878,3.784578,-0.519624
2021-11-15,3533.3,3564.7635,3527.5121,-0.886543,0.163944,1.371136,4.097391,-2.499202,4.182492,-0.356324
2021-11-16,3521.79,3564.855,3527.28915,-1.2154,-0.156025,1.892931,3.891171,-1.601724,4.522984,-0.030666
2021-11-17,3537.37,3565.188833,3526.9949,-0.783351,0.293731,1.55205,3.069413,-1.979392,4.062623,-0.470971
2021-11-18,3520.71,3566.417667,3526.76655,-1.289896,-0.171879,1.786704,4.28959,-0.85432,4.555047,1.126477
2021-11-19,3560.37,3567.669,3526.65295,-0.204797,0.951522,0.104429,2.00181,-1.978797,3.390378,0.065443
2021-11-22,3582.08,3569.611167,3526.45705,0.348696,1.564994,-0.542495,0.321085,-3.549909,2.763757,-0.541026
2021-11-23,3589.09,3572.307167,3526.36875,0.468704,1.763003,-0.704604,0.999146,-2.824053,2.563045,-0.735284
2021-11-24,3592.7,3574.233333,3526.21105,0.515331,1.868007,-0.44103,0.829351,-4.635541,2.459988,-0.835027
2021-11-25,3584.18,3575.395167,3526.2848,0.245401,1.628486,-0.288907,1.637113,-3.774687,2.703547,-0.5993
2021-11-26,3564.09,3575.790333,3526.23855,-0.327746,1.067703,1.208685,1.502644,-2.897277,3.282465,-0.039
2021-11-29,3562.7,3576.807667,3526.52615,-0.395201,1.020539,0.74413,1.484146,-2.095225,3.322761,0.033402
2021-11-30,3563.89,3577.503167,3526.93025,-0.381247,1.042477,0.871638,1.841031,-2.261705,3.288261,0.279189
2021-12-01,3576.89,3578.3155,3527.2883,-0.039845,1.396432,1.682217,0.560646,-2.71425,2.912866,-0.08527
2021-12-02,3573.84,3578.813833,3527.4891,-0.139077,1.305433,2.737901,1.26096,-3.594781,3.000694,0.432868
2021-12-03,3607.43,3579.486,3527.9397,0.777639,2.228156,1.620101,0.892763,-6.723456,2.04162,-0.502297
2021-12-06,3589.31,3579.357167,3528.37695,0.277676,1.712201,2.52462,1.191433,-8.600005,2.556759,0.119522
2021-12-07,3595.09,3579.579833,3528.87075,0.43236,1.859111,1.831207,0.002503,-9.894981,2.391873,-0.041445
2021-12-08,3637.57,3579.841667,3529.39635,1.59973,3.018903,0.276177,-1.425619,-9.857896,1.196128,-1.415505
2021-12-09,3673.04,3579.7825,3529.7441,2.571761,3.979428,0.053892,-2.578536,-10.4147,0.218892,-2.545575
2021-12-10,3666.35,3579.635167,3529.8004,2.393573,3.795529,-0.931404,-2.006439,-12.871958,0.401762,-2.36775
2021-12-13,3681.08,3579.434333,3529.829,2.800141,4.195676,-2.40517,-3.135794,-18.349473,-0.164626,-3.087137
2021-12-14,3661.53,3578.741333,3529.6558,2.286994,3.668073,-0.999094,-1.766139,-14.392556,0.368425,-2.569691
2021-12-15,3647.63,3577.612333,3529.68175,1.938201,3.286993,-0.688012,-2.564944,-12.623784,0.750899,-2.532329
2021-12-16,3675.02,3577.819333,3529.87505,2.680508,4.02961,-0.865773,-4.273969,-12.25744,-0.862036,-4.183923
2021-12-17,3632.36,3577.421667,3530.21645,1.524024,2.852339,-0.394737,-2.528421,-11.009284,0.302283,-3.058618
2021-12-20,3593.6,3577.196833,3530.2592,0.4575,1.778319,0.620566,-0.66141,-9.747024,1.384127,-2.013023
2021-12-21,3625.13,3577.382833,3530.83945,1.325867,2.63545,0.13728,-1.864097,-10.278523,0.502327,-2.865277
2021-12-22,3622.62,3577.285,3531.19555,1.259339,2.556102,-0.709736,-1.882558,-10.846253,0.571962,-2.797975
2021-12-23,3643.34,3577.303667,3531.8693,1.829149,3.107357,-0.66506,-3.371001,-12.593233,-0.097713,-3.350772
2021-12-24,3618.05,3577.386667,3532.07505,1.130265,2.404968,0.598803,-2.630728,-11.826338,0.6006,-2.675198
2021-12-27,3615.97,3577.939,3532.63745,1.057321,2.33154,0.451417,-5.190815,-12.097884,0.658468,-5.058394
2021-12-28,3630.11,3578.403833,3533.27805,1.434611,2.703688,-0.966889,-4.924659,-10.551326,0.266383,-5.42821
2021-12-29,3597,3579.415667,3534.156,0.49006,1.762565,-0.304048,-5.801734,-10.076847,1.189324,-5.636642
2021-12-30,3619.19,3580.266,3535.4555,1.081314,2.34081,-1.101594,-7.388079,-9.75779,0.568912,-7.121759
2021-12-31,3639.78,3581.0595,3536.8657,1.626453,2.86823,-1.279102,-5.948544,-10.303463,-0.204683,-7.647165
2022-01-04,3632.33,3581.7365,3537.8432,1.402658,2.635704,-1.802606,-5.073806,-11.532002,-0.960816,-7.457748
2022-01-05,3595.18,3582.5405,3538.5537,0.352187,1.587598,0.062564,-3.257613,-10.036999,0.062584,-6.501483
2022-01-06,3586.08,3582.945833,3539.38435,0.087436,1.310688,-0.863149,-2.833055,-12.423387,0.316502,-6.264222
2022-01-07,3579.54,3583.300167,3540.0484,-0.104991,1.10939,-1.641542,-3.311347,-10.792652,0.499785,-6.092962
2022-01-10,3593.52,3583.652667,3540.78825,0.274965,1.478285,-1.453386,-4.689855,-12.010867,0.108807,-6.458292
2022-01-11,3567.44,3583.641,3541.3101,-0.453107,0.735151,0.069213,-3.4608,-10.071687,0.840659,-5.774449
2022-01-12,3597.43,3583.712333,3542.27395,0.382047,1.545082,-1.097052,-3.726756,-11.356255,-0.764991,-6.559961
2022-01-13,3555.26,3583.183333,3542.83305,-0.782341,0.350149,-0.005626,-2.48386,-10.667837,0.412066,-5.451641
2022-01-14,3521.26,3581.958,3543.3818,-1.70907,-0.62627,0.037196,-0.86994,-9.753544,1.381608,-4.538716
2022-01-17,3541.67,3581.275833,3544.25485,-1.112075,-0.072957,-0.497045,-1.452186,-11.686264,0.797364,-5.088842
2022-01-18,3569.91,3580.61,3545.28645,-0.299279,0.692142,-3.908839,-3.209584,-14.767248,-0.32858,-5.839643
2022-01-19,3558.18,3579.952333,3545.9857,-0.610031,0.3433,-2.923282,-1.959102,-14.207535,-0.087685,-5.529231
2022-01-20,3555.06,3579.8315,3546.5845,-0.694379,0.238691,-4.628912,-3.582334,-19.387818,-0.87059,-5.446322
2022-01-21,3522.57,3579.900667,3546.91395,-1.614422,-0.688708,-4.682138,-2.040799,-19.917039,0.043718,-4.574217
2022-01-24,3524.11,3579.5135,3547.32495,-1.559898,-0.656586,-2.719012,-1.769193,-17.50199,-0.946338,-4.615917
2022-01-25,3433.06,3577.6565,3547.1586,-4.125599,-3.26949,0.568427,1.611444,-14.304662,1.680716,-2.086186
2022-01-26,3455.67,3576.823833,3547.015,-3.445885,-2.609004,0.700157,0.821923,-12.583917,1.015433,-2.726823
2022-01-27,3394.25,3575.085667,3546.5714,-5.190632,-4.389851,2.664631,2.526838,-10.113517,2.843338,-0.966635
2022-01-28,3361.44,3572.3285,3545.98045,-6.084817,-5.344524,2.975137,2.532339,-11.32373,3.847161,2.006283
2022-02-07,3429.58,3571.295333,3545.7156,-4.049056,-3.33022,-0.020413,-1.667676,-13.244647,1.783892,-1.653847
2022-02-08,3452.63,3570.528667,3545.72535,-3.357741,-2.660649,-0.1896,-4.717632,-12.86481,1.104376,-4.608081
2022-02-09,3479.95,3570.077833,3546.06035,-2.556947,-1.88193,-0.406578,-6.639871,-12.902794,0.310637,-6.42423
2022-02-10,3485.91,3569.968667,3546.50755,-2.382769,-1.72342,-0.513954,-5.599221,-13.195281,0.139132,-6.58422
2022-02-11,3462.95,3568.804667,3546.7387,-3.010989,-2.390768,0.799865,-4.524817,-11.580258,0.803073,-5.964857
2022-02-14,3428.88,3566.967667,3546.88815,-3.948216,-3.383696,1.784283,-6.175664,-10.933536,1.804671,-5.988836
2022-02-15,3446.09,3565.514167,3546.9855,-3.406801,-2.885783,0.32043,-11.752879,-10.787247,1.296252,-11.088509
2022-02-16,3465.83,3564.5815,3546.9269,-2.809451,-2.312942,0.670601,-8.89966,-11.608287,0.719308,-11.594914
2022-02-17,3468.04,3563.426,3546.9024,-2.713285,-2.248507,-1.104099,-7.574979,-11.316861,0.655125,-11.65125
2022-02-18,3490.76,3562.926833,3546.99155,-2.046287,-1.598032,-1.133663,-7.11353,-10.380651,-0.004297,-12.226277
2022-02-21,3490.61,3561.764167,3547.11905,-2.017947,-1.605923,-0.814051,-7.028677,-10.367138,-0.041827,-12.222506
2022-02-22,3457.15,3559.682,3547.03395,-2.922666,-2.56672,0.912189,-5.87603,-11.84641,0.925618,-11.372952
2022-02-23,3489.15,3558.016333,3547.27385,-1.954503,-1.652123,-0.142256,-6.455323,-11.585248,-0.009171,-12.185776
2022-02-24,3429.96,3555.304,3547.2106,-3.589197,-3.361295,1.480261,-5.381361,-9.37193,1.716347,-10.670387
2022-02-25,3451.41,3553.091167,3547.1823,-2.903513,-2.737073,-0.109,-7.181433,-9.767316,1.084195,-11.225557
2022-02-28,3462.31,3551.394833,3547.11935,-2.540444,-2.419983,-2.617495,-7.426417,-9.4832,0.765963,-11.505036
2022-03-01,3488.83,3550.163667,3547.3292,-1.742727,-1.662855,-5.76065,-8.518513,-9.066527,-0.132996,-12.177721
2022-03-02,3484.19,3548.835333,3547.54375,-1.838388,-1.801987,-6.761637,-6.44859,-9.067538,-0.088399,-12.060766
2022-03-03,3481.11,3547.239,3547.85495,-1.881835,-1.899197,-5.461429,-6.801952,-8.562016,-0.961188,-11.982959
2022-03-04,3447.65,3545.135833,3547.95325,-2.788364,-2.867805,-4.082018,-4.902049,-6.324051,-2.169304,-11.12874
2022-03-07,3372.86,3541.226333,3547.6083,-4.871204,-5.051261,-4.528402,-2.687244,-3.964466,-1.871112,-9.158103
2022-03-08,3293.53,3536.296667,3546.7622,-7.11201,-7.407519,-7.224848,-1.740565,-0.907084,0.492481,-6.970029
2022-03-09,3256.39,3530.651667,3545.89645,-8.086324,-8.517179,-2.666368,-0.139515,-0.537002,1.638624,-5.908997
2022-03-10,3296.09,3524.960333,3544.925,-6.713227,-7.278009,-2.489712,-3.99111,-0.342202,0.41443,-7.042283
2022-03-11,3309.75,3518.9055,3543.88565,-6.127735,-6.835111,-1.788848,-2.956488,-1.651143,-0.795226,-7.425939
2022-03-14,3223.53,3511.525167,3542.35825,-8.557343,-9.431565,0.93127,-1.145348,2.007917,1.858211,-4.949853
2022-03-15,3063.97,3501.24,3540.1233,-13.340573,-14.44501,6.197279,5.141992,7.584906,7.162603,3.366874
2022-03-16,3170.71,3493.059667,3538.44215,-9.682251,-10.973102,3.114938,1.270162,3.552678,3.55504,-0.112908
2022-03-17,3215.04,3485.849833,3537.08455,-8.087207,-9.546302,1.089519,-0.608997,3.115765,2.12719,-1.490184
2022-03-18,3251.07,3478.784,3535.8535,-6.769863,-8.397054,-1.201566,-1.770073,1.960316,0.995365,-2.581919
2022-03-21,3253.69,3472.472833,3534.21525,-6.507724,-8.270154,-1.211791,-3.205401,1.616702,0.914039,-3.154572
2022-03-22,3259.86,3466.9105,3532.54775,-6.15796,-8.03351,-1.730295,-5.681634,0.22491,0.723037,-5.523243
2022-03-23,3271.03,3461.008833,3530.85865,-5.64552,-7.643616,-0.135523,-5.793109,1.490504,0.379085,-5.845865
2022-03-24,3250.26,3454.802833,3529.10605,-6.10304,-8.23096,0.05967,-10.424123,3.015072,1.020534,-9.899208
2022-03-25,3212.24,3447.617833,3527.08985,-7.0715,-9.350461,2.170383,-10.694807,5.066752,2.21621,-10.142766
2022-03-28,3214.5,3440.892,3525.0388,-6.805892,-9.221962,2.121678,-8.306381,5.880877,2.144346,-10.205942
2022-03-29,3203.94,3434.024833,3523.0728,-6.935169,-9.495226,1.017299,-7.397593,4.801195,2.481008,-9.909986
2022-03-30,3266.6,3427.966333,3521.48475,-4.821749,-7.513302,-0.452562,-6.95725,3.961978,0.515215,-11.638095
2022-03-31,3252.2,3422.219667,3519.78655,-5.095768,-7.906866,-2.650588,-5.838404,4.080182,0.960273,-11.246848
2022-04-01,3282.72,3416.611833,3518.20245,-3.997702,-6.927784,-2.136456,-8.954019,3.669887,0.021628,-12.072001
2022-04-06,3283.43,3410.672667,3516.71905,-3.802093,-6.863986,-2.986505,-8.889727,3.607142,-0.961799,-12.091015
2022-04-07,3236.7,3404.078833,3514.94555,-5.042008,-8.246974,-0.342291,-6.406614,3.600179,0.468069,-10.821825
2022-04-08,3251.85,3398.356667,3513.1505,-4.406792,-7.728915,-1.256691,-6.123408,3.402558,-0.806003,-11.237296
2022-04-11,3167.13,3391.374167,3511.0374,-6.840938,-10.308573,0.892401,-3.60495,5.794781,1.847414,-8.862914
2022-04-12,3213.33,3385.270667,3509.32125,-5.212608,-8.811486,-0.602434,-4.098954,3.072139,0.383092,-10.173247
2022-04-13,3186.82,3378.492333,3507.6637,-5.8406,-9.592665,-1.128782,-3.612524,2.926794,1.218142,-9.426011
2022-04-14,3225.64,3372.795667,3506.1639,-4.461059,-8.339115,-4.626347,-4.176359,1.801911,-0.446423,-10.516053
2022-04-15,3211.24,3366.359167,3504.5946,-4.717464,-8.74177,-3.948333,-3.978788,2.171661,-0.489531,-10.114784
2022-04-18,3195.52,3360.3635,3502.9263,-5.029932,-9.184888,-8.725607,-3.132884,1.013151,-0.046628,-9.672604
2022-04-19,3194.03,3354.909667,3501.1094,-4.91414,-9.179645,-10.1263,-1.497047,2.598054,-1.345635,-9.630467
2022-04-20,3151.05,3348.399333,3499.03355,-6.074669,-10.475107,-6.312771,-0.13306,3.99339,-0.132972,-8.397836
2022-04-21,3079.81,3340.231,3496.59935,-8.117206,-12.692298,-3.446254,-0.288746,7.048384,2.177082,-6.278959
2022-04-22,3086.92,3332.376667,3493.99615,-7.651193,-12.387228,-1.299664,0.663184,5.822759,1.941741,-6.494823
2022-04-25,2928.51,3321.934167,3490.60685,-12.605343,-17.558184,4.645389,6.433554,11.028705,7.45601,-1.436908
2022-04-26,2886.43,3311.331833,3487.1731,-13.733003,-18.907096,3.911171,8.108923,11.875454,9.022564,2.489234
2022-04-27,2958.28,3301.901333,3484.0085,-10.989045,-16.357548,1.538332,6.249598,10.245461,6.449018,0.581419
2022-04-28,2975.48,3294.275,3480.942,-10.178074,-15.689758,2.008279,6.84958,9.614453,7.089612,0.876497
2022-04-29,3047.06,3287.464833,3478.5835,-7.593951,-13.244798,0.38128,4.338302,7.445251,4.573917,-1.493243
2022-05-05,3067.76,3282.023333,3476.2507,-6.751245,-12.500667,-0.417133,4.07834,5.870377,4.162646,-2.157926
2022-05-06,3001.56,3276.025333,3473.6072,-8.749875,-14.606144,2.718609,7.532018,8.258277,7.822932,0.085955
2022-05-09,3004.14,3268.934667,3470.8593,-8.44728,-14.441086,2.290698,7.612505,5.885962,7.909751,1.05521
2022-05-10,3035.84,3261.988167,3468.411,-7.184872,-13.320841,1.887963,7.240094,4.124459,7.50863,0.630797
2022-05-11,3058.7,3254.967333,3466.08405,-6.219225,-12.503545,0.887928,5.725921,4.172994,6.705136,-0.121293
2022-05-12,3054.99,3247.785333,3463.6198,-6.119701,-12.553791,1.364467,7.253858,5.478589,7.523429,0.521769
2022-05-13,3084.28,3241.474167,3461.2086,-4.970997,-11.529959,1.999473,5.404299,4.830711,6.502328,-0.43284
2022-05-16,3073.75,3235.555333,3458.93485,-5.130226,-11.806238,2.350682,6.765789,5.49656,6.999919,-0.091745
2022-05-17,3093.7,3229.682167,3456.5804,-4.301595,-11.091199,-0.738734,6.619273,4.312054,6.843262,-0.736012
2022-05-18,3085.98,3223.351333,3454.3138,-4.355233,-11.275455,0.69364,6.261305,6.148317,7.110545,-0.487689
2022-05-19,3096.96,3217.166667,3452.103,-3.808007,-10.856263,0.840832,6.857646,5.647382,7.098251,-0.840502
2022-05-20,3146.57,3211.430167,3450.1519,-2.04034,-9.210529,-0.520329,5.227436,4.033767,5.4097,-2.403887
2022-05-23,3146.86,3205.701,3448.0729,-1.852566,-9.141036,0.069887,4.955163,4.079174,5.399986,-2.412881
2022-05-24,3070.93,3199.264,3445.5539,-4.094034,-11.510423,3.692072,6.19529,6.967582,8.006044,1.189542
2022-05-25,3107.46,3192.9025,3443.3392,-2.712471,-10.263603,2.375454,6.620429,5.328747,6.844497,0.503627
2022-05-26,3123.11,3187.788333,3441.61755,-2.049806,-9.711228,2.290175,7.005642,4.230876,7.256869,0.228298
2022-05-27,3130.24,3182.4355,3440.36285,-1.653711,-9.446727,3.334265,7.652636,4.605974,7.953064,0.601232
2022-05-30,3149.06,3177.214667,3439.3002,-0.890093,-8.816402,2.90124,7.93766,3.958632,8.261195,1.051107
2022-05-31,3186.43,3172.174667,3438.17375,0.44838,-7.603928,2.398793,5.349208,0.89884,6.991523,-0.134006
2022-06-01,3182.16,3167.140833,3437.09775,0.473098,-7.706723,1.768899,6.580926,1.994027,7.135091,0.417955
2022-06-02,3195.46,3162.38,3435.7536,1.040614,-7.250524,2.758385,5.840246,1.267493,6.689178,1.280254
2022-06-06,3236.37,3158.858667,3434.6955,2.424155,-5.947594,0.59089,5.091889,0.134628,5.340551,0.079719
2022-06-07,3241.76,3156.673667,3433.5182,2.659756,-5.746906,1.443981,4.884363,-0.449531,5.165404,-0.086681
2022-06-08,3263.79,3156.178,3432.5044,3.352729,-5.040104,1.267142,2.766699,-1.906976,4.455556,-0.761078
2022-06-09,3238.95,3155.887333,3431.408,2.59795,-5.772147,1.423312,3.800044,-1.680319,5.256642,0.512512
2022-06-10,3284.83,3155.699667,3430.359,4.010466,-4.335002,0.968255,2.145873,-3.039804,3.786497,-0.89137
2022-06-13,3255.55,3154.796333,3428.9871,3.143729,-5.190368,1.82261,1.766794,-1.723855,4.71994,0.35785
2022-06-14,3288.91,3155.886,3427.76855,4.128692,-4.135328,0.540056,-0.226471,-1.391862,3.657747,-0.660097
2022-06-15,3305.41,3159.91,3426.6719,4.501697,-3.602898,-1.162717,-0.641003,-1.804771,3.140306,-1.155984
2022-06-16,3285.38,3161.821167,3425.5173,3.833414,-4.177017,1.052764,-0.110855,-1.527103,3.769123,-0.553361
2022-06-17,3316.79,3163.517,3424.51455,4.731306,-3.196228,0.988827,-2.711611,-1.664162,2.786429,-2.675177
2022-06-20,3315.43,3164.589667,3423.8568,4.656393,-3.218031,1.904871,-1.132334,-1.569517,2.828592,-2.635254
2022-06-21,3306.72,3165.4735,3422.96395,4.365411,-3.455007,3.052383,-0.828713,-2.114298,3.099446,-2.378792
2022-06-22,3267.2,3165.595833,3421.9722,3.159205,-4.62837,2.84599,1.14184,-2.080754,4.346535,-1.197968
2022-06-23,3320.15,3166.4145,3421.4363,4.741009,-3.005047,2.33595,-1.460854,-6.012778,2.682409,-2.77367
2022-06-24,3349.75,3168.072667,3420.7994,5.57623,-2.098855,1.12478,-2.410491,-7.246397,1.775058,-3.632808
2022-06-27,3379.19,3170.855167,3420.123,6.363472,-1.204048,0.773518,-3.886105,-7.90309,0.888379,-4.472374
2022-06-28,3409.21,3174.100333,3419.46715,7.145636,-0.300414,-0.152057,-3.941796,-8.955185,-0.110876,-5.313548
2022-06-29,3361.52,3176.726667,3418.76645,5.654194,-1.688655,-0.183717,-2.584335,-7.812107,1.306254,-3.970228
2022-06-30,3398.62,3178.927,3418.14875,6.682575,-0.572964,-1.011983,-3.473977,-9.572602,0.200375,-5.018508
2022-07-01,3387.64,3181.184333,3417.4462,6.287995,-0.876003,-0.935989,-4.048209,-10.458873,0.525144,-4.710654
2022-07-04,3405.43,3183.2295,3416.75365,6.747497,-0.331966,-2.734204,-4.365629,-9.595171,-0.041111,-5.208447
2022-07-05,3404.03,3185.2395,3415.9383,6.643254,-0.349219,-3.666853,-6.610907,-11.143613,-1.164208,-6.397123
2022-07-06,3355.35,3187.217,3414.72985,5.140796,-1.75423,-2.140559,-5.882334,-9.830391,0.269719,-5.712668
2022-07-07,3364.4,3189.092833,3413.6432,5.351314,-1.453047,-2.487587,-5.352971,-10.654022,-0.247295,-5.966294
2022-07-08,3356.08,3192.242,3412.3143,5.005013,-1.661712,-3.889229,-3.921142,-12.081534,-1.266358,-5.733177
2022-07-11,3313.58,3193.912833,3410.49925,3.678242,-2.882951,-1.076519,-2.340383,-10.617635,-0.267385,-4.52411
2022-07-12,3281.47,3195.490333,3408.53065,2.655095,-3.798981,-0.062187,-1.042758,-8.121182,0.708524,-3.589855
2022-07-13,3284.29,3196.467833,3406.48645,2.71041,-3.65309,0.620125,-1.666217,-8.509969,0.622052,-3.672635
2022-07-14,3281.74,3197.642833,3404.3796,2.595985,-3.668895,-0.297235,-0.002133,-6.604821,0.700238,-3.597787
2022-07-15,3228.06,3198.185167,3401.94305,0.929782,-5.246542,1.289947,1.501346,-4.534913,2.374801,-1.994697
2022-07-18,3278.1,3199.586333,3400.02055,2.424246,-3.651749,-0.8489,-0.061335,-6.202275,0.812056,-3.490742
2022-07-19,3279.43,3201.726,3398.1366,2.397959,-3.55576,-0.0607,-0.047275,-7.437236,0.771171,-3.529882
2022-07-20,3304.72,3205.4745,3396.62475,3.049162,-2.743047,-0.880185,-0.369548,-8.512385,-0.368866,-4.268138
2022-07-21,3272,3208.559167,3394.9149,1.957944,-3.687728,0.322828,0.169172,-7.389594,0.627445,-3.310819
2022-07-22,3269.97,3214.250167,3393.1223,1.718671,-3.696972,-0.512939,-0.364275,-9.367664,0.689915,-3.250794
2022-07-25,3250.39,3220.316167,3391.16315,0.929545,-4.239799,0.293994,0.839443,-8.810079,1.29646,-2.667988
2022-07-26,3277.44,3225.6355,3389.485,1.593264,-3.361536,-2.821168,-0.037231,-8.861702,0.46042,-3.471307
2022-07-27,3275.76,3230.640167,3387.94965,1.386959,-3.367501,-3.481716,-1.866034,-9.365392,0.511942,-3.421801
2022-07-28,3282.58,3234.5655,3386.35145,1.473509,-3.112337,-2.890977,-1.112921,-11.844089,0.303115,-3.622456
2022-07-29,3253.24,3237.656833,3384.9362,0.480155,-3.968364,-0.808921,-0.524544,-11.719149,1.207719,-2.753255
2022-08-01,3259.96,3241.9635,3383.39515,0.553576,-3.716476,-0.708958,-0.591631,-9.342237,0.999092,-2.953717
2022-08-02,3186.27,3244.999,3381.36565,-1.826409,-5.942871,1.901296,1.277013,-5.911596,3.334934,-0.709293
2022-08-03,3163.67,3247.1295,3379.22545,-2.603863,-6.591378,2.075558,1.208659,-5.385072,4.073118,0.801917
2022-08-04,3189.04,3249.301833,3377.43595,-1.872022,-5.73969,2.863251,-0.127392,-3.778182,3.245177,-0.127311
2022-08-05,3227.03,3252.169167,3375.7623,-0.776,-4.505896,1.533259,-1.264535,-4.734066,2.02973,-1.303056
2022-08-08,3236.93,3254.713333,3374.15555,-0.547885,-4.151974,1.202529,-1.150267,-5.474419,1.717677,-1.604916
2022-08-09,3247.43,3257.608,3372.53085,-0.312927,-3.779954,0.933296,-0.122634,-6.33225,1.388791,-1.923059
2022-08-10,3230.02,3259.88,3370.84025,-0.920206,-4.267372,1.916794,0.502448,-6.190465,1.935282,-1.394419
2022-08-11,3281.67,3263.1415,3369.28285,0.566206,-2.634748,-0.12593,-1.414115,-6.105876,0.330929,-2.946366
2022-08-12,3276.89,3266.140333,3367.7323,0.328584,-2.734481,-0.575674,-0.453897,-6.086192,0.477282,-2.804794
2022-08-15,3276.09,3268.299,3366.13885,0.238097,-2.711571,0.051878,-0.375848,-4.431497,0.501818,-2.781059
2022-08-16,3277.88,3270.482667,3364.61525,0.225929,-2.611675,-0.050655,-1.238309,-4.937028,0.446935,-2.834149
2022-08-17,3292.53,3274.176,3363.0286,0.559003,-2.118567,-2.37667,-2.853046,-5.528908,-0.44768,-3.266485
2022-08-18,3277.54,3277.010667,3361.4281,0.016152,-2.527277,-0.959266,-4.721096,-5.658175,0.007628,-4.611385
2022-08-19,3258.08,3279.260167,3359.90695,-0.647977,-3.077522,-0.673208,-4.471631,-5.457344,0.604958,-4.373128
2022-08-22,3277.79,3281.719333,3358.7038,-0.119806,-2.438571,-1.13708,-4.856428,-5.934142,-0.047898,-4.948151
2022-08-23,3276.22,3283.838667,3357.3482,-0.232274,-2.446112,-1.506923,-4.976157,-5.628548,-0.379095,-4.902601
2022-08-24,3215.2,3284.318167,3355.7018,-2.126951,-4.277136,-0.407023,-3.361738,-3.99418,1.51157,-3.30586
2022-08-25,3246.25,3285.386333,3354.4049,-1.198377,-3.277389,-1.905447,-4.985704,-4.555336,0.540624,-4.863458
2022-08-26,3236.22,3286.065667,3353.0933,-1.528502,-3.547731,-1.548912,-5.886119,-4.994728,0.852229,-5.716237
2022-08-29,3240.73,3286.138333,3351.6626,-1.39145,-3.365791,-1.267593,-4.637911,-2.847553,0.711877,-5.847448
2022-08-30,3227.22,3285.896,3350.34085,-1.801828,-3.7441,0.501649,-5.80972,-2.379333,1.133483,-5.644177
2022-08-31,3202.14,3284.8685,3348.8584,-2.550728,-4.480018,1.369347,-5.156716,-1.151779,1.925587,-5.026014
2022-09-01,3184.98,3283.969,3347.2483,-3.060674,-4.96926,1.576528,-5.173659,-0.909625,2.474741,-5.042104
2022-09-02,3186.48,3282.329833,3345.7184,-2.963663,-4.876458,2.343897,-6.895858,0.791778,2.426502,-6.663466
2022-09-05,3199.91,3281.4025,3344.054,-2.514824,-4.406116,1.976948,-7.126986,0.39361,1.996619,-7.055198
2022-09-06,3243.45,3280.644833,3342.57575,-1.140242,-3.010411,-0.18238,-6.955791,-1.360553,0.627418,-8.302887
2022-09-07,3246.29,3279.6595,3341.1407,-1.02268,-2.879947,-1.4387,-7.3462,-1.519046,0.539385,-8.383108
2022-09-08,3235.59,3278.829667,3339.7097,-1.327526,-3.16726,-3.432911,-5.188573,-0.889096,0.871866,-8.080134
2022-09-09,3262.05,3277.917333,3338.3331,-0.485243,-2.311578,-4.593408,-5.582362,-2.577657,0.053647,-8.825738
2022-09-13,3263.8,3277.056833,3337.04855,-0.405355,-2.219459,-4.428702,-5.765092,-2.716572,-0.804584,-8.874625
2022-09-14,3237.54,3275.903833,3335.4344,-1.178003,-2.978914,-3.788504,-6.151651,-1.902438,-1.161993,-8.135498
2022-09-15,3199.92,3274.7825,3333.5236,-2.312565,-4.090407,-2.885363,-5.289791,-0.982018,-2.297557,-7.055489
2022-09-16,3126.4,3271.553333,3331.21015,-4.538271,-6.345346,-1.223874,-2.83767,1.31741,-0.127623,-4.869818
2022-09-19,3115.6,3267.650833,3328.82465,-4.764958,-6.619753,-2.087696,-4.531758,-0.27255,0.218577,-4.540056
2022-09-20,3122.41,3263.371167,3326.5158,-4.415562,-6.332031,-0.918564,-4.793094,-1.570032,-0.167499,-4.748255
2022-09-21,3117.18,3258.504,3324.28125,-4.433945,-6.432474,-2.340486,-3.848314,-1.576923,-0.265304,-4.588442
2022-09-22,3108.91,3254.293833,3322.0123,-4.570312,-6.629853,-2.202001,-4.13762,-1.767919,-0.484092,-4.334638
2022-09-23,3088.37,3249.123,3319.6347,-5.074167,-7.22113,-2.093403,-5.745464,-1.385687,0.177764,-5.583528
2022-09-26,3051.23,3243.516167,3317.0064,-6.111319,-8.35179,-2.55865,-5.308486,0.468547,1.397141,-5.170046
2022-09-27,3093.86,3238.323333,3314.6065,-4.56362,-6.891941,-3.756667,-4.112695,0.055255,-0.288313,-6.476699
2022-09-28,3045.07,3232.340667,3311.7947,-5.968265,-8.396636,-0.644422,-1.37889,1.380542,1.30933,-4.978211
2022-09-29,3041.2,3227.104833,3309.05415,-5.933322,-8.441022,-0.820137,-1.437015,1.062987,1.438248,-4.857293
2022-09-30,3024.39,3221.438,3306.20065,-6.311843,-8.909027,1.561614,1.52287,2.122216,2.002057,-4.328476
2022-10-10,2974.15,3215.0725,3302.88355,-7.789162,-10.483761,3.657392,3.426327,4.67555,3.725098,-2.712372
2022-10-11,2979.79,3209.509333,3299.4173,-7.426524,-10.189305,3.338841,2.802833,4.710774,3.528772,-2.896513
2022-10-12,3025.51,3205.243333,3296.2131,-5.770834,-8.569459,0.62176,0.746174,4.197855,1.964297,-4.363892
2022-10-13,3016.36,3200.777833,3292.8895,-5.934305,-8.771464,0.617709,0.653287,4.577411,2.273601,-4.073784
2022-10-14,3071.99,3197.282,3289.9418,-3.997551,-6.854431,-1.082008,0.496812,3.332217,0.498048,-5.810891
2022-10-17,3084.94,3194.896667,3287.12835,-3.502254,-6.348213,-3.542804,-0.049932,2.704479,0.076177,-6.20628
2022-10-18,3080.96,3191.611,3284.15805,-3.528457,-6.386908,-3.456704,1.709443,2.59129,1.724138,-6.085116
2022-10-19,3044.38,3187.6935,3281.21815,-4.600035,-7.491747,-1.485166,2.452932,3.836594,2.946413,-4.956674
2022-10-20,3035.05,3183.199,3278.4254,-4.765877,-7.713535,-1.733192,2.613929,5.145621,3.262879,-4.664503
2022-10-21,3038.93,3179.3145,3275.4944,-4.516013,-7.496334,-4.131667,1.900591,6.023025,3.131036,-4.786224
2022-10-24,2977.56,3174.441,3272.2691,-6.402738,-9.437949,-2.864424,3.546045,7.959309,5.256653,-2.823789
2022-10-25,2976.28,3169.8725,3268.9338,-6.301717,-9.378968,-0.238164,3.715379,8.007579,5.301921,-2.781996
2022-10-26,2999.5,3165.240167,3265.84105,-5.378333,-8.507172,0.128938,3.195923,7.721414,4.486748,-3.534589
2022-10-27,2982.9,3160.359167,3262.6757,-5.77897,-8.965164,0.498604,3.505178,9.030559,5.068222,-2.997754
2022-10-28,2915.93,3154.248333,3259.1048,-7.856141,-11.126375,5.174931,6.175832,11.43932,7.481318,-0.769909
2022-10-31,2893.48,3148.252333,3255.5872,-8.438755,-11.791273,6.176162,6.199878,11.793816,8.315247,2.616918
2022-11-01,2969.2,3143.406333,3252.33725,-5.701448,-9.108134,3.15886,5.903053,10.104974,6.080762,0.963559
2022-11-02,3003.37,3140.358,3249.1552,-4.460181,-7.866003,1.480642,4.809277,8.98356,4.926799,-0.185125
2022-11-03,2997.81,3137.593667,3245.9826,-4.557414,-7.953609,1.270166,5.441952,8.489064,5.592749,1.278266
2022-11-04,3070.8,3135.623,3243.3607,-2.088976,-5.467193,0.535557,2.741165,5.32339,3.08291,-1.129022
2022-11-07,3077.82,3133.136167,3240.8194,-1.781292,-5.160464,0.181133,4.261309,5.384558,4.353406,-1.35453
2022-11-08,3064.49,3130.262167,3238.24415,-2.12356,-5.515009,2.245451,4.717763,5.325401,4.83082,-0.925439
2022-11-09,3048.17,3126.941167,3235.5174,-2.551385,-5.964744,2.328518,4.849064,7.036478,5.392088,-0.394991
2022-11-10,3036.13,3123.709667,3232.86085,-2.843761,-6.278378,2.578351,5.173866,7.134902,5.810028,1.397173
2022-11-11,3087.29,3120.47,3230.31015,-1.068995,-4.528447,0.321771,3.802665,6.181723,4.056632,-0.283096
2022-11-14,3083.4,3117.245167,3227.95085,-1.091677,-4.581464,0.053174,3.054638,6.585114,4.187909,-0.157294
2022-11-15,3134.08,3114.878333,3226.01495,0.614558,-2.891194,-1.450768,1.339077,4.565713,2.503127,-1.771812
2022-11-16,3119.98,3112.246667,3223.9065,0.248173,-3.276723,-0.742175,1.796281,4.05299,2.966365,-1.327893
2022-11-17,3115.43,3109.295,3221.6341,0.197117,-3.352153,-0.841942,1.693845,3.426184,3.116745,-1.183785
2022-11-18,3097.24,3106.29,3219.3294,-0.29177,-3.866168,0.143573,2.254489,6.047951,3.722346,-0.60344
2022-11-21,3085.04,3103.406,3216.9793,-0.593559,-4.187819,-0.210592,0.713163,6.933165,4.132523,-0.21037
2022-11-22,3088.94,3100.2585,3214.81115,-0.365751,-3.994063,1.949509,-0.492317,6.340906,4.001049,-0.491107
2022-11-23,3096.91,3097.27,3212.67515,-0.011624,-3.669913,1.742292,-0.924533,5.971647,3.733399,-0.920272
2022-11-24,3089.31,3095.171833,3210.9564,-0.189566,-3.862107,2.435378,-1.135477,5.597334,3.988593,-1.129055
2022-11-25,3101.69,3092.7625,3209.1865,0.288242,-3.407035,1.740264,-1.816055,4.917559,3.573536,-1.799664
2022-11-28,3078.55,3090.134667,3207.608,-0.375596,-4.106678,4.237593,-0.422845,6.326581,4.352049,-1.061539
2022-11-29,3149.75,3088.618333,3206.54955,1.959924,-1.787237,1.97357,-1.735103,5.033482,1.993174,-3.29804
2022-11-30,3151.34,3087.353667,3205.15835,2.051345,-1.693374,1.520429,-2.049845,4.931679,1.941714,-3.34683
2022-12-01,3165.47,3086.7425,3203.72255,2.518522,-1.201189,1.00208,-2.94195,5.018716,1.486667,-3.77827
2022-12-02,3156.14,3086.261833,3202.1035,2.238917,-1.445818,1.597057,-2.141818,5.122628,1.786676,-3.493825
2022-12-05,3211.81,3086.684,3200.733,3.973727,0.34548,-1.025538,-3.012086,2.256245,0.022417,-5.166557
2022-12-06,3212.53,3086.894333,3199.4809,3.989327,0.407021,-1.133235,-2.809822,2.1775,-0.173695,-5.187811
2022-12-07,3199.62,3086.163833,3198.3346,3.610321,0.040182,-0.724265,-1.397383,2.361859,0.22909,-4.805258
2022-12-08,3197.35,3085.348167,3197.0909,3.565783,0.008104,-0.901671,-1.249743,1.018456,0.300249,-4.737673
2022-12-09,3206.95,3084.870833,3195.7965,3.881054,0.348398,-1.226405,-0.96726,1.907202,-0.870297,-5.022841
2022-12-12,3179.04,3083.487333,3194.3515,3.051806,-0.480483,-2.288301,-0.300226,2.063161,-0.078955,-4.189
2022-12-13,3176.33,3082.0295,3192.77935,3.013813,-0.516536,-3.282162,-0.457231,2.701558,0.006297,-4.107256
2022-12-14,3176.53,3081.012667,3191.20895,3.053108,-0.461042,-3.462989,-0.41262,1.572942,-0.014166,-4.113293
2022-12-15,3168.65,3080.4915,3189.76645,2.821647,-0.664207,-3.671263,0.837848,2.551858,0.841368,-3.874836
2022-12-16,3167.86,3081.1825,3188.16,2.774283,-0.638767,-3.926971,1.867945,2.094483,1.8855,-3.850865
2022-12-19,3107.12,3081.041167,3186.5458,0.842867,-2.524126,-1.346599,3.700101,4.66957,3.877224,-1.971279
2022-12-20,3073.77,3080.2305,3184.6576,-0.209961,-3.543996,0.706724,4.784517,6.058462,5.004278,-0.90768
2022-12-21,3068.41,3079.417667,3182.6881,-0.3581,-3.656664,0.61698,5.450023,6.87093,5.601272,-0.734582
2022-12-22,3054.43,3078.509667,3180.5161,-0.785261,-4.045048,0.628905,6.660857,6.686583,6.887701,-0.280249
2022-12-23,3045.87,3077.801333,3178.3245,-1.042891,-4.25676,1.414501,7.079544,6.52991,7.336163,0.646449
2022-12-26,3065.56,3078.040167,3176.24675,-0.406282,-3.546997,1.648353,6.016783,5.700219,6.646746,0.265531
2022-12-27,3095.57,3078.068667,3174.48635,0.566971,-2.517378,0.898851,5.937024,4.561979,6.116806,-0.706493
2022-12-28,3087.4,3078.774167,3173.05905,0.279779,-2.736681,2.172891,6.224128,5.478124,6.421908,-0.443739
2022-12-29,3073.7,3079.315833,3171.9599,-0.182539,-3.146761,2.694287,5.989061,6.278217,6.896249,0.50623
2022-12-30,3089.26,3080.397,3171.12425,0.28731,-2.61546,2.771615,4.724043,6.489938,6.357833,0.882088
2023-01-03,3116.51,3082.769667,3170.22635,1.088535,-1.70892,1.686322,4.135335,6.100752,5.427866,0.224931
2023-01-04,3123.52,3085.165167,3169.2952,1.235538,-1.454866,1.219357,3.41746,5.878186,5.191259,1.014881
2023-01-05,3155.22,3087.327,3168.95365,2.175256,-0.434323,0.260498,3.584796,5.320813,4.134419,0.076698
2023-01-06,3157.64,3089.681667,3169.422,2.175685,-0.372432,1.18592,3.210778,4.87413,4.05461,0.133011
2023-01-09,3176.08,3091.4165,3169.44885,2.701833,0.209002,1.6088,3.346318,4.237843,3.45048,-0.448351
2023-01-10,3169.51,3092.826,3169.2212,2.449177,0.009112,1.712026,3.830703,4.85481,3.90502,-0.241993
2023-01-11,3161.84,3094.174,3168.77505,2.163315,-0.219096,1.959585,3.683866,4.831655,4.157073,0.05092
2023-01-12,3163.45,3096.1585,3168.32385,2.150105,-0.153949,2.399654,2.669329,5.375356,4.104064,1.007128
2023-01-13,3195.31,3098.8295,3168.0011,3.065965,0.858329,2.151746,0.894492,5.784999,3.066056,0.898504
2023-01-16,3227.59,3101.973833,3167.7839,3.96971,1.870347,1.284628,1.925517,5.007601,2.035265,-0.110609
2023-01-17,3224.24,3106.085167,3167.6538,3.733412,1.770608,0.970083,2.519901,4.425406,2.551919,-0.006823
2023-01-18,3224.41,3110.220667,3167.71465,3.605631,1.773959,1.859231,2.048706,4.328106,2.546512,-0.012095
2023-01-19,3240.28,3114.233667,3167.84355,3.967664,2.260866,1.391084,1.446157,1.864447,2.044268,-0.501808
2023-01-20,3264.81,3118.932167,3168.1479,4.571088,3.005441,-0.042891,0.071954,0.324148,1.277563,-1.249384
2023-01-30,3269.32,3124.822,3168.1615,4.520469,3.143056,-0.941,-0.345929,-0.136207,1.137851,-1.385609
2023-01-31,3255.67,3130.8585,3168.17885,3.909084,2.724116,-0.233096,0.732642,0.258598,1.56189,-0.97215
2023-02-01,3284.92,3136.1205,3168.18985,4.635577,3.61819,-1.620712,0.831561,0.02922,0.835028,-1.853926
2023-02-02,3285.67,3140.8255,3168.20105,4.508493,3.640665,-0.46644,0.757396,1.137865,0.812011,-1.87633
2023-02-03,3263.41,3145.252167,3168.3346,3.687859,2.956657,-0.083997,1.971604,2.632499,1.991169,-1.20702
2023-02-06,3238.7,3148.0505,3168.26885,2.838864,2.198668,1.39389,2.540403,2.915073,2.769321,-0.453268
2023-02-07,3248.09,3150.888333,3168.67365,3.038271,2.475404,1.38169,1.132996,4.423663,2.472222,-0.741051
2023-02-08,3232.11,3153.682,3168.76755,2.456452,1.979245,1.485763,1.569861,3.811211,2.978859,-0.250301
2023-02-09,3270.38,3157.3855,3169.18535,3.516187,3.143162,-0.65497,0.174445,1.480254,1.7738,-1.417572
2023-02-10,3260.67,3161.127833,3169.3605,3.100382,2.840286,-1.130367,-0.942579,1.487953,2.076874,-1.124002
2023-02-13,3284.16,3164.409,3169.7251,3.71446,3.546605,0.187999,-0.471856,-0.359947,1.346768,-1.831214
2023-02-14,3293.28,3167.907,3170.2139,3.881291,3.808497,0.401225,-1.467315,0.52877,1.06611,-2.10307
2023-02-15,3280.49,3170.347167,3170.6462,3.41517,3.405739,0.324425,-0.525078,0.319563,1.460148,-1.721389
2023-02-16,3249.03,3172.498,3171.1361,2.38372,2.426658,1.176482,-0.683767,1.077574,2.442575,-0.769768
2023-02-17,3224.02,3174.307833,3171.85715,1.553942,1.631176,1.329208,0.819518,2.248099,3.237263,0.089019
2023-02-20,3290.34,3177.526167,3172.87425,3.488794,3.635302,-0.986818,-1.69898,-0.206879,1.156415,-1.928372
2023-02-21,3306.52,3181.2175,3174.7643,3.863229,4.066288,-0.817176,-1.550433,-0.304408,0.66142,-2.408272
2023-02-22,3291.15,3184.587667,3176.7879,3.291423,3.536646,0.642086,-0.77476,-1.373964,1.131519,-1.952509
2023-02-23,3287.48,3187.763833,3178.4339,3.080164,3.373272,0.702323,-0.02525,-2.548723,1.244418,-1.843053
2023-02-24,3267.16,3190.728,3179.8923,2.3672,2.707378,1.85676,-0.046228,-2.037662,1.874105,-1.232569
2023-02-27,3258.03,3193.333667,3180.94715,2.005731,2.394372,1.945332,-0.203705,-1.407327,2.159587,-0.955792
2023-02-28,3279.61,3196.684667,3182.0064,2.561028,3.021257,0.167258,-1.049207,-1.789294,1.487372,-1.607508
2023-03-01,3312.35,3199.394667,3183.56035,3.469628,3.965773,-0.882412,-2.206606,-2.696995,0.484248,-2.580041
2023-03-02,3310.65,3202.049833,3185.0929,3.335337,3.866309,-1.049391,-1.503399,-3.256975,0.535846,-2.530017
2023-03-03,3328.39,3204.765167,3186.55565,3.784989,4.35481,-2.99818,-1.682448,-3.789206,-0.191083,-3.049522
2023-03-06,3322.03,3207.53,3187.8723,3.507487,4.122234,-1.618369,-0.774508,-2.807223,-0.771516,-2.863912
2023-03-07,3285.1,3208.7515,3189.02285,2.351517,2.968254,-1.218622,0.832421,-1.615982,0.835895,-1.77194
2023-03-08,3283.25,3209.930167,3190.0177,2.25846,2.880732,-0.609177,0.890865,-2.714029,0.894845,-1.716592
2023-03-09,3276.09,3211.204667,3191.0294,2.000449,2.630708,-1.513181,1.561571,-2.420007,1.573827,-1.50179
2023-03-10,3230.08,3211.750167,3191.7113,0.569089,1.194967,0.631731,2.605931,-0.511821,3.020668,-0.098759
2023-03-13,3268.7,3212.779333,3192.6249,1.725595,2.354892,-1.039125,1.363381,-1.147378,1.803469,-1.279102
2023-03-14,3245.31,3213.883833,3193.36665,0.973075,1.613514,0.318107,2.491422,-0.509103,2.5372,-0.567588
2023-03-15,3263.31,3215.3335,3193.95035,1.481093,2.148351,0.074743,1.672867,-0.91243,1.971618,-1.116045
2023-03-16,3226.89,3216.172833,3194.3505,0.332673,1.013504,1.834998,3.389794,0.065057,3.447902,0.248537
2023-03-17,3250.55,3217.537833,3195.2486,1.020779,1.715932,0.463461,4.070988,0.074729,4.154989,-0.481149
2023-03-20,3234.91,3218.655333,3195.88585,0.503743,1.21368,0.508457,4.781063,1.180671,4.8972,0.159201
2023-03-21,3255.65,3221.130833,3196.54855,1.065946,1.83203,-0.31595,3.455937,0.004914,4.228956,-0.47886
2023-03-22,3265.75,3224.3305,3197.2261,1.276411,2.120586,-0.78976,3.05416,-0.780501,3.906606,-0.786649
2023-03-23,3286.65,3227.967833,3197.91405,1.801602,2.737007,-0.775825,0.44354,-2.737446,3.245858,-1.417553
2023-03-24,3265.65,3231.488167,3198.31015,1.051606,2.083623,0.22054,0.298423,-3.585957,3.909788,-0.783611
2023-03-27,3251.4,3234.913667,3198.65635,0.508343,1.635484,1.374529,0.413427,-1.924032,4.365197,-0.348773
2023-03-28,3245.38,3237.910667,3198.90595,0.230418,1.442359,2.048886,0.575163,-1.740591,4.558788,-0.163925
2023-03-29,3240.06,3240.318833,3198.9244,-0.007988,1.277722,2.215059,1.404265,-1.79625,4.730468,0.654
2023-03-30,3261.25,3243.216333,3199.02185,0.554502,1.926547,2.015579,1.883868,-1.83162,4.049981,0.08739
2023-03-31,3272.86,3246.535667,3199.0672,0.807574,2.280495,1.290199,2.343343,-0.886325,3.680878,-0.267656
2023-04-03,3296.4,3249.988,3199.35445,1.417966,2.988191,0.519519,1.149178,-1.560776,2.940481,-0.979857
2023-04-04,3312.56,3253.2555,3199.4931,1.806512,3.472891,0.440379,2.458246,-2.742422,2.48871,-1.462917
2023-04-06,3312.63,3256.407333,3199.7785,1.711789,3.466085,0.172825,1.350485,-3.285251,2.486544,-1.464999
2023-04-07,3327.65,3259.281167,3199.9722,2.075968,3.912423,0.315041,-0.255762,-4.017548,2.023951,-1.909756
2023-04-10,3315.36,3261.909833,3200.02195,1.625335,3.540855,2.096788,-0.175399,-3.425982,2.402152,-1.546137
2023-04-11,3313.57,3264.201333,3200.1629,1.501104,3.482444,2.378558,-1.251472,-2.821942,2.45747,-1.492952
2023-04-12,3327.18,3266.829167,3200.21485,1.830526,3.890715,1.282622,-0.495337,-4.01844,2.038363,-1.8959
2023-04-13,3318.36,3269.437833,3200.2295,1.485263,3.624816,1.456037,-0.828225,-2.498437,2.309575,-1.635145
2023-04-14,3338.15,3272.3495,3200.38665,1.990853,4.214513,-1.111255,-1.628454,-3.055356,1.703039,-2.218295
2023-04-17,3385.61,3275.521167,3200.9787,3.305711,5.607749,-3.309104,-2.642408,-5.337843,0.27735,-3.589014
2023-04-18,3393.33,3278.2835,3201.3446,3.449178,5.824083,-3.859179,-3.288963,-5.934241,0.049214,-3.808353
2023-04-19,3370.13,3280.715,3201.4465,2.688993,5.134858,-3.196725,-2.209912,-5.216308,0.737954,-3.146169
2023-04-20,3367.03,3283.092,3201.3857,2.524539,5.04473,-2.439655,-3.653365,-6.045089,0.830702,-3.587435
2023-04-21,3301.26,3284.108333,3200.84595,0.520903,3.088908,0.664502,-2.967013,-4.128266,2.839522,-2.923429
2023-04-24,3275.41,3284.285,3200.4154,-0.270592,2.316244,2.26546,-2.289857,-3.455543,3.651146,-2.263839
2023-04-25,3264.87,3284.210833,3199.74665,-0.590644,2.014831,2.11028,-1.61705,-1.026733,3.985764,-1.948316
2023-04-26,3264.1,3284.351333,3199.12895,-0.61851,2.01055,3.931969,-1.315251,-1.266216,4.010294,-1.925186
2023-04-27,3285.88,3284.367333,3198.5312,0.046046,2.69428,2.161278,-1.894654,-2.128784,3.320876,-2.575261
2023-04-28,3323.27,3284.994,3198.1274,1.158441,3.838379,-0.124051,-3.637444,-1.434744,2.158416,-3.671384
2023-05-04,3350.46,3286.444833,3198.10295,1.929127,4.653984,-1.228542,-4.450101,-1.789403,1.32937,-4.45312
2023-05-05,3334.5,3288.0415,3197.95345,1.403064,4.181168,-1.881131,-3.181893,-1.314647,1.814365,-3.995801
2023-05-08,3395,3290.49,3198.14805,3.126727,5.973185,-2.513203,-4.906649,-4.00583,-1.099558,-5.706627
2023-05-09,3357.67,3292.582667,3198.3685,1.957502,4.860645,-2.005885,-4.955378,-2.326362,-1.147224,-4.834603
2023-05-10,3319.15,3293.3955,3198.5569,0.778963,3.700899,-1.05765,-3.725816,-0.940492,-0.253378,-3.730172
2023-05-11,3309.55,3294.210167,3198.6832,0.46458,3.4073,-0.370221,-2.942354,-1.238011,0.035957,-3.450922
2023-05-12,3272.36,3294.0135,3198.6363,-0.659529,2.278687,0.341067,-1.259286,-0.359408,1.172854,-2.353653
2023-05-15,3310.74,3294.3045,3199.0497,0.497666,3.431793,-0.431953,-2.505189,-2.021356,-0.405347,-3.485626
2023-05-16,3290.99,3294.4795,3199.11415,-0.105976,2.831449,-1.369103,-1.757072,-1.113134,0.192343,-2.90642
2023-05-17,3284.23,3295.066167,3199.13815,-0.329402,2.625078,-2.449814,-1.696283,-2.934645,0.398571,-2.70657
2023-05-18,3297.32,3296.287833,3199.10115,0.031308,3.024014,-2.956554,-1.353852,-3.672265,-0.025779,-3.092815
2023-05-19,3283.54,3296.1745,3199.15885,-0.384044,2.603419,-2.187266,-0.311429,-3.324289,0.393782,-2.686125
2023-05-22,3296.47,3296.007,3199.29135,0.014046,2.992287,-2.302063,-1.241111,-4.540848,-0.701963,-3.067827
2023-05-23,3246.24,3295.2585,3199.2706,-1.498721,1.457456,-0.680944,-0.181297,-2.574253,0.834504,-1.567968
2023-05-24,3204.75,3293.879667,3198.90715,-2.743202,0.182485,-0.005929,-0.213974,-2.297827,2.139949,-0.293627
2023-05-25,3201.26,3292.781333,3198.53465,-2.818812,0.08517,0.105216,-1.594522,-3.440945,2.251301,-1.581877
2023-05-26,3212.5,3292.0225,3198.18425,-2.445267,0.446622,0.545436,-0.72041,-2.911068,1.893541,-1.926226
2023-05-29,3221.45,3291.053167,3198.0253,-2.137606,0.729804,0.34057,-1.000503,-4.542159,1.610455,-2.198699
2023-05-30,3224.21,3289.584167,3197.84655,-2.00732,0.821033,-0.899446,-1.305861,-4.503135,1.523474,-2.28242
2023-05-31,3204.56,3287.816,3197.938,-2.564872,0.206857,-0.212423,-0.078044,-4.48307,2.146004,-1.683226
2023-06-01,3204.63,3285.753333,3198.1428,-2.499931,0.202637,0.279205,1.220433,-3.363333,2.143773,-1.685374
2023-06-02,3230.07,3284.220667,3198.34795,-1.662557,0.98694,0.041477,0.471939,-2.959078,1.33929,-2.459699
2023-06-05,3232.44,3283.343,3198.375,-1.562484,1.05944,-0.111743,-0.294018,-2.992571,1.264989,-2.531215
2023-06-06,3195.34,3281.877833,3198.16705,-2.672227,-0.088435,1.192422,0.319642,-2.389896,2.440742,-1.399538
2023-06-07,3197.76,3280.572333,3197.9187,-2.556733,-0.004963,0.971883,-0.035969,-2.037976,2.363217,-1.474157
2023-06-08,3213.59,3280.2975,3197.83655,-2.054543,0.491419,1.218281,-0.30823,-1.143245,1.85898,-1.959491
2023-06-09,3231.41,3279.676,3197.58525,-1.482606,1.052266,1.288924,-0.311184,-2.412978,1.297267,-2.500147
2023-06-12,3228.83,3279.401333,3197.34495,-1.554104,0.979908,0.832125,-1.017914,-2.215559,1.378208,-2.42224
2023-06-13,3233.67,3278.907333,3197.13285,-1.389252,1.136329,0.206672,0.08686,-3.503179,1.22647,-2.568289
2023-06-14,3228.99,3278.942333,3196.8884,-1.535152,0.999143,-0.967505,0.269381,-3.538823,1.373185,-2.427075
2023-06-15,3252.98,3278.982833,3196.69065,-0.796176,1.74554,-3.197224,-1.341583,-3.446374,0.62558,-3.146653
2023-06-16,3273.33,3279.623167,3196.6696,-0.192071,2.36983,-2.596246,-2.333849,-4.252176,-0.535235,-3.748782
2023-06-19,3255.81,3279.625833,3196.65825,-0.728825,1.833513,-2.061455,-1.765285,-4.16246,-0.321272,-3.23084
2023-06-20,3240.36,3279.202667,3196.4711,-1.191587,1.363701,-1.805509,-2.210428,-3.575427,0.153995,-2.769445
2023-06-21,3197.9,3277.7235,3196.0795,-2.465478,0.056944,0.130001,-0.947279,-2.538596,1.483786,-1.47847
2023-06-26,3150.62,3275.806333,3195.7566,-3.896479,-1.422461,2.920171,0.428836,-0.786742,3.00671,0.429757
2023-06-27,3189.44,3274.773667,3195.47255,-2.64034,-0.188963,1.737785,1.310726,-2.042387,1.752972,-0.792616
2023-06-28,3189.38,3273.840333,3195.23835,-2.613717,-0.183515,1.047055,1.049537,-2.566373,1.754887,-0.790749
2023-06-29,3182.38,3272.879,3194.9466,-2.804068,-0.394103,0.726058,1.071732,-3.117494,1.978708,-0.572527
2023-06-30,3202.06,3271.8925,3194.8208,-2.157421,0.226335,-0.170348,2.280745,-2.198529,2.306952,-1.183613
2023-07-03,3243.98,3271.411167,3195.03,-0.842047,1.520449,-1.249458,1.440265,-4.037601,1.450687,-2.460558
2023-07-04,3245.35,3270.560333,3195.33185,-0.773812,1.553225,-0.741647,1.395307,-4.50891,1.40786,-2.501733
2023-07-05,3222.95,3269.066833,3195.5142,-1.420748,0.854908,-0.835639,1.194838,-3.653647,2.112661,-1.824105
2023-07-06,3205.57,3267.2825,3195.5425,-1.906868,0.313305,0.95964,2.309373,-3.011287,2.666296,-1.291814
2023-07-07,3196.61,3265.0985,3195.3083,-2.119906,0.04073,1.277233,2.821293,-3.16828,2.954067,-1.015138
2023-07-10,3203.7,3263.2375,3195.09535,-1.841341,0.268946,0.184927,2.012573,-4.092344,2.726223,-1.234198
2023-07-11,3221.37,3261.700833,3195.02425,-1.244205,0.821206,-0.733741,1.211063,-4.521486,2.162744,-1.775952
2023-07-12,3196.13,3259.516667,3194.69465,-1.963822,0.044919,0.084754,1.501747,-2.799345,2.969529,-1.000272
2023-07-13,3236.48,3258.152,3194.55805,-0.667384,1.303757,-2.090616,0.557077,-4.69303,1.685782,-2.234526
2023-07-14,3237.7,3256.477833,3194.55885,-0.578299,1.34142,-2.184164,-1.507742,-5.194537,1.647466,-2.271365
2023-07-17,3209.63,3253.544833,3194.6074,-1.358945,0.469146,-1.426805,-0.97683,-4.009035,2.536429,-1.416674
2023-07-18,3197.82,3250.286333,3194.9645,-1.627377,0.089335,1.048329,-0.679011,-4.447607,2.915111,-1.052592
2023-07-19,3198.84,3247.4315,3195.3807,-1.507613,0.108201,0.753367,-1.534452,-6.23809,2.882295,-1.522739
2023-07-20,3169.52,3244.139667,3195.61625,-2.327003,-0.819979,1.476651,-0.182528,-6.063054,3.834019,-0.611765
2023-07-21,3167.75,3241.9145,3195.8691,-2.314249,-0.883751,3.358024,-1.136574,-7.48535,3.892037,-1.13014
2023-07-24,3164.16,3240.060333,3196.14535,-2.370433,-1.005789,3.931601,-2.275259,-6.594188,4.009911,-2.24957
2023-07-25,3231.52,3239.5045,3196.8611,-0.246777,1.078319,1.822366,-3.501385,-8.300778,1.841858,-4.287147
2023-07-26,3223.03,3238.82,3197.7201,-0.488716,0.788382,1.192356,-4.591193,-7.561725,2.110126,-4.487392
2023-07-27,3216.67,3237.6665,3198.33415,-0.650619,0.571657,1.963699,-4.269006,-6.38252,2.312018,-4.298545
2023-07-28,3275.93,3236.8775,3199.48845,1.199267,2.361086,0.370201,-6.68577,-8.083185,0.461243,-6.467171
2023-07-31,3291.04,3235.887167,3200.73765,1.690049,2.782233,-0.67715,-6.024032,-8.635416,-0.002735,-6.896604
2023-08-01,3290.95,3235.161333,3202.07045,1.709748,2.737866,-0.925892,-4.826325,-8.49001,-0.087209,-6.894058
2023-08-02,3261.69,3232.9395,3203.50815,0.885368,1.799896,-0.528729,-3.893391,-8.050142,0.80909,-6.058822
2023-08-03,3280.46,3231.652667,3205.0115,1.498999,2.326798,-0.792657,-5.018912,-7.915705,0.232284,-6.596331
2023-08-04,3288.08,3231.134833,3206.32435,1.747039,2.517859,-3.051803,-4.8233,-7.240863,-0.585448,-6.81279
2023-08-07,3268.83,3230.456167,3207.5867,1.180877,1.891328,-2.804476,-2.847588,-6.690976,-0.25116,-6.264015
2023-08-08,3260.62,3230.2605,3208.52985,0.935458,1.610452,-2.623814,-3.312857,-6.599902,-0.185854,-6.027995
2023-08-09,3244.49,3229.156333,3209.3276,0.473727,1.089673,-2.951445,-2.699392,-6.074175,0.310372,-5.560812
2023-08-10,3254.56,3228.549167,3210.1956,0.802423,1.372522,-2.830222,-4.147117,-6.853845,-2.006723,-5.853019
2023-08-11,3189.25,3226.966167,3210.91995,-1.175665,-0.677171,-1.812997,-2.300461,-4.578254,-0.339265,-3.925061
2023-08-14,3178.43,3224.984667,3211.63685,-1.454083,-1.039337,-2.725234,-1.127961,-3.925759,-0.043103,-3.598003
2023-08-15,3176.18,3223.195333,3212.3231,-1.469399,-1.131517,-1.774045,-1.239316,-3.308026,0.027706,-3.529712
2023-08-16,3150.13,3220.756333,3213.18595,-2.21725,-1.981923,-2.303374,-0.862723,-3.199726,0.854885,-2.731951
2023-08-17,3163.74,3219.381333,3214.12325,-1.743434,-1.579974,-2.609827,-1.182471,-3.518152,0.421021,-3.150385
2023-08-18,3131.95,3218.168,3214.7855,-2.715644,-2.610482,-2.191172,-0.454743,-2.052563,1.440317,-2.16734
2023-08-21,3092.98,3216.363333,3215.3359,-3.911629,-3.87968,0.182828,1.059681,-0.813196,2.718414,-0.934697
2023-08-22,3120.33,3214.827167,3216.3579,-2.983483,-3.031087,0.497426,0.148272,-2.489445,1.818077,-1.803014
2023-08-23,3078.4,3212.443,3217.2825,-4.262173,-4.412708,1.890158,0.975283,-0.538741,3.204912,-0.465502
2023-08-24,3082.24,3210.076833,3217.8477,-4.063827,-4.305611,1.213793,0.07978,-1.348006,3.076334,-0.589506
2023-08-25,3064.07,3207.735333,3218.1512,-4.582109,-4.906294,2.232671,2.206496,-1.062058,3.687579,0.673287
2023-08-28,3098.64,3205.968833,3218.65535,-3.405103,-3.800037,2.499294,0.546165,-1.958288,2.530788,-0.449875
2023-08-29,3135.89,3204.399167,3218.9808,-2.161158,-2.615176,0.587577,-1.077892,-3.709675,1.312865,-1.632391
2023-08-30,3137.14,3202.810833,3219.2774,-2.071725,-2.584537,0.665269,-0.955094,-3.485785,1.272497,-1.671586
2023-08-31,3119.88,3201.553167,3219.55435,-2.584152,-3.144841,0.079138,-0.301748,-2.869081,1.832763,-1.127607
2023-09-01,3133.25,3200.478,3219.97975,-2.122937,-2.730427,-0.528964,-1.166274,-3.585086,1.398229,-1.549509
2023-09-04,3177.06,3199.869167,3220.6844,-0.715368,-1.363764,-1.084848,-3.257329,-6.662018,-0.597408,-3.20485
2023-09-05,3154.37,3198.585167,3221.0198,-1.391978,-2.090922,-0.550274,-2.419692,-6.058717,0.117615,-2.508583
2023-09-06,3158.08,3197.406,3221.3932,-1.237561,-1.984969,-1.114776,-1.601699,-6.26792,-0.484472,-2.623113
2023-09-07,3122.35,3195.550667,3221.33455,-2.31735,-3.120981,0.134424,-1.102991,-5.017213,0.654315,-1.508799
2023-09-08,3116.72,3193.6795,3221.31825,-2.439253,-3.30095,0.032721,-1.386333,-4.102629,0.836135,-1.376768
2023-09-11,3142.78,3191.842833,3221.455,-1.549068,-2.472536,-0.537592,-1.904244,-4.534946,-0.182004,-2.194554
2023-09-12,3137.06,3189.571667,3221.6541,-1.660058,-2.660887,-0.386457,-2.52928,-5.51417,-0.14759,-2.497561
2023-09-13,3123.07,3187.359333,3221.84425,-2.037629,-3.113745,-0.465368,-3.840915,-5.39685,0.299705,-3.768087
2023-09-14,3126.55,3185.4625,3222.0323,-1.866733,-3.008215,-1.347575,-4.698054,-6.065021,0.188067,-4.589404
2023-09-15,3117.74,3184.1265,3222.13645,-2.106962,-3.293625,0.470068,-5.894032,-6.183296,0.471175,-5.723697
2023-09-18,3125.93,3183.715,3222.31955,-1.831692,-3.036962,-0.330688,-5.37861,-6.391405,0.207938,-5.970703
2023-09-19,3124.96,3182.640333,3222.4359,-1.828966,-3.071608,-0.728738,-4.947665,-7.398342,0.239043,-5.941516
2023-09-20,3108.57,3181.2935,3222.586,-2.312506,-3.602133,-0.04022,-3.945815,-6.302108,0.767555,-5.445591
2023-09-21,3084.7,3179.6655,3222.26075,-3.032159,-4.36288,0.832265,-2.193295,-5.666006,1.547314,-4.713911
2023-09-22,3132.43,3178.505,3222.1662,-1.46019,-2.824481,-1.140099,-3.603912,-7.063306,-0.536963,-6.16582
2023-09-25,3115.61,3176.3655,3221.9169,-1.931266,-3.355153,-1.304201,-3.15755,-7.21005,-0.164655,-5.659245
2023-09-26,3102.27,3173.980833,3221.64755,-2.285248,-3.775879,-0.754222,-2.585792,-6.239808,0.264645,-5.253572
2023-09-27,3107.32,3172.053667,3221.1251,-2.06186,-3.597009,0.018664,-3.201657,-5.03635,0.101695,-5.407554
2023-09-28,3110.48,3170.468833,3220.61485,-1.910242,-3.479523,-0.722104,-2.595044,-4.455655,-0.082945,-5.503652
2023-10-09,3096.92,3168.807333,3220.10135,-2.294721,-3.900477,-0.749023,-1.25129,-4.444883,0.354546,-5.089896
2023-10-10,3075.24,3166.666333,3219.4908,-2.929646,-4.584026,0.268237,-0.586059,-3.574735,1.062031,-4.420793
2023-10-11,3078.96,3164.292833,3218.85085,-2.733772,-4.443254,-0.659862,-0.867354,-4.131322,0.939928,-4.536272
2023-10-12,3107.9,3162.822333,3218.49515,-1.751752,-3.496665,-3.353991,-1.773083,-5.922474,-0.637086,-5.425207
2023-10-13,3088.1,3160.349333,3218.054,-2.312655,-4.122081,-3.46064,-1.603737,-6.715109,-0.148959,-4.818821
2023-10-16,3073.81,3157.617833,3217.5404,-2.690006,-4.569938,-4.474978,-0.89146,-6.05374,0.315244,-4.376328
2023-10-17,3083.5,3155.515667,3217.11465,-2.308661,-4.241957,-4.011958,-0.893554,-6.907395,-0.803957,-4.676828
2023-10-18,3058.71,3153.197167,3216.5689,-3.042365,-5.032197,-2.804842,0.46057,-5.78966,0.461633,-3.90426
2023-10-19,3005.39,3149.973,3216.06025,-4.698654,-6.774974,-0.570268,1.503912,-4.192979,2.243968,-2.199382
2023-10-20,2983.06,3146.865333,3215.6067,-5.345721,-7.506643,1.157184,2.362373,-3.297768,3.009326,-1.467285
2023-10-23,2939.29,3143.057667,3214.9611,-6.702805,-8.96472,2.760189,4.296212,-1.553188,4.543274,0.780801
2023-10-24,2962.24,3139.692333,3214.50015,-5.817907,-8.172613,1.890372,3.505733,-4.439069,3.733323,0.40071
2023-10-25,2974.11,3135.402167,3214.14135,-5.281261,-7.761541,1.633134,2.309948,-4.410764,3.319312,0.477118
2023-10-26,2988.3,3131.49,3213.75505,-4.680427,-7.273539,0.703938,2.431791,-5.362262,2.828699,0.706422
2023-10-27,3017.78,3128.175167,3213.3661,-3.592836,-6.279756,0.430515,0.765508,-9.061775,1.824189,-0.277356
2023-10-30,3021.55,3123.9355,3213.03685,-3.332364,-6.14466,1.212523,0.335357,-8.65689,1.697142,-0.401781
2023-10-31,3018.77,3119.397667,3212.7622,-3.279046,-6.22816,1.26729,0.653096,-6.783957,1.790796,-0.31006
2023-11-01,3023.08,3114.933167,3212.4313,-2.993152,-6.075189,0.964216,-0.04599,-3.946076,1.645673,-0.452188
2023-11-02,3009.41,3110.7285,3211.8958,-3.31129,-6.511731,1.447238,0.670966,-3.351537,2.10739,0.408053
2023-11-03,3030.8,3106.5675,3211.4322,-2.469181,-5.789039,0.269203,0.027712,-4.987033,1.386763,-0.300581
2023-11-06,3058.41,3102.739667,3210.94815,-1.439031,-4.867109,-0.389194,-1.167523,-7.74312,0.471487,-1.200624
2023-11-07,3057.27,3099.213667,3210.4463,-1.362606,-4.88876,-0.039258,-2.81863,-9.200061,0.508951,-2.779277
2023-11-08,3052.37,3095.742833,3209.82775,-1.410955,-5.029894,0.668062,-2.771672,-9.680391,0.670299,-2.733614
2023-11-09,3053.28,3092.556,3209.2466,-1.278151,-4.981978,-0.076996,-2.893138,-11.185987,0.640295,-2.851687
2023-11-10,3038.97,3088.962833,3208.63225,-1.631674,-5.432611,0.505471,-2.310485,-11.745609,1.114193,-2.394232
2023-11-13,3046.53,3086.584167,3208.04765,-1.306179,-5.165931,0.712694,-1.824836,-8.814445,0.863277,-2.636442
2023-11-14,3056.07,3084.544833,3207.35145,-0.927433,-4.831573,0.387329,-1.737148,-7.695908,0.548417,-2.940378
2023-11-15,3072.83,3082.822333,3206.57765,-0.324656,-4.260525,-0.955465,-3.44546,-6.971652,-0.14677,-3.469766
2023-11-16,3050.93,3081.169,3205.7111,-0.986261,-4.948748,0.357611,-3.059847,-4.710783,0.56999,-3.013507
2023-11-17,3054.37,3079.346167,3204.8609,-0.814394,-4.809534,-0.439681,-3.72934,-4.405524,0.456723,-3.660657
2023-11-20,3068.32,3078.285667,3204.0011,-0.324266,-4.327019,-1.200666,-4.585476,-3.899964,-0.012711,-4.481931
2023-11-21,3067.93,3077.868167,3203.0167,-0.323414,-4.309002,-0.962264,-4.518528,-2.627833,-0.197853,-4.469789
2023-11-22,3043.61,3076.5895,3201.88815,-1.077737,-5.069637,-0.722803,-4.760625,-1.280668,0.599617,-4.649084
2023-11-23,3061.86,3076.313833,3200.9191,-0.47095,-4.441541,-1.056887,-4.788084,-2.809977,-0.682265,-5.217417
2023-11-24,3040.97,3075.626,3199.69935,-1.133191,-5.088031,-0.307282,-4.23822,-0.841752,-0.07958,-4.566306
2023-11-27,3031.7,3075.0865,3198.4295,-1.420951,-5.353639,-0.290357,-3.794752,-2.466087,0.225946,-4.274499
2023-11-28,3038.55,3074.085,3197.3052,-1.162687,-5.09279,-2.204436,-4.705597,-0.772421,-0.227411,-4.5966
2023-11-29,3021.69,3072.181667,3196.22015,-1.657167,-5.615263,-1.761466,-3.608026,0.176236,0.329286,-4.064282
2023-11-30,3029.67,3070.3905,3195.12805,-1.335105,-5.317346,-2.116866,-2.505658,0.317681,0.065024,-4.316972
2023-12-01,3031.64,3068.919833,3194.1257,-1.222193,-5.220968,-2.068993,-1.888322,0.531301,-0.287963,-4.379148
2023-12-04,3022.91,3067.080833,3192.88835,-1.45063,-5.4706,-1.046507,-2.02607,0.561455,-0.644081,-4.103
2023-12-05,2972.3,3063.668167,3191.4465,-3.027688,-7.11382,1.042223,-0.170047,1.83681,1.047674,-2.470141
2023-12-06,2968.93,3060.5775,3189.87035,-3.040201,-7.177865,-0.005726,-0.492296,2.56342,1.162372,-2.359436
2023-12-07,2966.21,3057.379667,3188.235,-3.027319,-7.218243,-0.243705,-1.256252,3.389076,1.255137,-2.2699
2023-12-08,2969.56,3054.833167,3186.68035,-2.831119,-7.056594,-0.913384,-2.800887,2.867344,1.14091,-2.762025
2023-12-11,2991.44,3052.745167,3185.3924,-2.028636,-6.282061,-2.047945,-3.337444,1.736171,0.401145,-3.473244
2023-12-12,3003.44,3050.422833,3184.2895,-1.552192,-5.847089,-2.394051,-4.276693,1.151681,-0.949245,-4.186533
2023-12-13,2968.76,3047.617833,3182.6816,-2.621589,-6.957975,-2.27063,-2.80477,2.851739,0.207831,-3.067274
2023-12-14,2958.99,3044.883167,3180.94395,-2.861454,-7.233,-1.370626,-2.637044,4.168097,0.538697,-2.747221
2023-12-15,2942.56,3041.816667,3179.201,-3.317497,-7.734996,-0.948561,-1.930801,4.003652,1.100063,-2.204203
2023-12-18,2930.8,3038.701,3177.4176,-3.61547,-8.079337,-0.409942,-1.263925,4.955352,1.505732,-1.811792
2023-12-19,2932.39,3035.475333,3175.74375,-3.455024,-7.972407,-1.149333,-3.426274,4.817305,1.450694,-3.368242
2023-12-20,2902.11,3031.761167,3173.96415,-4.370564,-8.954327,0.429796,-1.960086,4.905742,2.509209,-2.360007
2023-12-21,2918.71,3028.596833,3172.15965,-3.695768,-8.32709,1.225539,-3.00597,3.620232,1.926193,-2.96124
2023-12-22,2914.78,3025.764833,3170.1718,-3.736955,-8.399144,2.042616,-5.589063,3.92566,2.063621,-5.435745
2023-12-25,2918.81,3022.2045,3168.2126,-3.481053,-8.199158,1.478324,-5.197495,2.5147,1.922701,-5.56631
2023-12-26,2898.88,3018.592333,3166.06505,-4.046615,-8.816505,2.331114,-2.731456,3.783487,2.623427,-4.917071
2023-12-27,2914.61,3015.464667,3164.02795,-3.401792,-8.210986,1.354264,-0.29206,4.250629,2.069574,-5.430229
2023-12-28,2954.7,3012.921,3162.37595,-1.951292,-6.792651,-0.86746,-1.516844,4.068146,0.684672,-6.713372
2023-12-29,2974.93,3010.661833,3160.83435,-1.193942,-6.061552,-2.981558,-3.126423,3.307138,-0.258157,-7.347736
2024-01-02,2962.28,3008.417833,3159.2653,-1.545506,-6.438026,-2.35788,-4.549527,3.549028,0.167776,-6.952077
2024-01-03,2967.25,3006.618,3157.95115,-1.318026,-6.228785,-3.064423,-6.211385,2.653831,-0.434746,-7.107928
2024-01-04,2954.35,3004.541167,3156.3794,-1.684621,-6.614695,-2.3182,-6.416423,3.138413,-0.851964,-6.70232
2024-01-05,2929.18,3001.5625,3154.79875,-2.441047,-7.420219,-1.624496,-7.036597,3.295852,-0.64728,-6.794734
2024-01-08,2887.54,2998.219833,3152.9199,-3.76138,-8.792405,-0.043299,-6.634237,4.955935,0.785444,-6.418959
2024-01-09,2893.25,2995.2105,3151.2517,-3.463408,-8.54193,0.025574,-3.652165,4.270088,0.586538,-6.603646
2024-01-10,2877.7,2991.7805,3149.38745,-3.887733,-9.021661,-1.543632,-1.682067,6.056698,1.130069,-6.098968
2024-01-11,2886.65,2988.912833,3147.64615,-3.481306,-8.655826,-1.425947,-0.721422,4.086952,0.816517,-6.390106
2024-01-12,2881.98,2986.856,3145.7778,-3.574377,-8.758361,-1.739552,0.986107,6.364941,0.990985,-6.238419
2024-01-15,2886.29,2985.243167,3143.8805,-3.370927,-8.548592,-4.606823,1.254617,6.307927,1.26252,-6.37843
2024-01-16,2893.99,2984.488167,3141.9172,-3.079209,-8.219701,-4.343512,1.949437,5.749622,1.968562,-6.627528
2024-01-17,2833.62,2982.3445,3139.75705,-5.115469,-10.259038,-0.454515,5.31697,7.181448,5.460859,-4.638237
2024-01-18,2845.78,2980.205667,3137.72895,-4.615512,-9.766208,2.097822,5.440044,6.007505,5.590734,-5.045717
2024-01-19,2832.28,2977.605333,3135.66345,-5.003736,-10.175874,2.714664,4.984076,7.235975,6.09403,-4.593119
2024-01-22,2756.34,2973.248,3133.24485,-7.575125,-12.816545,4.505257,8.985531,10.218825,9.401598,-1.964562
2024-01-23,2770.98,2969.071833,3130.7935,-6.904834,-12.208544,2.126293,6.52616,10.852982,8.823593,-2.482515
2024-01-24,2820.77,2965.771833,3128.53305,-5.012742,-10.355432,-1.148815,6.664632,9.858984,6.902725,-4.203817
2024-01-25,2906.11,2963.822333,3126.5816,-1.966435,-7.312485,-4.770098,4.076322,6.614033,4.160545,-7.01694
2024-01-26,2910.22,2962.169167,3124.5699,-1.769315,-7.106796,-6.387213,4.340184,7.622339,4.435747,-7.148257
2024-01-29,2883.36,2959.711833,3122.42355,-2.613563,-7.96532,-6.489373,5.546046,8.772845,5.702722,-6.283294
2024-01-30,2830.53,2955.913833,3119.93795,-4.334388,-9.734914,-1.460519,7.137052,10.008329,7.675594,-4.534133
2024-01-31,2788.55,2951.435167,3117.3039,-5.67698,-11.144675,1.464895,8.218242,12.325119,9.296588,-3.09695
2024-02-01,2770.74,2946.741333,3114.58975,-6.158549,-11.698301,3.3768,9.472139,12.973142,9.999134,-2.474068
2024-02-02,2730.15,2941.355833,3111.6046,-7.451409,-13.078199,6.398208,11.681925,14.241713,12.391627,-1.02412
2024-02-05,2702.19,2935.742833,3108.52375,-8.289796,-14.008538,7.845556,12.302468,15.199614,13.554561,3.230713
2024-02-06,2789.49,2931.458833,3105.78045,-4.964141,-10.740625,5.627176,8.725781,11.194217,10.000753,1.441482
2024-02-07,2829.7,2927.686,3103.0009,-3.404165,-9.219898,5.455404,7.110441,9.843124,8.437644,1.279288
2024-02-08,2865.9,2924.237167,3100.36375,-2.015121,-7.863701,4.73552,6.377931,9.579856,7.067937,1.557626
2024-02-19,2910.54,2921.897333,3098.0658,-0.389455,-6.243935,2.258417,5.819034,8.575567,5.991672,0.418823
2024-02-20,2922.73,2919.703333,3095.8443,0.10361,-5.754255,3.124091,4.679836,7.741131,5.549606,0.965878
2024-02-21,2950.96,2917.747333,3094.0928,1.131868,-4.73642,0.233211,4.26984,6.797935,4.539879,0.233483
2024-02-22,2988.36,2916.421167,3092.65755,2.436751,-3.430603,0.893147,2.92661,4.195054,3.231538,-1.020961
2024-02-23,3004.88,2915.775667,3091.3576,3.010175,-2.837271,0.7341,1.425785,2.756769,2.664,-1.565121
2024-02-26,2977.02,2914.361667,3089.9222,2.127199,-3.722311,2.070772,1.642126,4.820424,3.624766,-0.643933
2024-02-27,3015.48,2913.936833,3088.5702,3.425399,-2.394924,1.065772,0.529193,3.072543,2.303116,-1.911139
2024-02-28,2957.85,2912.706,3086.7431,1.538011,-4.265387,2.737184,1.186035,5.048799,4.296364,1.193096
2024-02-29,3015.17,2912.316333,3085.06665,3.470746,-2.291705,0.404795,-0.149689,2.505842,2.313634,-0.730639
2024-03-01,3027.02,2912.405167,3083.52925,3.859938,-1.849616,0.625718,0.466367,1.955956,1.913103,-1.119253
2024-03-04,3039.31,2912.565833,3081.7508,4.259609,-1.386736,0.954529,1.244807,1.28087,1.500999,-1.519095
2024-03-05,3047.79,2912.835,3080.2014,4.52899,-1.057825,0.26705,0.887516,1.414263,1.218588,-1.793103
2024-03-06,3039.93,2913.118667,3078.8053,4.261027,-1.270714,0.12821,0.961503,0.834358,1.480297,-1.53918
2024-03-07,3027.4,2914.037,3077.39455,3.816476,-1.637915,0.357094,0.646974,0.704063,1.90031,-1.131664
2024-03-08,3046.02,2915.321833,3076.26285,4.38556,-0.987968,0.282593,0.082697,0.172535,1.277405,-1.736036
2024-03-11,3068.46,2917.026,3075.05145,5.06112,-0.214583,0.535316,-1.349476,-1.325696,0.536751,-2.454652
2024-03-12,3055.94,2918.465667,3073.8762,4.602922,-0.585213,0.222923,-0.712296,-0.606231,0.948644,-2.055014
2024-03-13,3043.83,2919.338833,3072.6742,4.175943,-0.943167,1.171235,-0.803527,-0.491047,1.350273,-1.665336
2024-03-14,3038.23,2919.918667,3071.37875,3.971935,-1.085146,1.271574,0.628323,-0.184488,1.537079,-1.484088
2024-03-15,3054.64,2921.35,3070.23425,4.461591,-0.509212,-0.216627,-1.569556,-1.276677,0.991606,-2.013331
2024-03-18,3084.93,2923.449,3069.17655,5.376488,0.511967,-1.918491,-0.440199,-1.788384,-0.169858,-2.975432
2024-03-19,3062.76,2925.452333,3068.25915,4.586736,-0.179388,-1.026552,0.373474,-1.470554,0.552769,-2.273113
2024-03-20,3079.69,2927.933833,3067.63385,5.053194,0.392241,-2.850594,-0.469655,-2.440496,-0.075008,-2.810348
2024-03-21,3077.11,2930.345833,3067.0131,4.88704,0.328669,-2.183152,-1.062132,-2.599875,0.008774,-2.728859
2024-03-22,3048.03,2932.777833,3066.19075,3.854544,-0.594051,-0.225317,-0.858323,-2.825946,0.962917,-1.800835
2024-03-25,3026.31,2934.571167,3065.21505,3.078272,-1.277367,1.673453,0.609773,-2.553889,1.687534,-1.096054
2024-03-26,3031.48,2936.516167,3064.2514,3.182705,-1.075235,1.424094,0.704101,-1.963751,1.514112,-1.264729
2024-03-27,2993.14,2937.755,3063.1943,1.867732,-2.313526,2.512652,3.140786,-1.59256,3.190629,0.465398
2024-03-28,3010.66,2939.618,3062.22445,2.387968,-1.698227,1.201459,3.344042,-1.447318,3.400583,-0.119243
2024-03-29,3041.17,2941.727333,3061.27995,3.324537,-0.65908,0.242048,2.071343,-1.538823,2.363235,-1.121279
2024-04-01,3077.38,2943.772,3060.50465,4.438683,0.549876,-1.639754,2.037349,-2.646346,2.058244,-2.284736
2024-04-02,3074.96,2945.439167,3059.90275,4.303396,0.490876,-1.332762,2.339284,-3.057025,2.36686,-2.207834
2024-04-03,3069.3,2947.222833,3059.26045,4.058621,0.327632,-1.63682,1.909774,-3.708154,2.555632,-2.027498
2024-04-08,3047.05,2948.552833,3058.42775,3.285942,-0.372707,0.338443,3.459903,-3.239247,3.520454,-1.312089
2024-04-09,3048.54,2950.122667,3057.5134,3.281604,-0.293918,-1.36966,3.418307,-4.224048,3.477402,-1.360323
2024-04-10,3027.33,2951.7585,3056.5059,2.527995,-0.959136,1.444593,3.909264,-2.270464,4.202383,-0.669237
2024-04-11,3034.25,2954.203667,3055.5088,2.673515,-0.698185,1.308693,3.609442,-3.177241,3.964736,-0.895773
2024-04-12,3019.47,2956.307333,3054.4612,2.114035,-1.152189,1.505108,3.271963,-1.638806,4.473633,-0.410668
2024-04-15,3057.38,2959.302,3053.4832,3.260491,0.127537,-0.418881,2.10436,-2.855877,3.178211,-1.645527
2024-04-16,3007.07,2961.309,3052.1519,1.533478,-1.48807,0.494606,4.771482,-1.105497,4.904442,0.495831
2024-04-17,3071.38,2964.465667,3051.22975,3.543017,0.658227,-0.868519,3.196733,-3.144605,3.248377,-1.608398
2024-04-18,3074.22,2967.597833,3050.39905,3.52984,0.777879,-0.695925,2.687821,-3.689957,3.152995,-1.699293
2024-04-19,3065.26,2970.452333,3049.73585,3.141815,0.507741,0.759847,2.99775,-2.917265,3.454519,-1.411952
2024-04-22,3044.6,2973.968667,3049.20575,2.347222,-0.151162,2.223021,2.330575,-2.067136,4.156539,-0.742955
2024-04-23,3021.98,2976.905333,3048.36845,1.502796,-0.869427,2.70435,2.189308,-1.929832,4.936168,0.755796
2024-04-24,3044.82,2980.447667,3047.64565,2.136827,-0.092759,3.101029,2.568525,-4.344504,4.149014,0.265369
2024-04-25,3052.9,2985.390333,3046.99825,2.236146,0.193503,3.059278,1.839249,-5.070903,3.873366,1.17069
2024-04-26,3088.64,2990.684667,3046.43115,3.222852,1.376007,1.28164,0.721978,-6.760303,2.671402,0.007447
2024-04-29,3113.04,2995.555833,3045.77645,3.846994,2.184388,1.31732,-0.688511,-7.403187,1.866664,-0.776411
2024-04-30,3104.82,2998.867667,3045.0738,3.472097,1.943061,1.589011,-0.581755,-7.105931,2.136356,-0.580066
2024-05-06,3140.72,3002.709333,3044.66265,4.493708,3.106197,0.232161,-2.001286,-8.690486,0.968886,-1.981393
2024-05-07,3147.74,3007.115667,3044.3735,4.570337,3.33896,-0.062604,-1.812537,-6.870041,0.743708,-2.199991
2024-05-08,3128.48,3012.0815,3044.03285,3.79159,2.736403,-0.274631,-2.03692,-6.472947,1.363921,-2.016315
2024-05-09,3154.32,3018.177667,3043.78595,4.411971,3.567082,-1.0171,-3.402815,-8.222252,0.533554,-3.345571
2024-05-10,3154.55,3024.5745,3043.45185,4.207543,3.585351,-0.016485,-3.328468,-9.77795,0.526224,-3.352618
2024-05-13,3148.02,3031.539,3043.2113,3.770327,3.386038,0.732061,-3.885484,-9.340984,0.734748,-3.810967
2024-05-14,3145.77,3038.932,3042.75775,3.455256,3.329443,0.387072,-3.503376,-9.18059,0.806798,-3.742168
2024-05-15,3119.9,3044.438833,3042.16875,2.448436,2.523028,1.230895,-2.959483,-8.352376,1.642681,-2.944005
2024-05-16,3122.4,3049.317167,3041.7326,2.368425,2.617465,-0.192666,-2.917171,-8.701487,1.561299,-3.021714
2024-05-17,3154.03,3054.119333,3041.51365,3.218972,3.63257,-2.087567,-4.478602,-9.848894,0.542798,-4.379793
2024-05-20,3171.15,3058.462833,3041.3752,3.618185,4.178452,-1.496726,-4.544917,-10.049681,-0.397648,-4.896016
2024-05-21,3157.97,3062.3835,3041.31745,3.073588,3.763862,-1.544496,-4.531849,-10.238238,0.01805,-4.499093
2024-05-22,3158.54,3065.843167,3041.2714,2.978727,3.783424,-1.515925,-4.968592,-9.323669,-1.092277,-4.847176
2024-05-23,3116.39,3067.977,3041.03255,1.565689,2.447817,-0.796065,-3.868318,-7.908292,0.245476,-3.794454
2024-05-24,3088.87,3069.376833,3040.3193,0.633077,1.584279,-0.066713,-4.156931,-6.527974,1.138604,-4.071716
2024-05-27,3124.04,3071.827167,3039.82435,1.685448,2.73273,-1.468782,-5.732187,-8.597945,-0.416768,-5.570991
2024-05-28,3109.57,3073.395333,3039.28885,1.170153,2.28609,-0.592509,-4.507101,-8.485935,0.04663,-5.131578
2024-05-29,3111.02,3075.948167,3038.4643,1.133745,2.359842,-1.477258,-5.455325,-8.806332,-0.621661,-5.309191
2024-05-30,3091.68,3077.223333,3037.4675,0.468696,1.769052,-1.396984,-4.102848,-7.986348,-0.015526,-4.716853
2024-05-31,3086.81,3078.219833,3036.4468,0.278674,1.645018,-1.157702,-3.028412,-7.788423,0.142218,-4.566527
2024-06-03,3078.49,3078.872833,3035.5308,-0.012435,1.405291,-1.652037,-2.682409,-7.756594,0.412865,-4.308606
2024-06-04,3091.2,3079.596333,3034.5845,0.376084,1.848485,-1.753443,-3.583773,-8.566065,-0.834627,-4.702057
2024-06-05,3065.4,3080.020833,3033.4711,-0.475829,1.047053,-1.197195,-3.581008,-8.233895,-0.460625,-3.89998
2024-06-06,3048.79,3080.377333,3032.3709,-1.030731,0.54,-0.531456,-3.296335,-7.016287,0.081672,-3.376421
2024-06-07,3051.28,3080.465,3031.3242,-0.951938,0.656162,-1.16662,-4.313887,-8.200665,-0.452597,-4.222163
2024-06-11,3028.05,3079.7915,3030.242,-1.694305,-0.072364,0.072628,-2.294244,-7.723571,0.311091,-3.487393
2024-06-12,3037.47,3079.483667,3029.15655,-1.373701,0.274072,-0.6414,-3.283306,-8.703562,-0.159343,-3.786704
2024-06-13,3028.92,3079.235167,3028.3549,-1.647512,0.018659,-0.778214,-1.951286,-8.277044,0.122486,-3.515114
2024-06-14,3032.63,3079.141833,3027.6259,-1.52207,0.165145,-1.143813,-2.043066,-9.209669,-0.07848,-3.63315
2024-06-17,3015.89,3078.496,3026.82445,-2.054619,-0.361906,-1.765896,-1.398377,-9.72189,0.476145,-3.098256
2024-06-18,3030.25,3077.584667,3026.22505,-1.549997,0.132914,-2.683995,-1.796421,-9.915917,-0.402607,-3.557462
2024-06-19,3018.05,3076.8395,3025.4966,-1.929201,-0.246432,-1.519749,-1.845928,-10.33175,-0.417819,-3.167608
2024-06-20,3005.44,3075.602,3024.86405,-2.307667,-0.644217,-2.002658,-0.946423,-10.085148,-0.242893,-2.761326
2024-06-21,2998.14,3074.285833,3024.38985,-2.508053,-0.871727,-1.030595,-0.529393,-10.322665,-0.03769,-2.524565
2024-06-24,2963.1,3072.870333,3023.6037,-3.637607,-2.021338,1.061806,0.037791,-8.660464,1.14441,-1.371874
2024-06-25,2950,3071.5985,3022.9617,-4.039294,-2.443188,1.580995,-1.180843,-7.530086,1.593559,-1.173898
2024-06-26,2972.53,3070.616,3022.41315,-3.246475,-1.664213,0.33082,-2.403052,-8.262043,0.823541,-2.374408
2024-06-27,2945.85,3069.827833,3021.82205,-4.122408,-2.546258,0.397058,-2.026956,-6.918929,1.73668,-2.006552
2024-06-28,2967.4,3069.106833,3021.16585,-3.370044,-1.795665,-0.590471,-2.611828,-3.577072,0.997843,-2.718204
2024-07-01,2994.73,3068.332833,3020.46005,-2.428029,-0.855508,-2.443177,-3.495764,-3.341656,0.076134,-3.606001
2024-07-02,2997.01,3066.993333,3019.7594,-2.308259,-0.756203,-1.263872,-4.006792,0.131378,-0.488153,-3.927581
2024-07-03,2982.38,3065.450333,3019.0719,-2.747285,-1.222783,-1.452977,-1.473732,3.464978,-0.002347,-3.4563
2024-07-04,2957.57,3063.588167,3018.1935,-3.521885,-2.029049,0.432527,-0.85502,12.055437,0.836498,-2.646429
2024-07-05,2949.93,3061.9695,3017.05785,-3.72769,-2.250069,0.721813,-1.523102,16.805726,1.097653,-2.394294
2024-07-08,2922.45,3059.868,3015.89825,-4.594947,-3.147541,1.74889,-2.135596,10.895514,2.048281,-2.112953
2024-07-09,2959.37,3058.735333,3014.9047,-3.302513,-1.859181,0.570451,-3.161256,10.953074,0.775165,-3.334156
2024-07-10,2939.36,3057.153833,3013.98975,-3.929249,-2.507283,0.795977,-2.393908,9.048738,1.461202,-2.676093
2024-07-11,2970.39,3056.335833,3013.2581,-2.85235,-1.432866,0.226649,-3.441607,10.046637,0.401294,-3.692781
2024-07-12,2971.3,3054.901167,3012.4007,-2.774767,-1.373777,0.36986,-3.74125,7.455429,0.370545,-3.722276
2024-07-15,2974.01,3054.350167,3011.58545,-2.665565,-1.255546,-0.329728,-3.971915,7.416105,0.279084,-3.894069
2024-07-16,2976.3,3052.7655,3010.8516,-2.536698,-1.154204,-2.068418,-3.708343,6.285507,0.201929,-3.968014
2024-07-17,2962.85,3050.909333,3010.0331,-2.928805,-1.579943,-2.076872,-3.86046,9.605397,0.6568,-3.786894
2024-07-18,2977.13,3049.4405,3009.33005,-2.399838,-1.075773,-3.083191,-3.408654,9.325209,0.173993,-4.248387
2024-07-19,2982.31,3048.402333,3008.61195,-2.191946,-0.878066,-3.11303,-3.510581,9.693329,-0.606577,-4.414699
2024-07-22,2964.22,3047.439667,3007.80825,-2.768786,-1.459773,-2.471749,-2.408834,10.815666,-0.859248,-3.831362
2024-07-23,2915.37,3045.282167,3006.84225,-4.359682,-3.08937,-1.244953,-1.684915,11.792595,0.801957,-2.219958
2024-07-24,2901.95,3042.766333,3005.9285,-4.738415,-3.520358,1.26014,-1.575782,12.844863,1.268113,-1.767777
2024-07-25,2886.74,3039.401333,3004.70005,-5.153273,-4.004991,1.568995,-1.324052,14.049938,1.801686,-1.315325
2024-07-26,2890.9,3035.699,3003.5765,-4.887384,-3.823587,0.498255,-1.271672,12.822791,1.655194,-1.457332
2024-07-29,2891.85,3032.1495,3002.5244,-4.737534,-3.755697,-1.083009,-1.264247,12.174304,1.621799,-1.489704
2024-07-30,2879.3,3027.7925,3001.3843,-5.02866,-4.152641,-0.418336,-1.067393,13.024133,2.064738,-1.061716
2024-07-31,2938.75,3024.309333,3000.52565,-2.869842,-2.080317,-2.373153,-3.508561,10.742015,-0.216419,-3.447724
2024-08-01,2932.39,3021.041167,2999.703,-2.978374,-2.269549,-2.15406,-3.797868,12.119384,-0.922456,-3.726653
2024-08-02,2905.34,3016.8915,2998.8535,-3.767657,-3.167963,-1.496336,-2.19685,15.33912,-0.401674,-2.830306
2024-08-05,2860.7,3011.994,2997.7622,-5.153597,-4.679973,-0.087429,-1.751183,16.793594,1.152515,-1.735939
2024-08-06,2867.28,3007.315,2996.5591,-4.768381,-4.410082,0.023364,-2.268071,19.098093,0.920384,-2.242543
2024-08-07,2869.83,3002.716,2995.46775,-4.526442,-4.28476,-0.670576,-3.026348,18.478788,0.830711,-2.981013
2024-08-08,2869.9,2998.549333,2994.4482,-4.385143,-4.248279,0.259602,-2.884151,18.989758,0.828252,-2.983379
2024-08-09,2862.19,2994.2125,2993.34165,-4.509419,-4.480331,0.600529,-3.425353,17.862934,1.099857,-3.367352
2024-08-12,2858.2,2989.282,2992.3391,-4.484117,-4.586333,1.233354,-4.351598,18.507009,1.240991,-4.258274
2024-08-13,2867.95,2984.228667,2991.6519,-3.974382,-4.222822,-0.04499,-4.411154,16.423088,0.896808,-4.583762
2024-08-14,2850.65,2979.106667,2990.98985,-4.407644,-4.805735,0.207807,-4.625361,15.564446,1.509129,-4.520022
2024-08-15,2877.36,2974.420333,2990.6802,-3.317597,-3.862765,-0.998588,-5.730071,14.425054,0.566839,-5.568994
2024-08-16,2879.43,2970.471,2990.26615,-3.112817,-3.777004,-0.87412,-6.282692,15.017623,0.494542,-6.0894
2024-08-19,2893.67,2967.217667,2989.86395,-2.509911,-3.270229,-1.327163,-6.289421,15.179053,-0.933417,-6.551542
2024-08-20,2866.66,2962.928,2989.25575,-3.303038,-4.187685,-0.627431,-4.664328,16.188384,-0.351629,-5.67106
2024-08-21,2856.58,2958.7115,2988.44975,-3.512876,-4.512967,-0.672639,-4.28321,13.430518,-0.037107,-5.338202
2024-08-22,2848.77,2954.340667,2987.58585,-3.638818,-4.757833,-0.904821,-3.567921,13.599258,0.236944,-5.078683
2024-08-23,2854.37,2950.3855,2986.76385,-3.308469,-4.533932,-0.426923,0.306428,13.280242,0.306898,-5.26491
2024-08-26,2855.52,2946.530667,2985.92605,-3.137447,-4.465597,-1.569944,1.418355,14.762776,1.428461,-5.303062
2024-08-27,2848.73,2942.701333,2985.12265,-3.24547,-4.676755,-1.619014,5.205562,14.574531,5.343434,-5.07735
2024-08-28,2837.43,2938.471833,2984.1558,-3.499095,-5.041818,-1.89094,8.447271,15.900996,8.814314,-4.699323
2024-08-29,2823.11,2934.433667,2982.9793,-3.867536,-5.508345,-1.240344,16.708324,17.528568,18.185264,-4.215918
2024-08-30,2842.21,2930.990667,2981.904,-3.075856,-4.79801,-2.724838,20.525678,17.294166,22.784031,-4.859599
2024-09-02,2811.04,2926.986667,2980.69735,-4.041893,-5.860276,-2.687844,14.782292,17.976942,24.145512,-3.804642
2024-09-03,2802.98,2923.2355,2979.44585,-4.200791,-6.105419,-2.119719,16.382401,18.389127,24.502494,-3.528031
2024-09-04,2784.28,2919.015667,2978.1724,-4.725715,-6.732051,-2.269589,14.468994,20.09854,25.338687,-2.880098
2024-09-05,2788.31,2915.0055,2976.8813,-4.443603,-6.544053,-2.586318,16.372395,19.90836,25.157533,-3.020468
2024-09-06,2765.81,2910.5585,2975.43,-5.101145,-7.305503,-2.25681,14.622031,21.308449,26.175695,-2.231534
2024-09-09,2736.49,2905.901833,2973.7483,-6.006771,-8.314713,-0.70447,15.739618,22.660987,27.527599,-1.183998
2024-09-10,2744.19,2901.134167,2972.2146,-5.56158,-7.982138,-0.298164,14.405004,23.221607,27.169766,-1.461269
2024-09-11,2721.8,2896.196667,2970.55175,-6.210496,-8.745428,0.549958,18.091218,22.009091,28.215887,-0.650672
2024-09-12,2717.12,2891.391333,2968.79575,-6.216532,-8.85839,1.163561,18.463934,22.017424,28.436727,-0.479552
2024-09-13,2704.09,2886.4905,2966.97655,-6.527596,-9.2778,5.714999,19.486602,21.761889,29.055616,0.48778
2024-09-18,2717.28,2882.3935,2965.3449,-5.898965,-8.736197,6.380613,19.513921,21.889796,28.429164,0.68966
2024-09-19,2736.02,2878.827167,2963.7157,-5.087867,-7.993948,9.24246,18.141838,20.841734,27.549506,0.028874
2024-09-20,2736.81,2874.8985,2962.1949,-4.922436,-7.913751,12.057841,18.703855,20.754687,27.512688,0.442486
2024-09-23,2748.92,2871.616333,2960.781,-4.366695,-7.424498,19.371425,18.941911,19.812829,26.950948,4.154723
2024-09-24,2863.13,2869.8785,2959.9039,-0.235426,-3.324137,19.792326,13.788035,16.995525,21.886886,1.158872
2024-09-25,2896.31,2868.238167,2959.277,0.973955,-2.150747,11.793993,12.020196,15.838012,20.490555,3.612873
2024-09-26,3000.95,2868.303833,2959.1334,4.520805,1.403245,9.557824,8.885964,12.428166,16.289175,2.885086
2024-09-27,3087.53,2870.056333,2959.41285,7.303976,4.238053,4.130783,5.803306,9.644519,13.028213,2.650986
2024-09-30,3336.5,2876.371833,2960.9808,14.839263,11.940179,-1.576272,-0.791072,2.100664,4.594036,-5.008842
2024-10-08,3489.78,2885.369333,2963.5682,19.018579,16.344468,-8.628484,-2.989708,-4.035312,-2.945458,-9.181095
2024-10-09,3258.86,2890.976167,2965.01785,11.978322,9.449439,-1.730518,3.762485,0.113472,3.931743,-2.745745
2024-10-10,3301.93,2896.6855,2966.69645,13.093999,10.705812,-4.097116,4.983763,-2.779083,5.110042,-4.014319
2024-10-11,3217.74,2901.325167,2967.93735,10.351166,8.081203,1.352636,7.036143,-0.336827,7.860175,-1.502918
2024-10-14,3284.32,2906.557333,2969.40175,12.21903,10.079913,-0.494779,5.501514,-1.678895,5.673625,-3.499659
2024-10-15,3201.29,2910.3905,2970.391,9.526659,7.486026,2.60776,6.666256,0.898091,8.41442,-0.996786
2024-10-16,3202.95,2914.206167,2971.56195,9.44748,7.498454,3.069833,7.118989,0.263161,8.358232,-1.048096
2024-10-17,3169.38,2917.424167,2972.6139,8.283489,6.409432,3.43867,6.429239,-0.027138,9.50596,2.908455
2024-10-18,3261.56,2922.402667,2974.2089,10.97995,9.222752,1.162595,2.098589,-3.13931,6.411043,0.14349
2024-10-21,3268.11,2927.252333,2975.89545,11.014762,9.366685,1.641538,1.691191,-0.834842,6.197772,-0.05722
2024-10-22,3285.87,2932.311667,2977.66285,11.384038,9.849274,0.016433,1.813713,-1.804136,5.623777,-0.597406
2024-10-23,3302.8,2937.954667,2979.6663,11.705695,10.295928,-1.113112,1.954553,-2.042332,5.082354,-1.10694
2024-10-24,3280.26,2944.036167,2981.47405,10.81412,9.550486,-0.013414,2.710874,-1.178779,5.804418,-0.427405
2024-10-25,3299.7,2950.665333,2983.39865,11.180087,10.076842,-0.842708,-0.990127,-1.690729,5.181077,-1.014032
2024-10-28,3322.2,2957.923,2985.4156,11.613988,10.688825,-0.361558,-1.774731,-2.424557,4.468726,-1.759075
2024-10-29,3286.41,2964.514833,2987.35325,10.30824,9.540799,3.014584,-0.814221,-2.239776,5.606422,-0.810915
2024-10-30,3266.24,2970.754667,2989.1114,9.482346,8.866332,3.536282,1.324225,-1.11078,6.258573,-0.198393
2024-10-31,3279.82,2977.43,2990.737,9.672803,9.22687,5.655623,0.483005,-0.832464,5.818612,-0.611619
2024-11-01,3272.01,2982.984333,2992.2224,9.248022,8.938809,5.36362,1.65042,-0.656488,6.071192,-0.374388
2024-11-04,3310.21,2989.281333,2993.96205,10.197863,10.041402,4.716314,1.611317,-2.46874,4.847125,-1.524072
2024-11-05,3386.99,2997.308833,2996.06075,12.222679,12.264328,1.027479,-0.241804,-3.494982,2.470335,-3.756433
2024-11-06,3383.81,3006.027333,2998.20805,11.838291,12.09875,1.625985,-0.567835,-2.396832,2.566633,-3.665986
2024-11-07,3470.66,3016.083667,3000.91545,14.038559,14.542739,-2.651641,-2.977037,-4.372659,-0.017,-6.076654
2024-11-08,3452.3,3025.7915,3003.73925,13.186797,13.918275,-3.584918,-1.406596,-3.96604,0.514729,-5.577151
2024-11-11,3470.07,3035.794333,3006.62335,13.370165,14.335713,-4.305102,-1.965549,-3.629261,-0.887302,-6.060685
2024-11-12,3421.97,3045.124,3009.3447,11.667479,12.849406,-2.244782,0.020162,-2.649964,0.505849,-4.740252
2024-11-13,3439.28,3054.808667,3012.10785,11.854519,13.262203,-2.094602,-0.19762,-2.728139,-0.197425,-5.219697
2024-11-14,3379.84,3063.340167,3014.59715,9.832249,11.436217,-0.279694,2.387365,-0.712924,2.416091,-3.552831
2024-11-15,3330.73,3071.3415,3016.81935,8.107706,9.898842,-1.926121,1.819284,-0.187522,3.926166,-2.130764
2024-11-18,3323.85,3078.783,3018.96865,7.658936,9.620848,-1.824384,1.862299,0.829619,4.141282,-1.928186
2024-11-19,3346.01,3086.559333,3021.5306,8.071161,10.200507,-2.611502,0.461574,0.142456,3.451574,-2.577697
2024-11-20,3367.99,3094.464667,3024.14165,8.47012,10.768883,-1.743441,0.421321,0.329623,2.776433,-3.213489
2024-11-21,3370.4,3102.860333,3026.83225,8.270706,10.751482,-2.241284,-0.010979,0.078002,2.702943,-3.282696
2024-11-22,3267.19,3109.703833,3029.3865,4.94028,7.557016,1.797839,3.040959,2.384727,5.947313,-0.227413
2024-11-25,3263.76,3116.620333,3031.8504,4.613072,7.370678,3.024489,2.645649,3.505793,6.058656,-0.122558
2024-11-26,3259.76,3123.376833,3034.04535,4.273884,7.175674,3.587,4.02171,3.860391,6.188799,1.102535
2024-11-27,3309.78,3130.947833,3036.0637,5.554594,8.631988,1.644222,2.493591,0.335411,4.58399,-0.425406
2024-11-28,3295.7,3138.397333,3037.9911,4.890632,8.142211,2.195582,3.059198,0.642107,5.030798,0.933337
2024-11-29,3326.46,3146.547833,3040.2066,5.560275,8.99832,2.306604,2.190793,-0.067662,4.059571,0.745537
2024-12-02,3363.98,3155.562333,3042.87385,6.395808,10.032238,1.139448,1.28042,-0.656734,2.898947,-0.378124
2024-12-03,3378.81,3164.505667,3045.82515,6.552672,10.375173,1.289445,-0.8038,0.067752,2.447311,-0.815376
2024-12-04,3364.65,3173.7325,3048.7947,5.841561,9.857761,1.9962,-3.081178,0.234519,2.878457,-3.034194
2024-12-05,3368.86,3183.163833,3051.98825,5.669879,9.878114,2.712761,-4.785809,-0.080178,2.749892,-4.673094
2024-12-06,3404.08,3193.493833,3055.4977,6.385915,10.803222,-0.359037,-5.966374,-0.71493,1.686799,-5.791873
2024-12-09,3402.53,3203.730833,3058.5629,6.020326,10.657411,-0.477253,-5.21486,-0.903696,1.733122,-5.748957
2024-12-10,3422.66,3214.678333,3061.5277,6.269073,11.150399,-1.80337,-5.788326,-1.88551,1.13479,-6.303285
2024-12-11,3432.49,3226.278333,3064.36065,6.195669,11.344699,-1.47566,-6.658208,-0.377406,0.845159,-6.571614
2024-12-12,3461.5,3238.2335,3067.11545,6.667406,12.096449,-2.678037,-8.843742,-1.027068,-1.564928,-8.463961
2024-12-13,3391.88,3249.4015,3069.4612,4.291351,9.98823,-0.704446,-7.057183,1.110595,0.4555,-6.81392
2024-12-16,3386.33,3260.555,3071.63805,3.784931,9.753575,-1.041034,-4.388333,1.177216,0.62014,-6.661194
2024-12-17,3361.49,3271.511667,3073.5037,2.713217,8.956615,0.948635,-4.079423,1.402,1.363681,-5.971459
2024-12-18,3382.21,3282.593833,3075.39035,2.989543,9.509751,0.328829,-4.418207,-0.51519,0.74271,-6.547494
2024-12-19,3370.03,3293.160667,3077.3554,2.307385,9.085105,0.828892,-3.878675,0,1.106815,-6.209737
2024-12-20,3368.07,3303.681667,3079.11835,1.930238,8.969657,0.947673,-3.741561,0.056693,1.165653,-6.155157
2024-12-23,3351.26,3313.720667,3081.0854,1.126477,8.405446,1.65926,-3.295475,0.519052,1.673102,-5.684429
2024-12-24,3393.53,3322.560667,3082.9772,2.113491,9.597492,-1.23851,-5.447265,-0.584579,0.406656,-6.859229
2024-12-25,3393.35,3330.844667,3084.80885,1.859171,9.532794,-3.930547,-4.928596,-1.246632,0.411982,-6.854289
2024-12-26,3398.08,3337.4635,3086.6027,1.799948,9.613953,-5.649425,-4.374667,-1.851302,0.272213,-6.983944
2024-12-27,3400.14,3342.673667,3088.36445,1.704562,9.617496,-5.850563,-4.497701,-1.532204,0.211462,-7.040298
2024-12-30,3407.33,3343.854167,3090.20145,1.880491,9.769271,-5.355832,-5.360476,-1.692984,-1.630896,-7.236458
2024-12-31,3351.76,3341.553833,3091.82325,0.304966,8.072462,-3.695081,-2.449378,-0.291316,-2.419624,-5.698499
2025-01-02,3262.56,3341.6155,3092.90595,-2.394221,5.340108,-1.58083,1.252181,-5.221389,1.260053,-3.120249
2025-01-03,3211.43,3340.107167,3093.6208,-3.928657,3.737414,-1.345172,3.390186,-2.072757,3.448308,-1.577802
2025-01-06,3206.92,3339.926833,3094.3757,-4.063793,3.57248,-1.449847,3.40693,-0.629056,3.593791,-1.439387
2025-01-07,3229.64,3339.0155,3095.30475,-3.330533,4.248431,0.349274,3.551148,-0.185952,3.614954,-2.132745
2025-01-08,3230.17,3339.496833,3096.26445,-3.328538,4.23384,-0.094467,3.1182,0.249212,3.597953,-2.148803
2025-01-09,3211.39,3339.6375,3097.0482,-3.91584,3.62544,0.76434,4.12769,1.588492,4.214063,-1.576576
2025-01-10,3168.52,3339.623167,3097.46615,-5.259337,2.26802,2.28703,5.743453,3.080953,5.911593,-0.244909
2025-01-13,3160.76,3337.943167,3097.95615,-5.454229,2.006992,2.611176,5.050377,3.581066,6.171617,1.672383
2025-01-14,3240.94,3337.490333,3098.7624,-2.935572,4.486061,0.051823,3.355653,1.208366,3.544959,-0.842965
2025-01-15,3227.12,3336.511167,3099.51245,-3.33356,4.034527,-0.419207,3.760306,1.525588,3.988386,-0.41833
2025-01-16,3236.03,3335.398333,3100.45245,-3.024484,4.279922,-0.18156,4.326509,1.697485,4.421467,-0.692515
2025-01-17,3241.82,3334.757667,3101.53,-2.826511,4.423936,0.3329,3.967655,1.771484,4.234967,-0.869882
2025-01-20,3244.38,3333.835667,3102.5945,-2.719922,4.468557,0.191533,3.085329,1.589456,4.152719,-0.948101
2025-01-21,3242.62,3332.509333,3103.8419,-2.734393,4.374098,-0.405741,4.155619,1.671927,4.243174,-0.894339
2025-01-22,3213.62,3331.296167,3104.8567,-3.596344,3.443046,1.759377,5.285946,2.502635,5.428146,0.493836
2025-01-23,3230.16,3330.694833,3105.80165,-3.064927,3.925981,2.25023,2.770416,1.787249,4.888303,-0.020742
2025-01-24,3252.63,3330.241667,3106.6779,-2.358097,4.590994,2.115428,1.957576,1.040491,4.163708,-0.711424
2025-01-27,3250.6,3329.884833,3107.5561,-2.409812,4.5003,2.054068,2.239246,0.870805,4.228758,-0.649419
2025-02-05,3229.49,3328.5395,3108.35705,-3.020939,3.822992,3.555792,3.423323,2.646818,4.910063,1.274814
2025-02-06,3270.66,3326.600667,3109.4751,-1.695916,5.053787,1.872497,3.32093,2.177809,3.58949,1.009276
2025-02-07,3303.67,3325.265,3110.75075,-0.65154,6.016988,1.294679,2.063516,1.452321,2.554432,0.401372
2025-02-10,3322.17,3322.790167,3112.22495,-0.018666,6.52803,1.008095,1.315444,0.595125,1.983342,-0.157728
2025-02-11,3318.06,3320.552833,3113.644,-0.075101,6.358653,0.1936,1.844514,1.530692,2.109666,-0.034056
2025-02-12,3346.39,3318.4915,3115.2786,0.837184,7.156357,0.153779,0.760016,0.847465,1.245222,-0.880352
2025-02-13,3332.48,3317,3116.6541,0.465601,6.695675,0.547638,0.784615,2.121975,1.667827,-0.466619
2025-02-14,3346.72,3315.457333,3118.35235,0.938519,7.067599,0.96316,2.153113,1.013752,2.176459,-0.890125
2025-02-17,3355.83,3315.057167,3119.7746,1.222426,7.293838,0.511232,2.073221,0.345962,2.094862,-1.159177
2025-02-18,3324.49,3314.953167,3121.02595,0.287278,6.31545,0.646128,3.117401,1.287811,3.166501,-0.227403
2025-02-19,3351.54,3315.414667,3122.45735,1.083724,7.079964,0.85179,2.209896,0.859777,2.333852,-1.03266
2025-02-20,3350.78,3315.494167,3123.98825,1.058647,7.008268,1.106433,1.721117,1.09197,2.357063,-1.010213
2025-02-21,3379.11,3315.6795,3125.7739,1.894978,7.793046,-1.737653,-0.423492,0.031956,1.498915,-1.84013
2025-02-24,3373.03,3315.723333,3127.41495,1.713565,7.560468,-1.677179,-0.08898,-0.733779,1.681871,-1.663193
2025-02-25,3346.04,3317.0375,3128.88065,0.870549,6.710224,-0.654551,0.712925,0.023906,2.502062,-0.869984
2025-02-26,3380.21,3318.978333,3130.3385,1.828083,7.679669,-1.138038,-0.341092,-1.176047,1.465885,-1.872073
2025-02-27,3388.06,3321.116667,3131.7136,1.995641,7.867716,-0.205639,-0.42326,-1.430764,1.230793,-2.099432
2025-02-28,3320.9,3321.302,3132.794,-0.012104,5.831057,1.54333,0.911548,1.27314,3.278027,-0.119546
2025-03-03,3316.93,3321.655833,3133.67505,-0.142375,5.68332,1.473297,0.565789,0.917115,3.401639,0.21948
2025-03-04,3324.21,3321.618333,3134.5574,0.077994,5.874407,1.659336,0.726251,1.129803,3.17519,0.34715
2025-03-05,3341.96,3321.251333,3135.6248,0.621584,6.372901,0.892485,0.244169,1.019336,2.627201,-0.185819
2025-03-06,3381.1,3321.2895,3136.7587,1.784799,7.501109,-0.663817,-1.162868,0.088689,1.439177,-1.341279
2025-03-07,3372.55,3321.421167,3137.8487,1.527638,7.21317,1.384275,-8.537086,0.379112,1.696343,-8.182829
2025-03-10,3366.16,3321.376167,3138.9394,1.339342,6.988766,1.765872,-6.778387,0.993515,1.889393,-8.008532
2025-03-11,3379.83,3320.972,3140.1097,1.75679,7.356768,1.466488,-5.8805,0.147532,1.477293,-8.380599
2025-03-12,3371.92,3320.461833,3141.3698,1.537844,7.082337,1.603659,-4.497116,0.897524,1.715343,-8.165674
2025-03-13,3358.73,3319.396333,3142.55145,1.177999,6.652789,1.48414,-3.653604,1.299455,2.114787,-7.805033
2025-03-14,3419.56,3319.180833,3143.8791,2.979387,8.405447,-1.613445,-4.69231,-1.252415,0.298284,-9.445075
2025-03-17,3426.13,3318.591333,3145.154,3.189095,8.556849,-1.65097,-4.735721,-1.097612,0.10595,-9.618724
2025-03-18,3429.76,3319.222667,3146.51295,3.275967,8.619545,-1.758348,-4.586712,-1.242762,-0.097091,-9.714382
2025-03-19,3426.43,3319.891,3147.8524,3.158695,8.479846,-1.699199,-4.357183,-1.104008,-0.510152,-9.626638
2025-03-20,3408.95,3320.682,3149.3152,2.623414,7.921929,-1.037944,-3.955835,-1.383557,-1.032576,-9.163232
2025-03-21,3364.83,3320.392333,3150.695,1.329449,6.575438,-0.402613,-2.205532,-0.146623,0.265095,-7.972171
2025-03-24,3370.03,3320.392333,3151.92495,1.48387,6.690828,-1.02241,-2.107191,0.342141,0.110385,-8.114171
2025-03-25,3369.98,3320.424167,3153.227,1.481427,6.648044,-0.641224,-2.208798,1.490039,0.11187,-8.112808
2025-03-26,3368.7,3320.714833,3154.5154,1.434684,6.569203,-0.552776,-2.142599,2.557626,0.149909,-8.077894
2025-03-27,3373.75,3320.385167,3155.92575,1.59441,6.674301,-0.945246,-2.360051,2.189997,-0.665135,-8.215487
2025-03-28,3351.31,3319.6845,3157.24825,0.948157,5.965047,-7.905304,-1.894715,2.152531,-0.03521,-7.600908
2025-03-31,3335.75,3318.645667,3158.53455,0.514077,5.458937,-5.870879,-1.482873,3.206089,0.431087,-7.169902
2025-04-01,3348.44,3317.784,3159.82075,0.919748,5.797926,-4.947415,-2.094692,3.212352,0.050471,-7.521712
2025-04-02,3350.13,3316.830667,3161.2444,0.998944,5.80334,-3.8488,-1.020674,3.076252,-0.242379,-7.568363
2025-04-03,3342.01,3316.668167,3162.7105,0.761171,5.514301,-3.154554,0.019747,3.502848,0.019749,-7.343784
2025-04-07,3096.58,3313.901833,3162.937,-6.782802,-2.120275,5.229051,7.925891,11.452468,8.248455,1.581422
2025-04-08,3145.55,3312.803833,3163.5245,-5.180615,-0.5698,3.808538,6.058067,9.906745,6.56324,1.311694
2025-04-09,3186.81,3312.468667,3164.2712,-3.867332,0.709766,2.760275,5.566678,9.302229,5.724533,1.155701
2025-04-10,3223.64,3312.368667,3165.2448,-2.715239,1.828076,1.743592,4.584565,8.026412,4.691281,0.452594
2025-04-11,3238.23,3312.503,3166.2728,-2.267721,2.247176,1.181909,4.990964,8.049798,5.117611,0.759057
2025-04-14,3262.81,3313.36,3167.5074,-1.537399,2.964382,0.873333,3.55295,7.307853,4.325719,0.148645
2025-04-15,3267.66,3315.012333,3168.69445,-1.438721,3.075447,0.977561,3.008462,7.428742,4.170875,0.255229
2025-04-16,3276,3316.933,3169.9842,-1.241739,3.289656,0.619566,2.757122,6.756735,3.905678,0.022283
2025-04-17,3280.34,3317.589667,3171.3587,-1.129144,3.378697,0.515384,3.007064,6.589531,3.768207,-0.11005
2025-04-18,3276.73,3318.4165,3172.75165,-1.264174,3.224673,0.55784,3.326688,7.071404,3.882529,0.070192
2025-04-21,3291.43,3319.339833,3174.3933,-0.84438,3.620559,-0.091796,2.66098,7.124407,3.418575,-0.376736
2025-04-22,3299.76,3320.3055,3176.1421,-0.620706,3.818245,-0.398093,1.462392,7.585182,3.157502,-0.628228
2025-04-23,3296.36,3321.171833,3177.76125,-0.749885,3.664189,-0.527118,1.519779,8.306339,3.263903,-0.525731
2025-04-24,3297.29,3322.083,3179.51845,-0.749108,3.637116,0.569149,1.307645,8.290413,3.234778,-0.553788
2025-04-25,3295.06,3323.440333,3181.15675,-0.857611,3.517949,1.434551,1.352547,9.009987,3.304644,-0.486486
2025-04-28,3288.41,3324.411167,3182.62515,-1.08884,3.269779,1.915302,2.256307,8.876702,3.513552,-0.285244
2025-04-29,3286.65,3324.978167,3184.07335,-1.15943,3.17075,1.670062,1.8342,9.049265,3.568984,-0.231847
2025-04-30,3279.03,3325.452,3185.5566,-1.405796,2.892062,2.713955,2.498244,9.607979,3.809663,1.130822
2025-05-06,3316.11,3326.895667,3187.3493,-0.324723,3.960278,1.75644,1.795841,8.64986,2.648887,0.718312
2025-05-07,3342.67,3328.095833,3189.313,0.436957,4.696436,1.816663,1.23181,6.669446,1.833265,-0.08197
2025-05-08,3352,3328.901333,3191.46075,0.691486,4.907846,0.85611,0.990307,6.018932,1.549821,-0.360084
2025-05-09,3342,3329.231833,3193.3739,0.382783,4.549142,0.758932,1.713835,6.971752,1.85368,-0.061939
2025-05-12,3369.24,3330.084833,3195.5233,1.168942,5.293634,-0.049281,0.461353,7.112362,1.030203,-0.869929
2025-05-13,3374.87,3330.5595,3197.5457,1.32165,5.397326,0.166091,0.810075,7.397441,0.861663,-1.035299
2025-05-14,3403.95,3331.750667,3199.70895,2.143863,6.187667,-0.482367,-0.037904,6.69565,-0.037897,-1.880756
2025-05-15,3380.82,3332.319,3201.743,1.444983,5.442293,-0.018636,-0.113054,7.252659,0.645997,-1.20947
2025-05-16,3367.46,3332.512833,3203.6988,1.043213,4.985273,-0.568509,0.629647,7.989696,1.045298,-0.81753
2025-05-19,3367.58,3333.231,3205.72245,1.025228,4.925691,-0.617777,0.586828,8.488494,1.041698,-0.821064
2025-05-20,3380.48,3333.713333,3207.7392,1.393091,5.245132,-1.184034,0.246112,8.583482,0.65612,-1.199534
2025-05-21,3387.57,3334.3265,3209.7655,1.584214,5.391497,-1.4163,-0.75441,7.910831,0.445452,-1.406318
2025-05-22,3380.19,3334.3445,3211.84535,1.365581,5.108627,-0.496469,-0.602071,8.952754,0.664756,-1.191057
2025-05-23,3348.37,3333.9335,3214.01035,0.432082,4.095417,-0.026285,0.98694,10.740628,1.621386,-0.252063
2025-05-26,3346.84,3333.946833,3216.2348,0.385978,3.980526,0.451347,2.179059,10.766481,2.202974,-0.206463
2025-05-27,3340.69,3333.288167,3218.50455,0.221812,3.726055,1.057344,3.39258,11.989182,3.450784,-0.02275
2025-05-28,3339.93,3332.486,3220.7497,0.223128,3.633569,1.313814,3.197501,12.141689,3.474324,0.226352
2025-05-29,3363.45,3333.195167,3223.1077,0.903588,4.262121,0.649302,1.79094,12.878991,2.750747,-0.474513
2025-05-30,3347.49,3333.7045,3225.44865,0.412666,3.713875,1.549697,2.854762,14.854145,3.240637,0.370726
2025-06-03,3361.98,3334.334,3227.5648,0.825713,4.080217,0.677064,2.8088,14.030573,2.848619,-0.061868
2025-06-04,3376.2,3334.904667,3229.78385,1.230672,4.43356,0.770674,2.301086,11.834235,2.415437,-0.482791
2025-06-05,3384.1,3334.954667,3232.17765,1.462891,4.593189,0.546949,2.251291,12.732144,2.276824,-0.715109
2025-06-06,3385.36,3335.168167,3234.80095,1.493715,4.549286,-0.247251,2.536271,13.067052,2.568708,-0.752062
2025-06-09,3399.77,3335.728333,3237.4634,1.901674,4.891766,-0.325256,2.134842,13.097465,2.157793,-1.172726
2025-06-10,3384.82,3335.8115,3240.03835,1.458475,4.371556,0.076194,3.274198,13.088188,3.32839,-0.736228
2025-06-11,3402.32,3336.318167,3242.70045,1.95897,4.80511,-0.397872,2.631773,11.410558,2.796915,-1.246796
2025-06-12,3402.66,3337.050333,3245.4028,1.94702,4.731801,-1.198873,3.096739,10.142409,3.145186,-1.256664
2025-06-13,3377,3336.341,3247.9968,1.211304,3.89493,-0.507653,3.867958,12.130002,3.943737,-0.506367
2025-06-16,3388.73,3335.717667,3250.6007,1.576737,4.161541,-0.211216,3.790633,12.158418,3.863394,-0.850761
2025-06-17,3387.4,3335.011667,3253.28445,1.558649,4.039758,0.974454,3.412786,11.685498,3.904174,-0.811832
2025-06-18,3388.81,3334.384667,3255.8417,1.619067,4.0028,1.962434,3.336356,11.773287,3.860942,-0.853102
2025-06-19,3362.11,3333.604,3258.2551,0.851475,3.137695,2.53561,4.499126,14.205691,4.685748,-0.065733
2025-06-20,3359.9,3333.521833,3260.58625,0.788186,3.00042,1.896542,5.065498,14.149832,5.195988,0.645257
2025-06-23,3381.58,3333.714333,3263.16085,1.425596,3.564674,1.841538,5.13585,13.245365,5.270022,1.153011
2025-06-24,3420.57,3334.5575,3265.9808,2.546722,4.624709,1.081088,4.607501,12.134432,4.715296,0.107
2025-06-25,3455.97,3336.012,3269.0168,3.532709,5.56139,-0.03415,3.590188,11.478824,3.655414,-0.918411
2025-06-26,3448.45,3337.257,3271.9872,3.277564,5.252735,0.367605,4.459939,10.537327,4.56089,-0.702345
2025-06-27,3424.23,3338.472333,3274.83075,2.536331,4.461044,1.394633,4.829455,10.939735,5.300462,0.589914
2025-06-30,3444.43,3340.283667,3277.80925,3.07027,4.958315,0.829777,4.360303,10.573554,4.682923,0.300775
2025-07-01,3457.75,3342.1055,3280.91085,3.401709,5.249701,1.142462,4.300935,10.011128,4.394765,-0.085605
2025-07-02,3454.79,3343.849833,3284.06925,3.263889,5.06784,1.101361,4.552933,10.925648,4.65817,0.184092
2025-07-03,3461.15,3345.8355,3287.16395,3.388447,5.157573,1.392396,3.186345,10.732902,4.465857,0.322725
2025-07-04,3472.32,3352.097833,3290.47035,3.523659,5.379244,1.084436,2.492354,9.754825,4.129804,0.023327
2025-07-07,3473.13,3357.5575,3293.8211,3.384243,5.300789,1.330535,3.123075,10.62662,4.105519,0.573546
2025-07-08,3497.48,3362.735333,3297.3871,3.928798,5.891234,0.214781,3.376811,10.450868,3.434473,-0.126663
2025-07-09,3493.05,3367.2255,3300.9108,3.668617,5.657685,0.306711,3.955594,11.887381,4.034869,0.307181
2025-07-10,3509.68,3371.749667,3304.63015,4.009307,6.02003,0.203515,3.636815,10.468986,3.703756,-0.168106
2025-07-11,3510.18,3375.8725,3308.4986,3.901351,5.917283,0.689887,3.497756,10.26133,3.688985,-0.182327
2025-07-14,3519.65,3380.072333,3312.3759,4.046444,6.069583,1.134,3.569416,9.365964,3.633884,-0.450897
2025-07-15,3505,3383.889,3316.2919,3.516488,5.534326,2.16917,4.488881,10.991191,4.591155,-0.034807
2025-07-16,3503.78,3387.613,3320.2252,3.371684,5.380977,2.216267,5.001014,11.128707,5.128176,0.372455
2025-07-17,3516.83,3391.614667,3324.2889,3.62539,5.630423,2.496423,4.166115,8.784985,4.738074,0.501872
2025-07-18,3534.48,3395.6655,3328.3749,4.006642,6.008202,1.660499,4.489328,8.910826,4.591623,0.716088
2025-07-21,3559.79,3399.999333,3332.49375,4.592632,6.598066,1.065991,4.617839,9.545344,4.726121,0.004495
2025-07-22,3581.86,3404.757667,3336.719,5.070845,7.089423,0.774522,3.979921,8.861633,4.080841,-0.611693
2025-07-23,3582.3,3409.507833,3340.8859,4.94371,6.976904,0.928595,5.006414,9.070121,5.133853,-0.623901
2025-07-24,3605.73,3414.685667,3344.5989,5.44388,7.517747,-0.90599,4.484249,9.126981,4.586311,-1.269646
2025-07-25,3593.66,3419.773167,3348.08565,4.959696,7.078245,-0.942468,6.258596,10.635789,6.458597,-0.938041
2025-07-28,3597.94,3424.961333,3351.0706,4.927128,7.108158,-0.407451,7.63908,10.298356,7.938431,-1.055882
2025-07-29,3609.71,3430.472667,3353.6815,5.092938,7.356874,0.218339,6.920838,10.674111,7.586482,-1.378504
2025-07-30,3615.72,3435.466167,3355.0776,5.113838,7.481611,0.504021,4.980216,9.772298,7.407653,-1.542431
2025-07-31,3573.21,3439.3085,3355.49475,3.819392,6.286513,1.842867,7.294508,10.146315,8.685468,-0.371095
2025-08-01,3559.95,3442.774333,3357.0002,3.346886,5.869872,2.089837,8.038427,11.066057,9.090296,0.656189
2025-08-04,3583.31,3446.796167,3358.4071,3.88418,6.482017,1.776876,7.839547,10.000505,8.379124,0.956936
2025-08-05,3617.6,3450.9355,3360.4064,4.716547,7.37489,1.32685,6.437179,9.276634,7.351835,0.453063
2025-08-06,3633.99,3455.254167,3362.15475,5.04352,7.774916,1.352131,4.823192,9.790126,6.867658,0.03137
2025-08-07,3639.67,3459.182833,3364.34665,5.086063,7.865923,0.732815,3.408855,9.379116,6.700882,-0.124737
2025-08-08,3635.13,3463.421333,3366.50755,4.838795,7.6769,1.681459,4.764289,10.028871,6.834143,0.341666
2025-08-11,3647.55,3468.0895,3368.8984,5.045184,7.94699,2.182423,4.798369,9.292841,6.470371,0.503626
2025-08-12,3665.92,3473.061833,3370.9202,5.404275,8.389356,1.66021,3.783832,8.725003,5.936845,0.014185
2025-08-13,3683.46,3478.1115,3372.99695,5.736305,8.805088,2.221666,3.435917,8.978977,5.432392,-0.462066
2025-08-14,3666.44,3482.759333,3374.8998,5.139627,8.285553,2.814557,5.54045,8.469287,5.921821,0.827233
2025-08-15,3696.77,3488.035667,3376.86965,5.812073,9.051032,3.429767,4.595007,7.181783,5.052789,0.825586
2025-08-18,3728.03,3494.363333,3379.1085,6.472875,9.826803,4.087231,3.491676,5.525255,4.171908,-0.01985
2025-08-19,3727.29,3500.704167,3381.24645,6.271729,9.743701,3.715439,3.547009,5.720849,4.19259,1.035337
2025-08-20,3766.21,3507.796167,3383.4665,7.108122,10.716842,0.902398,2.882222,4.283738,3.115864,-0.008762
2025-08-21,3771.1,3514.982333,3385.88995,7.033224,10.774995,1.904269,1.593139,1.677402,2.982154,-0.138421
2025-08-22,3825.76,3522.6875,3388.68755,8.253295,12.131445,0.837363,-0.148316,0.287373,1.510811,-1.565179
2025-08-25,3883.56,3531.622,3391.70625,9.4995,13.541915,-0.206983,-1.425828,-0.349258,-0.185912,-3.030209
2025-08-26,3868.38,3540.062,3394.6881,8.869157,13.062393,-0.26532,-1.210645,-0.108632,0.205771,-2.649688
2025-08-27,3800.35,3547.131167,3397.1388,6.895401,11.215962,0.346997,1.392499,1.951959,1.999553,-0.907022
2025-08-28,3843.6,3554.7895,3399.42185,7.811358,12.280405,-2.042786,0.25205,1.163977,0.851806,-2.022063
2025-08-29,3857.93,3562.665667,3401.79245,7.962172,12.582829,-1.184301,-0.775956,1.443165,0.477199,-2.385995
2025-09-01,3875.53,3570.595,3403.8168,8.195018,12.978504,-1.264303,-0.336002,0.570677,0.0209,-2.82929
2025-09-02,3858.13,3578.4835,3405.84595,7.52435,12.468926,-1.326496,0.636878,0.513695,0.638911,-2.391055
2025-09-03,3813.56,3585.3375,3407.5634,6.171052,11.256565,-0.035144,3.108596,1.618638,3.157417,-1.250275
2025-09-04,3765.88,3591.391167,3409.28295,4.744193,9.947958,2.864409,3.423316,3.571524,4.463499,1.09961
2025-09-05,3812.51,3598.649667,3411.1491,5.772908,11.123855,1.512177,1.999285,2.884416,3.185828,-0.136918
2025-09-08,3826.84,3605.9515,3413.3841,5.945372,11.433519,0.875731,0.998179,2.137521,2.799438,-0.510865
2025-09-09,3807.29,3612.949667,3415.7669,5.239313,10.851561,1.423387,2.718478,2.41871,3.327301,0.129488
2025-09-10,3812.22,3620.0065,3418.20875,5.173588,10.909504,1.667971,2.691776,1.590032,3.193677,0.206441
2025-09-11,3875.31,3628.559833,3420.85525,6.578983,12.473507,-1.132753,-0.921579,0.361639,1.513685,-1.424918
2025-09-12,3870.6,3637.0715,3423.3683,6.223071,12.278458,-1.313555,-0.173509,-0.069264,1.637214,-1.304966
2025-09-15,3860.5,3645.0535,3425.8188,5.742567,11.94562,-0.830273,1.435828,-0.928792,1.903121,-1.046756
2025-09-16,3861.87,3652.4085,3428.7922,5.576471,11.894345,-1.042216,1.334703,0.217533,1.866971,-1.081859
2025-09-17,3876.34,3659.414667,3431.8551,5.75882,12.179045,-0.587325,1.181485,0.000774,1.486712,-1.451111
2025-09-18,3831.66,3665.8015,3434.7146,4.425113,10.936429,0.563179,3.049593,1.52267,3.096569,-0.301958
2025-09-19,3820.09,3672.399167,3437.26615,3.942881,10.559755,0.209723,4.525509,2.514397,4.629472,0.045549
2025-09-22,3828.58,3678.801667,3439.93055,3.990691,10.70427,0.882843,4.085104,2.359257,4.397453,-0.176306
2025-09-23,3821.83,3684.869667,3442.4074,3.649421,10.455831,1.582203,4.963918,3.069245,5.089185,0.164319
2025-09-24,3853.64,3691.517167,3444.8557,4.298063,11.213614,2.063094,3.399583,2.71299,4.221723,-0.662491
2025-09-25,3853.3,3698.053,3447.22815,4.112346,11.135945,1.12848,2.599758,2.824296,4.230919,-0.653725
2025-09-26,3828.11,3703.982833,3449.54545,3.296253,10.412874,1.590941,3.803586,3.520526,4.916787,0.304328
2025-09-29,3862.53,3710.472833,3452.0138,4.016309,11.236464,0.069878,2.496959,2.621371,3.981846,-0.58951
2025-09-30,3882.78,3716.8945,3454.4073,4.366288,11.69005,0.755104,2.202577,2.192247,3.439546,-1.107969
2025-10-09,3933.97,3724.243167,3457.0645,5.478544,12.922928,-0.451964,1.858339,2.248319,2.093559,-2.394782
2025-10-10,3897.03,3730.699,3459.43635,4.361911,11.910905,-1.480486,2.546945,4.678137,3.061306,-1.469581
2025-10-13,3889.5,3737.021,3461.7214,3.999184,11.651463,-0.660617,3.265297,4.922959,3.319193,-1.278828
2025-10-14,3865.23,3742.780667,3463.74005,3.219236,10.967224,1.31338,3.496293,5.480593,3.96794,-0.658952
2025-10-15,3912.21,3749.5675,3466.3417,4.246193,12.100266,0.039612,2.222693,5.18551,2.719435,-1.851894
2025-10-16,3916.23,3756.441667,3468.9912,4.165731,12.126563,0.15768,2.851284,6.165644,2.892322,-1.952643
2025-10-17,3839.76,3761.823833,3471.38255,2.050596,10.085692,2.838419,3.850417,7.498636,4.941455,0.628425
2025-10-20,3863.89,3767.314,3473.79095,2.531217,10.642796,3.385462,2.760285,6.565578,4.286095,1.290668
2025-10-21,3916.33,3773.256333,3476.52245,3.721661,11.912249,1.819003,0.597751,4.890044,2.889695,-0.065623
2025-10-22,3913.76,3778.788,3479.2509,3.509523,11.768154,2.587,0.839137,4.695417,2.957258,0.221015
2025-10-23,3922.41,3784.4565,3482.10665,3.580398,11.906879,1.630773,0.22003,4.768953,2.730209,0.220273
2025-10-24,3950.31,3790.1995,3484.89055,4.13754,12.535742,0.113345,-2.965331,4.051666,2.004653,-2.921796
2025-10-27,3996.94,3796.920833,3487.9085,5.133864,13.62268,-0.5122,-4.08982,2.95811,0.814623,-4.054352
2025-10-28,3988.22,3803.4255,3490.8592,4.744291,13.319712,-0.705301,-3.008534,3.313416,1.035048,-3.844572
2025-10-29,4016.33,3810.2025,3493.94015,5.268621,13.933847,-1.179139,-3.861905,2.939927,0.327911,-4.517557
2025-10-30,3986.9,3816.388833,3496.838,4.370934,13.115485,0.52185,-2.840123,3.589518,1.068499,-3.812737
2025-10-31,3954.79,3822.7485,3499.85315,3.395784,12.220649,1.075667,-1.687831,4.574413,1.889102,-3.031767
2025-11-03,3976.52,3829.691333,3503.42295,3.762286,12.666659,1.052652,-1.584464,4.300002,1.332321,-3.561657
2025-11-04,3960.19,3835.972667,3507.16675,3.186897,12.148349,1.069212,-1.59028,4.873738,1.750169,-3.16399
2025-11-05,3969.25,3841.8335,3510.9784,3.262743,12.268241,0.77522,-2.32576,3.677831,1.517919,-3.385022
2025-11-06,4007.76,3848.063,3514.869,4.066258,13.123023,0.540982,-3.348297,0.199165,0.542448,-4.313382
2025-11-07,3997.56,3854.027833,3518.70595,3.656538,12.759088,-0.177014,-2.398737,1.740339,0.798987,-4.069232
2025-11-10,4018.6,3860.419,3522.742,4.015786,13.169392,-1.165628,-2.380165,2.058983,0.271239,-4.571493
2025-11-11,4002.76,3866.339167,3526.9132,3.467602,12.656108,-1.585162,-2.356952,1.811236,0.668039,-4.193856
2025-11-12,4000.14,3871.9095,3531.1101,3.258156,12.471706,-1.343944,-2.522461,1.622705,0.733974,-4.131105
2025-11-13,4029.5,3877.676833,3535.0529,3.840608,13.091403,-2.473573,-3.953028,2.296058,-0.96811,-4.829631
2025-11-14,3990.49,3883.077667,3538.86975,2.728598,12.010663,-3.977328,-2.567198,3.396863,-0.4626,-3.899271
2025-11-17,3972.03,3887.665333,3542.54975,2.146849,11.443056,-3.464643,-2.65604,3.948183,-0.636702,-3.452643
2025-11-18,3939.81,3891.195,3546.0397,1.241619,10.53011,-1.787282,-2.962371,4.81178,0.175897,-2.918922
2025-11-19,3946.74,3894.8525,3549.5515,1.323411,10.606866,-2.114042,-1.956307,3.371429,-0.397543,-3.089385
2025-11-20,3931.05,3897.599833,3552.99365,0.854563,10.111604,-1.429381,-1.400742,4.631776,-0.177306,-2.702586
2025-11-21,3834.89,3898.663,3556.1,-1.649292,7.547631,1.390844,1.438408,7.829989,2.325751,-0.26285
2025-11-24,3836.77,3898.8465,3559.13305,-1.604987,7.511388,1.993156,2.078709,7.766509,2.275612,-0.311721
2025-11-25,3870.02,3898.620833,3562.22,-0.736318,8.287573,0.712953,1.282688,7.294747,1.396892,-1.168211
2025-11-26,3864.18,3898.550833,3565.2879,-0.88554,8.050469,0.357006,1.967231,7.918117,1.986709,-1.018845
2025-11-27,3875.26,3899.799333,3568.51675,-0.631234,8.246272,0.013676,2.15353,6.189068,2.176886,-1.301848
2025-11-28,3888.6,3900.549333,3571.60645,-0.30682,8.503372,0.364761,1.912369,4.8653,1.930772,-1.640436
2025-12-01,3914.01,3901.484,3574.65815,0.320543,9.069287,0.25695,1.301405,4.851261,1.30991,-2.278993
2025-12-02,3897.71,3901.853667,3577.53585,-0.106254,8.571495,0.30254,1.714692,5.648044,1.733582,-1.870329
2025-12-03,3878,3902.184833,3580.33555,-0.621705,7.986303,0.578519,2.31543,5.48378,2.342445,-1.371583
2025-12-04,3875.79,3903.222,3582.98255,-0.705285,7.855394,-0.063749,3.738277,6.18655,3.80903,-1.315345
2025-12-05,3902.81,3905.504167,3585.8342,-0.069008,8.470567,-0.345476,4.529929,5.741076,4.634097,-1.99856
2025-12-08,3924.08,3907.363667,3588.721,0.426904,8.933606,-1.441503,4.037828,5.092754,4.120456,-2.529765
2025-12-09,3909.52,3908.741667,3591.48945,0.019911,8.48476,-2.190581,4.341251,4.6462,4.508226,-2.166762
2025-12-10,3900.5,3910.295167,3594.3695,-0.250811,8.173616,-0.777789,5.485278,4.616557,5.638508,-1.94052
2025-12-11,3873.32,3911.3135,3596.9784,-0.976123,7.401786,0.078713,7.267388,4.458264,7.537978,-1.252414
2025-12-12,3889.35,3911.5475,3599.67125,-0.569103,7.739953,0.028278,6.215418,4.367465,7.094759,-1.659403
2025-12-15,3867.92,3911.502833,3602.1153,-1.120476,7.119564,1.270106,6.461333,3.521363,7.688111,-1.114553
2025-12-16,3824.81,3910.908,3604.3742,-2.226078,5.936063,2.457776,7.254664,3.399001,8.90188,1.188817
2025-12-17,3870.28,3911.048167,3606.9954,-1.047856,7.045173,1.809496,5.812586,-1.483714,7.622446,0.157353
2025-12-18,3876.37,3911.048667,3609.4762,-0.890639,7.133648,2.124891,5.949664,0.126585,7.453365,0.363226
2025-12-19,3890.45,3912.0285,3611.98815,-0.553121,7.426648,1.864805,5.578588,1.058268,7.064478,0.691694
2025-12-22,3917.36,3913.649667,3614.97045,0.09476,8.033428,1.215851,4.969221,-0.724533,6.329007,0.066882
2025-12-23,3919.98,3915.173,3617.9857,0.122703,8.016912,1.144957,5.039263,-0.159822,6.25794,0.534952
2025-12-24,3940.95,3917.158333,3621.0694,0.605534,8.465241,0.705205,4.834601,-0.449122,5.692536,0.473744
2025-12-25,3959.62,3918.924667,3624.1577,1.033076,8.852616,1.598423,4.276111,-1.726087,5.194185,0.102535
2025-12-26,3963.68,3920.764333,3627.0706,1.088627,8.874756,2.982321,4.349875,-0.382446,5.086435,0.03633
2025-12-29,3965.28,3923.0505,3630.03425,1.070693,8.833439,2.993373,4.583061,-1.166596,5.044032,-0.004035
2025-12-30,3965.12,3924.760333,3633.02905,1.023083,8.746937,2.929099,4.749326,-2.167519,5.048271,0.093818
2025-12-31,3968.84,3926.194667,3635.9741,1.080318,8.759681,3.748367,3.688161,-2.002357,4.949809,1.375213
2026-01-05,4023.42,3927.6855,3639.2316,2.408197,10.035973,3.465361,-0.190816,-0.708871,3.526105,-0.190634
2026-01-06,4083.67,3930.796167,3642.8563,3.81541,11.422802,1.340013,-0.390853,-2.91952,1.998692,-1.66321
2026-01-07,4085.77,3934.067333,3646.18735,3.783637,11.382815,0.982002,0.401321,-2.466679,1.946267,-1.713753
2026-01-08,4082.98,3937.6965,3649.4716,3.623121,11.224472,0.722832,-0.173063,-2.339685,2.01593,-1.646591
2026-01-09,4120.43,3941.166833,3652.92495,4.44807,12.042932,-0.450481,-1.340111,-2.302773,1.088721,-2.540512
2026-01-12,4165.29,3945.317833,3656.61925,5.425638,13.024688,-1.239011,-1.018302,-3.371207,-0.175498,-3.590146
2026-01-13,4138.76,3950.301167,3660.2683,4.660441,12.285978,-0.608551,-0.251357,-2.030991,0.46439,-2.972146
2026-01-14,4126.09,3954.671167,3664.0746,4.243277,11.875442,-0.222006,0.14289,-1.826032,0.772887,-2.674202
2026-01-15,4112.6,3957.942333,3667.78745,3.833115,11.446683,0.242375,0.519487,-0.743652,1.103438,-2.354958
2026-01-16,4101.91,3961.078167,3671.4471,3.493647,11.086683,0.83151,-0.484851,-0.411141,1.366924,-2.100485
2026-01-19,4114,3964.271333,3675.1736,3.707373,11.279542,0.451338,0.082853,-0.188315,1.069033,-2.388187
2026-01-20,4113.65,3966.993667,3678.8731,3.630217,11.170423,0.636092,0.812993,-0.497144,1.077632,-2.379882
2026-01-21,4116.94,3968.993667,3682.70125,3.659759,11.146365,0.829692,0.718579,-0.903769,0.996857,-2.457893
2026-01-22,4122.58,3971.233,3686.6354,3.740256,11.176495,0.85502,0.972796,-0.882948,0.977543,-2.591338
2026-01-23,4136.16,3973.230167,3690.574,4.018841,11.398582,-0.441235,1.116285,-1.400422,1.122539,-2.911154
2026-01-26,4132.61,3975.658667,3694.4864,3.871873,11.206762,-2.868504,-0.240573,-0.609216,1.209405,-2.827753
2026-01-27,4139.9,3978.743833,3698.47585,3.970548,11.275083,-1.758407,-1.396944,-0.67232,1.031184,-2.998865
2026-01-28,4151.24,3981.655833,3703.74915,4.170931,11.406149,-1.188367,-1.033205,0.214885,0.755196,-3.263844
2026-01-29,4157.98,3984.952333,3708.8113,4.250403,11.431796,-1.993289,-0.815974,0.53034,0.591874,-3.420651
2026-01-30,4117.95,3987.430667,3713.467,3.220839,10.338953,-1.279905,-0.519811,1.494382,1.569713,-2.481817
2026-02-02,4015.75,3987.563833,3717.42755,0.704365,7.719222,2.637875,2.639088,5.079987,4.154641,1.240864
2026-02-03,4067.74,3988.7335,3721.5751,1.96138,8.894057,1.479509,1.602001,3.544103,2.823435,-0.053101
2026-02-04,4102.2,3990.126833,3725.77205,2.77004,9.624932,0.723572,0.653605,3.36458,1.95968,-0.892692
2026-02-05,4075.92,3991.346167,3729.81335,2.096793,8.87383,1.415381,0.478011,2.471703,2.617078,-0.253685
2026-02-06,4065.58,3992.436833,3733.76125,1.815463,8.514031,0.40478,0.471391,1.702523,2.878064,0.4056
2026-02-09,4123.09,3993.996667,3737.975,3.181048,9.805886,-0.137856,-1.790822,0.204492,1.443092,-1.774882
2026-02-10,4128.37,3996.294667,3742.2332,3.251506,9.820011,0.455799,-1.596596,0.992306,1.313351,-1.900508
2026-02-11,4131.99,3998.960667,3746.436,3.272464,9.795414,0.353683,-3.082861,0.727984,1.224592,-3.035825
2026-02-12,4134.02,4002.1975,3750.6073,3.240671,9.733253,0.695684,-4.37515,-1.38202,1.174885,-4.280821
2026-02-13,4082.07,4004.453,3754.53585,1.919722,8.363954,2.432646,-6.81145,0.752416,2.462476,-6.584649
2026-02-24,4117.41,4007.559,3758.63645,2.7042,9.116808,0.127911,-5.905933,0.850309,1.583034,-7.38644
2026-02-25,4147.23,4012.764667,3762.8973,3.296019,9.725142,-1.573844,-5.333313,-0.044859,0.852617,-8.052363
2026-02-26,4146.63,4017.929,3767.1884,3.152936,9.596702,-0.922092,-6.412333,-1.283942,0.86721,-8.039058
2026-02-27,4162.88,4022.81,3771.56955,3.422648,9.87159,-0.933751,-6.171881,-1.555193,0.47347,-8.398032
2026-03-02,4182.59,4028.116833,3776.08735,3.763169,10.224229,-2.077331,-6.400008,-2.763909,-1.175348,-8.829696
2026-03-03,4122.68,4032.2405,3780.1202,2.218126,8.674763,0.011157,-5.761624,-1.587727,0.260753,-7.504827
2026-03-04,4082.47,4035.471667,3783.8192,1.157901,7.596833,1.240537,-3.335377,-0.180691,1.248264,-6.593802
2026-03-05,4108.57,4038.714333,3787.60205,1.714863,8.134192,0.498443,-4.716452,-0.600548,0.605077,-7.187172
2026-03-06,4124.19,4042.489,3791.513,2.000905,8.410449,-0.699304,-6.100871,-1.623361,0.224044,-7.538692
2026-03-09,4096.6,4046.132333,3795.1498,1.239592,7.643348,-0.288704,-5.170707,-1.695194,0.899038,-6.915979
2026-03-10,4123.14,4050.254833,3798.89115,1.783521,8.190579,-1.792035,-3.157143,-4.053766,0.249567,-7.515146
2026-03-11,4133.43,4054.0985,3802.53855,1.937923,8.343869,-1.719088,-4.130668,-3.030885,-0.104756,-7.745383
2026-03-12,4129.1,4057.5155,3806.27995,1.748863,8.140714,-3.012894,-3.521605,-3.345904,-0.814948,-7.64864
2026-03-13,4095.45,4060.614333,3809.9199,0.854233,7.226844,-3.43778,-2.644634,-2.683502,-0.260289,-6.889841
2026-03-16,4084.79,4063.685833,3813.50595,0.517992,6.872136,-6.878061,-1.434052,-1.312932,-0.533932,-6.646853
2026-03-17,4049.91,4066.629,3816.8531,-0.411974,5.926837,-4.252966,-0.562083,1.143097,0.322723,-5.842846
2026-03-18,4062.98,4069.522833,3820.23015,-0.160906,6.160603,-3.280918,-0.183038,0.709027,-0.182871,-6.145735
2026-03-19,4006.55,4071.833333,3823.36195,-1.616283,4.680039,-2.97579,1.113938,2.502524,1.222997,-4.823851
2026-03-20,3957.05,4074.037333,3826.40535,-2.913568,3.357299,-1.101047,3.112011,3.316352,3.160941,-3.633262
2026-03-23,3813.28,4073.087333,3828.73755,-6.591156,-0.404542,2.844088,6.88516,8.777028,7.127722,1.752297
2026-03-24,3881.28,4073.169167,3831.4405,-4.825637,1.292415,0.27222,5.634764,5.634521,5.796541,-0.030402
2026-03-25,3931.84,4073.859,3834.40005,-3.54832,2.509453,0.424091,4.023177,4.451258,4.436091,-1.315923
2026-03-26,3889.08,4073.387667,3837.0282,-4.630238,1.347447,0.773789,4.789985,5.77485,5.584354,-0.230903
2026-03-27,3913.72,4073.283333,3839.85935,-3.996106,1.905259,-0.86274,4.316138,2.859792,4.919616,-0.859029
2026-03-30,3923.29,4072.989,3842.6659,-3.744654,2.076422,-0.84803,3.883301,3.767018,4.663688,-1.100862
2026-03-31,3891.86,4071.859667,3845.2442,-4.521262,1.205008,2.615639,5.392981,5.073299,5.541052,-0.302169
2026-04-01,3948.55,4071.6075,3848.06645,-3.068946,2.577762,0.445247,4.060001,4.067054,4.143546,-1.733548
2026-04-02,3919.29,4070.841,3850.7361,-3.79391,1.764619,1.69329,5.964542,2.758287,6.146011,-0.999926
2026-04-03,3880.1,4069.424,3853.13775,-4.764054,0.697311,2.756934,7.447185,4.128435,7.731502,0.259272
2026-04-07,3890.16,4068.112667,3855.66445,-4.472889,0.890694,3.447951,7.1849,3.810129,7.452907,1.953904
2026-04-08,3995,4067.639,3858.62785,-1.801915,3.473194,0.803025,5.598042,-0.11922,5.757697,-0.721652
2026-04-09,3966.17,4065.680667,3861.4454,-2.478028,2.675932,2.228542,6.072769,0.118684,6.526447,0.505525
2026-04-10,3986.22,4064.0215,3864.4915,-1.932959,3.101331,1.622649,6.23258,1.255686,6.430904,0.058702
2026-04-13,3988.56,4062.447833,3867.49065,-1.835544,3.082438,2.318865,4.638325,0.190364,6.368464,0.95448
2026-04-14,4026.63,4060.8845,3870.6868,-0.847101,3.949784,1.441151,2.665184,-2.842358,5.362797,0.014404
2026-04-15,4027.21,4058.583167,3873.8788,-0.776011,3.881755,1.943881,2.557397,-1.503092,5.347623,0.601409
2026-04-16,4055.55,4057.196333,3877.346,-0.040586,4.493541,0.925296,2.77194,-2.495907,4.611458,-0.101589
2026-04-17,4051.43,4055.952,3880.80365,-0.111553,4.302765,0.700257,2.696907,-4.261381,4.71784,0.671615
2026-04-20,4082.13,4055.444167,3884.3064,0.655869,4.967448,0.103079,-0.118881,-8.109684,3.930301,-0.118811
2026-04-21,4085.08,4055.163667,3887.62895,0.735026,4.954186,-0.157771,0.678706,-7.331967,3.855249,-0.190939
2026-04-22,4106.26,4055.034667,3890.8804,1.25534,5.387718,0.030437,1.121478,-6.071397,3.319566,-0.705752
2026-04-23,4093.25,4054.694667,3894.1044,0.946389,4.987556,0.460916,1.265277,-5.68525,3.647957,-0.390155
2026-04-24,4079.9,4054.077333,3897.38275,0.634935,4.576724,1.948346,0.338406,-5.106757,3.987108,-0.064217
2026-04-27,4086.34,4053.473333,3900.5923,0.807558,4.652129,2.268307,0.300551,-6.891876,3.823226,-0.221714
2026-04-28,4078.64,4052.514667,3903.69675,0.642601,4.383961,2.453569,-0.247201,-5.554989,4.019232,-0.246896
2026-04-29,4107.51,4052.096333,3906.96035,1.358265,5.005734,2.820699,-1.219084,-7.431943,3.288123,-1.211683
2026-04-30,4112.16,4051.634,3910.2154,1.482818,5.035598,2.458015,-0.905315,-7.148319,3.171326,-1.323392
2026-05-06,4160.17,4051.782833,3913.65465,2.639895,6.108431,1.961328,-1.848638,-8.932142,1.980688,-2.462159
2026-05-07,4180.09,4052.151333,3917.18945,3.108484,6.495836,-0.051926,-2.969675,-8.687807,1.494705,-2.92697
2026-05-08,4179.95,4053.184667,3920.6018,3.079638,6.405412,-1.071764,-3.709386,-9.275934,1.498104,-3.641431
2026-05-11,4225.02,4056.6725,3924.26165,4.066094,7.384578,-2.23762,-6.494665,-10.017689,0.415383,-6.288254
2026-05-12,4214.49,4059.118333,3927.7857,3.75628,7.045276,-1.072287,-4.972987,-8.309816,0.666273,-6.054113
2026-05-13,4242.57,4061.457833,3931.44765,4.362724,7.61615,-1.913024,-6.056879,-8.410292,-1.523841,-6.675906
2026-05-14,4177.92,4063.157833,3934.739,2.785305,5.996896,-2.438342,-4.677194,-5.862264,-0.200578,-5.23179
2026-05-15,4135.39,4064.321333,3937.89095,1.733487,4.893635,-0.545327,-2.544065,-4.167486,0.825799,-4.257156
2026-05-18,4131.53,4064.462,3941.0297,1.636641,4.720576,0.507962,-0.852217,-4.89682,0.919998,-4.167705
2026-05-19,4169.54,4065.148167,3944.29325,2.535553,5.553593,-0.581367,-1.879875,-5.4931,-0.176518,-5.041324
2026-05-20,4162.18,4065.651333,3947.43175,2.346502,5.29738,-1.658244,-1.308321,-5.817339,-0.230889,-4.873408
2026-05-21,4077.28,4064.705667,3950.0192,0.308877,3.170966,0.522511,0.323222,-3.750849,1.846574,-2.892615
2026-05-22,4112.9,4065.2195,3952.6744,1.166064,3.973596,-1.083679,1.213161,-3.218095,1.22055,-3.733619
2026-05-25,4152.57,4065.8055,3955.52575,2.111554,4.861389,-2.310125,-1.121722,-3.9861,0.253578,-4.653263
2026-05-26,4145.37,4065.7745,3958.22395,1.93878,4.619662,-1.709676,-0.837196,-6.244729,0.427706,-4.487657
2026-05-27,4093.73,4064.892833,3960.7243,0.706916,3.302962,-0.238698,0.646459,-4.752659,1.694543,-3.282825
2026-05-28,4098.64,4063.822167,3963.2278,0.853126,3.359642,-1.001919,-1.756897,-4.834621,1.572717,-3.398688
2026-05-29,4068.57,4061.921833,3965.5221,0.163537,2.565406,-1.008616,0.130919,-4.693853,2.323421,-2.684727
2026-06-01,4057.74,4060.8395,3967.7322,-0.076356,2.243147,-2.454882,0.899402,-4.236098,2.596519,-2.424995
2026-06-02,4075.1,4060.716667,3970.24165,0.353581,2.606832,-1.609656,0.912367,-4.071362,2.159456,-2.840666
2026-06-03,4083.97,4060.306667,3972.86175,0.581105,2.758288,-2.246913,-1.357617,-3.169207,1.937575,-3.051687
2026-06-04,4057.78,4059.199833,3975.2341,-0.034984,2.055239,-1.759445,-0.349075,-2.63687,2.595508,-2.425957
2026-06-05,4027.74,4058.052167,3977.2848,-0.749767,1.260605,0.093557,0.334615,-1.034194,3.360694,-1.698223
2026-06-08,3959.34,4055.322167,3978.91155,-2.395279,-0.493096,3.404828,0.777403,0.517684,5.146312,0.698854
2026-06-09,4010.03,4053.2655,3980.76335,-1.072413,0.732513,2.020824,-0.981099,-1.726527,3.817178,-0.976302
2026-06-10,3993.23,4051.001,3982.55385,-1.436358,0.267714,2.835534,1.079985,-1.288939,4.25395,-0.559697
2026-06-11,3987.01,4049.193667,3984.25115,-1.547619,0.06922,2.562075,0.229232,-1.437162,4.416593,-0.404564
2026-06-12,4031.51,4048.305667,3986.0791,-0.415744,1.133293,3.211899,-2.963478,-2.481478,3.264038,-2.919998
2026-06-15,4096.47,4049.081667,3988.14415,1.163552,2.679963,0.238458,-3.208272,-3.880532,1.626522,-4.459449
2026-06-16,4091.89,4049.5635,3990.2714,1.039787,2.514772,0.461312,-3.387973,-3.490918,1.740272,-4.352512
2026-06-17,4108.08,4051.255667,3992.32795,1.392889,2.858126,0.296536,-5.649967,-4.319737,1.339312,-5.49332
2026-06-18,4090.48,4053.4795,3994.1402,0.908667,2.383399,-1.557608,-8.314025,-5.073914,1.775342,-7.977792
2026-06-22,4163.1,4059.309833,3996.31925,2.524702,4.088624,-2.165922,-9.223835,-6.905207,-1.02856,-9.583003
2026-06-23,4106.25,4063.059333,3998.01945,1.057398,2.67111,-0.289002,-6.071154,-6.073483,0.341674,-8.331202
2026-06-24,4110.81,4066.042167,3999.718,1.095,2.739623,0.039887,-6.113332,-5.479971,0.230368,-8.432888
2026-06-25,4120.28,4069.8955,4001.1906,1.23038,2.932916,-2.242774,-6.091621,-6.122063,-0.190036,-8.643345
2026-06-26,4027.26,4071.787833,4001.9091,-1.099593,0.631472,0.405903,-5.43553,-2.907072,2.115334,-6.533226
2026-06-29,4073.9,4074.298,4002.9367,-0.009769,1.75725,-0.80492,-5.438706,,0.946268,-7.603279
2026-06-30,4094.4,4077.673667,4004.40695,0.409354,2.222469,-2.576881,-7.112261,,0.440846,-8.065895
2026-07-01,4112.45,4080.405333,4005.7512,0.782263,2.628783,-3.503123,-7.155371,,-1.673212,-8.469404
2026-07-02,4028.9,4082.232167,4006.60605,-1.315055,0.554887,0.190689,-5.725887,,0.365857,-6.571273
2026-07-03,4043.64,4084.957833,4007.4466,-1.016613,0.8991,-1.181138,-5.369057,,-0.059352,-6.911842
2026-07-06,4041.24,4087.475833,4008.36215,-1.137605,0.816886,-3.204536,-5.901163,,-0.115064,-6.856559
2026-07-07,3990.24,4087.3965,4009.24555,-2.405684,-0.47517,-0.580847,-4.300428,,1.161584,-5.666075
2026-07-08,3970.88,4087.475,4010.27055,-2.893969,-0.987098,-0.386049,-2.35573,,1.654797,-5.206151
2026-07-09,4036.59,4088.3145,4011.39095,-1.273251,0.626222,-3.894418,-3.433398,,-1.001588,-6.749261
2026-07-10,3996.16,4088.441167,4012.23755,-2.282986,-0.401518,-5.981183,-1.414302,,-0.726447,-5.805824
2026-07-13,3913.79,4086.5605,4012.77005,-4.319745,-2.497557,-3.048457,1.340057,,1.362873,-3.823404
2026-07-14,3967.13,4085.559167,4013.5446,-2.941569,-1.163188,-2.624424,-0.836331,,-0.013612,-5.116545
2026-07-15,3955.58,4083.893,4013.94595,-3.192346,-1.464754,-2.264047,-0.225252,,0.278341,-4.839493
2026-07-16,3882.41,4081.076,4014.005,-4.990458,-3.33334,-0.145118,1.140949,,2.168241,-3.046046
2026-07-17,3764.15,4075.776333,4013.52325,-7.953917,-6.41474,1.320887,4.239954,,5.378107,0.853579
2026-07-20,3796.28,4070.963,4013.1953,-6.985794,-5.556612,1.619207,4.792579,,4.90928,0.221533
2026-07-21,3864.37,4066.9315,4013.13545,-5.109012,-3.777418,-1.330109,3.206775,,3.258746,-1.544366
2026-07-22,3867.03,4063.161167,4013.3123,-4.947451,-3.713014,-1.002152,0.705799,,3.187718,-1.61209
2026-07-23,3876.78,4059.775833,4013.59575,-4.612285,-3.468262,-1.87704,0.692503,,2.928203,-1.859533
2026-07-24,3814.2,4055.240167,4013.52385,-6.127897,-5.093868,0.472376,2.357805,,4.616958,-0.249331
2026-07-27,3858.25,4051.567,4013.70595,-4.889001,-3.950128,-1.267377,0.613935,,3.422536,-1.388194
2026-07-28,3813.31,4046.663667,4013.5043,-5.939518,-5.116717,0.234952,1.976761,,4.641375,-0.22605
2026-07-29,3828.47,4041.9355,4013.38015,-5.425842,-4.716857,1.296519,2.171642,,4.227015,-0.621136
2026-07-30,3804.69,4036.010833,4013.26305,-5.902227,-5.337012,2.483178,3.914297,,4.878453,0.130628
2026-07-31,3832.26,4030.213667,4013.1117,-5.036469,-4.611222,2.773617,3.081262,,4.123937,-0.58973
2026-08-03,3809.66,4024.042167,4012.7461,-5.474697,-5.193587,4.036684,4.532354,,4.74163,0.331263
2026-08-04,3822.28,4017.329833,4012.18765,-4.977036,-4.848954,2.883249,4.040708,,4.395806,1.469018
2026-08-05,3878.43,4011.728833,4012.09465,-3.379185,-3.388303,1.744429,1.610302,,2.884415,0.092305
2026-08-06,3900.35,4006.025167,4012.1489,-2.673323,-2.826069,0.67993,1.064475,,2.306203,-0.470214
2026-08-07,3940.04,4002.0605,4012.52295,-1.561848,-1.822933,-0.326926,-0.252092,,1.275622,-1.472828
2026-08-10,3966.59,3999.247167,4012.79485,-0.819935,-1.158119,0.404064,-0.858057,,0.597743,-2.13231
2026-08-11,3934.09,3995.9565,4012.88415,-1.560338,-1.983063,1.418682,0.164071,,1.428793,-1.323813
2026-08-12,3946.68,3992.242167,4013.41875,-1.14783,-1.676872,-1.332996,0.122307,,1.105233,-1.638592
2026-08-13,3926.96,3988.321833,4013.7341,-1.550496,-2.185642,-0.593564,0.18928,,1.612953,-1.144651
2026-08-14,3927.18,3985.820167,4013.78835,-1.482149,-2.181391,-0.561261,-0.999843,,1.60726,-1.150189
2026-08-17,3982.65,3983.649333,4014.1328,-0.025089,-0.787391,-2.559437,-2.47395,,0.192083,-2.526961
2026-08-18,3990.3,3980.944833,4014.47225,0.234723,-0.603948,-2.560123,-3.209104,,-0.100243,-3.158159
2026-08-19,3894.42,3976.762333,4014.1928,-2.092324,-3.029152,0.463691,-0.072438,,2.359273,-0.773928
2026-08-20,3903.72,3973.5955,4013.7267,-1.774141,-2.779022,1.344754,-0.722946,,2.115418,-1.010318
2026-08-21,3905.2,3970.3715,4013.3116,-1.655067,-2.730774,1.195833,0.170652,,2.076718,-1.047834
2026-08-24,3882.01,3967.262167,4012.64,-2.172317,-3.309632,2.651042,,,,
2026-08-25,3889.44,3964.457167,4012.1527,-1.910375,-3.106274,2.298899,,,,
2026-08-26,3912.52,3961.7475,4011.94135,-1.250355,-2.509358,0.735179,,,,
2026-08-27,3956.57,3959.624167,4011.8416,-0.077163,-1.38729,-0.366645,,,,
2026-08-28,3952.18,3957.864167,4011.80155,-0.14372,-1.497308,-0.559737,,,,
2026-08-31,3986.3,3957.1735,4011.8868,0.733347,-0.639817,-1.353727,,,,
2026-09-01,3979.89,3957.516,4011.74745,0.563763,-0.797274,-0.993387,,,,
2026-09-02,3941.39,3956.372,4011.4666,-0.379399,-1.762346,0.256433,,,,
2026-09-03,3942.09,3955.519667,4011.08405,-0.340095,-1.73505,-0.195265,,,,
2026-09-04,3930.12,3954.5715,4010.72085,-0.620229,-2.030103,-1.074678,,,,
2026-09-07,3932.7,3952.924667,4010.38365,-0.512951,-1.95607,-1.211829,,,,
2026-09-08,3940.55,3950.326,4009.9389,-0.24778,-1.74557,-1.954493,,,,
2026-09-09,3951.51,3947.986333,4009.744,0.089212,-1.462961,-1.52774,,,,
2026-09-10,3934.4,3945.091667,4009.55585,-0.27138,-1.892208,-1.50579,,,,
2026-09-11,3888.11,3941.718833,4009.29735,-1.36937,-3.069282,0.609234,,,,
2026-09-14,3885.33,3937.089333,4008.9903,-1.323378,-3.133149,,,,,
2026-09-15,3864.28,3933.0565,4008.65645,-1.764148,-3.668076,,,,,
2026-09-16,3891.6,3929.403,4008.94,-0.966712,-2.970648,,,,,
2026-09-17,3875.6,3925.325,4009.13415,-1.274866,-3.387481,,,,,
2026-09-18,3911.87,3923.401833,4009.3434,-0.294357,-2.461197,,,,,
