date,status,exchanges,estimatedNetFlowCny,estimatedNetFlowYi,grossInflowYi,grossOutflowYi,funds,pricedFunds,excludedRecords
2012-01-05,partial,SSE,261368600,2.6137,2.8264,-0.2127,22,22,0
2012-01-06,partial,SSE,113457700,1.1346,2.1144,-0.9798,22,22,0
2012-01-09,partial,SSE,-706990300,-7.0699,0.1454,-7.2153,22,22,0
2012-01-10,partial,SSE,154445400,1.5445,2.3489,-0.8044,22,22,0
2012-01-11,partial,SSE,382567800,3.8257,4.1706,-0.3449,22,22,0
2012-01-12,partial,SSE,-54221300,-0.5422,1.6817,-2.2239,22,22,0
2012-01-13,partial,SSE,265909300,2.6591,2.8491,-0.19,22,22,0
2012-01-16,partial,SSE,98460400,0.9846,1.0101,-0.0255,22,22,0
2012-01-17,partial,SSE,158181200,1.5818,1.737,-0.1552,22,22,0
2012-01-18,partial,SSE,-22732000,-0.2273,1.0852,-1.3125,22,22,0
2012-01-19,partial,SSE,37524500,0.3752,1.662,-1.2867,22,22,0
2012-01-20,partial,SSE,-60211600,-0.6021,0.6795,-1.2816,22,22,0
2012-01-30,partial,SSE,-392788500,-3.9279,0.095,-4.0229,22,22,0
2012-01-31,partial,SSE,246734000,2.4673,2.5415,-0.0741,22,21,1
2012-02-01,partial,SSE,-117541900,-1.1754,0.0904,-1.2658,22,22,0
2012-02-02,partial,SSE,-146177000,-1.4618,0.0577,-1.5195,22,22,0
2012-02-03,partial,SSE,-407260800,-4.0726,0,-4.0726,22,22,0
2012-02-06,partial,SSE,-182900400,-1.829,0.02,-1.849,22,22,0
2012-02-07,partial,SSE,89360300,0.8936,3.2035,-2.3099,22,22,0
2012-02-08,partial,SSE,-257032700,-2.5703,0.0119,-2.5822,22,22,0
2012-02-09,partial,SSE,-535633900,-5.3563,0,-5.3563,22,22,0
2012-02-10,partial,SSE,-362097500,-3.621,0.0241,-3.645,22,22,0
2012-02-13,partial,SSE,385066400,3.8507,3.9345,-0.0839,22,22,0
2012-02-14,partial,SSE,22463500,0.2246,0.3526,-0.128,22,22,0
2012-02-15,partial,SSE,-24339400,-0.2434,1.2001,-1.4435,22,22,0
2012-02-16,partial,SSE,-174907500,-1.7491,0.6981,-2.4472,22,22,0
2012-02-17,partial,SSE,61076200,0.6108,1.001,-0.3902,22,22,0
2012-02-20,partial,SSE,-92586300,-0.9259,0.3973,-1.3232,22,22,0
2012-02-21,partial,SSE,270844900,2.7084,3.0513,-0.3429,22,22,0
2012-02-22,partial,SSE,-326690400,-3.2669,0.0102,-3.2771,22,22,0
2012-02-23,partial,SSE,-837257200,-8.3726,0.2031,-8.5757,22,22,0
2012-02-24,partial,SSE,-372987800,-3.7299,0.0182,-3.7481,22,22,0
2012-02-27,partial,SSE,-403002800,-4.03,0.0233,-4.0533,22,22,0
2012-02-28,partial,SSE,560964600,5.6096,5.8888,-0.2792,22,22,0
2012-02-29,partial,SSE,2124600,0.0212,0.2446,-0.2233,22,22,0
2012-03-01,partial,SSE,215493200,2.1549,2.2331,-0.0781,22,22,0
2012-03-02,partial,SSE,-485220700,-4.8522,0.0559,-4.9081,22,22,0
2012-03-05,partial,SSE,-211574700,-2.1157,0.0207,-2.1365,22,22,0
2012-03-06,partial,SSE,642678100,6.4268,6.4888,-0.062,22,22,0
2012-03-07,partial,SSE,205390000,2.0539,2.1773,-0.1234,22,22,0
2012-03-08,partial,SSE,-463756000,-4.6376,0.0273,-4.6649,22,22,0
2012-03-09,partial,SSE,-288403000,-2.884,0.0863,-2.9703,22,22,0
2012-03-12,partial,SSE,-92270000,-0.9227,0.0121,-0.9348,22,22,0
2012-03-13,partial,SSE,-455744500,-4.5574,0.038,-4.5954,22,22,0
2012-03-14,partial,SSE,81884000,0.8188,1.4932,-0.6744,22,22,0
2012-03-15,partial,SSE,1094376000,10.9438,11.0228,-0.079,22,22,0
2012-03-16,partial,SSE,-37746100,-0.3775,0.7761,-1.1536,22,22,0
2012-03-19,partial,SSE,-480426000,-4.8043,0.0303,-4.8346,22,22,0
2012-03-20,partial,SSE,59165400,0.5917,0.858,-0.2664,22,22,0
2012-03-21,partial,SSE,32644100,0.3264,1.7765,-1.45,22,22,0
2012-03-22,partial,SSE,-2282500,-0.0228,0.5849,-0.6077,22,22,0
2012-03-23,partial,SSE,341512500,3.4151,3.7177,-0.3026,22,22,0
2012-03-26,partial,SSE,48686000,0.4869,0.6518,-0.1649,22,22,0
2012-03-27,partial,SSE,73173500,0.7317,0.8216,-0.0899,22,22,0
2012-03-28,partial,SSE,546628100,5.4663,5.8861,-0.4198,22,22,0
2012-03-29,partial,SSE,160606800,1.6061,1.7072,-0.1011,22,22,0
2012-03-30,partial,SSE,262958500,2.6296,2.6406,-0.011,22,22,0
2012-04-05,partial,SSE,-923607600,-9.2361,0.0163,-9.2524,22,22,0
2012-04-06,partial,SSE,-320111200,-3.2011,0.0131,-3.2142,22,22,0
2012-04-09,partial,SSE,-50838000,-0.5084,0,-0.5084,22,22,0
2012-04-10,partial,SSE,108316500,1.0832,1.6095,-0.5263,22,22,0
2012-04-11,partial,SSE,-59143500,-0.5914,0.0113,-0.6028,22,22,0
2012-04-12,partial,SSE,-154914400,-1.5491,0.0116,-1.5607,22,22,0
2012-04-13,partial,SSE,-102193400,-1.0219,0.8386,-1.8605,22,22,0
2012-04-16,partial,SSE,173794200,1.7379,1.7693,-0.0314,22,22,0
2012-04-17,partial,SSE,256521200,2.5652,2.6311,-0.0659,22,21,1
2012-04-18,partial,SSE,121366600,1.2137,1.4879,-0.2742,22,22,0
2012-04-19,partial,SSE,-135745500,-1.3575,0.0595,-1.417,22,22,0
2012-04-20,partial,SSE,18583500,0.1858,0.5049,-0.3191,22,22,0
2012-04-23,partial,SSE,-253437500,-2.5344,0.1611,-2.6955,22,22,0
2012-04-24,partial,SSE,-309016600,-3.0902,0.1913,-3.2815,22,22,0
2012-04-25,partial,SSE,-522725200,-5.2273,0.0784,-5.3057,22,22,0
2012-04-26,partial,SSE,90653400,0.9065,1.1397,-0.2331,22,22,0
2012-04-27,partial,SSE,72467200,0.7247,1.0132,-0.2885,22,22,0
2012-05-02,partial,SSE,-120853700,-1.2085,0.4851,-1.6936,22,22,0
2012-05-03,partial,SSE,362553500,3.6255,3.78,-0.1544,22,22,0
2012-05-04,partial,SSE,-38333500,-0.3833,0.4023,-0.7856,22,22,0
2012-05-07,partial,SSE,2381400,0.0238,0.3583,-0.3345,22,22,0
2012-05-08,partial,SSE,-116417900,-1.1642,0.1578,-1.3219,22,22,0
2012-05-09,partial,SSE,-74162500,-0.7416,0.3562,-1.0978,22,22,0
2012-05-10,partial,SSE,-24563400,-0.2456,1.4059,-1.6515,22,21,1
2012-05-11,partial,SSE,-76329200,-0.7633,1.1406,-1.9039,22,22,0
2012-05-14,partial,SSE,-393546400,-3.9355,0.1694,-4.1049,23,23,0
2012-05-15,partial,SSE,-49195800,-0.492,0.0509,-0.5429,23,23,0
2012-05-16,partial,SSE,-66736000,-0.6674,0.2255,-0.8928,23,23,0
2012-05-17,partial,SSE,-280474800,-2.8047,0.0213,-2.826,23,23,0
2012-05-18,partial,SSE,165758500,1.6576,1.7757,-0.1182,23,23,0
2012-05-21,partial,SSE,-63172400,-0.6317,0.0337,-0.6655,23,23,0
2012-05-22,partial,SSE,-328421700,-3.2842,0,-3.2842,23,23,0
2012-05-23,partial,SSE,-37329200,-0.3733,0.7286,-1.1019,23,22,1
2012-05-24,partial,SSE,226227000,2.2623,2.3698,-0.1076,23,23,0
2012-05-25,partial,SSE,-101989100,-1.0199,0.3103,-1.3302,23,22,1
2012-05-28,partial,SSE,-287006700,-2.8701,0.0153,-2.8853,23,23,0
2012-05-29,partial,SSE,-1352865700,-13.5287,0,-13.5287,24,24,0
2012-05-30,partial,SSE,-291110500,-2.9111,0,-2.9111,24,23,1
2012-05-31,partial,SSE,-159843200,-1.5984,0.1781,-1.7765,24,24,0
2012-06-01,partial,SSE,-221334100,-2.2133,0.0309,-2.2443,24,24,0
2012-06-04,partial,SSE,-842928500,-8.4293,0.6818,-9.1111,24,24,0
2012-06-05,partial,SSE,-485236500,-4.8524,0.2174,-5.0698,24,23,1
2012-06-06,partial,SSE,-116525100,-1.1653,0.3305,-1.4958,24,24,0
2012-06-07,partial,SSE,-888606400,-8.8861,0.0132,-8.8992,24,24,0
2012-06-08,partial,SSE,149734500,1.4973,2.2396,-0.7423,24,24,0
2012-06-11,partial,SSE,307643648,3.0764,3.1539,-0.0774,24,24,0
2012-06-12,partial,SSE,-355775536,-3.5578,0.05,-3.6077,24,24,0
2012-06-13,partial,SSE,-332186200,-3.3219,0.2864,-3.6082,24,24,0
2012-06-14,partial,SSE,-66032000,-0.6603,0.3082,-0.9685,24,24,0
2012-06-15,partial,SSE,188390366,1.8839,1.9691,-0.0852,24,24,0
2012-06-18,partial,SSE,-56386453,-0.5639,0.072,-0.6359,24,24,0
2012-06-19,partial,SSE,-62108900,-0.6211,0.0743,-0.6954,24,24,0
2012-06-20,partial,SSE,151832300,1.5183,1.5618,-0.0435,24,23,1
2012-06-21,partial,SSE,46990000,0.4699,0.8506,-0.3807,24,24,0
2012-06-25,partial,SSE,431469556,4.3147,4.9075,-0.5928,24,24,0
2012-06-26,partial,SSE,90132244,0.9013,2.1977,-1.2964,24,23,1
2012-06-27,partial,SSE,-39029300,-0.3903,1.6045,-1.9948,24,24,0
2012-06-28,partial,SSE,238208784,2.3821,2.9009,-0.5188,24,24,0
2012-06-29,partial,SSE,262697938,2.627,2.7027,-0.0757,24,24,0
2012-07-02,partial,SSE,-507940000,-5.0794,0.0344,-5.1138,24,24,0
2012-07-03,partial,SSE,-201685998,-2.0169,0.0091,-2.0259,24,24,0
2012-07-04,partial,SSE,-199640502,-1.9964,0.5632,-2.5596,24,24,0
2012-07-05,partial,SSE,498461900,4.9846,5,-0.0154,24,24,0
2012-07-06,partial,SSE,215653400,2.1565,2.1926,-0.0361,24,24,0
2012-07-09,partial,SSE,351885360,3.5189,3.5295,-0.0107,24,23,1
2012-07-10,partial,SSE,438952286,4.3895,5.676,-1.2864,25,25,0
2012-07-11,partial,SSE,-68841000,-0.6884,0.5442,-1.2326,25,25,0
2012-07-12,partial,SSE,-498338900,-4.9834,0.5024,-5.4858,25,25,0
2012-07-13,partial,SSE,-267194800,-2.6719,0.3317,-3.0036,25,25,0
2012-07-16,partial,SSE,560849856,5.6085,5.6592,-0.0507,25,25,0
2012-07-17,partial,SSE,400772389,4.0077,4.0364,-0.0286,25,25,0
2012-07-18,partial,SSE,438574486,4.3857,4.6206,-0.2349,25,25,0
2012-07-19,partial,SSE,-806401310,-8.064,0.499,-8.5631,25,24,1
2012-07-20,partial,SSE,-614475500,-6.1448,1.0801,-7.2248,25,24,1
2012-07-23,partial,SSE,290107800,2.9011,2.9467,-0.0457,25,24,1
2012-07-24,partial,SSE,207942838,2.0794,2.2383,-0.1588,25,24,1
2012-07-25,partial,SSE,-70781617,-0.7078,0.387,-1.0948,25,25,0
2012-07-26,partial,SSE,227080800,2.2708,2.9703,-0.6995,25,25,0
2012-07-27,partial,SSE,748701900,7.487,7.5018,-0.0148,25,25,0
2012-07-30,partial,SSE,493453531,4.9345,4.9887,-0.0542,25,25,0
2012-07-31,partial,SSE,855376716,8.5538,8.6494,-0.0956,25,25,0
2012-08-01,partial,SSE,-408118558,-4.0812,0.0032,-4.0844,25,25,0
2012-08-02,partial,SSE,-230440500,-2.3044,0.8534,-3.1578,25,25,0
2012-08-03,partial,SSE,132353600,1.3235,1.4558,-0.1322,25,25,0
2012-08-06,partial,SSE,-504236100,-5.0424,0.2158,-5.2581,25,24,1
2012-08-07,partial,SSE,-867873100,-8.6787,0.0422,-8.721,25,24,1
2012-08-08,partial,SSE,-490189500,-4.9019,0.0425,-4.9444,25,24,1
2012-08-09,partial,SSE,-288746900,-2.8875,0.0168,-2.9043,25,25,0
2012-08-10,partial,SSE,-21267624,-0.2127,1.0264,-1.2391,25,24,1
2012-08-13,partial,SSE,810465873,8.1047,8.1988,-0.0942,25,25,0
2012-08-14,partial,SSE,69956255,0.6996,2.4505,-1.7509,25,25,0
2012-08-15,partial,SSE,-174443049,-1.7444,0.024,-1.7684,25,25,0
2012-08-16,partial,SSE,75224145,0.7522,0.856,-0.1038,25,24,1
2012-08-17,partial,SSE,12148383,0.1215,1.1747,-1.0533,25,25,0
2012-08-20,partial,SSE,-53881900,-0.5388,0.5209,-1.0597,25,25,0
2012-08-21,partial,SSE,-114787230,-1.1479,0.4197,-1.5676,25,25,0
2012-08-22,partial,SSE,39022372,0.3902,0.6234,-0.2331,25,24,1
2012-08-23,partial,SSE,-154531000,-1.5453,0.907,-2.4523,25,25,0
2012-08-24,partial,SSE,30883100,0.3088,0.4026,-0.0938,25,25,0
2012-08-27,partial,SSE,320099146,3.201,3.8383,-0.6373,25,25,0
2012-08-28,partial,SSE,-667345446,-6.6735,0.021,-6.6945,25,24,1
2012-08-29,partial,SSE,-233100600,-2.331,0.0066,-2.3376,25,25,0
2012-08-30,partial,SSE,74637679,0.7464,1.372,-0.6256,25,24,1
2012-08-31,partial,SSE,53087206,0.5309,1.2144,-0.6835,25,23,2
2012-09-03,partial,SSE,-565823215,-5.6582,0.0085,-5.6667,25,24,1
2012-09-04,partial,SSE,-250906100,-2.5091,0.1386,-2.6476,25,25,0
2012-09-05,partial,SSE,-122060900,-1.2206,0.6243,-1.845,25,24,1
2012-09-06,partial,SSE,-265038100,-2.6504,0.009,-2.6594,25,25,0
2012-09-07,partial,SSE,-11697434,-0.117,1.478,-1.5949,25,25,0
2012-09-10,partial,SSE,-124937709,-1.2494,0.1043,-1.3537,25,24,1
2012-09-11,partial,SSE,85231009,0.8523,1.2948,-0.4425,25,24,1
2012-09-12,partial,SSE,6723937,0.0672,0.4137,-0.3465,25,25,0
2012-09-13,partial,SSE,99928352,0.9993,1.926,-0.9267,25,25,0
2012-09-14,partial,SSE,-48898272,-0.489,2.0644,-2.5534,25,25,0
2012-09-17,partial,SSE,7671174,0.0767,1.0681,-0.9913,25,25,0
2012-09-18,partial,SSE,-144866887,-1.4487,0.3204,-1.7691,25,24,1
2012-09-19,partial,SSE,-329090600,-3.2909,0,-3.2909,25,25,0
2012-09-20,partial,SSE,-621077700,-6.2108,0.0417,-6.2525,25,25,0
2012-09-21,partial,SSE,-581207900,-5.8121,0.0044,-5.8165,25,25,0
2012-09-24,partial,SSE,-144825338,-1.4483,0.25,-1.6982,25,25,0
2012-09-25,partial,SSE,-222641981,-2.2264,0.4542,-2.6806,26,25,1
2012-09-26,partial,SSE,319907060,3.1991,3.5592,-0.3601,26,25,1
2012-09-27,partial,SSE,415965876,4.1597,5.7143,-1.5546,26,25,1
2012-09-28,partial,SSE,-191250246,-1.9125,2.3242,-4.2367,26,26,0
2012-10-08,partial,SSE,-96772559,-0.9677,0.0775,-1.0452,26,26,0
2012-10-09,partial,SSE,287996400,2.88,4.3183,-1.4384,27,27,0
2012-10-10,partial,SSE,-248169300,-2.4817,0.0213,-2.503,27,27,0
2012-10-11,partial,SSE,-155370700,-1.5537,0.0087,-1.5624,27,25,2
2012-10-12,partial,SSE,228205156,2.2821,3.077,-0.7949,27,27,0
2012-10-15,partial,SSE,54696544,0.547,0.9145,-0.3676,27,26,1
2012-10-16,partial,SSE,-136623053,-1.3662,0.7981,-2.1643,27,26,1
2012-10-17,partial,SSE,173725568,1.7373,1.9572,-0.2199,27,27,0
2012-10-18,partial,SSE,-71726834,-0.7173,0.5485,-1.2658,27,27,0
2012-10-19,partial,SSE,-157504200,-1.575,0.6863,-2.2614,27,27,0
2012-10-22,partial,SSE,-22220400,-0.2222,0.4923,-0.7145,27,26,1
2012-10-23,partial,SSE,103527600,1.0353,1.2085,-0.1733,27,27,0
2012-10-24,partial,SSE,136367052,1.3637,1.4126,-0.049,27,26,1
2012-10-25,partial,SSE,18173842,0.1817,0.6861,-0.5043,27,27,0
2012-10-26,partial,SSE,-39675504,-0.3968,0.2541,-0.6509,27,27,0
2012-10-29,partial,SSE,-408108384,-4.0811,0.0302,-4.1113,27,27,0
2012-10-30,partial,SSE,-415887500,-4.1589,0.0146,-4.1735,27,27,0
2012-10-31,partial,SSE,-314041300,-3.1404,0.0809,-3.2213,27,26,1
2012-11-01,partial,SSE,1842300,0.0184,0.4097,-0.3913,27,27,0
2012-11-02,partial,SSE,-156301000,-1.563,0.2942,-1.8572,27,27,0
2012-11-05,partial,SSE,-42228400,-0.4223,0.0617,-0.484,27,26,1
2012-11-06,partial,SSE,-236228100,-2.3623,0.008,-2.3703,27,25,2
2012-11-07,partial,SSE,-116313700,-1.1631,0.0156,-1.1787,27,26,1
2012-11-08,partial,SSE,-108673100,-1.0867,0.0575,-1.1443,27,27,0
2012-11-09,partial,SSE,-82831800,-0.8283,0.0202,-0.8485,27,27,0
2012-11-12,partial,SSE,-99617700,-0.9962,0.0199,-1.0161,27,24,3
2012-11-13,partial,SSE,28142200,0.2814,1.1959,-0.9144,27,27,0
2012-11-14,partial,SSE,32327500,0.3233,0.7044,-0.3811,27,27,0
2012-11-15,partial,SSE,-192184000,-1.9218,0.7033,-2.6251,27,25,2
2012-11-16,partial,SSE,-15456581,-0.1546,1.1054,-1.2599,27,26,1
2012-11-19,partial,SSE,78704781,0.787,1.3358,-0.5488,27,26,1
2012-11-20,partial,SSE,-87890000,-0.8789,0.2423,-1.1212,27,26,1
2012-11-21,partial,SSE,490498765,4.905,5.2814,-0.3764,27,27,0
2012-11-22,partial,SSE,47619188,0.4762,0.7781,-0.3019,27,26,1
2012-11-23,partial,SSE,-43006000,-0.4301,0.5807,-1.0108,27,27,0
2012-11-26,partial,SSE,-145415100,-1.4542,0.0073,-1.4614,27,27,0
2012-11-27,partial,SSE,203154878,2.0315,2.3848,-0.3533,27,27,0
2012-11-28,partial,SSE,340177175,3.4018,3.63,-0.2282,27,26,1
2012-11-29,partial,SSE,250545980,2.5055,2.5419,-0.0365,27,27,0
2012-11-30,partial,SSE,-200429500,-2.0043,0.0083,-2.0126,27,27,0
2012-12-03,partial,SSE,42790000,0.4279,0.9085,-0.4806,27,26,1
2012-12-04,partial,SSE,214859658,2.1486,2.1892,-0.0406,27,27,0
2012-12-05,partial,SSE,-570279202,-5.7028,0.3046,-6.0074,27,27,0
2012-12-06,partial,SSE,-371040800,-3.7104,0.0187,-3.7291,27,27,0
2012-12-07,partial,SSE,-669965660,-6.6997,0.5617,-7.2614,27,27,0
2012-12-10,partial,SSE,110339699,1.1034,3.7697,-2.6663,27,27,0
2012-12-11,partial,SSE,-71626226,-0.7163,0.3591,-1.0754,27,27,0
2012-12-12,partial,SSE,232237307,2.3224,4.1143,-1.7919,27,26,1
2012-12-13,partial,SSE,59469836,0.5947,1.5653,-0.9706,27,26,1
2012-12-14,partial,SSE,-15066010,-0.1507,1.0575,-1.2082,27,27,0
2012-12-17,partial,SSE,-621990612,-6.2199,1.7848,-8.0047,27,27,0
2012-12-18,partial,SSE,126585400,1.2659,2.6638,-1.3979,27,27,0
2012-12-19,partial,SSE,-66158300,-0.6616,0.8599,-1.5214,27,27,0
2012-12-20,partial,SSE,572625056,5.7263,6.4889,-0.7627,27,27,0
2012-12-21,partial,SSE,-33908453,-0.3391,1.2705,-1.6096,27,27,0
2012-12-24,partial,SSE,145046618,1.4505,1.7267,-0.2762,27,27,0
2012-12-25,partial,SSE,-270577161,-2.7058,1.0855,-3.7912,27,27,0
2012-12-26,partial,SSE,-577747200,-5.7775,0.9713,-6.7488,27,27,0
2012-12-27,partial,SSE,342082500,3.4208,3.7148,-0.294,27,27,0
2012-12-28,partial,SSE,197475155,1.9748,3.6128,-1.638,27,27,0
2012-12-31,partial,SSE,780133510,7.8013,9.956,-2.1547,27,27,0
2013-01-04,partial,SSE,-453389603,-4.5339,0.1015,-4.6354,27,27,0
2013-01-07,partial,SSE,-216343494,-2.1634,1.5526,-3.716,27,27,0
2013-01-08,partial,SSE,-251234007,-2.5123,0.4444,-2.9568,27,27,0
2013-01-09,partial,SSE,-797564200,-7.9756,0.0321,-8.0078,27,27,0
2013-01-10,partial,SSE,-445481800,-4.4548,0.0101,-4.4649,27,27,0
2013-01-11,partial,SSE,613825200,6.1383,6.9274,-0.7891,27,27,0
2013-01-14,partial,SSE,-634335607,-6.3434,1.9152,-8.2586,27,27,0
2013-01-15,partial,SSE,-1116196067,-11.162,0.1218,-11.2838,27,27,0
2013-01-16,partial,SSE,-569265000,-5.6927,0.0096,-5.7023,27,27,0
2013-01-17,partial,SSE,-472366800,-4.7237,0.0192,-4.7429,28,28,0
2013-01-18,partial,SSE,78103000,0.781,1.2679,-0.4869,28,28,0
2013-01-21,partial,SSE,-982882100,-9.8288,0.007,-9.8358,28,28,0
2013-01-22,partial,SSE,-1571627540,-15.7163,0.1064,-15.8227,28,28,0
2013-01-23,partial,SSE,144126642,1.4413,4.387,-2.9457,28,28,0
2013-01-24,partial,SSE,1188614440,11.8861,12.2676,-0.3814,28,28,0
2013-01-25,partial,SSE,1973085634,19.7309,20.3408,-0.61,28,28,0
2013-01-28,partial,SSE,-654120967,-6.5412,3.1756,-9.7168,28,28,0
2013-01-29,partial,SSE,-1660988475,-16.6099,4.3493,-20.9592,28,28,0
2013-01-30,partial,SSE,-1549999185,-15.5,0.6482,-16.1482,28,28,0
2013-01-31,partial,SSE,-7731109,-0.0773,1.3858,-1.4631,28,28,0
2013-02-01,partial,SSE,-648171130,-6.4817,0.3085,-6.7903,28,28,0
2013-02-04,partial,SSE,-513858778,-5.1386,0.5926,-5.7312,28,28,0
2013-02-05,partial,SSE,-39797910,-0.398,1.4543,-1.8523,28,28,0
2013-02-06,partial,SSE,-549289930,-5.4929,1.6449,-7.1378,28,28,0
2013-02-07,partial,SSE,1005805120,10.0581,10.7603,-0.7023,28,28,0
2013-02-08,partial,SSE,754608665,7.5461,8.5888,-1.0427,28,28,0
2013-02-18,partial,SSE,-1469847738,-14.6985,0.194,-14.8925,28,28,0
2013-02-19,partial,SSE,-14688300,-0.1469,2.4672,-2.6141,28,28,0
2013-02-20,partial,SSE,-135069033,-1.3507,1.0829,-2.4336,28,28,0
2013-02-21,partial,SSE,758215349,7.5822,13.9181,-6.3359,28,28,0
2013-02-22,partial,SSE,-604604500,-6.046,0.073,-6.119,28,28,0
2013-02-25,partial,SSE,-528555300,-5.2856,0.1203,-5.4058,28,28,0
2013-02-26,partial,SSE,-2204818100,-22.0482,0.4288,-22.477,28,28,0
2013-02-27,partial,SSE,18684100,0.1868,2.7277,-2.5408,28,28,0
2013-02-28,partial,SSE,256243000,2.5624,4.0815,-1.5191,28,28,0
2013-03-01,partial,SSE,2198120,0.022,0.5867,-0.5647,28,28,0
2013-03-04,partial,SSE,2003945500,20.0395,20.6161,-0.5767,28,28,0
2013-03-05,partial,SSE,-1724439887,-17.2444,0.5007,-17.7451,28,28,0
2013-03-06,partial,SSE,-773133337,-7.7313,0.2028,-7.9341,28,28,0
2013-03-07,partial,SSE,-837274900,-8.3727,0.0337,-8.4064,28,28,0
2013-03-08,partial,SSE,-106186819,-1.0619,1.4334,-2.4952,28,28,0
2013-03-11,partial,SSE,-324757187,-3.2476,0.0445,-3.292,28,28,0
2013-03-12,partial,SSE,79840200,0.7984,3.0095,-2.2111,28,28,0
2013-03-13,partial,SSE,-138867269,-1.3887,0.6162,-2.0049,28,28,0
2013-03-14,partial,SSE,-406857702,-4.0686,0.177,-4.2456,28,28,0
2013-03-15,partial,SSE,-185659226,-1.8566,1.5011,-3.3577,28,27,1
2013-03-18,partial,SSE,523210333,5.2321,5.6266,-0.3945,29,29,0
2013-03-19,partial,SSE,349250142,3.4925,4.8007,-1.3082,29,29,0
2013-03-20,partial,SSE,-1063189100,-10.6319,0.1663,-10.7982,29,29,0
2013-03-21,partial,SSE,94477880,0.9448,1.4718,-0.527,29,29,0
2013-03-22,partial,SSE,15888850,0.1589,1.0959,-0.937,29,29,0
2013-03-25,partial,SSE,-85180300,-0.8518,1.1633,-2.0151,29,27,2
2013-03-26,partial,SSE,-605288936,-6.0529,1.0112,-7.0641,30,30,0
2013-03-27,partial,SSE,-427364253,-4.2736,0.9954,-5.269,30,30,0
2013-03-28,partial,SSE,1160730543,11.6073,11.9821,-0.3748,30,30,0
2013-03-29,partial,SSE,141605749,1.4161,3.0198,-1.6037,30,30,0
2013-04-01,partial,SSE,-925298099,-9.253,0.3154,-9.5684,30,30,0
2013-04-02,partial,SSE,-104249892,-1.0425,1.1208,-2.1633,30,30,0
2013-04-03,partial,SSE,101807438,1.0181,2.5034,-1.4853,30,30,0
2013-04-08,partial,SSE,201476407,2.0148,2.6522,-0.6375,30,29,1
2013-04-09,partial,SSE,-641210092,-6.4121,0.6163,-7.0284,30,30,0
2013-04-10,partial,SSE,-201785116,-2.0179,0.1581,-2.1759,30,30,0
2013-04-11,partial,SSE,-105989567,-1.0599,0.1033,-1.1632,30,30,0
2013-04-12,partial,SSE,21836567,0.2184,0.8456,-0.6273,30,29,1
2013-04-15,partial,SSE,392384365,3.9238,4.1517,-0.2279,30,29,1
2013-04-16,partial,SSE,681008412,6.8101,7.0402,-0.2301,30,30,0
2013-04-17,partial,SSE,-101057700,-1.0106,1.2327,-2.2433,30,29,1
2013-04-18,partial,SSE,439847747,4.3985,5.1533,-0.7548,30,30,0
2013-04-19,partial,SSE,893477124,8.9348,9.4509,-0.5161,30,29,1
2013-04-22,partial,SSE,413503240,4.135,5.2533,-1.1183,30,30,0
2013-04-23,partial,SSE,-71611969,-0.7161,1.3368,-2.0529,30,30,0
2013-04-24,partial,SSE,438976807,4.3898,4.6368,-0.2471,30,30,0
2013-04-25,partial,SSE,451259709,4.5126,4.7068,-0.1942,30,30,0
2013-04-26,partial,SSE,-329019732,-3.2902,0.082,-3.3722,30,28,2
2013-05-02,partial,SSE,-202280400,-2.0228,0.2648,-2.2876,30,30,0
2013-05-03,partial,SSE,12633400,0.1263,1.1737,-1.0473,30,30,0
2013-05-06,partial,SSE,-262461705,-2.6246,0.0831,-2.7078,30,30,0
2013-05-07,partial,SSE,-532510898,-5.3251,0.1776,-5.5027,30,30,0
2013-05-08,partial,SSE,612029139,6.1203,6.3217,-0.2014,30,30,0
2013-05-09,partial,SSE,-78828958,-0.7883,2.5958,-3.3841,35,35,0
2013-05-10,partial,SSE,-392807298,-3.9281,0.0092,-3.9373,35,35,0
2013-05-13,partial,SSE,-206404840,-2.064,0.3428,-2.4068,35,35,0
2013-05-14,partial,SSE,-192700536,-1.927,0.6082,-2.5352,35,34,1
2013-05-15,partial,SSE,-200207726,-2.0021,0.296,-2.2981,35,35,0
2013-05-16,partial,SSE,-565836242,-5.6584,0.6259,-6.2843,35,35,0
2013-05-17,partial,SSE,528134944,5.2813,8.7754,-3.4941,35,35,0
2013-05-20,partial,SSE,243262280,2.4326,3.3545,-0.9219,35,35,0
2013-05-21,partial,SSE,491761317,4.9176,5.5796,-0.662,35,35,0
2013-05-22,partial,SSE,-427463336,-4.2746,0.183,-4.4576,35,35,0
2013-05-23,partial,SSE,-129051664,-1.2905,1.0407,-2.3313,35,35,0
2013-05-24,partial,SSE,367218200,3.6722,4.2714,-0.5992,35,34,1
2013-05-27,partial,SSE,-140350703,-1.4035,2.3978,-3.8014,36,35,1
2013-05-28,partial,SSE,378295456,3.783,7.1167,-3.3337,36,36,0
2013-05-29,partial,SSE,934464866,9.3446,9.6807,-0.3361,36,36,0
2013-05-30,partial,SSE,129725970,1.2973,4.1992,-2.9019,36,36,0
2013-05-31,partial,SSE,-498663365,-4.9866,2.3565,-7.3431,36,36,0
2013-06-03,partial,SSE,-149217846,-1.4922,2.6338,-4.1259,37,36,1
2013-06-04,partial,SSE,524278554,5.2428,5.8569,-0.6141,37,37,0
2013-06-05,partial,SSE,220786411,2.2079,2.7105,-0.5026,37,36,1
2013-06-06,partial,SSE,410100400,4.101,4.309,-0.208,37,37,0
2013-06-07,partial,SSE,-268836400,-2.6884,0.4878,-3.1762,37,37,0
2013-06-13,partial,SSE,2064938800,20.6494,22.668,-2.0186,37,37,0
2013-06-14,partial,SSE,2863793200,28.6379,28.8344,-0.1965,37,36,1
2013-06-17,partial,SSE,32975439,0.3298,1.1812,-0.8514,37,36,1
2013-06-18,partial,SSE,-189883804,-1.8988,0.0841,-1.9829,37,36,1
2013-06-19,partial,SSE,23649982,0.2365,0.866,-0.6295,37,37,0
2013-06-20,partial,SSE,390667077,3.9067,4.2349,-0.3282,37,37,0
2013-06-21,partial,SSE,-119246350,-1.1925,0.7914,-1.9839,37,37,0
2013-06-24,partial,SSE,1533013460,15.3301,15.8229,-0.4928,37,37,0
2013-06-25,partial,SSE,3463783814,34.6378,34.7934,-0.1556,37,37,0
2013-06-26,partial,SSE,250099700,2.501,4.5152,-2.0142,37,37,0
2013-06-27,partial,SSE,2464255100,24.6426,26.2895,-1.647,37,37,0
2013-06-28,partial,SSE,2133010914,21.3301,24.7191,-3.389,37,35,2
2013-07-01,partial,SSE,164042993,1.6404,2.4886,-0.8482,37,37,0
2013-07-02,partial,SSE,302079088,3.0208,10.4477,-7.4269,37,36,1
2013-07-03,partial,SSE,244611355,2.4461,6.7993,-4.3532,37,37,0
2013-07-04,partial,SSE,-370579222,-3.7058,3.0622,-6.768,37,37,0
2013-07-05,partial,SSE,-369208821,-3.6921,0.3621,-4.0542,37,36,1
2013-07-08,partial,SSE,543021775,5.4302,5.5111,-0.0808,37,36,1
2013-07-09,partial,SSE,430439506,4.3044,5.3119,-1.0075,37,35,2
2013-07-10,partial,SSE,-552302309,-5.523,0.125,-5.6481,37,37,0
2013-07-11,partial,SSE,7607954,0.0761,4.202,-4.1259,37,37,0
2013-07-12,partial,SSE,986191462,9.8619,10.3689,-0.507,37,37,0
2013-07-15,partial,SSE,82260643,0.8226,1.038,-0.2154,37,37,0
2013-07-16,partial,SSE,-674368790,-6.7437,0.1802,-6.9239,37,37,0
2013-07-17,partial,SSE,13903959,0.139,1.1791,-1.0401,37,37,0
2013-07-18,partial,SSE,-386188247,-3.8619,0.0993,-3.9612,37,37,0
2013-07-19,partial,SSE,-380590769,-3.8059,0.2857,-4.0916,37,37,0
2013-07-22,partial,SSE,-210195124,-2.102,1.357,-3.4589,37,36,1
2013-07-23,partial,SSE,-393331900,-3.9333,0.8672,-4.8005,37,37,0
2013-07-24,partial,SSE,-170730300,-1.7073,1.163,-2.8703,37,36,1
2013-07-25,partial,SSE,-771252558,-7.7125,0.9927,-8.7052,37,37,0
2013-07-26,partial,SSE,-449695734,-4.497,0,-4.497,37,37,0
2013-07-29,partial,SSE,-140133541,-1.4013,1.9316,-3.3329,37,37,0
2013-07-30,partial,SSE,317332414,3.1733,3.3008,-0.1275,37,37,0
2013-07-31,partial,SSE,-108542337,-1.0854,0.2683,-1.3537,37,36,1
2013-08-01,partial,SSE,475678340,4.7568,5.6523,-0.8956,37,37,0
2013-08-02,partial,SSE,-217170299,-2.1717,2.3303,-4.502,38,38,0
2013-08-05,partial,SSE,67762312,0.6776,1.4884,-0.8108,38,38,0
2013-08-06,partial,SSE,-66039955,-0.6604,0.8105,-1.4709,38,38,0
2013-08-07,partial,SSE,-452954865,-4.5295,0.3182,-4.8478,38,37,1
2013-08-08,partial,SSE,4778625,0.0478,1.2372,-1.1894,38,36,2
2013-08-09,partial,SSE,-33648143,-0.3365,0.9324,-1.2689,38,37,1
2013-08-12,partial,SSE,400413272,4.0041,4.2662,-0.2621,38,38,0
2013-08-13,partial,SSE,-497151802,-4.9715,0.3041,-5.2756,38,36,2
2013-08-14,partial,SSE,132106600,1.3211,2.9298,-1.6087,38,38,0
2013-08-15,partial,SSE,-60677759,-0.6068,0.5464,-1.1532,38,37,1
2013-08-16,partial,SSE,-573032907,-5.7303,1.4708,-7.2011,38,38,0
2013-08-19,partial,SSE,-344054100,-3.4405,1.4293,-4.8698,38,38,0
2013-08-20,partial,SSE,-1104458000,-11.0446,0.0426,-11.0872,38,37,1
2013-08-21,partial,SSE,103968616,1.0397,2.4261,-1.3864,38,37,1
2013-08-22,partial,SSE,-600814731,-6.0081,3.222,-9.2302,38,37,1
2013-08-23,partial,SSE,-270270135,-2.7027,0.0889,-2.7916,38,38,0
2013-08-26,partial,SSE,-21422805,-0.2142,2.8756,-3.0899,38,37,1
2013-08-27,partial,SSE,-484200921,-4.842,0.042,-4.884,38,37,1
2013-08-28,partial,SSE,-246319096,-2.4632,0.1183,-2.5815,38,38,0
2013-08-29,partial,SSE,-86495100,-0.865,0.5882,-1.4531,38,38,0
2013-08-30,partial,SSE,-63525500,-0.6353,0.1994,-0.8346,38,37,1
2013-09-02,partial,SSE,317717857,3.1772,3.6456,-0.4684,38,37,1
2013-09-03,partial,SSE,135597184,1.356,1.9978,-0.6419,38,38,0
2013-09-04,partial,SSE,-275768214,-2.7577,0.4849,-3.2426,38,38,0
2013-09-05,partial,SSE,-76365531,-0.7637,0.2797,-1.0434,38,38,0
2013-09-06,partial,SSE,-297634366,-2.9763,0.5402,-3.5165,38,38,0
2013-09-09,partial,SSE,-840004917,-8.4,1.2772,-9.6773,38,38,0
2013-09-10,partial,SSE,-365883400,-3.6588,1.1069,-4.7658,38,38,0
2013-09-11,partial,SSE,-363586918,-3.6359,0.6963,-4.3322,38,38,0
2013-09-12,partial,SSE,-302957020,-3.0296,0.5144,-3.544,38,38,0
2013-09-13,partial,SSE,621914568,6.2191,6.9641,-0.745,38,38,0
2013-09-16,partial,SSE,766301671,7.663,8.3998,-0.7368,38,38,0
2013-09-17,partial,SSE,692960008,6.9296,7.1048,-0.1752,38,38,0
2013-09-18,partial,SSE,-44520710,-0.4452,0.4231,-0.8683,38,38,0
2013-09-23,partial,SSE,-242883800,-2.4288,1.4996,-3.9284,38,38,0
2013-09-24,partial,SSE,-18746210,-0.1875,3.6104,-3.7979,38,37,1
2013-09-25,partial,SSE,10364718,0.1036,1.0154,-0.9118,38,37,1
2013-09-26,partial,SSE,159219530,1.5922,2.3512,-0.759,38,38,0
2013-09-27,partial,SSE,-50485881,-0.5049,0.7684,-1.2733,38,37,1
2013-09-30,partial,SSE,274749265,2.7475,3.2094,-0.4619,38,37,1
2013-10-08,partial,SSE,8942654,0.0894,0.7747,-0.6853,38,38,0
2013-10-09,partial,SSE,-213328270,-2.1333,0.5983,-2.7316,38,38,0
2013-10-10,partial,SSE,156130970,1.5613,4.276,-2.7147,38,37,1
2013-10-11,partial,SSE,283872679,2.8387,3.0845,-0.2458,38,37,1
2013-10-14,partial,SSE,-486823529,-4.8682,0.339,-5.2072,38,37,1
2013-10-15,partial,SSE,-583835732,-5.8384,0.059,-5.8974,38,37,1
2013-10-16,partial,SSE,282981454,2.8298,2.9824,-0.1526,38,35,3
2013-10-17,partial,SSE,665371810,6.6537,9.2851,-2.6313,38,36,2
2013-10-18,partial,SSE,-364629411,-3.6463,0.7254,-4.3717,38,37,1
2013-10-21,partial,SSE,494628150,4.9463,7.3744,-2.4281,38,38,0
2013-10-22,partial,SSE,315468410,3.1547,3.5567,-0.402,38,38,0
2013-10-23,partial,SSE,523078621,5.2308,5.5229,-0.2921,38,38,0
2013-10-24,partial,SSE,473571851,4.7357,4.831,-0.0953,38,38,0
2013-10-25,partial,SSE,-342409898,-3.4241,3.1877,-6.6118,38,38,0
2013-10-28,partial,SSE,264475997,2.6448,2.9722,-0.3274,38,37,1
2013-10-29,partial,SSE,717990058,7.1799,7.79,-0.6101,39,39,0
2013-10-30,partial,SSE,-829876286,-8.2988,1.8235,-10.1223,39,39,0
2013-10-31,partial,SSE,295894950,2.9589,3.6433,-0.6844,39,38,1
2013-11-01,partial,SSE,595886396,5.9589,6.1155,-0.1567,39,37,2
2013-11-04,partial,SSE,-35979024,-0.3598,1.1274,-1.4872,39,39,0
2013-11-05,partial,SSE,158783891,1.5878,2.3003,-0.7125,39,38,1
2013-11-06,partial,SSE,-175628491,-1.7563,0.3223,-2.0786,39,37,2
2013-11-07,partial,SSE,374056942,3.7406,4.0318,-0.2913,39,37,2
2013-11-08,partial,SSE,485613016,4.8561,5.0168,-0.1606,39,38,1
2013-11-11,partial,SSE,-621901215,-6.219,0.1688,-6.3878,39,38,1
2013-11-12,partial,SSE,-357662836,-3.5766,0.4589,-4.0355,39,37,2
2013-11-13,partial,SSE,241498256,2.415,3.7908,-1.3758,39,39,0
2013-11-14,partial,SSE,178534236,1.7853,1.8752,-0.0898,39,39,0
2013-11-15,partial,SSE,-269758698,-2.6976,5.0297,-7.7272,39,38,1
2013-11-18,partial,SSE,-732806666,-7.3281,0.2684,-7.5964,39,39,0
2013-11-19,partial,SSE,182377119,1.8238,2.0784,-0.2547,39,39,0
2013-11-20,partial,SSE,-304428908,-3.0443,2.3741,-5.4184,39,37,2
2013-11-21,partial,SSE,383409988,3.8341,4.5219,-0.6878,39,37,2
2013-11-22,partial,SSE,398096863,3.981,4.2272,-0.2462,39,38,1
2013-11-25,partial,SSE,-82065515,-0.8207,1.3827,-2.2033,39,37,2
2013-11-26,partial,SSE,184464941,1.8446,2.0701,-0.2254,39,36,3
2013-11-27,partial,SSE,-98725866,-0.9873,0.847,-1.8342,39,38,1
2013-11-28,partial,SSE,244074477,2.4407,2.8273,-0.3865,39,39,0
2013-11-29,partial,SSE,-56672965,-0.5667,0.9101,-1.4768,39,39,0
2013-12-02,partial,SSE,156367105,1.5637,2.5304,-0.9668,39,39,0
2013-12-03,partial,SSE,-350543509,-3.5054,0.2781,-3.7836,40,40,0
2013-12-04,partial,SSE,-598804320,-5.988,0.2562,-6.2442,40,40,0
2013-12-05,partial,SSE,102142448,1.0214,2.2213,-1.1999,40,40,0
2013-12-06,partial,SSE,607743386,6.0774,6.3869,-0.3094,40,39,1
2013-12-09,partial,SSE,84956656,0.8496,2.6206,-1.771,40,40,0
2013-12-10,partial,SSE,120057330,1.2006,1.7234,-0.5229,40,39,1
2013-12-11,partial,SSE,179973384,1.7997,2.7443,-0.9446,40,39,1
2013-12-12,partial,SSE,-30798594,-0.308,0.8494,-1.1574,40,40,0
2013-12-13,partial,SSE,17759313,0.1776,0.8842,-0.7067,40,37,3
2013-12-16,partial,SSE,99857709,0.9986,2.564,-1.5654,40,39,1
2013-12-17,partial,SSE,270828656,2.7083,3.2148,-0.5065,40,39,1
2013-12-18,partial,SSE,-48920746,-0.4892,0.2098,-0.699,40,39,1
2013-12-19,partial,SSE,-69880406,-0.6988,0.4102,-1.109,40,37,3
2013-12-20,partial,SSE,464128000,4.6413,5.2018,-0.5605,40,38,2
2013-12-23,partial,SSE,239845300,2.3985,3.2476,-0.8492,40,38,2
2013-12-24,partial,SSE,-181479539,-1.8148,1.4584,-3.2732,40,39,1
2013-12-25,partial,SSE,-30982564,-0.3098,0.7021,-1.0119,40,38,2
2013-12-26,partial,SSE,-133222956,-1.3322,0.6579,-1.9901,40,39,1
2013-12-27,partial,SSE,-125240866,-1.2524,0.8701,-2.1225,40,40,0
2013-12-30,partial,SSE,-367106749,-3.6711,0.5563,-4.2274,40,39,1
2013-12-31,partial,SSE,-354165603,-3.5417,3.8635,-7.4052,40,39,1
2014-01-02,partial,SSE,-466450635,-4.6645,0.1824,-4.8469,40,37,3
2014-01-03,partial,SSE,1113601200,11.136,12.8107,-1.6747,40,40,0
2014-01-06,partial,SSE,1968411502,19.6841,19.7078,-0.0237,40,38,2
2014-01-07,partial,SSE,41567427,0.4157,1.3051,-0.8894,42,42,0
2014-01-08,partial,SSE,-89943914,-0.8994,0.5898,-1.4893,42,42,0
2014-01-09,partial,SSE,397482094,3.9748,5.0132,-1.0384,42,41,1
2014-01-10,partial,SSE,1099993231,10.9999,11.2907,-0.2908,42,40,2
2014-01-13,partial,SSE,1893761939,18.9376,19.0888,-0.1511,42,38,4
2014-01-14,partial,SSE,340107970,3.4011,3.7414,-0.3403,42,39,3
2014-01-15,partial,SSE,-57156772,-0.5716,0.3803,-0.9518,42,41,1
2014-01-16,partial,SSE,-254952291,-2.5495,0.0155,-2.565,42,41,1
2014-01-17,partial,SSE,447242717,4.4724,4.5342,-0.0618,42,38,4
2014-01-20,partial,SSE,320232400,3.2023,3.4041,-0.2018,42,40,2
2014-01-21,partial,SSE,115828944,1.1583,1.7226,-0.5643,42,42,0
2014-01-22,partial,SSE,-735904103,-7.359,0,-7.359,42,42,0
2014-01-23,partial,SSE,406296380,4.063,4.395,-0.332,42,41,1
2014-01-24,partial,SSE,297700671,2.977,4.5184,-1.5414,42,41,1
2014-01-27,partial,SSE,246613015,2.4661,4.0845,-1.6184,42,41,1
2014-01-28,partial,SSE,1393133728,13.9313,14.0807,-0.1493,42,42,0
2014-01-29,partial,SSE,-26575148,-0.2658,1.4258,-1.6916,42,40,2
2014-01-30,partial,SSE,-199316251,-1.9932,0.5326,-2.5258,42,39,3
2014-02-07,partial,SSE,-282764500,-2.8276,0.8448,-3.6725,42,41,1
2014-02-10,partial,SSE,-330556000,-3.3056,1.0051,-4.3107,42,42,0
2014-02-11,partial,SSE,-462461242,-4.6246,1.1131,-5.7377,42,42,0
2014-02-12,partial,SSE,19798057,0.198,1.7025,-1.5045,42,42,0
2014-02-13,partial,SSE,-568633722,-5.6863,1.6912,-7.3776,42,41,1
2014-02-14,partial,SSE,-9848244,-0.0985,1.3336,-1.432,42,42,0
2014-02-17,partial,SSE,2087044,0.0209,1.9844,-1.9635,42,42,0
2014-02-18,partial,SSE,-335836723,-3.3584,0.0521,-3.4105,42,41,1
2014-02-19,partial,SSE,-882939500,-8.8294,0,-8.8294,42,42,0
2014-02-20,partial,SSE,-2790500,-0.0279,1.6539,-1.6819,42,42,0
2014-02-21,partial,SSE,589703429,5.897,6.3719,-0.4748,42,42,0
2014-02-24,partial,SSE,-321834337,-3.2183,0.0375,-3.2558,42,42,0
2014-02-25,partial,SSE,633669677,6.3367,7.3612,-1.0245,42,42,0
2014-02-26,partial,SSE,-116408753,-1.1641,0.8095,-1.9736,42,41,1
2014-02-27,partial,SSE,-511191421,-5.1119,0.2258,-5.3377,42,42,0
2014-02-28,partial,SSE,49169121,0.4917,1.9876,-1.4959,42,42,0
2014-03-03,partial,SSE,-264773439,-2.6477,0.882,-3.5297,42,42,0
2014-03-04,partial,SSE,-559912888,-5.5991,0.2004,-5.7995,42,41,1
2014-03-05,partial,SSE,-916209031,-9.1621,0.2482,-9.4103,42,42,0
2014-03-06,partial,SSE,-441404850,-4.414,0.3309,-4.745,42,39,3
2014-03-07,partial,SSE,-805363300,-8.0536,0.0721,-8.1258,42,40,2
2014-03-10,partial,SSE,-399356984,-3.9936,2.2882,-6.2818,42,40,2
2014-03-11,partial,SSE,-328196622,-3.282,1.3426,-4.6246,43,43,0
2014-03-12,partial,SSE,-83891307,-0.8389,0.3432,-1.1821,43,42,1
2014-03-13,partial,SSE,-652751900,-6.5275,0.0248,-6.5523,43,42,1
2014-03-14,partial,SSE,-22228659,-0.2223,0.7742,-0.9965,43,42,1
2014-03-17,partial,SSE,-167289714,-1.6729,0.0315,-1.7044,43,41,2
2014-03-18,partial,SSE,-73420542,-0.7342,0.3983,-1.1325,43,41,2
2014-03-19,partial,SSE,11676452,0.1168,2.5288,-2.412,43,43,0
2014-03-20,partial,SSE,178228324,1.7823,2.7451,-0.9628,43,43,0
2014-03-21,partial,SSE,359448709,3.5945,4.0849,-0.4904,43,43,0
2014-03-24,partial,SSE,-617378605,-6.1738,0.1868,-6.3606,43,43,0
2014-03-25,partial,SSE,96224520,0.9622,1.4478,-0.4856,43,43,0
2014-03-26,partial,SSE,-54447399,-0.5445,0.1737,-0.7182,43,42,1
2014-03-27,partial,SSE,132365316,1.3237,1.6901,-0.3664,43,42,1
2014-03-28,partial,SSE,362957917,3.6296,3.8427,-0.2132,43,41,2
2014-03-31,partial,SSE,303893769,3.0389,3.8816,-0.8427,43,40,3
2014-04-01,partial,SSE,-131155974,-1.3116,0.7222,-2.0337,43,42,1
2014-04-02,partial,SSE,-296236381,-2.9624,0.1702,-3.1325,43,43,0
2014-04-03,partial,SSE,107841147,1.0784,1.5213,-0.4428,43,39,4
2014-04-04,partial,SSE,-61912600,-0.6191,0.3599,-0.979,43,43,0
2014-04-08,partial,SSE,243507780,2.4351,2.7056,-0.2705,43,43,0
2014-04-09,partial,SSE,3525768,0.0353,1.0576,-1.0223,43,43,0
2014-04-10,partial,SSE,-925853791,-9.2585,0.1665,-9.425,43,42,1
2014-04-11,partial,SSE,47107762,0.4711,0.9359,-0.4648,43,43,0
2014-04-14,partial,SSE,159668196,1.5967,2.04,-0.4434,43,43,0
2014-04-15,partial,SSE,-165837655,-1.6584,0.2179,-1.8763,43,41,2
2014-04-16,partial,SSE,379350115,3.7935,3.9503,-0.1568,43,42,1
2014-04-17,partial,SSE,-166181639,-1.6618,0.1927,-1.8545,43,41,2
2014-04-18,partial,SSE,-293882300,-2.9388,0.1066,-3.0454,43,42,1
2014-04-21,partial,SSE,-101513842,-1.0151,0.4238,-1.439,43,41,2
2014-04-22,partial,SSE,38602974,0.386,0.9595,-0.5734,43,40,3
2014-04-23,partial,SSE,-261740400,-2.6174,0.0605,-2.678,43,40,3
2014-04-24,partial,SSE,-192673100,-1.9267,0.1717,-2.0984,43,42,1
2014-04-25,partial,SSE,324458175,3.2446,3.3689,-0.1243,43,43,0
2014-04-28,partial,SSE,683786837,6.8379,6.9077,-0.0698,43,42,1
2014-04-29,partial,SSE,530784990,5.3078,5.6949,-0.387,43,42,1
2014-04-30,partial,SSE,-434757935,-4.3476,0.0179,-4.3655,43,41,2
2014-05-05,partial,SSE,-286427310,-2.8643,0.5956,-3.4598,43,42,1
2014-05-06,partial,SSE,-298453115,-2.9845,0.0772,-3.0618,43,41,2
2014-05-07,partial,SSE,240816495,2.4082,2.5217,-0.1136,43,40,3
2014-05-08,partial,SSE,44487142,0.4449,2.2843,-1.8394,43,41,2
2014-05-09,partial,SSE,378162892,3.7816,3.8385,-0.0568,43,42,1
2014-05-12,partial,SSE,-614498348,-6.145,0.0358,-6.1807,43,43,0
2014-05-13,partial,SSE,-328820260,-3.2882,0.0646,-3.3528,43,40,3
2014-05-14,partial,SSE,-137645200,-1.3765,0.3312,-1.7077,43,42,1
2014-05-15,partial,SSE,427127174,4.2713,4.3398,-0.0685,43,41,2
2014-05-16,partial,SSE,591516593,5.9152,6.2173,-0.3021,43,43,0
2014-05-19,partial,SSE,-217870877,-2.1787,1.067,-3.2457,43,42,1
2014-05-20,partial,SSE,161848494,1.6185,1.6532,-0.0348,43,42,1
2014-05-21,partial,SSE,-1223886,-0.0122,0.4393,-0.4515,43,43,0
2014-05-22,partial,SSE,-149968839,-1.4997,0.7131,-2.2128,43,41,2
2014-05-23,partial,SSE,29179025,0.2918,1.0223,-0.7305,43,39,4
2014-05-26,partial,SSE,149034866,1.4903,2.4905,-1.0002,43,42,1
2014-05-27,partial,SSE,204872851,2.0487,2.203,-0.1542,43,41,2
2014-05-28,partial,SSE,-35517840,-0.3552,0.8312,-1.1864,43,42,1
2014-05-29,partial,SSE,78215097,0.7822,1.2248,-0.4426,43,41,2
2014-05-30,partial,SSE,131283633,1.3128,2.8029,-1.49,43,42,1
2014-06-03,partial,SSE,-17837664,-0.1784,0.217,-0.3954,43,42,1
2014-06-04,partial,SSE,237973440,2.3797,2.4125,-0.0327,43,42,1
2014-06-05,partial,SSE,-28902500,-0.289,0.8758,-1.1649,43,42,1
2014-06-06,partial,SSE,-374126300,-3.7413,0.0624,-3.8037,43,40,3
2014-06-09,partial,SSE,-492266804,-4.9227,0.1441,-5.0668,43,40,3
2014-06-10,partial,SSE,481637382,4.8164,5.163,-0.3466,43,42,1
2014-06-11,partial,SSE,-202391420,-2.0239,0.0295,-2.0534,43,41,2
2014-06-12,partial,SSE,52139200,0.5214,0.7025,-0.1811,43,42,1
2014-06-13,partial,SSE,358226848,3.5823,3.8396,-0.2573,43,42,1
2014-06-16,partial,SSE,610407716,6.1041,6.9975,-0.8934,43,41,2
2014-06-17,partial,SSE,1592751715,15.9275,16.1688,-0.2412,43,40,3
2014-06-18,partial,SSE,545911525,5.4591,5.6277,-0.1686,43,41,2
2014-06-19,partial,SSE,868580408,8.6858,8.8943,-0.2085,43,41,2
2014-06-20,partial,SSE,412746315,4.1275,4.6562,-0.5287,43,41,2
2014-06-23,partial,SSE,-285193574,-2.8519,0.0208,-2.8727,43,41,2
2014-06-24,partial,SSE,-136846200,-1.3685,0.0481,-1.4166,43,42,1
2014-06-25,partial,SSE,90026900,0.9003,1.0541,-0.1538,43,39,4
2014-06-26,partial,SSE,120636630,1.2064,1.522,-0.3156,43,43,0
2014-06-27,partial,SSE,26846978,0.2685,0.8678,-0.5993,43,41,2
2014-06-30,partial,SSE,-72089135,-0.7209,0.3001,-1.021,43,41,2
2014-07-01,partial,SSE,-60329500,-0.6033,1.089,-1.6923,43,42,1
2014-07-02,partial,SSE,10189000,0.1019,0.4177,-0.3158,43,43,0
2014-07-03,partial,SSE,-313112700,-3.1311,0.0049,-3.136,43,43,0
2014-07-04,partial,SSE,-294481600,-2.9448,0.1473,-3.0921,43,42,1
2014-07-07,partial,SSE,-83258800,-0.8326,0.016,-0.8486,43,43,0
2014-07-08,partial,SSE,-44945900,-0.4495,0.1032,-0.5527,43,41,2
2014-07-09,partial,SSE,-103826600,-1.0383,0.0395,-1.0778,43,42,1
2014-07-10,partial,SSE,90537800,0.9054,1.202,-0.2966,43,42,1
2014-07-11,partial,SSE,-504200800,-5.042,0.0059,-5.0479,43,42,1
2014-07-14,partial,SSE,-426406800,-4.2641,0.0095,-4.2736,43,43,0
2014-07-15,partial,SSE,-161468800,-1.6147,0.5994,-2.214,43,41,2
2014-07-16,partial,SSE,54858961,0.5486,1.6789,-1.1303,43,42,1
2014-07-17,partial,SSE,-19452219,-0.1945,0.9025,-1.0971,43,42,1
2014-07-18,partial,SSE,-183406700,-1.8341,0.1509,-1.985,43,43,0
2014-07-21,partial,SSE,-314638200,-3.1464,0.0271,-3.1735,44,40,4
2014-07-22,partial,SSE,-816928912,-8.1693,0.0582,-8.2275,44,43,1
2014-07-23,partial,SSE,-287865472,-2.8787,1.4415,-4.3202,44,43,1
2014-07-24,partial,SSE,-125726592,-1.2573,0.9237,-2.181,44,44,0
2014-07-25,partial,SSE,88858688,0.8886,1.9141,-1.0255,44,44,0
2014-07-28,partial,SSE,-480589570,-4.8059,5.5504,-10.3563,47,47,0
2014-07-29,partial,SSE,-431191753,-4.3119,0.8948,-5.2068,47,47,0
2014-07-30,partial,SSE,1095520675,10.9552,11.599,-0.6438,47,46,1
2014-07-31,partial,SSE,589527675,5.8953,6.5152,-0.6199,47,46,1
2014-08-01,partial,SSE,1034387983,10.3439,10.8939,-0.55,47,47,0
2014-08-04,partial,SSE,-49857301,-0.4986,3.1352,-3.6338,47,47,0
2014-08-05,partial,SSE,-244090912,-2.4409,2.4667,-4.9076,47,47,0
2014-08-06,partial,SSE,-242390795,-2.4239,0.4224,-2.8463,47,46,1
2014-08-07,partial,SSE,-717471853,-7.1747,0.2817,-7.4564,47,47,0
2014-08-08,partial,SSE,64639286,0.6464,2.1737,-1.5273,47,47,0
2014-08-11,partial,SSE,-233579374,-2.3358,0.2621,-2.5979,47,46,1
2014-08-12,partial,SSE,-474288515,-4.7429,0.4436,-5.1865,47,47,0
2014-08-13,partial,SSE,-148910742,-1.4891,1.0005,-2.4896,47,47,0
2014-08-14,partial,SSE,-322835194,-3.2284,0.273,-3.5013,47,47,0
2014-08-15,partial,SSE,-233574734,-2.3357,0.091,-2.4268,47,47,0
2014-08-18,partial,SSE,-1083329643,-10.8333,0.0526,-10.8859,47,47,0
2014-08-19,partial,SSE,-639044078,-6.3904,0.2737,-6.6642,47,47,0
2014-08-20,partial,SSE,-464005669,-4.6401,0.0835,-4.7236,50,49,1
2014-08-21,partial,SSE,77150496,0.7715,2.3956,-1.6241,50,50,0
2014-08-22,partial,SSE,-338046781,-3.3805,0.0932,-3.4736,50,49,1
2014-08-25,partial,SSE,-63623943,-0.6362,0.5495,-1.1858,50,48,2
2014-08-26,partial,SSE,566315643,5.6632,6.4592,-0.7961,50,50,0
2014-08-27,partial,SSE,-202717061,-2.0272,0.6024,-2.6296,50,48,2
2014-08-28,partial,SSE,34779900,0.3478,1.1721,-0.8243,50,50,0
2014-08-29,partial,SSE,-49194187,-0.4919,1.2128,-1.7047,50,48,2
2014-09-01,partial,SSE,-1331403994,-13.314,0.0131,-13.3271,50,49,1
2014-09-02,partial,SSE,-1626377379,-16.2638,0.0148,-16.2786,50,50,0
2014-09-03,partial,SSE,-23405066,-0.2341,2.2825,-2.5166,50,50,0
2014-09-04,partial,SSE,-64693033,-0.6469,1.7086,-2.3555,50,50,0
2014-09-05,partial,SSE,543400893,5.434,8.3934,-2.9594,50,50,0
2014-09-09,partial,SSE,-230847217,-2.3085,1.4603,-3.7687,50,50,0
2014-09-10,partial,SSE,-445834898,-4.4583,0.2721,-4.7304,50,50,0
2014-09-11,partial,SSE,-519714219,-5.1971,0.2896,-5.4868,50,50,0
2014-09-12,partial,SSE,-367075296,-3.6708,0.2969,-3.9676,50,50,0
2014-09-15,partial,SSE,-1031369734,-10.3137,0.3443,-10.658,50,50,0
2014-09-16,partial,SSE,-782057109,-7.8206,0.5429,-8.3634,50,50,0
2014-09-17,partial,SSE,-415439427,-4.1544,1.4761,-5.6305,50,49,1
2014-09-18,partial,SSE,-1269607126,-12.6961,0.4971,-13.1932,50,49,1
2014-09-19,partial,SSE,343618305,3.4362,3.9175,-0.4813,50,49,1
2014-09-22,partial,SSE,-86606635,-0.8661,1.24,-2.1061,50,50,0
2014-09-23,partial,SSE,-115755157,-1.1576,2.2189,-3.3764,50,48,2
2014-09-24,partial,SSE,731787344,7.3179,9.9476,-2.6297,50,50,0
2014-09-25,partial,SSE,-97297100,-0.973,1.8652,-2.8381,50,50,0
2014-09-26,partial,SSE,-261029774,-2.6103,0.6987,-3.309,50,49,1
2014-09-29,partial,SSE,-1331670697,-13.3167,0.2934,-13.6102,50,50,0
2014-09-30,partial,SSE,-361534513,-3.6153,0.7698,-4.3852,50,48,2
2014-10-08,partial,SSE,-995294707,-9.9529,0.3663,-10.3192,50,50,0
2014-10-09,partial,SSE,-485260965,-4.8526,0.4867,-5.3393,50,50,0
2014-10-10,partial,SSE,-770928032,-7.7093,0.0828,-7.792,50,50,0
2014-10-13,partial,SSE,-465926988,-4.6593,1.3173,-5.9766,50,49,1
2014-10-14,partial,SSE,-893842982,-8.9384,0.1444,-9.0828,50,49,1
2014-10-15,partial,SSE,-392403139,-3.924,0.1019,-4.0259,50,50,0
2014-10-16,partial,SSE,-590191785,-5.9019,0.4851,-6.387,50,49,1
2014-10-17,partial,SSE,1466837753,14.6684,14.986,-0.3176,50,50,0
2014-10-20,partial,SSE,-590117215,-5.9012,0.1045,-6.0057,50,49,1
2014-10-21,partial,SSE,95413967,0.9541,2.2156,-1.2614,50,47,3
2014-10-22,partial,SSE,121336200,1.2134,2.4865,-1.2731,50,50,0
2014-10-23,partial,SSE,623660274,6.2366,6.6178,-0.3812,50,49,1
2014-10-24,partial,SSE,353263432,3.5326,3.7234,-0.1908,50,50,0
2014-10-27,partial,SSE,640823235,6.4082,6.7977,-0.3894,50,50,0
2014-10-28,partial,SSE,-1198281291,-11.9828,0.1506,-12.1334,50,49,1
2014-10-29,partial,SSE,-1326125858,-13.2613,0.3294,-13.5907,50,50,0
2014-10-30,partial,SSE,-1464247734,-14.6425,0.4402,-15.0827,50,50,0
2014-10-31,partial,SSE,337159400,3.3716,5.0988,-1.7272,50,50,0
2014-11-03,partial,SSE,-343670615,-3.4367,0.4955,-3.9322,50,50,0
2014-11-04,partial,SSE,-910844146,-9.1084,0.0456,-9.154,50,49,1
2014-11-05,partial,SSE,6286732,0.0629,0.9785,-0.9156,50,50,0
2014-11-06,partial,SSE,1218505682,12.1851,12.4982,-0.3131,50,49,1
2014-11-07,partial,SSE,-1533558346,-15.3356,0.09,-15.4256,50,50,0
2014-11-10,partial,SSE,-1067783856,-10.6778,0.3648,-11.0427,50,50,0
2014-11-11,partial,SSE,348169248,3.4817,6.1763,-2.6946,50,49,1
2014-11-12,partial,SSE,344996881,3.45,4.2208,-0.7708,50,50,0
2014-11-13,partial,SSE,-1228939209,-12.2894,3.3012,-15.5906,50,49,1
2014-11-14,partial,SSE,927735536,9.2774,10.1246,-0.8472,50,49,1
2014-11-17,partial,SSE,604120816,6.0412,6.434,-0.3928,50,50,0
2014-11-18,partial,SSE,877026267,8.7703,9.0221,-0.2519,50,48,2
2014-11-19,partial,SSE,-175414856,-1.7541,2.0405,-3.7947,50,49,1
2014-11-20,partial,SSE,-161684328,-1.6168,0.4889,-2.1058,50,48,2
2014-11-21,partial,SSE,875100750,8.751,11.6819,-2.9309,50,49,1
2014-11-24,partial,SSE,30988022,0.3099,7.9487,-7.6388,50,50,0
2014-11-25,partial,SSE,-1217408069,-12.1741,2.8044,-14.9785,50,50,0
2014-11-26,partial,SSE,199529484,1.9953,11.6332,-9.6379,50,50,0
2014-11-27,partial,SSE,-3315804153,-33.158,0.5487,-33.7067,50,50,0
2014-11-28,partial,SSE,-2586283889,-25.8628,2.3361,-28.1989,50,50,0
2014-12-01,partial,SSE,-533799316,-5.338,2.1892,-7.5272,50,50,0
2014-12-02,partial,SSE,2152853083,21.5285,28.1987,-6.6702,50,50,0
2014-12-03,partial,SSE,3165071641,31.6507,39.0706,-7.4199,50,50,0
2014-12-04,partial,SSE,1949690256,19.4969,32.5208,-13.0239,50,50,0
2014-12-05,partial,SSE,4466650906,44.6665,48.2188,-3.5522,50,50,0
2014-12-08,partial,SSE,-632679967,-6.3268,3.6595,-9.9863,50,50,0
2014-12-09,partial,SSE,470918370,4.7092,7.9887,-3.2795,50,50,0
2014-12-10,partial,SSE,7351763269,73.5176,78.3176,-4.7999,50,49,1
2014-12-11,partial,SSE,-3582182083,-35.8218,3.8748,-39.6967,50,50,0
2014-12-12,partial,SSE,1922054228,19.2205,20.3713,-1.1507,50,50,0
2014-12-15,partial,SSE,986220455,9.8622,11.2246,-1.3624,50,50,0
2014-12-16,partial,SSE,-3422586206,-34.2259,1.2935,-35.5194,50,50,0
2014-12-17,partial,SSE,-716634660,-7.1663,3.7804,-10.9468,51,50,1
2014-12-18,partial,SSE,5150970818,51.5097,54.0319,-2.5221,51,51,0
2014-12-19,partial,SSE,4581827199,45.8183,47.8672,-2.0489,52,52,0
2014-12-22,partial,SSE,-742318430,-7.4232,6.1462,-13.5694,52,52,0
2014-12-23,partial,SSE,-3564663040,-35.6466,4.1605,-39.8072,52,52,0
2014-12-24,partial,SSE,-4968674243,-49.6867,1.315,-51.0017,52,50,2
2014-12-25,partial,SSE,-3915937826,-39.1594,1.6448,-40.8042,52,52,0
2014-12-26,partial,SSE,1408768161,14.0877,17.4802,-3.3926,52,52,0
2014-12-29,partial,SSE,2878435857,28.7844,37.0759,-8.2916,52,51,1
2014-12-30,partial,SSE,-1871763232,-18.7176,1.5797,-20.2973,52,52,0
2014-12-31,partial,SSE,3158072594,31.5807,33.8678,-2.2871,52,51,1
2015-01-05,partial,SSE,7407191360,74.0719,79.7066,-5.6347,52,52,0
2015-01-06,partial,SSE,-2977209479,-29.7721,3.4851,-33.2572,52,52,0
2015-01-07,partial,SSE,-4642446471,-46.4245,6.9559,-53.3804,52,52,0
2015-01-08,partial,SSE,-1637969527,-16.3797,7.4451,-23.8248,52,51,1
2015-01-09,partial,SSE,-3794621726,-37.9462,2.0643,-40.0105,52,52,0
2015-01-12,partial,SSE,2314235158,23.1424,24.6298,-1.4874,52,52,0
2015-01-13,partial,SSE,1442423838,14.4242,17.7161,-3.2918,52,50,2
2015-01-14,partial,SSE,1445713921,14.4571,17.2495,-2.7923,52,52,0
2015-01-15,partial,SSE,-680141091,-6.8014,3.3282,-10.1296,52,52,0
2015-01-16,partial,SSE,2446430769,24.4643,27.0682,-2.6039,52,52,0
2015-01-19,partial,SSE,530881008,5.3088,9.7667,-4.4579,52,51,1
2015-01-20,partial,SSE,-3575845373,-35.7585,2.37,-38.1285,52,52,0
2015-01-21,partial,SSE,-3848259300,-38.4826,0.6407,-39.1233,52,52,0
2015-01-22,partial,SSE,-2093812668,-20.9381,3.5934,-24.5315,52,52,0
2015-01-23,partial,SSE,1530635805,15.3064,18.0342,-2.7279,52,52,0
2015-01-26,partial,SSE,489609881,4.8961,8.1232,-3.2271,52,52,0
2015-01-27,partial,SSE,-1538825551,-15.3883,3.4959,-18.8842,52,52,0
2015-01-28,partial,SSE,-1077701610,-10.777,2.8836,-13.6606,52,52,0
2015-01-29,partial,SSE,-1171616368,-11.7162,3.0413,-14.7574,52,52,0
2015-01-30,partial,SSE,-1414361014,-14.1436,1.8772,-16.0208,52,52,0
2015-02-02,partial,SSE,-1736953372,-17.3695,1.6511,-19.0207,52,52,0
2015-02-03,partial,SSE,1322189973,13.2219,15.4359,-2.214,52,51,1
2015-02-04,partial,SSE,815883547,8.1588,10.022,-1.8632,52,52,0
2015-02-05,partial,SSE,355053726,3.5505,8.3124,-4.7619,52,52,0
2015-02-06,partial,SSE,333791224,3.3379,6.6469,-3.3089,52,52,0
2015-02-09,partial,SSE,1652421418,16.5242,17.4225,-0.8983,52,52,0
2015-02-10,partial,SSE,2487928214,24.8793,25.2277,-0.3484,52,52,0
2015-02-11,partial,SSE,1497208420,14.9721,16.5596,-1.5875,52,51,1
2015-02-12,partial,SSE,122417679,1.2242,3.2919,-2.0677,52,49,3
2015-02-13,partial,SSE,440669167,4.4067,9.9339,-5.5272,52,52,0
2015-02-16,partial,SSE,-744071614,-7.4407,1.1849,-8.6256,52,51,1
2015-02-17,partial,SSE,560562188,5.6056,7.3559,-1.7503,52,52,0
2015-02-25,partial,SSE,-2862981895,-28.6298,2.3047,-30.9346,52,51,1
2015-02-26,partial,SSE,994377108,9.9438,12.1137,-2.1699,52,52,0
2015-02-27,partial,SSE,688528459,6.8853,11.923,-5.0377,52,52,0
2015-03-02,partial,SSE,-884341254,-8.8434,6.0394,-14.8828,52,52,0
2015-03-03,partial,SSE,-2694189650,-26.9419,0.7298,-27.6717,52,51,1
2015-03-04,partial,SSE,112978091,1.1298,3.6428,-2.5131,52,52,0
2015-03-05,partial,SSE,-1307213907,-13.0721,1.0613,-14.1334,52,52,0
2015-03-06,partial,SSE,-999096308,-9.991,0.3084,-10.2994,52,52,0
2015-03-09,partial,SSE,32289378,0.3229,1.7967,-1.4738,52,52,0
2015-03-10,partial,SSE,53580588,0.5358,4.7163,-4.1805,52,52,0
2015-03-11,partial,SSE,910291950,9.1029,15.2924,-6.1895,52,52,0
2015-03-12,partial,SSE,1963139970,19.6314,25.6021,-5.9707,52,52,0
2015-03-13,partial,SSE,-1812578122,-18.1258,1.9934,-20.1192,52,52,0
2015-03-16,partial,SSE,-333239014,-3.3324,4.9316,-8.264,52,52,0
2015-03-17,partial,SSE,-1470020218,-14.7002,1.5293,-16.2295,52,52,0
2015-03-18,partial,SSE,-110006666,-1.1001,6.5211,-7.6211,52,52,0
2015-03-19,partial,SSE,-2270887076,-22.7089,1.5336,-24.2425,52,52,0
2015-03-20,partial,SSE,-3221006048,-32.2101,0.4556,-32.6656,52,52,0
2015-03-23,partial,SSE,953609878,9.5361,14.5855,-5.0494,52,52,0
2015-03-24,partial,SSE,-224098593,-2.241,5.6457,-7.8866,52,52,0
2015-03-25,partial,SSE,-3437854223,-34.3785,0.0532,-34.4318,52,52,0
2015-03-26,partial,SSE,-5456348745,-54.5635,0.2497,-54.8132,53,53,0
2015-03-27,partial,SSE,-2386683867,-23.8668,0.8515,-24.7184,53,53,0
2015-03-30,partial,SSE,3024265912,30.2427,34.1512,-3.9086,53,52,1
2015-03-31,partial,SSE,2236541423,22.3654,36.5255,-14.1601,53,52,1
2015-04-01,partial,SSE,1378177823,13.7818,17.1795,-3.3978,53,53,0
2015-04-02,partial,SSE,-6273110757,-62.7311,0.583,-63.3141,53,53,0
2015-04-03,partial,SSE,-754377389,-7.5438,6.2983,-13.8421,53,53,0
2015-04-07,partial,SSE,-5162108581,-51.6211,1.0859,-52.707,53,53,0
2015-04-08,partial,SSE,-1309326753,-13.0933,5.9308,-19.0241,53,53,0
2015-04-09,partial,SSE,-810579870,-8.1058,1.3283,-9.4341,53,53,0
2015-04-10,partial,SSE,2538474400,25.3847,29.9455,-4.5607,53,53,0
2015-04-13,partial,SSE,-1656897285,-16.569,1.6373,-18.2063,53,52,1
2015-04-14,partial,SSE,416168976,4.1617,8.102,-3.9404,53,52,1
2015-04-15,partial,SSE,62106555,0.6211,11.299,-10.678,53,53,0
2015-04-16,partial,SSE,9229996178,92.3,98.3625,-6.0625,53,53,0
2015-04-17,partial,SSE,-5227700326,-52.277,35.8469,-88.124,53,53,0
2015-04-20,partial,SSE,-1085092528,-10.8509,9.4039,-20.2548,53,52,1
2015-04-21,partial,SSE,58075267,0.5808,11.4227,-10.842,53,53,0
2015-04-22,partial,SSE,-10965561880,-109.6556,6.2982,-115.9538,53,52,1
2015-04-23,partial,SSE,-3493453481,-34.9345,6.0554,-40.99,53,52,1
2015-04-24,partial,SSE,-1677611942,-16.7761,4.5122,-21.2883,53,52,1
2015-04-27,partial,SSE,-818989044,-8.1899,11.5417,-19.7316,53,52,1
2015-04-28,partial,SSE,-5896704863,-58.967,0.9788,-59.9458,53,53,0
2015-04-29,partial,SSE,612532826,6.1253,13.6637,-7.5384,53,53,0
2015-04-30,partial,SSE,-408830479,-4.0883,7.3271,-11.4154,53,53,0
2015-05-04,partial,SSE,-2541193016,-25.4119,2.0374,-27.4493,53,53,0
2015-05-05,partial,SSE,-897020201,-8.9702,2.2345,-11.2047,53,53,0
2015-05-06,partial,SSE,3057138766,30.5714,39.7695,-9.1982,53,53,0
2015-05-07,partial,SSE,10408917013,104.0892,108.3238,-4.2346,53,53,0
2015-05-08,partial,SSE,-3692993298,-36.9299,0.4375,-37.3674,53,53,0
2015-05-11,partial,SSE,-13561465621,-135.6147,2.2905,-137.9052,54,54,0
2015-05-12,partial,SSE,-3925766670,-39.2577,2.0871,-41.3448,54,54,0
2015-05-13,partial,SSE,-2807665619,-28.0767,0.1361,-28.2128,54,53,1
2015-05-14,partial,SSE,-1792766052,-17.9277,0.4019,-18.3295,54,53,1
2015-05-15,partial,SSE,3444503,0.0344,10.3966,-10.3622,54,54,0
2015-05-18,partial,SSE,-2829259027,-28.2926,0.1778,-28.4704,55,55,0
2015-05-19,partial,SSE,3144116354,31.4412,39.4003,-7.9591,55,55,0
2015-05-20,partial,SSE,8464469654,84.6447,87.9552,-3.3105,55,55,0
2015-05-21,partial,SSE,2959816959,29.5982,35.582,-5.9838,55,55,0
2015-05-22,partial,SSE,3834378409,38.3438,48.2571,-9.9134,55,55,0
2015-05-25,partial,SSE,5263787118,52.6379,56.6958,-4.058,55,55,0
2015-05-26,partial,SSE,1826480930,18.2648,22.9647,-4.6999,55,54,1
2015-05-27,partial,SSE,3795604016,37.956,54.4227,-16.4666,55,55,0
2015-05-28,partial,SSE,-2363756750,-23.6376,24.0531,-47.6907,55,55,0
2015-05-29,partial,SSE,555797902,5.558,48.7941,-43.2361,55,55,0
2015-06-01,partial,SSE,2581565086,25.8157,30.291,-4.4753,56,56,0
2015-06-02,partial,SSE,2899644911,28.9964,49.0107,-20.0142,56,56,0
2015-06-03,partial,SSE,-1104166596,-11.0417,8.3802,-19.4218,56,56,0
2015-06-04,partial,SSE,-12217054675,-122.1705,4.9216,-127.0921,56,56,0
2015-06-05,partial,SSE,-4939990804,-49.3999,1.5766,-50.9765,56,56,0
2015-06-08,partial,SSE,-7317639013,-73.1764,48.8433,-122.0197,56,56,0
2015-06-09,partial,SSE,-3583590566,-35.8359,42.7635,-78.5994,56,56,0
2015-06-10,partial,SSE,-3324775911,-33.2478,0.5832,-33.831,56,55,1
2015-06-11,partial,SSE,-1015410005,-10.1541,5.7192,-15.8733,56,54,2
2015-06-12,partial,SSE,-668736365,-6.6874,3.2709,-9.9583,56,55,1
2015-06-15,partial,SSE,-3643613100,-36.4361,0.7886,-37.2247,57,56,1
2015-06-16,partial,SSE,1761226837,17.6123,20.1162,-2.504,57,57,0
2015-06-17,partial,SSE,-2332350561,-23.3235,0.2853,-23.6088,57,56,1
2015-06-18,partial,SSE,1475091473,14.7509,16.7097,-1.9588,57,56,1
2015-06-19,partial,SSE,2784329470,27.8433,28.8787,-1.0354,57,55,2
2015-06-23,partial,SSE,3893347737,38.9335,40.9588,-2.0253,57,56,1
2015-06-24,partial,SSE,-8825998046,-88.26,0.3481,-88.6081,57,57,0
2015-06-25,partial,SSE,-2290853204,-22.9085,1.484,-24.3925,58,57,1
2015-06-26,partial,SSE,3889946373,38.8995,41.1638,-2.2643,58,57,1
2015-06-29,partial,SSE,6060025042,60.6003,63.079,-2.4787,58,57,1
2015-06-30,partial,SSE,17124083842,171.2408,173.3846,-2.1437,58,57,1
2015-07-01,partial,SSE,141134989,1.4113,35.7252,-34.3138,58,58,0
2015-07-02,partial,SSE,16031590932,160.3159,161.0101,-0.6942,58,57,1
2015-07-03,partial,SSE,17542530826,175.4253,177.9555,-2.5302,58,55,3
2015-07-06,partial,SSE,32974978587,329.7498,332.1033,-2.3535,59,58,1
2015-07-07,partial,SSE,2784827875,27.8483,95.2415,-67.3932,59,58,1
2015-07-08,partial,SSE,3615966674,36.1597,80.4028,-44.2431,59,57,2
2015-07-09,partial,SSE,-6579888692,-65.7989,6.218,-72.0169,59,58,1
2015-07-10,partial,SSE,-1037630111,-10.3763,19.5099,-29.8862,59,58,1
2015-07-13,partial,SSE,-6125885344,-61.2589,6.9688,-68.2276,59,58,1
2015-07-14,partial,SSE,-3723138582,-37.2314,4.0416,-41.273,59,58,1
2015-07-15,partial,SSE,-2712582922,-27.1258,2.0284,-29.1542,59,59,0
2015-07-16,partial,SSE,-1060679620,-10.6068,9.4629,-20.0697,59,59,0
2015-07-17,partial,SSE,-3076540986,-30.7654,0.9588,-31.7242,59,59,0
2015-07-20,partial,SSE,-2890216109,-28.9022,1.6681,-30.5703,59,59,0
2015-07-21,partial,SSE,-2171249721,-21.7125,0.9904,-22.7029,60,60,0
2015-07-22,partial,SSE,-1815566756,-18.1557,0.6913,-18.847,60,60,0
2015-07-23,partial,SSE,-2882303017,-28.823,4.5046,-33.3277,60,60,0
2015-07-24,partial,SSE,-2300880227,-23.0088,0.6606,-23.6694,60,60,0
2015-07-27,partial,SSE,2239079201,22.3908,23.16,-0.7692,60,60,0
2015-07-28,partial,SSE,-160914301,-1.6091,3.4191,-5.0282,60,60,0
2015-07-29,partial,SSE,-851559977,-8.5156,1.3299,-9.8455,60,59,1
2015-07-30,partial,SSE,-353931386,-3.5393,3.8623,-7.4017,60,60,0
2015-07-31,partial,SSE,333726606,3.3373,4.4903,-1.153,60,60,0
2015-08-03,partial,SSE,-1063684115,-10.6368,0.0332,-10.67,60,60,0
2015-08-04,partial,SSE,862418612,8.6242,9.975,-1.3508,60,60,0
2015-08-05,partial,SSE,-1021783662,-10.2178,1.2752,-11.493,60,60,0
2015-08-06,partial,SSE,-91182305,-0.9118,2.3002,-3.212,60,60,0
2015-08-07,partial,SSE,1603820109,16.0382,17.0725,-1.0343,60,60,0
2015-08-10,partial,SSE,-1485708114,-14.8571,1.3582,-16.2153,60,60,0
2015-08-11,partial,SSE,-707231643,-7.0723,1.6799,-8.7522,60,60,0
2015-08-12,partial,SSE,42706570,0.4271,4.2314,-3.8044,60,59,1
2015-08-13,partial,SSE,-2407882317,-24.0788,0.4846,-24.5635,60,60,0
2015-08-14,partial,SSE,-3016909862,-30.1691,0.3353,-30.5044,60,60,0
2015-08-17,partial,SSE,-1774607863,-17.7461,0.3146,-18.0606,60,60,0
2015-08-18,partial,SSE,-530028418,-5.3003,5.0231,-10.3234,60,60,0
2015-08-19,partial,SSE,-26577798,-0.2658,5.8841,-6.1499,60,60,0
2015-08-20,partial,SSE,-755789274,-7.5579,0.3444,-7.9023,60,59,1
2015-08-21,partial,SSE,1262836902,12.6284,14.1552,-1.5269,60,60,0
2015-08-24,partial,SSE,991360955,9.9136,10.134,-0.2204,60,60,0
2015-08-25,partial,SSE,-337522598,-3.3752,0.5235,-3.8988,60,60,0
2015-08-26,partial,SSE,-815684740,-8.1568,1.3263,-9.4831,60,60,0
2015-08-27,partial,SSE,844983881,8.4498,9.5048,-1.055,60,60,0
2015-08-28,partial,SSE,-278713673,-2.7871,2.0156,-4.8027,60,60,0
2015-08-31,partial,SSE,-789128339,-7.8913,0.7194,-8.6107,60,59,1
2015-09-01,partial,SSE,-1189152534,-11.8915,0.1728,-12.0643,60,59,1
2015-09-02,partial,SSE,-1870523599,-18.7052,1.1213,-19.8266,60,58,2
2015-09-07,partial,SSE,876776635,8.7678,9.1173,-0.3496,60,60,0
2015-09-08,partial,SSE,-51769303,-0.5177,2.8722,-3.3899,60,59,1
2015-09-09,partial,SSE,276274819,2.7627,5.7165,-2.9538,60,59,1
2015-09-10,partial,SSE,-318311191,-3.1831,0.2241,-3.4073,61,59,2
2015-09-11,partial,SSE,634577773,6.3458,6.6248,-0.279,61,59,2
2015-09-14,partial,SSE,-1391063833,-13.9106,0.1667,-14.0774,61,60,1
2015-09-15,partial,SSE,-491972280,-4.9197,0.1863,-5.1061,62,60,2
2015-09-16,partial,SSE,-171115276,-1.7112,1.6002,-3.3113,62,62,0
2015-09-17,partial,SSE,-342787250,-3.4279,1.5962,-5.0241,62,62,0
2015-09-18,partial,SSE,-286666217,-2.8667,1.4132,-4.2799,62,61,1
2015-09-21,partial,SSE,-459351325,-4.5935,0.4256,-5.0191,62,61,1
2015-09-22,partial,SSE,-567665914,-5.6767,0.1605,-5.8372,62,62,0
2015-09-23,partial,SSE,-10986500,-0.1099,1.2578,-1.3677,62,60,2
2015-09-24,partial,SSE,-75126538,-0.7513,0,-0.7513,62,61,1
2015-09-25,partial,SSE,-314389895,-3.1439,0.2289,-3.3728,62,61,1
2015-09-28,partial,SSE,-75971542,-0.7597,0.2966,-1.0563,62,62,0
2015-09-29,partial,SSE,-18223138,-0.1822,0.7918,-0.9741,62,60,2
2015-09-30,partial,SSE,-138536191,-1.3854,0.0782,-1.4636,62,58,4
2015-10-08,partial,SSE,96604505,0.966,1.4742,-0.5082,62,61,1
2015-10-09,partial,SSE,-71810600,-0.7181,0.7265,-1.4447,62,62,0
2015-10-12,partial,SSE,373367152,3.7337,4.1517,-0.418,62,61,1
2015-10-13,partial,SSE,614984965,6.1498,6.3917,-0.2418,62,60,2
2015-10-14,partial,SSE,398061194,3.9806,4.4535,-0.4729,62,61,1
2015-10-15,partial,SSE,514283972,5.1428,5.5709,-0.4281,62,61,1
2015-10-16,partial,SSE,-70070166,-0.7007,1.6309,-2.3317,62,61,1
2015-10-19,partial,SSE,-79135454,-0.7914,1.1617,-1.9531,62,61,1
2015-10-20,partial,SSE,315412224,3.1541,3.9003,-0.7462,62,58,4
2015-10-21,partial,SSE,295941532,2.9594,3.8488,-0.8894,62,60,2
2015-10-22,partial,SSE,328388044,3.2839,3.8477,-0.5638,62,60,2
2015-10-23,partial,SSE,-334372537,-3.3437,0.576,-3.9197,62,60,2
2015-10-26,partial,SSE,59456794,0.5946,3.3709,-2.7763,62,61,1
2015-10-27,partial,SSE,-821229977,-8.2123,3.9932,-12.2055,62,60,2
2015-10-28,partial,SSE,-523399177,-5.234,0.1895,-5.4235,62,58,4
2015-10-29,partial,SSE,-403102144,-4.031,1.4258,-5.4568,62,58,4
2015-10-30,partial,SSE,-116053861,-1.1605,1.1864,-2.3469,62,58,4
2015-11-02,partial,SSE,-513785426,-5.1379,0.994,-6.1318,62,59,3
2015-11-03,partial,SSE,-364042755,-3.6404,0.644,-4.2844,62,59,3
2015-11-04,partial,SSE,-13997743,-0.14,2.9462,-3.0861,62,61,1
2015-11-05,partial,SSE,-519582381,-5.1958,0.8365,-6.0323,62,61,1
2015-11-06,partial,SSE,191863077,1.9186,4.4521,-2.5335,62,61,1
2015-11-09,partial,SSE,-97283551,-0.9728,2.9318,-3.9047,62,60,2
2015-11-10,partial,SSE,284564456,2.8456,4.9858,-2.1401,62,60,2
2015-11-11,partial,SSE,-652393876,-6.5239,0.2678,-6.7917,62,60,2
2015-11-12,partial,SSE,-324088800,-3.2409,0.4262,-3.6671,62,61,1
2015-11-13,partial,SSE,-365016011,-3.6502,0.1884,-3.8386,62,58,4
2015-11-16,partial,SSE,64488191,0.6449,1.4076,-0.7627,62,58,4
2015-11-17,partial,SSE,-313350462,-3.1335,0.4183,-3.5519,62,61,1
2015-11-18,partial,SSE,-252781746,-2.5278,0.1109,-2.6387,62,58,4
2015-11-19,partial,SSE,218126005,2.1813,3.1489,-0.9676,62,59,3
2015-11-20,partial,SSE,-62059258,-0.6206,0.8192,-1.4398,62,60,2
2015-11-23,partial,SSE,-93534451,-0.9353,1.7613,-2.6967,62,60,2
2015-11-24,partial,SSE,-243473300,-2.4347,0.3284,-2.7631,62,60,2
2015-11-25,partial,SSE,-574422523,-5.7442,0,-5.7442,62,60,2
2015-11-26,partial,SSE,-429873196,-4.2987,0.008,-4.3067,62,61,1
2015-11-27,partial,SSE,-255491957,-2.5549,0.7584,-3.3133,62,61,1
2015-11-30,partial,SSE,305915604,3.0592,4.0856,-1.0265,62,58,4
2015-12-01,partial,SSE,-756346401,-7.5635,3.528,-11.0915,62,59,3
2015-12-02,partial,SSE,-505941154,-5.0594,1.0333,-6.0927,62,60,2
2015-12-03,partial,SSE,505757727,5.0576,5.3038,-0.2462,62,59,3
2015-12-04,partial,SSE,84924618,0.8492,2.7499,-1.9006,62,57,5
2015-12-07,partial,SSE,-138056800,-1.3806,2.2376,-3.6182,62,57,5
2015-12-08,partial,SSE,-283534500,-2.8353,0.0301,-2.8654,62,58,4
2015-12-09,partial,SSE,249397762,2.494,3.4276,-0.9336,62,61,1
2015-12-10,partial,SSE,-463389883,-4.6339,0.2558,-4.8897,62,60,2
2015-12-11,partial,SSE,212990836,2.1299,2.5566,-0.4267,62,59,3
2015-12-14,partial,SSE,205426742,2.0543,4.3977,-2.3435,62,60,2
2015-12-15,partial,SSE,-5039501,-0.0504,0.8145,-0.8649,62,58,4
2015-12-16,partial,SSE,280756010,2.8076,3.1057,-0.2981,62,59,3
2015-12-17,partial,SSE,77094241,0.7709,1.646,-0.875,62,59,3
2015-12-18,partial,SSE,-1142854534,-11.4285,0.0395,-11.4681,62,60,2
2015-12-21,partial,SSE,-965595363,-9.656,0.0086,-9.6646,62,59,3
2015-12-22,partial,SSE,-287263428,-2.8726,2.8098,-5.6824,62,60,2
2015-12-23,partial,SSE,-1182030823,-11.8203,0.0116,-11.8319,62,60,2
2015-12-24,partial,SSE,428017292,4.2802,4.6984,-0.4182,62,60,2
2015-12-25,partial,SSE,-291301278,-2.913,0.0187,-2.9318,62,57,5
2015-12-28,partial,SSE,194679254,1.9468,2.2065,-0.2597,62,60,2
2015-12-29,partial,SSE,467376940,4.6738,5.3099,-0.6361,62,57,5
2015-12-30,partial,SSE,-406633800,-4.0663,0.4018,-4.4681,62,57,5
2015-12-31,partial,SSE,-639511229,-6.3951,0.0416,-6.4367,62,54,8
2016-01-04,partial,SSE,-47239176,-0.4724,1.6088,-2.0812,62,57,5
2016-01-05,partial,SSE,1851032121,18.5103,18.7773,-0.2669,62,60,2
2016-01-06,partial,SSE,-573870346,-5.7387,0.0924,-5.8311,62,58,4
2016-01-07,partial,SSE,92384572,0.9238,0.9768,-0.053,62,48,14
2016-01-08,partial,SSE,802545296,8.0255,9.5355,-1.51,62,60,2
2016-01-11,partial,SSE,1397964755,13.9796,14.1492,-0.1695,62,59,3
2016-01-12,partial,SSE,926390993,9.2639,9.5026,-0.2387,62,56,6
2016-01-13,partial,SSE,-107141496,-1.0714,1.0124,-2.0839,62,59,3
2016-01-14,partial,SSE,1233421334,12.3342,12.3925,-0.0583,62,59,3
2016-01-15,partial,SSE,441510639,4.4151,4.9617,-0.5466,62,58,4
2016-01-18,partial,SSE,522100545,5.221,5.3014,-0.0804,62,58,4
2016-01-19,partial,SSE,-574412914,-5.7441,0.7018,-6.4459,62,60,2
2016-01-20,partial,SSE,-316087163,-3.1609,0.0915,-3.2523,62,57,5
2016-01-21,partial,SSE,682628687,6.8263,6.9151,-0.0888,62,60,2
2016-01-22,partial,SSE,1049212376,10.4921,10.5427,-0.0506,62,59,3
2016-01-25,partial,SSE,-71325169,-0.7133,0.3611,-1.0743,62,58,4
2016-01-26,partial,SSE,876356926,8.7636,8.8105,-0.0469,62,59,3
2016-01-27,partial,SSE,1997660263,19.9766,20.0423,-0.0657,62,59,3
2016-01-28,partial,SSE,111964948,1.1196,2.3076,-1.1879,62,58,4
2016-01-29,partial,SSE,-133062043,-1.3306,2.695,-4.0256,62,59,3
2016-02-01,partial,SSE,141387436,1.4139,1.5093,-0.0955,62,58,4
2016-02-02,partial,SSE,354154308,3.5415,3.8418,-0.3003,62,58,4
2016-02-03,partial,SSE,136022548,1.3602,1.7803,-0.4201,62,57,5
2016-02-04,partial,SSE,-35043505,-0.3504,1.5444,-1.8948,62,58,4
2016-02-05,partial,SSE,1198693455,11.9869,12.0121,-0.0251,62,56,6
2016-02-15,partial,SSE,327120487,3.2712,3.3191,-0.0479,62,54,8
2016-02-16,partial,SSE,-547557730,-5.4756,0.1422,-5.6178,62,59,3
2016-02-17,partial,SSE,-126661312,-1.2666,2.7579,-4.0245,62,58,4
2016-02-18,partial,SSE,-331441135,-3.3144,1.6961,-5.0105,62,60,2
2016-02-19,partial,SSE,-44377999,-0.4438,2.8714,-3.3152,62,59,3
2016-02-22,partial,SSE,-818409430,-8.1841,0.5407,-8.7248,62,60,2
2016-02-23,partial,SSE,-287331523,-2.8733,2.174,-5.0473,62,59,3
2016-02-24,partial,SSE,-622246898,-6.2225,0.383,-6.6054,62,57,5
2016-02-25,partial,SSE,-416556730,-4.1656,0.1594,-4.325,62,59,3
2016-02-26,partial,SSE,897750328,8.9775,9.5019,-0.5244,62,55,7
2016-02-29,partial,SSE,472022753,4.7202,5.0551,-0.3349,62,59,3
2016-03-01,partial,SSE,-87459328,-0.8746,1.0116,-1.8861,62,58,4
2016-03-02,partial,SSE,244440178,2.4444,2.7862,-0.3418,62,60,2
2016-03-03,partial,SSE,-57534282,-0.5753,1.6882,-2.2635,62,60,2
2016-03-04,partial,SSE,-1743751881,-17.4375,0.1417,-17.5792,62,58,4
2016-03-07,partial,SSE,135598078,1.356,4.3199,-2.9639,62,60,2
2016-03-08,partial,SSE,282232993,2.8223,2.9492,-0.1269,62,58,4
2016-03-09,partial,SSE,-762143509,-7.6214,0.4192,-8.0406,62,60,2
2016-03-10,partial,SSE,-354346356,-3.5435,0.0436,-3.587,62,58,4
2016-03-11,partial,SSE,-48116550,-0.4812,0.7199,-1.2011,62,59,3
2016-03-14,partial,SSE,1455164045,14.5516,14.809,-0.2574,62,61,1
2016-03-15,partial,SSE,-824318033,-8.2432,0.2,-8.4432,62,59,3
2016-03-16,partial,SSE,-1066453367,-10.6645,0.5181,-11.1827,62,60,2
2016-03-17,partial,SSE,1412715514,14.1272,14.4551,-0.3279,62,61,1
2016-03-18,partial,SSE,3395124998,33.9512,34.2786,-0.3273,62,61,1
2016-03-21,partial,SSE,284043831,2.8404,3.5066,-0.6661,62,61,1
2016-03-22,partial,SSE,-133791217,-1.3379,0.8744,-2.2123,62,61,1
2016-03-23,partial,SSE,-456809165,-4.5681,1.683,-6.2511,62,60,2
2016-03-24,partial,SSE,-1081865348,-10.8187,0.6878,-11.5065,62,60,2
2016-03-25,partial,SSE,-1045858383,-10.4586,0.8468,-11.3054,62,60,2
2016-03-28,partial,SSE,-426799283,-4.268,0.5118,-4.7798,62,61,1
2016-03-29,partial,SSE,-1404649984,-14.0465,1.16,-15.2065,62,57,5
2016-03-30,partial,SSE,257572531,2.5757,4.2528,-1.6771,60,59,1
2016-03-31,partial,SSE,-111079612,-1.1108,0.3353,-1.4461,60,59,1
2016-04-01,partial,SSE,222963692,2.2296,2.7369,-0.5072,60,58,2
2016-04-05,partial,SSE,578237876,5.7824,5.934,-0.1517,60,59,1
2016-04-06,partial,SSE,-125688928,-1.2569,2.5584,-3.8153,60,58,2
2016-04-07,partial,SSE,-252447798,-2.5245,0.3442,-2.8687,60,57,3
2016-04-08,partial,SSE,-195413315,-1.9541,1.9767,-3.9308,60,57,3
2016-04-11,partial,SSE,499644556,4.9964,5.1788,-0.1823,60,58,2
2016-04-12,partial,SSE,-865487101,-8.6549,0.7677,-9.4226,60,56,4
2016-04-13,partial,SSE,2536094762,25.3609,26.2476,-0.8866,60,59,1
2016-04-14,partial,SSE,91238858,0.9124,2.0601,-1.1477,60,58,2
2016-04-15,partial,SSE,-518682674,-5.1868,0.6474,-5.8342,60,56,4
2016-04-18,partial,SSE,-315145132,-3.1515,0.6561,-3.8075,60,58,2
2016-04-19,partial,SSE,-615129478,-6.1513,0.5655,-6.7168,60,57,3
2016-04-20,partial,SSE,-557166784,-5.5717,1.2829,-6.8545,60,58,2
2016-04-21,partial,SSE,-229436719,-2.2944,1.4832,-3.7776,60,56,4
2016-04-22,partial,SSE,164914127,1.6491,1.794,-0.1449,60,57,3
2016-04-25,partial,SSE,-332000997,-3.32,0.104,-3.424,60,59,1
2016-04-26,partial,SSE,-28079015,-0.2808,0.3695,-0.6503,60,56,4
2016-04-27,partial,SSE,-329138287,-3.2914,0.2006,-3.492,60,55,5
2016-04-28,partial,SSE,264898587,2.649,2.6784,-0.0294,60,51,9
2016-04-29,partial,SSE,-37314285,-0.3731,1.0623,-1.4354,60,54,6
2016-05-03,partial,SSE,458168528,4.5817,4.9318,-0.3501,60,57,3
2016-05-04,partial,SSE,-438906688,-4.3891,0.0359,-4.4249,60,58,2
2016-05-05,partial,SSE,-162639587,-1.6264,0.1451,-1.7715,60,54,6
2016-05-06,partial,SSE,-357039302,-3.5704,0.0338,-3.6042,60,58,2
2016-05-09,partial,SSE,768351819,7.6835,7.7438,-0.0603,60,59,1
2016-05-10,partial,SSE,147934703,1.4793,1.5123,-0.033,60,56,4
2016-05-11,partial,SSE,-255580552,-2.5558,0.1505,-2.7063,60,56,4
2016-05-12,partial,SSE,58488659,0.5849,1.4078,-0.8229,60,59,1
2016-05-13,partial,SSE,-145955128,-1.4596,0.4591,-1.9187,59,54,5
2016-05-16,partial,SSE,31045043,0.3105,1.1002,-0.7897,59,55,4
2016-05-17,partial,SSE,-238959374,-2.3896,0.0277,-2.4173,59,55,4
2016-05-18,partial,SSE,-371213201,-3.7121,0.6113,-4.3234,59,56,3
2016-05-19,partial,SSE,-8300158,-0.083,1.4635,-1.5465,59,53,6
2016-05-20,partial,SSE,189665336,1.8967,1.9001,-0.0034,59,56,3
2016-05-23,partial,SSE,71141733,0.7114,1.2129,-0.5015,59,54,5
2016-05-24,partial,SSE,68657285,0.6866,2.0728,-1.3862,59,54,5
2016-05-25,partial,SSE,9998263,0.1,0.2473,-0.1473,59,50,9
2016-05-26,partial,SSE,228088280,2.2809,2.376,-0.0952,59,52,7
2016-05-27,partial,SSE,-46081153,-0.4608,0.2328,-0.6936,59,54,5
2016-05-30,partial,SSE,-79365202,-0.7937,0.1968,-0.9905,59,53,6
2016-05-31,partial,SSE,372876612,3.7288,3.9973,-0.2685,59,59,0
2016-06-01,partial,SSE,-296883498,-2.9688,1.8107,-4.7795,59,54,5
2016-06-02,partial,SSE,-3578040,-0.0358,1.1106,-1.1464,59,56,3
2016-06-03,partial,SSE,-180025816,-1.8003,1.1754,-2.9757,59,53,6
2016-06-06,partial,SSE,23764636,0.2376,1.2432,-1.0055,59,53,6
2016-06-07,partial,SSE,-164714857,-1.6471,0.1643,-1.8115,59,53,6
2016-06-08,partial,SSE,-73109950,-0.7311,0.1088,-0.8399,59,54,5
2016-06-13,partial,SSE,-938749032,-9.3875,0.0391,-9.4266,59,52,7
2016-06-14,partial,SSE,-141859466,-1.4186,0.6479,-2.0665,59,53,6
2016-06-15,partial,SSE,272719389,2.7272,3.6835,-0.9564,59,55,4
2016-06-16,partial,SSE,-182906749,-1.8291,0.1238,-1.9528,59,53,6
2016-06-17,partial,SSE,-375545899,-3.7555,0.7614,-4.5168,59,53,6
2016-06-20,partial,SSE,-197479223,-1.9748,0.9872,-2.9619,58,55,3
2016-06-21,partial,SSE,1231518,0.0123,0.9126,-0.9003,58,54,4
2016-06-22,partial,SSE,-110653240,-1.1065,0.2672,-1.3737,58,56,2
2016-06-23,partial,SSE,-26771463,-0.2677,0.3224,-0.5901,58,54,4
2016-06-24,partial,SSE,-8905885,-0.0891,0.6084,-0.6975,58,53,5
2016-06-27,partial,SSE,-148609825,-1.4861,0.1913,-1.6774,58,55,3
2016-06-28,partial,SSE,-350312479,-3.5031,0.3168,-3.8199,58,57,1
2016-06-29,partial,SSE,-311182490,-3.1118,0.0448,-3.1566,58,56,2
2016-06-30,partial,SSE,-150089094,-1.5009,0.0514,-1.5523,58,53,5
2016-07-01,partial,SSE,-31979536,-0.3198,1.0471,-1.3669,58,53,5
2016-07-04,partial,SSE,-125408950,-1.2541,0.6589,-1.913,58,58,0
2016-07-05,partial,SSE,-654107272,-6.5411,0.0076,-6.5486,58,57,1
2016-07-06,partial,SSE,-976021415,-9.7602,0.0143,-9.7745,58,54,4
2016-07-07,partial,SSE,-610791596,-6.1079,0.1453,-6.2532,58,56,2
2016-07-08,partial,SSE,-307276580,-3.0728,0.2148,-3.2876,58,53,5
2016-07-11,partial,SSE,3803499,0.038,0.993,-0.955,58,56,2
2016-07-12,partial,SSE,-156506903,-1.5651,3.9055,-5.4705,58,57,1
2016-07-13,partial,SSE,927994660,9.2799,9.6147,-0.3348,58,58,0
2016-07-14,partial,SSE,-244981807,-2.4498,0.311,-2.7608,58,56,2
2016-07-15,partial,SSE,-106668645,-1.0667,0,-1.0667,58,55,3
2016-07-18,partial,SSE,-379123263,-3.7912,0.0679,-3.8592,58,53,5
2016-07-19,partial,SSE,-158793961,-1.5879,1.0562,-2.6441,58,55,3
2016-07-20,partial,SSE,-285921698,-2.8592,0.0311,-2.8903,58,55,3
2016-07-21,partial,SSE,-96708779,-0.9671,1.6645,-2.6315,58,57,1
2016-07-22,partial,SSE,93363252,0.9336,1.6684,-0.7347,58,54,4
2016-07-25,partial,SSE,80484230,0.8048,1.2398,-0.4349,58,57,1
2016-07-26,partial,SSE,-211845371,-2.1185,0.1773,-2.2958,58,54,4
2016-07-27,partial,SSE,407347767,4.0735,5.9379,-1.8645,58,57,1
2016-07-28,partial,SSE,-101144920,-1.0114,0.1597,-1.1712,58,56,2
2016-07-29,partial,SSE,-142376806,-1.4238,0.4324,-1.8561,58,53,5
2016-08-01,partial,SSE,171529924,1.7153,1.8466,-0.1313,58,53,5
2016-08-02,partial,SSE,338317,0.0034,0.454,-0.4506,58,54,4
2016-08-03,partial,SSE,-519890625,-5.1989,0.2134,-5.4123,58,56,2
2016-08-04,partial,SSE,-254269386,-2.5427,0.043,-2.5857,58,52,6
2016-08-05,partial,SSE,-159440945,-1.5944,0.0194,-1.6138,58,53,5
2016-08-08,partial,SSE,53752011,0.5375,0.7841,-0.2466,58,53,5
2016-08-09,partial,SSE,-568103907,-5.681,0.0001,-5.6812,60,57,3
2016-08-10,partial,SSE,-599939996,-5.9994,0.0608,-6.0602,60,55,5
2016-08-11,partial,SSE,-418550008,-4.1855,0.1965,-4.382,60,57,3
2016-08-12,partial,SSE,-400174587,-4.0017,0.7212,-4.723,60,58,2
2016-08-15,partial,SSE,758546087,7.5855,8.6069,-1.0214,60,60,0
2016-08-16,partial,SSE,1268166166,12.6817,13.453,-0.7713,60,60,0
2016-08-17,partial,SSE,-17503728,-0.175,2.358,-2.533,60,59,1
2016-08-18,partial,SSE,-661397860,-6.614,0.3478,-6.9618,60,58,2
2016-08-19,partial,SSE,-838770702,-8.3877,0.2164,-8.6041,60,59,1
2016-08-22,partial,SSE,-277061091,-2.7706,0.3783,-3.1489,60,55,5
2016-08-23,partial,SSE,-451157530,-4.5116,0.3014,-4.813,61,58,3
2016-08-24,partial,SSE,-698041162,-6.9804,0.0369,-7.0173,61,58,3
2016-08-25,partial,SSE,-129816329,-1.2982,0.6309,-1.929,61,58,3
2016-08-26,partial,SSE,-87315833,-0.8732,0.5006,-1.3737,61,59,2
2016-08-29,partial,SSE,-87762473,-0.8776,0.5865,-1.4641,61,57,4
2016-08-30,partial,SSE,-329614894,-3.2961,0.7393,-4.0354,62,60,2
2016-08-31,partial,SSE,-92220725,-0.9222,0.5323,-1.4545,62,57,5
2016-09-01,partial,SSE,-46990637,-0.4699,0.6632,-1.1331,62,59,3
2016-09-02,partial,SSE,-228446625,-2.2845,0.6754,-2.9598,62,55,7
2016-09-05,partial,SSE,-194799266,-1.948,0.8271,-2.775,62,60,2
2016-09-06,partial,SSE,-179982692,-1.7998,0.6208,-2.4206,62,60,2
2016-09-07,partial,SSE,487518971,4.8752,6.2538,-1.3786,62,59,3
2016-09-08,partial,SSE,166483834,1.6648,1.8916,-0.2268,62,58,4
2016-09-09,partial,SSE,210719872,2.1072,2.8271,-0.7199,62,59,3
2016-09-12,partial,SSE,403631566,4.0363,4.9146,-0.8783,62,58,4
2016-09-13,partial,SSE,-29288310,-0.2929,1.0552,-1.3481,62,59,3
2016-09-14,partial,SSE,118526745,1.1853,1.2466,-0.0614,62,57,5
2016-09-19,partial,SSE,-219078116,-2.1908,0.0809,-2.2717,63,59,4
2016-09-20,partial,SSE,-104474709,-1.0447,0.1566,-1.2013,63,57,6
2016-09-21,partial,SSE,-1508602,-0.0151,0.9626,-0.9777,62,57,5
2016-09-22,partial,SSE,-177715724,-1.7772,0.2202,-1.9974,62,60,2
2016-09-23,complete,SSE|SZSE,-78006656,-0.7801,0.7691,-1.5492,102,99,3
2016-09-26,complete,SSE|SZSE,617738679,6.1774,6.6846,-0.5072,102,97,5
2016-09-27,complete,SSE|SZSE,349159788,3.4916,3.9236,-0.432,102,99,3
2016-09-28,complete,SSE|SZSE,25945067,0.2595,1.7015,-1.4421,102,97,5
2016-09-29,complete,SSE|SZSE,13209452,0.1321,2.1021,-1.97,102,99,3
2016-09-30,complete,SSE|SZSE,-69291681,-0.6929,0.2962,-0.9891,102,97,5
2016-10-10,complete,SSE|SZSE,214741823,2.1474,2.8559,-0.7084,102,100,2
2016-10-11,complete,SSE|SZSE,-171671742,-1.7167,0.8148,-2.5315,102,100,2
2016-10-12,complete,SSE|SZSE,-66405008,-0.6641,0.3694,-1.0334,102,98,4
2016-10-13,complete,SSE|SZSE,-185868154,-1.8587,0.2486,-2.1073,102,95,7
2016-10-14,complete,SSE|SZSE,-637834558,-6.3783,0.1348,-6.5131,102,98,4
2016-10-17,complete,SSE|SZSE,-179695685,-1.797,0.5523,-2.3493,103,98,5
2016-10-18,complete,SSE|SZSE,-651814011,-6.5181,0.121,-6.6392,103,100,3
2016-10-19,complete,SSE|SZSE,-247803178,-2.478,0.1591,-2.6371,103,97,6
2016-10-20,complete,SSE|SZSE,-277642684,-2.7764,0.1278,-2.9042,103,99,4
2016-10-21,complete,SSE|SZSE,-643376024,-6.4338,0.0712,-6.5049,103,100,3
2016-10-24,complete,SSE|SZSE,-308456197,-3.0846,2.7378,-5.8223,103,101,2
2016-10-25,complete,SSE|SZSE,-86914207,-0.8691,5.358,-6.2271,103,98,5
2016-10-26,complete,SSE|SZSE,-183531782,-1.8353,1.6898,-3.5251,103,98,5
2016-10-27,complete,SSE|SZSE,157945122,1.5795,3.4668,-1.8874,103,95,8
2016-10-28,complete,SSE|SZSE,68773486,0.6877,2.0793,-1.3916,103,97,6
2016-10-31,complete,SSE|SZSE,-261057608,-2.6106,0.7075,-3.3181,103,97,6
2016-11-01,complete,SSE|SZSE,-236608587,-2.3661,0.7381,-3.1042,103,94,9
2016-11-02,complete,SSE|SZSE,-408136662,-4.0814,0.5901,-4.6715,103,95,8
2016-11-03,complete,SSE|SZSE,-642374462,-6.4237,1.0571,-7.4809,103,101,2
2016-11-04,complete,SSE|SZSE,-471978211,-4.7198,0.3971,-5.1169,103,101,2
2016-11-07,complete,SSE|SZSE,-84923201,-0.8492,0.6613,-1.5105,104,99,5
2016-11-08,complete,SSE|SZSE,-21263027,-0.2126,1.6398,-1.8524,104,104,0
2016-11-09,complete,SSE|SZSE,-122601916,-1.226,2.795,-4.021,104,102,2
2016-11-10,complete,SSE|SZSE,-19340380,-0.1934,1.8986,-2.092,104,103,1
2016-11-11,complete,SSE|SZSE,424746004,4.2475,5.4024,-1.155,104,103,1
2016-11-14,complete,SSE|SZSE,-358801061,-3.588,4.4595,-8.0475,104,101,3
2016-11-15,complete,SSE|SZSE,334983185,3.3498,7.6275,-4.2777,104,101,3
2016-11-16,complete,SSE|SZSE,-1060446540,-10.6045,0.64,-11.2444,104,100,4
2016-11-17,complete,SSE|SZSE,-74256510,-0.7426,6.0063,-6.7489,104,96,8
2016-11-18,complete,SSE|SZSE,23479418,0.2348,1.6973,-1.4625,104,99,5
2016-11-21,complete,SSE|SZSE,-74347410,-0.7435,1.2224,-1.9659,104,103,1
2016-11-22,complete,SSE|SZSE,204496192,2.045,3.2548,-1.2098,104,103,1
2016-11-23,complete,SSE|SZSE,-536081986,-5.3608,2.2435,-7.6043,104,103,1
2016-11-24,complete,SSE|SZSE,-1407761349,-14.0776,0.2939,-14.3715,104,101,3
2016-11-25,complete,SSE|SZSE,762108435,7.6211,11.2418,-3.6207,104,101,3
2016-11-28,complete,SSE|SZSE,-1823427016,-18.2343,1.8426,-20.0769,104,101,3
2016-11-29,complete,SSE|SZSE,1703053270,17.0305,20.7468,-3.7163,104,104,0
2016-11-30,complete,SSE|SZSE,-884528473,-8.8453,8.8025,-17.6478,104,104,0
2016-12-01,complete,SSE|SZSE,1544329569,15.4433,18.2217,-2.7784,104,99,5
2016-12-02,complete,SSE|SZSE,-1217616039,-12.1762,1.5916,-13.7677,104,102,2
2016-12-05,complete,SSE|SZSE,2388373731,23.8837,24.4966,-0.6129,104,101,3
2016-12-06,complete,SSE|SZSE,-1393584898,-13.9358,1.532,-15.4679,104,101,3
2016-12-07,complete,SSE|SZSE,1123204378,11.232,13.3627,-2.1307,104,100,4
2016-12-08,complete,SSE|SZSE,-1397453914,-13.9745,5.1616,-19.1362,104,99,5
2016-12-09,complete,SSE|SZSE,1382613509,13.8261,17.3692,-3.5431,104,100,4
2016-12-12,complete,SSE|SZSE,-103029912,-1.0303,8.7176,-9.7479,104,100,4
2016-12-13,complete,SSE|SZSE,1863687425,18.6369,19.526,-0.8891,104,99,5
2016-12-14,complete,SSE|SZSE,-1198175271,-11.9818,1.2315,-13.2133,104,98,6
2016-12-15,complete,SSE|SZSE,770867085,7.7087,12.2603,-4.5516,104,97,7
2016-12-16,complete,SSE|SZSE,-247455983,-2.4746,1.2445,-3.7191,104,98,6
2016-12-19,complete,SSE|SZSE,223395557,2.234,6.2486,-4.0147,104,91,13
2016-12-20,complete,SSE|SZSE,-43037224,-0.4304,3.4202,-3.8506,104,95,9
2016-12-21,complete,SSE|SZSE,-5047436,-0.0505,1.7299,-1.7803,104,94,10
2016-12-22,complete,SSE|SZSE,-168640765,-1.6864,1.5783,-3.2647,104,93,11
2016-12-23,complete,SSE|SZSE,-78051317,-0.7805,0.6078,-1.3884,104,96,8
2016-12-26,complete,SSE|SZSE,1209579303,12.0958,12.7573,-0.6615,104,95,9
2016-12-27,complete,SSE|SZSE,762707851,7.6271,9.2812,-1.6541,104,94,10
2016-12-28,complete,SSE|SZSE,222134592,2.2213,3.9935,-1.7722,104,93,11
2016-12-29,complete,SSE|SZSE,297492152,2.9749,3.5482,-0.5733,104,89,15
2016-12-30,complete,SSE|SZSE,161607661,1.6161,2.0762,-0.4602,104,94,10
2017-01-03,complete,SSE|SZSE,151533613,1.5153,2.1589,-0.6436,104,99,5
2017-01-04,complete,SSE|SZSE,-218483006,-2.1848,0.9123,-3.0971,104,102,2
2017-01-05,complete,SSE|SZSE,-38620284,-0.3862,1.3696,-1.7558,104,97,7
2017-01-06,complete,SSE|SZSE,-61085095,-0.6109,0.8477,-1.4586,104,92,12
2017-01-09,complete,SSE|SZSE,214970298,2.1497,3.278,-1.1283,104,95,9
2017-01-10,complete,SSE|SZSE,-31613408,-0.3161,0.5047,-0.8208,104,95,9
2017-01-11,complete,SSE|SZSE,137793689,1.3779,1.5613,-0.1834,104,94,10
2017-01-12,complete,SSE|SZSE,-31370309,-0.3137,0.885,-1.1987,104,92,12
2017-01-13,complete,SSE|SZSE,339660685,3.3966,4.0343,-0.6377,104,93,11
2017-01-16,complete,SSE|SZSE,-28098802,-0.281,3.8967,-4.1777,104,99,5
2017-01-17,complete,SSE|SZSE,402693717,4.0269,4.5709,-0.5439,104,95,9
2017-01-18,complete,SSE|SZSE,465654212,4.6565,5.2067,-0.5501,104,93,11
2017-01-19,complete,SSE|SZSE,424811944,4.2481,5.223,-0.9749,104,96,8
2017-01-20,complete,SSE|SZSE,490606783,4.9061,5.852,-0.9459,104,99,5
2017-01-23,complete,SSE|SZSE,622874565,6.2287,7.4975,-1.2688,104,98,6
2017-01-24,complete,SSE|SZSE,183444002,1.8344,2.1466,-0.3122,104,96,8
2017-01-25,complete,SSE|SZSE,69585638,0.6959,2.5273,-1.8314,104,96,8
2017-01-26,complete,SSE|SZSE,293030586,2.9303,3.4379,-0.5076,104,94,10
2017-02-03,complete,SSE|SZSE,-139558321,-1.3956,1.192,-2.5876,104,93,11
2017-02-06,complete,SSE|SZSE,-96672373,-0.9667,0.4032,-1.3699,104,97,7
2017-02-07,complete,SSE|SZSE,21017902,0.2102,2.1136,-1.9034,104,96,8
2017-02-08,complete,SSE|SZSE,-156793293,-1.5679,0.3045,-1.8724,104,97,7
2017-02-09,complete,SSE|SZSE,266762342,2.6676,3.0163,-0.3486,104,101,3
2017-02-10,complete,SSE|SZSE,-323845939,-3.2385,0.6556,-3.894,104,99,5
2017-02-13,complete,SSE|SZSE,-158314970,-1.5831,1.4472,-3.0303,104,101,3
2017-02-14,complete,SSE|SZSE,135413874,1.3541,2.4385,-1.0844,104,102,2
2017-02-15,complete,SSE|SZSE,413410306,4.1341,5.0545,-0.9204,104,102,2
2017-02-16,complete,SSE|SZSE,-76914234,-0.7691,0.8563,-1.6254,104,98,6
2017-02-17,complete,SSE|SZSE,61628562,0.6163,1.1297,-0.5134,104,100,4
2017-02-20,complete,SSE|SZSE,-355341449,-3.5534,0.9652,-4.5186,104,95,9
2017-02-21,complete,SSE|SZSE,-216688538,-2.1669,0.451,-2.6179,104,102,2
2017-02-22,complete,SSE|SZSE,-472582555,-4.7258,0.4786,-5.2044,104,100,4
2017-02-23,complete,SSE|SZSE,205435812,2.0544,2.8549,-0.8005,104,98,6
2017-02-24,complete,SSE|SZSE,-272031222,-2.7203,1.229,-3.9493,104,100,4
2017-02-27,complete,SSE|SZSE,-534918457,-5.3492,0.3136,-5.6628,104,100,4
2017-02-28,complete,SSE|SZSE,-303596716,-3.036,0.291,-3.3269,104,97,7
2017-03-01,complete,SSE|SZSE,-898665695,-8.9867,0.4424,-9.4291,105,101,4
2017-03-02,complete,SSE|SZSE,-110517578,-1.1052,0.3449,-1.4501,105,99,6
2017-03-03,complete,SSE|SZSE,-55402863,-0.554,0.4541,-1.0082,105,98,7
2017-03-06,complete,SSE|SZSE,-318442380,-3.1844,0.5422,-3.7266,105,102,3
2017-03-07,complete,SSE|SZSE,-408522194,-4.0852,0.6167,-4.7019,105,102,3
2017-03-08,complete,SSE|SZSE,55738262,0.5574,1.619,-1.0616,105,93,12
2017-03-09,complete,SSE|SZSE,88105044,0.8811,1.7694,-0.8884,105,99,6
2017-03-10,complete,SSE|SZSE,74953839,0.7495,2.1694,-1.4198,105,98,7
2017-03-13,complete,SSE|SZSE,-56375297,-0.5638,0.9686,-1.5324,105,101,4
2017-03-14,complete,SSE|SZSE,-174527195,-1.7453,0.3169,-2.0622,105,103,2
2017-03-15,complete,SSE|SZSE,-242441289,-2.4244,0.3313,-2.7557,105,98,7
2017-03-16,complete,SSE|SZSE,-124115636,-1.2412,2.472,-3.7131,105,101,4
2017-03-17,complete,SSE|SZSE,-330742191,-3.3074,2.1801,-5.4876,105,103,2
2017-03-20,complete,SSE|SZSE,-351801572,-3.518,0.4563,-3.9744,105,102,3
2017-03-21,complete,SSE|SZSE,-701482569,-7.0148,0.2049,-7.2198,105,102,3
2017-03-22,complete,SSE|SZSE,-98951972,-0.9895,0.9599,-1.9494,105,102,3
2017-03-23,complete,SSE|SZSE,-278264529,-2.7826,0.4892,-3.2718,105,100,5
2017-03-24,complete,SSE|SZSE,-204639351,-2.0464,1.3877,-3.4341,105,101,4
2017-03-27,complete,SSE|SZSE,-306955937,-3.0696,0.5111,-3.5807,105,102,3
2017-03-28,complete,SSE|SZSE,213040112,2.1304,2.9266,-0.7962,105,98,7
2017-03-29,complete,SSE|SZSE,-117576031,-1.1758,0.3957,-1.5715,105,99,6
2017-03-30,complete,SSE|SZSE,377450306,3.7745,4.3684,-0.5939,105,97,8
2017-03-31,complete,SSE|SZSE,-146653291,-1.4665,1.5366,-3.0031,105,98,7
2017-04-05,complete,SSE|SZSE,-257100388,-2.571,2.9932,-5.5642,106,105,1
2017-04-06,complete,SSE|SZSE,-693034382,-6.9303,1.0682,-7.9985,106,101,5
2017-04-07,complete,SSE|SZSE,-738142872,-7.3814,0.282,-7.6635,106,99,7
2017-04-10,complete,SSE|SZSE,-243262014,-2.4326,1.1284,-3.561,106,104,2
2017-04-11,complete,SSE|SZSE,-7437558,-0.0744,3.0198,-3.0942,106,105,1
2017-04-12,complete,SSE|SZSE,-167014095,-1.6701,2.8703,-4.5404,106,100,6
2017-04-13,complete,SSE|SZSE,234095248,2.341,3.6622,-1.3212,106,100,6
2017-04-14,complete,SSE|SZSE,146550981,1.4655,2.7355,-1.27,106,102,4
2017-04-17,complete,SSE|SZSE,529747451,5.2975,5.8491,-0.5516,106,101,5
2017-04-18,complete,SSE|SZSE,275091877,2.7509,3.3903,-0.6394,106,99,7
2017-04-19,complete,SSE|SZSE,1039312513,10.3931,10.9789,-0.5857,106,103,3
2017-04-20,complete,SSE|SZSE,-201951455,-2.0195,1.8501,-3.8696,106,101,5
2017-04-21,complete,SSE|SZSE,-328417553,-3.2842,0.5367,-3.8209,106,99,7
2017-04-24,complete,SSE|SZSE,1003701730,10.037,10.4935,-0.4564,106,100,6
2017-04-25,complete,SSE|SZSE,79069992,0.7907,2.3219,-1.5312,106,95,11
2017-04-26,complete,SSE|SZSE,-114241267,-1.1424,0.5934,-1.7358,106,102,4
2017-04-27,complete,SSE|SZSE,578736721,5.7874,6.4327,-0.6454,106,101,5
2017-04-28,complete,SSE|SZSE,-53896455,-0.539,1.2506,-1.7896,106,96,10
2017-05-02,complete,SSE|SZSE,-256526300,-2.5653,0.3092,-2.8745,106,98,8
2017-05-03,complete,SSE|SZSE,308622503,3.0862,3.453,-0.3668,106,99,7
2017-05-04,complete,SSE|SZSE,81659339,0.8166,1.9962,-1.1796,106,100,6
2017-05-05,complete,SSE|SZSE,260586038,2.6059,3.5355,-0.9297,106,100,6
2017-05-08,complete,SSE|SZSE,199343958,1.9934,4.9078,-2.9143,106,103,3
2017-05-09,complete,SSE|SZSE,344514955,3.4451,4.3071,-0.862,106,99,7
2017-05-10,complete,SSE|SZSE,-466449623,-4.6645,2.3036,-6.9681,107,104,3
2017-05-11,complete,SSE|SZSE,1070052738,10.7005,11.1951,-0.4946,107,100,7
2017-05-12,complete,SSE|SZSE,-976570265,-9.7657,1.9312,-11.6969,107,103,4
2017-05-15,complete,SSE|SZSE,-521383967,-5.2138,0.2484,-5.4622,107,105,2
2017-05-16,complete,SSE|SZSE,150119124,1.5012,2.4999,-0.9987,107,103,4
2017-05-17,complete,SSE|SZSE,220241375,2.2024,2.8248,-0.6224,107,103,4
2017-05-18,complete,SSE|SZSE,184912029,1.8491,2.67,-0.8209,107,100,7
2017-05-19,complete,SSE|SZSE,-212010082,-2.1201,1.1794,-3.2995,108,97,11
2017-05-22,complete,SSE|SZSE,-506382506,-5.0638,1.1455,-6.2093,108,103,5
2017-05-23,complete,SSE|SZSE,-1029940271,-10.2994,1.139,-11.4384,108,103,5
2017-05-24,complete,SSE|SZSE,690017756,6.9002,7.1436,-0.2435,108,102,6
2017-05-25,complete,SSE|SZSE,-207624879,-2.0762,3.9125,-5.9887,108,107,1
2017-05-26,complete,SSE|SZSE,675046871,6.7505,7.6045,-0.8541,108,100,8
2017-05-31,complete,SSE|SZSE,201982681,2.0198,3.0601,-1.0403,108,105,3
2017-06-01,complete,SSE|SZSE,-148457423,-1.4846,1.4317,-2.9163,108,101,7
2017-06-02,complete,SSE|SZSE,621381947,6.2138,6.7254,-0.5115,108,99,9
2017-06-05,complete,SSE|SZSE,274401206,2.744,3.7092,-0.9652,108,100,8
2017-06-06,complete,SSE|SZSE,-306871278,-3.0687,1.1373,-4.206,108,99,9
2017-06-07,complete,SSE|SZSE,78586787,0.7859,2.8016,-2.0157,108,107,1
2017-06-08,complete,SSE|SZSE,19847259,0.1985,3.3559,-3.1575,108,106,2
2017-06-09,complete,SSE|SZSE,-506137651,-5.0614,0.7154,-5.7768,108,107,1
2017-06-12,complete,SSE|SZSE,-351292713,-3.5129,0.7528,-4.2657,108,105,3
2017-06-13,complete,SSE|SZSE,324277383,3.2428,4.308,-1.0652,108,105,3
2017-06-14,complete,SSE|SZSE,327564457,3.2756,4.8961,-1.6205,108,101,7
2017-06-15,complete,SSE|SZSE,590902469,5.909,6.4088,-0.4997,108,99,9
2017-06-16,complete,SSE|SZSE,37500133,0.375,2.649,-2.274,108,100,8
2017-06-19,complete,SSE|SZSE,-277670885,-2.7767,0.426,-3.2027,108,103,5
2017-06-20,complete,SSE|SZSE,-381057501,-3.8106,1.5959,-5.4065,108,102,6
2017-06-21,complete,SSE|SZSE,-1044076029,-10.4408,0.6947,-11.1355,108,105,3
2017-06-22,complete,SSE|SZSE,-1343965598,-13.4397,0.4133,-13.8529,108,106,2
2017-06-23,complete,SSE|SZSE,-241562517,-2.4156,3.19,-5.6056,108,106,2
2017-06-26,complete,SSE|SZSE,-299313228,-2.9931,1.717,-4.7101,108,107,1
2017-06-27,complete,SSE|SZSE,35925889,0.3593,2.4085,-2.0492,108,105,3
2017-06-28,complete,SSE|SZSE,-173282101,-1.7328,0.4837,-2.2165,108,105,3
2017-06-29,complete,SSE|SZSE,181026497,1.8103,2.5191,-0.7089,108,106,2
2017-06-30,complete,SSE|SZSE,-177801085,-1.778,0.559,-2.337,108,102,6
2017-07-03,complete,SSE|SZSE,-4807922,-0.0481,1.9905,-2.0386,108,105,3
2017-07-04,complete,SSE|SZSE,-449229124,-4.4923,0.4014,-4.8936,108,105,3
2017-07-05,complete,SSE|SZSE,-216489572,-2.1649,0.8096,-2.9745,108,107,1
2017-07-06,complete,SSE|SZSE,-708392445,-7.0839,0.2252,-7.3091,108,106,2
2017-07-07,complete,SSE|SZSE,-345089065,-3.4509,0.225,-3.6759,108,104,4
2017-07-10,complete,SSE|SZSE,-687833004,-6.8783,0.3369,-7.2153,109,103,6
2017-07-11,complete,SSE|SZSE,-486684746,-4.8668,0.1522,-5.019,109,104,5
2017-07-12,complete,SSE|SZSE,-737230255,-7.3723,0.7918,-8.1641,109,104,5
2017-07-13,complete,SSE|SZSE,-359764217,-3.5976,1.4588,-5.0564,109,108,1
2017-07-14,complete,SSE|SZSE,-269081979,-2.6908,2.3924,-5.0832,110,106,4
2017-07-17,complete,SSE|SZSE,1267557068,12.6756,14.2862,-1.6106,110,108,2
2017-07-18,complete,SSE|SZSE,309194556,3.0919,6.6427,-3.5508,110,105,5
2017-07-19,complete,SSE|SZSE,-675966114,-6.7597,0.3488,-7.1084,110,109,1
2017-07-20,complete,SSE|SZSE,279245452,2.7925,7.7153,-4.9228,110,108,2
2017-07-21,complete,SSE|SZSE,75230114,0.7523,6.6591,-5.9068,110,110,0
2017-07-24,complete,SSE|SZSE,-294230292,-2.9423,2.7776,-5.7199,110,109,1
2017-07-25,complete,SSE|SZSE,-179525366,-1.7953,1.1231,-2.9184,110,106,4
2017-07-26,complete,SSE|SZSE,-763364054,-7.6336,0.2537,-7.8873,110,104,6
2017-07-27,complete,SSE|SZSE,-204362908,-2.0436,1.4123,-3.456,111,108,3
2017-07-28,complete,SSE|SZSE,-93537676,-0.9354,0.8635,-1.7989,111,110,1
2017-07-31,complete,SSE|SZSE,-45842566,-0.4584,1.5104,-1.9688,112,111,1
2017-08-01,complete,SSE|SZSE,-124761934,-1.2476,2.8457,-4.0933,112,111,1
2017-08-02,complete,SSE|SZSE,25217571,0.2522,2.5071,-2.2549,112,108,4
2017-08-03,complete,SSE|SZSE,872718541,8.7272,9.5386,-0.8114,112,108,4
2017-08-04,complete,SSE|SZSE,-324819230,-3.2482,1.2458,-4.494,113,108,5
2017-08-07,complete,SSE|SZSE,-128842890,-1.2884,0.898,-2.1865,113,111,2
2017-08-08,complete,SSE|SZSE,-341904364,-3.419,0.7736,-4.1927,114,110,4
2017-08-09,complete,SSE|SZSE,-274695187,-2.747,1.279,-4.0259,114,108,6
2017-08-10,complete,SSE|SZSE,-777849349,-7.7785,0.7019,-8.4804,114,108,6
2017-08-11,complete,SSE|SZSE,122234482,1.2223,3.066,-1.8436,114,111,3
2017-08-14,complete,SSE|SZSE,-705976231,-7.0598,2.2673,-9.327,115,114,1
2017-08-15,complete,SSE|SZSE,-1315436593,-13.1544,0.5394,-13.6938,115,114,1
2017-08-16,complete,SSE|SZSE,-158713624,-1.5871,0.9186,-2.5057,115,111,4
2017-08-17,complete,SSE|SZSE,175172601,1.7517,3.911,-2.1592,115,112,3
2017-08-18,complete,SSE|SZSE,112943256,1.1294,5.315,-4.1856,115,112,3
2017-08-21,complete,SSE|SZSE,16196297,0.162,1.1659,-1.0039,115,114,1
2017-08-22,complete,SSE|SZSE,-1181756041,-11.8176,0.3912,-12.2087,115,112,3
2017-08-23,complete,SSE|SZSE,-695649140,-6.9565,0.8216,-7.7781,116,110,6
2017-08-24,complete,SSE|SZSE,21226446,0.2123,2.3965,-2.1842,116,110,6
2017-08-25,complete,SSE|SZSE,894515778,8.9452,11.8391,-2.8939,117,116,1
2017-08-28,complete,SSE|SZSE,1016655296,10.1666,13.8056,-3.639,117,115,2
2017-08-29,complete,SSE|SZSE,686236645,6.8624,9.5892,-2.7269,117,116,1
2017-08-30,complete,SSE|SZSE,269060577,2.6906,4.6679,-1.9773,117,114,3
2017-08-31,complete,SSE|SZSE,1384473704,13.8447,15.3414,-1.4967,117,115,2
2017-09-01,complete,SSE|SZSE,615459484,6.1546,7.9144,-1.7598,117,116,1
2017-09-04,complete,SSE|SZSE,-153107965,-1.5311,3.5951,-5.1262,118,118,0
2017-09-05,complete,SSE|SZSE,-569992661,-5.6999,1.7073,-7.4072,118,117,1
2017-09-06,complete,SSE|SZSE,252567876,2.5257,4.5214,-1.9957,118,117,1
2017-09-07,complete,SSE|SZSE,-7681592,-0.0768,2.2625,-2.3393,118,117,1
2017-09-08,complete,SSE|SZSE,-201640680,-2.0164,0.8756,-2.892,118,116,2
2017-09-11,complete,SSE|SZSE,621171525,6.2117,7.1173,-0.9056,118,118,0
2017-09-12,complete,SSE|SZSE,332847364,3.3285,5.9106,-2.5822,118,116,2
2017-09-13,complete,SSE|SZSE,80037571,0.8004,2.42,-1.6196,118,113,5
2017-09-14,complete,SSE|SZSE,-233216389,-2.3322,0.3362,-2.6684,118,113,5
2017-09-15,complete,SSE|SZSE,-130584113,-1.3058,1.184,-2.4899,118,116,2
2017-09-18,complete,SSE|SZSE,475539638,4.7554,5.7319,-0.9765,118,117,1
2017-09-19,complete,SSE|SZSE,-87204664,-0.872,1.9846,-2.8567,118,114,4
2017-09-20,complete,SSE|SZSE,-349386969,-3.4939,0.7894,-4.2832,118,115,3
2017-09-21,complete,SSE|SZSE,-212630932,-2.1263,0.9849,-3.1113,118,115,3
2017-09-22,complete,SSE|SZSE,-84804636,-0.848,0.6646,-1.5126,118,113,5
2017-09-25,complete,SSE|SZSE,-720519997,-7.2052,0.2992,-7.5044,118,115,3
2017-09-26,complete,SSE|SZSE,-57584291,-0.5758,1.0737,-1.6496,119,113,6
2017-09-27,complete,SSE|SZSE,-758922341,-7.5892,0.1578,-7.747,119,115,4
2017-09-28,complete,SSE|SZSE,-242542162,-2.4254,0.6589,-3.0843,119,117,2
2017-09-29,complete,SSE|SZSE,869816179,8.6982,10.0385,-1.3403,119,114,5
2017-10-09,complete,SSE|SZSE,1261344512,12.6134,13.07,-0.4566,119,119,0
2017-10-10,complete,SSE|SZSE,1260487381,12.6049,14.319,-1.7141,119,115,4
2017-10-11,complete,SSE|SZSE,-481445887,-4.8145,0.7862,-5.6007,119,119,0
2017-10-12,complete,SSE|SZSE,-68531881,-0.6853,1.17,-1.8553,119,119,0
2017-10-13,complete,SSE|SZSE,-70854152,-0.7085,1.5043,-2.2129,119,114,5
2017-10-16,complete,SSE|SZSE,-411161377,-4.1116,0.7928,-4.9045,119,116,3
2017-10-17,complete,SSE|SZSE,194667943,1.9467,3.1483,-1.2016,119,114,5
2017-10-18,complete,SSE|SZSE,-2629362637,-26.2936,0.2829,-26.5765,119,113,6
2017-10-19,complete,SSE|SZSE,-553129577,-5.5313,1.1732,-6.7045,119,116,3
2017-10-20,complete,SSE|SZSE,-136764040,-1.3676,1.0539,-2.4215,119,115,4
2017-10-23,complete,SSE|SZSE,-540394015,-5.4039,0.738,-6.1419,119,111,8
2017-10-24,complete,SSE|SZSE,-1285700572,-12.857,1.1437,-14.0007,119,113,6
2017-10-25,complete,SSE|SZSE,-667190074,-6.6719,1.0728,-7.7447,119,116,3
2017-10-26,complete,SSE|SZSE,-287316424,-2.8732,2.1267,-4.9998,119,118,1
2017-10-27,complete,SSE|SZSE,-405609416,-4.0561,0.8261,-4.8822,119,118,1
2017-10-30,complete,SSE|SZSE,-772412826,-7.7241,1.1633,-8.8874,119,114,5
2017-10-31,complete,SSE|SZSE,-222806383,-2.2281,1.6613,-3.8894,119,113,6
2017-11-01,complete,SSE|SZSE,253402244,2.534,5.9378,-3.4038,119,117,2
2017-11-02,complete,SSE|SZSE,203937394,2.0394,5.1585,-3.1191,119,113,6
2017-11-03,complete,SSE|SZSE,-848163481,-8.4816,0.3285,-8.8101,119,116,3
2017-11-06,complete,SSE|SZSE,-67598485,-0.676,1.1746,-1.8506,119,117,2
2017-11-07,complete,SSE|SZSE,-392404036,-3.924,1.1371,-5.0612,118,116,2
2017-11-08,complete,SSE|SZSE,859404848,8.594,10.3254,-1.7314,118,117,1
2017-11-09,complete,SSE|SZSE,617342476,6.1734,8.3329,-2.1595,118,115,3
2017-11-10,complete,SSE|SZSE,-1511328303,-15.1133,2.5769,-17.6902,118,113,5
2017-11-13,complete,SSE|SZSE,-13504258,-0.135,3.2225,-3.3575,118,118,0
2017-11-14,complete,SSE|SZSE,871747539,8.7175,10.7604,-2.043,118,117,1
2017-11-15,complete,SSE|SZSE,879018708,8.7902,11.4939,-2.7038,118,113,5
2017-11-16,complete,SSE|SZSE,-860221014,-8.6022,1.4676,-10.0698,118,114,4
2017-11-17,complete,SSE|SZSE,-2285826336,-22.8583,1.4777,-24.336,118,117,1
2017-11-20,complete,SSE|SZSE,-405270437,-4.0527,2.2095,-6.2622,118,116,2
2017-11-21,complete,SSE|SZSE,637303516,6.373,9.279,-2.906,118,117,1
2017-11-22,complete,SSE|SZSE,818768725,8.1877,10.4677,-2.28,118,118,0
2017-11-23,complete,SSE|SZSE,1287448413,12.8745,14.1666,-1.2921,118,117,1
2017-11-24,complete,SSE|SZSE,1075058475,10.7506,11.2587,-0.5082,118,115,3
2017-11-27,complete,SSE|SZSE,-1357922761,-13.5792,2.2498,-15.8291,118,115,3
2017-11-28,complete,SSE|SZSE,862425039,8.6243,10.2469,-1.6226,118,115,3
2017-11-29,complete,SSE|SZSE,-49564831,-0.4956,3.0098,-3.5055,118,113,5
2017-11-30,complete,SSE|SZSE,184731470,1.8473,3.9242,-2.0769,118,115,3
2017-12-01,complete,SSE|SZSE,-462342866,-4.6234,1.3643,-5.9878,118,112,6
2017-12-04,complete,SSE|SZSE,-760884131,-7.6088,0.5348,-8.1437,118,115,3
2017-12-05,complete,SSE|SZSE,-1979599439,-19.796,2.7524,-22.5484,118,112,6
2017-12-06,complete,SSE|SZSE,747286208,7.4729,8.8347,-1.3618,118,113,5
2017-12-07,complete,SSE|SZSE,179267292,1.7927,4.9212,-3.1285,118,114,4
2017-12-08,complete,SSE|SZSE,337661339,3.3766,6.0624,-2.6858,118,116,2
2017-12-11,complete,SSE|SZSE,-362420802,-3.6242,2.9337,-6.5579,118,115,3
2017-12-12,complete,SSE|SZSE,201898574,2.019,5.2925,-3.2735,118,117,1
2017-12-13,complete,SSE|SZSE,724675051,7.2468,9.0775,-1.8308,118,111,7
2017-12-14,complete,SSE|SZSE,252238019,2.5224,4.9618,-2.4394,118,116,2
2017-12-15,complete,SSE|SZSE,585975418,5.8598,6.6429,-0.7831,118,114,4
2017-12-18,complete,SSE|SZSE,335307023,3.3531,4.853,-1.4999,118,114,4
2017-12-19,complete,SSE|SZSE,-1195906013,-11.9591,1.4034,-13.3625,118,113,5
2017-12-20,complete,SSE|SZSE,-683083503,-6.8308,0.5822,-7.4131,118,110,8
2017-12-21,complete,SSE|SZSE,1389568983,13.8957,16.3512,-2.4556,118,114,4
2017-12-22,complete,SSE|SZSE,685950684,6.8595,8.163,-1.3035,118,114,4
2017-12-25,complete,SSE|SZSE,87395378,0.874,2.5998,-1.7258,118,112,6
2017-12-26,complete,SSE|SZSE,1408138517,14.0814,14.6839,-0.6025,118,113,5
2017-12-27,complete,SSE|SZSE,-109524254,-1.0952,2.8006,-3.8958,118,115,3
2017-12-28,complete,SSE|SZSE,-177938360,-1.7794,5.096,-6.8754,118,113,5
2017-12-29,complete,SSE|SZSE,622091118,6.2209,6.6352,-0.4143,118,112,6
2018-01-02,complete,SSE|SZSE,-602865692,-6.0287,4.5131,-10.5417,118,117,1
2018-01-03,complete,SSE|SZSE,-139324800,-1.3932,0.666,-2.0592,118,118,0
2018-01-04,complete,SSE|SZSE,-1031892953,-10.3189,0.2271,-10.5461,119,117,2
2018-01-05,complete,SSE|SZSE,-1114028302,-11.1403,0.1543,-11.2946,119,119,0
2018-01-08,complete,SSE|SZSE,-458418903,-4.5842,1.2079,-5.7921,119,116,3
2018-01-09,complete,SSE|SZSE,-591169030,-5.9117,0.5777,-6.4894,119,119,0
2018-01-10,complete,SSE|SZSE,-989582824,-9.8958,1.2423,-11.1381,119,118,1
2018-01-11,complete,SSE|SZSE,-32807805,-0.3281,2.2022,-2.5303,119,116,3
2018-01-12,complete,SSE|SZSE,-57233032,-0.5723,2.9275,-3.4998,119,116,3
2018-01-15,complete,SSE|SZSE,-802008399,-8.0201,1.8704,-9.8905,119,113,6
2018-01-16,complete,SSE|SZSE,707071780,7.0707,10.3057,-3.235,120,117,3
2018-01-17,complete,SSE|SZSE,-491450370,-4.9145,2.493,-7.4075,120,118,2
2018-01-18,complete,SSE|SZSE,610674830,6.1067,7.3528,-1.2461,120,120,0
2018-01-19,complete,SSE|SZSE,402911190,4.0291,5.1471,-1.118,121,121,0
2018-01-22,complete,SSE|SZSE,58749089,0.5875,6.1268,-5.5393,122,122,0
2018-01-23,complete,SSE|SZSE,869872254,8.6987,11.2549,-2.5562,122,120,2
2018-01-24,complete,SSE|SZSE,491722521,4.9172,10.1065,-5.1893,122,122,0
2018-01-25,complete,SSE|SZSE,840517001,8.4052,10.1762,-1.771,122,121,1
2018-01-26,complete,SSE|SZSE,1314932231,13.1493,15.4444,-2.2951,122,121,1
2018-01-29,complete,SSE|SZSE,1131115419,11.3112,13.3731,-2.062,123,123,0
2018-01-30,complete,SSE|SZSE,1537840894,15.3784,18.2356,-2.8571,123,120,3
2018-01-31,complete,SSE|SZSE,1116310713,11.1631,15.4185,-4.2554,123,122,1
2018-02-01,complete,SSE|SZSE,1055151631,10.5515,15.7961,-5.2446,123,118,5
2018-02-02,complete,SSE|SZSE,2344045440,23.4405,23.7734,-0.333,123,121,2
2018-02-05,complete,SSE|SZSE,462943258,4.6294,6.8975,-2.2681,123,120,3
2018-02-06,complete,SSE|SZSE,2156733992,21.5673,21.9535,-0.3861,123,121,2
2018-02-07,complete,SSE|SZSE,507489040,5.0749,12.1175,-7.0427,123,122,1
2018-02-08,complete,SSE|SZSE,1543503739,15.435,17.3746,-1.9395,124,122,2
2018-02-09,complete,SSE|SZSE,-39280367,-0.3928,20.876,-21.2688,124,121,3
2018-02-12,complete,SSE|SZSE,-235271608,-2.3527,9.1001,-11.4528,124,120,4
2018-02-13,complete,SSE|SZSE,-947891151,-9.4789,3.3053,-12.7842,123,120,3
2018-02-14,complete,SSE|SZSE,350622784,3.5062,5.9315,-2.4253,123,120,3
2018-02-22,complete,SSE|SZSE,-695460528,-6.9546,2.2515,-9.2061,123,121,2
2018-02-23,complete,SSE|SZSE,-264037212,-2.6404,2.9098,-5.5502,123,119,4
2018-02-26,complete,SSE|SZSE,729645232,7.2965,8.7569,-1.4604,123,123,0
2018-02-27,complete,SSE|SZSE,328108372,3.2811,6.9225,-3.6414,123,120,3
2018-02-28,complete,SSE|SZSE,-430772286,-4.3077,5.6542,-9.9619,123,120,3
2018-03-01,complete,SSE|SZSE,287746709,2.8775,4.7472,-1.8697,123,119,4
2018-03-02,complete,SSE|SZSE,74393045,0.7439,3.1351,-2.3911,123,123,0
2018-03-05,complete,SSE|SZSE,-150395347,-1.504,1.0946,-2.5985,121,116,5
2018-03-06,complete,SSE|SZSE,670665565,6.7067,7.9673,-1.2606,121,119,2
2018-03-07,complete,SSE|SZSE,-213064458,-2.1306,1.9544,-4.085,122,120,2
2018-03-08,complete,SSE|SZSE,-101048715,-1.0105,2.4621,-3.4726,122,118,4
2018-03-09,complete,SSE|SZSE,432429090,4.3243,6.585,-2.2608,122,119,3
2018-03-12,complete,SSE|SZSE,1091862530,10.9186,14.2553,-3.3367,122,121,1
2018-03-13,complete,SSE|SZSE,-14861647,-0.1486,8.8994,-9.048,122,121,1
2018-03-14,complete,SSE|SZSE,-646941160,-6.4694,2.6469,-9.1163,122,120,2
2018-03-15,complete,SSE|SZSE,151381146,1.5138,5.7668,-4.253,122,118,4
2018-03-16,complete,SSE|SZSE,-482996756,-4.83,2.5981,-7.4281,122,118,4
2018-03-19,complete,SSE|SZSE,-528794030,-5.2879,1.4342,-6.7221,121,117,4
2018-03-20,complete,SSE|SZSE,-343556597,-3.4356,1.6617,-5.0973,121,119,2
2018-03-21,complete,SSE|SZSE,-739113342,-7.3911,3.7317,-11.1228,121,119,2
2018-03-22,complete,SSE|SZSE,-464017873,-4.6402,0.7023,-5.3425,121,116,5
2018-03-23,complete,SSE|SZSE,-162167091,-1.6217,6.4572,-8.0789,121,119,2
2018-03-26,complete,SSE|SZSE,2518186471,25.1819,25.8094,-0.6276,121,120,1
2018-03-27,complete,SSE|SZSE,-63320268,-0.6332,3.5359,-4.1691,121,121,0
2018-03-28,complete,SSE|SZSE,-743541803,-7.4354,3.3434,-10.7788,121,118,3
2018-03-29,complete,SSE|SZSE,202864875,2.0286,4.6914,-2.6628,121,121,0
2018-03-30,complete,SSE|SZSE,626827623,6.2683,7.9282,-1.6599,121,119,2
2018-04-02,complete,SSE|SZSE,622672427,6.2267,8.4202,-2.1934,121,121,0
2018-04-03,complete,SSE|SZSE,1180795147,11.808,12.2991,-0.4912,121,117,4
2018-04-04,complete,SSE|SZSE,200622600,2.0062,5.3987,-3.3925,121,118,3
2018-04-09,complete,SSE|SZSE,938960853,9.3896,10.3188,-0.9292,121,117,4
2018-04-10,complete,SSE|SZSE,515186459,5.1519,5.8809,-0.729,121,117,4
2018-04-11,complete,SSE|SZSE,627211125,6.2721,7.6592,-1.3871,121,118,3
2018-04-12,complete,SSE|SZSE,716654748,7.1665,8.1607,-0.9941,121,116,5
2018-04-13,complete,SSE|SZSE,-94092869,-0.9409,2.0337,-2.9747,121,117,4
2018-04-16,complete,SSE|SZSE,388076743,3.8808,6.3991,-2.5183,121,115,6
2018-04-17,complete,SSE|SZSE,960246868,9.6025,10.0445,-0.4421,121,119,2
2018-04-18,complete,SSE|SZSE,2446447202,24.4645,24.9407,-0.4763,121,118,3
2018-04-19,complete,SSE|SZSE,433262328,4.3326,8.5758,-4.2432,121,117,4
2018-04-20,complete,SSE|SZSE,-1303471744,-13.0347,2.3196,-15.3543,121,118,3
2018-04-23,complete,SSE|SZSE,1180400294,11.804,12.2674,-0.4634,121,118,3
2018-04-24,complete,SSE|SZSE,1395696553,13.957,15.0049,-1.0479,121,119,2
2018-04-25,complete,SSE|SZSE,637301627,6.373,8.893,-2.52,121,117,4
2018-04-26,complete,SSE|SZSE,181922883,1.8192,5.5188,-3.6996,121,113,8
2018-04-27,complete,SSE|SZSE,2145164264,21.4516,21.9044,-0.4527,121,118,3
2018-05-02,complete,SSE|SZSE,1046776809,10.4678,10.8968,-0.4291,122,114,8
2018-05-03,complete,SSE|SZSE,791924071,7.9192,8.7906,-0.8713,122,115,7
2018-05-04,complete,SSE|SZSE,-256170994,-2.5617,4.0948,-6.6565,122,116,6
2018-05-07,complete,SSE|SZSE,-406786578,-4.0679,3.6327,-7.7005,123,120,3
2018-05-08,complete,SSE|SZSE,-881808375,-8.8181,1.8031,-10.6211,123,121,2
2018-05-09,complete,SSE|SZSE,42749906,0.4275,2.3098,-1.8823,123,120,3
2018-05-10,complete,SSE|SZSE,719183856,7.1918,10.1528,-2.961,123,118,5
2018-05-11,complete,SSE|SZSE,352682205,3.5268,5.2093,-1.6825,123,122,1
2018-05-14,complete,SSE|SZSE,64217236,0.6422,4.1529,-3.5107,123,117,6
2018-05-15,complete,SSE|SZSE,-142707407,-1.4271,4.0656,-5.4927,123,121,2
2018-05-16,complete,SSE|SZSE,-1110202364,-11.102,1.8605,-12.9625,123,120,3
2018-05-17,complete,SSE|SZSE,-120609674,-1.2061,1.9262,-3.1323,123,112,11
2018-05-18,complete,SSE|SZSE,417227283,4.1723,7.8104,-3.6381,123,117,6
2018-05-21,complete,SSE|SZSE,658365641,6.5837,8.9949,-2.4113,124,123,1
2018-05-22,complete,SSE|SZSE,-131523904,-1.3152,5.5219,-6.8372,125,124,1
2018-05-23,complete,SSE|SZSE,-945006876,-9.4501,1.782,-11.2321,125,121,4
2018-05-24,complete,SSE|SZSE,88674084,0.8867,2.1479,-1.2611,125,118,7
2018-05-25,complete,SSE|SZSE,117486474,1.1749,3.8168,-2.6419,126,118,8
2018-05-28,complete,SSE|SZSE,1589474133,15.8947,17.5319,-1.6372,127,122,5
2018-05-29,complete,SSE|SZSE,-146895806,-1.469,4.6317,-6.1007,127,121,6
2018-05-30,complete,SSE|SZSE,156758780,1.5676,5.5919,-4.0243,129,126,3
2018-05-31,complete,SSE|SZSE,-15752987,-0.1575,6.8435,-7.001,129,125,4
2018-06-01,complete,SSE|SZSE,-848098682,-8.481,3.2848,-11.7658,130,125,5
2018-06-04,complete,SSE|SZSE,-149330065,-1.4933,4.9623,-6.4556,131,123,8
2018-06-05,complete,SSE|SZSE,-13763312,-0.1376,6.8416,-6.9792,131,125,6
2018-06-06,complete,SSE|SZSE,135443408,1.3544,6.4917,-5.1373,131,124,7
2018-06-07,complete,SSE|SZSE,-769133316,-7.6913,1.0163,-8.7077,131,126,5
2018-06-08,complete,SSE|SZSE,-298978711,-2.9898,2.2055,-5.1953,131,122,9
2018-06-11,complete,SSE|SZSE,367008635,3.6701,5.8779,-2.2079,131,124,7
2018-06-12,complete,SSE|SZSE,682932799,6.8293,7.9975,-1.1682,131,121,10
2018-06-13,complete,SSE|SZSE,-115571591,-1.1557,1.0566,-2.2123,131,121,10
2018-06-14,complete,SSE|SZSE,713119923,7.1312,7.891,-0.7598,131,119,12
2018-06-15,complete,SSE|SZSE,775430480,7.7543,9.6323,-1.878,131,122,9
2018-06-19,complete,SSE|SZSE,2278362916,22.7836,23.8208,-1.0371,131,126,5
2018-06-20,complete,SSE|SZSE,2261552849,22.6155,23.4979,-0.8824,131,126,5
2018-06-21,complete,SSE|SZSE,1607395499,16.074,24.4553,-8.3814,131,126,5
2018-06-22,complete,SSE|SZSE,1211066240,12.1107,14.2725,-2.1618,131,126,5
2018-06-25,complete,SSE|SZSE,-163407359,-1.6341,2.315,-3.9491,131,126,5
2018-06-26,complete,SSE|SZSE,722356262,7.2236,10.0313,-2.8078,131,127,4
2018-06-27,complete,SSE|SZSE,555456284,5.5546,6.2688,-0.7143,131,121,10
2018-06-28,complete,SSE|SZSE,693084557,6.9308,7.7448,-0.8139,131,123,8
2018-06-29,complete,SSE|SZSE,582366838,5.8237,6.6678,-0.8442,131,126,5
2018-07-02,complete,SSE|SZSE,-633432130,-6.3343,3.6908,-10.0251,131,124,7
2018-07-03,complete,SSE|SZSE,3126844485,31.2684,32.9445,-1.676,131,124,7
2018-07-04,complete,SSE|SZSE,1320759771,13.2076,17.5482,-4.3406,131,119,12
2018-07-05,complete,SSE|SZSE,702614455,7.0261,7.823,-0.7968,131,122,9
2018-07-06,complete,SSE|SZSE,1847220330,18.4722,18.841,-0.3688,131,125,6
2018-07-09,complete,SSE|SZSE,840524439,8.4052,9.7564,-1.3512,131,125,6
2018-07-10,complete,SSE|SZSE,-229569083,-2.2957,1.7941,-4.0898,131,124,7
2018-07-11,complete,SSE|SZSE,1129974219,11.2997,14.1741,-2.8744,131,124,7
2018-07-12,complete,SSE|SZSE,1317596002,13.176,14.1546,-0.9786,131,126,5
2018-07-13,complete,SSE|SZSE,-656611441,-6.5661,3.6039,-10.17,131,122,9
2018-07-16,complete,SSE|SZSE,-263208026,-2.6321,2.101,-4.733,132,122,10
2018-07-17,complete,SSE|SZSE,619250741,6.1925,7.2621,-1.0696,132,124,8
2018-07-18,complete,SSE|SZSE,-305037355,-3.0504,1.8225,-4.8729,132,124,8
2018-07-19,complete,SSE|SZSE,10293006,0.1029,3.0746,-2.9717,132,119,13
2018-07-20,complete,SSE|SZSE,502888293,5.0289,9.3098,-4.281,132,123,9
2018-07-23,complete,SSE|SZSE,-267703560,-2.677,4.8639,-7.5409,133,125,8
2018-07-24,complete,SSE|SZSE,-71067432,-0.7107,10.4446,-11.1552,133,131,2
2018-07-25,complete,SSE|SZSE,-54201898,-0.542,4.1769,-4.7189,133,130,3
2018-07-26,complete,SSE|SZSE,-522724935,-5.2272,2.0406,-7.2678,133,126,7
2018-07-27,complete,SSE|SZSE,519738700,5.1974,6.2386,-1.0412,133,123,10
2018-07-30,complete,SSE|SZSE,897874247,8.9787,10.3456,-1.3668,133,125,8
2018-07-31,complete,SSE|SZSE,1105838928,11.0584,11.9158,-0.8574,133,125,8
2018-08-01,complete,SSE|SZSE,-183862627,-1.8386,4.1813,-6.02,133,127,6
2018-08-02,complete,SSE|SZSE,665569045,6.6557,9.2023,-2.5466,133,126,7
2018-08-03,complete,SSE|SZSE,1194191980,11.9419,12.6951,-0.7532,133,121,12
2018-08-06,complete,SSE|SZSE,2101841036,21.0184,21.1512,-0.1328,133,126,7
2018-08-07,complete,SSE|SZSE,1455499998,14.555,17.9408,-3.3858,133,129,4
2018-08-08,complete,SSE|SZSE,-959019295,-9.5902,1.2468,-10.837,133,125,8
2018-08-09,complete,SSE|SZSE,1186703419,11.867,12.4813,-0.6143,133,128,5
2018-08-10,complete,SSE|SZSE,-1363483911,-13.6348,1.0023,-14.6371,133,126,7
2018-08-13,complete,SSE|SZSE,695258294,6.9526,10.8496,-3.897,133,125,8
2018-08-14,complete,SSE|SZSE,-131932761,-1.3193,3.4585,-4.7778,133,117,16
2018-08-15,complete,SSE|SZSE,549292178,5.4929,8.3919,-2.899,133,125,8
2018-08-16,complete,SSE|SZSE,2046642538,20.4664,20.9212,-0.4548,133,123,10
2018-08-17,complete,SSE|SZSE,229613543,2.2961,6.1693,-3.8731,134,125,9
2018-08-20,complete,SSE|SZSE,2365530697,23.6553,24.0767,-0.4214,134,127,7
2018-08-21,complete,SSE|SZSE,534316240,5.3432,12.3851,-7.0419,134,129,5
2018-08-22,complete,SSE|SZSE,-1215449584,-12.1545,3.3756,-15.5301,134,121,13
2018-08-23,complete,SSE|SZSE,1116464236,11.1646,13.6254,-2.4608,134,127,7
2018-08-24,complete,SSE|SZSE,174290877,1.7429,3.4865,-1.7436,134,125,9
2018-08-27,complete,SSE|SZSE,213155666,2.1316,6.3929,-4.2613,133,129,4
2018-08-28,complete,SSE|SZSE,486704832,4.867,9.229,-4.3619,133,127,6
2018-08-29,complete,SSE|SZSE,442890290,4.4289,7.2063,-2.7774,133,124,9
2018-08-30,complete,SSE|SZSE,-168405302,-1.6841,2.4052,-4.0893,133,128,5
2018-08-31,complete,SSE|SZSE,1011659648,10.1166,12.0372,-1.9206,133,127,6
2018-09-03,complete,SSE|SZSE,821125888,8.2113,10.0791,-1.8679,133,124,9
2018-09-04,complete,SSE|SZSE,1004238888,10.0424,10.3758,-0.3334,133,125,8
2018-09-05,complete,SSE|SZSE,-382504534,-3.825,2.0925,-5.9176,133,125,8
2018-09-06,complete,SSE|SZSE,799673232,7.9967,9.6075,-1.6108,133,123,10
2018-09-07,complete,SSE|SZSE,724269144,7.2427,7.4706,-0.2279,133,121,12
2018-09-10,complete,SSE|SZSE,1476444249,14.7644,15.1859,-0.4215,133,122,11
2018-09-11,complete,SSE|SZSE,3280514857,32.8051,33.0053,-0.2001,133,120,13
2018-09-12,complete,SSE|SZSE,2114737230,21.1474,21.5679,-0.4206,133,122,11
2018-09-13,complete,SSE|SZSE,2785242017,27.8524,28.2548,-0.4024,133,123,10
2018-09-14,complete,SSE|SZSE,412234028,4.1223,10.0478,-5.9255,133,120,13
2018-09-17,complete,SSE|SZSE,376037314,3.7604,6.4954,-2.735,133,118,15
2018-09-18,complete,SSE|SZSE,1507664682,15.0766,15.4331,-0.3565,133,126,7
2018-09-19,complete,SSE|SZSE,-878281637,-8.7828,11.9149,-20.6977,133,128,5
2018-09-20,complete,SSE|SZSE,-617166892,-6.1717,4.5186,-10.6903,133,126,7
2018-09-21,complete,SSE|SZSE,1355673205,13.5567,18.1172,-4.5604,134,133,1
2018-09-25,complete,SSE|SZSE,906703641,9.067,10.865,-1.798,134,124,10
2018-09-26,complete,SSE|SZSE,-596157724,-5.9616,1.9881,-7.9496,134,127,7
2018-09-27,complete,SSE|SZSE,114176992,1.1418,6.7717,-5.6299,134,125,9
2018-09-28,complete,SSE|SZSE,979412273,9.7941,10.4923,-0.6981,134,129,5
2018-10-08,complete,SSE|SZSE,2691423693,26.9142,27.4379,-0.5237,134,129,5
2018-10-09,complete,SSE|SZSE,1271379788,12.7138,14.6847,-1.9709,134,129,5
2018-10-10,complete,SSE|SZSE,1516011090,15.1601,15.64,-0.4799,134,125,9
2018-10-11,complete,SSE|SZSE,2593854458,25.9385,26.3016,-0.3631,134,129,5
2018-10-12,complete,SSE|SZSE,2428088417,24.2809,24.8781,-0.5972,134,129,5
2018-10-15,complete,SSE|SZSE,1153654711,11.5365,14.4778,-2.9413,134,127,7
2018-10-16,complete,SSE|SZSE,3242046608,32.4205,32.5594,-0.139,134,127,7
2018-10-17,complete,SSE|SZSE,5330635452,53.3064,54.1436,-0.8373,134,124,10
2018-10-18,complete,SSE|SZSE,3409413779,34.0941,34.194,-0.0999,134,128,6
2018-10-19,complete,SSE|SZSE,2556667984,25.5667,27.497,-1.9303,134,131,3
2018-10-22,complete,SSE|SZSE,977811640,9.7781,35.4082,-25.6301,134,132,2
2018-10-23,complete,SSE|SZSE,5379137066,53.7914,55.4573,-1.6659,134,127,7
2018-10-24,complete,SSE|SZSE,1701671786,17.0167,27.2482,-10.2315,134,129,5
2018-10-25,complete,SSE|SZSE,1101269233,11.0127,14.1662,-3.1535,133,126,7
2018-10-26,complete,SSE|SZSE,1058084984,10.5808,13.713,-3.1321,133,129,4
2018-10-29,complete,SSE|SZSE,3105885631,31.0589,33.3043,-2.2454,134,127,7
2018-10-30,complete,SSE|SZSE,2700561125,27.0056,27.6724,-0.6668,134,131,3
2018-10-31,complete,SSE|SZSE,-93263058,-0.9326,15.8771,-16.8097,134,129,5
2018-11-01,complete,SSE|SZSE,-546646013,-5.4665,10.231,-15.6975,134,132,2
2018-11-02,complete,SSE|SZSE,2284302653,22.843,48.5112,-25.6681,134,131,3
2018-11-05,complete,SSE|SZSE,1762171581,17.6217,21.0186,-3.3969,133,130,3
2018-11-06,complete,SSE|SZSE,1324624181,13.2462,16.5144,-3.2682,133,128,5
2018-11-07,complete,SSE|SZSE,274709676,2.7471,8.0244,-5.2773,133,126,7
2018-11-08,complete,SSE|SZSE,-138914387,-1.3891,4.8094,-6.1985,133,126,7
2018-11-09,complete,SSE|SZSE,2012973926,20.1297,22.7489,-2.6191,133,125,8
2018-11-12,complete,SSE|SZSE,2024790830,20.2479,20.8094,-0.5615,134,131,3
2018-11-13,complete,SSE|SZSE,323007770,3.2301,12.0194,-8.7894,134,131,3
2018-11-14,complete,SSE|SZSE,-1332485709,-13.3249,3.9085,-17.2333,134,126,8
2018-11-15,complete,SSE|SZSE,273616618,2.7362,6.6216,-3.8854,134,128,6
2018-11-16,complete,SSE|SZSE,-845368260,-8.4537,3.2729,-11.7266,134,132,2
2018-11-19,complete,SSE|SZSE,-3071761065,-30.7176,0.6613,-31.3789,134,131,3
2018-11-20,complete,SSE|SZSE,-1702004116,-17.02,6.6582,-23.6782,134,129,5
2018-11-21,complete,SSE|SZSE,38856749,0.3886,14.8602,-14.4716,134,124,10
2018-11-22,complete,SSE|SZSE,-951692488,-9.5169,6.7604,-16.2774,134,127,7
2018-11-23,complete,SSE|SZSE,-262717794,-2.6272,8.7643,-11.3915,134,133,1
2018-11-26,complete,SSE|SZSE,-1485669202,-14.8567,4.6694,-19.5261,134,131,3
2018-11-27,complete,SSE|SZSE,-800110472,-8.0011,2.6673,-10.6684,134,125,9
2018-11-28,complete,SSE|SZSE,-926069757,-9.2607,3.1512,-12.4119,134,127,7
2018-11-29,complete,SSE|SZSE,-578739262,-5.7874,1.086,-6.8734,134,130,4
2018-11-30,complete,SSE|SZSE,1705033576,17.0503,17.98,-0.9297,135,128,7
2018-12-03,complete,SSE|SZSE,1706175934,17.0618,21.4786,-4.4169,135,132,3
2018-12-04,complete,SSE|SZSE,-21002680,-0.21,3.7896,-3.9996,135,128,7
2018-12-05,complete,SSE|SZSE,1387978331,13.8798,16.3157,-2.436,135,131,4
2018-12-06,complete,SSE|SZSE,475601366,4.756,14.037,-9.2809,135,127,8
2018-12-07,complete,SSE|SZSE,958720090,9.5872,9.895,-0.3078,135,126,9
2018-12-10,complete,SSE|SZSE,1056947414,10.5695,13.0693,-2.4999,136,131,5
2018-12-11,complete,SSE|SZSE,989274677,9.8927,10.4405,-0.5478,136,128,8
2018-12-12,complete,SSE|SZSE,450862428,4.5086,6.1249,-1.6162,136,129,7
2018-12-13,complete,SSE|SZSE,938075639,9.3808,16.0532,-6.6725,136,134,2
2018-12-14,complete,SSE|SZSE,525857348,5.2586,7.2967,-2.0381,136,131,5
2018-12-17,complete,SSE|SZSE,3306289519,33.0629,33.5611,-0.4982,136,131,5
2018-12-18,complete,SSE|SZSE,1301102754,13.011,15.0857,-2.0747,136,124,12
2018-12-19,complete,SSE|SZSE,371522663,3.7152,8.1158,-4.4006,137,133,4
2018-12-20,complete,SSE|SZSE,549526004,5.4953,7.0282,-1.5329,137,130,7
2018-12-21,complete,SSE|SZSE,261729489,2.6173,6.676,-4.0587,137,130,7
2018-12-24,complete,SSE|SZSE,-219738408,-2.1974,7.8065,-10.0039,137,127,10
2018-12-25,complete,SSE|SZSE,-891289794,-8.9129,9.6612,-18.5741,137,129,8
2018-12-26,complete,SSE|SZSE,-68148844,-0.6815,6.5656,-7.247,137,127,10
2018-12-27,complete,SSE|SZSE,164235435,1.6424,3.9594,-2.3171,136,126,10
2018-12-28,complete,SSE|SZSE,618245119,6.1825,9.7949,-3.6125,136,128,8
2019-01-02,complete,SSE|SZSE,-713472400,-7.1347,3.9972,-11.132,136,124,12
2019-01-03,complete,SSE|SZSE,188594782,1.8859,4.6737,-2.7878,136,131,5
2019-01-04,complete,SSE|SZSE,-159855544,-1.5986,7.5595,-9.158,136,131,5
2019-01-07,complete,SSE|SZSE,-634374813,-6.3437,3.3737,-9.7175,136,131,5
2019-01-08,complete,SSE|SZSE,-546889613,-5.4689,4.0097,-9.4786,136,133,3
2019-01-09,complete,SSE|SZSE,-25586555,-0.2559,10.6669,-10.9228,138,132,6
2019-01-10,complete,SSE|SZSE,-1028498615,-10.285,1.9495,-12.2345,138,130,8
2019-01-11,complete,SSE|SZSE,367265814,3.6727,7.0101,-3.3374,138,127,11
2019-01-14,complete,SSE|SZSE,-281100893,-2.811,2.9827,-5.7937,139,128,11
2019-01-15,complete,SSE|SZSE,-722750242,-7.2275,6.1761,-13.4036,139,134,5
2019-01-16,complete,SSE|SZSE,-1538053506,-15.3805,2.889,-18.2695,139,129,10
2019-01-17,complete,SSE|SZSE,-608284602,-6.0828,2.4381,-8.521,140,131,9
2019-01-18,complete,SSE|SZSE,21399760,0.214,10.6873,-10.4733,141,134,7
2019-01-21,complete,SSE|SZSE,204592086,2.0459,7.0982,-5.0523,144,138,6
2019-01-22,complete,SSE|SZSE,552457694,5.5246,11.5082,-5.9836,145,136,9
2019-01-23,complete,SSE|SZSE,803493713,8.0349,10.3807,-2.3458,144,135,9
2019-01-24,complete,SSE|SZSE,-94266130,-0.9427,2.7917,-3.7343,144,136,8
2019-01-25,complete,SSE|SZSE,-1631988862,-16.3199,2.1629,-18.4828,144,138,6
2019-01-28,complete,SSE|SZSE,-420902631,-4.209,3.5328,-7.7418,144,137,7
2019-01-29,complete,SSE|SZSE,604997414,6.05,10.3982,-4.3482,144,135,9
2019-01-30,complete,SSE|SZSE,615965840,6.1597,7.4885,-1.3289,144,132,12
2019-01-31,complete,SSE|SZSE,140007840,1.4001,9.2199,-7.8198,144,138,6
2019-02-01,complete,SSE|SZSE,907432167,9.0743,17.3893,-8.315,144,136,8
2019-02-11,complete,SSE|SZSE,-531417233,-5.3142,4.8628,-10.1769,144,141,3
2019-02-12,complete,SSE|SZSE,-452463807,-4.5246,8.2577,-12.7823,144,138,6
2019-02-13,complete,SSE|SZSE,-542236002,-5.4224,8.2475,-13.6698,144,141,3
2019-02-14,complete,SSE|SZSE,162852075,1.6285,11.3863,-9.7578,144,141,3
2019-02-15,complete,SSE|SZSE,-324185208,-3.2419,8.0476,-11.2895,144,138,6
2019-02-18,complete,SSE|SZSE,-1671869662,-16.7187,6.956,-23.6747,144,142,2
2019-02-19,complete,SSE|SZSE,-2754752747,-27.5475,5.3657,-32.9133,144,139,5
2019-02-20,complete,SSE|SZSE,-3147243752,-31.4724,3.4724,-34.9448,144,140,4
2019-02-21,complete,SSE|SZSE,-3710171486,-37.1017,1.4326,-38.5343,144,138,6
2019-02-22,complete,SSE|SZSE,-540858725,-5.4086,5.4964,-10.905,144,141,3
2019-02-25,complete,SSE|SZSE,-1655659169,-16.5566,13.3236,-29.8802,145,142,3
2019-02-26,complete,SSE|SZSE,1671041022,16.7104,34.3768,-17.6664,145,143,2
2019-02-27,complete,SSE|SZSE,-1011686638,-10.1169,13.0991,-23.216,145,142,3
2019-02-28,complete,SSE|SZSE,-604281544,-6.0428,8.9462,-14.989,145,141,4
2019-03-01,complete,SSE|SZSE,-2182848513,-21.8285,8.7442,-30.5727,145,142,3
2019-03-04,complete,SSE|SZSE,-2485029676,-24.8503,5.0451,-29.8954,145,143,2
2019-03-05,complete,SSE|SZSE,-289524855,-2.8952,16.9728,-19.868,145,143,2
2019-03-06,complete,SSE|SZSE,-452553287,-4.5255,22.1091,-26.6346,145,143,2
2019-03-07,complete,SSE|SZSE,-2116098209,-21.161,8.0579,-29.2189,146,144,2
2019-03-08,complete,SSE|SZSE,-471377569,-4.7138,16.7652,-21.479,146,144,2
2019-03-11,complete,SSE|SZSE,-2818456270,-28.1846,4.508,-32.6925,147,144,3
2019-03-12,complete,SSE|SZSE,-2601106063,-26.0111,9.5964,-35.6074,147,145,2
2019-03-13,complete,SSE|SZSE,-1968006692,-19.6801,21.9032,-41.5832,147,145,2
2019-03-14,complete,SSE|SZSE,2706506585,27.0651,29.873,-2.8079,147,143,4
2019-03-15,complete,SSE|SZSE,-431154224,-4.3115,21.4208,-25.7323,147,145,2
2019-03-18,complete,SSE|SZSE,-1268746608,-12.6875,8.2708,-20.9583,147,144,3
2019-03-19,complete,SSE|SZSE,-1594025529,-15.9403,11.4724,-27.4126,147,145,2
2019-03-20,complete,SSE|SZSE,-1347362149,-13.4736,12.2128,-25.6864,147,144,3
2019-03-21,complete,SSE|SZSE,-906792457,-9.0679,8.5761,-17.644,147,144,3
2019-03-22,complete,SSE|SZSE,-160892649,-1.6089,4.1327,-5.7416,147,143,4
2019-03-25,complete,SSE|SZSE,-2647117325,-26.4712,8.3989,-34.8701,147,141,6
2019-03-26,complete,SSE|SZSE,508148936,5.0815,18.3573,-13.2758,147,144,3
2019-03-27,complete,SSE|SZSE,-2121187491,-21.2119,8.1373,-29.3492,147,143,4
2019-03-28,complete,SSE|SZSE,-930590860,-9.3059,8.4165,-17.7224,147,142,5
2019-03-29,complete,SSE|SZSE,3367749194,33.6775,46.056,-12.3785,147,144,3
2019-04-01,complete,SSE|SZSE,3460907889,34.6091,41.042,-6.433,148,146,2
2019-04-02,complete,SSE|SZSE,552436630,5.5244,16.8695,-11.3451,148,146,2
2019-04-03,complete,SSE|SZSE,1522825850,15.2283,23.0144,-7.7862,148,146,2
2019-04-04,complete,SSE|SZSE,808525167,8.0853,18.8249,-10.7396,148,145,3
2019-04-08,complete,SSE|SZSE,-78198992,-0.782,18.4153,-19.1973,148,146,2
2019-04-09,complete,SSE|SZSE,-1353719146,-13.5372,8.2426,-21.7798,148,144,4
2019-04-10,complete,SSE|SZSE,-953942370,-9.5394,20.2639,-29.8033,148,144,4
2019-04-11,complete,SSE|SZSE,981572031,9.8157,17.8171,-8.0013,148,145,3
2019-04-12,complete,SSE|SZSE,2250474433,22.5047,24.3279,-1.8231,148,144,4
2019-04-15,complete,SSE|SZSE,-2274087282,-22.7409,7.976,-30.7169,148,145,3
2019-04-16,complete,SSE|SZSE,1535678991,15.3568,21.1091,-5.7523,148,145,3
2019-04-17,complete,SSE|SZSE,-50805488,-0.5081,18.5662,-19.0743,148,146,2
2019-04-18,complete,SSE|SZSE,-2596656310,-25.9666,2.3303,-28.2969,149,146,3
2019-04-19,complete,SSE|SZSE,-755429697,-7.5543,3.3155,-10.8698,150,148,2
2019-04-22,complete,SSE|SZSE,-2464881088,-24.6488,3.7708,-28.4196,150,146,4
2019-04-23,complete,SSE|SZSE,1409603730,14.096,21.1205,-7.0245,150,146,4
2019-04-24,complete,SSE|SZSE,212261540,2.1226,9.732,-7.6094,151,146,5
2019-04-25,complete,SSE|SZSE,5012002604,50.12,54.5292,-4.4092,151,148,3
2019-04-26,complete,SSE|SZSE,3654439069,36.5444,40.6393,-4.0949,151,148,3
2019-04-29,complete,SSE|SZSE,3870541804,38.7054,43.0489,-4.3434,151,146,5
2019-04-30,complete,SSE|SZSE,806623903,8.0662,18.8995,-10.8333,151,146,5
2019-05-06,complete,SSE|SZSE,4518125506,45.1813,49.7605,-4.5793,152,148,4
2019-05-07,complete,SSE|SZSE,3929388348,39.2939,43.6525,-4.3586,153,149,4
2019-05-08,complete,SSE|SZSE,2080680270,20.8068,29.5956,-8.7888,153,149,4
2019-05-09,complete,SSE|SZSE,2639609895,26.3961,27.7311,-1.335,153,149,4
2019-05-10,complete,SSE|SZSE,1698606684,16.9861,29.1604,-12.1744,153,149,4
2019-05-13,complete,SSE|SZSE,-2205082375,-22.0508,4.9893,-27.0402,153,147,6
2019-05-14,complete,SSE|SZSE,3078210481,30.7821,31.9503,-1.1681,153,142,11
2019-05-15,complete,SSE|SZSE,-2138907367,-21.3891,5.9915,-27.3806,153,147,6
2019-05-16,complete,SSE|SZSE,-1923442984,-19.2344,7.7118,-26.9463,153,149,4
2019-05-17,complete,SSE|SZSE,4688803292,46.888,52.9879,-6.0999,153,148,5
2019-05-20,complete,SSE|SZSE,3160406227,31.6041,33.847,-2.243,153,148,5
2019-05-21,complete,SSE|SZSE,-1605753677,-16.0575,13.0288,-29.0864,154,148,6
2019-05-22,complete,SSE|SZSE,-1829819248,-18.2982,4.4131,-22.7113,154,147,7
2019-05-23,complete,SSE|SZSE,817054553,8.1705,9.8466,-1.6761,154,149,5
2019-05-24,complete,SSE|SZSE,2409246062,24.0925,25.8608,-1.7683,154,145,9
2019-05-27,complete,SSE|SZSE,1661692421,16.6169,19.1673,-2.5503,154,150,4
2019-05-28,complete,SSE|SZSE,-2700950598,-27.0095,4.3082,-31.3177,154,146,8
2019-05-29,complete,SSE|SZSE,-3755766681,-37.5577,0.58,-38.1377,154,150,4
2019-05-30,complete,SSE|SZSE,-706269748,-7.0627,5.0261,-12.0888,154,150,4
2019-05-31,complete,SSE|SZSE,297212641,2.9721,6.1953,-3.2232,154,150,4
2019-06-03,complete,SSE|SZSE,945603888,9.456,14.7533,-5.2972,154,147,7
2019-06-04,complete,SSE|SZSE,2891330972,28.9133,30.085,-1.1717,154,145,9
2019-06-05,complete,SSE|SZSE,915380788,9.1538,11.7213,-2.5675,154,147,7
2019-06-06,complete,SSE|SZSE,1167665409,11.6767,13.3412,-1.6645,154,149,5
2019-06-10,complete,SSE|SZSE,-1701474594,-17.0147,7.983,-24.9978,154,149,5
2019-06-11,complete,SSE|SZSE,-1287829425,-12.8783,5.9327,-18.811,154,151,3
2019-06-12,complete,SSE|SZSE,-577735927,-5.7774,10.5396,-16.3169,154,144,10
2019-06-13,complete,SSE|SZSE,-759866863,-7.5987,8.1462,-15.7448,156,151,5
2019-06-14,complete,SSE|SZSE,-1967027473,-19.6703,1.2521,-20.9224,156,149,7
2019-06-17,complete,SSE|SZSE,806663271,8.0666,14.4115,-6.3449,156,147,9
2019-06-18,complete,SSE|SZSE,750537869,7.5054,15.7332,-8.2279,157,149,8
2019-06-19,complete,SSE|SZSE,2398021577,23.9802,33.4361,-9.4559,157,154,3
2019-06-20,complete,SSE|SZSE,822449282,8.2245,23.4822,-15.2577,157,154,3
2019-06-21,complete,SSE|SZSE,2397737324,23.9774,34.0643,-10.0869,157,154,3
2019-06-24,complete,SSE|SZSE,-188495757,-1.885,22.055,-23.94,157,152,5
2019-06-25,complete,SSE|SZSE,592417923,5.9242,19.9858,-14.0617,158,153,5
2019-06-26,complete,SSE|SZSE,185158195,1.8516,16.1525,-14.301,160,150,10
2019-06-27,complete,SSE|SZSE,-195747881,-1.9575,8.5354,-10.4928,160,156,4
2019-06-28,complete,SSE|SZSE,1716221660,17.1622,24.047,-6.8848,160,153,7
2019-07-01,complete,SSE|SZSE,-791489877,-7.9149,12.2432,-20.1581,160,156,4
2019-07-02,complete,SSE|SZSE,-2540478583,-25.4048,4.3017,-29.7065,162,157,5
2019-07-03,complete,SSE|SZSE,359731668,3.5973,14.7916,-11.1943,162,155,7
2019-07-04,complete,SSE|SZSE,1099005830,10.9901,19.2089,-8.2189,162,158,4
2019-07-05,complete,SSE|SZSE,-1019399478,-10.194,7.8069,-18.0009,162,155,7
2019-07-08,complete,SSE|SZSE,-1116071655,-11.1607,4.5547,-15.7155,163,156,7
2019-07-09,complete,SSE|SZSE,-1240632184,-12.4063,2.8101,-15.2164,163,155,8
2019-07-10,complete,SSE|SZSE,-603871103,-6.0387,2.818,-8.8567,164,153,11
2019-07-11,complete,SSE|SZSE,-466610305,-4.6661,2.7646,-7.4307,163,156,7
2019-07-12,complete,SSE|SZSE,-361181305,-3.6118,6.4203,-10.0321,163,156,7
2019-07-15,complete,SSE|SZSE,1409494041,14.0949,16.576,-2.4811,165,159,6
2019-07-16,complete,SSE|SZSE,597651334,5.9765,13.0291,-7.0526,165,155,10
2019-07-17,complete,SSE|SZSE,-988182850,-9.8818,2.7184,-12.6002,165,157,8
2019-07-18,complete,SSE|SZSE,67101247,0.671,7.9281,-7.2571,165,155,10
2019-07-19,complete,SSE|SZSE,597300895,5.973,12.2303,-6.2572,165,159,6
2019-07-22,complete,SSE|SZSE,267001495,2.67,14.9364,-12.2664,165,158,7
2019-07-23,complete,SSE|SZSE,-1467033864,-14.6703,4.8676,-19.5379,165,159,6
2019-07-24,complete,SSE|SZSE,-1683909656,-16.8391,2.713,-19.5521,165,159,6
2019-07-25,complete,SSE|SZSE,-1350331628,-13.5033,2.5672,-16.0705,165,158,7
2019-07-26,complete,SSE|SZSE,-1714767347,-17.1477,2.6995,-19.8471,165,158,7
2019-07-29,complete,SSE|SZSE,-1088203863,-10.882,4.032,-14.914,165,160,5
2019-07-30,complete,SSE|SZSE,-152398760,-1.524,8.6781,-10.202,165,160,5
2019-07-31,complete,SSE|SZSE,591294782,5.9129,15.7471,-9.8341,165,158,7
2019-08-01,complete,SSE|SZSE,287314109,2.8731,7.6574,-4.7843,165,155,10
2019-08-02,complete,SSE|SZSE,-335744091,-3.3574,10.9473,-14.3047,166,158,8
2019-08-05,complete,SSE|SZSE,1639621560,16.3962,19.3432,-2.9469,166,162,4
2019-08-06,complete,SSE|SZSE,3545157935,35.4516,37.7869,-2.3353,166,159,7
2019-08-07,complete,SSE|SZSE,-2217562469,-22.1756,4.2866,-26.4622,166,157,9
2019-08-08,complete,SSE|SZSE,-2470711147,-24.7071,2.5442,-27.2513,166,160,6
2019-08-09,complete,SSE|SZSE,331346419,3.3135,8.8706,-5.5572,167,158,9
2019-08-12,complete,SSE|SZSE,-212484246,-2.1248,7.5301,-9.655,167,157,10
2019-08-13,complete,SSE|SZSE,199684522,1.9968,4.8043,-2.8075,167,156,11
2019-08-14,complete,SSE|SZSE,-238342176,-2.3834,3.8174,-6.2009,167,159,8
2019-08-15,complete,SSE|SZSE,777207123,7.7721,12.667,-4.895,167,159,8
2019-08-16,complete,SSE|SZSE,-1503424598,-15.0342,2.5876,-17.6219,167,158,9
2019-08-19,complete,SSE|SZSE,-563282644,-5.6328,14.7543,-20.3871,170,161,9
2019-08-20,complete,SSE|SZSE,636813597,6.3681,16.4872,-10.1191,169,162,7
2019-08-21,complete,SSE|SZSE,-189100498,-1.891,6.9099,-8.8009,169,160,9
2019-08-22,complete,SSE|SZSE,-2231972925,-22.3197,2.2394,-24.5592,169,160,9
2019-08-23,complete,SSE|SZSE,-2100292134,-21.0029,2.1131,-23.116,169,163,6
2019-08-26,complete,SSE|SZSE,2062186242,20.6219,25.929,-5.3071,170,159,11
2019-08-27,complete,SSE|SZSE,-639630975,-6.3963,6.3905,-12.7868,171,165,6
2019-08-28,complete,SSE|SZSE,-772044099,-7.7204,5.6235,-13.344,172,164,8
2019-08-29,complete,SSE|SZSE,-2614204531,-26.142,2.2252,-28.3672,172,165,7
2019-08-30,complete,SSE|SZSE,-1559717859,-15.5972,4.4676,-20.0648,172,166,6
2019-09-02,complete,SSE|SZSE,-1492998384,-14.93,5.7141,-20.6441,172,167,5
2019-09-03,complete,SSE|SZSE,-1293313827,-12.9331,8.8907,-21.8239,172,167,5
2019-09-04,complete,SSE|SZSE,-860573133,-8.6057,8.5896,-17.1954,172,168,4
2019-09-05,complete,SSE|SZSE,285583632,2.8558,24.6507,-21.7948,172,168,4
2019-09-06,complete,SSE|SZSE,-886799422,-8.868,20.4287,-29.2967,172,166,6
2019-09-09,complete,SSE|SZSE,-1931442374,-19.3144,12.9308,-32.2452,174,170,4
2019-09-10,complete,SSE|SZSE,360970041,3.6097,29.7463,-26.1366,175,169,6
2019-09-11,complete,SSE|SZSE,1711231425,17.1123,39.6804,-22.568,175,170,5
2019-09-12,complete,SSE|SZSE,-1130435833,-11.3044,13.3875,-24.6918,175,170,5
2019-09-16,complete,SSE|SZSE,-1008080264,-10.0808,6.6509,-16.7317,175,171,4
2019-09-17,complete,SSE|SZSE,1204069384,12.0407,21.0234,-8.9827,175,167,8
2019-09-18,complete,SSE|SZSE,-2691148868,-26.9115,5.2033,-32.1148,175,166,9
2019-09-19,complete,SSE|SZSE,-1858667483,-18.5867,4.7842,-23.3709,175,163,12
2019-09-20,complete,SSE|SZSE,-2610998876,-26.11,6.5367,-32.6467,176,168,8
2019-09-23,complete,SSE|SZSE,-390060034,-3.9006,14.6017,-18.5023,176,170,6
2019-09-24,complete,SSE|SZSE,-1530194551,-15.3019,6.0703,-21.3723,177,171,6
2019-09-25,complete,SSE|SZSE,205266875,2.0527,13.9006,-11.8479,177,172,5
2019-09-26,complete,SSE|SZSE,1519348056,15.1935,24.3048,-9.1113,177,171,6
2019-09-27,complete,SSE|SZSE,1335115706,13.3512,16.8318,-3.4807,178,167,11
2019-09-30,complete,SSE|SZSE,-1130520474,-11.3052,11.1216,-22.4268,177,170,7
2019-10-08,complete,SSE|SZSE,-1498646072,-14.9865,7.6248,-22.6112,177,169,8
2019-10-09,complete,SSE|SZSE,-617397439,-6.174,8.988,-15.162,177,169,8
2019-10-10,complete,SSE|SZSE,-1296335417,-12.9634,5.8998,-18.8632,178,169,9
2019-10-11,complete,SSE|SZSE,-1553720323,-15.5372,4.3614,-19.8986,178,174,4
2019-10-14,complete,SSE|SZSE,-2217659245,-22.1766,3.8477,-26.0243,178,175,3
2019-10-15,complete,SSE|SZSE,5526344,0.0553,6.217,-6.1617,178,171,7
2019-10-16,complete,SSE|SZSE,-920764559,-9.2076,2.8119,-12.0195,178,173,5
2019-10-17,complete,SSE|SZSE,-134054328,-1.3405,6.5049,-7.8454,179,172,7
2019-10-18,complete,SSE|SZSE,-143088647,-1.4309,12.7399,-14.1708,179,174,5
2019-10-21,complete,SSE|SZSE,518406705,5.1841,12.1305,-6.9465,179,175,4
2019-10-22,complete,SSE|SZSE,-1704159786,-17.0416,3.0218,-20.0634,179,172,7
2019-10-23,complete,SSE|SZSE,-1191791084,-11.9179,7.0706,-18.9885,180,167,13
2019-10-24,complete,SSE|SZSE,452813479,4.5281,18.836,-14.3079,180,173,7
2019-10-25,complete,SSE|SZSE,-1496378259,-14.9638,13.1564,-28.1202,180,173,7
2019-10-28,complete,SSE|SZSE,-3332395596,-33.324,6.8831,-40.2071,182,175,7
2019-10-29,complete,SSE|SZSE,-1988343378,-19.8834,5.312,-25.1954,183,178,5
2019-10-30,complete,SSE|SZSE,-853173040,-8.5317,3.6591,-12.1909,183,177,6
2019-10-31,complete,SSE|SZSE,-529282612,-5.2928,5.2957,-10.5885,183,177,6
2019-11-01,complete,SSE|SZSE,234215296,2.3422,12.2347,-9.8925,183,179,4
2019-11-04,complete,SSE|SZSE,-2977038164,-29.7704,4.0118,-33.7821,184,180,4
2019-11-05,complete,SSE|SZSE,-1094931692,-10.9493,11.2424,-22.1917,184,180,4
2019-11-06,complete,SSE|SZSE,-557126764,-5.5713,9.996,-15.5673,184,179,5
2019-11-07,complete,SSE|SZSE,429476100,4.2948,13.8853,-9.5906,184,182,2
2019-11-08,complete,SSE|SZSE,-932830840,-9.3283,9.7437,-19.072,184,180,4
2019-11-11,complete,SSE|SZSE,4192537935,41.9254,43.0859,-1.1605,184,180,4
2019-11-12,complete,SSE|SZSE,1160129886,11.6013,14.8395,-3.2382,186,182,4
2019-11-13,complete,SSE|SZSE,-1350784831,-13.5078,4.83,-18.3378,186,179,7
2019-11-14,complete,SSE|SZSE,-1951971150,-19.5197,4.3072,-23.8269,186,181,5
2019-11-15,complete,SSE|SZSE,539157789,5.3916,13.0884,-7.6969,186,182,4
2019-11-18,complete,SSE|SZSE,927204766,9.272,13.777,-4.5049,188,181,7
2019-11-19,complete,SSE|SZSE,-1473244643,-14.7324,4.7605,-19.493,189,183,6
2019-11-20,complete,SSE|SZSE,-1365906861,-13.6591,5.4428,-19.1018,189,184,5
2019-11-21,complete,SSE|SZSE,2049220987,20.4922,23.0981,-2.6059,189,183,6
2019-11-22,complete,SSE|SZSE,1051123430,10.5112,16.6576,-6.1464,189,184,5
2019-11-25,complete,SSE|SZSE,847957812,8.4796,15.8623,-7.3827,189,186,3
2019-11-26,complete,SSE|SZSE,-2385573042,-23.8557,4.7399,-28.5956,189,183,6
2019-11-27,complete,SSE|SZSE,-259162023,-2.5916,7.8682,-10.4598,189,181,8
2019-11-28,complete,SSE|SZSE,1191140579,11.9114,14.4147,-2.5033,189,180,9
2019-11-29,complete,SSE|SZSE,3656772498,36.5677,37.5417,-0.974,189,184,5
2019-12-02,complete,SSE|SZSE,-674363725,-6.7436,4.334,-11.0777,189,180,9
2019-12-03,complete,SSE|SZSE,974838704,9.7484,11.5559,-1.8075,189,184,5
2019-12-04,complete,SSE|SZSE,35322512,0.3532,8.5831,-8.2299,190,185,5
2019-12-05,complete,SSE|SZSE,-440830762,-4.4083,11.9805,-16.3888,190,187,3
2019-12-06,complete,SSE|SZSE,-642966258,-6.4297,4.064,-10.4937,190,185,5
2019-12-09,complete,SSE|SZSE,49467825,0.4947,12.6657,-12.171,191,186,5
2019-12-10,complete,SSE|SZSE,-455267779,-4.5527,6.8879,-11.4406,191,186,5
2019-12-11,complete,SSE|SZSE,-1054265472,-10.5427,7.1379,-17.6806,191,185,6
2019-12-12,complete,SSE|SZSE,436467504,4.3647,10.6297,-6.265,191,186,5
2019-12-13,complete,SSE|SZSE,212813446,2.1281,14.2983,-12.1701,191,188,3
2019-12-16,complete,SSE|SZSE,925194777,9.2519,26.5437,-17.2917,191,189,2
2019-12-17,complete,SSE|SZSE,357637795,3.5764,22.4275,-18.8511,192,190,2
2019-12-18,complete,SSE|SZSE,344148310,3.4415,18.2237,-14.7822,193,192,1
2019-12-19,complete,SSE|SZSE,683012290,6.8301,19.1105,-12.2803,196,188,8
2019-12-20,complete,SSE|SZSE,1238061997,12.3806,25.6044,-13.2237,196,191,5
2019-12-23,complete,SSE|SZSE,1354128373,13.5413,22.6844,-9.1431,197,194,3
2019-12-24,complete,SSE|SZSE,384919165,3.8492,19.1434,-15.2942,198,193,5
2019-12-25,complete,SSE|SZSE,-1232804172,-12.328,8.734,-21.062,200,196,4
2019-12-26,complete,SSE|SZSE,380896444,3.809,13.2069,-9.3979,202,197,5
2019-12-27,complete,SSE|SZSE,2155494181,21.5549,32.0506,-10.4956,203,200,3
2019-12-30,complete,SSE|SZSE,1230728057,12.3073,30.5638,-18.2566,204,202,2
2019-12-31,complete,SSE|SZSE,590358594,5.9036,19.2978,-13.3942,204,201,3
2020-01-02,complete,SSE|SZSE,-138180918,-1.3818,22.5725,-23.9543,205,204,1
2020-01-03,complete,SSE|SZSE,-62386296,-0.6239,15.7951,-16.419,205,203,2
2020-01-06,complete,SSE|SZSE,436519095,4.3652,25.1098,-20.7447,207,205,2
2020-01-07,complete,SSE|SZSE,-453300770,-4.533,13.4443,-17.9773,207,204,3
2020-01-08,complete,SSE|SZSE,986278973,9.8628,26.1583,-16.2955,207,204,3
2020-01-09,complete,SSE|SZSE,-1115836585,-11.1584,14.5583,-25.7167,207,206,1
2020-01-10,complete,SSE|SZSE,-579304079,-5.793,8.1328,-13.9258,208,204,4
2020-01-13,complete,SSE|SZSE,1549934430,15.4993,23.6318,-8.1325,209,206,3
2020-01-14,complete,SSE|SZSE,2309732929,23.0973,29.1948,-6.0975,209,205,4
2020-01-15,complete,SSE|SZSE,-308646470,-3.0865,10.5022,-13.5887,208,202,6
2020-01-16,complete,SSE|SZSE,-780834554,-7.8083,11.51,-19.3183,211,208,3
2020-01-17,complete,SSE|SZSE,-272317892,-2.7232,13.9283,-16.6514,213,210,3
2020-01-20,complete,SSE|SZSE,71038905,0.7104,22.164,-21.4536,216,215,1
2020-01-21,complete,SSE|SZSE,438197360,4.382,32.405,-28.023,217,215,2
2020-01-22,complete,SSE|SZSE,-116718650,-1.1672,26.1612,-27.3283,217,216,1
2020-01-23,complete,SSE|SZSE,2014533920,20.1453,52.5406,-32.3953,217,216,1
2020-02-03,complete,SSE|SZSE,8284692800,82.8469,85.0548,-2.2078,217,217,0
2020-02-04,complete,SSE|SZSE,6963025790,69.6303,96.5405,-26.9102,217,216,1
2020-02-05,complete,SSE|SZSE,83185550,0.8319,28.9159,-28.084,217,217,0
2020-02-06,complete,SSE|SZSE,430594370,4.3059,24.8162,-20.5103,217,217,0
2020-02-07,complete,SSE|SZSE,-859538800,-8.5954,18.1361,-26.7315,218,217,1
2020-02-10,complete,SSE|SZSE,-2005349940,-20.0535,18.5724,-38.6259,221,219,2
2020-02-11,complete,SSE|SZSE,-3416476710,-34.1648,7.0336,-41.1984,223,221,2
2020-02-12,complete,SSE|SZSE,-1598956800,-15.9896,14.386,-30.3755,223,220,3
2020-02-13,complete,SSE|SZSE,-714632560,-7.1463,20.266,-27.4124,223,223,0
2020-02-14,complete,SSE|SZSE,1103452720,11.0345,31.6989,-20.6644,224,222,2
2020-02-17,complete,SSE|SZSE,-1265822060,-12.6582,19.2827,-31.941,224,224,0
2020-02-18,complete,SSE|SZSE,-2537662680,-25.3766,40.0696,-65.4462,225,224,1
2020-02-19,complete,SSE|SZSE,-1000099980,-10.001,38.8469,-48.8479,225,224,1
2020-02-20,complete,SSE|SZSE,-5634618120,-56.3462,13.9093,-70.2555,226,225,1
2020-02-21,complete,SSE|SZSE,4188468900,41.8847,64.3466,-22.4619,227,227,0
2020-02-24,complete,SSE|SZSE,2663024430,26.6302,61.4063,-34.776,228,227,1
2020-02-25,complete,SSE|SZSE,7769235780,77.6924,113.6036,-35.9112,228,228,0
2020-02-26,complete,SSE|SZSE,3630155600,36.3016,86.4159,-50.1144,228,227,1
2020-02-27,complete,SSE|SZSE,-1832575530,-18.3258,34.8494,-53.1751,229,229,0
2020-02-28,complete,SSE|SZSE,4159931590,41.5993,67.0191,-25.4197,230,230,0
2020-03-02,complete,SSE|SZSE,-1132454500,-11.3245,31.3408,-42.6653,230,229,1
2020-03-03,complete,SSE|SZSE,-706993040,-7.0699,45.7671,-52.837,233,232,1
2020-03-04,complete,SSE|SZSE,-206689750,-2.0669,43.438,-45.5049,233,231,2
2020-03-05,complete,SSE|SZSE,-1973727100,-19.7373,29.1904,-48.9277,234,232,2
2020-03-06,complete,SSE|SZSE,-396733700,-3.9673,27.1775,-31.1448,234,233,1
2020-03-09,complete,SSE|SZSE,1528105280,15.2811,52.649,-37.3679,234,233,1
2020-03-10,complete,SSE|SZSE,3750836450,37.5084,72.9445,-35.4361,234,234,0
2020-03-11,complete,SSE|SZSE,-3463916700,-34.6392,34.4082,-69.0474,234,232,2
2020-03-12,complete,SSE|SZSE,3976090010,39.7609,46.4932,-6.7323,234,232,2
2020-03-13,complete,SSE|SZSE,7775436170,77.7544,83.9183,-6.164,234,234,0
2020-03-16,complete,SSE|SZSE,7283697320,72.837,80.7649,-7.928,235,234,1
2020-03-17,complete,SSE|SZSE,10038600270,100.386,105.3126,-4.9266,235,233,2
2020-03-18,complete,SSE|SZSE,-2035306830,-20.3531,20.0613,-40.4144,235,233,2
2020-03-19,complete,SSE|SZSE,12214301250,122.143,125.0571,-2.9141,235,234,1
2020-03-20,complete,SSE|SZSE,3435550200,34.3555,46.3732,-12.0177,237,234,3
2020-03-23,complete,SSE|SZSE,9700885600,97.0089,99.212,-2.2031,237,236,1
2020-03-24,complete,SSE|SZSE,5300038300,53.0004,65.0241,-12.0238,238,237,1
2020-03-25,complete,SSE|SZSE,-7340707100,-73.4071,13.7824,-87.1894,238,238,0
2020-03-26,complete,SSE|SZSE,-92870800,-0.9287,21.6633,-22.592,238,237,1
2020-03-27,complete,SSE|SZSE,2296699500,22.967,31.2718,-8.3048,238,236,2
2020-03-30,complete,SSE|SZSE,5872373020,58.7237,61.284,-2.5602,239,237,2
2020-03-31,complete,SSE|SZSE,-245021450,-2.4502,12.406,-14.8562,240,237,3
2020-04-01,complete,SSE|SZSE,-1810030950,-18.1003,5.8851,-23.9854,240,238,2
2020-04-02,complete,SSE|SZSE,-2148016450,-21.4802,22.2618,-43.7419,241,239,2
2020-04-03,complete,SSE|SZSE,-1530153780,-15.3015,10.1355,-25.437,241,237,4
2020-04-07,complete,SSE|SZSE,-2020645190,-20.2065,8.4494,-28.6559,242,241,1
2020-04-08,complete,SSE|SZSE,-2124907550,-21.2491,5.2848,-26.5338,242,239,3
2020-04-09,complete,SSE|SZSE,-2430287800,-24.3029,7.6082,-31.9111,242,241,1
2020-04-10,complete,SSE|SZSE,3257241750,32.5724,44.3678,-11.7954,244,243,1
2020-04-13,complete,SSE|SZSE,3399459000,33.9946,43.1511,-9.1565,245,242,3
2020-04-14,complete,SSE|SZSE,-3826584800,-38.2658,10.3277,-48.5935,245,243,2
2020-04-15,complete,SSE|SZSE,-3143736160,-31.4374,9.4999,-40.9373,245,241,4
2020-04-16,complete,SSE|SZSE,-770716030,-7.7072,7.7547,-15.4619,245,242,3
2020-04-17,complete,SSE|SZSE,-7065481500,-70.6548,6.6029,-77.2577,246,246,0
2020-04-20,complete,SSE|SZSE,-4100351790,-41.0035,4.5192,-45.5227,247,244,3
2020-04-21,complete,SSE|SZSE,503157650,5.0316,18.8158,-13.7842,248,247,1
2020-04-22,complete,SSE|SZSE,-2497040450,-24.9704,3.5514,-28.5218,249,247,2
2020-04-23,complete,SSE|SZSE,-938068800,-9.3807,10.9633,-20.344,249,244,5
2020-04-24,complete,SSE|SZSE,3617177250,36.1718,45.1727,-9.0009,250,247,3
2020-04-27,complete,SSE|SZSE,-1386718550,-13.8672,13.6584,-27.5256,250,246,4
2020-04-28,complete,SSE|SZSE,-3091301750,-30.913,10.9449,-41.858,250,246,4
2020-04-29,complete,SSE|SZSE,411275250,4.1128,18.5378,-14.4251,250,246,4
2020-04-30,complete,SSE|SZSE,-3529553950,-35.2955,37.7915,-73.087,250,248,2
2020-05-06,complete,SSE|SZSE,-2428717680,-24.2872,15.4612,-39.7484,250,248,2
2020-05-07,complete,SSE|SZSE,-3171854450,-31.7185,6.9756,-38.6941,251,246,5
2020-05-08,complete,SSE|SZSE,-1258723360,-12.5872,15.7492,-28.3365,251,248,3
2020-05-11,complete,SSE|SZSE,-1553923340,-15.5392,13.0081,-28.5474,253,253,0
2020-05-12,complete,SSE|SZSE,-6429748450,-64.2975,2.8218,-67.1193,254,251,3
2020-05-13,complete,SSE|SZSE,-4473313800,-44.7331,4.6834,-49.4165,254,252,2
2020-05-14,complete,SSE|SZSE,-568119640,-5.6812,18.5557,-24.2369,255,253,2
2020-05-15,complete,SSE|SZSE,-434420800,-4.3442,27.2767,-31.6209,256,253,3
2020-05-18,complete,SSE|SZSE,2433339610,24.3334,40.9074,-16.574,256,253,3
2020-05-19,complete,SSE|SZSE,-4924548580,-49.2455,6.8434,-56.0889,256,254,2
2020-05-20,complete,SSE|SZSE,281403940,2.814,25.5273,-22.7132,256,252,4
2020-05-21,complete,SSE|SZSE,-998567080,-9.9857,19.0152,-29.0009,257,254,3
2020-05-22,complete,SSE|SZSE,2882679800,28.8268,43.5556,-14.7288,257,256,1
2020-05-25,complete,SSE|SZSE,2720731690,27.2073,33.2405,-6.0332,258,254,4
2020-05-26,complete,SSE|SZSE,-8459258930,-84.5926,2.069,-86.6616,260,257,3
2020-05-27,complete,SSE|SZSE,-626561480,-6.2656,20.4303,-26.6959,260,255,5
2020-05-28,complete,SSE|SZSE,3349947320,33.4995,43.5534,-10.0539,261,256,5
2020-05-29,complete,SSE|SZSE,-5854128900,-58.5413,6.1387,-64.68,261,258,3
2020-06-01,complete,SSE|SZSE,-6032633650,-60.3263,15.5252,-75.8515,263,262,1
2020-06-02,complete,SSE|SZSE,-1597024700,-15.9702,11.5584,-27.5287,263,261,2
2020-06-03,complete,SSE|SZSE,-4753124350,-47.5312,4.8763,-52.4076,263,261,2
2020-06-04,complete,SSE|SZSE,-4073486440,-40.7349,6.2021,-46.937,263,258,5
2020-06-05,complete,SSE|SZSE,-4942318800,-49.4232,4.7565,-54.1797,263,259,4
2020-06-08,complete,SSE|SZSE,-3516691150,-35.1669,9.2067,-44.3736,263,261,2
2020-06-09,complete,SSE|SZSE,-4207871550,-42.0787,2.6047,-44.6834,263,261,2
2020-06-10,complete,SSE|SZSE,-4393923750,-43.9392,7.7911,-51.7303,263,261,2
2020-06-11,complete,SSE|SZSE,-3348171790,-33.4817,9.8515,-43.3332,264,262,2
2020-06-12,complete,SSE|SZSE,669988430,6.6999,19.1366,-12.4367,264,260,4
2020-06-15,complete,SSE|SZSE,-3537522950,-35.3752,8.8791,-44.2543,264,258,6
2020-06-16,complete,SSE|SZSE,-311657810,-3.1166,20.4328,-23.5493,264,260,4
2020-06-17,complete,SSE|SZSE,-1379895200,-13.799,20.324,-34.123,264,261,3
2020-06-18,complete,SSE|SZSE,-2987320580,-29.8732,20.8772,-50.7504,263,261,2
2020-06-19,complete,SSE|SZSE,-4443331800,-44.4333,15.6224,-60.0557,263,260,3
2020-06-22,complete,SSE|SZSE,-6498151150,-64.9815,12.5877,-77.5693,264,261,3
2020-06-23,complete,SSE|SZSE,-4126356150,-41.2636,11.0328,-52.2964,265,259,6
2020-06-24,complete,SSE|SZSE,-3118828800,-31.1883,16.6713,-47.8596,265,262,3
2020-06-29,complete,SSE|SZSE,-1395348170,-13.9535,12.6381,-26.5916,265,263,2
2020-06-30,complete,SSE|SZSE,-3864631580,-38.6463,16.5552,-55.2015,265,263,2
2020-07-01,complete,SSE|SZSE,-5034552150,-50.3455,12.5772,-62.9227,265,260,5
2020-07-02,complete,SSE|SZSE,-1968546540,-19.6855,44.0251,-63.7106,265,262,3
2020-07-03,complete,SSE|SZSE,670736250,6.7074,46.8976,-40.1903,265,263,2
2020-07-06,complete,SSE|SZSE,19475325050,194.7533,242.5922,-47.839,266,260,6
2020-07-07,complete,SSE|SZSE,17711709850,177.1171,212.6337,-35.5166,266,263,3
2020-07-08,complete,SSE|SZSE,-2720251900,-27.2025,47.4216,-74.6241,266,263,3
2020-07-09,complete,SSE|SZSE,-2145891440,-21.4589,57.0125,-78.4714,266,261,5
2020-07-10,complete,SSE|SZSE,-2735423400,-27.3542,31.0756,-58.4298,267,263,4
2020-07-13,complete,SSE|SZSE,-2591575300,-25.9158,53.1526,-79.0683,267,264,3
2020-07-14,complete,SSE|SZSE,-1857653450,-18.5765,65.7879,-84.3644,267,264,3
2020-07-15,complete,SSE|SZSE,-1930634150,-19.3063,36.6658,-55.9722,267,262,5
2020-07-16,complete,SSE|SZSE,-5757050890,-57.5705,22.5801,-80.1506,267,264,3
2020-07-17,complete,SSE|SZSE,-4587945200,-45.8795,24.9279,-70.8074,268,265,3
2020-07-20,complete,SSE|SZSE,-5772163870,-57.7216,24.8485,-82.5701,269,266,3
2020-07-21,complete,SSE|SZSE,-3116960970,-31.1696,29.3975,-60.5671,270,267,3
2020-07-22,complete,SSE|SZSE,-2046538190,-20.4654,23.5144,-43.9798,270,267,3
2020-07-23,complete,SSE|SZSE,-2010231700,-20.1023,22.0623,-42.1646,270,267,3
2020-07-24,complete,SSE|SZSE,1619568100,16.1957,55.8903,-39.6946,270,267,3
2020-07-27,complete,SSE|SZSE,647783900,6.4778,29.4761,-22.9983,270,266,4
2020-07-28,complete,SSE|SZSE,-3696551700,-36.9655,21.0886,-58.0541,270,266,4
2020-07-29,complete,SSE|SZSE,667656600,6.6766,42.3548,-35.6783,270,267,3
2020-07-30,complete,SSE|SZSE,-1010451200,-10.1045,16.8856,-26.9902,270,267,3
2020-07-31,complete,SSE|SZSE,-4110632900,-41.1063,14.7554,-55.8618,269,268,1
2020-08-03,complete,SSE|SZSE,-2898941800,-28.9894,27.9891,-56.9785,270,269,1
2020-08-04,complete,SSE|SZSE,2073889180,20.7389,49.3219,-28.583,270,269,1
2020-08-05,complete,SSE|SZSE,-3741324430,-37.4132,29.4568,-66.8701,270,268,2
2020-08-06,complete,SSE|SZSE,-3892875950,-38.9288,10.5802,-49.5089,270,269,1
2020-08-07,complete,SSE|SZSE,-2534185950,-25.3419,19.9028,-45.2447,270,268,2
2020-08-10,complete,SSE|SZSE,-2970678550,-29.7068,21.893,-51.5998,271,270,1
2020-08-11,complete,SSE|SZSE,-2348457050,-23.4846,16.4865,-39.971,271,269,2
2020-08-12,complete,SSE|SZSE,1447511770,14.4751,32.8668,-18.3917,272,271,1
2020-08-13,complete,SSE|SZSE,-4306337150,-43.0634,6.4655,-49.5289,272,272,0
2020-08-14,complete,SSE|SZSE,4771208100,47.7121,66.8973,-19.1852,272,271,1
2020-08-17,complete,SSE|SZSE,2772081950,27.7208,66.081,-38.3602,272,271,1
2020-08-18,complete,SSE|SZSE,-443928850,-4.4393,28.5402,-32.9795,273,271,2
2020-08-19,complete,SSE|SZSE,-1998655350,-19.9866,18.6893,-38.6759,274,273,1
2020-08-20,complete,SSE|SZSE,2443477450,24.4348,36.279,-11.8442,274,271,3
2020-08-21,complete,SSE|SZSE,1926050700,19.2605,35.3658,-16.1053,274,274,0
2020-08-24,complete,SSE|SZSE,-4158634930,-41.5863,13.9815,-55.5679,275,274,1
2020-08-25,complete,SSE|SZSE,-1026058700,-10.2606,18.8329,-29.0935,275,275,0
2020-08-26,complete,SSE|SZSE,1305656060,13.0566,36.5698,-23.5132,275,275,0
2020-08-27,complete,SSE|SZSE,-535932840,-5.3593,14.9789,-20.3383,275,275,0
2020-08-28,complete,SSE|SZSE,489590600,4.8959,25.0561,-20.1602,275,275,0
2020-08-31,complete,SSE|SZSE,-1115572890,-11.1557,16.7717,-27.9274,275,274,1
2020-09-01,complete,SSE|SZSE,1335256760,13.3526,29.5524,-16.1999,275,275,0
2020-09-02,complete,SSE|SZSE,-5171700840,-51.717,15.3077,-67.0247,275,274,1
2020-09-03,complete,SSE|SZSE,-578421980,-5.7842,17.1547,-22.9389,275,273,2
2020-09-04,complete,SSE|SZSE,4283111760,42.8311,51.4447,-8.6136,276,275,1
2020-09-07,complete,SSE|SZSE,2464514560,24.6451,39.9022,-15.2571,276,275,1
2020-09-08,complete,SSE|SZSE,3899295740,38.993,50.2129,-11.2199,276,275,1
2020-09-09,complete,SSE|SZSE,3297641330,32.9764,42.7739,-9.7974,276,275,1
2020-09-10,complete,SSE|SZSE,379239460,3.7924,26.8657,-23.0733,277,276,1
2020-09-11,complete,SSE|SZSE,102163220,1.0216,14.7054,-13.6838,278,276,2
2020-09-14,complete,SSE|SZSE,-2566814230,-25.6681,8.5374,-34.2056,278,277,1
2020-09-15,complete,SSE|SZSE,-1792722830,-17.9272,11.2302,-29.1575,278,277,1
2020-09-16,complete,SSE|SZSE,-1355642020,-13.5564,7.6936,-21.25,278,276,2
2020-09-17,complete,SSE|SZSE,2695942920,26.9594,36.0908,-9.1314,278,274,4
2020-09-18,complete,SSE|SZSE,3326168510,33.2617,54.7482,-21.4866,278,275,3
2020-09-21,complete,SSE|SZSE,-843782420,-8.4378,21.2358,-29.6736,279,277,2
2020-09-22,complete,SSE|SZSE,-1609920140,-16.0992,12.1345,-28.2337,278,276,2
2020-09-23,complete,SSE|SZSE,-2674331940,-26.7433,14.858,-41.6013,279,277,2
2020-09-24,complete,SSE|SZSE,1208573650,12.0857,26.0407,-13.9549,279,275,4
2020-09-25,complete,SSE|SZSE,3865824090,38.6582,41.4616,-2.8033,279,273,6
2020-09-28,complete,SSE|SZSE,2817108350,28.1711,30.9975,-2.8264,279,275,4
2020-09-29,complete,SSE|SZSE,2092479960,20.9248,30.0126,-9.0878,279,274,5
2020-09-30,complete,SSE|SZSE,-2807396750,-28.074,15.7412,-43.8151,279,276,3
2020-10-09,complete,SSE|SZSE,-1915257090,-19.1526,10.5786,-29.7311,279,276,3
2020-10-12,complete,SSE|SZSE,-3886550300,-38.8655,16.9075,-55.773,279,278,1
2020-10-13,complete,SSE|SZSE,-3151928400,-31.5193,21.7946,-53.3139,280,278,2
2020-10-14,complete,SSE|SZSE,650392730,6.5039,26.8153,-20.3114,280,278,2
2020-10-15,complete,SSE|SZSE,1516124990,15.1612,28.5639,-13.4026,280,278,2
2020-10-16,complete,SSE|SZSE,2309129380,23.0913,31.0913,-8,280,278,2
2020-10-19,complete,SSE|SZSE,-630095660,-6.301,24.6872,-30.9882,280,277,3
2020-10-20,complete,SSE|SZSE,2276178290,22.7618,29.6876,-6.9258,280,276,4
2020-10-21,complete,SSE|SZSE,-105401290,-1.054,31.8052,-32.8592,280,277,3
2020-10-22,complete,SSE|SZSE,4111678710,41.1168,43.8738,-2.757,280,273,7
2020-10-23,complete,SSE|SZSE,8104669400,81.0467,84.9941,-3.9474,281,278,3
2020-10-26,complete,SSE|SZSE,4276363600,42.7636,50.0686,-7.305,281,278,3
2020-10-27,complete,SSE|SZSE,-745455000,-7.4546,17.0837,-24.5382,281,277,4
2020-10-28,complete,SSE|SZSE,-2386979540,-23.8698,11.7355,-35.6053,282,277,5
2020-10-29,complete,SSE|SZSE,-851050220,-8.5105,11.6841,-20.1946,283,281,2
2020-10-30,complete,SSE|SZSE,-1852038440,-18.5204,20.8927,-39.4131,283,279,4
2020-11-02,complete,SSE|SZSE,2007498570,20.075,30.3249,-10.2499,283,278,5
2020-11-03,complete,SSE|SZSE,-2978595600,-29.786,5.7519,-35.5378,283,280,3
2020-11-04,complete,SSE|SZSE,-3794990840,-37.9499,8.1964,-46.1463,283,280,3
2020-11-05,complete,SSE|SZSE,-1917995870,-19.18,10.6692,-29.8492,283,280,3
2020-11-06,complete,SSE|SZSE,-3997038180,-39.9704,10.3981,-50.3685,283,281,2
2020-11-09,complete,SSE|SZSE,-5152818400,-51.5282,28.6777,-80.2059,283,281,2
2020-11-10,complete,SSE|SZSE,-1615466800,-16.1547,25.0911,-41.2458,284,281,3
2020-11-11,complete,SSE|SZSE,3999092450,39.9909,53.8107,-13.8198,284,281,3
2020-11-12,complete,SSE|SZSE,-970407460,-9.7041,16.6392,-26.3433,284,280,4
2020-11-13,complete,SSE|SZSE,504732200,5.0473,36.2687,-31.2214,284,280,4
2020-11-16,complete,SSE|SZSE,-510758350,-5.1076,19.7218,-24.8294,284,281,3
2020-11-17,complete,SSE|SZSE,5026990140,50.2699,66.5664,-16.2965,288,283,5
2020-11-18,complete,SSE|SZSE,6672788060,66.7279,75.7273,-8.9994,288,284,4
2020-11-19,complete,SSE|SZSE,715796740,7.158,23.9966,-16.8386,288,285,3
2020-11-20,complete,SSE|SZSE,-1428623410,-14.2862,18.018,-32.3042,288,284,4
2020-11-23,complete,SSE|SZSE,-1349167270,-13.4917,23.3819,-36.8735,288,286,2
2020-11-24,complete,SSE|SZSE,2453699340,24.537,46.4257,-21.8887,288,286,2
2020-11-25,complete,SSE|SZSE,901061360,9.0106,30.315,-21.3044,288,286,2
2020-11-26,complete,SSE|SZSE,4119577780,41.1958,52.736,-11.5402,288,284,4
2020-11-27,complete,SSE|SZSE,2058566950,20.5857,39.8905,-19.3049,288,285,3
2020-11-30,complete,SSE|SZSE,712526920,7.1253,47.1966,-40.0713,288,286,2
2020-12-01,complete,SSE|SZSE,-2250254600,-22.5025,40.8323,-63.3348,288,287,1
2020-12-02,complete,SSE|SZSE,-5395696050,-53.957,20.0908,-74.0477,288,284,4
2020-12-03,complete,SSE|SZSE,-2826135750,-28.2614,26.274,-54.5353,288,285,3
2020-12-04,complete,SSE|SZSE,-1689269800,-16.8927,24.8711,-41.7638,288,284,4
2020-12-07,complete,SSE|SZSE,-4199490490,-41.9949,17.2751,-59.27,288,286,2
2020-12-08,complete,SSE|SZSE,1678210290,16.7821,35.9394,-19.1573,288,284,4
2020-12-09,complete,SSE|SZSE,3859389900,38.5939,66.1753,-27.5814,288,282,6
2020-12-10,complete,SSE|SZSE,1076204600,10.762,28.5697,-17.8077,288,284,4
2020-12-11,complete,SSE|SZSE,2152447800,21.5245,40.6913,-19.1669,288,283,5
2020-12-14,complete,SSE|SZSE,399273700,3.9927,27.444,-23.4512,288,283,5
2020-12-15,complete,SSE|SZSE,-728220050,-7.2822,26.4817,-33.7639,288,283,5
2020-12-16,complete,SSE|SZSE,-902857700,-9.0286,23.7183,-32.7469,287,284,3
2020-12-17,complete,SSE|SZSE,-503797260,-5.038,26.1902,-31.2282,287,285,2
2020-12-18,complete,SSE|SZSE,-1094535450,-10.9454,28.4326,-39.378,287,285,2
2020-12-21,complete,SSE|SZSE,594170650,5.9417,45.5916,-39.6499,288,286,2
2020-12-22,complete,SSE|SZSE,962011280,9.6201,62.9718,-53.3517,288,284,4
2020-12-23,complete,SSE|SZSE,43485430,0.4349,41.1475,-40.7126,288,285,3
2020-12-24,complete,SSE|SZSE,3746211700,37.4621,71.8559,-34.3937,288,285,3
2020-12-25,complete,SSE|SZSE,1001912100,10.0191,68.6371,-58.6179,288,286,2
2020-12-28,complete,SSE|SZSE,1306110650,13.0611,38.2287,-25.1676,288,286,2
2020-12-29,complete,SSE|SZSE,4300552430,43.0055,66.21,-23.2045,290,286,4
2020-12-30,complete,SSE|SZSE,-109640500,-1.0964,49.5736,-50.67,290,288,2
2020-12-31,complete,SSE|SZSE,-5022150000,-50.2215,49.4023,-99.6238,290,286,4
2021-01-04,complete,SSE|SZSE,-6761464190,-67.6146,33.5659,-101.1806,290,286,4
2021-01-05,complete,SSE|SZSE,-9496695150,-94.967,56.329,-151.296,291,287,4
2021-01-06,complete,SSE|SZSE,-4552919450,-45.5292,25.3774,-70.9066,291,287,4
2021-01-07,complete,SSE|SZSE,185992480,1.8599,41.4194,-39.5595,291,286,5
2021-01-08,complete,SSE|SZSE,8097638750,80.9764,99.1661,-18.1897,292,288,4
2021-01-11,complete,SSE|SZSE,-3467240300,-34.6724,46.2862,-80.9586,295,290,5
2021-01-12,complete,SSE|SZSE,-8996010900,-89.9601,21.501,-111.4611,296,292,4
2021-01-13,complete,SSE|SZSE,-299177700,-2.9918,47.8671,-50.8589,297,292,5
2021-01-14,complete,SSE|SZSE,5037576200,50.3758,83.7996,-33.4239,298,293,5
2021-01-15,complete,SSE|SZSE,-472744400,-4.7274,40.7882,-45.5156,298,292,6
2021-01-18,complete,SSE|SZSE,-7003669330,-70.0367,17.6793,-87.716,298,294,4
2021-01-19,complete,SSE|SZSE,1784368050,17.8437,46.808,-28.9643,299,295,4
2021-01-20,complete,SSE|SZSE,-5737053800,-57.3705,16.2327,-73.6032,299,295,4
2021-01-21,complete,SSE|SZSE,-8566586300,-85.6659,7.7241,-93.39,301,296,5
2021-01-22,complete,SSE|SZSE,-3665689400,-36.6569,46.1406,-82.7975,301,295,6
2021-01-25,complete,SSE|SZSE,-8421667450,-84.2167,22.4015,-106.6182,301,296,5
2021-01-26,complete,SSE|SZSE,5852505800,58.5251,77.5158,-18.9907,301,295,6
2021-01-27,complete,SSE|SZSE,-2440843080,-24.4084,23.5036,-47.9121,302,297,5
2021-01-28,complete,SSE|SZSE,7756484350,77.5648,84.9882,-7.4234,302,296,6
2021-01-29,complete,SSE|SZSE,9980664900,99.8066,117.233,-17.4263,302,298,4
2021-02-01,complete,SSE|SZSE,96356600,0.9636,41.8089,-40.8454,303,298,5
2021-02-02,complete,SSE|SZSE,-9053409600,-90.5341,23.2961,-113.8302,303,298,5
2021-02-03,complete,SSE|SZSE,-4231449630,-42.3145,30.3637,-72.6782,303,299,4
2021-02-04,complete,SSE|SZSE,6597320330,65.9732,93.552,-27.5788,303,298,5
2021-02-05,complete,SSE|SZSE,-982105410,-9.8211,30.7293,-40.5504,305,300,5
2021-02-08,complete,SSE|SZSE,-233306400,-2.3331,25.9408,-28.2739,306,300,6
2021-02-09,complete,SSE|SZSE,-7028628750,-70.2863,9.2051,-79.4914,310,305,5
2021-02-10,complete,SSE|SZSE,-2886047650,-28.8605,28.4427,-57.3031,310,306,4
2021-02-18,complete,SSE|SZSE,1885199300,18.852,51.9746,-33.1226,310,306,4
2021-02-19,complete,SSE|SZSE,5006671840,50.0667,63.4401,-13.3734,309,306,3
2021-02-22,complete,SSE|SZSE,7278560800,72.7856,85.1662,-12.3806,311,308,3
2021-02-23,complete,SSE|SZSE,3828360430,38.2836,57.0828,-18.7992,312,308,4
2021-02-24,complete,SSE|SZSE,13953905270,139.5391,146.0512,-6.5121,314,310,4
2021-02-25,complete,SSE|SZSE,-2283295580,-22.833,38.28,-61.113,315,312,3
2021-02-26,complete,SSE|SZSE,9780165900,97.8017,102.4825,-4.6808,316,312,4
2021-03-01,complete,SSE|SZSE,-6944337600,-69.4434,17.9106,-87.354,319,316,3
2021-03-02,complete,SSE|SZSE,-3994069900,-39.9407,19.6834,-59.6241,323,319,4
2021-03-03,complete,SSE|SZSE,-90621210,-0.9062,27.5779,-28.4841,326,321,5
2021-03-04,complete,SSE|SZSE,12168636840,121.6864,131.4076,-9.7213,327,323,4
2021-03-05,complete,SSE|SZSE,5136100300,51.361,77.9288,-26.5678,329,325,4
2021-03-08,complete,SSE|SZSE,3751833600,37.5183,67.1667,-29.6483,332,327,5
2021-03-09,complete,SSE|SZSE,8977972050,89.7797,114.1266,-24.3469,335,329,6
2021-03-10,complete,SSE|SZSE,-3396468600,-33.9647,11.8505,-45.8152,336,328,8
2021-03-11,complete,SSE|SZSE,-6524797800,-65.248,9.7972,-75.0451,338,334,4
2021-03-12,complete,SSE|SZSE,-8548131800,-85.4813,12.084,-97.5653,338,334,4
2021-03-15,complete,SSE|SZSE,5436578200,54.3658,62.6584,-8.2926,339,334,5
2021-03-16,complete,SSE|SZSE,1539552000,15.3955,27.0488,-11.6533,339,333,6
2021-03-17,complete,SSE|SZSE,-5353388580,-53.5339,3.9954,-57.5293,339,334,5
2021-03-18,complete,SSE|SZSE,-3797571100,-37.9757,9.5907,-47.5664,341,335,6
2021-03-19,complete,SSE|SZSE,4010208930,40.1021,48.956,-8.854,343,338,5
2021-03-22,complete,SSE|SZSE,-527039000,-5.2704,19.9692,-25.2396,345,341,4
2021-03-23,complete,SSE|SZSE,1900985560,19.0099,30.3825,-11.3727,346,342,4
2021-03-24,complete,SSE|SZSE,5498217840,54.9822,75.5641,-20.5819,347,344,3
2021-03-25,complete,SSE|SZSE,1072026630,10.7203,28.128,-17.4077,350,346,4
2021-03-26,complete,SSE|SZSE,-4718971080,-47.1897,9.6691,-56.8588,350,345,5
2021-03-29,complete,SSE|SZSE,-8109342560,-81.0934,3.073,-84.1665,353,348,5
2021-03-30,complete,SSE|SZSE,-4839490100,-48.3949,3.4719,-51.8668,353,346,7
2021-03-31,complete,SSE|SZSE,-398533570,-3.9853,15.0058,-18.9911,355,349,6
2021-04-01,complete,SSE|SZSE,-3599593180,-35.9959,7.7824,-43.7783,355,350,5
2021-04-02,complete,SSE|SZSE,-6024189440,-60.2419,6.1455,-66.3874,357,354,3
2021-04-06,complete,SSE|SZSE,-3186539060,-31.8654,6.0315,-37.8969,357,352,5
2021-04-07,complete,SSE|SZSE,-698239060,-6.9824,11.3895,-18.3719,357,352,5
2021-04-08,complete,SSE|SZSE,-2093062220,-20.9306,8.8171,-29.7477,358,351,7
2021-04-09,complete,SSE|SZSE,2262817060,22.6282,30.7168,-8.0886,359,351,8
2021-04-12,complete,SSE|SZSE,10723726450,107.2373,111.5234,-4.2862,360,356,4
2021-04-13,complete,SSE|SZSE,4153255180,41.5326,54.5294,-12.9968,360,355,5
2021-04-14,complete,SSE|SZSE,2425787000,24.2579,42.2312,-17.9733,361,355,6
2021-04-15,complete,SSE|SZSE,-404131030,-4.0413,17.6812,-21.7225,361,355,6
2021-04-16,complete,SSE|SZSE,3238005960,32.3801,42.771,-10.3909,359,355,4
2021-04-19,complete,SSE|SZSE,-3181281800,-31.8128,29.987,-61.7998,359,355,4
2021-04-20,complete,SSE|SZSE,-4915271010,-49.1527,6.9224,-56.0751,359,356,3
2021-04-21,complete,SSE|SZSE,-5066124580,-50.6612,5.4276,-56.0889,359,356,3
2021-04-22,complete,SSE|SZSE,-7704539440,-77.0454,3.8141,-80.8595,359,356,3
2021-04-23,complete,SSE|SZSE,-1410151050,-14.1015,14.2311,-28.3326,359,355,4
2021-04-26,complete,SSE|SZSE,-5795676390,-57.9568,6.9274,-64.8842,360,358,2
2021-04-27,complete,SSE|SZSE,609262040,6.0926,24.7008,-18.6081,360,356,4
2021-04-28,complete,SSE|SZSE,-3032188310,-30.3219,6.7707,-37.0925,361,358,3
2021-04-29,complete,SSE|SZSE,2154841460,21.5484,50.8818,-29.3334,362,360,2
2021-04-30,complete,SSE|SZSE,789135540,7.8914,35.3659,-27.4745,362,360,2
2021-05-06,complete,SSE|SZSE,1698304260,16.983,34.9934,-18.0103,362,360,2
2021-05-07,complete,SSE|SZSE,4346223170,43.4622,52.4536,-8.9913,362,361,1
2021-05-10,complete,SSE|SZSE,4265297560,42.653,52.396,-9.743,364,362,2
2021-05-11,complete,SSE|SZSE,3269889840,32.6989,44.3839,-11.685,364,362,2
2021-05-12,complete,SSE|SZSE,1309521100,13.0952,20.8764,-7.7812,364,363,1
2021-05-13,complete,SSE|SZSE,3036103900,30.361,38.1493,-7.7883,365,363,2
2021-05-14,complete,SSE|SZSE,-1266687640,-12.6669,66.0472,-78.714,367,364,3
2021-05-17,complete,SSE|SZSE,-343545000,-3.4354,50.1814,-53.6168,368,367,1
2021-05-18,complete,SSE|SZSE,294879220,2.9488,25.4325,-22.4837,369,368,1
2021-05-19,complete,SSE|SZSE,-4163909400,-41.6391,8.5616,-50.2007,369,366,3
2021-05-20,complete,SSE|SZSE,-1407950670,-14.0795,15.2536,-29.3331,371,368,3
2021-05-21,complete,SSE|SZSE,-349197870,-3.492,21.0254,-24.5174,372,371,1
2021-05-24,complete,SSE|SZSE,-2402711240,-24.0271,10.0105,-34.0376,372,367,5
2021-05-25,complete,SSE|SZSE,125783960,1.2578,89.4808,-88.2229,373,370,3
2021-05-26,complete,SSE|SZSE,-4166200820,-41.662,13.3163,-54.9784,373,372,1
2021-05-27,complete,SSE|SZSE,-1981122320,-19.8112,28.7064,-48.5176,373,372,1
2021-05-28,complete,SSE|SZSE,-5811713600,-58.1171,9.2729,-67.3901,374,371,3
2021-05-31,complete,SSE|SZSE,-1802085400,-18.0209,31.3081,-49.329,375,374,1
2021-06-01,complete,SSE|SZSE,-7340375950,-73.4038,10.2728,-83.6765,375,373,2
2021-06-02,complete,SSE|SZSE,-6079973340,-60.7997,6.3744,-67.1742,375,373,2
2021-06-03,complete,SSE|SZSE,-3787547960,-37.8755,8.1442,-46.0197,375,372,3
2021-06-04,complete,SSE|SZSE,-884633200,-8.8463,21.7281,-30.5745,377,375,2
2021-06-07,complete,SSE|SZSE,-2047708760,-20.4771,14.4059,-34.883,377,374,3
2021-06-08,complete,SSE|SZSE,557637670,5.5764,29.4783,-23.9019,377,377,0
2021-06-09,complete,SSE|SZSE,-445493560,-4.4549,20.499,-24.954,378,378,0
2021-06-10,complete,SSE|SZSE,-3401819880,-34.0182,13.4845,-47.5027,378,376,2
2021-06-11,complete,SSE|SZSE,368041210,3.6804,34.12,-30.4396,378,376,2
2021-06-15,complete,SSE|SZSE,-1736540340,-17.3654,21.6232,-38.9886,381,379,2
2021-06-16,complete,SSE|SZSE,3060801520,30.608,43.1897,-12.5816,381,380,1
2021-06-17,complete,SSE|SZSE,-4153359100,-41.5336,13.7569,-55.2905,381,379,2
2021-06-18,complete,SSE|SZSE,-1574767790,-15.7477,28.4709,-44.2186,383,380,3
2021-06-21,complete,SSE|SZSE,-1158644220,-11.5864,36.7283,-48.3147,387,386,1
2021-06-22,complete,SSE|SZSE,-5138091010,-51.3809,12.707,-64.0879,388,388,0
2021-06-23,complete,SSE|SZSE,-5300365540,-53.0037,14.7843,-67.788,388,387,1
2021-06-24,complete,SSE|SZSE,-2110726620,-21.1073,15.9289,-37.0362,389,386,3
2021-06-25,complete,SSE|SZSE,57929710,0.5793,52.2856,-51.7063,391,387,4
2021-06-28,complete,SSE|SZSE,-3001370180,-30.0137,24.0739,-54.0876,393,392,1
2021-06-29,complete,SSE|SZSE,129813400,1.2981,32.8774,-31.5793,394,389,5
2021-06-30,complete,SSE|SZSE,-4299573240,-42.9957,10.5724,-53.5681,394,393,1
2021-07-01,complete,SSE|SZSE,-8280236920,-82.8024,10.0932,-92.8955,396,394,2
2021-07-02,complete,SSE|SZSE,1197161600,11.9716,36.077,-24.1054,403,401,2
2021-07-05,complete,SSE|SZSE,653195290,6.532,34.9365,-28.4046,407,403,4
2021-07-06,complete,SSE|SZSE,5243166740,52.4317,68.1278,-15.6961,412,409,3
2021-07-07,complete,SSE|SZSE,-3953811810,-39.5381,17.0968,-56.6349,417,414,3
2021-07-08,complete,SSE|SZSE,-1485606380,-14.8561,32.5146,-47.3706,417,416,1
2021-07-09,complete,SSE|SZSE,2985912270,29.8591,55.4911,-25.6319,417,415,2
2021-07-12,complete,SSE|SZSE,-3841924000,-38.4192,26.4084,-64.8276,418,415,3
2021-07-13,complete,SSE|SZSE,2621431850,26.2143,49.4592,-23.2449,418,417,1
2021-07-14,complete,SSE|SZSE,-1876646000,-18.7665,26.0133,-44.7798,418,416,2
2021-07-15,complete,SSE|SZSE,-302614780,-3.0261,24.1318,-27.158,418,415,3
2021-07-16,complete,SSE|SZSE,-531255860,-5.3126,36.7684,-42.081,419,415,4
2021-07-19,complete,SSE|SZSE,555939200,5.5594,33.4144,-27.855,420,417,3
2021-07-20,complete,SSE|SZSE,1134547520,11.3455,27.9308,-16.5853,422,421,1
2021-07-21,complete,SSE|SZSE,-9060499000,-90.605,16.3527,-106.9577,424,423,1
2021-07-22,complete,SSE|SZSE,-771657620,-7.7166,34.5968,-42.3134,424,423,1
2021-07-23,complete,SSE|SZSE,-1313002290,-13.13,33.0773,-46.2073,425,424,1
2021-07-26,complete,SSE|SZSE,7786555200,77.8656,96.5344,-18.6689,427,426,1
2021-07-27,complete,SSE|SZSE,5647449320,56.4745,76.8195,-20.345,428,425,3
2021-07-28,complete,SSE|SZSE,6275820750,62.7582,76.058,-13.2998,429,427,2
2021-07-29,complete,SSE|SZSE,-11023697690,-110.237,16.4413,-126.6782,430,427,3
2021-07-30,complete,SSE|SZSE,1362077070,13.6208,42.6776,-29.0568,432,430,2
2021-08-02,complete,SSE|SZSE,-4390988140,-43.9099,28.8821,-72.792,432,430,2
2021-08-03,complete,SSE|SZSE,-1599962170,-15.9996,34.2922,-50.2918,433,431,2
2021-08-04,complete,SSE|SZSE,-10991234030,-109.9123,9.7543,-119.6666,433,431,2
2021-08-05,complete,SSE|SZSE,-4191833880,-41.9183,15.8936,-57.812,433,431,2
2021-08-06,complete,SSE|SZSE,2183358920,21.8336,39.6715,-17.8379,435,433,2
2021-08-09,complete,SSE|SZSE,-25997800,-0.26,40.2822,-40.5422,437,434,3
2021-08-10,complete,SSE|SZSE,-383570710,-3.8357,33.4186,-37.2543,439,436,3
2021-08-11,complete,SSE|SZSE,-1768392900,-17.6839,26.4458,-44.1298,439,436,3
2021-08-12,complete,SSE|SZSE,1116214630,11.1621,30.9882,-19.8261,439,436,3
2021-08-13,complete,SSE|SZSE,3969859730,39.6986,53.6625,-13.9639,441,436,5
2021-08-16,complete,SSE|SZSE,1935073840,19.3507,39.2193,-19.8685,444,441,3
2021-08-17,complete,SSE|SZSE,7690405000,76.904,92.538,-15.6339,446,443,3
2021-08-18,complete,SSE|SZSE,-434380800,-4.3438,48.5975,-52.9413,447,443,4
2021-08-19,complete,SSE|SZSE,-3383522200,-33.8352,20.064,-53.8993,448,443,5
2021-08-20,complete,SSE|SZSE,10680896740,106.809,119.9132,-13.1043,449,445,4
2021-08-23,complete,SSE|SZSE,-6881811100,-68.8181,13,-81.8181,451,447,4
2021-08-24,complete,SSE|SZSE,-6094159160,-60.9416,19.7944,-80.7359,453,450,3
2021-08-25,complete,SSE|SZSE,-3276134600,-32.7613,29.3985,-62.1598,454,449,5
2021-08-26,complete,SSE|SZSE,1095242660,10.9524,38.255,-27.3026,455,450,5
2021-08-27,complete,SSE|SZSE,3530305980,35.3031,52.7432,-17.4401,456,452,4
2021-08-30,complete,SSE|SZSE,207524200,2.0752,37.8813,-35.8061,457,453,4
2021-08-31,complete,SSE|SZSE,4343235380,43.4324,58.8165,-15.3842,458,454,4
2021-09-01,complete,SSE|SZSE,4356132760,43.5613,80.6281,-37.0668,458,454,4
2021-09-02,complete,SSE|SZSE,4286964400,42.8696,68.5693,-25.6997,460,452,8
2021-09-03,complete,SSE|SZSE,7453905660,74.5391,86.891,-12.3519,460,456,4
2021-09-06,complete,SSE|SZSE,-6651022880,-66.5102,16.2281,-82.7384,461,454,7
2021-09-07,complete,SSE|SZSE,-603728760,-6.0373,26.3935,-32.4308,460,457,3
2021-09-08,complete,SSE|SZSE,1549417920,15.4942,42.983,-27.4888,460,458,2
2021-09-09,complete,SSE|SZSE,4339995420,43.4,53.3968,-9.9969,461,459,2
2021-09-10,complete,SSE|SZSE,1227972360,12.2797,49.601,-37.3213,463,459,4
2021-09-13,complete,SSE|SZSE,2610205370,26.1021,58.6325,-32.5304,464,461,3
2021-09-14,complete,SSE|SZSE,-175387420,-1.7539,32.2525,-34.0064,465,462,3
2021-09-15,complete,SSE|SZSE,3640821720,36.4082,46.2314,-9.8232,465,462,3
2021-09-16,complete,SSE|SZSE,7061600540,70.616,83.2349,-12.6189,465,463,2
2021-09-17,complete,SSE|SZSE,3927083110,39.2708,63.0955,-23.8247,466,461,5
2021-09-22,complete,SSE|SZSE,679166680,6.7917,32.7756,-25.9839,467,463,4
2021-09-23,complete,SSE|SZSE,-2466055560,-24.6606,18.1871,-42.8476,466,464,2
2021-09-24,complete,SSE|SZSE,3060098040,30.601,67.5855,-36.9846,466,462,4
2021-09-27,complete,SSE|SZSE,2444340200,24.4434,74.3693,-49.9259,467,465,2
2021-09-28,complete,SSE|SZSE,1359159900,13.5916,35.212,-21.6204,469,466,3
2021-09-29,complete,SSE|SZSE,9853657800,98.5366,103.7928,-5.2563,472,467,5
2021-09-30,complete,SSE|SZSE,-3951352750,-39.5135,20.1814,-59.6949,472,471,1
2021-10-08,complete,SSE|SZSE,1125320150,11.2532,39.1997,-27.9465,475,472,3
2021-10-11,complete,SSE|SZSE,215030140,2.1503,37.354,-35.2037,475,474,1
2021-10-12,complete,SSE|SZSE,9626985720,96.2699,102.3791,-6.1092,476,474,2
2021-10-13,complete,SSE|SZSE,-2770884050,-27.7088,26.9064,-54.6153,476,474,2
2021-10-14,complete,SSE|SZSE,-1427977300,-14.2798,24.2877,-38.5675,477,471,6
2021-10-15,complete,SSE|SZSE,-2374392100,-23.7439,24.0754,-47.8193,479,476,3
2021-10-18,complete,SSE|SZSE,-1364317750,-13.6432,47.0467,-60.6899,481,478,3
2021-10-19,complete,SSE|SZSE,-7271704060,-72.717,8.5625,-81.2795,482,480,2
2021-10-20,complete,SSE|SZSE,-1221720660,-12.2172,21.099,-33.3162,482,480,2
2021-10-21,complete,SSE|SZSE,317716700,3.1772,29.5338,-26.3567,483,477,6
2021-10-22,complete,SSE|SZSE,63040880,0.6304,29.8695,-29.2391,482,481,1
2021-10-25,complete,SSE|SZSE,456284460,4.5628,27.4592,-22.8963,482,481,1
2021-10-26,complete,SSE|SZSE,-2783511850,-27.8351,22.6455,-50.4806,483,482,1
2021-10-27,complete,SSE|SZSE,2879999280,28.8,43.5877,-14.7877,483,480,3
2021-10-28,complete,SSE|SZSE,7672122660,76.7212,84.3301,-7.6088,483,481,2
2021-10-29,complete,SSE|SZSE,1134008000,11.3401,38.2763,-26.9362,483,480,3
2021-11-01,complete,SSE|SZSE,1295474540,12.9547,39.8082,-26.8535,484,483,1
2021-11-02,complete,SSE|SZSE,3465058660,34.6506,62.9994,-28.3488,484,483,1
2021-11-03,complete,SSE|SZSE,2055429050,20.5543,35.072,-14.5177,485,484,1
2021-11-04,complete,SSE|SZSE,-3205905020,-32.0591,13.0577,-45.1167,485,482,3
2021-11-05,complete,SSE|SZSE,2685795269,26.858,50.4973,-23.6393,485,483,2
2021-11-08,complete,SSE|SZSE,3605663140,36.0566,55.6789,-19.6223,491,486,5
2021-11-09,complete,SSE|SZSE,-62183900,-0.6218,40.3866,-41.0084,493,488,5
2021-11-10,complete,SSE|SZSE,1692926160,16.9293,56.2987,-39.3694,493,489,4
2021-11-11,complete,SSE|SZSE,-2854049360,-28.5405,31.9545,-60.495,493,492,1
2021-11-12,complete,SSE|SZSE,3364513600,33.6451,60.1578,-26.5127,494,489,5
2021-11-15,complete,SSE|SZSE,5406452420,54.0645,69.8263,-15.7618,495,491,4
2021-11-16,complete,SSE|SZSE,317958350,3.1796,42.7585,-39.5789,495,491,4
2021-11-17,complete,SSE|SZSE,-1236536480,-12.3654,31.4848,-43.8501,496,489,7
2021-11-18,complete,SSE|SZSE,-1082498640,-10.825,33.0981,-43.9231,496,493,3
2021-11-19,complete,SSE|SZSE,610552200,6.1055,37.5486,-31.443,496,494,2
2021-11-22,complete,SSE|SZSE,-12159005240,-121.5901,16.071,-137.6611,496,495,1
2021-11-23,complete,SSE|SZSE,-7062229400,-70.6223,18.7393,-89.3616,496,491,5
2021-11-24,complete,SSE|SZSE,-386081180,-3.8608,29.9718,-33.8326,498,494,4
2021-11-25,complete,SSE|SZSE,-87180000,-0.8718,33.8215,-34.6933,498,496,2
2021-11-26,complete,SSE|SZSE,735111520,7.3511,40.4783,-33.1272,500,494,6
2021-11-29,complete,SSE|SZSE,4455104320,44.551,68.7831,-24.2321,500,499,1
2021-11-30,complete,SSE|SZSE,-244609300,-2.4461,28.9049,-31.351,500,498,2
2021-12-01,complete,SSE|SZSE,3340663200,33.4066,45.3207,-11.9141,500,496,4
2021-12-02,complete,SSE|SZSE,-788750600,-7.8875,24.9446,-32.8321,501,498,3
2021-12-03,complete,SSE|SZSE,-3926923420,-39.2692,16.1082,-55.3774,503,500,3
2021-12-06,complete,SSE|SZSE,-4760850870,-47.6085,34.7677,-82.3762,505,503,2
2021-12-07,complete,SSE|SZSE,4558356520,45.5836,67.36,-21.7765,505,503,2
2021-12-08,complete,SSE|SZSE,-5772879180,-57.7288,15.6322,-73.361,505,503,2
2021-12-09,complete,SSE|SZSE,-349391600,-3.4939,73.1198,-76.6137,505,504,1
2021-12-10,complete,SSE|SZSE,5931877320,59.3188,88.7651,-29.4463,506,501,5
2021-12-13,complete,SSE|SZSE,-4643549000,-46.4355,23.0632,-69.4987,510,509,1
2021-12-14,complete,SSE|SZSE,4390209370,43.9021,70.2109,-26.3088,511,505,6
2021-12-15,complete,SSE|SZSE,1788774850,17.8877,40.8777,-22.99,511,500,11
2021-12-16,complete,SSE|SZSE,2580775450,25.8078,44.487,-18.6793,511,507,4
2021-12-17,complete,SSE|SZSE,8174596700,81.746,93.779,-12.033,511,507,4
2021-12-20,complete,SSE|SZSE,14483059700,144.8306,155.1766,-10.346,514,508,6
2021-12-21,complete,SSE|SZSE,3164277910,31.6428,44.4536,-12.8108,515,509,6
2021-12-22,complete,SSE|SZSE,-5021910210,-50.2191,16.3902,-66.6093,516,510,6
2021-12-23,complete,SSE|SZSE,459132770,4.5913,39.2836,-34.6923,518,509,9
2021-12-24,complete,SSE|SZSE,2541229220,25.4123,59.9514,-34.5391,522,514,8
2021-12-27,complete,SSE|SZSE,8122055670,81.2206,97.2731,-16.0525,522,514,8
2021-12-28,complete,SSE|SZSE,5293162980,52.9316,75.6012,-22.6696,524,517,7
2021-12-29,complete,SSE|SZSE,5329252070,53.2925,69.0353,-15.7428,527,520,7
2021-12-30,complete,SSE|SZSE,-1493075620,-14.9308,28.8585,-43.7893,528,519,9
2021-12-31,complete,SSE|SZSE,-874859150,-8.7486,20.5647,-29.3133,529,522,7
2022-01-04,complete,SSE|SZSE,2620370500,26.2037,73.5517,-47.348,528,520,8
2022-01-05,complete,SSE|SZSE,9358235360,93.5824,105.6072,-12.0248,528,521,7
2022-01-06,complete,SSE|SZSE,3670956700,36.7096,77.2428,-40.5332,531,526,5
2022-01-07,complete,SSE|SZSE,2952322840,29.5232,51.7615,-22.2383,532,526,6
2022-01-10,complete,SSE|SZSE,3741381590,37.4138,52.1739,-14.7601,534,528,6
2022-01-11,complete,SSE|SZSE,3194301300,31.943,48.1908,-16.2477,537,526,11
2022-01-12,complete,SSE|SZSE,64024130,0.6402,41.4943,-40.8541,538,530,8
2022-01-13,complete,SSE|SZSE,4136904320,41.369,52.2982,-10.9292,539,528,11
2022-01-14,complete,SSE|SZSE,2789528580,27.8953,50.667,-22.7717,539,531,8
2022-01-17,complete,SSE|SZSE,-1054345620,-10.5435,27.8249,-38.3684,539,530,9
2022-01-18,complete,SSE|SZSE,-5998979940,-59.9898,15.7568,-75.7466,540,534,6
2022-01-19,complete,SSE|SZSE,7057138400,70.5714,79.5613,-8.9899,540,532,8
2022-01-20,complete,SSE|SZSE,2819079120,28.1908,56.0942,-27.9034,540,531,9
2022-01-21,complete,SSE|SZSE,12019149940,120.1915,129.7578,-9.5663,541,532,9
2022-01-24,complete,SSE|SZSE,1780666900,17.8067,44.9408,-27.1341,543,534,9
2022-01-25,complete,SSE|SZSE,3990247990,39.9025,51.8205,-11.918,543,537,6
2022-01-26,complete,SSE|SZSE,1427107800,14.2711,28.8054,-14.5343,541,536,5
2022-01-27,complete,SSE|SZSE,161041050,1.6104,41.3278,-39.7174,542,537,5
2022-01-28,complete,SSE|SZSE,110507130,1.1051,33.189,-32.0839,543,540,3
2022-02-07,complete,SSE|SZSE,-4730847610,-47.3085,15.2203,-62.5288,543,535,8
2022-02-08,complete,SSE|SZSE,8054918300,80.5492,89.6226,-9.0734,543,539,4
2022-02-09,complete,SSE|SZSE,-2560368090,-25.6037,23.1533,-48.757,546,542,4
2022-02-10,complete,SSE|SZSE,2914011450,29.1401,52.1315,-22.9914,547,541,6
2022-02-11,complete,SSE|SZSE,3593704280,35.937,56.5672,-20.6302,547,541,6
2022-02-14,complete,SSE|SZSE,5324745280,53.2475,69.6994,-16.452,548,541,7
2022-02-15,complete,SSE|SZSE,-7625732470,-76.2573,10.6981,-86.9555,548,544,4
2022-02-16,complete,SSE|SZSE,-3956445300,-39.5645,9.0314,-48.5959,550,545,5
2022-02-17,complete,SSE|SZSE,-3734110180,-37.3411,22.1334,-59.4745,552,547,5
2022-02-18,complete,SSE|SZSE,274232100,2.7423,20.3379,-17.5956,553,549,4
2022-02-21,complete,SSE|SZSE,-69455600,-0.6946,26.4539,-27.1484,553,545,8
2022-02-22,complete,SSE|SZSE,3444685160,34.4469,41.9913,-7.5445,553,547,6
2022-02-23,complete,SSE|SZSE,-6260182810,-62.6018,10.8816,-73.4834,553,549,4
2022-02-24,complete,SSE|SZSE,7237120050,72.3712,81.3466,-8.9754,553,549,4
2022-02-25,complete,SSE|SZSE,-980612860,-9.8061,23.6342,-33.4403,553,550,3
2022-02-28,complete,SSE|SZSE,-855773030,-8.5577,16.4432,-25.001,553,547,6
2022-03-01,complete,SSE|SZSE,-2588676120,-25.8868,13.2123,-39.099,553,549,4
2022-03-02,complete,SSE|SZSE,2106776790,21.0678,36.579,-15.5112,553,548,5
2022-03-03,complete,SSE|SZSE,2681807800,26.8181,45.4473,-18.6292,553,549,4
2022-03-04,complete,SSE|SZSE,5395792810,53.9579,61.4255,-7.4676,553,549,4
2022-03-07,complete,SSE|SZSE,5551042020,55.5104,71.7069,-16.1965,553,551,2
2022-03-08,complete,SSE|SZSE,64349800,0.6435,63.0878,-62.4444,554,552,2
2022-03-09,complete,SSE|SZSE,4015289410,40.1529,85.5268,-45.3739,554,552,2
2022-03-10,complete,SSE|SZSE,-13117668130,-131.1767,10.067,-141.2437,554,551,3
2022-03-11,complete,SSE|SZSE,4198435130,41.9844,50.9431,-8.9588,554,549,5
2022-03-14,complete,SSE|SZSE,1956970310,19.5697,38.5064,-18.9367,555,548,7
2022-03-15,complete,SSE|SZSE,2037031200,20.3703,47.1804,-26.8101,556,551,5
2022-03-16,complete,SSE|SZSE,1635850890,16.3585,57.5672,-41.2087,558,555,3
2022-03-17,complete,SSE|SZSE,-12841844280,-128.4184,14.0392,-142.4576,556,555,1
2022-03-18,complete,SSE|SZSE,208740340,2.0874,30.5963,-28.5089,556,553,3
2022-03-21,complete,SSE|SZSE,-8306103310,-83.061,9.9092,-92.9702,557,553,4
2022-03-22,complete,SSE|SZSE,-809368020,-8.0937,21.3475,-29.4412,558,555,3
2022-03-23,complete,SSE|SZSE,-1858713800,-18.5871,11.2712,-29.8584,559,555,4
2022-03-24,complete,SSE|SZSE,-637337600,-6.3734,15.3286,-21.702,559,557,2
2022-03-25,complete,SSE|SZSE,3387605530,33.8761,43.948,-10.072,560,555,5
2022-03-28,complete,SSE|SZSE,4930185450,49.3019,58.8138,-9.5119,561,557,4
2022-03-29,complete,SSE|SZSE,1158122070,11.5812,25.0271,-13.4459,561,557,4
2022-03-30,complete,SSE|SZSE,944820250,9.4482,45.1594,-35.7112,561,559,2
2022-03-31,complete,SSE|SZSE,1590966560,15.9097,30.9983,-15.0886,561,556,5
2022-04-01,complete,SSE|SZSE,-1559953990,-15.5995,24.527,-40.1265,561,558,3
2022-04-06,complete,SSE|SZSE,378934000,3.7893,46.8228,-43.0335,561,555,6
2022-04-07,complete,SSE|SZSE,1766890650,17.6689,40.0173,-22.3484,561,556,5
2022-04-08,complete,SSE|SZSE,2060614640,20.6061,37.8406,-17.2345,561,558,3
2022-04-11,complete,SSE|SZSE,6856595860,68.566,81.5629,-12.9969,561,557,4
2022-04-12,complete,SSE|SZSE,6307237630,63.0724,81.6621,-18.5897,561,554,7
2022-04-13,complete,SSE|SZSE,1505125390,15.0513,33.6529,-18.6016,562,553,9
2022-04-14,complete,SSE|SZSE,1672176020,16.7218,38.4231,-21.7013,562,559,3
2022-04-15,complete,SSE|SZSE,1595674840,15.9567,39.4834,-23.5267,562,559,3
2022-04-18,complete,SSE|SZSE,1716105700,17.1611,34.828,-17.667,562,558,4
2022-04-19,complete,SSE|SZSE,3004124430,30.0412,36.2213,-6.1801,562,554,8
2022-04-20,complete,SSE|SZSE,3525797400,35.258,47.6515,-12.3935,563,554,9
2022-04-21,complete,SSE|SZSE,6561263050,65.6126,76.2915,-10.6788,563,559,4
2022-04-22,complete,SSE|SZSE,939103940,9.391,35.8851,-26.494,564,560,4
2022-04-25,complete,SSE|SZSE,12432234020,124.3223,128.8414,-4.5191,564,558,6
2022-04-26,complete,SSE|SZSE,9098847650,90.9885,102.9831,-11.9947,563,562,1
2022-04-27,complete,SSE|SZSE,2641239980,26.4124,57.3612,-30.9488,563,559,4
2022-04-28,complete,SSE|SZSE,-2225805940,-22.2581,44.8175,-67.0755,563,560,3
2022-04-29,complete,SSE|SZSE,196663730,1.9666,43.6053,-41.6387,564,562,2
2022-05-05,complete,SSE|SZSE,-2943429500,-29.4343,20.741,-50.1753,564,562,2
2022-05-06,complete,SSE|SZSE,-4374066100,-43.7407,14.7642,-58.5048,564,560,4
2022-05-09,complete,SSE|SZSE,-2231502650,-22.315,14.2925,-36.6075,564,556,8
2022-05-10,complete,SSE|SZSE,3747872440,37.4787,54.322,-16.8432,564,558,6
2022-05-11,complete,SSE|SZSE,-11146106020,-111.4611,14.9617,-126.4228,565,559,6
2022-05-12,complete,SSE|SZSE,-968517950,-9.6852,16.3358,-26.021,565,559,6
2022-05-13,complete,SSE|SZSE,-720571250,-7.2057,12.2074,-19.4131,565,562,3
2022-05-16,complete,SSE|SZSE,-2278605650,-22.7861,16.7893,-39.5754,566,556,10
2022-05-17,complete,SSE|SZSE,-796244400,-7.9624,15.9679,-23.9304,568,564,4
2022-05-18,complete,SSE|SZSE,-1677825500,-16.7783,15.3401,-32.1184,567,565,2
2022-05-19,complete,SSE|SZSE,232722650,2.3272,21.382,-19.0548,567,564,3
2022-05-20,complete,SSE|SZSE,-1458947810,-14.5895,21.9727,-36.5622,568,565,3
2022-05-23,complete,SSE|SZSE,-3221443050,-32.2144,15.8626,-48.077,568,564,4
2022-05-24,complete,SSE|SZSE,304580780,3.0458,33.8411,-30.7953,568,565,3
2022-05-25,complete,SSE|SZSE,1984119200,19.8412,32.7504,-12.9092,568,564,4
2022-05-26,complete,SSE|SZSE,554021530,5.5402,23.6058,-18.0656,568,565,3
2022-05-27,complete,SSE|SZSE,530532580,5.3053,23.4403,-18.135,568,565,3
2022-05-30,complete,SSE|SZSE,-3512865050,-35.1287,10.3351,-45.4637,570,565,5
2022-05-31,complete,SSE|SZSE,-1227467050,-12.2747,26.6553,-38.93,570,567,3
2022-06-01,complete,SSE|SZSE,-3414771260,-34.1477,14.2326,-48.3803,570,562,8
2022-06-02,complete,SSE|SZSE,-198026100,-1.9803,33.9844,-35.9646,570,567,3
2022-06-06,complete,SSE|SZSE,-1613584070,-16.1358,41.1501,-57.286,571,569,2
2022-06-07,complete,SSE|SZSE,-2253104470,-22.531,27.6457,-50.1768,571,567,4
2022-06-08,complete,SSE|SZSE,-657203150,-6.572,35.4351,-42.0071,572,568,4
2022-06-09,complete,SSE|SZSE,-2089705320,-20.8971,22.7159,-43.613,572,567,5
2022-06-10,complete,SSE|SZSE,3033574110,30.3357,48.5243,-18.1886,572,569,3
2022-06-13,complete,SSE|SZSE,-2359750150,-23.5975,22.0555,-45.653,572,566,6
2022-06-14,complete,SSE|SZSE,4048188090,40.4819,62.6679,-22.186,572,568,4
2022-06-15,complete,SSE|SZSE,-1106347250,-11.0635,46.0075,-57.071,571,568,3
2022-06-16,complete,SSE|SZSE,735047050,7.3505,34.8667,-27.5162,571,566,5
2022-06-17,complete,SSE|SZSE,-3291620200,-32.9162,23.7904,-56.7066,571,570,1
2022-06-20,complete,SSE|SZSE,-5299638980,-52.9964,25.136,-78.1324,571,570,1
2022-06-21,complete,SSE|SZSE,1568687820,15.6869,35.0496,-19.3628,571,570,1
2022-06-22,complete,SSE|SZSE,-2531739750,-25.3174,19.8377,-45.1551,571,568,3
2022-06-23,complete,SSE|SZSE,612154920,6.1215,40.4637,-34.3422,571,569,2
2022-06-24,complete,SSE|SZSE,-154331490,-1.5433,31.0996,-32.6429,571,569,2
2022-06-27,complete,SSE|SZSE,-1541986220,-15.4199,27.38,-42.7998,571,570,1
2022-06-28,complete,SSE|SZSE,1885823660,18.8582,41.8037,-22.9454,573,572,1
2022-06-29,complete,SSE|SZSE,2075430370,20.7543,46.854,-26.0997,573,570,3
2022-06-30,complete,SSE|SZSE,-4495909000,-44.9591,18.0174,-62.9765,574,568,6
2022-07-01,complete,SSE|SZSE,-925669200,-9.2567,29.7119,-38.9686,574,572,2
2022-07-04,complete,SSE|SZSE,-3888560780,-38.8856,27.5966,-66.4822,574,572,2
2022-07-05,complete,SSE|SZSE,-1564121300,-15.6412,35.6459,-51.2871,574,571,3
2022-07-06,complete,SSE|SZSE,-116159380,-1.1616,33.7706,-34.9322,574,570,4
2022-07-07,complete,SSE|SZSE,-3162118120,-31.6212,18.709,-50.3302,574,572,2
2022-07-08,complete,SSE|SZSE,-191013850,-1.9101,22.5678,-24.4779,575,573,2
2022-07-11,complete,SSE|SZSE,1947093780,19.4709,35.5487,-16.0777,576,576,0
2022-07-12,complete,SSE|SZSE,188288590,1.8829,29.6732,-27.7903,577,575,2
2022-07-13,complete,SSE|SZSE,-1380221200,-13.8022,21.5473,-35.3495,579,577,2
2022-07-14,complete,SSE|SZSE,-1071109240,-10.7111,31.3763,-42.0874,579,577,2
2022-07-15,complete,SSE|SZSE,-2768126820,-27.6813,23.5926,-51.2739,579,576,3
2022-07-18,complete,SSE|SZSE,3614277760,36.1428,55.5526,-19.4098,582,579,3
2022-07-19,complete,SSE|SZSE,2656703410,26.567,43.1697,-16.6027,583,579,4
2022-07-20,complete,SSE|SZSE,-840501770,-8.405,19.9302,-28.3352,586,582,4
2022-07-21,complete,SSE|SZSE,-352453680,-3.5245,28.0435,-31.5681,588,585,3
2022-07-22,complete,SSE|SZSE,2964386760,29.6439,58.545,-28.9011,590,586,4
2022-07-25,complete,SSE|SZSE,381240000,3.8124,25.2195,-21.4071,590,586,4
2022-07-26,complete,SSE|SZSE,2920017270,29.2002,47.3358,-18.1356,590,587,3
2022-07-27,complete,SSE|SZSE,1085705570,10.8571,34.8799,-24.0228,590,584,6
2022-07-28,complete,SSE|SZSE,1039541040,10.3954,41.6704,-31.275,591,586,5
2022-07-29,complete,SSE|SZSE,1640521960,16.4052,43.8529,-27.4477,592,586,6
2022-08-01,complete,SSE|SZSE,-3395790600,-33.9579,12.9089,-46.8668,592,589,3
2022-08-02,complete,SSE|SZSE,7046800650,70.468,83.592,-13.124,593,591,2
2022-08-03,complete,SSE|SZSE,1396287040,13.9629,44.5611,-30.5983,594,592,2
2022-08-04,complete,SSE|SZSE,-1351593160,-13.5159,43.7821,-57.2981,595,591,4
2022-08-05,complete,SSE|SZSE,-860736980,-8.6074,34.76,-43.3674,598,595,3
2022-08-08,complete,SSE|SZSE,-2052821230,-20.5282,27.8084,-48.3367,599,595,4
2022-08-09,complete,SSE|SZSE,-4733109950,-47.3311,17.7145,-65.0456,601,593,8
2022-08-10,complete,SSE|SZSE,-1806170540,-18.0617,17.8979,-35.9596,601,594,7
2022-08-11,complete,SSE|SZSE,2404093770,24.0409,60.4752,-36.4343,601,600,1
2022-08-12,complete,SSE|SZSE,1444980020,14.4498,38.7566,-24.3068,602,598,4
2022-08-15,complete,SSE|SZSE,525977430,5.2598,36.2217,-30.9619,603,596,7
2022-08-16,complete,SSE|SZSE,-902592960,-9.0259,22.2821,-31.3081,603,596,7
2022-08-17,complete,SSE|SZSE,882784200,8.8278,29.2287,-20.4008,603,599,4
2022-08-18,complete,SSE|SZSE,915445720,9.1545,29.8056,-20.6512,603,595,8
2022-08-19,complete,SSE|SZSE,232615550,2.3262,25.435,-23.1089,603,595,8
2022-08-22,complete,SSE|SZSE,-787437040,-7.8744,22.7766,-30.651,605,595,10
2022-08-23,complete,SSE|SZSE,-4374115100,-43.7412,14.8835,-58.6247,604,596,8
2022-08-24,complete,SSE|SZSE,-158455390,-1.5846,48.3722,-49.9568,604,596,8
2022-08-25,complete,SSE|SZSE,873624520,8.7362,32.4333,-23.6971,604,597,7
2022-08-26,complete,SSE|SZSE,4907141828,49.0714,77.0751,-28.0037,605,597,8
2022-08-29,complete,SSE|SZSE,3469085240,34.6909,48.904,-14.2132,605,596,9
2022-08-30,complete,SSE|SZSE,717114540,7.1711,26.2499,-19.0788,605,596,9
2022-08-31,complete,SSE|SZSE,7860665430,78.6067,94.7245,-16.1179,605,601,4
2022-09-01,complete,SSE|SZSE,-759489350,-7.5949,32.8895,-40.4844,606,599,7
2022-09-02,complete,SSE|SZSE,4922342180,49.2234,59.9065,-10.6831,606,599,7
2022-09-05,complete,SSE|SZSE,808245950,8.0825,32.5567,-24.4743,606,598,8
2022-09-06,complete,SSE|SZSE,1527687500,15.2769,37.3164,-22.0396,606,598,8
2022-09-07,complete,SSE|SZSE,-657257140,-6.5726,30.5384,-37.111,606,601,5
2022-09-08,complete,SSE|SZSE,1690973400,16.9097,33.7589,-16.8492,606,595,11
2022-09-09,complete,SSE|SZSE,2843350390,28.4335,59.8457,-31.4122,608,600,8
2022-09-13,complete,SSE|SZSE,-267238660,-2.6724,31.431,-34.1034,609,603,6
2022-09-14,complete,SSE|SZSE,4920659290,49.2066,59.781,-10.5744,609,604,5
2022-09-15,complete,SSE|SZSE,5480676330,54.8068,87.1877,-32.3809,609,603,6
2022-09-16,complete,SSE|SZSE,6923029700,69.2303,102.1323,-32.902,609,607,2
2022-09-19,complete,SSE|SZSE,2886222000,28.8622,48.9484,-20.0862,609,606,3
2022-09-20,complete,SSE|SZSE,3471400,0.0347,21.3734,-21.3386,609,600,9
2022-09-21,complete,SSE|SZSE,5377025490,53.7703,61.1367,-7.3664,609,605,4
2022-09-22,complete,SSE|SZSE,3336093500,33.3609,39.7744,-6.4134,609,601,8
2022-09-23,complete,SSE|SZSE,4361864250,43.6186,52.0535,-8.4348,609,605,4
2022-09-26,complete,SSE|SZSE,5023229340,50.2323,74.96,-24.7277,610,602,8
2022-09-27,complete,SSE|SZSE,2624473930,26.2447,49.4971,-23.2523,610,603,7
2022-09-28,complete,SSE|SZSE,189287050,1.8929,25.3114,-23.4185,610,601,9
2022-09-29,complete,SSE|SZSE,2633898520,26.339,42.9638,-16.6248,610,604,6
2022-09-30,complete,SSE|SZSE,4590382120,45.9038,55.6085,-9.7047,609,601,8
2022-10-10,complete,SSE|SZSE,4550890320,45.5089,54.5094,-9.0005,609,603,6
2022-10-11,complete,SSE|SZSE,2901340340,29.0134,46.4768,-17.4634,609,605,4
2022-10-12,complete,SSE|SZSE,1468295400,14.683,41.5853,-26.9023,610,606,4
2022-10-13,complete,SSE|SZSE,-2349153400,-23.4915,17.9382,-41.4298,610,607,3
2022-10-14,complete,SSE|SZSE,453634000,4.5363,39.1463,-34.61,610,608,2
2022-10-17,complete,SSE|SZSE,-25306060,-0.2531,24.5567,-24.8097,610,607,3
2022-10-18,complete,SSE|SZSE,-2425995580,-24.26,15.4948,-39.7547,611,605,6
2022-10-19,complete,SSE|SZSE,706266550,7.0627,21.9171,-14.8544,611,603,8
2022-10-20,complete,SSE|SZSE,-2180550910,-21.8055,21.8466,-43.6521,611,602,9
2022-10-21,complete,SSE|SZSE,222476010,2.2248,18.9324,-16.7077,611,596,15
2022-10-24,complete,SSE|SZSE,3238242950,32.3824,49.8992,-17.5168,611,605,6
2022-10-25,complete,SSE|SZSE,8370886240,83.7089,95.8222,-12.1133,611,605,6
2022-10-26,complete,SSE|SZSE,1083819520,10.8382,56.0426,-45.2044,612,605,7
2022-10-27,complete,SSE|SZSE,5026759780,50.2676,66.3936,-16.126,616,610,6
2022-10-28,complete,SSE|SZSE,5286518200,52.8652,61.9582,-9.093,616,610,6
2022-10-31,complete,SSE|SZSE,4355086360,43.5509,54.63,-11.0791,616,610,6
2022-11-01,complete,SSE|SZSE,6075316550,60.7532,84.1468,-23.3936,618,610,8
2022-11-02,complete,SSE|SZSE,-3764257430,-37.6426,30.2101,-67.8527,619,612,7
2022-11-03,complete,SSE|SZSE,1515448780,15.1545,38.771,-23.6165,619,610,9
2022-11-04,complete,SSE|SZSE,3605569760,36.0557,66.0291,-29.9734,619,613,6
2022-11-07,complete,SSE|SZSE,-1970786330,-19.7079,21.9336,-41.6415,619,614,5
2022-11-08,complete,SSE|SZSE,1244507700,12.4451,28.3176,-15.8725,618,611,7
2022-11-09,complete,SSE|SZSE,-118594100,-1.1859,21.576,-22.7619,618,611,7
2022-11-10,complete,SSE|SZSE,4339922800,43.3992,64.3497,-20.9505,618,607,11
2022-11-11,complete,SSE|SZSE,4963505120,49.6351,84.7394,-35.1044,619,612,7
2022-11-14,complete,SSE|SZSE,-755569760,-7.5557,46.8401,-54.3958,619,611,8
2022-11-15,complete,SSE|SZSE,-1389695150,-13.897,35.6549,-49.5519,619,612,7
2022-11-16,complete,SSE|SZSE,1185779750,11.8578,35.7552,-23.8974,619,610,9
2022-11-17,complete,SSE|SZSE,2996937680,29.9694,50.0449,-20.0755,619,609,10
2022-11-18,complete,SSE|SZSE,-241492320,-2.4149,45.6237,-48.0386,619,607,12
2022-11-21,complete,SSE|SZSE,4627810290,46.2781,54.2899,-8.0118,618,607,11
2022-11-22,complete,SSE|SZSE,-3442400460,-34.424,28.057,-62.481,619,610,9
2022-11-23,complete,SSE|SZSE,2537058490,25.3706,44.5065,-19.1359,619,607,12
2022-11-24,complete,SSE|SZSE,93504800,0.935,24.724,-23.7889,619,605,14
2022-11-25,complete,SSE|SZSE,2393905260,23.9391,39.9159,-15.9768,619,607,12
2022-11-28,complete,SSE|SZSE,4128174740,41.2817,50.3053,-9.0235,620,609,11
2022-11-29,complete,SSE|SZSE,1209276660,12.0928,65.1172,-53.0244,618,611,7
2022-11-30,complete,SSE|SZSE,-142867230,-1.4287,28.8958,-30.3245,620,609,11
2022-12-01,complete,SSE|SZSE,-175445750,-1.7545,40.0925,-41.847,621,611,10
2022-12-02,complete,SSE|SZSE,4550718900,45.5072,63.2613,-17.7541,622,611,11
2022-12-05,complete,SSE|SZSE,-2834213320,-28.3421,68.0589,-96.401,623,612,11
2022-12-06,complete,SSE|SZSE,-2085502360,-20.855,24.5426,-45.3977,623,615,8
2022-12-07,complete,SSE|SZSE,-1187655500,-11.8766,36.1934,-48.07,623,615,8
2022-12-08,complete,SSE|SZSE,-1990034870,-19.9003,20.9102,-40.8105,623,611,12
2022-12-09,complete,SSE|SZSE,2172868010,21.7287,41.7425,-20.0138,624,615,9
2022-12-12,complete,SSE|SZSE,1442178740,14.4218,38.9386,-24.5168,624,615,9
2022-12-13,complete,SSE|SZSE,3425035710,34.2504,48.1927,-13.9423,625,613,12
2022-12-14,complete,SSE|SZSE,685627610,6.8563,35.8248,-28.9685,626,615,11
2022-12-15,complete,SSE|SZSE,419658380,4.1966,24.3069,-20.1103,626,613,13
2022-12-16,complete,SSE|SZSE,4948816050,49.4882,64.3183,-14.8302,626,617,9
2022-12-19,complete,SSE|SZSE,6013185050,60.1319,70.8255,-10.6936,626,616,10
2022-12-20,complete,SSE|SZSE,5502650600,55.0265,68.8139,-13.7873,625,616,9
2022-12-21,complete,SSE|SZSE,-88930100,-0.8893,22.8112,-23.7005,625,616,9
2022-12-22,complete,SSE|SZSE,1278347280,12.7835,30.5009,-17.7175,623,616,7
2022-12-23,complete,SSE|SZSE,8865875500,88.6588,100.8725,-12.2138,624,615,9
2022-12-26,complete,SSE|SZSE,1588324750,15.8832,45.8665,-29.9833,624,618,6
2022-12-27,complete,SSE|SZSE,-3265787720,-32.6579,12.9619,-45.6197,622,617,5
2022-12-28,complete,SSE|SZSE,1165381900,11.6538,35.3892,-23.7354,622,613,9
2022-12-29,complete,SSE|SZSE,2281210700,22.8121,49.1907,-26.3786,622,616,6
2022-12-30,complete,SSE|SZSE,5081402240,50.814,71.0256,-20.2116,623,618,5
2023-01-03,complete,SSE|SZSE,-1874511000,-18.7451,40.0446,-58.7897,625,620,5
2023-01-04,complete,SSE|SZSE,-4990681160,-49.9068,34.7805,-84.6873,626,620,6
2023-01-05,complete,SSE|SZSE,-5835882900,-58.3588,19.8182,-78.177,626,620,6
2023-01-06,complete,SSE|SZSE,-345273600,-3.4527,57.8691,-61.3218,628,624,4
2023-01-09,complete,SSE|SZSE,-4455570700,-44.5557,28.7786,-73.3343,630,625,5
2023-01-10,complete,SSE|SZSE,-3558533570,-35.5853,19.4258,-55.0111,630,626,4
2023-01-11,complete,SSE|SZSE,-2029758440,-20.2976,17.0306,-37.3282,631,626,5
2023-01-12,complete,SSE|SZSE,-66983280,-0.6698,29.4696,-30.1394,631,625,6
2023-01-13,complete,SSE|SZSE,1011766660,10.1177,44.7202,-34.6026,632,627,5
2023-01-16,complete,SSE|SZSE,10090656400,100.9066,154.3324,-53.4259,634,631,3
2023-01-17,complete,SSE|SZSE,4251508280,42.5151,70.7617,-28.2466,634,628,6
2023-01-18,complete,SSE|SZSE,2409949800,24.0995,42.2858,-18.1863,634,629,5
2023-01-19,complete,SSE|SZSE,62527260,0.6253,40.9423,-40.317,634,631,3
2023-01-20,complete,SSE|SZSE,6326770950,63.2677,78.4549,-15.1872,634,630,4
2023-01-30,complete,SSE|SZSE,1628100100,16.281,61.5499,-45.2689,634,629,5
2023-01-31,complete,SSE|SZSE,6797854510,67.9785,84.1284,-16.1499,634,628,6
2023-02-01,complete,SSE|SZSE,-3164056980,-31.6406,43.5339,-75.1745,634,627,7
2023-02-02,complete,SSE|SZSE,-4486770900,-44.8677,38.6283,-83.496,634,626,8
2023-02-03,complete,SSE|SZSE,-1666714000,-16.6671,34.0542,-50.7213,634,625,9
2023-02-06,complete,SSE|SZSE,-3983325100,-39.8333,28.5997,-68.4329,634,625,9
2023-02-07,complete,SSE|SZSE,-11179008760,-111.7901,16.2885,-128.0786,634,624,10
2023-02-08,complete,SSE|SZSE,-5279901910,-52.799,17.6483,-70.4473,634,626,8
2023-02-09,complete,SSE|SZSE,4973528100,49.7353,83.7679,-34.0326,634,626,8
2023-02-10,complete,SSE|SZSE,-4527198150,-45.272,23.7751,-69.047,634,626,8
2023-02-13,complete,SSE|SZSE,-6305661920,-63.0566,25.3719,-88.4286,635,628,7
2023-02-14,complete,SSE|SZSE,-1884167750,-18.8417,22.5092,-41.3509,635,627,8
2023-02-15,complete,SSE|SZSE,-4720277570,-47.2028,14.4719,-61.6747,635,628,7
2023-02-16,complete,SSE|SZSE,-174450260,-1.7445,33.371,-35.1155,635,629,6
2023-02-17,complete,SSE|SZSE,1888408530,18.8841,48.0753,-29.1912,635,629,6
2023-02-20,complete,SSE|SZSE,-8246747620,-82.4675,30.1068,-112.5742,635,629,6
2023-02-21,complete,SSE|SZSE,1779290530,17.7929,57.6915,-39.8986,635,629,6
2023-02-22,complete,SSE|SZSE,-719870000,-7.1987,27.0702,-34.2689,636,627,9
2023-02-23,complete,SSE|SZSE,-3559289620,-35.5929,22.1572,-57.7501,636,626,10
2023-02-24,complete,SSE|SZSE,-1492014450,-14.9201,28.8942,-43.8144,636,629,7
2023-02-27,complete,SSE|SZSE,-1237027900,-12.3703,31.5848,-43.9551,638,630,8
2023-02-28,complete,SSE|SZSE,2791122548,27.9112,51.0571,-23.1458,638,629,9
2023-03-01,complete,SSE|SZSE,5866812990,58.6681,79.9468,-21.2786,638,627,11
2023-03-02,complete,SSE|SZSE,886875570,8.8688,39.633,-30.7642,638,629,9
2023-03-03,complete,SSE|SZSE,-2964723050,-29.6472,27.4451,-57.0923,638,630,8
2023-03-06,complete,SSE|SZSE,-4892641480,-48.9264,34.1573,-83.0837,638,631,7
2023-03-07,complete,SSE|SZSE,2286995760,22.87,68.9512,-46.0813,638,631,7
2023-03-08,complete,SSE|SZSE,3885990320,38.8599,54.2202,-15.3603,638,632,6
2023-03-09,complete,SSE|SZSE,-4604500920,-46.045,21.6873,-67.7323,638,632,6
2023-03-10,complete,SSE|SZSE,3648096150,36.481,53.7818,-17.3008,639,632,7
2023-03-13,complete,SSE|SZSE,3606201300,36.062,51.4921,-15.4301,641,630,11
2023-03-14,complete,SSE|SZSE,1220303250,12.203,45.9417,-33.7387,643,631,12
2023-03-15,complete,SSE|SZSE,-62375470,-0.6238,32.0523,-32.6761,643,635,8
2023-03-16,complete,SSE|SZSE,8554200600,85.542,95.3489,-9.8069,643,636,7
2023-03-17,complete,SSE|SZSE,3930269020,39.3027,87.0948,-47.7922,643,637,6
2023-03-20,complete,SSE|SZSE,2265180170,22.6518,59.1297,-36.4779,643,638,5
2023-03-21,complete,SSE|SZSE,-998262400,-9.9826,34.3079,-44.2905,643,634,9
2023-03-22,complete,SSE|SZSE,-1814557550,-18.1456,30.1447,-48.2903,642,638,4
2023-03-23,complete,SSE|SZSE,-4982221340,-49.8222,26.7278,-76.55,642,638,4
2023-03-24,complete,SSE|SZSE,-337147740,-3.3715,37.8894,-41.2609,643,635,8
2023-03-27,complete,SSE|SZSE,-3222290380,-32.2229,29.4846,-61.7075,643,633,10
2023-03-28,complete,SSE|SZSE,1011234920,10.1123,44.316,-34.2037,644,635,9
2023-03-29,complete,SSE|SZSE,-528258680,-5.2826,43.6237,-48.9063,644,638,6
2023-03-30,complete,SSE|SZSE,3916511280,39.1651,71.0351,-31.87,645,634,11
2023-03-31,complete,SSE|SZSE,2905306700,29.0531,63.6496,-34.5965,645,637,8
2023-04-03,complete,SSE|SZSE,-11268776920,-112.6878,41.4069,-154.0947,647,640,7
2023-04-04,complete,SSE|SZSE,-3576122000,-35.7612,64.8557,-100.617,647,639,8
2023-04-06,complete,SSE|SZSE,-8233546450,-82.3355,40.6198,-122.9553,647,641,6
2023-04-07,complete,SSE|SZSE,1058023900,10.5802,59.3338,-48.7535,647,642,5
2023-04-10,complete,SSE|SZSE,539941950,5.3994,58.1283,-52.7289,646,642,4
2023-04-11,complete,SSE|SZSE,1305720360,13.0572,62.4133,-49.3561,646,641,5
2023-04-12,complete,SSE|SZSE,-3098214470,-30.9821,48.4301,-79.4122,647,641,6
2023-04-13,complete,SSE|SZSE,2830333800,28.3033,60.7872,-32.4838,648,643,5
2023-04-14,complete,SSE|SZSE,-731918340,-7.3192,48.7602,-56.0793,648,642,6
2023-04-17,complete,SSE|SZSE,488451060,4.8845,51.7464,-46.8619,648,644,4
2023-04-18,complete,SSE|SZSE,2830880760,28.3088,65.3411,-37.0323,648,643,5
2023-04-19,complete,SSE|SZSE,1572281560,15.7228,49.9809,-34.2581,649,645,4
2023-04-20,complete,SSE|SZSE,865259800,8.6526,59.8944,-51.2418,649,645,4
2023-04-21,complete,SSE|SZSE,5217132800,52.1713,82.816,-30.6446,649,645,4
2023-04-24,complete,SSE|SZSE,10140177250,101.4018,116.3602,-14.9584,650,645,5
2023-04-25,complete,SSE|SZSE,16419378590,164.1938,185.9641,-21.7703,651,643,8
2023-04-26,complete,SSE|SZSE,5596282080,55.9628,105.6899,-49.7271,651,646,5
2023-04-27,complete,SSE|SZSE,9103041490,91.0304,114.4758,-23.4454,650,642,8
2023-04-28,complete,SSE|SZSE,9596649350,95.9665,109.5711,-13.6046,649,647,2
2023-05-04,complete,SSE|SZSE,2034995650,20.35,77.0189,-56.6689,650,646,4
2023-05-05,complete,SSE|SZSE,954304100,9.543,73.0312,-63.4881,650,647,3
2023-05-08,complete,SSE|SZSE,812105000,8.1211,81.458,-73.3369,649,647,2
2023-05-09,complete,SSE|SZSE,3647813600,36.4781,110.3297,-73.8516,651,647,4
2023-05-10,complete,SSE|SZSE,11224065400,112.2407,145.5896,-33.3489,652,646,6
2023-05-11,complete,SSE|SZSE,1412615950,14.1262,41.8239,-27.6977,652,647,5
2023-05-12,complete,SSE|SZSE,4946805100,49.4681,68.5028,-19.0347,652,649,3
2023-05-15,complete,SSE|SZSE,5187011080,51.8701,76.3621,-24.492,653,650,3
2023-05-16,complete,SSE|SZSE,315347700,3.1535,32.8556,-29.7021,653,648,5
2023-05-17,complete,SSE|SZSE,4560873110,45.6087,67.1753,-21.5666,653,651,2
2023-05-18,complete,SSE|SZSE,-2021279130,-20.2128,35.8627,-56.0755,653,648,5
2023-05-19,complete,SSE|SZSE,-262075250,-2.6208,38.178,-40.7988,653,645,8
2023-05-22,complete,SSE|SZSE,-367151150,-3.6715,33.6776,-37.3491,653,649,4
2023-05-23,complete,SSE|SZSE,1927000580,19.27,43.817,-24.547,654,650,4
2023-05-24,complete,SSE|SZSE,4183500930,41.835,69.5336,-27.6986,655,653,2
2023-05-25,complete,SSE|SZSE,5611011120,56.1101,70.2501,-14.14,655,652,3
2023-05-26,complete,SSE|SZSE,4789606380,47.8961,64.2977,-16.4017,655,649,6
2023-05-29,complete,SSE|SZSE,4228447400,42.2845,68.3526,-26.0682,655,652,3
2023-05-30,complete,SSE|SZSE,8370229050,83.7023,90.8141,-7.1118,655,650,5
2023-05-31,complete,SSE|SZSE,7381718700,73.8172,90.6908,-16.8736,656,649,7
2023-06-01,complete,SSE|SZSE,5757434670,57.5743,72.7479,-15.1736,656,649,7
2023-06-02,complete,SSE|SZSE,4077619760,40.7762,61.4031,-20.627,656,653,3
2023-06-05,complete,SSE|SZSE,1919435000,19.1944,52.8219,-33.6276,656,649,7
2023-06-06,complete,SSE|SZSE,2212117180,22.1212,53.2663,-31.1451,657,652,5
2023-06-07,complete,SSE|SZSE,4578690580,45.7869,57.2733,-11.4864,660,654,6
2023-06-08,complete,SSE|SZSE,6319216981,63.1922,89.1248,-25.9326,660,653,7
2023-06-09,complete,SSE|SZSE,6888044450,68.8804,77.2429,-8.3625,660,655,5
2023-06-12,complete,SSE|SZSE,465843630,4.6584,37.5116,-32.8532,660,655,5
2023-06-13,complete,SSE|SZSE,-346311100,-3.4631,33.7264,-37.1895,661,656,5
2023-06-14,complete,SSE|SZSE,-843868920,-8.4387,42.9693,-51.408,661,656,5
2023-06-15,complete,SSE|SZSE,-3286566050,-32.8657,45.2287,-78.0944,661,657,4
2023-06-16,complete,SSE|SZSE,-176182360,-1.7618,56.493,-58.2548,661,658,3
2023-06-19,complete,SSE|SZSE,-4581688820,-45.8169,23.7055,-69.5223,661,654,7
2023-06-20,complete,SSE|SZSE,-2340275120,-23.4028,35.3924,-58.7952,661,653,8
2023-06-21,complete,SSE|SZSE,3309580160,33.0958,66.5156,-33.4198,662,659,3
2023-06-26,complete,SSE|SZSE,15402066970,154.0207,173.4293,-19.4086,662,653,9
2023-06-27,complete,SSE|SZSE,1923548390,19.2355,64.3368,-45.1013,662,658,4
2023-06-28,complete,SSE|SZSE,3371771160,33.7177,54.163,-20.4453,662,651,11
2023-06-29,complete,SSE|SZSE,-328598430,-3.286,38.1819,-41.4679,662,651,11
2023-06-30,complete,SSE|SZSE,4186756840,41.8676,68.1875,-26.3199,662,651,11
2023-07-03,complete,SSE|SZSE,-280717100,-2.8072,49.9801,-52.7872,662,655,7
2023-07-04,complete,SSE|SZSE,-3804334500,-38.0433,27.4412,-65.4845,662,657,5
2023-07-05,complete,SSE|SZSE,-1409850270,-14.0985,39.1758,-53.2743,662,655,7
2023-07-06,complete,SSE|SZSE,787305500,7.8731,36.5636,-28.6906,663,657,6
2023-07-07,complete,SSE|SZSE,2033298359,20.333,46.3957,-26.0627,665,659,6
2023-07-10,complete,SSE|SZSE,662347280,6.6235,28.0486,-21.4251,665,659,6
2023-07-11,complete,SSE|SZSE,518014500,5.1801,34.8583,-29.6781,666,658,8
2023-07-12,complete,SSE|SZSE,4023157260,40.2316,54.8195,-14.5879,666,659,7
2023-07-13,complete,SSE|SZSE,1031510340,10.3151,59.0606,-48.7455,666,661,5
2023-07-14,complete,SSE|SZSE,-834046100,-8.3405,18.9694,-27.3099,668,663,5
2023-07-17,complete,SSE|SZSE,-571980440,-5.7198,35.001,-40.7208,669,662,7
2023-07-18,complete,SSE|SZSE,1802458100,18.0246,32.3695,-14.3449,669,659,10
2023-07-19,complete,SSE|SZSE,5297437040,52.9744,62.8768,-9.9024,670,664,6
2023-07-20,complete,SSE|SZSE,10271036880,102.7104,113.6271,-10.9167,671,665,6
2023-07-21,complete,SSE|SZSE,6155033510,61.5503,81.272,-19.7216,671,664,7
2023-07-24,complete,SSE|SZSE,4426645830,44.2665,61.4259,-17.1594,671,663,8
2023-07-25,complete,SSE|SZSE,-3069218240,-30.6922,52.7246,-83.4168,672,666,6
2023-07-26,complete,SSE|SZSE,1629332200,16.2933,44.7566,-28.4633,672,667,5
2023-07-27,complete,SSE|SZSE,1992497800,19.925,61.6464,-41.7214,673,669,4
2023-07-28,complete,SSE|SZSE,9874583360,98.7458,145.6171,-46.8713,673,669,4
2023-07-31,complete,SSE|SZSE,11721667100,117.2167,164.2385,-47.0218,672,667,5
2023-08-01,complete,SSE|SZSE,6032344410,60.3234,104.0429,-43.7195,673,670,3
2023-08-02,complete,SSE|SZSE,1856580750,18.5658,64.9371,-46.3713,673,668,5
2023-08-03,complete,SSE|SZSE,-1768624050,-17.6862,40.3901,-58.0763,673,668,5
2023-08-04,complete,SSE|SZSE,6785678620,67.8568,100.2161,-32.3593,673,669,4
2023-08-07,complete,SSE|SZSE,15255963840,152.5596,179.697,-27.1374,674,669,5
2023-08-08,complete,SSE|SZSE,9209571360,92.0957,113.8569,-21.7612,674,667,7
2023-08-09,complete,SSE|SZSE,11456358250,114.5636,148.5774,-34.0139,674,668,6
2023-08-10,complete,SSE|SZSE,4626741790,46.2674,63.3719,-17.1045,677,668,9
2023-08-11,complete,SSE|SZSE,3510284540,35.1028,69.0206,-33.9178,675,674,1
2023-08-14,complete,SSE|SZSE,7481155700,74.8116,91.9156,-17.104,675,670,5
2023-08-15,complete,SSE|SZSE,5602636140,56.0264,79.4339,-23.4076,675,669,6
2023-08-16,complete,SSE|SZSE,7445310550,74.4531,91.9718,-17.5187,676,675,1
2023-08-17,complete,SSE|SZSE,9322791670,93.2279,107.2737,-14.0458,676,673,3
2023-08-18,complete,SSE|SZSE,6831081440,68.3108,82.1434,-13.8326,677,674,3
2023-08-21,complete,SSE|SZSE,4582529570,45.8253,74.327,-28.5017,677,674,3
2023-08-22,complete,SSE|SZSE,5503061070,55.0306,90.9179,-35.8873,677,675,2
2023-08-23,complete,SSE|SZSE,4329890240,43.2989,68.18,-24.8811,677,673,4
2023-08-24,complete,SSE|SZSE,979022300,9.7902,57.225,-47.4348,677,674,3
2023-08-25,complete,SSE|SZSE,9475688160,94.7569,102.6354,-7.8785,677,675,2
2023-08-28,complete,SSE|SZSE,11569374440,115.6937,146.032,-30.3382,677,676,1
2023-08-29,complete,SSE|SZSE,18616551800,186.1655,217.8035,-31.638,677,676,1
2023-08-30,complete,SSE|SZSE,355735450,3.5574,62.8803,-59.323,677,674,3
2023-08-31,complete,SSE|SZSE,-1042512850,-10.4251,30.4095,-40.8347,677,673,4
2023-09-01,complete,SSE|SZSE,-1670171690,-16.7017,27.9615,-44.6632,679,678,1
2023-09-04,complete,SSE|SZSE,1173387580,11.7339,56.5936,-44.8597,680,678,2
2023-09-05,complete,SSE|SZSE,-2645872460,-26.4587,28.7626,-55.2213,681,679,2
2023-09-06,complete,SSE|SZSE,322248200,3.2225,37.1515,-33.9291,682,679,3
2023-09-07,complete,SSE|SZSE,-1518962820,-15.1896,36.4829,-51.6725,683,680,3
2023-09-08,complete,SSE|SZSE,-3339262830,-33.3926,23.981,-57.3736,683,679,4
2023-09-11,complete,SSE|SZSE,-2542836830,-25.4284,18.3866,-43.8149,683,681,2
2023-09-12,complete,SSE|SZSE,-774175900,-7.7418,13.1054,-20.8471,683,679,4
2023-09-13,complete,SSE|SZSE,-1327983030,-13.2798,38.4895,-51.7693,683,681,2
2023-09-14,complete,SSE|SZSE,-133290160,-1.3329,40.6266,-41.9595,683,679,4
2023-09-15,complete,SSE|SZSE,1670285150,16.7029,43.4138,-26.711,685,684,1
2023-09-18,complete,SSE|SZSE,7289237050,72.8924,91.1146,-18.2222,691,688,3
2023-09-19,complete,SSE|SZSE,2889372500,28.8937,40.5428,-11.6491,693,689,4
2023-09-20,complete,SSE|SZSE,5463561480,54.6356,66.1806,-11.545,693,687,6
2023-09-21,complete,SSE|SZSE,2331071810,23.3107,42.5679,-19.2572,695,692,3
2023-09-22,complete,SSE|SZSE,5939991700,59.3999,89.2275,-29.8276,699,696,3
2023-09-25,complete,SSE|SZSE,-2517989210,-25.1799,27.3203,-52.5002,700,697,3
2023-09-26,complete,SSE|SZSE,4666853790,46.6685,67.029,-20.3604,701,695,6
2023-09-27,complete,SSE|SZSE,2956624550,29.5662,64.3167,-34.7505,701,695,6
2023-09-28,complete,SSE|SZSE,1803481200,18.0348,58.3235,-40.2887,703,698,5
2023-10-09,complete,SSE|SZSE,-3022109750,-30.2211,25.2325,-55.4536,703,699,4
2023-10-10,complete,SSE|SZSE,-217920700,-2.1792,38.0543,-40.2335,704,700,4
2023-10-11,complete,SSE|SZSE,-5792375200,-57.9238,30.1446,-88.0684,704,702,2
2023-10-12,complete,SSE|SZSE,-2238733430,-22.3873,20.01,-42.3974,704,702,2
2023-10-13,complete,SSE|SZSE,2945509840,29.4551,46.9178,-17.4627,705,704,1
2023-10-16,complete,SSE|SZSE,-1192277830,-11.9228,28.2311,-40.1539,706,705,1
2023-10-17,complete,SSE|SZSE,-2662429980,-26.6243,13.4258,-40.0501,707,706,1
2023-10-18,complete,SSE|SZSE,1538943530,15.3894,32.586,-17.1966,707,704,3
2023-10-19,complete,SSE|SZSE,-1495925290,-14.9593,33.6678,-48.6271,709,705,4
2023-10-20,complete,SSE|SZSE,-196681240,-1.9668,50.4416,-52.4084,710,708,2
2023-10-23,complete,SSE|SZSE,4691778300,46.9178,90.7477,-43.8299,710,708,2
2023-10-24,complete,SSE|SZSE,4306236940,43.0624,92.2989,-49.2365,709,707,2
2023-10-25,complete,SSE|SZSE,3002450650,30.0245,73.0021,-42.9776,709,705,4
2023-10-26,complete,SSE|SZSE,3203103960,32.031,53.0601,-21.0291,709,708,1
2023-10-27,complete,SSE|SZSE,-850452740,-8.5045,40.9868,-49.4914,709,707,2
2023-10-30,complete,SSE|SZSE,-8375437590,-83.7544,32.2392,-115.9936,709,707,2
2023-10-31,complete,SSE|SZSE,-1592321410,-15.9232,22.4894,-38.4126,712,709,3
2023-11-01,complete,SSE|SZSE,-2354451390,-23.5445,24.6208,-48.1653,713,708,5
2023-11-02,complete,SSE|SZSE,3974761190,39.7476,51.6705,-11.9229,714,711,3
2023-11-03,complete,SSE|SZSE,5362650650,53.6265,78.7766,-25.1501,714,712,2
2023-11-06,complete,SSE|SZSE,-4443545960,-44.4355,33.0408,-77.4763,714,712,2
2023-11-07,complete,SSE|SZSE,710064740,7.1006,52.5931,-45.4925,714,710,4
2023-11-08,complete,SSE|SZSE,-4502589100,-45.0259,35.7821,-80.808,715,711,4
2023-11-09,complete,SSE|SZSE,-423778600,-4.2378,35.5928,-39.8306,715,712,3
2023-11-10,complete,SSE|SZSE,-1389410560,-13.8941,25.2495,-39.1436,715,712,3
2023-11-13,complete,SSE|SZSE,1353664950,13.5366,40.3775,-26.8408,716,713,3
2023-11-14,complete,SSE|SZSE,-26263350,-0.2626,33.7165,-33.9791,715,711,4
2023-11-15,complete,SSE|SZSE,422645150,4.2265,29.4087,-25.1822,715,712,3
2023-11-16,complete,SSE|SZSE,-1211977050,-12.1198,24.2082,-36.3279,716,713,3
2023-11-17,complete,SSE|SZSE,1017713450,10.1771,54.1176,-43.9404,719,714,5
2023-11-20,complete,SSE|SZSE,19910750,0.1991,38.5115,-38.3124,721,715,6
2023-11-21,complete,SSE|SZSE,2139436350,21.3944,40.1438,-18.7494,721,717,4
2023-11-22,complete,SSE|SZSE,2091770330,20.9177,38.3582,-17.4405,721,716,5
2023-11-23,complete,SSE|SZSE,786744100,7.8674,29.9183,-22.0508,721,718,3
2023-11-24,complete,SSE|SZSE,-2293013190,-22.9301,39.6353,-62.5654,720,717,3
2023-11-27,complete,SSE|SZSE,-594445920,-5.9445,21.9936,-27.9381,720,716,4
2023-11-28,complete,SSE|SZSE,1111623400,11.1162,29.2638,-18.1476,720,714,6
2023-11-29,complete,SSE|SZSE,858430980,8.5843,37.5232,-28.9389,720,716,4
2023-11-30,complete,SSE|SZSE,1049640240,10.4964,29.0893,-18.5929,720,716,4
2023-12-01,complete,SSE|SZSE,7616859430,76.1686,92.9638,-16.7952,721,716,5
2023-12-04,complete,SSE|SZSE,1553658660,15.5366,42.5038,-26.9672,723,720,3
2023-12-05,complete,SSE|SZSE,1273347600,12.7335,43.1737,-30.4403,723,717,6
2023-12-06,complete,SSE|SZSE,-484510670,-4.8451,33.5918,-38.4369,723,720,3
2023-12-07,complete,SSE|SZSE,5062468800,50.6247,62.2812,-11.6565,723,719,4
2023-12-08,complete,SSE|SZSE,873475900,8.7348,41.8576,-33.1229,723,720,3
2023-12-11,complete,SSE|SZSE,6173829070,61.7383,87.3695,-25.6312,726,722,4
2023-12-12,complete,SSE|SZSE,2915013290,29.1501,54.5129,-25.3628,730,724,6
2023-12-13,complete,SSE|SZSE,2161817860,21.6182,40.1631,-18.545,731,724,7
2023-12-14,complete,SSE|SZSE,2522820680,25.2282,42.8431,-17.6149,732,728,4
2023-12-15,complete,SSE|SZSE,2283665700,22.8367,53.5648,-30.7282,733,728,5
2023-12-18,complete,SSE|SZSE,5633128880,56.3313,63.8296,-7.4983,732,727,5
2023-12-19,complete,SSE|SZSE,9454357300,94.5436,104.9777,-10.4341,734,728,6
2023-12-20,complete,SSE|SZSE,5924072220,59.2407,71.4845,-12.2438,734,729,5
2023-12-21,complete,SSE|SZSE,8975152720,89.7515,106.9197,-17.1682,733,728,5
2023-12-22,complete,SSE|SZSE,9070303940,90.703,113.396,-22.6929,733,731,2
2023-12-25,complete,SSE|SZSE,4592272780,45.9227,63.9546,-18.0319,735,730,5
2023-12-26,complete,SSE|SZSE,3732439050,37.3244,63.0337,-25.7093,735,731,4
2023-12-27,complete,SSE|SZSE,2035582180,20.3558,53.2024,-32.8466,735,732,3
2023-12-28,complete,SSE|SZSE,12465334830,124.6533,160.3043,-35.6509,735,730,5
2023-12-29,complete,SSE|SZSE,12889462830,128.8946,155.5631,-26.6685,734,732,2
2024-01-02,complete,SSE|SZSE,-5048756590,-50.4876,21.7044,-72.192,736,734,2
2024-01-03,complete,SSE|SZSE,453254280,4.5325,49.6937,-45.1611,737,736,1
2024-01-04,complete,SSE|SZSE,-988997430,-9.89,67.1372,-77.0272,737,735,2
2024-01-05,complete,SSE|SZSE,2410319860,24.1032,69.9639,-45.8607,737,735,2
2024-01-08,complete,SSE|SZSE,2284146070,22.8415,52.5901,-29.7487,740,740,0
2024-01-09,complete,SSE|SZSE,3918244260,39.1824,74.0185,-34.836,740,738,2
2024-01-10,complete,SSE|SZSE,1437658870,14.3766,31.928,-17.5514,741,740,1
2024-01-11,complete,SSE|SZSE,2751120240,27.5112,49.5273,-22.0161,741,740,1
2024-01-12,complete,SSE|SZSE,-1348145420,-13.4815,17.8543,-31.3358,741,740,1
2024-01-15,complete,SSE|SZSE,-848491090,-8.4849,16.5275,-25.0124,741,736,5
2024-01-16,complete,SSE|SZSE,9039926810,90.3993,119.2004,-28.8012,741,736,5
2024-01-17,complete,SSE|SZSE,9397546780,93.9755,117.7538,-23.7783,741,739,2
2024-01-18,complete,SSE|SZSE,22863492300,228.6349,269.8787,-41.2438,742,739,3
2024-01-19,complete,SSE|SZSE,16807640960,168.0764,213.4096,-45.3332,742,739,3
2024-01-22,complete,SSE|SZSE,35932652480,359.3265,382.3291,-23.0026,743,740,3
2024-01-23,complete,SSE|SZSE,1908559700,19.0856,57.5345,-38.4489,743,739,4
2024-01-24,complete,SSE|SZSE,11014203350,110.142,130.8535,-20.7115,742,738,4
2024-01-25,complete,SSE|SZSE,6935691480,69.3569,91.0254,-21.6685,742,739,3
2024-01-26,complete,SSE|SZSE,9542982742,95.4298,149.3313,-53.9015,742,740,2
2024-01-29,complete,SSE|SZSE,1680795800,16.808,50.0988,-33.2909,742,738,4
2024-01-30,complete,SSE|SZSE,8113717080,81.1372,98.8172,-17.6801,742,739,3
2024-01-31,complete,SSE|SZSE,14847662790,148.4766,165.523,-17.0464,742,738,4
2024-02-01,complete,SSE|SZSE,13380391150,133.8039,160.5167,-26.7128,743,739,4
2024-02-02,complete,SSE|SZSE,21185084180,211.8508,226.0709,-14.2201,743,741,2
2024-02-05,complete,SSE|SZSE,38695756700,386.9576,423.9147,-36.9572,743,741,2
2024-02-06,complete,SSE|SZSE,11354401870,113.544,179.0427,-65.4986,744,739,5
2024-02-07,complete,SSE|SZSE,44508226560,445.0823,518.7184,-73.6362,744,744,0
2024-02-08,complete,SSE|SZSE,26397674540,263.9767,320.2137,-56.237,745,736,9
2024-02-19,complete,SSE|SZSE,8928034400,89.2803,170.0293,-80.7489,745,744,1
2024-02-20,complete,SSE|SZSE,-2341098500,-23.411,52.6529,-76.0638,745,743,2
2024-02-21,complete,SSE|SZSE,1659051160,16.5905,64.3633,-47.7728,745,744,1
2024-02-22,complete,SSE|SZSE,-3077770720,-30.7777,23.398,-54.1757,745,744,1
2024-02-23,complete,SSE|SZSE,-4128463080,-41.2846,18.1579,-59.4425,746,745,1
2024-02-26,complete,SSE|SZSE,-9162535760,-91.6254,12.7497,-104.375,747,743,4
2024-02-27,complete,SSE|SZSE,-3373594010,-33.7359,30.4894,-64.2254,747,743,4
2024-02-28,complete,SSE|SZSE,4276825530,42.7683,97.7477,-54.9795,747,744,3
2024-02-29,complete,SSE|SZSE,-345506800,-3.4551,83.9058,-87.3608,747,744,3
2024-03-01,complete,SSE|SZSE,-2045443570,-20.4544,39.9836,-60.438,747,743,4
2024-03-04,complete,SSE|SZSE,-10176113850,-101.7611,21.593,-123.3542,747,743,4
2024-03-05,complete,SSE|SZSE,30635363220,306.3536,372.2332,-65.8796,747,745,2
2024-03-06,complete,SSE|SZSE,9666545380,96.6655,123.4702,-26.8048,747,744,3
2024-03-07,complete,SSE|SZSE,2072211100,20.7221,48.5942,-27.8721,747,744,3
2024-03-08,complete,SSE|SZSE,1119168110,11.1917,47.8116,-36.6199,747,743,4
2024-03-11,complete,SSE|SZSE,-7556483170,-75.5648,28.5482,-104.1131,747,741,6
2024-03-12,complete,SSE|SZSE,3169934700,31.6993,89.2784,-57.5791,748,744,4
2024-03-13,complete,SSE|SZSE,-2181619520,-21.8162,31.4383,-53.2545,749,744,5
2024-03-14,complete,SSE|SZSE,-1253533530,-12.5353,36.3369,-48.8722,749,742,7
2024-03-15,complete,SSE|SZSE,-2461542870,-24.6154,22.8464,-47.4618,751,745,6
2024-03-18,complete,SSE|SZSE,-6658810140,-66.5881,44.1904,-110.7785,755,751,4
2024-03-19,complete,SSE|SZSE,-3824513100,-38.2451,22.9595,-61.2047,759,754,5
2024-03-20,complete,SSE|SZSE,-1384357480,-13.8436,31.8892,-45.7327,759,754,5
2024-03-21,complete,SSE|SZSE,-4275939830,-42.7594,20.0322,-62.7916,759,751,8
2024-03-22,complete,SSE|SZSE,-766131620,-7.6613,51.0155,-58.6768,759,756,3
2024-03-25,complete,SSE|SZSE,-2011473900,-20.1147,30.4853,-50.6001,759,755,4
2024-03-26,complete,SSE|SZSE,4348854600,43.4885,77.3714,-33.8828,760,755,5
2024-03-27,complete,SSE|SZSE,-556736550,-5.5674,40.0847,-45.6521,761,756,5
2024-03-28,complete,SSE|SZSE,-875944890,-8.7594,32.2813,-41.0408,761,756,5
2024-03-29,complete,SSE|SZSE,-2009139870,-20.0914,30.7797,-50.8711,761,751,10
2024-04-01,complete,SSE|SZSE,3037706810,30.3771,72.9565,-42.5794,761,757,4
2024-04-02,complete,SSE|SZSE,-1227025650,-12.2703,34.7716,-47.0418,761,757,4
2024-04-03,complete,SSE|SZSE,-3779087170,-37.7909,31.3903,-69.1812,761,756,5
2024-04-08,complete,SSE|SZSE,-3360378000,-33.6038,31.046,-64.6498,761,756,5
2024-04-09,complete,SSE|SZSE,-607615800,-6.0762,27.3611,-33.4373,762,757,5
2024-04-10,complete,SSE|SZSE,203370050,2.0337,37.4945,-35.4608,762,756,6
2024-04-11,complete,SSE|SZSE,2580628700,25.8063,43.2561,-17.4498,762,756,6
2024-04-12,complete,SSE|SZSE,-3852869280,-38.5287,27.6123,-66.141,762,757,5
2024-04-15,complete,SSE|SZSE,-1129999520,-11.3,27.2083,-38.5083,765,759,6
2024-04-16,complete,SSE|SZSE,2278900770,22.789,47.8355,-25.0465,766,762,4
2024-04-17,complete,SSE|SZSE,214773640,2.1477,37.689,-35.5412,766,757,9
2024-04-18,complete,SSE|SZSE,-544519250,-5.4452,36.7872,-42.2324,766,760,6
2024-04-19,complete,SSE|SZSE,92693000,0.9269,48.9176,-47.9907,767,761,6
2024-04-22,complete,SSE|SZSE,-567188900,-5.6719,23.4953,-29.1672,767,763,4
2024-04-23,complete,SSE|SZSE,2569716050,25.6972,54.2106,-28.5135,769,761,8
2024-04-24,complete,SSE|SZSE,2451307400,24.5131,46.8417,-22.3286,771,762,9
2024-04-25,complete,SSE|SZSE,1043090010,10.4309,34.1757,-23.7448,772,766,6
2024-04-26,complete,SSE|SZSE,8788809050,87.8881,122.7757,-34.8876,772,767,5
2024-04-29,complete,SSE|SZSE,10937467400,109.3747,153.8473,-44.4726,772,769,3
2024-04-30,complete,SSE|SZSE,2474692190,24.7469,46.3151,-21.5682,774,771,3
2024-05-06,complete,SSE|SZSE,1370448910,13.7045,56.1851,-42.4806,775,771,4
2024-05-07,complete,SSE|SZSE,-4604768220,-46.0477,24.7717,-70.8194,775,770,5
2024-05-08,complete,SSE|SZSE,-6546751400,-65.4675,18.5036,-83.9711,776,768,8
2024-05-09,complete,SSE|SZSE,-1875124710,-18.7512,28.8211,-47.5723,778,775,3
2024-05-10,complete,SSE|SZSE,-8518084570,-85.1808,34.7632,-119.944,778,774,4
2024-05-13,complete,SSE|SZSE,-4121404040,-41.214,29.1496,-70.3636,780,774,6
2024-05-14,complete,SSE|SZSE,-3394302120,-33.943,20.2184,-54.1614,781,774,7
2024-05-15,complete,SSE|SZSE,-3447603320,-34.476,26.9419,-61.4179,783,780,3
2024-05-16,complete,SSE|SZSE,-3342271240,-33.4227,32.3305,-65.7532,784,778,6
2024-05-17,complete,SSE|SZSE,9379919880,93.7992,109.766,-15.9668,784,777,7
2024-05-20,complete,SSE|SZSE,-1440983890,-14.4098,39.1888,-53.5987,785,782,3
2024-05-21,complete,SSE|SZSE,-2439439540,-24.3944,28.0071,-52.4015,785,781,4
2024-05-22,complete,SSE|SZSE,-919799710,-9.198,31.1023,-40.3003,785,780,5
2024-05-23,complete,SSE|SZSE,1344266040,13.4427,52.1793,-38.7366,786,781,5
2024-05-24,complete,SSE|SZSE,6622157550,66.2216,82.8727,-16.6511,786,781,5
2024-05-27,complete,SSE|SZSE,-2046325900,-20.4633,29.1115,-49.5748,788,781,7
2024-05-28,complete,SSE|SZSE,-1325550080,-13.2555,25.2907,-38.5462,788,781,7
2024-05-29,complete,SSE|SZSE,2453153550,24.5315,45.3312,-20.7997,787,785,2
2024-05-30,complete,SSE|SZSE,2506829370,25.0683,48.6043,-23.536,787,782,5
2024-05-31,complete,SSE|SZSE,3212239430,32.1224,43.6143,-11.492,789,785,4
2024-06-03,complete,SSE|SZSE,-287152050,-2.8715,41.6525,-44.524,789,785,4
2024-06-04,complete,SSE|SZSE,1256579550,12.5658,38.8674,-26.3016,788,784,4
2024-06-05,complete,SSE|SZSE,-849654650,-8.4965,22.4664,-30.9629,789,784,5
2024-06-06,complete,SSE|SZSE,5319498750,53.195,65.8748,-12.6798,788,785,3
2024-06-07,complete,SSE|SZSE,3213440500,32.1344,46.8624,-14.728,792,788,4
2024-06-11,complete,SSE|SZSE,6422249950,64.2225,84.1027,-19.8802,792,790,2
2024-06-12,complete,SSE|SZSE,998607700,9.9861,45.1831,-35.197,792,787,5
2024-06-13,complete,SSE|SZSE,1585524950,15.8552,47.3893,-31.534,792,788,4
2024-06-14,complete,SSE|SZSE,4622565900,46.2257,64.4559,-18.2303,794,790,4
2024-06-17,complete,SSE|SZSE,1705068570,17.0507,43.9373,-26.8866,794,789,5
2024-06-18,complete,SSE|SZSE,3285296100,32.853,54.9782,-22.1252,796,794,2
2024-06-19,complete,SSE|SZSE,-719382350,-7.1938,28.3571,-35.551,796,793,3
2024-06-20,complete,SSE|SZSE,-1416988150,-14.1699,30.3294,-44.4993,796,793,3
2024-06-21,complete,SSE|SZSE,9936493350,99.3649,123.5808,-24.2159,796,791,5
2024-06-24,complete,SSE|SZSE,16588644750,165.8864,174.3395,-8.4531,796,791,5
2024-06-25,complete,SSE|SZSE,9582418600,95.8242,115.1951,-19.3709,797,792,5
2024-06-26,complete,SSE|SZSE,2250910750,22.5091,43.23,-20.7209,797,792,5
2024-06-27,complete,SSE|SZSE,6146793250,61.4679,83.4222,-21.9543,797,793,4
2024-06-28,complete,SSE|SZSE,7488284750,74.8828,89.9012,-15.0183,797,795,2
2024-07-01,complete,SSE|SZSE,-2170332300,-21.7033,25.1776,-46.8809,797,794,3
2024-07-02,complete,SSE|SZSE,-1995242450,-19.9524,27.9676,-47.92,797,796,1
2024-07-03,complete,SSE|SZSE,2452374550,24.5237,42.2811,-17.7574,797,793,4
2024-07-04,complete,SSE|SZSE,10265214700,102.6521,117.7771,-15.1249,797,793,4
2024-07-05,complete,SSE|SZSE,8428599950,84.286,103.6408,-19.3548,797,794,3
2024-07-08,complete,SSE|SZSE,6259579450,62.5958,79.402,-16.8062,799,793,6
2024-07-09,complete,SSE|SZSE,7272112200,72.7211,87.9582,-15.2371,798,793,5
2024-07-10,complete,SSE|SZSE,472414800,4.7241,28.2776,-23.5535,798,790,8
2024-07-11,complete,SSE|SZSE,-1976309550,-19.7631,25.3587,-45.1218,799,794,5
2024-07-12,complete,SSE|SZSE,-2668821500,-26.6882,18.4755,-45.1637,800,793,7
2024-07-15,complete,SSE|SZSE,3412939150,34.1294,75.7107,-41.5813,800,792,8
2024-07-16,complete,SSE|SZSE,6672531800,66.7253,128.0627,-61.3374,799,793,6
2024-07-17,complete,SSE|SZSE,24566442500,245.6644,282.538,-36.8735,799,794,5
2024-07-18,complete,SSE|SZSE,16420915500,164.2092,204.6094,-40.4003,798,795,3
2024-07-19,complete,SSE|SZSE,29931700650,299.317,365.6385,-66.3215,799,791,8
2024-07-22,complete,SSE|SZSE,5643477550,56.4348,99.9747,-43.5399,801,794,7
2024-07-23,complete,SSE|SZSE,7726769750,77.2677,93.0726,-15.8049,801,796,5
2024-07-24,complete,SSE|SZSE,8227469250,82.2747,97.6829,-15.4082,801,796,5
2024-07-25,complete,SSE|SZSE,12303930050,123.0393,139.6313,-16.592,801,796,5
2024-07-26,complete,SSE|SZSE,8832032800,88.3203,101.9479,-13.6275,801,796,5
2024-07-29,complete,SSE|SZSE,4288068090,42.8807,58.0955,-15.2149,801,793,8
2024-07-30,complete,SSE|SZSE,11942281150,119.4228,134.0551,-14.6323,801,791,10
2024-07-31,complete,SSE|SZSE,9566590650,95.6659,140.6393,-44.9734,801,796,5
2024-08-01,complete,SSE|SZSE,2128030500,21.2803,44.6877,-23.4074,802,792,10
2024-08-02,complete,SSE|SZSE,6071841100,60.7184,74.6205,-13.9021,802,795,7
2024-08-05,complete,SSE|SZSE,13704323350,137.0432,152.8283,-15.7851,803,795,8
2024-08-06,complete,SSE|SZSE,5339620900,53.3962,72.6661,-19.2699,803,795,8
2024-08-07,complete,SSE|SZSE,-347686250,-3.4769,25.2263,-28.7031,803,798,5
2024-08-08,complete,SSE|SZSE,4188459200,41.8846,53.4613,-11.5767,803,793,10
2024-08-09,complete,SSE|SZSE,-1334968950,-13.3497,16.6432,-29.9929,803,792,11
2024-08-12,complete,SSE|SZSE,1564396000,15.644,31.3536,-15.7096,804,794,10
2024-08-13,complete,SSE|SZSE,1220979600,12.2098,29.6655,-17.4557,804,795,9
2024-08-14,complete,SSE|SZSE,-399787850,-3.9979,24.6933,-28.6912,804,793,11
2024-08-15,complete,SSE|SZSE,11571475500,115.7148,126.2055,-10.4907,804,795,9
2024-08-16,complete,SSE|SZSE,8717891300,87.1789,102.7316,-15.5527,804,796,8
2024-08-19,complete,SSE|SZSE,2942888500,29.4289,38.7077,-9.2788,806,800,6
2024-08-20,complete,SSE|SZSE,6068396850,60.684,83.8584,-23.1744,806,795,11
2024-08-21,complete,SSE|SZSE,9609875850,96.0988,106.9881,-10.8894,807,799,8
2024-08-22,complete,SSE|SZSE,10176063500,101.7606,111.7899,-10.0292,807,796,11
2024-08-23,complete,SSE|SZSE,7036840000,70.3684,80.1849,-9.8165,807,799,8
2024-08-26,complete,SSE|SZSE,8119142100,81.1914,94.8814,-13.69,807,798,9
2024-08-27,complete,SSE|SZSE,9144697450,91.447,101.8769,-10.4299,805,785,20
2024-08-28,complete,SSE|SZSE,12095370600,120.9537,133.7742,-12.8205,805,795,10
2024-08-29,complete,SSE|SZSE,9738143300,97.3814,111.0075,-13.6261,805,797,8
2024-08-30,complete,SSE|SZSE,4644350150,46.4435,91.8208,-45.3773,805,799,6
2024-09-02,complete,SSE|SZSE,-2510145350,-25.1015,29.565,-54.6665,804,799,5
2024-09-03,complete,SSE|SZSE,780537750,7.8054,57.923,-50.1176,804,797,7
2024-09-04,complete,SSE|SZSE,1014611050,10.1461,26.492,-16.3459,803,797,6
2024-09-05,complete,SSE|SZSE,6477872500,64.7787,83.9773,-19.1985,804,795,9
2024-09-06,complete,SSE|SZSE,-784534300,-7.8453,26.1482,-33.9935,804,800,4
2024-09-09,complete,SSE|SZSE,6000981500,60.0098,71.4279,-11.4181,805,801,4
2024-09-10,complete,SSE|SZSE,942116700,9.4212,30.6109,-21.1897,805,799,6
2024-09-11,complete,SSE|SZSE,1758469860,17.5847,50.3128,-32.7281,805,803,2
2024-09-12,complete,SSE|SZSE,1933024400,19.3302,31.3121,-11.9818,805,795,10
2024-09-13,complete,SSE|SZSE,2610699950,26.107,37.7631,-11.6561,805,799,6
2024-09-18,complete,SSE|SZSE,5319305800,53.1931,65.352,-12.1589,806,798,8
2024-09-19,complete,SSE|SZSE,7831009450,78.3101,91.75,-13.4399,806,803,3
2024-09-20,complete,SSE|SZSE,-83950042727,-839.5004,129.8679,-969.3684,806,803,3
2024-09-23,complete,SSE|SZSE,1974402920,19.744,34.4306,-14.6866,808,805,3
2024-09-24,complete,SSE|SZSE,18700604550,187.006,249.7962,-62.7902,808,805,3
2024-09-25,complete,SSE|SZSE,6755296400,67.553,121.4871,-53.9342,807,805,2
2024-09-26,complete,SSE|SZSE,25652446250,256.5245,298.9873,-42.4629,807,805,2
2024-09-27,complete,SSE|SZSE,14994786100,149.9479,182.9795,-33.0316,808,804,4
2024-09-30,complete,SSE|SZSE,64324573050,643.2457,753.0371,-109.7914,808,790,18
2024-10-08,complete,SSE|SZSE,93337906550,933.3791,1019.7603,-86.3812,808,780,28
2024-10-09,complete,SSE|SZSE,32181925750,321.8193,495.3991,-173.5798,808,799,9
2024-10-10,complete,SSE|SZSE,3699322000,36.9932,208.9396,-171.9463,809,807,2
2024-10-11,complete,SSE|SZSE,-6002508700,-60.0251,141.7057,-201.7307,809,808,1
2024-10-14,complete,SSE|SZSE,-15045533250,-150.4553,60.8628,-211.3181,809,806,3
2024-10-15,complete,SSE|SZSE,-17113007100,-171.1301,60.2937,-231.4238,815,812,3
2024-10-16,complete,SSE|SZSE,-1733644450,-17.3364,83.0463,-100.3828,820,820,0
2024-10-17,complete,SSE|SZSE,-21231422350,-212.3142,45.9617,-258.2759,820,820,0
2024-10-18,complete,SSE|SZSE,17800533350,178.0053,297.6501,-119.6448,821,821,0
2024-10-21,complete,SSE|SZSE,-17720796050,-177.208,104.0381,-281.2461,821,819,2
2024-10-22,complete,SSE|SZSE,-19282031150,-192.8203,54.0977,-246.918,821,821,0
2024-10-23,complete,SSE|SZSE,-9196522300,-91.9652,61.5456,-153.5108,821,821,0
2024-10-24,complete,SSE|SZSE,-8454502200,-84.545,55.4838,-140.0289,821,821,0
2024-10-25,complete,SSE|SZSE,-994696100,-9.947,111.7967,-121.7437,821,820,1
2024-10-28,complete,SSE|SZSE,-3261686900,-32.6169,97.0482,-129.6651,821,820,1
2024-10-29,complete,SSE|SZSE,-9101981750,-91.0198,99.5474,-190.5672,821,821,0
2024-10-30,complete,SSE|SZSE,2554001250,25.54,149.5685,-124.0284,821,818,3
2024-10-31,complete,SSE|SZSE,-10150376100,-101.5038,83.2058,-184.7096,821,821,0
2024-11-01,complete,SSE|SZSE,5801335350,58.0134,129.7229,-71.7096,821,821,0
2024-11-04,complete,SSE|SZSE,-2886383050,-28.8638,54.0784,-82.9422,822,822,0
2024-11-05,complete,SSE|SZSE,7843933150,78.4393,205.2343,-126.795,822,821,1
2024-11-06,complete,SSE|SZSE,-5953020350,-59.5302,105.46,-164.9902,823,823,0
2024-11-07,complete,SSE|SZSE,7114296650,71.143,185.25,-114.107,823,823,0
2024-11-08,complete,SSE|SZSE,-5801642000,-58.0164,140.0565,-198.0729,825,825,0
2024-11-11,complete,SSE|SZSE,-26556367900,-265.5637,85.2303,-350.794,825,823,2
2024-11-12,complete,SSE|SZSE,-405796700,-4.058,188.5384,-192.5964,825,824,1
2024-11-13,complete,SSE|SZSE,-2685514400,-26.8551,117.1513,-144.0064,826,826,0
2024-11-14,complete,SSE|SZSE,6400156800,64.0016,148.3148,-84.3132,826,826,0
2024-11-15,complete,SSE|SZSE,16174924050,161.7492,210.1712,-48.422,828,825,3
2024-11-18,complete,SSE|SZSE,7200424550,72.0042,132.1494,-60.1452,829,828,1
2024-11-19,complete,SSE|SZSE,7288627400,72.8863,131.6827,-58.7964,832,830,2
2024-11-20,complete,SSE|SZSE,-12693841300,-126.9384,67.1819,-194.1203,832,831,1
2024-11-21,complete,SSE|SZSE,-3534458200,-35.3446,87.9793,-123.3239,832,831,1
2024-11-22,complete,SSE|SZSE,5294146800,52.9415,143.9953,-91.0538,832,832,0
2024-11-25,complete,SSE|SZSE,7120287600,71.2029,116.5947,-45.3918,832,832,0
2024-11-26,complete,SSE|SZSE,1755303250,17.553,68.6856,-51.1326,833,832,1
2024-11-27,complete,SSE|SZSE,10884347700,108.8435,147.613,-38.7696,833,831,2
2024-11-28,complete,SSE|SZSE,-3745715350,-37.4572,67.5538,-105.011,835,833,2
2024-11-29,complete,SSE|SZSE,6200780550,62.0078,128.6998,-66.692,836,834,2
2024-12-02,complete,SSE|SZSE,520933750,5.2093,70.2,-64.9906,838,838,0
2024-12-03,complete,SSE|SZSE,561027190,5.6103,76.1749,-70.5647,841,840,1
2024-12-04,complete,SSE|SZSE,-4448416750,-44.4842,53.3592,-97.8434,841,838,3
2024-12-05,complete,SSE|SZSE,2954308200,29.5431,69.6524,-40.1093,842,841,1
2024-12-06,complete,SSE|SZSE,11721910000,117.2191,163.1934,-45.9743,843,841,2
2024-12-09,complete,SSE|SZSE,-2139865450,-21.3987,74.1879,-95.5866,843,842,1
2024-12-10,complete,SSE|SZSE,28697632950,286.9763,317.4993,-30.5229,844,843,1
2024-12-11,complete,SSE|SZSE,9875797200,98.758,146.8592,-48.1012,844,842,2
2024-12-12,complete,SSE|SZSE,2423358300,24.2336,95.5413,-71.3078,844,844,0
2024-12-13,complete,SSE|SZSE,-11106819330,-111.0682,61.7441,-172.8123,844,843,1
2024-12-16,complete,SSE|SZSE,1648844200,16.4884,63.014,-46.5256,845,843,2
2024-12-17,complete,SSE|SZSE,9561756050,95.6176,122.8454,-27.2279,845,844,1
2024-12-18,complete,SSE|SZSE,-6158771400,-61.5877,46.2501,-107.8379,845,843,2
2024-12-19,complete,SSE|SZSE,-2623996700,-26.24,71.208,-97.448,845,844,1
2024-12-20,complete,SSE|SZSE,-5822730600,-58.2273,102.0733,-160.3006,845,845,0
2024-12-23,complete,SSE|SZSE,881908990,8.8191,86.4365,-77.6175,845,844,1
2024-12-24,complete,SSE|SZSE,3603334250,36.0333,97.4173,-61.384,847,845,2
2024-12-25,complete,SSE|SZSE,-3529304450,-35.293,86.1486,-121.4417,848,846,2
2024-12-26,complete,SSE|SZSE,-1160996700,-11.61,87.1692,-98.7791,848,848,0
2024-12-27,complete,SSE|SZSE,4461307960,44.6131,117.9101,-73.297,851,848,3
2024-12-30,complete,SSE|SZSE,-2851613600,-28.5161,63.8411,-92.3572,852,850,2
2024-12-31,complete,SSE|SZSE,3637519350,36.3752,161.3907,-125.0155,852,849,3
2025-01-02,complete,SSE|SZSE,17820401000,178.204,222.1029,-43.8989,852,852,0
2025-01-03,complete,SSE|SZSE,18438155450,184.3816,209.1653,-24.7838,852,851,1
2025-01-06,complete,SSE|SZSE,10058451450,100.5845,119.7826,-19.1981,852,850,2
2025-01-07,complete,SSE|SZSE,-6818306600,-68.1831,41.7096,-109.8927,855,853,2
2025-01-08,complete,SSE|SZSE,2071748100,20.7175,80.5281,-59.8106,856,853,3
2025-01-09,complete,SSE|SZSE,-8381173450,-83.8117,32.3395,-116.1512,858,853,5
2025-01-10,complete,SSE|SZSE,-1899300800,-18.993,50.6781,-69.6711,862,859,3
2025-01-13,complete,SSE|SZSE,11042914900,110.4291,123.4456,-13.0165,864,860,4
2025-01-14,complete,SSE|SZSE,3622863800,36.2286,107.0672,-70.8386,863,863,0
2025-01-15,complete,SSE|SZSE,-4187667750,-41.8767,42.8349,-84.7116,864,861,3
2025-01-16,complete,SSE|SZSE,507444150,5.0744,66.5869,-61.5124,864,864,0
2025-01-17,complete,SSE|SZSE,-2760022200,-27.6002,36.9326,-64.5329,864,861,3
2025-01-20,complete,SSE|SZSE,-863762650,-8.6376,50.1183,-58.756,865,865,0
2025-01-21,complete,SSE|SZSE,-6846775900,-68.4678,30.4351,-98.9028,865,863,2
2025-01-22,complete,SSE|SZSE,-3049543550,-30.4954,37.1646,-67.66,866,863,3
2025-01-23,complete,SSE|SZSE,8739921800,87.3992,112.2923,-24.8931,867,867,0
2025-01-24,complete,SSE|SZSE,9002438950,90.0244,146.4043,-56.3799,869,868,1
2025-01-27,complete,SSE|SZSE,-5075024000,-50.7502,76.7249,-127.4752,874,872,2
2025-02-05,complete,SSE|SZSE,-5076509250,-50.7651,56.2513,-107.0164,876,874,2
2025-02-06,complete,SSE|SZSE,-2978468100,-29.7847,101.2736,-131.0583,876,873,3
2025-02-07,complete,SSE|SZSE,-112153050,-1.1215,123.3968,-124.5183,876,876,0
2025-02-10,complete,SSE|SZSE,-20107876850,-201.0788,31.1113,-232.1901,878,877,1
2025-02-11,complete,SSE|SZSE,-8328924150,-83.2892,47.3244,-130.6136,879,877,2
2025-02-12,complete,SSE|SZSE,-7745623100,-77.4562,43.2873,-120.7435,881,879,2
2025-02-13,complete,SSE|SZSE,-4510425600,-45.1043,57.4954,-102.5996,882,879,3
2025-02-14,complete,SSE|SZSE,-4008880900,-40.0888,86.2527,-126.3415,884,882,2
2025-02-17,complete,SSE|SZSE,-13152379200,-131.5238,72.7933,-204.3171,884,882,2
2025-02-18,complete,SSE|SZSE,2002915850,20.0292,91.0179,-70.9887,884,884,0
2025-02-19,complete,SSE|SZSE,-10740192500,-107.4019,47.0897,-154.4916,884,884,0
2025-02-20,complete,SSE|SZSE,-11049779400,-110.4978,49.934,-160.4318,885,881,4
2025-02-21,complete,SSE|SZSE,-4755362850,-47.5536,126.8692,-174.4228,886,886,0
2025-02-24,complete,SSE|SZSE,-10227787000,-102.2779,106.0964,-208.3743,886,883,3
2025-02-25,complete,SSE|SZSE,-3426372450,-34.2637,64.7411,-99.0049,886,884,2
2025-02-26,complete,SSE|SZSE,-7850625150,-78.5063,60.2196,-138.7259,887,885,2
2025-02-27,complete,SSE|SZSE,-965716650,-9.6572,86.367,-96.0242,889,888,1
2025-02-28,complete,SSE|SZSE,11507402000,115.074,168.6554,-53.5813,889,888,1
2025-03-03,complete,SSE|SZSE,-1144024200,-11.4402,67.4157,-78.856,890,889,1
2025-03-04,complete,SSE|SZSE,-4716336950,-47.1634,39.244,-86.4074,891,890,1
2025-03-05,complete,SSE|SZSE,-10251338150,-102.5134,32.0735,-134.5869,892,890,2
2025-03-06,complete,SSE|SZSE,-5717237100,-57.1724,94.4542,-151.6266,901,899,2
2025-03-07,complete,SSE|SZSE,-7336865150,-73.3687,75.662,-149.0306,901,898,3
2025-03-10,complete,SSE|SZSE,-15699689000,-156.9969,49.6173,-206.6142,903,900,3
2025-03-11,complete,SSE|SZSE,4484851100,44.8485,104.1352,-59.2867,904,902,2
2025-03-12,complete,SSE|SZSE,-1370655250,-13.7066,40.6528,-54.3594,904,901,3
2025-03-13,complete,SSE|SZSE,4421230250,44.2123,88.4354,-44.2231,905,901,4
2025-03-14,complete,SSE|SZSE,2996601600,29.966,123.6009,-93.6348,908,906,2
2025-03-17,complete,SSE|SZSE,-5516820300,-55.1682,69.7943,-124.9625,908,906,2
2025-03-18,complete,SSE|SZSE,-5586295400,-55.863,41.5467,-97.4096,909,906,3
2025-03-19,complete,SSE|SZSE,-2050409820,-20.5041,55.296,-75.8001,908,904,4
2025-03-20,complete,SSE|SZSE,-3891367600,-38.9137,54.5612,-93.4749,908,905,3
2025-03-21,complete,SSE|SZSE,4881891600,48.8189,118.8644,-70.0455,908,906,2
2025-03-24,complete,SSE|SZSE,3263463050,32.6346,79.3987,-46.7641,911,909,2
2025-03-25,complete,SSE|SZSE,-238372400,-2.3837,62.13,-64.5137,913,910,3
2025-03-26,complete,SSE|SZSE,2658343800,26.5834,71.3025,-44.7191,913,911,2
2025-03-27,complete,SSE|SZSE,-2040446150,-20.4045,40.3805,-60.785,913,912,1
2025-03-28,complete,SSE|SZSE,-1253923800,-12.5392,50.4568,-62.996,914,912,2
2025-03-31,complete,SSE|SZSE,7889306800,78.8931,113.2359,-34.3429,914,913,1
2025-04-01,complete,SSE|SZSE,-421402350,-4.214,62.9224,-67.1364,914,912,2
2025-04-02,complete,SSE|SZSE,4178416300,41.7842,59.3844,-17.6003,915,913,2
2025-04-03,complete,SSE|SZSE,6116324300,61.1632,99.1343,-37.9711,916,914,2
2025-04-07,complete,SSE|SZSE,65568619600,655.6862,699.3069,-43.6207,919,917,2
2025-04-08,complete,SSE|SZSE,101815920050,1018.1592,1105.3515,-87.1923,922,918,4
2025-04-09,complete,SSE|SZSE,10072724450,100.7272,191.4361,-90.7089,926,922,4
2025-04-10,complete,SSE|SZSE,-2654682550,-26.5468,86.8021,-113.3489,927,924,3
2025-04-11,complete,SSE|SZSE,-5950148950,-59.5015,59.1598,-118.6613,928,927,1
2025-04-14,complete,SSE|SZSE,-10197064450,-101.9706,25.9177,-127.8884,929,927,2
2025-04-15,complete,SSE|SZSE,6683367350,66.8337,123.4222,-56.5885,932,927,5
2025-04-16,complete,SSE|SZSE,27063913050,270.6391,323.9905,-53.3514,934,932,2
2025-04-17,complete,SSE|SZSE,2417122200,24.1712,90.855,-66.6837,936,934,2
2025-04-18,complete,SSE|SZSE,8295611700,82.9561,139.8466,-56.8905,937,933,4
2025-04-21,complete,SSE|SZSE,-3296996950,-32.97,43.8602,-76.8302,939,937,2
2025-04-22,complete,SSE|SZSE,-6984453460,-69.8445,37.5401,-107.3847,939,934,5
2025-04-23,complete,SSE|SZSE,-1210103100,-12.101,55.5732,-67.6742,939,935,4
2025-04-24,complete,SSE|SZSE,-313680350,-3.1368,52.1168,-55.2536,939,937,2
2025-04-25,complete,SSE|SZSE,-1655746250,-16.5575,52.5535,-69.1109,941,939,2
2025-04-28,complete,SSE|SZSE,-6451674450,-64.5167,23.5557,-88.0725,942,938,4
2025-04-29,complete,SSE|SZSE,-2349957950,-23.4996,31.7676,-55.2672,945,943,2
2025-04-30,complete,SSE|SZSE,-5422964600,-54.2296,36.1377,-90.3674,948,943,5
2025-05-06,complete,SSE|SZSE,70458050,0.7046,55.5636,-54.859,949,947,2
2025-05-07,complete,SSE|SZSE,-5617955400,-56.1796,62.374,-118.5536,949,945,4
2025-05-08,complete,SSE|SZSE,-1248144250,-12.4814,64.4366,-76.918,950,947,3
2025-05-09,complete,SSE|SZSE,-3565531200,-35.6553,56.4591,-92.1145,951,944,7
2025-05-12,complete,SSE|SZSE,-3842131200,-38.4213,53.4617,-91.883,953,951,2
2025-05-13,complete,SSE|SZSE,-14522312800,-145.2231,20.1613,-165.3845,956,951,5
2025-05-14,complete,SSE|SZSE,-554941450,-5.5494,65.3627,-70.9121,958,955,3
2025-05-15,complete,SSE|SZSE,-5852229550,-58.5223,34.7366,-93.2588,959,955,4
2025-05-16,complete,SSE|SZSE,-6711968550,-67.1197,24.3469,-91.4665,962,960,2
2025-05-19,complete,SSE|SZSE,-3847240550,-38.4724,22.8055,-61.2779,962,959,3
2025-05-20,complete,SSE|SZSE,-2509582550,-25.0958,29.4017,-54.4975,965,962,3
2025-05-21,complete,SSE|SZSE,-4964075700,-49.6408,40.4789,-90.1196,965,962,3
2025-05-22,complete,SSE|SZSE,-2015120200,-20.1512,28.0954,-48.2466,966,963,3
2025-05-23,complete,SSE|SZSE,-936781350,-9.3678,40.8311,-50.1989,967,965,2
2025-05-26,complete,SSE|SZSE,4771712100,47.7171,77.9199,-30.2028,967,965,2
2025-05-27,complete,SSE|SZSE,3318577800,33.1858,57.1277,-23.9419,967,963,4
2025-05-28,complete,SSE|SZSE,-1795893300,-17.9589,22.6088,-40.5678,967,962,5
2025-05-29,complete,SSE|SZSE,6414011800,64.1401,101.4346,-37.2944,970,967,3
2025-05-30,complete,SSE|SZSE,-7137256150,-71.3726,33.8069,-105.1795,972,970,2
2025-06-03,complete,SSE|SZSE,268330300,2.6833,47.6752,-44.9919,974,972,2
2025-06-04,complete,SSE|SZSE,-2148028230,-21.4803,32.6437,-54.124,976,971,5
2025-06-05,complete,SSE|SZSE,-3804547250,-38.0455,54.5467,-92.5922,977,972,5
2025-06-06,complete,SSE|SZSE,-114585800,-1.1459,52.4182,-53.5641,978,974,4
2025-06-09,complete,SSE|SZSE,3865187330,38.6519,90.6067,-51.9549,980,979,1
2025-06-10,complete,SSE|SZSE,-7874715550,-78.7472,47.415,-126.1621,981,978,3
2025-06-11,complete,SSE|SZSE,-2268852700,-22.6885,57.1876,-79.8761,981,980,1
2025-06-12,complete,SSE|SZSE,-5282553400,-52.8255,33.1395,-85.965,983,981,2
2025-06-13,complete,SSE|SZSE,-1968728930,-19.6873,57.1103,-76.7976,983,978,5
2025-06-16,complete,SSE|SZSE,6251267350,62.5127,95.7193,-33.2066,984,981,3
2025-06-17,complete,SSE|SZSE,3163135800,31.6314,69.4638,-37.8324,987,984,3
2025-06-18,complete,SSE|SZSE,527403220,5.274,46.9268,-41.6527,988,986,2
2025-06-19,complete,SSE|SZSE,3079074270,30.7907,76.4625,-45.6717,988,987,1
2025-06-20,complete,SSE|SZSE,5692155530,56.9216,90.7763,-33.8548,989,984,5
2025-06-23,complete,SSE|SZSE,5323834850,53.2383,94.0664,-40.8281,989,986,3
2025-06-24,complete,SSE|SZSE,80558250,0.8056,80.1464,-79.3408,989,985,4
2025-06-25,complete,SSE|SZSE,-5281101050,-52.811,102.5861,-155.3971,990,987,3
2025-06-26,complete,SSE|SZSE,-7240214690,-72.4021,79.7974,-152.1996,989,987,2
2025-06-27,complete,SSE|SZSE,-8347987900,-83.4799,99.6862,-183.1661,990,987,3
2025-06-30,complete,SSE|SZSE,-4363563800,-43.6356,131.5925,-175.2281,991,985,6
2025-07-01,complete,SSE|SZSE,-12066884200,-120.6688,54.2518,-174.9206,991,986,5
2025-07-02,complete,SSE|SZSE,1558707000,15.5871,87.8045,-72.2174,995,992,3
2025-07-03,complete,SSE|SZSE,-4070057750,-40.7006,49.6956,-90.3962,997,992,5
2025-07-04,complete,SSE|SZSE,-4477447460,-44.7745,50.7894,-95.5639,997,993,4
2025-07-07,complete,SSE|SZSE,-1829434750,-18.2943,36.899,-55.1933,998,994,4
2025-07-08,complete,SSE|SZSE,560672880,5.6067,72.3209,-66.7142,999,997,2
2025-07-09,complete,SSE|SZSE,-2529874240,-25.2987,53.8525,-79.1513,1000,997,3
2025-07-10,complete,SSE|SZSE,-35090750,-0.3509,68.4212,-68.7721,1001,997,4
2025-07-11,complete,SSE|SZSE,4719029750,47.1903,122.6578,-75.4675,1001,996,5
2025-07-14,complete,SSE|SZSE,-3407386550,-34.0739,75.1074,-109.1813,1001,999,2
2025-07-15,complete,SSE|SZSE,-4350409860,-43.5041,102.5634,-146.0675,1002,998,4
2025-07-16,complete,SSE|SZSE,-2078504500,-20.785,59.5636,-80.3487,1002,999,3
2025-07-17,complete,SSE|SZSE,-1115574480,-11.1557,75.452,-86.6077,1002,1000,2
2025-07-18,complete,SSE|SZSE,-4183280750,-41.8328,55.0446,-96.8774,1002,999,3
2025-07-21,complete,SSE|SZSE,-441056100,-4.4106,61.0667,-65.4773,1003,994,9
2025-07-22,complete,SSE|SZSE,-1981300000,-19.813,92.5777,-112.3907,1003,993,10
2025-07-23,complete,SSE|SZSE,28504050,0.285,101.8682,-101.5832,1003,1000,3
2025-07-24,complete,SSE|SZSE,-239122150,-2.3912,90.3582,-92.7494,1006,1003,3
2025-07-25,complete,SSE|SZSE,-6851093250,-68.5109,63.719,-132.23,1006,1001,5
2025-07-28,complete,SSE|SZSE,-7557956050,-75.5796,66.1281,-141.7077,1009,1008,1
2025-07-29,complete,SSE|SZSE,-10595734300,-105.9573,60.6251,-166.5824,1011,1009,2
2025-07-30,complete,SSE|SZSE,1050847250,10.5085,102.299,-91.7905,1011,1008,3
2025-07-31,complete,SSE|SZSE,-15366070050,-153.6607,65.3313,-218.992,1011,1010,1
2025-08-01,complete,SSE|SZSE,-3496471600,-34.9647,57.1272,-92.092,1013,1008,5
2025-08-04,complete,SSE|SZSE,-1492383150,-14.9238,63.0824,-78.0062,1017,1014,3
2025-08-05,complete,SSE|SZSE,-1152341550,-11.5234,67.9466,-79.47,1017,1015,2
2025-08-06,complete,SSE|SZSE,5330149200,53.3015,102.7408,-49.4393,1019,1015,4
2025-08-07,complete,SSE|SZSE,-4724176000,-47.2418,59.6876,-106.9293,1019,1017,2
2025-08-08,complete,SSE|SZSE,-2137959450,-21.3796,56.3611,-77.7407,1019,1012,7
2025-08-11,complete,SSE|SZSE,2220096150,22.201,107.3626,-85.1617,1020,1018,2
2025-08-12,complete,SSE|SZSE,-7731008150,-77.3101,69.0862,-146.3962,1022,1019,3
2025-08-13,complete,SSE|SZSE,-3671069900,-36.7107,97.311,-134.0217,1022,1019,3
2025-08-14,complete,SSE|SZSE,-16971473100,-169.7147,57.7057,-227.4204,1023,1019,4
2025-08-15,complete,SSE|SZSE,4784751950,47.8475,142.6057,-94.7582,1023,1021,2
2025-08-18,complete,SSE|SZSE,918626250,9.1863,133.6245,-124.4382,1023,1018,5
2025-08-19,complete,SSE|SZSE,2566160050,25.6616,116.1394,-90.4778,1025,1022,3
2025-08-20,complete,SSE|SZSE,-6883960150,-68.8396,102.4064,-171.246,1025,1022,3
2025-08-21,complete,SSE|SZSE,2172762700,21.7276,125.2905,-103.5629,1027,1025,2
2025-08-22,complete,SSE|SZSE,2942761660,29.4276,219.2013,-189.7736,1027,1025,2
2025-08-25,complete,SSE|SZSE,11228573800,112.2857,253.3108,-141.025,1027,1022,5
2025-08-26,complete,SSE|SZSE,6629622900,66.2962,181.8479,-115.5517,1027,1024,3
2025-08-27,complete,SSE|SZSE,-6189953300,-61.8995,177.6658,-239.5654,1028,1026,2
2025-08-28,complete,SSE|SZSE,-8256500150,-82.565,145.1086,-227.6736,1030,1028,2
2025-08-29,complete,SSE|SZSE,9223773700,92.2377,222.0851,-129.8474,1031,1027,4
2025-09-01,complete,SSE|SZSE,-931726900,-9.3173,169.5077,-178.8249,1034,1031,3
2025-09-02,complete,SSE|SZSE,11186305150,111.8631,212.2929,-100.4298,1036,1034,2
2025-09-03,complete,SSE|SZSE,-10500370950,-105.0037,101.8651,-206.8688,1036,1035,1
2025-09-04,complete,SSE|SZSE,5705686150,57.0569,189.8302,-132.7734,1038,1035,3
2025-09-05,complete,SSE|SZSE,-4448855800,-44.4886,137.5421,-182.0307,1039,1033,6
2025-09-08,complete,SSE|SZSE,-3352934700,-33.5293,158.9607,-192.49,1042,1037,5
2025-09-09,complete,SSE|SZSE,-4048561650,-40.4856,102.1134,-142.5991,1042,1040,2
2025-09-10,complete,SSE|SZSE,-4324216650,-43.2422,89.1463,-132.3884,1043,1039,4
2025-09-11,complete,SSE|SZSE,9866512900,98.6651,217.2059,-118.5408,1044,1041,3
2025-09-12,complete,SSE|SZSE,45336600,0.4534,133.2354,-132.782,1044,1039,5
2025-09-15,complete,SSE|SZSE,-8457734300,-84.5773,79.1681,-163.7454,1046,1045,1
2025-09-16,complete,SSE|SZSE,1486627350,14.8663,123.4948,-108.6285,1047,1043,4
2025-09-17,complete,SSE|SZSE,7627916950,76.2792,151.7595,-75.4803,1048,1044,4
2025-09-18,complete,SSE|SZSE,4951159700,49.5116,194.1006,-144.589,1049,1046,3
2025-09-19,complete,SSE|SZSE,4496115050,44.9612,116.6979,-71.7368,1051,1049,2
2025-09-22,complete,SSE|SZSE,-10108819250,-101.0882,58.3183,-159.4065,1053,1051,2
2025-09-23,complete,SSE|SZSE,6207047050,62.0705,150.4043,-88.3339,1054,1051,3
2025-09-24,complete,SSE|SZSE,2900471050,29.0047,135.9786,-106.9738,1054,1052,2
2025-09-25,complete,SSE|SZSE,5257057900,52.5706,138.3713,-85.8007,1054,1053,1
2025-09-26,complete,SSE|SZSE,19449229300,194.4923,234.9531,-40.4608,1055,1050,5
2025-09-29,complete,SSE|SZSE,12583100850,125.831,231.5907,-105.7597,1059,1057,2
2025-09-30,complete,SSE|SZSE,10423476800,104.2348,185.7091,-81.4743,1059,1057,2
2025-10-09,complete,SSE|SZSE,10787838450,107.8784,218.9826,-111.1042,1060,1057,3
2025-10-10,complete,SSE|SZSE,27437316000,274.3732,353.0917,-78.7186,1061,1059,2
2025-10-13,complete,SSE|SZSE,17355125500,173.5513,277.4228,-103.8716,1062,1059,3
2025-10-14,complete,SSE|SZSE,5103737100,51.0374,209.5286,-158.4913,1061,1059,2
2025-10-15,complete,SSE|SZSE,8039081500,80.3908,168.0942,-87.7034,1062,1061,1
2025-10-16,complete,SSE|SZSE,-8449196600,-84.492,92.8124,-177.3044,1064,1061,3
2025-10-17,complete,SSE|SZSE,5257817550,52.5782,155.7062,-103.128,1064,1061,3
2025-10-20,complete,SSE|SZSE,1263781550,12.6378,113.8683,-101.2304,1066,1066,0
2025-10-21,complete,SSE|SZSE,-12036878950,-120.3688,66.0725,-186.4413,1066,1065,1
2025-10-22,complete,SSE|SZSE,-7627539550,-76.2754,60.5431,-136.8185,1067,1067,0
2025-10-23,complete,SSE|SZSE,771890950,7.7189,87.0755,-79.3566,1069,1068,1
2025-10-24,complete,SSE|SZSE,-10644254150,-106.4425,58.8039,-165.2464,1069,1067,2
2025-10-27,complete,SSE|SZSE,-3614108650,-36.1411,99.0566,-135.1977,1069,1064,5
2025-10-28,complete,SSE|SZSE,82306300,0.8231,109.0388,-108.2158,1069,1068,1
2025-10-29,complete,SSE|SZSE,-627928150,-6.2793,120.8471,-127.1263,1069,1067,2
2025-10-30,complete,SSE|SZSE,2272835450,22.7284,134.5674,-111.8391,1070,1068,2
2025-10-31,complete,SSE|SZSE,23312348050,233.1235,294.4742,-61.3507,1071,1070,1
2025-11-03,complete,SSE|SZSE,2480748950,24.8075,131.3032,-106.4957,1072,1071,1
2025-11-04,complete,SSE|SZSE,-1191363700,-11.9136,127.8722,-139.7858,1074,1072,2
2025-11-05,complete,SSE|SZSE,8780366400,87.8037,129.0448,-41.2411,1074,1071,3
2025-11-06,complete,SSE|SZSE,-13935695650,-139.357,43.7735,-183.1305,1075,1074,1
2025-11-07,complete,SSE|SZSE,-1308756650,-13.0876,66.9196,-80.0072,1075,1072,3
2025-11-10,complete,SSE|SZSE,2058281640,20.5828,107.364,-86.7812,1077,1075,2
2025-11-11,complete,SSE|SZSE,3714552900,37.1455,95.203,-58.0575,1079,1078,1
2025-11-12,complete,SSE|SZSE,6523440650,65.2344,124.6388,-59.4044,1080,1080,0
2025-11-13,complete,SSE|SZSE,-6820547000,-68.2055,51.2739,-119.4794,1081,1080,1
2025-11-14,complete,SSE|SZSE,6718210600,67.1821,129.4506,-62.2685,1082,1080,2
2025-11-17,complete,SSE|SZSE,8214054900,82.1405,150.0829,-67.9424,1083,1082,1
2025-11-18,complete,SSE|SZSE,2002116900,20.0212,94.1754,-74.1542,1083,1083,0
2025-11-19,complete,SSE|SZSE,1898354180,18.9835,94.9772,-75.9937,1084,1084,0
2025-11-20,complete,SSE|SZSE,3213641340,32.1364,95.3495,-63.213,1084,1083,1
2025-11-21,complete,SSE|SZSE,36278419850,362.7842,392.7736,-29.9894,1084,1084,0
2025-11-24,complete,SSE|SZSE,10043459700,100.4346,155.0895,-54.6549,1086,1085,1
2025-11-25,complete,SSE|SZSE,-18373391500,-183.7339,26.3832,-210.1172,1087,1086,1
2025-11-26,complete,SSE|SZSE,-21486793100,-214.8679,36.1433,-251.0113,1088,1086,2
2025-11-27,complete,SSE|SZSE,-5787954700,-57.8795,57.4792,-115.3587,1089,1088,1
2025-11-28,complete,SSE|SZSE,-4521391500,-45.2139,43.6036,-88.8176,1089,1086,3
2025-12-01,complete,SSE|SZSE,-9418818740,-94.1882,41.0614,-135.2496,1089,1088,1
2025-12-02,complete,SSE|SZSE,-207324640,-2.0732,67.501,-69.5743,1090,1089,1
2025-12-03,complete,SSE|SZSE,3118368640,31.1837,84.0823,-52.8986,1090,1090,0
2025-12-04,complete,SSE|SZSE,3245201870,32.452,82.1785,-49.7265,1090,1088,2
2025-12-05,complete,SSE|SZSE,7495357380,74.9536,142.9043,-67.9507,1090,1088,2
2025-12-08,complete,SSE|SZSE,-5880357900,-58.8036,103.655,-162.4585,1091,1091,0
2025-12-09,complete,SSE|SZSE,-8791711090,-87.9171,65.9474,-153.8645,1091,1090,1
2025-12-10,complete,SSE|SZSE,-4944053290,-49.4405,72.9353,-122.3759,1091,1090,1
2025-12-11,complete,SSE|SZSE,2763322550,27.6332,94.6846,-67.0514,1092,1092,0
2025-12-12,complete,SSE|SZSE,15881538560,158.8154,218.2054,-59.3901,1093,1093,0
2025-12-15,complete,SSE|SZSE,5179850140,51.7985,127.1732,-75.3747,1093,1093,0
2025-12-16,complete,SSE|SZSE,11273173400,112.7317,165.8252,-53.0935,1093,1093,0
2025-12-17,complete,SSE|SZSE,16871136900,168.7114,240.6028,-71.8914,1093,1093,0
2025-12-18,complete,SSE|SZSE,10835527050,108.3553,161.2786,-52.9234,1094,1093,1
2025-12-19,complete,SSE|SZSE,12466791500,124.6679,188.2086,-63.5407,1096,1095,1
2025-12-22,complete,SSE|SZSE,1378401550,13.784,195.7562,-181.9722,1097,1096,1
2025-12-23,complete,SSE|SZSE,3327913100,33.2791,195.5064,-162.2272,1098,1097,1
2025-12-24,complete,SSE|SZSE,14183362100,141.8336,245.8454,-104.0118,1099,1098,1
2025-12-25,complete,SSE|SZSE,7430994900,74.3099,163.4452,-89.1353,1100,1100,0
2025-12-26,complete,SSE|SZSE,10306340550,103.0634,209.4594,-106.396,1101,1100,1
2025-12-29,complete,SSE|SZSE,-14101827930,-141.0183,84.8896,-225.9079,1101,1100,1
2025-12-30,complete,SSE|SZSE,4352785700,43.5279,127.64,-84.1121,1102,1100,2
2025-12-31,complete,SSE|SZSE,3567713350,35.6771,156.3072,-120.63,1102,1100,2
2026-01-05,complete,SSE|SZSE,-2335025630,-23.3503,176.1175,-199.4678,1103,1103,0
2026-01-06,complete,SSE|SZSE,3975453100,39.7545,207.6331,-167.8786,1106,1105,1
2026-01-07,complete,SSE|SZSE,-16618693230,-166.1869,119.1638,-285.3507,1108,1105,3
2026-01-08,complete,SSE|SZSE,-375968800,-3.7597,157.9756,-161.7353,1108,1107,1
2026-01-09,complete,SSE|SZSE,16359790650,163.5979,274.814,-111.2161,1110,1110,0
2026-01-12,complete,SSE|SZSE,5645240630,56.4524,255.6109,-199.1584,1110,1099,11
2026-01-13,complete,SSE|SZSE,5580328800,55.8033,249.2435,-193.4402,1112,1103,9
2026-01-14,complete,SSE|SZSE,-8844227750,-88.4423,231.3195,-319.7618,1114,1112,2
2026-01-15,complete,SSE|SZSE,-68519829600,-685.1983,160.756,-845.9543,1114,1114,0
2026-01-16,complete,SSE|SZSE,-87220485500,-872.2049,254.8489,-1127.0538,1115,1111,4
2026-01-19,complete,SSE|SZSE,-42550236860,-425.5024,216.7195,-642.2219,1116,1115,1
2026-01-20,complete,SSE|SZSE,-53531124760,-535.3112,186.2751,-721.5864,1119,1119,0
2026-01-21,complete,SSE|SZSE,-101533256700,-1015.3326,158.024,-1173.3566,1120,1120,0
2026-01-22,complete,SSE|SZSE,-64212546550,-642.1255,182.7947,-824.9201,1120,1119,1
2026-01-23,complete,SSE|SZSE,-71961080250,-719.6108,247.1359,-966.7467,1121,1118,3
2026-01-26,complete,SSE|SZSE,-103929998950,-1039.3,211.6002,-1250.9002,1122,1120,2
2026-01-27,complete,SSE|SZSE,-48197765850,-481.9777,155.4541,-637.4317,1124,1123,1
2026-01-28,complete,SSE|SZSE,-130467003600,-1304.67,219.2624,-1523.9324,1126,1125,1
2026-01-29,complete,SSE|SZSE,-33420780650,-334.2078,271.0399,-605.2477,1127,1118,9
2026-01-30,complete,SSE|SZSE,-3466449900,-34.6645,211.8381,-246.5026,1127,1125,2
2026-02-02,complete,SSE|SZSE,-17750407700,-177.5041,191.576,-369.0801,1129,1126,3
2026-02-03,complete,SSE|SZSE,6538913450,65.3891,237.0388,-171.6497,1131,1131,0
2026-02-04,complete,SSE|SZSE,-6699361940,-66.9936,131.3313,-198.325,1132,1131,1
2026-02-05,complete,SSE|SZSE,4320673000,43.2067,144.4909,-101.2842,1132,1131,1
2026-02-06,complete,SSE|SZSE,9369445600,93.6945,149.6658,-55.9714,1133,1130,3
2026-02-09,complete,SSE|SZSE,-3855187100,-38.5519,101.7557,-140.3076,1139,1138,1
2026-02-10,complete,SSE|SZSE,-11599727540,-115.9973,69.7247,-185.722,1139,1137,2
2026-02-11,complete,SSE|SZSE,788570250,7.8857,109.2778,-101.3921,1141,1141,0
2026-02-12,complete,SSE|SZSE,-8494905900,-84.9491,90.6508,-175.5999,1145,1144,1
2026-02-13,complete,SSE|SZSE,-23253638200,-232.5364,92.2815,-324.8179,1146,1145,1
2026-02-24,complete,SSE|SZSE,-2365058800,-23.6506,85.1972,-108.8478,1146,1144,2
2026-02-25,complete,SSE|SZSE,-3538684400,-35.3868,112.2888,-147.6756,1146,1145,1
2026-02-26,complete,SSE|SZSE,-25738432100,-257.3843,69.9332,-327.3175,1146,1144,2
2026-02-27,complete,SSE|SZSE,-3373598900,-33.736,109.3857,-143.1217,1148,1147,1
2026-03-02,complete,SSE|SZSE,-17243868320,-172.4387,178.5004,-350.9391,1149,1143,6
2026-03-03,complete,SSE|SZSE,9752262150,97.5226,253,-155.4774,1150,1139,11
2026-03-04,complete,SSE|SZSE,13179625550,131.7963,238.6555,-106.8593,1150,1146,4
2026-03-05,complete,SSE|SZSE,-22068589950,-220.6859,96.2071,-316.893,1153,1150,3
2026-03-06,complete,SSE|SZSE,6183192600,61.8319,149.3162,-87.4842,1153,1151,2
2026-03-09,complete,SSE|SZSE,8822447950,88.2245,186.5208,-98.2964,1154,1151,3
2026-03-10,complete,SSE|SZSE,-9574932450,-95.7493,99.9857,-195.735,1154,1152,2
2026-03-11,complete,SSE|SZSE,-12145578300,-121.4558,116.2082,-237.664,1153,1149,4
2026-03-12,complete,SSE|SZSE,-3974061900,-39.7406,129.2672,-169.0078,1153,1151,2
2026-03-13,complete,SSE|SZSE,7568919650,75.6892,139.8916,-64.2024,1153,1149,4
2026-03-16,complete,SSE|SZSE,-221766150,-2.2177,126.6369,-128.8545,1153,1150,3
2026-03-17,complete,SSE|SZSE,-889573150,-8.8957,122.7201,-131.6159,1154,1152,2
2026-03-18,complete,SSE|SZSE,-10393962200,-103.9396,97.5552,-201.4948,1155,1154,1
2026-03-19,complete,SSE|SZSE,2999757150,29.9976,145.9197,-115.9221,1157,1156,1
2026-03-20,complete,SSE|SZSE,-523997100,-5.24,157.5856,-162.8255,1159,1156,3
2026-03-23,complete,SSE|SZSE,16662268250,166.6227,297.1004,-130.4777,1161,1159,2
2026-03-24,complete,SSE|SZSE,-6372799610,-63.728,98.9887,-162.7167,1162,1161,1
2026-03-25,complete,SSE|SZSE,-19548880500,-195.4888,71.8787,-267.3675,1162,1161,1
2026-03-26,complete,SSE|SZSE,-2535758650,-25.3576,68.6879,-94.0455,1162,1160,2
2026-03-27,complete,SSE|SZSE,105063840,1.0506,82.31,-81.2593,1163,1158,5
2026-03-30,complete,SSE|SZSE,-10597300350,-105.973,49.3075,-155.2805,1164,1163,1
2026-03-31,complete,SSE|SZSE,3707774790,37.0777,127.1006,-90.0228,1164,1161,3
2026-04-01,complete,SSE|SZSE,-8435238550,-84.3524,79.4475,-163.7999,1164,1163,1
2026-04-02,complete,SSE|SZSE,-7267821000,-72.6782,98.3809,-171.0592,1170,1170,0
2026-04-03,complete,SSE|SZSE,2044495300,20.445,97.2871,-76.8422,1173,1173,0
2026-04-07,complete,SSE|SZSE,1880046350,18.8005,90.0557,-71.2552,1174,1174,0
2026-04-08,complete,SSE|SZSE,7768799350,77.688,264.2034,-186.5155,1174,1174,0
2026-04-09,complete,SSE|SZSE,-18411120300,-184.1112,59.4474,-243.5586,1175,1175,0
2026-04-10,complete,SSE|SZSE,-21623142350,-216.2314,47.8646,-264.096,1176,1176,0
2026-04-13,complete,SSE|SZSE,-17449606000,-174.4961,44.9709,-219.467,1176,1175,1
2026-04-14,complete,SSE|SZSE,-9577715290,-95.7772,78.5131,-174.2903,1177,1175,2
2026-04-15,complete,SSE|SZSE,-3804535000,-38.0453,101.6408,-139.6861,1177,1177,0
2026-04-16,complete,SSE|SZSE,-4220800920,-42.208,90.9527,-133.1607,1177,1177,0
2026-04-17,complete,SSE|SZSE,-12189962840,-121.8996,79.8883,-201.7879,1178,1178,0
2026-04-20,complete,SSE|SZSE,-12539636430,-125.3964,98.7609,-224.1572,1179,1179,0
2026-04-21,complete,SSE|SZSE,-11830124900,-118.3012,83.5927,-201.8939,1179,1178,1
2026-04-22,complete,SSE|SZSE,-17603294920,-176.0329,73.0254,-249.0584,1179,1179,0
2026-04-23,complete,SSE|SZSE,-21383355200,-213.8336,82.1123,-295.9459,1180,1180,0
2026-04-24,complete,SSE|SZSE,-7381300688,-73.813,89.429,-163.242,1182,1181,1
2026-04-27,complete,SSE|SZSE,-21056269640,-210.5627,66.7903,-277.353,1185,1184,1
2026-04-28,complete,SSE|SZSE,-19587234590,-195.8723,58.5405,-254.4128,1188,1188,0
2026-04-29,complete,SSE|SZSE,-3534295800,-35.343,128.0732,-163.4161,1189,1188,1
2026-04-30,complete,SSE|SZSE,-41712296950,-417.123,88.5907,-505.7136,1190,1189,1
2026-05-06,complete,SSE|SZSE,-15133687300,-151.3369,134.7551,-286.092,1194,1193,1
2026-05-07,complete,SSE|SZSE,-34792933750,-347.9293,103.891,-451.8203,1194,1191,3
2026-05-08,complete,SSE|SZSE,-26309222430,-263.0922,101.9811,-365.0733,1196,1194,2
2026-05-11,complete,SSE|SZSE,-46068544620,-460.6854,76.6816,-537.367,1196,1195,1
2026-05-12,complete,SSE|SZSE,-26745655810,-267.4566,97.2221,-364.6786,1198,1195,3
2026-05-13,complete,SSE|SZSE,-16330917450,-163.3092,94.1972,-257.5063,1200,1198,2
2026-05-14,complete,SSE|SZSE,-20354707450,-203.5471,74.2553,-277.8023,1203,1200,3
2026-05-15,complete,SSE|SZSE,-8309343050,-83.0934,115.5567,-198.6501,1207,1203,4
2026-05-18,complete,SSE|SZSE,-13103593560,-131.0359,86.1037,-217.1396,1209,1207,2
2026-05-19,complete,SSE|SZSE,-16808634700,-168.0863,110.7614,-278.8477,1209,1208,1
2026-05-20,complete,SSE|SZSE,-21603510930,-216.0351,108.8398,-324.8749,1211,1209,2
2026-05-21,complete,SSE|SZSE,-3707517350,-37.0752,181.4333,-218.5085,1214,1210,4
2026-05-22,complete,SSE|SZSE,-8838976700,-88.3898,130.2915,-218.6812,1215,1213,2
2026-05-25,complete,SSE|SZSE,-47296292220,-472.9629,74.3832,-547.3461,1217,1216,1
2026-05-26,complete,SSE|SZSE,-1118164140,-11.1816,192.9376,-204.1193,1219,1218,1
2026-05-27,complete,SSE|SZSE,-6692706200,-66.9271,145.8807,-212.8078,1222,1221,1
2026-05-28,complete,SSE|SZSE,-14328705250,-143.2871,81.6134,-224.9005,1222,1221,1
2026-05-29,complete,SSE|SZSE,6008992880,60.0899,201.9535,-141.8636,1224,1223,1
2026-06-01,complete,SSE|SZSE,16741110350,167.4111,268.5196,-101.1085,1228,1227,1
2026-06-02,complete,SSE|SZSE,-8502338600,-85.0234,109.1075,-194.1309,1229,1227,2
2026-06-03,complete,SSE|SZSE,-19515816090,-195.1582,81.3694,-276.5276,1229,1227,2
2026-06-04,complete,SSE|SZSE,-7497663250,-74.9766,110.6124,-185.589,1230,1228,2
2026-06-05,complete,SSE|SZSE,4736843230,47.3684,160.2086,-112.8402,1231,1228,3
2026-06-08,complete,SSE|SZSE,29134506000,291.3451,350.0126,-58.6675,1232,1230,2
2026-06-09,complete,SSE|SZSE,-25030431750,-250.3043,44.5462,-294.8505,1240,1237,3
2026-06-10,complete,SSE|SZSE,-2948487720,-29.4849,96.9631,-126.4479,1243,1240,3
2026-06-11,complete,SSE|SZSE,5812544660,58.1254,137.0944,-78.9689,1247,1243,4
2026-06-12,complete,SSE|SZSE,2478202810,24.782,145.5885,-120.8064,1247,1246,1
2026-06-15,complete,SSE|SZSE,-5621812260,-56.2181,167.6048,-223.8229,1250,1249,1
2026-06-16,complete,SSE|SZSE,-14613915180,-146.1392,95.5618,-241.701,1251,1249,2
2026-06-17,complete,SSE|SZSE,-26348986360,-263.4899,76.4804,-339.9703,1251,1250,1
2026-06-18,complete,SSE|SZSE,-16035904230,-160.359,120.3135,-280.6726,1254,1253,1
2026-06-22,complete,SSE|SZSE,-5809521230,-58.0952,169.5449,-227.6401,1254,1252,2
2026-06-23,complete,SSE|SZSE,-23779146720,-237.7915,145.4927,-383.2842,1254,1247,7
2026-06-24,complete,SSE|SZSE,-27928462660,-279.2846,134.2422,-413.5268,1256,1252,4
2026-06-25,complete,SSE|SZSE,-33073661440,-330.7366,173.4273,-504.1639,1256,1249,7
2026-06-26,complete,SSE|SZSE,20010195960,200.102,315.3761,-115.2741,1258,1255,3
2026-06-29,complete,SSE|SZSE,701630700,7.0163,264.9831,-257.9667,1260,1258,2
2026-06-30,complete,SSE|SZSE,-7287358620,-72.8736,244.6123,-317.4859,1260,1258,2
2026-07-01,complete,SSE|SZSE,456935400,4.5694,229.2665,-224.6971,1262,1260,2
2026-07-02,complete,SSE|SZSE,34464646980,344.6465,443.0533,-98.4068,1262,1257,5
2026-07-03,complete,SSE|SZSE,-7507409500,-75.0741,193.2568,-268.3309,1262,1256,6
2026-07-06,complete,SSE|SZSE,11713840850,117.1384,217.0705,-99.9321,1267,1261,6
2026-07-07,complete,SSE|SZSE,23901035270,239.0104,286.4553,-47.445,1269,1266,3
2026-07-08,complete,SSE|SZSE,21127865000,211.2786,257.7219,-46.4432,1273,1265,8
2026-07-09,complete,SSE|SZSE,11231755150,112.3176,191.8082,-79.4907,1275,1269,6
2026-07-10,complete,SSE|SZSE,17848664950,178.4866,342.1019,-163.6153,1279,1274,5
2026-07-13,complete,SSE|SZSE,54427021800,544.2702,595.4572,-51.187,1282,1279,3
2026-07-14,complete,SSE|SZSE,19679084060,196.7908,277.7017,-80.9108,1282,1279,3
2026-07-15,complete,SSE|SZSE,10497167980,104.9717,241.3982,-136.4265,1281,1280,1
2026-07-16,complete,SSE|SZSE,38415593710,384.1559,459.7651,-75.6092,1281,1278,3
2026-07-17,complete,SSE|SZSE,73456122120,734.5612,828.825,-94.2638,1285,1276,9
2026-07-20,complete,SSE|SZSE,60155421420,601.5542,689.2142,-87.66,1288,1284,4
2026-07-21,complete,SSE|SZSE,-14645008260,-146.4501,156.742,-303.1921,1289,1286,3
2026-07-22,complete,SSE|SZSE,-23653542160,-236.5354,136.0678,-372.6032,1289,1284,5
2026-07-23,complete,SSE|SZSE,17850458000,178.5046,252.7506,-74.2461,1291,1290,1
2026-07-24,complete,SSE|SZSE,13326132030,133.2613,230.944,-97.6827,1292,1291,1
2026-07-27,complete,SSE|SZSE,14385685140,143.8569,253.9536,-110.0967,1292,1289,3
2026-07-28,complete,SSE|SZSE,27015472190,270.1547,407.29,-137.1352,1292,1290,2
2026-07-29,complete,SSE|SZSE,41651659280,416.5166,503.1652,-86.6486,1292,1291,1
2026-07-30,complete,SSE|SZSE,39907227100,399.0723,489.2414,-90.1692,1296,1293,3
2026-07-31,complete,SSE|SZSE,-23416798960,-234.168,127.24,-361.408,1296,1291,5
2026-08-03,complete,SSE|SZSE,29036131620,290.3613,345.0256,-54.6643,1299,1296,3
2026-08-04,complete,SSE|SZSE,-23912287450,-239.1229,88.6942,-327.817,1301,1299,2
2026-08-05,complete,SSE|SZSE,-30513610580,-305.1361,83.5773,-388.7134,1302,1301,1
2026-08-06,complete,SSE|SZSE,-22953618140,-229.5362,80.4695,-310.0057,1304,1302,2
2026-08-07,complete,SSE|SZSE,-27871419170,-278.7142,70.9726,-349.6868,1305,1302,3
2026-08-10,complete,SSE|SZSE,-11900815340,-119.0082,93.3624,-212.3705,1308,1304,4
2026-08-11,complete,SSE|SZSE,-6495393540,-64.9539,94.941,-159.8949,1308,1306,2
2026-08-12,complete,SSE|SZSE,-13884035310,-138.8404,50.4362,-189.2765,1309,1307,2
2026-08-13,complete,SSE|SZSE,-15815815390,-158.1582,60.5264,-218.6846,1311,1310,1
2026-08-14,complete,SSE|SZSE,-4982209590,-49.8221,68.6535,-118.4756,1312,1310,2
2026-08-17,complete,SSE|SZSE,-18883207450,-188.8321,48.3317,-237.1638,1312,1311,1
2026-08-18,complete,SSE|SZSE,-12883155800,-128.8316,87.517,-216.3485,1314,1313,1
2026-08-19,complete,SSE|SZSE,51908616960,519.0862,577.1463,-58.0602,1314,1311,3
2026-08-20,complete,SSE|SZSE,-5318540900,-53.1854,113.5022,-166.6876,1316,1311,5
2026-08-21,complete,SSE|SZSE,-10469367350,-104.6937,48.97,-153.6637,1318,1315,3
2026-08-24,complete,SSE|SZSE,11521089060,115.2109,190.1495,-74.9386,1321,1320,1
2026-08-25,complete,SSE|SZSE,15993163180,159.9316,201.1932,-41.2616,1322,1320,2
2026-08-26,complete,SSE|SZSE,-12944749270,-129.4475,49.9712,-179.4187,1322,1321,1
2026-08-27,complete,SSE|SZSE,-9231771670,-92.3177,77.0671,-169.3848,1326,1325,1
2026-08-28,complete,SSE|SZSE,-4268317760,-42.6832,66.3893,-109.0725,1328,1327,1
2026-08-31,complete,SSE|SZSE,-458379830,-4.5838,83.1921,-87.7759,1329,1327,2
2026-09-01,complete,SSE|SZSE,-7791840890,-77.9184,113.0616,-190.98,1328,1327,1
2026-09-02,complete,SSE|SZSE,-2858106570,-28.5811,80.6852,-109.2663,1330,1329,1
2026-09-03,complete,SSE|SZSE,5609363540,56.0936,109.4234,-53.3298,1331,1331,0
2026-09-04,complete,SSE|SZSE,15668205850,156.6821,227.7811,-71.099,1333,1332,1
2026-09-07,complete,SSE|SZSE,-3348946820,-33.4895,120.5448,-154.0342,1336,1334,2
2026-09-08,complete,SSE|SZSE,-2732252700,-27.3225,71.8399,-99.1624,1337,1334,3
2026-09-09,complete,SSE|SZSE,-1977270380,-19.7727,66.6312,-86.4039,1337,1336,1
2026-09-10,complete,SSE|SZSE,2422489210,24.2249,70.9004,-46.6755,1337,1335,2
2026-09-11,complete,SSE|SZSE,9777373590,97.7737,178.3406,-80.5668,1339,1337,2
2026-09-14,complete,SSE|SZSE,2056385000,20.5638,82.6551,-62.0912,1341,1339,2
2026-09-15,complete,SSE|SZSE,-2405170100,-24.0517,95.7023,-119.754,1344,1343,1
2026-09-16,complete,SSE|SZSE,5204608900,52.0461,149.3885,-97.3424,1346,1345,1
2026-09-17,complete,SSE|SZSE,-4637717500,-46.3772,50.3058,-96.683,1349,1347,2
2026-09-18,complete,SSE|SZSE,-6169151220,-61.6915,59.9622,-121.6537,1353,1352,1
