date,code,name,exchange,benchmarkId,benchmark,shares,shareChange,shareChangePct,close,estimatedNetFlowCny,status
2026-09-08,510040,上证180ETF鹏华,SSE,sse-180,上证180,26480000,0,0,1.16,0,ready
2026-09-09,510040,上证180ETF鹏华,SSE,sse-180,上证180,26480000,0,0,1.166,0,ready
2026-09-10,510040,上证180ETF鹏华,SSE,sse-180,上证180,26480000,0,0,1.159,0,ready
2026-09-11,510040,上证180ETF鹏华,SSE,sse-180,上证180,26480000,0,0,1.146,0,ready
2026-09-14,510040,上证180ETF鹏华,SSE,sse-180,上证180,26480000,0,0,1.144,0,ready
2026-09-15,510040,上证180ETF鹏华,SSE,sse-180,上证180,26480000,0,0,1.139,0,ready
2026-09-16,510040,上证180ETF鹏华,SSE,sse-180,上证180,24480000,-2000000,-7.5529,1.147,-2294000,ready
2026-09-17,510040,上证180ETF鹏华,SSE,sse-180,上证180,26480000,2000000,8.1699,1.138,2276000,ready
2026-09-18,510040,上证180ETF鹏华,SSE,sse-180,上证180,26480000,0,0,1.145,0,ready
2026-09-08,510050,上证50ETF华夏,SSE,sse-50,上证50,6847866800,-171000000,-2.4363,3.017,-515907000,ready
2026-09-09,510050,上证50ETF华夏,SSE,sse-50,上证50,6846966800,-900000,-0.0131,3.021,-2718900,ready
2026-09-10,510050,上证50ETF华夏,SSE,sse-50,上证50,6718266800,-128700000,-1.8797,3.016,-388159200,ready
2026-09-11,510050,上证50ETF华夏,SSE,sse-50,上证50,7031466800,313200000,4.6619,2.981,933649200,ready
2026-09-14,510050,上证50ETF华夏,SSE,sse-50,上证50,7046766800,15300000,0.2176,2.976,45532800,ready
2026-09-15,510050,上证50ETF华夏,SSE,sse-50,上证50,7189866800,143100000,2.0307,2.958,423289800,ready
2026-09-16,510050,上证50ETF华夏,SSE,sse-50,上证50,7591266800,401400000,5.5829,2.98,1196172000,ready
2026-09-17,510050,上证50ETF华夏,SSE,sse-50,上证50,7790166800,198900000,2.6201,2.958,588346200,ready
2026-09-18,510050,上证50ETF华夏,SSE,sse-50,上证50,7960266800,170100000,2.1835,2.975,506047500,ready
2026-09-08,510180,上证180ETF华安,SSE,sse-180,上证180,4419557700,-1500000,-0.0339,3.959,-5938500,ready
2026-09-09,510180,上证180ETF华安,SSE,sse-180,上证180,4419557700,0,0,3.964,0,ready
2026-09-10,510180,上证180ETF华安,SSE,sse-180,上证180,4420057700,500000,0.0113,3.951,1975500,ready
2026-09-11,510180,上证180ETF华安,SSE,sse-180,上证180,4422557700,2500000,0.0566,3.9,9750000,ready
2026-09-14,510180,上证180ETF华安,SSE,sse-180,上证180,4420557700,-2000000,-0.0452,3.886,-7772000,ready
2026-09-15,510180,上证180ETF华安,SSE,sse-180,上证180,4421557700,1000000,0.0226,3.874,3874000,ready
2026-09-16,510180,上证180ETF华安,SSE,sse-180,上证180,4423057700,1500000,0.0339,3.887,5830500,ready
2026-09-17,510180,上证180ETF华安,SSE,sse-180,上证180,4424057700,1000000,0.0226,3.877,3877000,ready
2026-09-18,510180,上证180ETF华安,SSE,sse-180,上证180,4428057700,4000000,0.0904,3.907,15628000,ready
2026-09-08,510190,上证50ETF华安,SSE,sse-50,上证50,23650800,0,0,4.31,0,ready
2026-09-09,510190,上证50ETF华安,SSE,sse-50,上证50,24150800,500000,2.1141,4.313,2156500,ready
2026-09-10,510190,上证50ETF华安,SSE,sse-50,上证50,23650800,-500000,-2.0703,4.304,-2152000,ready
2026-09-11,510190,上证50ETF华安,SSE,sse-50,上证50,23650800,0,0,4.262,0,ready
2026-09-14,510190,上证50ETF华安,SSE,sse-50,上证50,23650800,0,0,4.246,0,ready
2026-09-15,510190,上证50ETF华安,SSE,sse-50,上证50,23650800,0,0,4.22,0,ready
2026-09-16,510190,上证50ETF华安,SSE,sse-50,上证50,23650800,0,0,4.258,0,ready
2026-09-17,510190,上证50ETF华安,SSE,sse-50,上证50,23650800,0,0,4.239,0,ready
2026-09-18,510190,上证50ETF华安,SSE,sse-50,上证50,23650800,0,0,4.244,0,ready
2026-09-08,510210,上证指数ETF富国,SSE,sse-composite,上证综指,14039192600,-309000000,-2.1536,1.007,-311163000,ready
2026-09-09,510210,上证指数ETF富国,SSE,sse-composite,上证综指,13916192600,-123000000,-0.8761,1.012,-124476000,ready
2026-09-10,510210,上证指数ETF富国,SSE,sse-composite,上证综指,14003192600,87000000,0.6252,1.008,87696000,ready
2026-09-11,510210,上证指数ETF富国,SSE,sse-composite,上证综指,14927192600,924000000,6.5985,0.997,921228000,ready
2026-09-14,510210,上证指数ETF富国,SSE,sse-composite,上证综指,14987192600,60000000,0.402,0.995,59700000,ready
2026-09-15,510210,上证指数ETF富国,SSE,sse-composite,上证综指,15008192600,21000000,0.1401,0.991,20811000,ready
2026-09-16,510210,上证指数ETF富国,SSE,sse-composite,上证综指,14891192600,-117000000,-0.7796,1,-117000000,ready
2026-09-17,510210,上证指数ETF富国,SSE,sse-composite,上证综指,14834192600,-57000000,-0.3828,0.995,-56715000,ready
2026-09-18,510210,上证指数ETF富国,SSE,sse-composite,上证综指,14147192600,-687000000,-4.6312,1.005,-690435000,ready
2026-09-08,510290,上证380ETF南方,SSE,sse-380,上证380,54448900,0,0,2.639,0,ready
2026-09-09,510290,上证380ETF南方,SSE,sse-380,上证380,54448900,0,0,2.642,0,ready
2026-09-10,510290,上证380ETF南方,SSE,sse-380,上证380,54448900,0,0,2.62,0,ready
2026-09-11,510290,上证380ETF南方,SSE,sse-380,上证380,54448900,0,0,2.574,0,ready
2026-09-14,510290,上证380ETF南方,SSE,sse-380,上证380,54448900,0,0,2.575,0,ready
2026-09-15,510290,上证380ETF南方,SSE,sse-380,上证380,54448900,0,0,2.57,0,ready
2026-09-16,510290,上证380ETF南方,SSE,sse-380,上证380,54448900,0,0,2.613,0,ready
2026-09-17,510290,上证380ETF南方,SSE,sse-380,上证380,54448900,0,0,2.605,0,ready
2026-09-18,510290,上证380ETF南方,SSE,sse-380,上证380,54448900,0,0,2.65,0,ready
2026-09-08,510300,沪深300ETF华泰柏瑞,SSE,csi-300,沪深300,23468887700,-180000000,-0.7611,4.624,-832320000,ready
2026-09-09,510300,沪深300ETF华泰柏瑞,SSE,csi-300,沪深300,23185387700,-283500000,-1.208,4.637,-1314589500,ready
2026-09-10,510300,沪深300ETF华泰柏瑞,SSE,csi-300,沪深300,23190787700,5400000,0.0233,4.617,24931800,ready
2026-09-11,510300,沪深300ETF华泰柏瑞,SSE,csi-300,沪深300,23398687700,207900000,0.8965,4.579,951974100,ready
2026-09-14,510300,沪深300ETF华泰柏瑞,SSE,csi-300,沪深300,23403187700,4500000,0.0192,4.552,20484000,ready
2026-09-15,510300,沪深300ETF华泰柏瑞,SSE,csi-300,沪深300,23542687700,139500000,0.5961,4.523,630958500,ready
2026-09-16,510300,沪深300ETF华泰柏瑞,SSE,csi-300,沪深300,23794687700,252000000,1.0704,4.55,1146600000,ready
2026-09-17,510300,沪深300ETF华泰柏瑞,SSE,csi-300,沪深300,23701087700,-93600000,-0.3934,4.532,-424195200,ready
2026-09-18,510300,沪深300ETF华泰柏瑞,SSE,csi-300,沪深300,23659687700,-41400000,-0.1747,4.582,-189694800,ready
2026-09-08,510310,沪深300ETF易方达,SSE,csi-300,沪深300,11396444000,-68400000,-0.5966,4.491,-307184400,ready
2026-09-09,510310,沪深300ETF易方达,SSE,csi-300,沪深300,11384744000,-11700000,-0.1027,4.504,-52696800,ready
2026-09-10,510310,沪深300ETF易方达,SSE,csi-300,沪深300,11377544000,-7200000,-0.0632,4.486,-32299200,ready
2026-09-11,510310,沪深300ETF易方达,SSE,csi-300,沪深300,11347844000,-29700000,-0.261,4.447,-132075900,ready
2026-09-14,510310,沪深300ETF易方达,SSE,csi-300,沪深300,11373944000,26100000,0.23,4.421,115388100,ready
2026-09-15,510310,沪深300ETF易方达,SSE,csi-300,沪深300,11353244000,-20700000,-0.182,4.391,-90893700,ready
2026-09-16,510310,沪深300ETF易方达,SSE,csi-300,沪深300,11342444000,-10800000,-0.0951,4.42,-47736000,ready
2026-09-17,510310,沪深300ETF易方达,SSE,csi-300,沪深300,11344244000,1800000,0.0159,4.404,7927200,ready
2026-09-18,510310,沪深300ETF易方达,SSE,csi-300,沪深300,11344244000,0,0,4.449,0,ready
2026-09-08,510500,中证500ETF南方,SSE,csi-500,中证500,5500968600,-30400000,-0.5496,7.788,-236755200,ready
2026-09-09,510500,中证500ETF南方,SSE,csi-500,中证500,5380168600,-120800000,-2.196,7.785,-940428000,ready
2026-09-10,510500,中证500ETF南方,SSE,csi-500,中证500,5442968600,62800000,1.1672,7.742,486197600,ready
2026-09-11,510500,中证500ETF南方,SSE,csi-500,中证500,5232168600,-210800000,-3.8729,7.611,-1604398800,ready
2026-09-14,510500,中证500ETF南方,SSE,csi-500,中证500,5295368600,63200000,1.2079,7.598,480193600,ready
2026-09-15,510500,中证500ETF南方,SSE,csi-500,中证500,5509768600,214400000,4.0488,7.588,1626867200,ready
2026-09-16,510500,中证500ETF南方,SSE,csi-500,中证500,5703368600,193600000,3.5138,7.71,1492656000,ready
2026-09-17,510500,中证500ETF南方,SSE,csi-500,中证500,5690168600,-13200000,-0.2314,7.681,-101389200,ready
2026-09-18,510500,中证500ETF南方,SSE,csi-500,中证500,5722568600,32400000,0.5694,7.83,253692000,ready
2026-09-08,510580,中证500ETF易方达,SSE,csi-500,中证500,1161368300,1600000,0.138,4.094,6550400,ready
2026-09-09,510580,中证500ETF易方达,SSE,csi-500,中证500,1161368300,0,0,4.096,0,ready
2026-09-10,510580,中证500ETF易方达,SSE,csi-500,中证500,1166168300,4800000,0.4133,4.072,19545600,ready
2026-09-11,510580,中证500ETF易方达,SSE,csi-500,中证500,1139768300,-26400000,-2.2638,3.998,-105547200,ready
2026-09-14,510580,中证500ETF易方达,SSE,csi-500,中证500,1143768300,4000000,0.3509,3.992,15968000,ready
2026-09-15,510580,中证500ETF易方达,SSE,csi-500,中证500,1147768300,4000000,0.3497,3.991,15964000,ready
2026-09-16,510580,中证500ETF易方达,SSE,csi-500,中证500,1150168300,2400000,0.2091,4.058,9739200,ready
2026-09-17,510580,中证500ETF易方达,SSE,csi-500,中证500,1152568300,2400000,0.2087,4.041,9698400,ready
2026-09-18,510580,中证500ETF易方达,SSE,csi-500,中证500,1160568300,8000000,0.6941,4.118,32944000,ready
2026-09-08,510800,上证50ETF建信,SSE,sse-50,上证50,173576000,-1000000,-0.5728,1.397,-1397000,ready
2026-09-09,510800,上证50ETF建信,SSE,sse-50,上证50,173576000,0,0,1.398,0,ready
2026-09-10,510800,上证50ETF建信,SSE,sse-50,上证50,173576000,0,0,1.398,0,ready
2026-09-11,510800,上证50ETF建信,SSE,sse-50,上证50,177576000,4000000,2.3045,1.382,5528000,ready
2026-09-14,510800,上证50ETF建信,SSE,sse-50,上证50,174576000,-3000000,-1.6894,1.378,-4134000,ready
2026-09-15,510800,上证50ETF建信,SSE,sse-50,上证50,174576000,0,0,1.372,0,ready
2026-09-16,510800,上证50ETF建信,SSE,sse-50,上证50,174576000,0,0,1.381,0,ready
2026-09-17,510800,上证50ETF建信,SSE,sse-50,上证50,174576000,0,0,1.373,0,ready
2026-09-18,510800,上证50ETF建信,SSE,sse-50,上证50,176576000,2000000,1.1456,1.38,2760000,ready
2026-09-08,512020,A500ETF鹏华,SSE,csi-a500,中证A500,1112012700,6000000,0.5425,1.281,7686000,ready
2026-09-09,512020,A500ETF鹏华,SSE,csi-a500,中证A500,1112012700,0,0,1.284,0,ready
2026-09-10,512020,A500ETF鹏华,SSE,csi-a500,中证A500,1109012700,-3000000,-0.2698,1.276,-3828000,ready
2026-09-11,512020,A500ETF鹏华,SSE,csi-a500,中证A500,1106012700,-3000000,-0.2705,1.261,-3783000,ready
2026-09-14,512020,A500ETF鹏华,SSE,csi-a500,中证A500,1103012700,-3000000,-0.2712,1.256,-3768000,ready
2026-09-15,512020,A500ETF鹏华,SSE,csi-a500,中证A500,1103012700,0,0,1.249,0,ready
2026-09-16,512020,A500ETF鹏华,SSE,csi-a500,中证A500,1100012700,-3000000,-0.272,1.26,-3780000,ready
2026-09-17,512020,A500ETF鹏华,SSE,csi-a500,中证A500,1100012700,0,0,1.255,0,ready
2026-09-18,512020,A500ETF鹏华,SSE,csi-a500,中证A500,1100012700,0,0,1.274,0,ready
2026-09-08,512050,A500ETF华夏,SSE,csi-a500,中证A500,16186992200,0,0,1.199,0,ready
2026-09-09,512050,A500ETF华夏,SSE,csi-a500,中证A500,16147992200,-39000000,-0.2409,1.202,-46878000,ready
2026-09-10,512050,A500ETF华夏,SSE,csi-a500,中证A500,16264992200,117000000,0.7245,1.196,139932000,ready
2026-09-11,512050,A500ETF华夏,SSE,csi-a500,中证A500,16195992200,-69000000,-0.4242,1.182,-81558000,ready
2026-09-14,512050,A500ETF华夏,SSE,csi-a500,中证A500,16153992200,-42000000,-0.2593,1.177,-49434000,ready
2026-09-15,512050,A500ETF华夏,SSE,csi-a500,中证A500,16171992200,18000000,0.1114,1.17,21060000,ready
2026-09-16,512050,A500ETF华夏,SSE,csi-a500,中证A500,16132992200,-39000000,-0.2412,1.182,-46098000,ready
2026-09-17,512050,A500ETF华夏,SSE,csi-a500,中证A500,16003992200,-129000000,-0.7996,1.177,-151833000,ready
2026-09-18,512050,A500ETF华夏,SSE,csi-a500,中证A500,16057992200,54000000,0.3374,1.193,64422000,ready
2026-09-08,512080,A500ETF中金,SSE,csi-a500,中证A500,779186100,0,0,1.285,0,ready
2026-09-09,512080,A500ETF中金,SSE,csi-a500,中证A500,779186100,0,0,1.29,0,ready
2026-09-10,512080,A500ETF中金,SSE,csi-a500,中证A500,794186100,15000000,1.9251,1.281,19215000,ready
2026-09-11,512080,A500ETF中金,SSE,csi-a500,中证A500,785186100,-9000000,-1.1332,1.268,-11412000,ready
2026-09-14,512080,A500ETF中金,SSE,csi-a500,中证A500,785186100,0,0,1.261,0,ready
2026-09-15,512080,A500ETF中金,SSE,csi-a500,中证A500,785186100,0,0,1.256,0,ready
2026-09-16,512080,A500ETF中金,SSE,csi-a500,中证A500,779186100,-6000000,-0.7642,1.268,-7608000,ready
2026-09-17,512080,A500ETF中金,SSE,csi-a500,中证A500,779186100,0,0,1.264,0,ready
2026-09-18,512080,A500ETF中金,SSE,csi-a500,中证A500,779186100,0,0,1.276,0,ready
2026-09-08,512100,中证1000ETF南方,SSE,csi-1000,中证1000,6439217600,-136000000,-2.0684,3.106,-422416000,ready
2026-09-09,512100,中证1000ETF南方,SSE,csi-1000,中证1000,6265217600,-174000000,-2.7022,3.101,-539574000,ready
2026-09-10,512100,中证1000ETF南方,SSE,csi-1000,中证1000,6245217600,-20000000,-0.3192,3.082,-61640000,ready
2026-09-11,512100,中证1000ETF南方,SSE,csi-1000,中证1000,6087217600,-158000000,-2.5299,3.014,-476212000,ready
2026-09-14,512100,中证1000ETF南方,SSE,csi-1000,中证1000,5885217600,-202000000,-3.3184,3.033,-612666000,ready
2026-09-15,512100,中证1000ETF南方,SSE,csi-1000,中证1000,5857217600,-28000000,-0.4758,3.024,-84672000,ready
2026-09-16,512100,中证1000ETF南方,SSE,csi-1000,中证1000,6449217600,592000000,10.1072,3.082,1824544000,ready
2026-09-17,512100,中证1000ETF南方,SSE,csi-1000,中证1000,6391217600,-58000000,-0.8993,3.066,-177828000,ready
2026-09-18,512100,中证1000ETF南方,SSE,csi-1000,中证1000,6387217600,-4000000,-0.0626,3.129,-12516000,ready
2026-09-08,512150,富时A50ETF汇安,SSE,csi-a50,A50系列,18073400,0,0,1.884,0,ready
2026-09-09,512150,富时A50ETF汇安,SSE,csi-a50,A50系列,18073400,0,0,1.893,0,ready
2026-09-10,512150,富时A50ETF汇安,SSE,csi-a50,A50系列,18073400,0,0,1.889,0,ready
2026-09-11,512150,富时A50ETF汇安,SSE,csi-a50,A50系列,18073400,0,0,1.873,0,ready
2026-09-14,512150,富时A50ETF汇安,SSE,csi-a50,A50系列,18073400,0,0,1.866,0,ready
2026-09-15,512150,富时A50ETF汇安,SSE,csi-a50,A50系列,18073400,0,0,1.85,0,ready
2026-09-16,512150,富时A50ETF汇安,SSE,csi-a50,A50系列,18073400,0,0,1.863,0,ready
2026-09-17,512150,富时A50ETF汇安,SSE,csi-a50,A50系列,18073400,0,0,1.856,0,ready
2026-09-18,512150,富时A50ETF汇安,SSE,csi-a50,A50系列,19073400,1000000,5.533,1.871,1871000,ready
2026-09-08,512500,中证500ETF华夏,SSE,csi-500,中证500,1788808800,-4000000,-0.2231,4.408,-17632000,ready
2026-09-09,512500,中证500ETF华夏,SSE,csi-500,中证500,1788008800,-800000,-0.0447,4.406,-3524800,ready
2026-09-10,512500,中证500ETF华夏,SSE,csi-500,中证500,1800808800,12800000,0.7159,4.383,56102400,ready
2026-09-11,512500,中证500ETF华夏,SSE,csi-500,中证500,1758408800,-42400000,-2.3545,4.299,-182277600,ready
2026-09-14,512500,中证500ETF华夏,SSE,csi-500,中证500,1753608800,-4800000,-0.273,4.295,-20616000,ready
2026-09-15,512500,中证500ETF华夏,SSE,csi-500,中证500,1804808800,51200000,2.9197,4.293,219801600,ready
2026-09-16,512500,中证500ETF华夏,SSE,csi-500,中证500,1825608800,20800000,1.1525,4.364,90771200,ready
2026-09-17,512500,中证500ETF华夏,SSE,csi-500,中证500,1832008800,6400000,0.3506,4.348,27827200,ready
2026-09-18,512500,中证500ETF华夏,SSE,csi-500,中证500,1841608800,9600000,0.524,4.43,42528000,ready
2026-09-08,515660,沪深300ETF国联安,SSE,csi-300,沪深300,433594200,-900000,-0.2071,5.778,-5200200,ready
2026-09-09,515660,沪深300ETF国联安,SSE,csi-300,沪深300,433594200,0,0,5.806,0,ready
2026-09-10,515660,沪深300ETF国联安,SSE,csi-300,沪深300,433594200,0,0,5.786,0,ready
2026-09-11,515660,沪深300ETF国联安,SSE,csi-300,沪深300,433594200,0,0,5.717,0,ready
2026-09-14,515660,沪深300ETF国联安,SSE,csi-300,沪深300,433594200,0,0,5.685,0,ready
2026-09-15,515660,沪深300ETF国联安,SSE,csi-300,沪深300,434494200,900000,0.2076,5.66,5094000,ready
2026-09-16,515660,沪深300ETF国联安,SSE,csi-300,沪深300,434494200,0,0,5.689,0,ready
2026-09-17,515660,沪深300ETF国联安,SSE,csi-300,沪深300,434494200,0,0,5.677,0,ready
2026-09-18,515660,沪深300ETF国联安,SSE,csi-300,沪深300,434494200,0,0,5.74,0,ready
2026-09-08,515800,中证800ETF汇添富,SSE,csi-800,中证800,3822437200,-45000000,-1.1636,1.275,-57375000,ready
2026-09-09,515800,中证800ETF汇添富,SSE,csi-800,中证800,3790937200,-31500000,-0.8241,1.278,-40257000,ready
2026-09-10,515800,中证800ETF汇添富,SSE,csi-800,中证800,3795437200,4500000,0.1187,1.27,5715000,ready
2026-09-11,515800,中证800ETF汇添富,SSE,csi-800,中证800,3804437200,9000000,0.2371,1.258,11322000,ready
2026-09-14,515800,中证800ETF汇添富,SSE,csi-800,中证800,3813437200,9000000,0.2366,1.249,11241000,ready
2026-09-15,515800,中证800ETF汇添富,SSE,csi-800,中证800,3822437200,9000000,0.236,1.245,11205000,ready
2026-09-16,515800,中证800ETF汇添富,SSE,csi-800,中证800,3808937200,-13500000,-0.3532,1.254,-16929000,ready
2026-09-17,515800,中证800ETF汇添富,SSE,csi-800,中证800,3799937200,-9000000,-0.2363,1.251,-11259000,ready
2026-09-18,515800,中证800ETF汇添富,SSE,csi-800,中证800,3804437200,4500000,0.1184,1.268,5706000,ready
2026-09-08,515810,中证800ETF易方达,SSE,csi-800,中证800,263908800,0,0,1.703,0,ready
2026-09-09,515810,中证800ETF易方达,SSE,csi-800,中证800,263908800,0,0,1.704,0,ready
2026-09-10,515810,中证800ETF易方达,SSE,csi-800,中证800,263908800,0,0,1.695,0,ready
2026-09-11,515810,中证800ETF易方达,SSE,csi-800,中证800,269908800,6000000,2.2735,1.682,10092000,ready
2026-09-14,515810,中证800ETF易方达,SSE,csi-800,中证800,266908800,-3000000,-1.1115,1.669,-5007000,ready
2026-09-15,515810,中证800ETF易方达,SSE,csi-800,中证800,266908800,0,0,1.662,0,ready
2026-09-16,515810,中证800ETF易方达,SSE,csi-800,中证800,266908800,0,0,1.677,0,ready
2026-09-17,515810,中证800ETF易方达,SSE,csi-800,中证800,275908800,9000000,3.3719,1.67,15030000,ready
2026-09-18,515810,中证800ETF易方达,SSE,csi-800,中证800,275908800,0,0,1.694,0,ready
2026-09-08,516300,中证1000ETF华泰柏瑞,SSE,csi-1000,中证1000,39012600,0,0,3.226,0,ready
2026-09-09,516300,中证1000ETF华泰柏瑞,SSE,csi-1000,中证1000,37012600,-2000000,-5.1265,3.221,-6442000,ready
2026-09-10,516300,中证1000ETF华泰柏瑞,SSE,csi-1000,中证1000,37012600,0,0,3.206,0,ready
2026-09-11,516300,中证1000ETF华泰柏瑞,SSE,csi-1000,中证1000,39012600,2000000,5.4036,3.142,6284000,ready
2026-09-14,516300,中证1000ETF华泰柏瑞,SSE,csi-1000,中证1000,39012600,0,0,3.149,0,ready
2026-09-15,516300,中证1000ETF华泰柏瑞,SSE,csi-1000,中证1000,39012600,0,0,3.138,0,ready
2026-09-16,516300,中证1000ETF华泰柏瑞,SSE,csi-1000,中证1000,39012600,0,0,3.203,0,ready
2026-09-17,516300,中证1000ETF华泰柏瑞,SSE,csi-1000,中证1000,39012600,0,0,3.189,0,ready
2026-09-18,516300,中证1000ETF华泰柏瑞,SSE,csi-1000,中证1000,39012600,0,0,3.246,0,ready
2026-09-08,530000,上证50ETF天弘,SSE,sse-50,上证50,939029400,0,0,1.385,0,ready
2026-09-09,530000,上证50ETF天弘,SSE,sse-50,上证50,940029400,1000000,0.1065,1.387,1387000,ready
2026-09-10,530000,上证50ETF天弘,SSE,sse-50,上证50,941029400,1000000,0.1064,1.385,1385000,ready
2026-09-11,530000,上证50ETF天弘,SSE,sse-50,上证50,940029400,-1000000,-0.1063,1.367,-1367000,ready
2026-09-14,530000,上证50ETF天弘,SSE,sse-50,上证50,940029400,0,0,1.364,0,ready
2026-09-15,530000,上证50ETF天弘,SSE,sse-50,上证50,940029400,0,0,1.36,0,ready
2026-09-16,530000,上证50ETF天弘,SSE,sse-50,上证50,940029400,0,0,1.368,0,ready
2026-09-17,530000,上证50ETF天弘,SSE,sse-50,上证50,940029400,0,0,1.358,0,ready
2026-09-18,530000,上证50ETF天弘,SSE,sse-50,上证50,940029400,0,0,1.367,0,ready
2026-09-08,530180,上证180ETF易方达,SSE,sse-180,上证180,57952000,0,0,1.201,0,ready
2026-09-09,530180,上证180ETF易方达,SSE,sse-180,上证180,57952000,0,0,1.204,0,ready
2026-09-10,530180,上证180ETF易方达,SSE,sse-180,上证180,61952000,4000000,6.9023,1.198,4792000,ready
2026-09-11,530180,上证180ETF易方达,SSE,sse-180,上证180,61952000,0,0,1.183,0,ready
2026-09-14,530180,上证180ETF易方达,SSE,sse-180,上证180,63952000,2000000,3.2283,1.179,2358000,ready
2026-09-15,530180,上证180ETF易方达,SSE,sse-180,上证180,63952000,0,0,1.174,0,ready
2026-09-16,530180,上证180ETF易方达,SSE,sse-180,上证180,63952000,0,0,1.181,0,ready
2026-09-17,530180,上证180ETF易方达,SSE,sse-180,上证180,63952000,0,0,1.174,0,ready
2026-09-18,530180,上证180ETF易方达,SSE,sse-180,上证180,63952000,0,0,1.185,0,ready
2026-09-08,530280,上证180ETF平安,SSE,sse-180,上证180,29934000,0,0,1.201,0,ready
2026-09-09,530280,上证180ETF平安,SSE,sse-180,上证180,29934000,0,0,1.206,0,ready
2026-09-10,530280,上证180ETF平安,SSE,sse-180,上证180,29934000,0,0,1.202,0,ready
2026-09-11,530280,上证180ETF平安,SSE,sse-180,上证180,29934000,0,0,1.185,0,ready
2026-09-14,530280,上证180ETF平安,SSE,sse-180,上证180,29934000,0,0,1.179,0,ready
2026-09-15,530280,上证180ETF平安,SSE,sse-180,上证180,29934000,0,0,1.178,0,ready
2026-09-16,530280,上证180ETF平安,SSE,sse-180,上证180,29934000,0,0,1.181,0,ready
2026-09-17,530280,上证180ETF平安,SSE,sse-180,上证180,29934000,0,0,1.177,0,ready
2026-09-18,530280,上证180ETF平安,SSE,sse-180,上证180,29934000,0,0,1.183,0,ready
2026-09-08,530380,上证380ETF易方达,SSE,sse-380,上证380,134705000,0,0,1.103,0,ready
2026-09-09,530380,上证380ETF易方达,SSE,sse-380,上证380,134705000,0,0,1.105,0,ready
2026-09-10,530380,上证380ETF易方达,SSE,sse-380,上证380,134705000,0,0,1.097,0,ready
2026-09-11,530380,上证380ETF易方达,SSE,sse-380,上证380,134705000,0,0,1.077,0,ready
2026-09-14,530380,上证380ETF易方达,SSE,sse-380,上证380,134705000,0,0,1.079,0,ready
2026-09-15,530380,上证380ETF易方达,SSE,sse-380,上证380,134705000,0,0,1.077,0,ready
2026-09-16,530380,上证380ETF易方达,SSE,sse-380,上证380,134705000,0,0,1.092,0,ready
2026-09-17,530380,上证380ETF易方达,SSE,sse-380,上证380,134705000,0,0,1.09,0,ready
2026-09-18,530380,上证380ETF易方达,SSE,sse-380,上证380,134705000,0,0,1.107,0,ready
2026-09-08,530800,上证180ETF银华,SSE,sse-180,上证180,18201800,0,0,1.2,0,ready
2026-09-09,530800,上证180ETF银华,SSE,sse-180,上证180,18201800,0,0,1.203,0,ready
2026-09-10,530800,上证180ETF银华,SSE,sse-180,上证180,18201800,0,0,1.2,0,ready
2026-09-11,530800,上证180ETF银华,SSE,sse-180,上证180,18201800,0,0,1.186,0,ready
2026-09-14,530800,上证180ETF银华,SSE,sse-180,上证180,18201800,0,0,1.183,0,ready
2026-09-15,530800,上证180ETF银华,SSE,sse-180,上证180,18201800,0,0,1.176,0,ready
2026-09-16,530800,上证180ETF银华,SSE,sse-180,上证180,18201800,0,0,1.184,0,ready
2026-09-17,530800,上证180ETF银华,SSE,sse-180,上证180,18201800,0,0,1.178,0,ready
2026-09-18,530800,上证180ETF银华,SSE,sse-180,上证180,18201800,0,0,1.187,0,ready
2026-09-08,560510,中证A500ETF泰康,SSE,csi-a500,中证A500,2528026900,0,0,1.176,0,ready
2026-09-09,560510,中证A500ETF泰康,SSE,csi-a500,中证A500,2528026900,0,0,1.18,0,ready
2026-09-10,560510,中证A500ETF泰康,SSE,csi-a500,中证A500,2531026900,3000000,0.1187,1.172,3516000,ready
2026-09-11,560510,中证A500ETF泰康,SSE,csi-a500,中证A500,2543026900,12000000,0.4741,1.162,13944000,ready
2026-09-14,560510,中证A500ETF泰康,SSE,csi-a500,中证A500,2543026900,0,0,1.155,0,ready
2026-09-15,560510,中证A500ETF泰康,SSE,csi-a500,中证A500,2552026900,9000000,0.3539,1.148,10332000,ready
2026-09-16,560510,中证A500ETF泰康,SSE,csi-a500,中证A500,2543026900,-9000000,-0.3527,1.158,-10422000,ready
2026-09-17,560510,中证A500ETF泰康,SSE,csi-a500,中证A500,2540026900,-3000000,-0.118,1.154,-3462000,ready
2026-09-18,560510,中证A500ETF泰康,SSE,csi-a500,中证A500,2552026900,12000000,0.4724,1.169,14028000,ready
2026-09-08,560530,中证A500ETF摩根,SSE,csi-a500,中证A500,3991623700,-15000000,-0.3744,1.205,-18075000,ready
2026-09-09,560530,中证A500ETF摩根,SSE,csi-a500,中证A500,3991623700,0,0,1.207,0,ready
2026-09-10,560530,中证A500ETF摩根,SSE,csi-a500,中证A500,3991623700,0,0,1.203,0,ready
2026-09-11,560530,中证A500ETF摩根,SSE,csi-a500,中证A500,3991623700,0,0,1.188,0,ready
2026-09-14,560530,中证A500ETF摩根,SSE,csi-a500,中证A500,3991623700,0,0,1.182,0,ready
2026-09-15,560530,中证A500ETF摩根,SSE,csi-a500,中证A500,3991623700,0,0,1.176,0,ready
2026-09-16,560530,中证A500ETF摩根,SSE,csi-a500,中证A500,3976623700,-15000000,-0.3758,1.186,-17790000,ready
2026-09-17,560530,中证A500ETF摩根,SSE,csi-a500,中证A500,3967623700,-9000000,-0.2263,1.182,-10638000,ready
2026-09-18,560530,中证A500ETF摩根,SSE,csi-a500,中证A500,3964623700,-3000000,-0.0756,1.197,-3591000,ready
2026-09-08,560610,A500ETF招商,SSE,csi-a500,中证A500,5236988400,-6000000,-0.1144,1.176,-7056000,ready
2026-09-09,560610,A500ETF招商,SSE,csi-a500,中证A500,5236988400,0,0,1.178,0,ready
2026-09-10,560610,A500ETF招商,SSE,csi-a500,中证A500,5236988400,0,0,1.173,0,ready
2026-09-11,560610,A500ETF招商,SSE,csi-a500,中证A500,5251988400,15000000,0.2864,1.159,17385000,ready
2026-09-14,560610,A500ETF招商,SSE,csi-a500,中证A500,5236988400,-15000000,-0.2856,1.153,-17295000,ready
2026-09-15,560610,A500ETF招商,SSE,csi-a500,中证A500,5236988400,0,0,1.148,0,ready
2026-09-16,560610,A500ETF招商,SSE,csi-a500,中证A500,5239988400,3000000,0.0573,1.157,3471000,ready
2026-09-17,560610,A500ETF招商,SSE,csi-a500,中证A500,5251988400,12000000,0.229,1.155,13860000,ready
2026-09-18,560610,A500ETF招商,SSE,csi-a500,中证A500,5251988400,0,0,1.169,0,ready
2026-09-08,560750,A500ETF申万菱信,SSE,csi-a500,中证A500,75554800,0,0,1.319,0,ready
2026-09-09,560750,A500ETF申万菱信,SSE,csi-a500,中证A500,75554800,0,0,1.322,0,ready
2026-09-10,560750,A500ETF申万菱信,SSE,csi-a500,中证A500,75554800,0,0,1.314,0,ready
2026-09-11,560750,A500ETF申万菱信,SSE,csi-a500,中证A500,75554800,0,0,1.299,0,ready
2026-09-14,560750,A500ETF申万菱信,SSE,csi-a500,中证A500,75554800,0,0,1.292,0,ready
2026-09-15,560750,A500ETF申万菱信,SSE,csi-a500,中证A500,75554800,0,0,1.285,0,ready
2026-09-16,560750,A500ETF申万菱信,SSE,csi-a500,中证A500,75554800,0,0,1.297,0,ready
2026-09-17,560750,A500ETF申万菱信,SSE,csi-a500,中证A500,75554800,0,0,1.292,0,ready
2026-09-18,560750,A500ETF申万菱信,SSE,csi-a500,中证A500,75554800,0,0,1.307,0,ready
2026-09-08,561370,中证2000ETF国泰,SSE,csi-2000,中证/国证2000,32356000,0,0,1.448,0,ready
2026-09-09,561370,中证2000ETF国泰,SSE,csi-2000,中证/国证2000,32356000,0,0,1.441,0,ready
2026-09-10,561370,中证2000ETF国泰,SSE,csi-2000,中证/国证2000,32356000,0,0,1.424,0,ready
2026-09-11,561370,中证2000ETF国泰,SSE,csi-2000,中证/国证2000,32356000,0,0,1.402,0,ready
2026-09-14,561370,中证2000ETF国泰,SSE,csi-2000,中证/国证2000,32356000,0,0,1.41,0,ready
2026-09-15,561370,中证2000ETF国泰,SSE,csi-2000,中证/国证2000,32356000,0,0,1.397,0,ready
2026-09-16,561370,中证2000ETF国泰,SSE,csi-2000,中证/国证2000,32356000,0,0,1.426,0,ready
2026-09-17,561370,中证2000ETF国泰,SSE,csi-2000,中证/国证2000,32356000,0,0,1.426,0,ready
2026-09-18,561370,中证2000ETF国泰,SSE,csi-2000,中证/国证2000,32356000,0,0,1.447,0,ready
2026-09-08,563080,中证A50ETF易方达,SSE,csi-a50,A50系列,1110588400,0,0,1.369,0,ready
2026-09-09,563080,中证A50ETF易方达,SSE,csi-a50,A50系列,1114588400,4000000,0.3602,1.37,5480000,ready
2026-09-10,563080,中证A50ETF易方达,SSE,csi-a50,A50系列,1124588400,10000000,0.8972,1.364,13640000,ready
2026-09-11,563080,中证A50ETF易方达,SSE,csi-a50,A50系列,1122588400,-2000000,-0.1778,1.347,-2694000,ready
2026-09-14,563080,中证A50ETF易方达,SSE,csi-a50,A50系列,1116588400,-6000000,-0.5345,1.346,-8076000,ready
2026-09-15,563080,中证A50ETF易方达,SSE,csi-a50,A50系列,1120588400,4000000,0.3582,1.33,5320000,ready
2026-09-16,563080,中证A50ETF易方达,SSE,csi-a50,A50系列,1072588400,-48000000,-4.2835,1.331,-63888000,ready
2026-09-17,563080,中证A50ETF易方达,SSE,csi-a50,A50系列,1080588400,8000000,0.7459,1.328,10624000,ready
2026-09-18,563080,中证A50ETF易方达,SSE,csi-a50,A50系列,1074588400,-6000000,-0.5553,1.334,-8004000,ready
2026-09-08,563220,A500ETF富国,SSE,csi-a500,中证A500,6383013700,-15000000,-0.2344,1.255,-18825000,ready
2026-09-09,563220,A500ETF富国,SSE,csi-a500,中证A500,6374013700,-9000000,-0.141,1.256,-11304000,ready
2026-09-10,563220,A500ETF富国,SSE,csi-a500,中证A500,6335013700,-39000000,-0.6119,1.251,-48789000,ready
2026-09-11,563220,A500ETF富国,SSE,csi-a500,中证A500,6323013700,-12000000,-0.1894,1.235,-14820000,ready
2026-09-14,563220,A500ETF富国,SSE,csi-a500,中证A500,6323013700,0,0,1.23,0,ready
2026-09-15,563220,A500ETF富国,SSE,csi-a500,中证A500,6359013700,36000000,0.5693,1.224,44064000,ready
2026-09-16,563220,A500ETF富国,SSE,csi-a500,中证A500,6317013700,-42000000,-0.6605,1.234,-51828000,ready
2026-09-17,563220,A500ETF富国,SSE,csi-a500,中证A500,6287013700,-30000000,-0.4749,1.231,-36930000,ready
2026-09-18,563220,A500ETF富国,SSE,csi-a500,中证A500,6275013700,-12000000,-0.1909,1.246,-14952000,ready
2026-09-08,563300,中证2000ETF华泰柏瑞,SSE,csi-2000,中证/国证2000,4666174000,-30000000,-0.6388,1.46,-43800000,ready
2026-09-09,563300,中证2000ETF华泰柏瑞,SSE,csi-2000,中证/国证2000,4561174000,-105000000,-2.2502,1.454,-152670000,ready
2026-09-10,563300,中证2000ETF华泰柏瑞,SSE,csi-2000,中证/国证2000,4501174000,-60000000,-1.3155,1.431,-85860000,ready
2026-09-11,563300,中证2000ETF华泰柏瑞,SSE,csi-2000,中证/国证2000,4008674000,-492500000,-10.9416,1.403,-690977500,ready
2026-09-14,563300,中证2000ETF华泰柏瑞,SSE,csi-2000,中证/国证2000,3906174000,-102500000,-2.557,1.419,-145447500,ready
2026-09-15,563300,中证2000ETF华泰柏瑞,SSE,csi-2000,中证/国证2000,3808674000,-97500000,-2.496,1.4,-136500000,ready
2026-09-16,563300,中证2000ETF华泰柏瑞,SSE,csi-2000,中证/国证2000,3986174000,177500000,4.6604,1.43,253825000,ready
2026-09-17,563300,中证2000ETF华泰柏瑞,SSE,csi-2000,中证/国证2000,3861174000,-125000000,-3.1358,1.431,-178875000,ready
2026-09-18,563300,中证2000ETF华泰柏瑞,SSE,csi-2000,中证/国证2000,3901174000,40000000,1.036,1.459,58360000,ready
2026-09-08,563350,A50ETF华泰柏瑞,SSE,csi-a50,A50系列,171997600,0,0,1.405,0,ready
2026-09-09,563350,A50ETF华泰柏瑞,SSE,csi-a50,A50系列,171997600,0,0,1.407,0,ready
2026-09-10,563350,A50ETF华泰柏瑞,SSE,csi-a50,A50系列,169997600,-2000000,-1.1628,1.397,-2794000,ready
2026-09-11,563350,A50ETF华泰柏瑞,SSE,csi-a50,A50系列,173997600,4000000,2.353,1.388,5552000,ready
2026-09-14,563350,A50ETF华泰柏瑞,SSE,csi-a50,A50系列,173997600,0,0,1.382,0,ready
2026-09-15,563350,A50ETF华泰柏瑞,SSE,csi-a50,A50系列,173997600,0,0,1.366,0,ready
2026-09-16,563350,A50ETF华泰柏瑞,SSE,csi-a50,A50系列,173997600,0,0,1.366,0,ready
2026-09-17,563350,A50ETF华泰柏瑞,SSE,csi-a50,A50系列,179997600,6000000,3.4483,1.362,8172000,ready
2026-09-18,563350,A50ETF华泰柏瑞,SSE,csi-a50,A50系列,175997600,-4000000,-2.2223,1.374,-5496000,ready
2026-09-08,563360,A500ETF华泰柏瑞,SSE,csi-a500,中证A500,30757987400,-186000000,-0.6011,1.271,-236406000,ready
2026-09-09,563360,A500ETF华泰柏瑞,SSE,csi-a500,中证A500,30718987400,-39000000,-0.1268,1.274,-49686000,ready
2026-09-10,563360,A500ETF华泰柏瑞,SSE,csi-a500,中证A500,30775987400,57000000,0.1856,1.268,72276000,ready
2026-09-11,563360,A500ETF华泰柏瑞,SSE,csi-a500,中证A500,30796987400,21000000,0.0682,1.254,26334000,ready
2026-09-14,563360,A500ETF华泰柏瑞,SSE,csi-a500,中证A500,31054987400,258000000,0.8377,1.247,321726000,ready
2026-09-15,563360,A500ETF华泰柏瑞,SSE,csi-a500,中证A500,31093987400,39000000,0.1256,1.239,48321000,ready
2026-09-16,563360,A500ETF华泰柏瑞,SSE,csi-a500,中证A500,31138987400,45000000,0.1447,1.252,56340000,ready
2026-09-17,563360,A500ETF华泰柏瑞,SSE,csi-a500,中证A500,31033987400,-105000000,-0.3372,1.247,-130935000,ready
2026-09-18,563360,A500ETF华泰柏瑞,SSE,csi-a500,中证A500,30736987400,-297000000,-0.957,1.263,-375111000,ready
2026-09-08,563500,A500ETF华宝,SSE,csi-a500,中证A500,765958700,0,0,0.625,0,ready
2026-09-09,563500,A500ETF华宝,SSE,csi-a500,中证A500,765958700,0,0,0.626,0,ready
2026-09-10,563500,A500ETF华宝,SSE,csi-a500,中证A500,759958700,-6000000,-0.7833,0.624,-3744000,ready
2026-09-11,563500,A500ETF华宝,SSE,csi-a500,中证A500,765958700,6000000,0.7895,0.616,3696000,ready
2026-09-14,563500,A500ETF华宝,SSE,csi-a500,中证A500,765958700,0,0,0.613,0,ready
2026-09-15,563500,A500ETF华宝,SSE,csi-a500,中证A500,765958700,0,0,0.611,0,ready
2026-09-16,563500,A500ETF华宝,SSE,csi-a500,中证A500,765958700,0,0,0.615,0,ready
2026-09-17,563500,A500ETF华宝,SSE,csi-a500,中证A500,765958700,0,0,0.614,0,ready
2026-09-18,563500,A500ETF华宝,SSE,csi-a500,中证A500,765958700,0,0,0.621,0,ready
2026-09-08,563650,中证A500ETF兴业,SSE,csi-a500,中证A500,140909000,0,0,1.272,0,ready
2026-09-09,563650,中证A500ETF兴业,SSE,csi-a500,中证A500,140909000,0,0,1.275,0,ready
2026-09-10,563650,中证A500ETF兴业,SSE,csi-a500,中证A500,140909000,0,0,1.269,0,ready
2026-09-11,563650,中证A500ETF兴业,SSE,csi-a500,中证A500,140909000,0,0,1.253,0,ready
2026-09-14,563650,中证A500ETF兴业,SSE,csi-a500,中证A500,140909000,0,0,1.251,0,ready
2026-09-15,563650,中证A500ETF兴业,SSE,csi-a500,中证A500,140909000,0,0,1.242,0,ready
2026-09-16,563650,中证A500ETF兴业,SSE,csi-a500,中证A500,140909000,0,0,1.252,0,ready
2026-09-17,563650,中证A500ETF兴业,SSE,csi-a500,中证A500,140909000,0,0,1.248,0,ready
2026-09-18,563650,中证A500ETF兴业,SSE,csi-a500,中证A500,140909000,0,0,1.264,0,ready
2026-09-08,563660,A500ETF银河,SSE,csi-a500,中证A500,66085200,3000000,4.7555,1.237,3711000,ready
2026-09-09,563660,A500ETF银河,SSE,csi-a500,中证A500,66085200,0,0,1.239,0,ready
2026-09-10,563660,A500ETF银河,SSE,csi-a500,中证A500,66085200,0,0,1.235,0,ready
2026-09-11,563660,A500ETF银河,SSE,csi-a500,中证A500,66085200,0,0,1.219,0,ready
2026-09-14,563660,A500ETF银河,SSE,csi-a500,中证A500,66085200,0,0,1.214,0,ready
2026-09-15,563660,A500ETF银河,SSE,csi-a500,中证A500,66085200,0,0,1.208,0,ready
2026-09-16,563660,A500ETF银河,SSE,csi-a500,中证A500,66085200,0,0,1.216,0,ready
2026-09-17,563660,A500ETF银河,SSE,csi-a500,中证A500,66085200,0,0,1.215,0,ready
2026-09-18,563660,A500ETF银河,SSE,csi-a500,中证A500,66085200,0,0,1.228,0,ready
2026-09-08,563860,中证A500ETF海富通,SSE,csi-a500,中证A500,185844300,9000000,5.0892,1.29,11610000,ready
2026-09-09,563860,中证A500ETF海富通,SSE,csi-a500,中证A500,185844300,0,0,1.294,0,ready
2026-09-10,563860,中证A500ETF海富通,SSE,csi-a500,中证A500,191844300,6000000,3.2285,1.286,7716000,ready
2026-09-11,563860,中证A500ETF海富通,SSE,csi-a500,中证A500,197844300,6000000,3.1275,1.273,7638000,ready
2026-09-14,563860,中证A500ETF海富通,SSE,csi-a500,中证A500,194844300,-3000000,-1.5163,1.266,-3798000,ready
2026-09-15,563860,中证A500ETF海富通,SSE,csi-a500,中证A500,191844300,-3000000,-1.5397,1.259,-3777000,ready
2026-09-16,563860,中证A500ETF海富通,SSE,csi-a500,中证A500,188844300,-3000000,-1.5638,1.271,-3813000,ready
2026-09-17,563860,中证A500ETF海富通,SSE,csi-a500,中证A500,182844300,-6000000,-3.1772,1.268,-7608000,ready
2026-09-18,563860,中证A500ETF海富通,SSE,csi-a500,中证A500,182844300,0,0,1.285,0,ready
2026-09-08,563880,A500ETF汇添富,SSE,csi-a500,中证A500,1510996400,-15000000,-0.983,1.243,-18645000,ready
2026-09-09,563880,A500ETF汇添富,SSE,csi-a500,中证A500,1507996400,-3000000,-0.1985,1.247,-3741000,ready
2026-09-10,563880,A500ETF汇添富,SSE,csi-a500,中证A500,1498996400,-9000000,-0.5968,1.241,-11169000,ready
2026-09-11,563880,A500ETF汇添富,SSE,csi-a500,中证A500,1486996400,-12000000,-0.8005,1.226,-14712000,ready
2026-09-14,563880,A500ETF汇添富,SSE,csi-a500,中证A500,1477996400,-9000000,-0.6052,1.221,-10989000,ready
2026-09-15,563880,A500ETF汇添富,SSE,csi-a500,中证A500,1489996400,12000000,0.8119,1.215,14580000,ready
2026-09-16,563880,A500ETF汇添富,SSE,csi-a500,中证A500,1492996400,3000000,0.2013,1.225,3675000,ready
2026-09-17,563880,A500ETF汇添富,SSE,csi-a500,中证A500,1492996400,0,0,1.221,0,ready
2026-09-18,563880,A500ETF汇添富,SSE,csi-a500,中证A500,1507996400,15000000,1.0047,1.236,18540000,ready
2026-09-08,588000,科创50ETF华夏,SSE,star-50,科创50,53858668200,324000000,0.6052,1.681,544644000,ready
2026-09-09,588000,科创50ETF华夏,SSE,star-50,科创50,54245668200,387000000,0.7185,1.671,646677000,ready
2026-09-10,588000,科创50ETF华夏,SSE,star-50,科创50,54758668200,513000000,0.9457,1.659,851067000,ready
2026-09-11,588000,科创50ETF华夏,SSE,star-50,科创50,56072668200,1314000000,2.3996,1.639,2153646000,ready
2026-09-14,588000,科创50ETF华夏,SSE,star-50,科创50,56591668200,519000000,0.9256,1.613,837147000,ready
2026-09-15,588000,科创50ETF华夏,SSE,star-50,科创50,55643668200,-948000000,-1.6752,1.638,-1552824000,ready
2026-09-16,588000,科创50ETF华夏,SSE,star-50,科创50,55382668200,-261000000,-0.4691,1.708,-445788000,ready
2026-09-17,588000,科创50ETF华夏,SSE,star-50,科创50,55592668200,210000000,0.3792,1.696,356160000,ready
2026-09-18,588000,科创50ETF华夏,SSE,star-50,科创50,54998668200,-594000000,-1.0685,1.744,-1035936000,ready
2026-09-08,588080,科创50ETF易方达,SSE,star-50,科创50,25642628100,246000000,0.9686,1.63,400980000,ready
2026-09-09,588080,科创50ETF易方达,SSE,star-50,科创50,25816628100,174000000,0.6786,1.619,281706000,ready
2026-09-10,588080,科创50ETF易方达,SSE,star-50,科创50,25921628100,105000000,0.4067,1.609,168945000,ready
2026-09-11,588080,科创50ETF易方达,SSE,star-50,科创50,26512628100,591000000,2.2799,1.593,941463000,ready
2026-09-14,588080,科创50ETF易方达,SSE,star-50,科创50,26713628100,201000000,0.7581,1.566,314766000,ready
2026-09-15,588080,科创50ETF易方达,SSE,star-50,科创50,26347628100,-366000000,-1.3701,1.589,-581574000,ready
2026-09-16,588080,科创50ETF易方达,SSE,star-50,科创50,26038628100,-309000000,-1.1728,1.656,-511704000,ready
2026-09-17,588080,科创50ETF易方达,SSE,star-50,科创50,26053628100,15000000,0.0576,1.645,24675000,ready
2026-09-18,588080,科创50ETF易方达,SSE,star-50,科创50,25954628100,-99000000,-0.38,1.693,-167607000,ready
2026-09-08,588180,科创50ETF国联安,SSE,star-50,科创50,759353700,0,0,1.043,0,ready
2026-09-09,588180,科创50ETF国联安,SSE,star-50,科创50,762853700,3500000,0.4609,1.036,3626000,ready
2026-09-10,588180,科创50ETF国联安,SSE,star-50,科创50,766353700,3500000,0.4588,1.028,3598000,ready
2026-09-11,588180,科创50ETF国联安,SSE,star-50,科创50,797853700,31500000,4.1104,1.015,31972500,ready
2026-09-14,588180,科创50ETF国联安,SSE,star-50,科创50,801353700,3500000,0.4387,1,3500000,ready
2026-09-15,588180,科创50ETF国联安,SSE,star-50,科创50,790853700,-10500000,-1.3103,1.015,-10657500,ready
2026-09-16,588180,科创50ETF国联安,SSE,star-50,科创50,776853700,-14000000,-1.7702,1.057,-14798000,ready
2026-09-17,588180,科创50ETF国联安,SSE,star-50,科创50,780353700,3500000,0.4505,1.052,3682000,ready
2026-09-18,588180,科创50ETF国联安,SSE,star-50,科创50,773353700,-7000000,-0.897,1.081,-7567000,ready
2026-09-08,588190,科创100ETF银华,SSE,star-100,科创100,1348618300,0,0,1.728,0,ready
2026-09-09,588190,科创100ETF银华,SSE,star-100,科创100,1357618300,9000000,0.6673,1.718,15462000,ready
2026-09-10,588190,科创100ETF银华,SSE,star-100,科创100,1360618300,3000000,0.221,1.703,5109000,ready
2026-09-11,588190,科创100ETF银华,SSE,star-100,科创100,1369618300,9000000,0.6615,1.662,14958000,ready
2026-09-14,588190,科创100ETF银华,SSE,star-100,科创100,1372618300,3000000,0.219,1.667,5001000,ready
2026-09-15,588190,科创100ETF银华,SSE,star-100,科创100,1369618300,-3000000,-0.2186,1.678,-5034000,ready
2026-09-16,588190,科创100ETF银华,SSE,star-100,科创100,1366618300,-3000000,-0.219,1.741,-5223000,ready
2026-09-17,588190,科创100ETF银华,SSE,star-100,科创100,1363618300,-3000000,-0.2195,1.731,-5193000,ready
2026-09-18,588190,科创100ETF银华,SSE,star-100,科创100,1357618300,-6000000,-0.44,1.791,-10746000,ready
2026-09-08,588210,科创100ETF易方达,SSE,star-100,科创100,248254000,0,0,1.748,0,ready
2026-09-09,588210,科创100ETF易方达,SSE,star-100,科创100,245754000,-2500000,-1.007,1.738,-4345000,ready
2026-09-10,588210,科创100ETF易方达,SSE,star-100,科创100,245754000,0,0,1.722,0,ready
2026-09-11,588210,科创100ETF易方达,SSE,star-100,科创100,248254000,2500000,1.0173,1.681,4202500,ready
2026-09-14,588210,科创100ETF易方达,SSE,star-100,科创100,248254000,0,0,1.685,0,ready
2026-09-15,588210,科创100ETF易方达,SSE,star-100,科创100,248254000,0,0,1.697,0,ready
2026-09-16,588210,科创100ETF易方达,SSE,star-100,科创100,245754000,-2500000,-1.007,1.76,-4400000,ready
2026-09-17,588210,科创100ETF易方达,SSE,star-100,科创100,245754000,0,0,1.75,0,ready
2026-09-18,588210,科创100ETF易方达,SSE,star-100,科创100,248254000,2500000,1.0173,1.815,4537500,ready
2026-09-08,588220,科创100ETF鹏华,SSE,star-100,科创100,3704697900,-28000000,-0.7501,1.731,-48468000,ready
2026-09-09,588220,科创100ETF鹏华,SSE,star-100,科创100,3715197900,10500000,0.2834,1.724,18102000,ready
2026-09-10,588220,科创100ETF鹏华,SSE,star-100,科创100,3701197900,-14000000,-0.3768,1.705,-23870000,ready
2026-09-11,588220,科创100ETF鹏华,SSE,star-100,科创100,3718697900,17500000,0.4728,1.668,29190000,ready
2026-09-14,588220,科创100ETF鹏华,SSE,star-100,科创100,3641697900,-77000000,-2.0706,1.671,-128667000,ready
2026-09-15,588220,科创100ETF鹏华,SSE,star-100,科创100,3648697900,7000000,0.1922,1.681,11767000,ready
2026-09-16,588220,科创100ETF鹏华,SSE,star-100,科创100,3711697900,63000000,1.7266,1.744,109872000,ready
2026-09-17,588220,科创100ETF鹏华,SSE,star-100,科创100,3697697900,-14000000,-0.3772,1.734,-24276000,ready
2026-09-18,588220,科创100ETF鹏华,SSE,star-100,科创100,3722197900,24500000,0.6626,1.799,44075500,ready
2026-09-08,588230,科创200ETF华泰柏瑞,SSE,star-200,科创200,713939000,-15000000,-2.0578,1.764,-26460000,ready
2026-09-09,588230,科创200ETF华泰柏瑞,SSE,star-200,科创200,704939000,-9000000,-1.2606,1.767,-15903000,ready
2026-09-10,588230,科创200ETF华泰柏瑞,SSE,star-200,科创200,698939000,-6000000,-0.8511,1.744,-10464000,ready
2026-09-11,588230,科创200ETF华泰柏瑞,SSE,star-200,科创200,686939000,-12000000,-1.7169,1.696,-20352000,ready
2026-09-14,588230,科创200ETF华泰柏瑞,SSE,star-200,科创200,674939000,-12000000,-1.7469,1.728,-20736000,ready
2026-09-15,588230,科创200ETF华泰柏瑞,SSE,star-200,科创200,665939000,-9000000,-1.3335,1.732,-15588000,ready
2026-09-16,588230,科创200ETF华泰柏瑞,SSE,star-200,科创200,683939000,18000000,2.703,1.79,32220000,ready
2026-09-17,588230,科创200ETF华泰柏瑞,SSE,star-200,科创200,692939000,9000000,1.3159,1.78,16020000,ready
2026-09-18,588230,科创200ETF华泰柏瑞,SSE,star-200,科创200,731939000,39000000,5.6282,1.843,71877000,ready
2026-09-08,588270,科创200ETF易方达,SSE,star-200,科创200,298410000,-3000000,-0.9953,1.657,-4971000,ready
2026-09-09,588270,科创200ETF易方达,SSE,star-200,科创200,298410000,0,0,1.66,0,ready
2026-09-10,588270,科创200ETF易方达,SSE,star-200,科创200,298410000,0,0,1.64,0,ready
2026-09-11,588270,科创200ETF易方达,SSE,star-200,科创200,295410000,-3000000,-1.0053,1.592,-4776000,ready
2026-09-14,588270,科创200ETF易方达,SSE,star-200,科创200,292410000,-3000000,-1.0155,1.624,-4872000,ready
2026-09-15,588270,科创200ETF易方达,SSE,star-200,科创200,295410000,3000000,1.026,1.627,4881000,ready
2026-09-16,588270,科创200ETF易方达,SSE,star-200,科创200,292410000,-3000000,-1.0155,1.682,-5046000,ready
2026-09-17,588270,科创200ETF易方达,SSE,star-200,科创200,292410000,0,0,1.681,0,ready
2026-09-18,588270,科创200ETF易方达,SSE,star-200,科创200,292410000,0,0,1.733,0,ready
2026-09-08,588380,科创创业ETF富国,SSE,star-chinext-50,科创创业50,2735770000,6000000,0.2198,1.073,6438000,ready
2026-09-09,588380,科创创业ETF富国,SSE,star-chinext-50,科创创业50,2732770000,-3000000,-0.1097,1.068,-3204000,ready
2026-09-10,588380,科创创业ETF富国,SSE,star-chinext-50,科创创业50,2732770000,0,0,1.061,0,ready
2026-09-11,588380,科创创业ETF富国,SSE,star-chinext-50,科创创业50,2801770000,69000000,2.5249,1.059,73071000,ready
2026-09-14,588380,科创创业ETF富国,SSE,star-chinext-50,科创创业50,2804770000,3000000,0.1071,1.038,3114000,ready
2026-09-15,588380,科创创业ETF富国,SSE,star-chinext-50,科创创业50,2810770000,6000000,0.2139,1.038,6228000,ready
2026-09-16,588380,科创创业ETF富国,SSE,star-chinext-50,科创创业50,2894770000,84000000,2.9885,1.071,89964000,ready
2026-09-17,588380,科创创业ETF富国,SSE,star-chinext-50,科创创业50,2882770000,-12000000,-0.4145,1.063,-12756000,ready
2026-09-18,588380,科创创业ETF富国,SSE,star-chinext-50,科创创业50,2975770000,93000000,3.2261,1.092,101556000,ready
2026-09-08,588800,科创100ETF华夏,SSE,star-100,科创100,1682377000,-7500000,-0.4438,1.719,-12892500,ready
2026-09-09,588800,科创100ETF华夏,SSE,star-100,科创100,1677377000,-5000000,-0.2972,1.71,-8550000,ready
2026-09-10,588800,科创100ETF华夏,SSE,star-100,科创100,1697377000,20000000,1.1923,1.694,33880000,ready
2026-09-11,588800,科创100ETF华夏,SSE,star-100,科创100,1677377000,-20000000,-1.1783,1.654,-33080000,ready
2026-09-14,588800,科创100ETF华夏,SSE,star-100,科创100,1669877000,-7500000,-0.4471,1.657,-12427500,ready
2026-09-15,588800,科创100ETF华夏,SSE,star-100,科创100,1664877000,-5000000,-0.2994,1.666,-8330000,ready
2026-09-16,588800,科创100ETF华夏,SSE,star-100,科创100,1649877000,-15000000,-0.901,1.729,-25935000,ready
2026-09-17,588800,科创100ETF华夏,SSE,star-100,科创100,1647377000,-2500000,-0.1515,1.719,-4297500,ready
2026-09-18,588800,科创100ETF华夏,SSE,star-100,科创100,1647377000,0,0,1.782,0,ready
2026-09-08,588820,科创200ETF华夏,SSE,star-200,科创200,151400000,0,0,1.896,0,ready
2026-09-09,588820,科创200ETF华夏,SSE,star-200,科创200,151400000,0,0,1.899,0,ready
2026-09-10,588820,科创200ETF华夏,SSE,star-200,科创200,151400000,0,0,1.875,0,ready
2026-09-11,588820,科创200ETF华夏,SSE,star-200,科创200,154400000,3000000,1.9815,1.824,5472000,ready
2026-09-14,588820,科创200ETF华夏,SSE,star-200,科创200,154400000,0,0,1.857,0,ready
2026-09-15,588820,科创200ETF华夏,SSE,star-200,科创200,151400000,-3000000,-1.943,1.858,-5574000,ready
2026-09-16,588820,科创200ETF华夏,SSE,star-200,科创200,151400000,0,0,1.919,0,ready
2026-09-17,588820,科创200ETF华夏,SSE,star-200,科创200,151400000,0,0,1.914,0,ready
2026-09-18,588820,科创200ETF华夏,SSE,star-200,科创200,148400000,-3000000,-1.9815,1.979,-5937000,ready
2026-09-08,588870,科创50ETF汇添富,SSE,star-50,科创50,887552000,-3000000,-0.3369,1.62,-4860000,ready
2026-09-09,588870,科创50ETF汇添富,SSE,star-50,科创50,905552000,18000000,2.0281,1.608,28944000,ready
2026-09-10,588870,科创50ETF汇添富,SSE,star-50,科创50,920552000,15000000,1.6564,1.596,23940000,ready
2026-09-11,588870,科创50ETF汇添富,SSE,star-50,科创50,962552000,42000000,4.5625,1.577,66234000,ready
2026-09-14,588870,科创50ETF汇添富,SSE,star-50,科创50,971552000,9000000,0.935,1.553,13977000,ready
2026-09-15,588870,科创50ETF汇添富,SSE,star-50,科创50,950552000,-21000000,-2.1615,1.577,-33117000,ready
2026-09-16,588870,科创50ETF汇添富,SSE,star-50,科创50,926552000,-24000000,-2.5248,1.644,-39456000,ready
2026-09-17,588870,科创50ETF汇添富,SSE,star-50,科创50,923552000,-3000000,-0.3238,1.632,-4896000,ready
2026-09-18,588870,科创50ETF汇添富,SSE,star-50,科创50,893552000,-30000000,-3.2483,1.679,-50370000,ready
2026-09-08,588900,科创100ETF南方,SSE,star-100,科创100,355783000,-3000000,-0.8362,1.787,-5361000,ready
2026-09-09,588900,科创100ETF南方,SSE,star-100,科创100,355783000,0,0,1.773,0,ready
2026-09-10,588900,科创100ETF南方,SSE,star-100,科创100,355783000,0,0,1.761,0,ready
2026-09-11,588900,科创100ETF南方,SSE,star-100,科创100,361783000,6000000,1.6864,1.716,10296000,ready
2026-09-14,588900,科创100ETF南方,SSE,star-100,科创100,364783000,3000000,0.8292,1.718,5154000,ready
2026-09-15,588900,科创100ETF南方,SSE,star-100,科创100,361783000,-3000000,-0.8224,1.732,-5196000,ready
2026-09-16,588900,科创100ETF南方,SSE,star-100,科创100,361783000,0,0,1.797,0,ready
2026-09-17,588900,科创100ETF南方,SSE,star-100,科创100,361783000,0,0,1.792,0,ready
2026-09-18,588900,科创100ETF南方,SSE,star-100,科创100,361783000,0,0,1.855,0,ready
2026-09-08,589000,科创综指ETF华夏,SSE,star-composite,科创综指,1067507800,0,0,1.513,0,ready
2026-09-09,589000,科创综指ETF华夏,SSE,star-composite,科创综指,1059507800,-8000000,-0.7494,1.502,-12016000,ready
2026-09-10,589000,科创综指ETF华夏,SSE,star-composite,科创综指,1063507800,4000000,0.3775,1.484,5936000,ready
2026-09-11,589000,科创综指ETF华夏,SSE,star-composite,科创综指,1071507800,8000000,0.7522,1.464,11712000,ready
2026-09-14,589000,科创综指ETF华夏,SSE,star-composite,科创综指,1071507800,0,0,1.458,0,ready
2026-09-15,589000,科创综指ETF华夏,SSE,star-composite,科创综指,1067507800,-4000000,-0.3733,1.469,-5876000,ready
2026-09-16,589000,科创综指ETF华夏,SSE,star-composite,科创综指,1059507800,-8000000,-0.7494,1.521,-12168000,ready
2026-09-17,589000,科创综指ETF华夏,SSE,star-composite,科创综指,1067507800,8000000,0.7551,1.522,12176000,ready
2026-09-18,589000,科创综指ETF华夏,SSE,star-composite,科创综指,1063507800,-4000000,-0.3747,1.569,-6276000,ready
2026-09-08,589270,科创100ETF前海开源,SSE,star-100,科创100,21516600,0,0,1.099,0,ready
2026-09-09,589270,科创100ETF前海开源,SSE,star-100,科创100,21516600,0,0,1.092,0,ready
2026-09-10,589270,科创100ETF前海开源,SSE,star-100,科创100,21516600,0,0,1.081,0,ready
2026-09-11,589270,科创100ETF前海开源,SSE,star-100,科创100,21516600,0,0,1.06,0,ready
2026-09-14,589270,科创100ETF前海开源,SSE,star-100,科创100,21516600,0,0,1.056,0,ready
2026-09-15,589270,科创100ETF前海开源,SSE,star-100,科创100,21516600,0,0,1.065,0,ready
2026-09-16,589270,科创100ETF前海开源,SSE,star-100,科创100,21516600,0,0,1.1,0,ready
2026-09-17,589270,科创100ETF前海开源,SSE,star-100,科创100,21516600,0,0,1.1,0,ready
2026-09-18,589270,科创100ETF前海开源,SSE,star-100,科创100,21516600,0,0,1.133,0,ready
2026-09-08,589360,科创50ETF国泰,SSE,star-50,科创50,2693174000,6000000,0.2233,0.824,4944000,ready
2026-09-09,589360,科创50ETF国泰,SSE,star-50,科创50,2711174000,18000000,0.6684,0.818,14724000,ready
2026-09-10,589360,科创50ETF国泰,SSE,star-50,科创50,2717174000,6000000,0.2213,0.812,4872000,ready
2026-09-11,589360,科创50ETF国泰,SSE,star-50,科创50,2735174000,18000000,0.6625,0.802,14436000,ready
2026-09-14,589360,科创50ETF国泰,SSE,star-50,科创50,2741174000,6000000,0.2194,0.79,4740000,ready
2026-09-15,589360,科创50ETF国泰,SSE,star-50,科创50,2729174000,-12000000,-0.4378,0.802,-9624000,ready
2026-09-16,589360,科创50ETF国泰,SSE,star-50,科创50,2717174000,-12000000,-0.4397,0.836,-10032000,ready
2026-09-17,589360,科创50ETF国泰,SSE,star-50,科创50,2711174000,-6000000,-0.2208,0.831,-4986000,ready
2026-09-18,589360,科创50ETF国泰,SSE,star-50,科创50,2693174000,-18000000,-0.6639,0.855,-15390000,ready
2026-09-08,589800,科创综指ETF易方达,SSE,star-composite,科创综指,1087988200,-24000000,-2.1583,1.52,-36480000,ready
2026-09-09,589800,科创综指ETF易方达,SSE,star-composite,科创综指,1091988200,4000000,0.3677,1.513,6052000,ready
2026-09-10,589800,科创综指ETF易方达,SSE,star-composite,科创综指,1095988200,4000000,0.3663,1.493,5972000,ready
2026-09-11,589800,科创综指ETF易方达,SSE,star-composite,科创综指,1107988200,12000000,1.0949,1.475,17700000,ready
2026-09-14,589800,科创综指ETF易方达,SSE,star-composite,科创综指,1103988200,-4000000,-0.361,1.469,-5876000,ready
2026-09-15,589800,科创综指ETF易方达,SSE,star-composite,科创综指,1103988200,0,0,1.48,0,ready
2026-09-16,589800,科创综指ETF易方达,SSE,star-composite,科创综指,1091988200,-12000000,-1.087,1.535,-18420000,ready
2026-09-17,589800,科创综指ETF易方达,SSE,star-composite,科创综指,1095988200,4000000,0.3663,1.528,6112000,ready
2026-09-18,589800,科创综指ETF易方达,SSE,star-composite,科创综指,1079988200,-16000000,-1.4599,1.58,-25280000,ready
2026-09-01,159012,科创创业50ETF鹏华,SZSE,star-chinext-50,科创创业50,122881148,3000000,2.5025,0.887,2661000,ready
2026-09-02,159012,科创创业50ETF鹏华,SZSE,star-chinext-50,科创创业50,128881148,6000000,4.8828,0.866,5196000,ready
2026-09-03,159012,科创创业50ETF鹏华,SZSE,star-chinext-50,科创创业50,134881148,6000000,4.6555,0.86,5160000,ready
2026-09-04,159012,科创创业50ETF鹏华,SZSE,star-chinext-50,科创创业50,137881148,3000000,2.2242,0.853,2559000,ready
2026-09-07,159012,科创创业50ETF鹏华,SZSE,star-chinext-50,科创创业50,137881148,0,0,0.878,0,ready
2026-09-08,159012,科创创业50ETF鹏华,SZSE,star-chinext-50,科创创业50,134881148,-3000000,-2.1758,0.87,-2610000,ready
2026-09-09,159012,科创创业50ETF鹏华,SZSE,star-chinext-50,科创创业50,134881148,0,0,0.865,0,ready
2026-09-10,159012,科创创业50ETF鹏华,SZSE,star-chinext-50,科创创业50,134881148,0,0,0.858,0,ready
2026-09-11,159012,科创创业50ETF鹏华,SZSE,star-chinext-50,科创创业50,137881148,3000000,2.2242,0.853,2559000,ready
2026-09-14,159012,科创创业50ETF鹏华,SZSE,star-chinext-50,科创创业50,137881148,0,0,0.84,0,ready
2026-09-15,159012,科创创业50ETF鹏华,SZSE,star-chinext-50,科创创业50,137881148,0,0,0.839,0,ready
2026-09-16,159012,科创创业50ETF鹏华,SZSE,star-chinext-50,科创创业50,137881148,0,0,0.863,0,ready
2026-09-17,159012,科创创业50ETF鹏华,SZSE,star-chinext-50,科创创业50,137881148,0,0,0.858,0,ready
2026-09-01,159136,A50ETF广发,SZSE,csi-a50,A50系列,109414074,0,0,1.019,0,ready
2026-09-02,159136,A50ETF广发,SZSE,csi-a50,A50系列,109414074,0,0,1.006,0,ready
2026-09-03,159136,A50ETF广发,SZSE,csi-a50,A50系列,109414074,0,0,1.009,0,ready
2026-09-04,159136,A50ETF广发,SZSE,csi-a50,A50系列,109414074,0,0,1.01,0,ready
2026-09-07,159136,A50ETF广发,SZSE,csi-a50,A50系列,109414074,0,0,1.016,0,ready
2026-09-08,159136,A50ETF广发,SZSE,csi-a50,A50系列,109414074,0,0,1.011,0,ready
2026-09-09,159136,A50ETF广发,SZSE,csi-a50,A50系列,109414074,0,0,1.012,0,ready
2026-09-10,159136,A50ETF广发,SZSE,csi-a50,A50系列,109414074,0,0,1.006,0,ready
2026-09-11,159136,A50ETF广发,SZSE,csi-a50,A50系列,109414074,0,0,0.998,0,ready
2026-09-14,159136,A50ETF广发,SZSE,csi-a50,A50系列,109414074,0,0,0.993,0,ready
2026-09-15,159136,A50ETF广发,SZSE,csi-a50,A50系列,109414074,0,0,0.981,0,ready
2026-09-16,159136,A50ETF广发,SZSE,csi-a50,A50系列,109414074,0,0,0.981,0,ready
2026-09-17,159136,A50ETF广发,SZSE,csi-a50,A50系列,109414074,0,0,0.976,0,ready
2026-09-01,159150,深证50ETF易方达,SZSE,szse-50,深证50,98997623,0,0,1.589,0,ready
2026-09-02,159150,深证50ETF易方达,SZSE,szse-50,深证50,97997623,-1000000,-1.0101,1.554,-1554000,ready
2026-09-03,159150,深证50ETF易方达,SZSE,szse-50,深证50,97997623,0,0,1.553,0,ready
2026-09-04,159150,深证50ETF易方达,SZSE,szse-50,深证50,97997623,0,0,1.549,0,ready
2026-09-07,159150,深证50ETF易方达,SZSE,szse-50,深证50,97997623,0,0,1.577,0,ready
2026-09-08,159150,深证50ETF易方达,SZSE,szse-50,深证50,97997623,0,0,1.566,0,ready
2026-09-09,159150,深证50ETF易方达,SZSE,szse-50,深证50,97997623,0,0,1.568,0,ready
2026-09-10,159150,深证50ETF易方达,SZSE,szse-50,深证50,97997623,0,0,1.555,0,ready
2026-09-11,159150,深证50ETF易方达,SZSE,szse-50,深证50,96997623,-1000000,-1.0204,1.548,-1548000,ready
2026-09-14,159150,深证50ETF易方达,SZSE,szse-50,深证50,95997623,-1000000,-1.031,1.534,-1534000,ready
2026-09-15,159150,深证50ETF易方达,SZSE,szse-50,深证50,97997623,2000000,2.0834,1.519,3038000,ready
2026-09-16,159150,深证50ETF易方达,SZSE,szse-50,深证50,97997623,0,0,1.529,0,ready
2026-09-17,159150,深证50ETF易方达,SZSE,szse-50,深证50,97997623,0,0,1.527,0,ready
2026-09-01,159205,创业板ETF东财,SZSE,chinext,创业板指,597056064,14000000,2.4011,1.67,23380000,ready
2026-09-02,159205,创业板ETF东财,SZSE,chinext,创业板指,655056064,58000000,9.7143,1.631,94598000,ready
2026-09-03,159205,创业板ETF东财,SZSE,chinext,创业板指,681056064,26000000,3.9691,1.63,42380000,ready
2026-09-04,159205,创业板ETF东财,SZSE,chinext,创业板指,713056064,32000000,4.6986,1.618,51776000,ready
2026-09-07,159205,创业板ETF东财,SZSE,chinext,创业板指,677056064,-36000000,-5.0487,1.668,-60048000,ready
2026-09-08,159205,创业板ETF东财,SZSE,chinext,创业板指,647056064,-30000000,-4.4309,1.651,-49530000,ready
2026-09-09,159205,创业板ETF东财,SZSE,chinext,创业板指,647056064,0,0,1.65,0,ready
2026-09-10,159205,创业板ETF东财,SZSE,chinext,创业板指,641056064,-6000000,-0.9273,1.643,-9858000,ready
2026-09-11,159205,创业板ETF东财,SZSE,chinext,创业板指,653056064,12000000,1.8719,1.634,19608000,ready
2026-09-14,159205,创业板ETF东财,SZSE,chinext,创业板指,659056064,6000000,0.9188,1.618,9708000,ready
2026-09-15,159205,创业板ETF东财,SZSE,chinext,创业板指,693056064,34000000,5.1589,1.601,54434000,ready
2026-09-16,159205,创业板ETF东财,SZSE,chinext,创业板指,699056064,6000000,0.8657,1.628,9768000,ready
2026-09-17,159205,创业板ETF东财,SZSE,chinext,创业板指,679056064,-20000000,-2.861,1.623,-32460000,ready
2026-09-01,159211,深证100ETF富国,SZSE,szse-100,深证100,21683294,0,0,1.423,0,ready
2026-09-02,159211,深证100ETF富国,SZSE,szse-100,深证100,23683294,2000000,9.2237,1.395,2790000,ready
2026-09-03,159211,深证100ETF富国,SZSE,szse-100,深证100,23683294,0,0,1.395,0,ready
2026-09-04,159211,深证100ETF富国,SZSE,szse-100,深证100,23683294,0,0,1.388,0,ready
2026-09-07,159211,深证100ETF富国,SZSE,szse-100,深证100,23683294,0,0,1.413,0,ready
2026-09-08,159211,深证100ETF富国,SZSE,szse-100,深证100,23683294,0,0,1.402,0,ready
2026-09-09,159211,深证100ETF富国,SZSE,szse-100,深证100,21683294,-2000000,-8.4448,1.41,-2820000,ready
2026-09-10,159211,深证100ETF富国,SZSE,szse-100,深证100,21683294,0,0,1.396,0,ready
2026-09-11,159211,深证100ETF富国,SZSE,szse-100,深证100,21683294,0,0,1.388,0,ready
2026-09-14,159211,深证100ETF富国,SZSE,szse-100,深证100,21683294,0,0,1.376,0,ready
2026-09-15,159211,深证100ETF富国,SZSE,szse-100,深证100,21683294,0,0,1.36,0,ready
2026-09-16,159211,深证100ETF富国,SZSE,szse-100,深证100,19683294,-2000000,-9.2237,1.372,-2744000,ready
2026-09-17,159211,深证100ETF富国,SZSE,szse-100,深证100,19683294,0,0,1.369,0,ready
2026-09-01,159212,深100ETF南方,SZSE,szse-100,深证100,85204367,0,0,1.453,0,ready
2026-09-02,159212,深100ETF南方,SZSE,szse-100,深证100,75204367,-10000000,-11.7365,1.422,-14220000,ready
2026-09-03,159212,深100ETF南方,SZSE,szse-100,深证100,73204367,-2000000,-2.6594,1.422,-2844000,ready
2026-09-04,159212,深100ETF南方,SZSE,szse-100,深证100,73204367,0,0,1.42,0,ready
2026-09-07,159212,深100ETF南方,SZSE,szse-100,深证100,83204367,10000000,13.6604,1.444,14440000,ready
2026-09-08,159212,深100ETF南方,SZSE,szse-100,深证100,87204367,4000000,4.8074,1.432,5728000,ready
2026-09-09,159212,深100ETF南方,SZSE,szse-100,深证100,87204367,0,0,1.435,0,ready
2026-09-10,159212,深100ETF南方,SZSE,szse-100,深证100,87204367,0,0,1.427,0,ready
2026-09-11,159212,深100ETF南方,SZSE,szse-100,深证100,93204367,6000000,6.8804,1.419,8514000,ready
2026-09-14,159212,深100ETF南方,SZSE,szse-100,深证100,93204367,0,0,1.401,0,ready
2026-09-15,159212,深100ETF南方,SZSE,szse-100,深证100,93204367,0,0,1.386,0,ready
2026-09-16,159212,深100ETF南方,SZSE,szse-100,深证100,99204367,6000000,6.4375,1.4,8400000,ready
2026-09-17,159212,深100ETF南方,SZSE,szse-100,深证100,99204367,0,0,1.396,0,ready
2026-09-01,159215,A500ETF平安,SZSE,csi-a500,中证A500,958582803,3000000,0.3139,1.309,3927000,ready
2026-09-02,159215,A500ETF平安,SZSE,csi-a500,中证A500,961582803,3000000,0.313,1.29,3870000,ready
2026-09-03,159215,A500ETF平安,SZSE,csi-a500,中证A500,958582803,-3000000,-0.312,1.29,-3870000,ready
2026-09-04,159215,A500ETF平安,SZSE,csi-a500,中证A500,958582803,0,0,1.289,0,ready
2026-09-07,159215,A500ETF平安,SZSE,csi-a500,中证A500,955582803,-3000000,-0.313,1.295,-3885000,ready
2026-09-08,159215,A500ETF平安,SZSE,csi-a500,中证A500,955582803,0,0,1.291,0,ready
2026-09-09,159215,A500ETF平安,SZSE,csi-a500,中证A500,955582803,0,0,1.296,0,ready
2026-09-10,159215,A500ETF平安,SZSE,csi-a500,中证A500,955582803,0,0,1.288,0,ready
2026-09-11,159215,A500ETF平安,SZSE,csi-a500,中证A500,958582803,3000000,0.3139,1.274,3822000,ready
2026-09-14,159215,A500ETF平安,SZSE,csi-a500,中证A500,958582803,0,0,1.268,0,ready
2026-09-15,159215,A500ETF平安,SZSE,csi-a500,中证A500,958582803,0,0,1.261,0,ready
2026-09-16,159215,A500ETF平安,SZSE,csi-a500,中证A500,958582803,0,0,1.271,0,ready
2026-09-17,159215,A500ETF平安,SZSE,csi-a500,中证A500,958582803,0,0,1.268,0,ready
2026-09-01,159216,深证100ETF大成,SZSE,szse-100,深证100,14048250,0,0,1.459,0,ready
2026-09-02,159216,深证100ETF大成,SZSE,szse-100,深证100,15548250,1500000,10.6775,1.428,2142000,ready
2026-09-03,159216,深证100ETF大成,SZSE,szse-100,深证100,15548250,0,0,1.427,0,ready
2026-09-04,159216,深证100ETF大成,SZSE,szse-100,深证100,15548250,0,0,1.42,0,ready
2026-09-07,159216,深证100ETF大成,SZSE,szse-100,深证100,15548250,0,0,1.452,0,ready
2026-09-08,159216,深证100ETF大成,SZSE,szse-100,深证100,15548250,0,0,1.439,0,ready
2026-09-09,159216,深证100ETF大成,SZSE,szse-100,深证100,15548250,0,0,1.444,0,ready
2026-09-10,159216,深证100ETF大成,SZSE,szse-100,深证100,14048250,-1500000,-9.6474,1.433,-2149500,ready
2026-09-11,159216,深证100ETF大成,SZSE,szse-100,深证100,12548250,-1500000,-10.6775,1.428,-2142000,ready
2026-09-14,159216,深证100ETF大成,SZSE,szse-100,深证100,12548250,0,0,1.409,0,ready
2026-09-15,159216,深证100ETF大成,SZSE,szse-100,深证100,12548250,0,0,1.394,0,ready
2026-09-16,159216,深证100ETF大成,SZSE,szse-100,深证100,12548250,0,0,1.406,0,ready
2026-09-17,159216,深证100ETF大成,SZSE,szse-100,深证100,11048250,-1500000,-11.9539,1.405,-2107500,ready
2026-09-01,159219,深证100ETF融通,SZSE,szse-100,深证100,8388018,0,0,1.368,0,ready
2026-09-02,159219,深证100ETF融通,SZSE,szse-100,深证100,10388018,2000000,23.8435,1.323,2646000,ready
2026-09-03,159219,深证100ETF融通,SZSE,szse-100,深证100,10388018,0,0,1.323,0,ready
2026-09-04,159219,深证100ETF融通,SZSE,szse-100,深证100,10388018,0,0,1.319,0,ready
2026-09-07,159219,深证100ETF融通,SZSE,szse-100,深证100,10388018,0,0,1.344,0,ready
2026-09-08,159219,深证100ETF融通,SZSE,szse-100,深证100,10388018,0,0,1.344,0,ready
2026-09-09,159219,深证100ETF融通,SZSE,szse-100,深证100,10388018,0,0,1.344,0,ready
2026-09-10,159219,深证100ETF融通,SZSE,szse-100,深证100,10388018,0,0,1.344,0,ready
2026-09-11,159219,深证100ETF融通,SZSE,szse-100,深证100,10388018,0,0,1.328,0,ready
2026-09-14,159219,深证100ETF融通,SZSE,szse-100,深证100,10388018,0,0,1.314,0,ready
2026-09-15,159219,深证100ETF融通,SZSE,szse-100,深证100,10388018,0,0,1.31,0,ready
2026-09-16,159219,深证100ETF融通,SZSE,szse-100,深证100,10388018,0,0,1.303,0,ready
2026-09-17,159219,深证100ETF融通,SZSE,szse-100,深证100,10388018,0,0,1.3,0,ready
2026-09-01,159247,创业板ETF汇添富,SZSE,chinext,创业板指,475984966,10000000,2.146,1.02,10200000,ready
2026-09-02,159247,创业板ETF汇添富,SZSE,chinext,创业板指,555984966,80000000,16.8073,0.997,79760000,ready
2026-09-03,159247,创业板ETF汇添富,SZSE,chinext,创业板指,585984966,30000000,5.3958,0.996,29880000,ready
2026-09-04,159247,创业板ETF汇添富,SZSE,chinext,创业板指,613984966,28000000,4.7783,0.989,27692000,ready
2026-09-07,159247,创业板ETF汇添富,SZSE,chinext,创业板指,573984966,-40000000,-6.5148,1.019,-40760000,ready
2026-09-08,159247,创业板ETF汇添富,SZSE,chinext,创业板指,533984966,-40000000,-6.9688,1.01,-40400000,ready
2026-09-09,159247,创业板ETF汇添富,SZSE,chinext,创业板指,537984966,4000000,0.7491,1.007,4028000,ready
2026-09-10,159247,创业板ETF汇添富,SZSE,chinext,创业板指,533984966,-4000000,-0.7435,1.004,-4016000,ready
2026-09-11,159247,创业板ETF汇添富,SZSE,chinext,创业板指,555984966,22000000,4.12,0.998,21956000,ready
2026-09-14,159247,创业板ETF汇添富,SZSE,chinext,创业板指,563984966,8000000,1.4389,0.989,7912000,ready
2026-09-15,159247,创业板ETF汇添富,SZSE,chinext,创业板指,585984966,22000000,3.9008,0.978,21516000,ready
2026-09-16,159247,创业板ETF汇添富,SZSE,chinext,创业板指,579984966,-6000000,-1.0239,0.995,-5970000,ready
2026-09-17,159247,创业板ETF汇添富,SZSE,chinext,创业板指,565984966,-14000000,-2.4139,0.992,-13888000,ready
2026-09-01,159270,创业板200ETF南方,SZSE,chinext-200,创业板200,90763649,0,0,1.13,0,ready
2026-09-02,159270,创业板200ETF南方,SZSE,chinext-200,创业板200,92763649,2000000,2.2035,1.114,2228000,ready
2026-09-03,159270,创业板200ETF南方,SZSE,chinext-200,创业板200,90763649,-2000000,-2.156,1.114,-2228000,ready
2026-09-04,159270,创业板200ETF南方,SZSE,chinext-200,创业板200,90763649,0,0,1.108,0,ready
2026-09-07,159270,创业板200ETF南方,SZSE,chinext-200,创业板200,90763649,0,0,1.124,0,ready
2026-09-08,159270,创业板200ETF南方,SZSE,chinext-200,创业板200,90763649,0,0,1.121,0,ready
2026-09-09,159270,创业板200ETF南方,SZSE,chinext-200,创业板200,90763649,0,0,1.114,0,ready
2026-09-10,159270,创业板200ETF南方,SZSE,chinext-200,创业板200,90763649,0,0,1.104,0,ready
2026-09-11,159270,创业板200ETF南方,SZSE,chinext-200,创业板200,90763649,0,0,1.08,0,ready
2026-09-14,159270,创业板200ETF南方,SZSE,chinext-200,创业板200,90763649,0,0,1.09,0,ready
2026-09-15,159270,创业板200ETF南方,SZSE,chinext-200,创业板200,90763649,0,0,1.086,0,ready
2026-09-16,159270,创业板200ETF南方,SZSE,chinext-200,创业板200,90763649,0,0,1.111,0,ready
2026-09-17,159270,创业板200ETF南方,SZSE,chinext-200,创业板200,90763649,0,0,1.109,0,ready
2026-09-01,159298,创业板50ETF大成,SZSE,chinext-50,创业板50,159281082,0,0,1.185,0,ready
2026-09-02,159298,创业板50ETF大成,SZSE,chinext-50,创业板50,162281082,3000000,1.8835,1.155,3465000,ready
2026-09-03,159298,创业板50ETF大成,SZSE,chinext-50,创业板50,166281082,4000000,2.4649,1.154,4616000,ready
2026-09-04,159298,创业板50ETF大成,SZSE,chinext-50,创业板50,167281082,1000000,0.6014,1.154,1154000,ready
2026-09-07,159298,创业板50ETF大成,SZSE,chinext-50,创业板50,162281082,-5000000,-2.989,1.188,-5940000,ready
2026-09-08,159298,创业板50ETF大成,SZSE,chinext-50,创业板50,162281082,0,0,1.174,0,ready
2026-09-09,159298,创业板50ETF大成,SZSE,chinext-50,创业板50,161281082,-1000000,-0.6162,1.179,-1179000,ready
2026-09-10,159298,创业板50ETF大成,SZSE,chinext-50,创业板50,161281082,0,0,1.169,0,ready
2026-09-11,159298,创业板50ETF大成,SZSE,chinext-50,创业板50,162281082,1000000,0.62,1.166,1166000,ready
2026-09-14,159298,创业板50ETF大成,SZSE,chinext-50,创业板50,162281082,0,0,1.148,0,ready
2026-09-15,159298,创业板50ETF大成,SZSE,chinext-50,创业板50,165281082,3000000,1.8486,1.132,3396000,ready
2026-09-16,159298,创业板50ETF大成,SZSE,chinext-50,创业板50,165281082,0,0,1.154,0,ready
2026-09-17,159298,创业板50ETF大成,SZSE,chinext-50,创业板50,165281082,0,0,1.147,0,ready
2026-09-01,159300,沪深300ETF富国,SZSE,csi-300,沪深300,375358097,0,0,5.018,0,ready
2026-09-02,159300,沪深300ETF富国,SZSE,csi-300,沪深300,376258097,900000,0.2398,4.95,4455000,ready
2026-09-03,159300,沪深300ETF富国,SZSE,csi-300,沪深300,379858097,3600000,0.9568,4.959,17852400,ready
2026-09-04,159300,沪深300ETF富国,SZSE,csi-300,沪深300,380758097,900000,0.2369,4.949,4454100,ready
2026-09-07,159300,沪深300ETF富国,SZSE,csi-300,沪深300,380758097,0,0,4.971,0,ready
2026-09-08,159300,沪深300ETF富国,SZSE,csi-300,沪深300,356458097,-24300000,-6.382,4.954,-120382200,ready
2026-09-09,159300,沪深300ETF富国,SZSE,csi-300,沪深300,356458097,0,0,4.967,0,ready
2026-09-10,159300,沪深300ETF富国,SZSE,csi-300,沪深300,351958097,-4500000,-1.2624,4.947,-22261500,ready
2026-09-11,159300,沪深300ETF富国,SZSE,csi-300,沪深300,350158097,-1800000,-0.5114,4.908,-8834400,ready
2026-09-14,159300,沪深300ETF富国,SZSE,csi-300,沪深300,351058097,900000,0.257,4.878,4390200,ready
2026-09-15,159300,沪深300ETF富国,SZSE,csi-300,沪深300,351958097,900000,0.2564,4.851,4365900,ready
2026-09-16,159300,沪深300ETF富国,SZSE,csi-300,沪深300,350158097,-1800000,-0.5114,4.874,-8773200,ready
2026-09-17,159300,沪深300ETF富国,SZSE,csi-300,沪深300,350158097,0,0,4.86,0,ready
2026-09-01,159330,沪深300ETF东财,SZSE,csi-300,沪深300,416801009,-3000000,-0.7146,1.447,-4341000,ready
2026-09-02,159330,沪深300ETF东财,SZSE,csi-300,沪深300,422801009,6000000,1.4395,1.428,8568000,ready
2026-09-03,159330,沪深300ETF东财,SZSE,csi-300,沪深300,422801009,0,0,1.428,0,ready
2026-09-04,159330,沪深300ETF东财,SZSE,csi-300,沪深300,425801009,3000000,0.7096,1.43,4290000,ready
2026-09-07,159330,沪深300ETF东财,SZSE,csi-300,沪深300,428801009,3000000,0.7046,1.435,4305000,ready
2026-09-08,159330,沪深300ETF东财,SZSE,csi-300,沪深300,425801009,-3000000,-0.6996,1.43,-4290000,ready
2026-09-09,159330,沪深300ETF东财,SZSE,csi-300,沪深300,422801009,-3000000,-0.7046,1.434,-4302000,ready
2026-09-10,159330,沪深300ETF东财,SZSE,csi-300,沪深300,422801009,0,0,1.427,0,ready
2026-09-11,159330,沪深300ETF东财,SZSE,csi-300,沪深300,431801009,9000000,2.1287,1.416,12744000,ready
2026-09-14,159330,沪深300ETF东财,SZSE,csi-300,沪深300,437801009,6000000,1.3895,1.408,8448000,ready
2026-09-15,159330,沪深300ETF东财,SZSE,csi-300,沪深300,443801009,6000000,1.3705,1.399,8394000,ready
2026-09-16,159330,沪深300ETF东财,SZSE,csi-300,沪深300,446801009,3000000,0.676,1.406,4218000,ready
2026-09-17,159330,沪深300ETF东财,SZSE,csi-300,沪深300,446801009,0,0,1.402,0,ready
2026-09-01,159337,中证500ETF东财,SZSE,csi-500,中证500,277710611,-2000000,-0.715,1.805,-3610000,ready
2026-09-02,159337,中证500ETF东财,SZSE,csi-500,中证500,277710611,0,0,1.773,0,ready
2026-09-03,159337,中证500ETF东财,SZSE,csi-500,中证500,277710611,0,0,1.781,0,ready
2026-09-04,159337,中证500ETF东财,SZSE,csi-500,中证500,279710611,2000000,0.7202,1.761,3522000,ready
2026-09-07,159337,中证500ETF东财,SZSE,csi-500,中证500,279710611,0,0,1.781,0,ready
2026-09-08,159337,中证500ETF东财,SZSE,csi-500,中证500,279710611,0,0,1.783,0,ready
2026-09-09,159337,中证500ETF东财,SZSE,csi-500,中证500,279710611,0,0,1.781,0,ready
2026-09-10,159337,中证500ETF东财,SZSE,csi-500,中证500,279710611,0,0,1.772,0,ready
2026-09-11,159337,中证500ETF东财,SZSE,csi-500,中证500,281710611,2000000,0.715,1.74,3480000,ready
2026-09-14,159337,中证500ETF东财,SZSE,csi-500,中证500,281710611,0,0,1.736,0,ready
2026-09-15,159337,中证500ETF东财,SZSE,csi-500,中证500,281710611,0,0,1.735,0,ready
2026-09-16,159337,中证500ETF东财,SZSE,csi-500,中证500,281710611,0,0,1.767,0,ready
2026-09-17,159337,中证500ETF东财,SZSE,csi-500,中证500,281710611,0,0,1.755,0,ready
2026-09-01,159338,中证A500ETF国泰,SZSE,csi-a500,中证A500,21230086664,-111000000,-0.5201,1.221,-135531000,ready
2026-09-02,159338,中证A500ETF国泰,SZSE,csi-a500,中证A500,21080086664,-150000000,-0.7065,1.201,-180150000,ready
2026-09-03,159338,中证A500ETF国泰,SZSE,csi-a500,中证A500,21083086664,3000000,0.0142,1.203,3609000,ready
2026-09-04,159338,中证A500ETF国泰,SZSE,csi-a500,中证A500,21524086664,441000000,2.0917,1.198,528318000,ready
2026-09-07,159338,中证A500ETF国泰,SZSE,csi-a500,中证A500,21233086664,-291000000,-1.352,1.207,-351237000,ready
2026-09-08,159338,中证A500ETF国泰,SZSE,csi-a500,中证A500,21065086664,-168000000,-0.7912,1.204,-202272000,ready
2026-09-09,159338,中证A500ETF国泰,SZSE,csi-a500,中证A500,21035086664,-30000000,-0.1424,1.208,-36240000,ready
2026-09-10,159338,中证A500ETF国泰,SZSE,csi-a500,中证A500,21272086664,237000000,1.1267,1.2,284400000,ready
2026-09-11,159338,中证A500ETF国泰,SZSE,csi-a500,中证A500,21311086664,39000000,0.1833,1.188,46332000,ready
2026-09-14,159338,中证A500ETF国泰,SZSE,csi-a500,中证A500,21317086664,6000000,0.0282,1.182,7092000,ready
2026-09-15,159338,中证A500ETF国泰,SZSE,csi-a500,中证A500,21374086664,57000000,0.2674,1.175,66975000,ready
2026-09-16,159338,中证A500ETF国泰,SZSE,csi-a500,中证A500,21308086664,-66000000,-0.3088,1.186,-78276000,ready
2026-09-17,159338,中证A500ETF国泰,SZSE,csi-a500,中证A500,21173086664,-135000000,-0.6336,1.182,-159570000,ready
2026-09-01,159339,A500ETF银华,SZSE,csi-a500,中证A500,1844086841,-72000000,-3.7577,1.23,-88560000,ready
2026-09-02,159339,A500ETF银华,SZSE,csi-a500,中证A500,1817086841,-27000000,-1.4641,1.212,-32724000,ready
2026-09-03,159339,A500ETF银华,SZSE,csi-a500,中证A500,1817086841,0,0,1.214,0,ready
2026-09-04,159339,A500ETF银华,SZSE,csi-a500,中证A500,1826086841,9000000,0.4953,1.211,10899000,ready
2026-09-07,159339,A500ETF银华,SZSE,csi-a500,中证A500,1817086841,-9000000,-0.4929,1.217,-10953000,ready
2026-09-08,159339,A500ETF银华,SZSE,csi-a500,中证A500,1814086841,-3000000,-0.1651,1.216,-3648000,ready
2026-09-09,159339,A500ETF银华,SZSE,csi-a500,中证A500,1814086841,0,0,1.218,0,ready
2026-09-10,159339,A500ETF银华,SZSE,csi-a500,中证A500,1811086841,-3000000,-0.1654,1.212,-3636000,ready
2026-09-11,159339,A500ETF银华,SZSE,csi-a500,中证A500,1820086841,9000000,0.4969,1.197,10773000,ready
2026-09-14,159339,A500ETF银华,SZSE,csi-a500,中证A500,1811086841,-9000000,-0.4945,1.193,-10737000,ready
2026-09-15,159339,A500ETF银华,SZSE,csi-a500,中证A500,1808086841,-3000000,-0.1656,1.185,-3555000,ready
2026-09-16,159339,A500ETF银华,SZSE,csi-a500,中证A500,1811086841,3000000,0.1659,1.196,3588000,ready
2026-09-17,159339,A500ETF银华,SZSE,csi-a500,中证A500,1805086841,-6000000,-0.3313,1.192,-7152000,ready
2026-09-01,159350,深证50ETF富国,SZSE,szse-50,深证50,146009642,8000000,5.7967,1.549,12392000,ready
2026-09-02,159350,深证50ETF富国,SZSE,szse-50,深证50,133009642,-13000000,-8.9035,1.523,-19799000,ready
2026-09-03,159350,深证50ETF富国,SZSE,szse-50,深证50,137009642,4000000,3.0073,1.517,6068000,ready
2026-09-04,159350,深证50ETF富国,SZSE,szse-50,深证50,132009642,-5000000,-3.6494,1.518,-7590000,ready
2026-09-07,159350,深证50ETF富国,SZSE,szse-50,深证50,118009642,-14000000,-10.6053,1.54,-21560000,ready
2026-09-08,159350,深证50ETF富国,SZSE,szse-50,深证50,130009642,12000000,10.1687,1.53,18360000,ready
2026-09-09,159350,深证50ETF富国,SZSE,szse-50,深证50,117009642,-13000000,-9.9993,1.53,-19890000,ready
2026-09-10,159350,深证50ETF富国,SZSE,szse-50,深证50,117009642,0,0,1.515,0,ready
2026-09-11,159350,深证50ETF富国,SZSE,szse-50,深证50,102009642,-15000000,-12.8195,1.512,-22680000,ready
2026-09-14,159350,深证50ETF富国,SZSE,szse-50,深证50,112009642,10000000,9.803,1.497,14970000,ready
2026-09-15,159350,深证50ETF富国,SZSE,szse-50,深证50,119009642,7000000,6.2495,1.482,10374000,ready
2026-09-16,159350,深证50ETF富国,SZSE,szse-50,深证50,110009642,-9000000,-7.5624,1.489,-13401000,ready
2026-09-17,159350,深证50ETF富国,SZSE,szse-50,深证50,112009642,2000000,1.818,1.491,2982000,ready
2026-09-01,159351,A500ETF嘉实,SZSE,csi-a500,中证A500,7193123357,-48000000,-0.6629,1.219,-58512000,ready
2026-09-02,159351,A500ETF嘉实,SZSE,csi-a500,中证A500,7169123357,-24000000,-0.3337,1.201,-28824000,ready
2026-09-03,159351,A500ETF嘉实,SZSE,csi-a500,中证A500,7184123357,15000000,0.2092,1.203,18045000,ready
2026-09-04,159351,A500ETF嘉实,SZSE,csi-a500,中证A500,7220123357,36000000,0.5011,1.197,43092000,ready
2026-09-07,159351,A500ETF嘉实,SZSE,csi-a500,中证A500,7244123357,24000000,0.3324,1.206,28944000,ready
2026-09-08,159351,A500ETF嘉实,SZSE,csi-a500,中证A500,7211123357,-33000000,-0.4555,1.203,-39699000,ready
2026-09-09,159351,A500ETF嘉实,SZSE,csi-a500,中证A500,7190123357,-21000000,-0.2912,1.206,-25326000,ready
2026-09-10,159351,A500ETF嘉实,SZSE,csi-a500,中证A500,7178123357,-12000000,-0.1669,1.2,-14400000,ready
2026-09-11,159351,A500ETF嘉实,SZSE,csi-a500,中证A500,7169123357,-9000000,-0.1254,1.187,-10683000,ready
2026-09-14,159351,A500ETF嘉实,SZSE,csi-a500,中证A500,7190123357,21000000,0.2929,1.18,24780000,ready
2026-09-15,159351,A500ETF嘉实,SZSE,csi-a500,中证A500,7208123357,18000000,0.2503,1.174,21132000,ready
2026-09-16,159351,A500ETF嘉实,SZSE,csi-a500,中证A500,7217123357,9000000,0.1249,1.186,10674000,ready
2026-09-17,159351,A500ETF嘉实,SZSE,csi-a500,中证A500,7196123357,-21000000,-0.291,1.182,-24822000,ready
2026-09-01,159352,A500ETF南方,SZSE,csi-a500,中证A500,26823101746,-57000000,-0.2121,1.268,-72276000,ready
2026-09-02,159352,A500ETF南方,SZSE,csi-a500,中证A500,26706101746,-117000000,-0.4362,1.25,-146250000,ready
2026-09-03,159352,A500ETF南方,SZSE,csi-a500,中证A500,26640101746,-66000000,-0.2471,1.252,-82632000,ready
2026-09-04,159352,A500ETF南方,SZSE,csi-a500,中证A500,26790101746,150000000,0.5631,1.246,186900000,ready
2026-09-07,159352,A500ETF南方,SZSE,csi-a500,中证A500,26712101746,-78000000,-0.2912,1.257,-98046000,ready
2026-09-08,159352,A500ETF南方,SZSE,csi-a500,中证A500,26700101746,-12000000,-0.0449,1.255,-15060000,ready
2026-09-09,159352,A500ETF南方,SZSE,csi-a500,中证A500,26847101746,147000000,0.5506,1.257,184779000,ready
2026-09-10,159352,A500ETF南方,SZSE,csi-a500,中证A500,27006101746,159000000,0.5922,1.249,198591000,ready
2026-09-11,159352,A500ETF南方,SZSE,csi-a500,中证A500,26997101746,-9000000,-0.0333,1.236,-11124000,ready
2026-09-14,159352,A500ETF南方,SZSE,csi-a500,中证A500,27036101746,39000000,0.1445,1.229,47931000,ready
2026-09-15,159352,A500ETF南方,SZSE,csi-a500,中证A500,26811101746,-225000000,-0.8322,1.223,-275175000,ready
2026-09-16,159352,A500ETF南方,SZSE,csi-a500,中证A500,26688101746,-123000000,-0.4588,1.234,-151782000,ready
2026-09-17,159352,A500ETF南方,SZSE,csi-a500,中证A500,26571101746,-117000000,-0.4384,1.23,-143910000,ready
2026-09-01,159353,中证A500ETF景顺,SZSE,csi-a500,中证A500,4337161812,-33000000,-0.7551,1.238,-40854000,ready
2026-09-02,159353,中证A500ETF景顺,SZSE,csi-a500,中证A500,4298161812,-39000000,-0.8992,1.221,-47619000,ready
2026-09-03,159353,中证A500ETF景顺,SZSE,csi-a500,中证A500,4301161812,3000000,0.0698,1.223,3669000,ready
2026-09-04,159353,中证A500ETF景顺,SZSE,csi-a500,中证A500,4340161812,39000000,0.9067,1.219,47541000,ready
2026-09-07,159353,中证A500ETF景顺,SZSE,csi-a500,中证A500,4337161812,-3000000,-0.0691,1.226,-3678000,ready
2026-09-08,159353,中证A500ETF景顺,SZSE,csi-a500,中证A500,4313161812,-24000000,-0.5534,1.222,-29328000,ready
2026-09-09,159353,中证A500ETF景顺,SZSE,csi-a500,中证A500,4310161812,-3000000,-0.0696,1.226,-3678000,ready
2026-09-10,159353,中证A500ETF景顺,SZSE,csi-a500,中证A500,4316161812,6000000,0.1392,1.218,7308000,ready
2026-09-11,159353,中证A500ETF景顺,SZSE,csi-a500,中证A500,4283161812,-33000000,-0.7646,1.205,-39765000,ready
2026-09-14,159353,中证A500ETF景顺,SZSE,csi-a500,中证A500,4307161812,24000000,0.5603,1.201,28824000,ready
2026-09-15,159353,中证A500ETF景顺,SZSE,csi-a500,中证A500,4328161812,21000000,0.4876,1.194,25074000,ready
2026-09-16,159353,中证A500ETF景顺,SZSE,csi-a500,中证A500,4334161812,6000000,0.1386,1.206,7236000,ready
2026-09-17,159353,中证A500ETF景顺,SZSE,csi-a500,中证A500,4301161812,-33000000,-0.7614,1.199,-39567000,ready
2026-09-01,159356,A500ETF万家,SZSE,csi-a500,中证A500,728120647,-6000000,-0.8173,1.297,-7782000,ready
2026-09-02,159356,A500ETF万家,SZSE,csi-a500,中证A500,725120647,-3000000,-0.412,1.278,-3834000,ready
2026-09-03,159356,A500ETF万家,SZSE,csi-a500,中证A500,725120647,0,0,1.28,0,ready
2026-09-04,159356,A500ETF万家,SZSE,csi-a500,中证A500,731120647,6000000,0.8274,1.275,7650000,ready
2026-09-07,159356,A500ETF万家,SZSE,csi-a500,中证A500,728120647,-3000000,-0.4103,1.283,-3849000,ready
2026-09-08,159356,A500ETF万家,SZSE,csi-a500,中证A500,728120647,0,0,1.278,0,ready
2026-09-09,159356,A500ETF万家,SZSE,csi-a500,中证A500,728120647,0,0,1.282,0,ready
2026-09-10,159356,A500ETF万家,SZSE,csi-a500,中证A500,725120647,-3000000,-0.412,1.275,-3825000,ready
2026-09-11,159356,A500ETF万家,SZSE,csi-a500,中证A500,719120647,-6000000,-0.8274,1.262,-7572000,ready
2026-09-14,159356,A500ETF万家,SZSE,csi-a500,中证A500,725120647,6000000,0.8344,1.255,7530000,ready
2026-09-15,159356,A500ETF万家,SZSE,csi-a500,中证A500,719120647,-6000000,-0.8274,1.248,-7488000,ready
2026-09-16,159356,A500ETF万家,SZSE,csi-a500,中证A500,722120647,3000000,0.4172,1.26,3780000,ready
2026-09-17,159356,A500ETF万家,SZSE,csi-a500,中证A500,716120647,-6000000,-0.8309,1.256,-7536000,ready
2026-09-01,159357,A500ETF博时,SZSE,csi-a500,中证A500,1225833841,3000000,0.2453,1.289,3867000,ready
2026-09-02,159357,A500ETF博时,SZSE,csi-a500,中证A500,1222833841,-3000000,-0.2447,1.27,-3810000,ready
2026-09-03,159357,A500ETF博时,SZSE,csi-a500,中证A500,1219833841,-3000000,-0.2453,1.271,-3813000,ready
2026-09-04,159357,A500ETF博时,SZSE,csi-a500,中证A500,1219833841,0,0,1.266,0,ready
2026-09-07,159357,A500ETF博时,SZSE,csi-a500,中证A500,1219833841,0,0,1.276,0,ready
2026-09-08,159357,A500ETF博时,SZSE,csi-a500,中证A500,1219833841,0,0,1.273,0,ready
2026-09-09,159357,A500ETF博时,SZSE,csi-a500,中证A500,1219833841,0,0,1.276,0,ready
2026-09-10,159357,A500ETF博时,SZSE,csi-a500,中证A500,1219833841,0,0,1.268,0,ready
2026-09-11,159357,A500ETF博时,SZSE,csi-a500,中证A500,1219833841,0,0,1.255,0,ready
2026-09-14,159357,A500ETF博时,SZSE,csi-a500,中证A500,1222833841,3000000,0.2459,1.249,3747000,ready
2026-09-15,159357,A500ETF博时,SZSE,csi-a500,中证A500,1222833841,0,0,1.242,0,ready
2026-09-16,159357,A500ETF博时,SZSE,csi-a500,中证A500,1222833841,0,0,1.253,0,ready
2026-09-17,159357,A500ETF博时,SZSE,csi-a500,中证A500,1222833841,0,0,1.25,0,ready
2026-09-01,159358,中证A500ETF大成,SZSE,csi-a500,中证A500,887106420,-3000000,-0.337,1.32,-3960000,ready
2026-09-02,159358,中证A500ETF大成,SZSE,csi-a500,中证A500,872106420,-15000000,-1.6909,1.299,-19485000,ready
2026-09-03,159358,中证A500ETF大成,SZSE,csi-a500,中证A500,872106420,0,0,1.303,0,ready
2026-09-04,159358,中证A500ETF大成,SZSE,csi-a500,中证A500,881106420,9000000,1.032,1.301,11709000,ready
2026-09-07,159358,中证A500ETF大成,SZSE,csi-a500,中证A500,884106420,3000000,0.3405,1.306,3918000,ready
2026-09-08,159358,中证A500ETF大成,SZSE,csi-a500,中证A500,884106420,0,0,1.304,0,ready
2026-09-09,159358,中证A500ETF大成,SZSE,csi-a500,中证A500,884106420,0,0,1.306,0,ready
2026-09-10,159358,中证A500ETF大成,SZSE,csi-a500,中证A500,881106420,-3000000,-0.3393,1.299,-3897000,ready
2026-09-11,159358,中证A500ETF大成,SZSE,csi-a500,中证A500,881106420,0,0,1.286,0,ready
2026-09-14,159358,中证A500ETF大成,SZSE,csi-a500,中证A500,878106420,-3000000,-0.3405,1.279,-3837000,ready
2026-09-15,159358,中证A500ETF大成,SZSE,csi-a500,中证A500,881106420,3000000,0.3416,1.272,3816000,ready
2026-09-16,159358,中证A500ETF大成,SZSE,csi-a500,中证A500,878106420,-3000000,-0.3405,1.285,-3855000,ready
2026-09-17,159358,中证A500ETF大成,SZSE,csi-a500,中证A500,878106420,0,0,1.28,0,ready
2026-09-01,159359,A500ETF华安,SZSE,csi-a500,中证A500,689140424,-6000000,-0.8631,1.278,-7668000,ready
2026-09-02,159359,A500ETF华安,SZSE,csi-a500,中证A500,680140424,-9000000,-1.306,1.26,-11340000,ready
2026-09-03,159359,A500ETF华安,SZSE,csi-a500,中证A500,686140424,6000000,0.8822,1.261,7566000,ready
2026-09-04,159359,A500ETF华安,SZSE,csi-a500,中证A500,692140424,6000000,0.8745,1.259,7554000,ready
2026-09-07,159359,A500ETF华安,SZSE,csi-a500,中证A500,698140424,6000000,0.8669,1.266,7596000,ready
2026-09-08,159359,A500ETF华安,SZSE,csi-a500,中证A500,698140424,0,0,1.262,0,ready
2026-09-09,159359,A500ETF华安,SZSE,csi-a500,中证A500,698140424,0,0,1.266,0,ready
2026-09-10,159359,A500ETF华安,SZSE,csi-a500,中证A500,698140424,0,0,1.257,0,ready
2026-09-11,159359,A500ETF华安,SZSE,csi-a500,中证A500,692140424,-6000000,-0.8594,1.245,-7470000,ready
2026-09-14,159359,A500ETF华安,SZSE,csi-a500,中证A500,683140424,-9000000,-1.3003,1.239,-11151000,ready
2026-09-15,159359,A500ETF华安,SZSE,csi-a500,中证A500,680140424,-3000000,-0.4391,1.232,-3696000,ready
2026-09-16,159359,A500ETF华安,SZSE,csi-a500,中证A500,686140424,6000000,0.8822,1.242,7452000,ready
2026-09-17,159359,A500ETF华安,SZSE,csi-a500,中证A500,686140424,0,0,1.239,0,ready
2026-09-01,159360,A500ETF天弘,SZSE,csi-a500,中证A500,1277184526,-6000000,-0.4676,1.318,-7908000,ready
2026-09-02,159360,A500ETF天弘,SZSE,csi-a500,中证A500,1277184526,0,0,1.298,0,ready
2026-09-03,159360,A500ETF天弘,SZSE,csi-a500,中证A500,1277184526,0,0,1.3,0,ready
2026-09-04,159360,A500ETF天弘,SZSE,csi-a500,中证A500,1280184526,3000000,0.2349,1.296,3888000,ready
2026-09-07,159360,A500ETF天弘,SZSE,csi-a500,中证A500,1280184526,0,0,1.304,0,ready
2026-09-08,159360,A500ETF天弘,SZSE,csi-a500,中证A500,1280184526,0,0,1.3,0,ready
2026-09-09,159360,A500ETF天弘,SZSE,csi-a500,中证A500,1280184526,0,0,1.304,0,ready
2026-09-10,159360,A500ETF天弘,SZSE,csi-a500,中证A500,1277184526,-3000000,-0.2343,1.297,-3891000,ready
2026-09-11,159360,A500ETF天弘,SZSE,csi-a500,中证A500,1268184526,-9000000,-0.7047,1.283,-11547000,ready
2026-09-14,159360,A500ETF天弘,SZSE,csi-a500,中证A500,1271184526,3000000,0.2366,1.277,3831000,ready
2026-09-15,159360,A500ETF天弘,SZSE,csi-a500,中证A500,1268184526,-3000000,-0.236,1.27,-3810000,ready
2026-09-16,159360,A500ETF天弘,SZSE,csi-a500,中证A500,1268184526,0,0,1.281,0,ready
2026-09-17,159360,A500ETF天弘,SZSE,csi-a500,中证A500,1265184526,-3000000,-0.2366,1.277,-3831000,ready
2026-09-01,159361,A500ETF易方达,SZSE,csi-a500,中证A500,23369090279,-54000000,-0.2305,1.244,-67176000,ready
2026-09-02,159361,A500ETF易方达,SZSE,csi-a500,中证A500,23252090279,-117000000,-0.5007,1.226,-143442000,ready
2026-09-03,159361,A500ETF易方达,SZSE,csi-a500,中证A500,23369090279,117000000,0.5032,1.227,143559000,ready
2026-09-04,159361,A500ETF易方达,SZSE,csi-a500,中证A500,23633090279,264000000,1.1297,1.222,322608000,ready
2026-09-07,159361,A500ETF易方达,SZSE,csi-a500,中证A500,23453090279,-180000000,-0.7616,1.23,-221400000,ready
2026-09-08,159361,A500ETF易方达,SZSE,csi-a500,中证A500,22739090279,-714000000,-3.0444,1.229,-877506000,ready
2026-09-09,159361,A500ETF易方达,SZSE,csi-a500,中证A500,22673090279,-66000000,-0.2902,1.231,-81246000,ready
2026-09-10,159361,A500ETF易方达,SZSE,csi-a500,中证A500,22433090279,-240000000,-1.0585,1.225,-294000000,ready
2026-09-11,159361,A500ETF易方达,SZSE,csi-a500,中证A500,22448090279,15000000,0.0669,1.212,18180000,ready
2026-09-14,159361,A500ETF易方达,SZSE,csi-a500,中证A500,22391090279,-57000000,-0.2539,1.204,-68628000,ready
2026-09-15,159361,A500ETF易方达,SZSE,csi-a500,中证A500,22370090279,-21000000,-0.0938,1.198,-25158000,ready
2026-09-16,159361,A500ETF易方达,SZSE,csi-a500,中证A500,22358090279,-12000000,-0.0536,1.21,-14520000,ready
2026-09-17,159361,A500ETF易方达,SZSE,csi-a500,中证A500,22373090279,15000000,0.0671,1.204,18060000,ready
2026-09-01,159362,A500ETF工银,SZSE,csi-a500,中证A500,1607180191,3000000,0.187,1.309,3927000,ready
2026-09-02,159362,A500ETF工银,SZSE,csi-a500,中证A500,1616180191,9000000,0.56,1.288,11592000,ready
2026-09-03,159362,A500ETF工银,SZSE,csi-a500,中证A500,1616180191,0,0,1.291,0,ready
2026-09-04,159362,A500ETF工银,SZSE,csi-a500,中证A500,1628180191,12000000,0.7425,1.285,15420000,ready
2026-09-07,159362,A500ETF工银,SZSE,csi-a500,中证A500,1619180191,-9000000,-0.5528,1.294,-11646000,ready
2026-09-08,159362,A500ETF工银,SZSE,csi-a500,中证A500,1619180191,0,0,1.291,0,ready
2026-09-09,159362,A500ETF工银,SZSE,csi-a500,中证A500,1619180191,0,0,1.294,0,ready
2026-09-10,159362,A500ETF工银,SZSE,csi-a500,中证A500,1622180191,3000000,0.1853,1.288,3864000,ready
2026-09-11,159362,A500ETF工银,SZSE,csi-a500,中证A500,1622180191,0,0,1.273,0,ready
2026-09-14,159362,A500ETF工银,SZSE,csi-a500,中证A500,1619180191,-3000000,-0.1849,1.268,-3804000,ready
2026-09-15,159362,A500ETF工银,SZSE,csi-a500,中证A500,1619180191,0,0,1.26,0,ready
2026-09-16,159362,A500ETF工银,SZSE,csi-a500,中证A500,1616180191,-3000000,-0.1853,1.271,-3813000,ready
2026-09-17,159362,A500ETF工银,SZSE,csi-a500,中证A500,1613180191,-3000000,-0.1856,1.268,-3804000,ready
2026-09-01,159367,创业板50ETF华夏,SZSE,chinext-50,创业板50,174079029,2000000,1.1623,1.688,3376000,ready
2026-09-02,159367,创业板50ETF华夏,SZSE,chinext-50,创业板50,180079029,6000000,3.4467,1.646,9876000,ready
2026-09-03,159367,创业板50ETF华夏,SZSE,chinext-50,创业板50,182079029,2000000,1.1106,1.639,3278000,ready
2026-09-04,159367,创业板50ETF华夏,SZSE,chinext-50,创业板50,184079029,2000000,1.0984,1.63,3260000,ready
2026-09-07,159367,创业板50ETF华夏,SZSE,chinext-50,创业板50,180079029,-4000000,-2.173,1.689,-6756000,ready
2026-09-08,159367,创业板50ETF华夏,SZSE,chinext-50,创业板50,178079029,-2000000,-1.1106,1.67,-3340000,ready
2026-09-09,159367,创业板50ETF华夏,SZSE,chinext-50,创业板50,180079029,2000000,1.1231,1.668,3336000,ready
2026-09-10,159367,创业板50ETF华夏,SZSE,chinext-50,创业板50,180079029,0,0,1.66,0,ready
2026-09-11,159367,创业板50ETF华夏,SZSE,chinext-50,创业板50,182079029,2000000,1.1106,1.654,3308000,ready
2026-09-14,159367,创业板50ETF华夏,SZSE,chinext-50,创业板50,184079029,2000000,1.0984,1.625,3250000,ready
2026-09-15,159367,创业板50ETF华夏,SZSE,chinext-50,创业板50,188079029,4000000,2.173,1.604,6416000,ready
2026-09-16,159367,创业板50ETF华夏,SZSE,chinext-50,创业板50,186079029,-2000000,-1.0634,1.637,-3274000,ready
2026-09-17,159367,创业板50ETF华夏,SZSE,chinext-50,创业板50,188079029,2000000,1.0748,1.63,3260000,ready
2026-09-01,159369,创业板50ETF易方达,SZSE,chinext-50,创业板50,393753492,1000000,0.2546,1.369,1369000,ready
2026-09-02,159369,创业板50ETF易方达,SZSE,chinext-50,创业板50,406753492,13000000,3.3016,1.331,17303000,ready
2026-09-03,159369,创业板50ETF易方达,SZSE,chinext-50,创业板50,412753492,6000000,1.4751,1.33,7980000,ready
2026-09-04,159369,创业板50ETF易方达,SZSE,chinext-50,创业板50,417753492,5000000,1.2114,1.327,6635000,ready
2026-09-07,159369,创业板50ETF易方达,SZSE,chinext-50,创业板50,403753492,-14000000,-3.3513,1.37,-19180000,ready
2026-09-08,159369,创业板50ETF易方达,SZSE,chinext-50,创业板50,465753492,62000000,15.3559,1.357,84134000,ready
2026-09-09,159369,创业板50ETF易方达,SZSE,chinext-50,创业板50,470753492,5000000,1.0735,1.353,6765000,ready
2026-09-10,159369,创业板50ETF易方达,SZSE,chinext-50,创业板50,468753492,-2000000,-0.4249,1.346,-2692000,ready
2026-09-11,159369,创业板50ETF易方达,SZSE,chinext-50,创业板50,470753492,2000000,0.4267,1.339,2678000,ready
2026-09-14,159369,创业板50ETF易方达,SZSE,chinext-50,创业板50,470753492,0,0,1.321,0,ready
2026-09-15,159369,创业板50ETF易方达,SZSE,chinext-50,创业板50,477753492,7000000,1.487,1.304,9128000,ready
2026-09-16,159369,创业板50ETF易方达,SZSE,chinext-50,创业板50,480753492,3000000,0.6279,1.326,3978000,ready
2026-09-17,159369,创业板50ETF易方达,SZSE,chinext-50,创业板50,477753492,-3000000,-0.624,1.321,-3963000,ready
2026-09-01,159370,创50ETF工银,SZSE,chinext-50,创业板50,234316009,0,0,1.773,0,ready
2026-09-02,159370,创50ETF工银,SZSE,chinext-50,创业板50,234316009,0,0,1.726,0,ready
2026-09-03,159370,创50ETF工银,SZSE,chinext-50,创业板50,234316009,0,0,1.726,0,ready
2026-09-04,159370,创50ETF工银,SZSE,chinext-50,创业板50,234316009,0,0,1.723,0,ready
2026-09-07,159370,创50ETF工银,SZSE,chinext-50,创业板50,235316009,1000000,0.4268,1.78,1780000,ready
2026-09-08,159370,创50ETF工银,SZSE,chinext-50,创业板50,234316009,-1000000,-0.425,1.758,-1758000,ready
2026-09-09,159370,创50ETF工银,SZSE,chinext-50,创业板50,234316009,0,0,1.757,0,ready
2026-09-10,159370,创50ETF工银,SZSE,chinext-50,创业板50,234316009,0,0,1.748,0,ready
2026-09-11,159370,创50ETF工银,SZSE,chinext-50,创业板50,234316009,0,0,1.742,0,ready
2026-09-14,159370,创50ETF工银,SZSE,chinext-50,创业板50,234316009,0,0,1.716,0,ready
2026-09-15,159370,创50ETF工银,SZSE,chinext-50,创业板50,236316009,2000000,0.8535,1.691,3382000,ready
2026-09-16,159370,创50ETF工银,SZSE,chinext-50,创业板50,236316009,0,0,1.725,0,ready
2026-09-17,159370,创50ETF工银,SZSE,chinext-50,创业板50,237316009,1000000,0.4232,1.716,1716000,ready
2026-09-01,159371,创业板50ETF富国,SZSE,chinext-50,创业板50,184221172,0,0,1.677,0,ready
2026-09-02,159371,创业板50ETF富国,SZSE,chinext-50,创业板50,186221172,2000000,1.0857,1.632,3264000,ready
2026-09-03,159371,创业板50ETF富国,SZSE,chinext-50,创业板50,190221172,4000000,2.148,1.631,6524000,ready
2026-09-04,159371,创业板50ETF富国,SZSE,chinext-50,创业板50,192221172,2000000,1.0514,1.628,3256000,ready
2026-09-07,159371,创业板50ETF富国,SZSE,chinext-50,创业板50,190221172,-2000000,-1.0405,1.681,-3362000,ready
2026-09-08,159371,创业板50ETF富国,SZSE,chinext-50,创业板50,188221172,-2000000,-1.0514,1.663,-3326000,ready
2026-09-09,159371,创业板50ETF富国,SZSE,chinext-50,创业板50,188221172,0,0,1.661,0,ready
2026-09-10,159371,创业板50ETF富国,SZSE,chinext-50,创业板50,188221172,0,0,1.654,0,ready
2026-09-11,159371,创业板50ETF富国,SZSE,chinext-50,创业板50,186221172,-2000000,-1.0626,1.65,-3300000,ready
2026-09-14,159371,创业板50ETF富国,SZSE,chinext-50,创业板50,188221172,2000000,1.074,1.624,3248000,ready
2026-09-15,159371,创业板50ETF富国,SZSE,chinext-50,创业板50,190221172,2000000,1.0626,1.602,3204000,ready
2026-09-16,159371,创业板50ETF富国,SZSE,chinext-50,创业板50,192221172,2000000,1.0514,1.631,3262000,ready
2026-09-17,159371,创业板50ETF富国,SZSE,chinext-50,创业板50,192221172,0,0,1.622,0,ready
2026-09-01,159372,创业板50ETF万家,SZSE,chinext-50,创业板50,62451588,0,0,1.792,0,ready
2026-09-02,159372,创业板50ETF万家,SZSE,chinext-50,创业板50,63451588,1000000,1.6012,1.748,1748000,ready
2026-09-03,159372,创业板50ETF万家,SZSE,chinext-50,创业板50,63451588,0,0,1.746,0,ready
2026-09-04,159372,创业板50ETF万家,SZSE,chinext-50,创业板50,63451588,0,0,1.732,0,ready
2026-09-07,159372,创业板50ETF万家,SZSE,chinext-50,创业板50,61451588,-2000000,-3.152,1.797,-3594000,ready
2026-09-08,159372,创业板50ETF万家,SZSE,chinext-50,创业板50,62451588,1000000,1.6273,1.777,1777000,ready
2026-09-09,159372,创业板50ETF万家,SZSE,chinext-50,创业板50,62451588,0,0,1.778,0,ready
2026-09-10,159372,创业板50ETF万家,SZSE,chinext-50,创业板50,62451588,0,0,1.768,0,ready
2026-09-11,159372,创业板50ETF万家,SZSE,chinext-50,创业板50,62451588,0,0,1.761,0,ready
2026-09-14,159372,创业板50ETF万家,SZSE,chinext-50,创业板50,62451588,0,0,1.738,0,ready
2026-09-15,159372,创业板50ETF万家,SZSE,chinext-50,创业板50,62451588,0,0,1.711,0,ready
2026-09-16,159372,创业板50ETF万家,SZSE,chinext-50,创业板50,62451588,0,0,1.743,0,ready
2026-09-17,159372,创业板50ETF万家,SZSE,chinext-50,创业板50,62451588,0,0,1.734,0,ready
2026-09-01,159373,创业板50ETF嘉实,SZSE,chinext-50,创业板50,140557494,1000000,0.7166,1.712,1712000,ready
2026-09-02,159373,创业板50ETF嘉实,SZSE,chinext-50,创业板50,142557494,2000000,1.4229,1.667,3334000,ready
2026-09-03,159373,创业板50ETF嘉实,SZSE,chinext-50,创业板50,142557494,0,0,1.664,0,ready
2026-09-04,159373,创业板50ETF嘉实,SZSE,chinext-50,创业板50,145557494,3000000,2.1044,1.66,4980000,ready
2026-09-07,159373,创业板50ETF嘉实,SZSE,chinext-50,创业板50,145557494,0,0,1.715,0,ready
2026-09-08,159373,创业板50ETF嘉实,SZSE,chinext-50,创业板50,145557494,0,0,1.693,0,ready
2026-09-09,159373,创业板50ETF嘉实,SZSE,chinext-50,创业板50,144557494,-1000000,-0.687,1.694,-1694000,ready
2026-09-10,159373,创业板50ETF嘉实,SZSE,chinext-50,创业板50,144557494,0,0,1.686,0,ready
2026-09-11,159373,创业板50ETF嘉实,SZSE,chinext-50,创业板50,138557494,-6000000,-4.1506,1.68,-10080000,ready
2026-09-14,159373,创业板50ETF嘉实,SZSE,chinext-50,创业板50,139557494,1000000,0.7217,1.658,1658000,ready
2026-09-15,159373,创业板50ETF嘉实,SZSE,chinext-50,创业板50,139557494,0,0,1.63,0,ready
2026-09-16,159373,创业板50ETF嘉实,SZSE,chinext-50,创业板50,141557494,2000000,1.4331,1.663,3326000,ready
2026-09-17,159373,创业板50ETF嘉实,SZSE,chinext-50,创业板50,140557494,-1000000,-0.7064,1.654,-1654000,ready
2026-09-01,159375,创业板50ETF国泰,SZSE,chinext-50,创业板50,383595350,8000000,2.13,0.715,5720000,ready
2026-09-02,159375,创业板50ETF国泰,SZSE,chinext-50,创业板50,385595350,2000000,0.5214,0.7,1400000,ready
2026-09-03,159375,创业板50ETF国泰,SZSE,chinext-50,创业板50,387595350,2000000,0.5187,0.698,1396000,ready
2026-09-04,159375,创业板50ETF国泰,SZSE,chinext-50,创业板50,399595350,12000000,3.096,0.693,8316000,ready
2026-09-07,159375,创业板50ETF国泰,SZSE,chinext-50,创业板50,391595350,-8000000,-2.002,0.716,-5728000,ready
2026-09-08,159375,创业板50ETF国泰,SZSE,chinext-50,创业板50,389595350,-2000000,-0.5107,0.708,-1416000,ready
2026-09-09,159375,创业板50ETF国泰,SZSE,chinext-50,创业板50,389595350,0,0,0.708,0,ready
2026-09-10,159375,创业板50ETF国泰,SZSE,chinext-50,创业板50,389595350,0,0,0.704,0,ready
2026-09-11,159375,创业板50ETF国泰,SZSE,chinext-50,创业板50,401595350,12000000,3.0801,0.703,8436000,ready
2026-09-14,159375,创业板50ETF国泰,SZSE,chinext-50,创业板50,405595350,4000000,0.996,0.691,2764000,ready
2026-09-15,159375,创业板50ETF国泰,SZSE,chinext-50,创业板50,407595350,2000000,0.4931,0.681,1362000,ready
2026-09-16,159375,创业板50ETF国泰,SZSE,chinext-50,创业板50,411595350,4000000,0.9814,0.695,2780000,ready
2026-09-17,159375,创业板50ETF国泰,SZSE,chinext-50,创业板50,411595350,0,0,0.692,0,ready
2026-09-01,159376,A500ETF浦银,SZSE,csi-a500,中证A500,45922317,0,0,1.324,0,ready
2026-09-02,159376,A500ETF浦银,SZSE,csi-a500,中证A500,45922317,0,0,1.305,0,ready
2026-09-03,159376,A500ETF浦银,SZSE,csi-a500,中证A500,45922317,0,0,1.306,0,ready
2026-09-04,159376,A500ETF浦银,SZSE,csi-a500,中证A500,45922317,0,0,1.299,0,ready
2026-09-07,159376,A500ETF浦银,SZSE,csi-a500,中证A500,45922317,0,0,1.309,0,ready
2026-09-08,159376,A500ETF浦银,SZSE,csi-a500,中证A500,45922317,0,0,1.307,0,ready
2026-09-09,159376,A500ETF浦银,SZSE,csi-a500,中证A500,48922317,3000000,6.5328,1.313,3939000,ready
2026-09-10,159376,A500ETF浦银,SZSE,csi-a500,中证A500,48922317,0,0,1.304,0,ready
2026-09-11,159376,A500ETF浦银,SZSE,csi-a500,中证A500,48922317,0,0,1.288,0,ready
2026-09-14,159376,A500ETF浦银,SZSE,csi-a500,中证A500,48922317,0,0,1.282,0,ready
2026-09-15,159376,A500ETF浦银,SZSE,csi-a500,中证A500,48922317,0,0,1.276,0,ready
2026-09-16,159376,A500ETF浦银,SZSE,csi-a500,中证A500,48922317,0,0,1.29,0,ready
2026-09-17,159376,A500ETF浦银,SZSE,csi-a500,中证A500,48922317,0,0,1.283,0,ready
2026-09-01,159379,A500ETF融通,SZSE,csi-a500,中证A500,158821471,0,0,1.362,0,ready
2026-09-02,159379,A500ETF融通,SZSE,csi-a500,中证A500,158821471,0,0,1.343,0,ready
2026-09-03,159379,A500ETF融通,SZSE,csi-a500,中证A500,158821471,0,0,1.345,0,ready
2026-09-04,159379,A500ETF融通,SZSE,csi-a500,中证A500,158821471,0,0,1.337,0,ready
2026-09-07,159379,A500ETF融通,SZSE,csi-a500,中证A500,158821471,0,0,1.351,0,ready
2026-09-08,159379,A500ETF融通,SZSE,csi-a500,中证A500,158821471,0,0,1.346,0,ready
2026-09-09,159379,A500ETF融通,SZSE,csi-a500,中证A500,158821471,0,0,1.349,0,ready
2026-09-10,159379,A500ETF融通,SZSE,csi-a500,中证A500,158821471,0,0,1.342,0,ready
2026-09-11,159379,A500ETF融通,SZSE,csi-a500,中证A500,158821471,0,0,1.329,0,ready
2026-09-14,159379,A500ETF融通,SZSE,csi-a500,中证A500,158821471,0,0,1.32,0,ready
2026-09-15,159379,A500ETF融通,SZSE,csi-a500,中证A500,158821471,0,0,1.313,0,ready
2026-09-16,159379,A500ETF融通,SZSE,csi-a500,中证A500,158821471,0,0,1.326,0,ready
2026-09-17,159379,A500ETF融通,SZSE,csi-a500,中证A500,158821471,0,0,1.32,0,ready
2026-09-01,159380,A500ETF东财,SZSE,csi-a500,中证A500,157804337,0,0,1.36,0,ready
2026-09-02,159380,A500ETF东财,SZSE,csi-a500,中证A500,157804337,0,0,1.34,0,ready
2026-09-03,159380,A500ETF东财,SZSE,csi-a500,中证A500,157804337,0,0,1.34,0,ready
2026-09-04,159380,A500ETF东财,SZSE,csi-a500,中证A500,157804337,0,0,1.336,0,ready
2026-09-07,159380,A500ETF东财,SZSE,csi-a500,中证A500,157804337,0,0,1.343,0,ready
2026-09-08,159380,A500ETF东财,SZSE,csi-a500,中证A500,157804337,0,0,1.343,0,ready
2026-09-09,159380,A500ETF东财,SZSE,csi-a500,中证A500,157804337,0,0,1.345,0,ready
2026-09-10,159380,A500ETF东财,SZSE,csi-a500,中证A500,157804337,0,0,1.339,0,ready
2026-09-11,159380,A500ETF东财,SZSE,csi-a500,中证A500,157804337,0,0,1.324,0,ready
2026-09-14,159380,A500ETF东财,SZSE,csi-a500,中证A500,157804337,0,0,1.317,0,ready
2026-09-15,159380,A500ETF东财,SZSE,csi-a500,中证A500,157804337,0,0,1.312,0,ready
2026-09-16,159380,A500ETF东财,SZSE,csi-a500,中证A500,154804337,-3000000,-1.9011,1.322,-3966000,ready
2026-09-17,159380,A500ETF东财,SZSE,csi-a500,中证A500,154804337,0,0,1.318,0,ready
2026-09-01,159383,创业板50ETF华泰柏瑞,SZSE,chinext-50,创业板50,50092486,0,0,1.67,0,ready
2026-09-02,159383,创业板50ETF华泰柏瑞,SZSE,chinext-50,创业板50,51092486,1000000,1.9963,1.628,1628000,ready
2026-09-03,159383,创业板50ETF华泰柏瑞,SZSE,chinext-50,创业板50,51092486,0,0,1.627,0,ready
2026-09-04,159383,创业板50ETF华泰柏瑞,SZSE,chinext-50,创业板50,53092486,2000000,3.9145,1.616,3232000,ready
2026-09-07,159383,创业板50ETF华泰柏瑞,SZSE,chinext-50,创业板50,52092486,-1000000,-1.8835,1.675,-1675000,ready
2026-09-08,159383,创业板50ETF华泰柏瑞,SZSE,chinext-50,创业板50,51092486,-1000000,-1.9197,1.656,-1656000,ready
2026-09-09,159383,创业板50ETF华泰柏瑞,SZSE,chinext-50,创业板50,51092486,0,0,1.654,0,ready
2026-09-10,159383,创业板50ETF华泰柏瑞,SZSE,chinext-50,创业板50,52092486,1000000,1.9572,1.647,1647000,ready
2026-09-11,159383,创业板50ETF华泰柏瑞,SZSE,chinext-50,创业板50,51092486,-1000000,-1.9197,1.64,-1640000,ready
2026-09-14,159383,创业板50ETF华泰柏瑞,SZSE,chinext-50,创业板50,51092486,0,0,1.617,0,ready
2026-09-15,159383,创业板50ETF华泰柏瑞,SZSE,chinext-50,创业板50,51092486,0,0,1.593,0,ready
2026-09-16,159383,创业板50ETF华泰柏瑞,SZSE,chinext-50,创业板50,51092486,0,0,1.626,0,ready
2026-09-17,159383,创业板50ETF华泰柏瑞,SZSE,chinext-50,创业板50,51092486,0,0,1.618,0,ready
2026-09-01,159386,A500ETF永赢,SZSE,csi-a500,中证A500,60869559,0,0,1.284,0,ready
2026-09-02,159386,A500ETF永赢,SZSE,csi-a500,中证A500,57869559,-3000000,-4.9286,1.265,-3795000,ready
2026-09-03,159386,A500ETF永赢,SZSE,csi-a500,中证A500,57869559,0,0,1.266,0,ready
2026-09-04,159386,A500ETF永赢,SZSE,csi-a500,中证A500,57869559,0,0,1.262,0,ready
2026-09-07,159386,A500ETF永赢,SZSE,csi-a500,中证A500,57869559,0,0,1.27,0,ready
2026-09-08,159386,A500ETF永赢,SZSE,csi-a500,中证A500,60869559,3000000,5.1841,1.268,3804000,ready
2026-09-09,159386,A500ETF永赢,SZSE,csi-a500,中证A500,66869559,6000000,9.8571,1.271,7626000,ready
2026-09-10,159386,A500ETF永赢,SZSE,csi-a500,中证A500,69869559,3000000,4.4863,1.263,3789000,ready
2026-09-11,159386,A500ETF永赢,SZSE,csi-a500,中证A500,69869559,0,0,1.251,0,ready
2026-09-14,159386,A500ETF永赢,SZSE,csi-a500,中证A500,69869559,0,0,1.243,0,ready
2026-09-15,159386,A500ETF永赢,SZSE,csi-a500,中证A500,69869559,0,0,1.236,0,ready
2026-09-16,159386,A500ETF永赢,SZSE,csi-a500,中证A500,69869559,0,0,1.247,0,ready
2026-09-17,159386,A500ETF永赢,SZSE,csi-a500,中证A500,69869559,0,0,1.244,0,ready
2026-09-01,159390,中证A50ETF国联,SZSE,csi-a50,A50系列,109268771,0,0,1.247,0,ready
2026-09-02,159390,中证A50ETF国联,SZSE,csi-a50,A50系列,109268771,0,0,1.229,0,ready
2026-09-03,159390,中证A50ETF国联,SZSE,csi-a50,A50系列,109268771,0,0,1.232,0,ready
2026-09-04,159390,中证A50ETF国联,SZSE,csi-a50,A50系列,109268771,0,0,1.236,0,ready
2026-09-07,159390,中证A50ETF国联,SZSE,csi-a50,A50系列,109268771,0,0,1.241,0,ready
2026-09-08,159390,中证A50ETF国联,SZSE,csi-a50,A50系列,109268771,0,0,1.236,0,ready
2026-09-09,159390,中证A50ETF国联,SZSE,csi-a50,A50系列,109268771,0,0,1.238,0,ready
2026-09-10,159390,中证A50ETF国联,SZSE,csi-a50,A50系列,109268771,0,0,1.231,0,ready
2026-09-11,159390,中证A50ETF国联,SZSE,csi-a50,A50系列,109268771,0,0,1.219,0,ready
2026-09-14,159390,中证A50ETF国联,SZSE,csi-a50,A50系列,109268771,0,0,1.214,0,ready
2026-09-15,159390,中证A50ETF国联,SZSE,csi-a50,A50系列,109268771,0,0,1.198,0,ready
2026-09-16,159390,中证A50ETF国联,SZSE,csi-a50,A50系列,109268771,0,0,1.202,0,ready
2026-09-17,159390,中证A50ETF国联,SZSE,csi-a50,A50系列,109268771,0,0,1.197,0,ready
2026-09-01,159393,沪深300ETF万家,SZSE,csi-300,沪深300,89746342,-900000,-0.9929,4.969,-4472100,ready
2026-09-02,159393,沪深300ETF万家,SZSE,csi-300,沪深300,88846342,-900000,-1.0028,4.9,-4410000,ready
2026-09-03,159393,沪深300ETF万家,SZSE,csi-300,沪深300,88846342,0,0,4.906,0,ready
2026-09-04,159393,沪深300ETF万家,SZSE,csi-300,沪深300,89746342,900000,1.013,4.902,4411800,ready
2026-09-07,159393,沪深300ETF万家,SZSE,csi-300,沪深300,89746342,0,0,4.924,0,ready
2026-09-08,159393,沪深300ETF万家,SZSE,csi-300,沪深300,89746342,0,0,4.908,0,ready
2026-09-09,159393,沪深300ETF万家,SZSE,csi-300,沪深300,89746342,0,0,4.922,0,ready
2026-09-10,159393,沪深300ETF万家,SZSE,csi-300,沪深300,89746342,0,0,4.901,0,ready
2026-09-11,159393,沪深300ETF万家,SZSE,csi-300,沪深300,89746342,0,0,4.86,0,ready
2026-09-14,159393,沪深300ETF万家,SZSE,csi-300,沪深300,89746342,0,0,4.834,0,ready
2026-09-15,159393,沪深300ETF万家,SZSE,csi-300,沪深300,96046342,6300000,7.0198,4.802,30252600,ready
2026-09-16,159393,沪深300ETF万家,SZSE,csi-300,沪深300,96946342,900000,0.937,4.834,4350600,ready
2026-09-17,159393,沪深300ETF万家,SZSE,csi-300,沪深300,98746342,1800000,1.8567,4.817,8670600,ready
2026-09-01,159500,中证500ETF富国,SZSE,csi-500,中证500,207738865,-5600000,-2.6249,1.184,-6630400,ready
2026-09-02,159500,中证500ETF富国,SZSE,csi-500,中证500,210538865,2800000,1.3478,1.162,3253600,ready
2026-09-03,159500,中证500ETF富国,SZSE,csi-500,中证500,210538865,0,0,1.168,0,ready
2026-09-04,159500,中证500ETF富国,SZSE,csi-500,中证500,210538865,0,0,1.153,0,ready
2026-09-07,159500,中证500ETF富国,SZSE,csi-500,中证500,210538865,0,0,1.168,0,ready
2026-09-08,159500,中证500ETF富国,SZSE,csi-500,中证500,210538865,0,0,1.168,0,ready
2026-09-09,159500,中证500ETF富国,SZSE,csi-500,中证500,210538865,0,0,1.168,0,ready
2026-09-10,159500,中证500ETF富国,SZSE,csi-500,中证500,210538865,0,0,1.16,0,ready
2026-09-11,159500,中证500ETF富国,SZSE,csi-500,中证500,210538865,0,0,1.142,0,ready
2026-09-14,159500,中证500ETF富国,SZSE,csi-500,中证500,210538865,0,0,1.138,0,ready
2026-09-15,159500,中证500ETF富国,SZSE,csi-500,中证500,210538865,0,0,1.139,0,ready
2026-09-16,159500,中证500ETF富国,SZSE,csi-500,中证500,210538865,0,0,1.162,0,ready
2026-09-17,159500,中证500ETF富国,SZSE,csi-500,中证500,213338865,2800000,1.3299,1.155,3234000,ready
2026-09-01,159505,国证2000ETF博时,SZSE,csi-2000,中证/国证2000,19104786,0,0,1.614,0,ready
2026-09-02,159505,国证2000ETF博时,SZSE,csi-2000,中证/国证2000,19104786,0,0,1.591,0,ready
2026-09-03,159505,国证2000ETF博时,SZSE,csi-2000,中证/国证2000,19104786,0,0,1.599,0,ready
2026-09-04,159505,国证2000ETF博时,SZSE,csi-2000,中证/国证2000,19104786,0,0,1.581,0,ready
2026-09-07,159505,国证2000ETF博时,SZSE,csi-2000,中证/国证2000,19104786,0,0,1.611,0,ready
2026-09-08,159505,国证2000ETF博时,SZSE,csi-2000,中证/国证2000,18104786,-1000000,-5.2343,1.608,-1608000,ready
2026-09-09,159505,国证2000ETF博时,SZSE,csi-2000,中证/国证2000,18104786,0,0,1.606,0,ready
2026-09-10,159505,国证2000ETF博时,SZSE,csi-2000,中证/国证2000,18104786,0,0,1.583,0,ready
2026-09-11,159505,国证2000ETF博时,SZSE,csi-2000,中证/国证2000,17104786,-1000000,-5.5234,1.552,-1552000,ready
2026-09-14,159505,国证2000ETF博时,SZSE,csi-2000,中证/国证2000,17104786,0,0,1.568,0,ready
2026-09-15,159505,国证2000ETF博时,SZSE,csi-2000,中证/国证2000,17104786,0,0,1.562,0,ready
2026-09-16,159505,国证2000ETF博时,SZSE,csi-2000,中证/国证2000,17104786,0,0,1.601,0,ready
2026-09-17,159505,国证2000ETF博时,SZSE,csi-2000,中证/国证2000,17104786,0,0,1.586,0,ready
2026-09-01,159521,国证2000ETF平安,SZSE,csi-2000,中证/国证2000,18274435,0,0,1.275,0,ready
2026-09-02,159521,国证2000ETF平安,SZSE,csi-2000,中证/国证2000,18274435,0,0,1.266,0,ready
2026-09-03,159521,国证2000ETF平安,SZSE,csi-2000,中证/国证2000,18274435,0,0,1.268,0,ready
2026-09-04,159521,国证2000ETF平安,SZSE,csi-2000,中证/国证2000,18274435,0,0,1.249,0,ready
2026-09-07,159521,国证2000ETF平安,SZSE,csi-2000,中证/国证2000,18274435,0,0,1.273,0,ready
2026-09-08,159521,国证2000ETF平安,SZSE,csi-2000,中证/国证2000,18274435,0,0,1.266,0,ready
2026-09-09,159521,国证2000ETF平安,SZSE,csi-2000,中证/国证2000,18274435,0,0,1.266,0,ready
2026-09-10,159521,国证2000ETF平安,SZSE,csi-2000,中证/国证2000,18274435,0,0,1.256,0,ready
2026-09-11,159521,国证2000ETF平安,SZSE,csi-2000,中证/国证2000,18274435,0,0,1.224,0,ready
2026-09-14,159521,国证2000ETF平安,SZSE,csi-2000,中证/国证2000,18274435,0,0,1.238,0,ready
2026-09-15,159521,国证2000ETF平安,SZSE,csi-2000,中证/国证2000,18274435,0,0,1.236,0,ready
2026-09-16,159521,国证2000ETF平安,SZSE,csi-2000,中证/国证2000,18274435,0,0,1.267,0,ready
2026-09-17,159521,国证2000ETF平安,SZSE,csi-2000,中证/国证2000,18274435,0,0,1.274,0,ready
2026-09-01,159531,中证2000ETF南方,SZSE,csi-2000,中证/国证2000,1036608406,-12000000,-1.1444,1.479,-17748000,ready
2026-09-02,159531,中证2000ETF南方,SZSE,csi-2000,中证/国证2000,1016608406,-20000000,-1.9294,1.47,-29400000,ready
2026-09-03,159531,中证2000ETF南方,SZSE,csi-2000,中证/国证2000,1000608406,-16000000,-1.5739,1.472,-23552000,ready
2026-09-04,159531,中证2000ETF南方,SZSE,csi-2000,中证/国证2000,1014608406,14000000,1.3991,1.456,20384000,ready
2026-09-07,159531,中证2000ETF南方,SZSE,csi-2000,中证/国证2000,994608406,-20000000,-1.9712,1.48,-29600000,ready
2026-09-08,159531,中证2000ETF南方,SZSE,csi-2000,中证/国证2000,994608406,0,0,1.486,0,ready
2026-09-09,159531,中证2000ETF南方,SZSE,csi-2000,中证/国证2000,988608406,-6000000,-0.6033,1.479,-8874000,ready
2026-09-10,159531,中证2000ETF南方,SZSE,csi-2000,中证/国证2000,984608406,-4000000,-0.4046,1.457,-5828000,ready
2026-09-11,159531,中证2000ETF南方,SZSE,csi-2000,中证/国证2000,938608406,-46000000,-4.6719,1.437,-66102000,ready
2026-09-14,159531,中证2000ETF南方,SZSE,csi-2000,中证/国证2000,926608406,-12000000,-1.2785,1.448,-17376000,ready
2026-09-15,159531,中证2000ETF南方,SZSE,csi-2000,中证/国证2000,914608406,-12000000,-1.295,1.434,-17208000,ready
2026-09-16,159531,中证2000ETF南方,SZSE,csi-2000,中证/国证2000,930608406,16000000,1.7494,1.469,23504000,ready
2026-09-17,159531,中证2000ETF南方,SZSE,csi-2000,中证/国证2000,920608406,-10000000,-1.0746,1.469,-14690000,ready
2026-09-01,159532,中证2000ETF易方达,SZSE,csi-2000,中证/国证2000,161564791,0,0,1.669,0,ready
2026-09-02,159532,中证2000ETF易方达,SZSE,csi-2000,中证/国证2000,159564791,-2000000,-1.2379,1.657,-3314000,ready
2026-09-03,159532,中证2000ETF易方达,SZSE,csi-2000,中证/国证2000,159564791,0,0,1.661,0,ready
2026-09-04,159532,中证2000ETF易方达,SZSE,csi-2000,中证/国证2000,161564791,2000000,1.2534,1.645,3290000,ready
2026-09-07,159532,中证2000ETF易方达,SZSE,csi-2000,中证/国证2000,161564791,0,0,1.668,0,ready
2026-09-08,159532,中证2000ETF易方达,SZSE,csi-2000,中证/国证2000,161564791,0,0,1.679,0,ready
2026-09-09,159532,中证2000ETF易方达,SZSE,csi-2000,中证/国证2000,161564791,0,0,1.672,0,ready
2026-09-10,159532,中证2000ETF易方达,SZSE,csi-2000,中证/国证2000,161564791,0,0,1.648,0,ready
2026-09-11,159532,中证2000ETF易方达,SZSE,csi-2000,中证/国证2000,157564791,-4000000,-2.4758,1.618,-6472000,ready
2026-09-14,159532,中证2000ETF易方达,SZSE,csi-2000,中证/国证2000,157564791,0,0,1.638,0,ready
2026-09-15,159532,中证2000ETF易方达,SZSE,csi-2000,中证/国证2000,157564791,0,0,1.62,0,ready
2026-09-16,159532,中证2000ETF易方达,SZSE,csi-2000,中证/国证2000,153564791,-4000000,-2.5386,1.658,-6632000,ready
2026-09-17,159532,中证2000ETF易方达,SZSE,csi-2000,中证/国证2000,147564791,-6000000,-3.9071,1.66,-9960000,ready
2026-09-01,159533,中证2000ETF博时,SZSE,csi-2000,中证/国证2000,14458785,0,0,1.958,0,ready
2026-09-02,159533,中证2000ETF博时,SZSE,csi-2000,中证/国证2000,13458785,-1000000,-6.9162,1.945,-1945000,ready
2026-09-03,159533,中证2000ETF博时,SZSE,csi-2000,中证/国证2000,13458785,0,0,1.949,0,ready
2026-09-04,159533,中证2000ETF博时,SZSE,csi-2000,中证/国证2000,13458785,0,0,1.931,0,ready
2026-09-07,159533,中证2000ETF博时,SZSE,csi-2000,中证/国证2000,13458785,0,0,1.963,0,ready
2026-09-08,159533,中证2000ETF博时,SZSE,csi-2000,中证/国证2000,13458785,0,0,1.97,0,ready
2026-09-09,159533,中证2000ETF博时,SZSE,csi-2000,中证/国证2000,13458785,0,0,1.965,0,ready
2026-09-10,159533,中证2000ETF博时,SZSE,csi-2000,中证/国证2000,13458785,0,0,1.936,0,ready
2026-09-11,159533,中证2000ETF博时,SZSE,csi-2000,中证/国证2000,14458785,1000000,7.4301,1.897,1897000,ready
2026-09-14,159533,中证2000ETF博时,SZSE,csi-2000,中证/国证2000,14458785,0,0,1.917,0,ready
2026-09-15,159533,中证2000ETF博时,SZSE,csi-2000,中证/国证2000,14458785,0,0,1.897,0,ready
2026-09-16,159533,中证2000ETF博时,SZSE,csi-2000,中证/国证2000,14458785,0,0,1.942,0,ready
2026-09-17,159533,中证2000ETF博时,SZSE,csi-2000,中证/国证2000,14458785,0,0,1.942,0,ready
2026-09-01,159535,中证2000ETF嘉实,SZSE,csi-2000,中证/国证2000,25981088,0,0,1.516,0,ready
2026-09-02,159535,中证2000ETF嘉实,SZSE,csi-2000,中证/国证2000,25981088,0,0,1.508,0,ready
2026-09-03,159535,中证2000ETF嘉实,SZSE,csi-2000,中证/国证2000,25981088,0,0,1.508,0,ready
2026-09-04,159535,中证2000ETF嘉实,SZSE,csi-2000,中证/国证2000,23981088,-2000000,-7.6979,1.498,-2996000,ready
2026-09-07,159535,中证2000ETF嘉实,SZSE,csi-2000,中证/国证2000,23981088,0,0,1.521,0,ready
2026-09-08,159535,中证2000ETF嘉实,SZSE,csi-2000,中证/国证2000,23981088,0,0,1.527,0,ready
2026-09-09,159535,中证2000ETF嘉实,SZSE,csi-2000,中证/国证2000,21981088,-2000000,-8.3399,1.523,-3046000,ready
2026-09-10,159535,中证2000ETF嘉实,SZSE,csi-2000,中证/国证2000,21981088,0,0,1.502,0,ready
2026-09-11,159535,中证2000ETF嘉实,SZSE,csi-2000,中证/国证2000,19981088,-2000000,-9.0987,1.474,-2948000,ready
2026-09-14,159535,中证2000ETF嘉实,SZSE,csi-2000,中证/国证2000,19981088,0,0,1.493,0,ready
2026-09-15,159535,中证2000ETF嘉实,SZSE,csi-2000,中证/国证2000,19981088,0,0,1.48,0,ready
2026-09-16,159535,中证2000ETF嘉实,SZSE,csi-2000,中证/国证2000,19981088,0,0,1.51,0,ready
2026-09-17,159535,中证2000ETF嘉实,SZSE,csi-2000,中证/国证2000,19981088,0,0,1.511,0,ready
2026-09-01,159536,中证2000ETF汇添富,SZSE,csi-2000,中证/国证2000,55261589,4000000,7.8031,1.413,5652000,ready
2026-09-02,159536,中证2000ETF汇添富,SZSE,csi-2000,中证/国证2000,53261589,-2000000,-3.6192,1.404,-2808000,ready
2026-09-03,159536,中证2000ETF汇添富,SZSE,csi-2000,中证/国证2000,51261589,-2000000,-3.7551,1.41,-2820000,ready
2026-09-04,159536,中证2000ETF汇添富,SZSE,csi-2000,中证/国证2000,51261589,0,0,1.389,0,ready
2026-09-07,159536,中证2000ETF汇添富,SZSE,csi-2000,中证/国证2000,51261589,0,0,1.413,0,ready
2026-09-08,159536,中证2000ETF汇添富,SZSE,csi-2000,中证/国证2000,53261589,2000000,3.9016,1.416,2832000,ready
2026-09-09,159536,中证2000ETF汇添富,SZSE,csi-2000,中证/国证2000,51261589,-2000000,-3.7551,1.413,-2826000,ready
2026-09-10,159536,中证2000ETF汇添富,SZSE,csi-2000,中证/国证2000,51261589,0,0,1.393,0,ready
2026-09-11,159536,中证2000ETF汇添富,SZSE,csi-2000,中证/国证2000,49261589,-2000000,-3.9016,1.369,-2738000,ready
2026-09-14,159536,中证2000ETF汇添富,SZSE,csi-2000,中证/国证2000,47261589,-2000000,-4.06,1.384,-2768000,ready
2026-09-15,159536,中证2000ETF汇添富,SZSE,csi-2000,中证/国证2000,45261589,-2000000,-4.2318,1.372,-2744000,ready
2026-09-16,159536,中证2000ETF汇添富,SZSE,csi-2000,中证/国证2000,47261589,2000000,4.4188,1.403,2806000,ready
2026-09-17,159536,中证2000ETF汇添富,SZSE,csi-2000,中证/国证2000,47261589,0,0,1.406,0,ready
2026-09-01,159543,国证2000ETF工银,SZSE,csi-2000,中证/国证2000,42196551,0,0,1.503,0,ready
2026-09-02,159543,国证2000ETF工银,SZSE,csi-2000,中证/国证2000,42196551,0,0,1.503,0,ready
2026-09-03,159543,国证2000ETF工银,SZSE,csi-2000,中证/国证2000,42196551,0,0,1.507,0,ready
2026-09-04,159543,国证2000ETF工银,SZSE,csi-2000,中证/国证2000,42196551,0,0,1.486,0,ready
2026-09-07,159543,国证2000ETF工银,SZSE,csi-2000,中证/国证2000,42196551,0,0,1.512,0,ready
2026-09-08,159543,国证2000ETF工银,SZSE,csi-2000,中证/国证2000,42196551,0,0,1.516,0,ready
2026-09-09,159543,国证2000ETF工银,SZSE,csi-2000,中证/国证2000,42196551,0,0,1.505,0,ready
2026-09-10,159543,国证2000ETF工银,SZSE,csi-2000,中证/国证2000,42196551,0,0,1.492,0,ready
2026-09-11,159543,国证2000ETF工银,SZSE,csi-2000,中证/国证2000,42196551,0,0,1.448,0,ready
2026-09-14,159543,国证2000ETF工银,SZSE,csi-2000,中证/国证2000,42196551,0,0,1.467,0,ready
2026-09-15,159543,国证2000ETF工银,SZSE,csi-2000,中证/国证2000,42196551,0,0,1.45,0,ready
2026-09-16,159543,国证2000ETF工银,SZSE,csi-2000,中证/国证2000,42196551,0,0,1.486,0,ready
2026-09-17,159543,国证2000ETF工银,SZSE,csi-2000,中证/国证2000,42196551,0,0,1.49,0,ready
2026-09-01,159571,创业板200ETF富国,SZSE,chinext-200,创业板200,17981814,0,0,1.446,0,ready
2026-09-02,159571,创业板200ETF富国,SZSE,chinext-200,创业板200,19981814,2000000,11.1223,1.424,2848000,ready
2026-09-03,159571,创业板200ETF富国,SZSE,chinext-200,创业板200,19981814,0,0,1.424,0,ready
2026-09-04,159571,创业板200ETF富国,SZSE,chinext-200,创业板200,19981814,0,0,1.406,0,ready
2026-09-07,159571,创业板200ETF富国,SZSE,chinext-200,创业板200,19981814,0,0,1.438,0,ready
2026-09-08,159571,创业板200ETF富国,SZSE,chinext-200,创业板200,19981814,0,0,1.432,0,ready
2026-09-09,159571,创业板200ETF富国,SZSE,chinext-200,创业板200,19981814,0,0,1.426,0,ready
2026-09-10,159571,创业板200ETF富国,SZSE,chinext-200,创业板200,19981814,0,0,1.416,0,ready
2026-09-11,159571,创业板200ETF富国,SZSE,chinext-200,创业板200,19981814,0,0,1.38,0,ready
2026-09-14,159571,创业板200ETF富国,SZSE,chinext-200,创业板200,19981814,0,0,1.395,0,ready
2026-09-15,159571,创业板200ETF富国,SZSE,chinext-200,创业板200,19981814,0,0,1.394,0,ready
2026-09-16,159571,创业板200ETF富国,SZSE,chinext-200,创业板200,19981814,0,0,1.423,0,ready
2026-09-17,159571,创业板200ETF富国,SZSE,chinext-200,创业板200,19981814,0,0,1.422,0,ready
2026-09-01,159572,创业板200ETF易方达,SZSE,chinext-200,创业板200,187749107,-2000000,-1.054,1.45,-2900000,ready
2026-09-02,159572,创业板200ETF易方达,SZSE,chinext-200,创业板200,189749107,2000000,1.0653,1.426,2852000,ready
2026-09-03,159572,创业板200ETF易方达,SZSE,chinext-200,创业板200,187749107,-2000000,-1.054,1.432,-2864000,ready
2026-09-04,159572,创业板200ETF易方达,SZSE,chinext-200,创业板200,191749107,4000000,2.1305,1.415,5660000,ready
2026-09-07,159572,创业板200ETF易方达,SZSE,chinext-200,创业板200,189749107,-2000000,-1.043,1.446,-2892000,ready
2026-09-08,159572,创业板200ETF易方达,SZSE,chinext-200,创业板200,189749107,0,0,1.438,0,ready
2026-09-09,159572,创业板200ETF易方达,SZSE,chinext-200,创业板200,189749107,0,0,1.431,0,ready
2026-09-10,159572,创业板200ETF易方达,SZSE,chinext-200,创业板200,189749107,0,0,1.422,0,ready
2026-09-11,159572,创业板200ETF易方达,SZSE,chinext-200,创业板200,189749107,0,0,1.386,0,ready
2026-09-14,159572,创业板200ETF易方达,SZSE,chinext-200,创业板200,189749107,0,0,1.401,0,ready
2026-09-15,159572,创业板200ETF易方达,SZSE,chinext-200,创业板200,189749107,0,0,1.395,0,ready
2026-09-16,159572,创业板200ETF易方达,SZSE,chinext-200,创业板200,189749107,0,0,1.427,0,ready
2026-09-17,159572,创业板200ETF易方达,SZSE,chinext-200,创业板200,189749107,0,0,1.425,0,ready
2026-09-01,159573,创业板200ETF华夏,SZSE,chinext-200,创业板200,79456297,0,0,1.458,0,ready
2026-09-02,159573,创业板200ETF华夏,SZSE,chinext-200,创业板200,77456297,-2000000,-2.5171,1.438,-2876000,ready
2026-09-03,159573,创业板200ETF华夏,SZSE,chinext-200,创业板200,77456297,0,0,1.44,0,ready
2026-09-04,159573,创业板200ETF华夏,SZSE,chinext-200,创业板200,77456297,0,0,1.426,0,ready
2026-09-07,159573,创业板200ETF华夏,SZSE,chinext-200,创业板200,77456297,0,0,1.453,0,ready
2026-09-08,159573,创业板200ETF华夏,SZSE,chinext-200,创业板200,77456297,0,0,1.446,0,ready
2026-09-09,159573,创业板200ETF华夏,SZSE,chinext-200,创业板200,77456297,0,0,1.44,0,ready
2026-09-10,159573,创业板200ETF华夏,SZSE,chinext-200,创业板200,77456297,0,0,1.425,0,ready
2026-09-11,159573,创业板200ETF华夏,SZSE,chinext-200,创业板200,77456297,0,0,1.396,0,ready
2026-09-14,159573,创业板200ETF华夏,SZSE,chinext-200,创业板200,77456297,0,0,1.406,0,ready
2026-09-15,159573,创业板200ETF华夏,SZSE,chinext-200,创业板200,77456297,0,0,1.406,0,ready
2026-09-16,159573,创业板200ETF华夏,SZSE,chinext-200,创业板200,77456297,0,0,1.436,0,ready
2026-09-17,159573,创业板200ETF华夏,SZSE,chinext-200,创业板200,77456297,0,0,1.434,0,ready
2026-09-01,159575,创业板200ETF银华,SZSE,chinext-200,创业板200,11410425,0,0,1.417,0,ready
2026-09-02,159575,创业板200ETF银华,SZSE,chinext-200,创业板200,11410425,0,0,1.4,0,ready
2026-09-03,159575,创业板200ETF银华,SZSE,chinext-200,创业板200,9410425,-2000000,-17.5278,1.397,-2794000,ready
2026-09-04,159575,创业板200ETF银华,SZSE,chinext-200,创业板200,9410425,0,0,1.373,0,ready
2026-09-07,159575,创业板200ETF银华,SZSE,chinext-200,创业板200,9410425,0,0,1.407,0,ready
2026-09-08,159575,创业板200ETF银华,SZSE,chinext-200,创业板200,9410425,0,0,1.403,0,ready
2026-09-09,159575,创业板200ETF银华,SZSE,chinext-200,创业板200,9410425,0,0,1.397,0,ready
2026-09-10,159575,创业板200ETF银华,SZSE,chinext-200,创业板200,9410425,0,0,1.384,0,ready
2026-09-11,159575,创业板200ETF银华,SZSE,chinext-200,创业板200,9410425,0,0,1.358,0,ready
2026-09-14,159575,创业板200ETF银华,SZSE,chinext-200,创业板200,9410425,0,0,1.363,0,ready
2026-09-15,159575,创业板200ETF银华,SZSE,chinext-200,创业板200,9410425,0,0,1.365,0,ready
2026-09-16,159575,创业板200ETF银华,SZSE,chinext-200,创业板200,9410425,0,0,1.392,0,ready
2026-09-17,159575,创业板200ETF银华,SZSE,chinext-200,创业板200,9410425,0,0,1.394,0,ready
2026-09-01,159576,深证100ETF广发,SZSE,szse-100,深证100,37509612,0,0,1.529,0,ready
2026-09-02,159576,深证100ETF广发,SZSE,szse-100,深证100,37509612,0,0,1.506,0,ready
2026-09-03,159576,深证100ETF广发,SZSE,szse-100,深证100,37509612,0,0,1.497,0,ready
2026-09-04,159576,深证100ETF广发,SZSE,szse-100,深证100,37509612,0,0,1.496,0,ready
2026-09-07,159576,深证100ETF广发,SZSE,szse-100,深证100,37509612,0,0,1.525,0,ready
2026-09-08,159576,深证100ETF广发,SZSE,szse-100,深证100,37509612,0,0,1.508,0,ready
2026-09-09,159576,深证100ETF广发,SZSE,szse-100,深证100,37509612,0,0,1.513,0,ready
2026-09-10,159576,深证100ETF广发,SZSE,szse-100,深证100,37509612,0,0,1.5,0,ready
2026-09-11,159576,深证100ETF广发,SZSE,szse-100,深证100,37509612,0,0,1.494,0,ready
2026-09-14,159576,深证100ETF广发,SZSE,szse-100,深证100,37509612,0,0,1.478,0,ready
2026-09-15,159576,深证100ETF广发,SZSE,szse-100,深证100,52509612,15000000,39.9897,1.469,22035000,ready
2026-09-16,159576,深证100ETF广发,SZSE,szse-100,深证100,51009612,-1500000,-2.8566,1.479,-2218500,ready
2026-09-17,159576,深证100ETF广发,SZSE,szse-100,深证100,51009612,0,0,1.471,0,ready
2026-09-01,159591,A50ETF富国,SZSE,csi-a50,A50系列,330905682,0,0,1.381,0,ready
2026-09-02,159591,A50ETF富国,SZSE,csi-a50,A50系列,330905682,0,0,1.361,0,ready
2026-09-03,159591,A50ETF富国,SZSE,csi-a50,A50系列,330905682,0,0,1.366,0,ready
2026-09-04,159591,A50ETF富国,SZSE,csi-a50,A50系列,332405682,1500000,0.4533,1.372,2058000,ready
2026-09-07,159591,A50ETF富国,SZSE,csi-a50,A50系列,335405682,3000000,0.9025,1.375,4125000,ready
2026-09-08,159591,A50ETF富国,SZSE,csi-a50,A50系列,335405682,0,0,1.368,0,ready
2026-09-09,159591,A50ETF富国,SZSE,csi-a50,A50系列,335405682,0,0,1.369,0,ready
2026-09-10,159591,A50ETF富国,SZSE,csi-a50,A50系列,333905682,-1500000,-0.4472,1.361,-2041500,ready
2026-09-11,159591,A50ETF富国,SZSE,csi-a50,A50系列,329405682,-4500000,-1.3477,1.352,-6084000,ready
2026-09-14,159591,A50ETF富国,SZSE,csi-a50,A50系列,327905682,-1500000,-0.4554,1.346,-2019000,ready
2026-09-15,159591,A50ETF富国,SZSE,csi-a50,A50系列,327905682,0,0,1.327,0,ready
2026-09-16,159591,A50ETF富国,SZSE,csi-a50,A50系列,327905682,0,0,1.331,0,ready
2026-09-17,159591,A50ETF富国,SZSE,csi-a50,A50系列,327905682,0,0,1.326,0,ready
2026-09-01,159592,A50ETF银华,SZSE,csi-a50,A50系列,592310460,0,0,1.349,0,ready
2026-09-02,159592,A50ETF银华,SZSE,csi-a50,A50系列,596310460,4000000,0.6753,1.328,5312000,ready
2026-09-03,159592,A50ETF银华,SZSE,csi-a50,A50系列,594310460,-2000000,-0.3354,1.334,-2668000,ready
2026-09-04,159592,A50ETF银华,SZSE,csi-a50,A50系列,592310460,-2000000,-0.3365,1.339,-2678000,ready
2026-09-07,159592,A50ETF银华,SZSE,csi-a50,A50系列,592310460,0,0,1.344,0,ready
2026-09-08,159592,A50ETF银华,SZSE,csi-a50,A50系列,590310460,-2000000,-0.3377,1.337,-2674000,ready
2026-09-09,159592,A50ETF银华,SZSE,csi-a50,A50系列,590310460,0,0,1.34,0,ready
2026-09-10,159592,A50ETF银华,SZSE,csi-a50,A50系列,588310460,-2000000,-0.3388,1.331,-2662000,ready
2026-09-11,159592,A50ETF银华,SZSE,csi-a50,A50系列,588310460,0,0,1.319,0,ready
2026-09-14,159592,A50ETF银华,SZSE,csi-a50,A50系列,586310460,-2000000,-0.34,1.315,-2630000,ready
2026-09-15,159592,A50ETF银华,SZSE,csi-a50,A50系列,586310460,0,0,1.299,0,ready
2026-09-16,159592,A50ETF银华,SZSE,csi-a50,A50系列,584310460,-2000000,-0.3411,1.3,-2600000,ready
2026-09-17,159592,A50ETF银华,SZSE,csi-a50,A50系列,588310460,4000000,0.6846,1.297,5188000,ready
2026-09-01,159593,中证A50ETF平安,SZSE,csi-a50,A50系列,1856196040,-1500000,-0.0807,1.365,-2047500,ready
2026-09-02,159593,中证A50ETF平安,SZSE,csi-a50,A50系列,1856196040,0,0,1.346,0,ready
2026-09-03,159593,中证A50ETF平安,SZSE,csi-a50,A50系列,1856196040,0,0,1.349,0,ready
2026-09-04,159593,中证A50ETF平安,SZSE,csi-a50,A50系列,1851696040,-4500000,-0.2424,1.355,-6097500,ready
2026-09-07,159593,中证A50ETF平安,SZSE,csi-a50,A50系列,1853196040,1500000,0.081,1.359,2038500,ready
2026-09-08,159593,中证A50ETF平安,SZSE,csi-a50,A50系列,1853196040,0,0,1.353,0,ready
2026-09-09,159593,中证A50ETF平安,SZSE,csi-a50,A50系列,1853196040,0,0,1.354,0,ready
2026-09-10,159593,中证A50ETF平安,SZSE,csi-a50,A50系列,1859196040,6000000,0.3238,1.347,8082000,ready
2026-09-11,159593,中证A50ETF平安,SZSE,csi-a50,A50系列,1859196040,0,0,1.335,0,ready
2026-09-14,159593,中证A50ETF平安,SZSE,csi-a50,A50系列,1857696040,-1500000,-0.0807,1.33,-1995000,ready
2026-09-15,159593,中证A50ETF平安,SZSE,csi-a50,A50系列,1863696040,6000000,0.323,1.311,7866000,ready
2026-09-16,159593,中证A50ETF平安,SZSE,csi-a50,A50系列,1871196040,7500000,0.4024,1.315,9862500,ready
2026-09-17,159593,中证A50ETF平安,SZSE,csi-a50,A50系列,1869696040,-1500000,-0.0802,1.31,-1965000,ready
2026-09-01,159595,中证A50ETF大成,SZSE,csi-a50,A50系列,927113255,1000000,0.108,1.372,1372000,ready
2026-09-02,159595,中证A50ETF大成,SZSE,csi-a50,A50系列,927113255,0,0,1.354,0,ready
2026-09-03,159595,中证A50ETF大成,SZSE,csi-a50,A50系列,925113255,-2000000,-0.2157,1.355,-2710000,ready
2026-09-04,159595,中证A50ETF大成,SZSE,csi-a50,A50系列,919113255,-6000000,-0.6486,1.362,-8172000,ready
2026-09-07,159595,中证A50ETF大成,SZSE,csi-a50,A50系列,931113255,12000000,1.3056,1.363,16356000,ready
2026-09-08,159595,中证A50ETF大成,SZSE,csi-a50,A50系列,912113255,-19000000,-2.0406,1.359,-25821000,ready
2026-09-09,159595,中证A50ETF大成,SZSE,csi-a50,A50系列,912113255,0,0,1.361,0,ready
2026-09-10,159595,中证A50ETF大成,SZSE,csi-a50,A50系列,910113255,-2000000,-0.2193,1.353,-2706000,ready
2026-09-11,159595,中证A50ETF大成,SZSE,csi-a50,A50系列,907113255,-3000000,-0.3296,1.343,-4029000,ready
2026-09-14,159595,中证A50ETF大成,SZSE,csi-a50,A50系列,913113255,6000000,0.6614,1.338,8028000,ready
2026-09-15,159595,中证A50ETF大成,SZSE,csi-a50,A50系列,926113255,13000000,1.4237,1.323,17199000,ready
2026-09-16,159595,中证A50ETF大成,SZSE,csi-a50,A50系列,964113255,38000000,4.1032,1.321,50198000,ready
2026-09-17,159595,中证A50ETF大成,SZSE,csi-a50,A50系列,970113255,6000000,0.6223,1.319,7914000,ready
2026-09-01,159596,A50ETF华宝,SZSE,csi-a50,A50系列,518683040,3000000,0.5818,0.653,1959000,ready
2026-09-02,159596,A50ETF华宝,SZSE,csi-a50,A50系列,515683040,-3000000,-0.5784,0.644,-1932000,ready
2026-09-03,159596,A50ETF华宝,SZSE,csi-a50,A50系列,515683040,0,0,0.647,0,ready
2026-09-04,159596,A50ETF华宝,SZSE,csi-a50,A50系列,512683040,-3000000,-0.5818,0.65,-1950000,ready
2026-09-07,159596,A50ETF华宝,SZSE,csi-a50,A50系列,512683040,0,0,0.651,0,ready
2026-09-08,159596,A50ETF华宝,SZSE,csi-a50,A50系列,509683040,-3000000,-0.5852,0.648,-1944000,ready
2026-09-09,159596,A50ETF华宝,SZSE,csi-a50,A50系列,509683040,0,0,0.648,0,ready
2026-09-10,159596,A50ETF华宝,SZSE,csi-a50,A50系列,509683040,0,0,0.644,0,ready
2026-09-11,159596,A50ETF华宝,SZSE,csi-a50,A50系列,509683040,0,0,0.64,0,ready
2026-09-14,159596,A50ETF华宝,SZSE,csi-a50,A50系列,512683040,3000000,0.5886,0.638,1914000,ready
2026-09-15,159596,A50ETF华宝,SZSE,csi-a50,A50系列,512683040,0,0,0.63,0,ready
2026-09-16,159596,A50ETF华宝,SZSE,csi-a50,A50系列,518683040,6000000,1.1703,0.631,3786000,ready
2026-09-17,159596,A50ETF华宝,SZSE,csi-a50,A50系列,521683040,3000000,0.5784,0.629,1887000,ready
2026-09-01,159601,A50ETF华夏,SZSE,csi-a50,A50系列,1406388073,0,0,1.123,0,ready
2026-09-02,159601,A50ETF华夏,SZSE,csi-a50,A50系列,1401188073,-5200000,-0.3697,1.107,-5756400,ready
2026-09-03,159601,A50ETF华夏,SZSE,csi-a50,A50系列,1398588073,-2600000,-0.1856,1.108,-2880800,ready
2026-09-04,159601,A50ETF华夏,SZSE,csi-a50,A50系列,1398588073,0,0,1.113,0,ready
2026-09-07,159601,A50ETF华夏,SZSE,csi-a50,A50系列,1395988073,-2600000,-0.1859,1.119,-2909400,ready
2026-09-08,159601,A50ETF华夏,SZSE,csi-a50,A50系列,1395988073,0,0,1.114,0,ready
2026-09-09,159601,A50ETF华夏,SZSE,csi-a50,A50系列,1395988073,0,0,1.116,0,ready
2026-09-10,159601,A50ETF华夏,SZSE,csi-a50,A50系列,1395988073,0,0,1.111,0,ready
2026-09-11,159601,A50ETF华夏,SZSE,csi-a50,A50系列,1398588073,2600000,0.1862,1.103,2867800,ready
2026-09-14,159601,A50ETF华夏,SZSE,csi-a50,A50系列,1398588073,0,0,1.094,0,ready
2026-09-15,159601,A50ETF华夏,SZSE,csi-a50,A50系列,1398588073,0,0,1.084,0,ready
2026-09-16,159601,A50ETF华夏,SZSE,csi-a50,A50系列,1398588073,0,0,1.093,0,ready
2026-09-17,159601,A50ETF华夏,SZSE,csi-a50,A50系列,1395988073,-2600000,-0.1859,1.084,-2818400,ready
2026-09-01,159602,中国A50ETF南方,SZSE,csi-a50,A50系列,400542944,-2000000,-0.4968,1.089,-2178000,ready
2026-09-02,159602,中国A50ETF南方,SZSE,csi-a50,A50系列,400542944,0,0,1.074,0,ready
2026-09-03,159602,中国A50ETF南方,SZSE,csi-a50,A50系列,402542944,2000000,0.4993,1.076,2152000,ready
2026-09-04,159602,中国A50ETF南方,SZSE,csi-a50,A50系列,404542944,2000000,0.4968,1.077,2154000,ready
2026-09-07,159602,中国A50ETF南方,SZSE,csi-a50,A50系列,404542944,0,0,1.086,0,ready
2026-09-08,159602,中国A50ETF南方,SZSE,csi-a50,A50系列,404542944,0,0,1.085,0,ready
2026-09-09,159602,中国A50ETF南方,SZSE,csi-a50,A50系列,404542944,0,0,1.084,0,ready
2026-09-10,159602,中国A50ETF南方,SZSE,csi-a50,A50系列,402542944,-2000000,-0.4944,1.08,-2160000,ready
2026-09-11,159602,中国A50ETF南方,SZSE,csi-a50,A50系列,404542944,2000000,0.4968,1.07,2140000,ready
2026-09-14,159602,中国A50ETF南方,SZSE,csi-a50,A50系列,402542944,-2000000,-0.4944,1.065,-2130000,ready
2026-09-15,159602,中国A50ETF南方,SZSE,csi-a50,A50系列,404542944,2000000,0.4968,1.053,2106000,ready
2026-09-16,159602,中国A50ETF南方,SZSE,csi-a50,A50系列,402542944,-2000000,-0.4944,1.063,-2126000,ready
2026-09-17,159602,中国A50ETF南方,SZSE,csi-a50,A50系列,404542944,2000000,0.4968,1.055,2110000,ready
2026-09-01,159628,国证2000ETF万家,SZSE,csi-2000,中证/国证2000,323283250,0,0,1.398,0,ready
2026-09-02,159628,国证2000ETF万家,SZSE,csi-2000,中证/国证2000,320283250,-3000000,-0.928,1.382,-4146000,ready
2026-09-03,159628,国证2000ETF万家,SZSE,csi-2000,中证/国证2000,311283250,-9000000,-2.81,1.389,-12501000,ready
2026-09-04,159628,国证2000ETF万家,SZSE,csi-2000,中证/国证2000,314283250,3000000,0.9638,1.369,4107000,ready
2026-09-07,159628,国证2000ETF万家,SZSE,csi-2000,中证/国证2000,323283250,9000000,2.8637,1.389,12501000,ready
2026-09-08,159628,国证2000ETF万家,SZSE,csi-2000,中证/国证2000,323283250,0,0,1.397,0,ready
2026-09-09,159628,国证2000ETF万家,SZSE,csi-2000,中证/国证2000,323283250,0,0,1.393,0,ready
2026-09-10,159628,国证2000ETF万家,SZSE,csi-2000,中证/国证2000,326283250,3000000,0.928,1.375,4125000,ready
2026-09-11,159628,国证2000ETF万家,SZSE,csi-2000,中证/国证2000,320283250,-6000000,-1.8389,1.346,-8076000,ready
2026-09-14,159628,国证2000ETF万家,SZSE,csi-2000,中证/国证2000,311283250,-9000000,-2.81,1.358,-12222000,ready
2026-09-15,159628,国证2000ETF万家,SZSE,csi-2000,中证/国证2000,320283250,9000000,2.8913,1.348,12132000,ready
2026-09-16,159628,国证2000ETF万家,SZSE,csi-2000,中证/国证2000,326283250,6000000,1.8733,1.375,8250000,ready
2026-09-17,159628,国证2000ETF万家,SZSE,csi-2000,中证/国证2000,332283250,6000000,1.8389,1.374,8244000,ready
2026-09-01,159629,中证1000ETF富国,SZSE,csi-1000,中证1000,829252663,-94000000,-10.1814,3.218,-302492000,ready
2026-09-02,159629,中证1000ETF富国,SZSE,csi-1000,中证1000,825252663,-4000000,-0.4824,3.172,-12688000,ready
2026-09-03,159629,中证1000ETF富国,SZSE,csi-1000,中证1000,829252663,4000000,0.4847,3.175,12700000,ready
2026-09-04,159629,中证1000ETF富国,SZSE,csi-1000,中证1000,857252663,28000000,3.3765,3.138,87864000,ready
2026-09-07,159629,中证1000ETF富国,SZSE,csi-1000,中证1000,891252663,34000000,3.9662,3.192,108528000,ready
2026-09-08,159629,中证1000ETF富国,SZSE,csi-1000,中证1000,885252663,-6000000,-0.6732,3.199,-19194000,ready
2026-09-09,159629,中证1000ETF富国,SZSE,csi-1000,中证1000,865252663,-20000000,-2.2592,3.195,-63900000,ready
2026-09-10,159629,中证1000ETF富国,SZSE,csi-1000,中证1000,855252663,-10000000,-1.1557,3.176,-31760000,ready
2026-09-11,159629,中证1000ETF富国,SZSE,csi-1000,中证1000,821252663,-34000000,-3.9754,3.102,-105468000,ready
2026-09-14,159629,中证1000ETF富国,SZSE,csi-1000,中证1000,821252663,0,0,3.122,0,ready
2026-09-15,159629,中证1000ETF富国,SZSE,csi-1000,中证1000,817252663,-4000000,-0.4871,3.111,-12444000,ready
2026-09-16,159629,中证1000ETF富国,SZSE,csi-1000,中证1000,881252663,64000000,7.8311,3.176,203264000,ready
2026-09-17,159629,中证1000ETF富国,SZSE,csi-1000,中证1000,873252663,-8000000,-0.9078,3.158,-25264000,ready
2026-09-01,159633,中证1000ETF易方达,SZSE,csi-1000,中证1000,976162658,-86000000,-8.0967,3.29,-282940000,ready
2026-09-02,159633,中证1000ETF易方达,SZSE,csi-1000,中证1000,976162658,0,0,3.243,0,ready
2026-09-03,159633,中证1000ETF易方达,SZSE,csi-1000,中证1000,982162658,6000000,0.6147,3.254,19524000,ready
2026-09-04,159633,中证1000ETF易方达,SZSE,csi-1000,中证1000,1026162658,44000000,4.4799,3.212,141328000,ready
2026-09-07,159633,中证1000ETF易方达,SZSE,csi-1000,中证1000,1126162658,100000000,9.745,3.268,326800000,ready
2026-09-08,159633,中证1000ETF易方达,SZSE,csi-1000,中证1000,1068162658,-58000000,-5.1502,3.274,-189892000,ready
2026-09-09,159633,中证1000ETF易方达,SZSE,csi-1000,中证1000,1038162658,-30000000,-2.8086,3.269,-98070000,ready
2026-09-10,159633,中证1000ETF易方达,SZSE,csi-1000,中证1000,1020162658,-18000000,-1.7338,3.248,-58464000,ready
2026-09-11,159633,中证1000ETF易方达,SZSE,csi-1000,中证1000,958162658,-62000000,-6.0775,3.177,-196974000,ready
2026-09-14,159633,中证1000ETF易方达,SZSE,csi-1000,中证1000,964162658,6000000,0.6262,3.19,19140000,ready
2026-09-15,159633,中证1000ETF易方达,SZSE,csi-1000,中证1000,940162658,-24000000,-2.4892,3.183,-76392000,ready
2026-09-16,159633,中证1000ETF易方达,SZSE,csi-1000,中证1000,990162658,50000000,5.3182,3.247,162350000,ready
2026-09-17,159633,中证1000ETF易方达,SZSE,csi-1000,中证1000,1008162658,18000000,1.8179,3.231,58158000,ready
2026-09-01,159673,沪深300ETF鹏华,SZSE,csi-300,沪深300,1763528385,-6000000,-0.3391,1.288,-7728000,ready
2026-09-02,159673,沪深300ETF鹏华,SZSE,csi-300,沪深300,1761528385,-2000000,-0.1134,1.272,-2544000,ready
2026-09-03,159673,沪深300ETF鹏华,SZSE,csi-300,沪深300,1761528385,0,0,1.273,0,ready
2026-09-04,159673,沪深300ETF鹏华,SZSE,csi-300,沪深300,1771528385,10000000,0.5677,1.273,12730000,ready
2026-09-07,159673,沪深300ETF鹏华,SZSE,csi-300,沪深300,1765528385,-6000000,-0.3387,1.28,-7680000,ready
2026-09-08,159673,沪深300ETF鹏华,SZSE,csi-300,沪深300,1797528385,32000000,1.8125,1.275,40800000,ready
2026-09-09,159673,沪深300ETF鹏华,SZSE,csi-300,沪深300,1803528385,6000000,0.3338,1.279,7674000,ready
2026-09-10,159673,沪深300ETF鹏华,SZSE,csi-300,沪深300,1799528385,-4000000,-0.2218,1.273,-5092000,ready
2026-09-11,159673,沪深300ETF鹏华,SZSE,csi-300,沪深300,1803528385,4000000,0.2223,1.262,5048000,ready
2026-09-14,159673,沪深300ETF鹏华,SZSE,csi-300,沪深300,1831528385,28000000,1.5525,1.258,35224000,ready
2026-09-15,159673,沪深300ETF鹏华,SZSE,csi-300,沪深300,1829528385,-2000000,-0.1092,1.247,-2494000,ready
2026-09-16,159673,沪深300ETF鹏华,SZSE,csi-300,沪深300,1837528385,8000000,0.4373,1.254,10032000,ready
2026-09-17,159673,沪深300ETF鹏华,SZSE,csi-300,沪深300,1835528385,-2000000,-0.1088,1.25,-2500000,ready
2026-09-01,159681,创业板50ETF鹏华,SZSE,chinext-50,创业板50,1057772337,6000000,0.5705,1.57,9420000,ready
2026-09-02,159681,创业板50ETF鹏华,SZSE,chinext-50,创业板50,1067772337,10000000,0.9454,1.531,15310000,ready
2026-09-03,159681,创业板50ETF鹏华,SZSE,chinext-50,创业板50,1085772337,18000000,1.6858,1.532,27576000,ready
2026-09-04,159681,创业板50ETF鹏华,SZSE,chinext-50,创业板50,1093772337,8000000,0.7368,1.522,12176000,ready
2026-09-07,159681,创业板50ETF鹏华,SZSE,chinext-50,创业板50,1079772337,-14000000,-1.28,1.575,-22050000,ready
2026-09-08,159681,创业板50ETF鹏华,SZSE,chinext-50,创业板50,1061772337,-18000000,-1.667,1.559,-28062000,ready
2026-09-09,159681,创业板50ETF鹏华,SZSE,chinext-50,创业板50,1055772337,-6000000,-0.5651,1.557,-9342000,ready
2026-09-10,159681,创业板50ETF鹏华,SZSE,chinext-50,创业板50,1069772337,14000000,1.326,1.555,21770000,ready
2026-09-11,159681,创业板50ETF鹏华,SZSE,chinext-50,创业板50,1077772337,8000000,0.7478,1.549,12392000,ready
2026-09-14,159681,创业板50ETF鹏华,SZSE,chinext-50,创业板50,1071772337,-6000000,-0.5567,1.519,-9114000,ready
2026-09-15,159681,创业板50ETF鹏华,SZSE,chinext-50,创业板50,1103772337,32000000,2.9857,1.501,48032000,ready
2026-09-16,159681,创业板50ETF鹏华,SZSE,chinext-50,创业板50,1125772337,22000000,1.9932,1.529,33638000,ready
2026-09-17,159681,创业板50ETF鹏华,SZSE,chinext-50,创业板50,1161772337,36000000,3.1978,1.522,54792000,ready
2026-09-01,159682,创业板50ETF景顺,SZSE,chinext-50,创业板50,3327307670,43000000,1.3093,1.551,66693000,ready
2026-09-02,159682,创业板50ETF景顺,SZSE,chinext-50,创业板50,3362307670,35000000,1.0519,1.511,52885000,ready
2026-09-03,159682,创业板50ETF景顺,SZSE,chinext-50,创业板50,3377307670,15000000,0.4461,1.51,22650000,ready
2026-09-04,159682,创业板50ETF景顺,SZSE,chinext-50,创业板50,3406307670,29000000,0.8587,1.502,43558000,ready
2026-09-07,159682,创业板50ETF景顺,SZSE,chinext-50,创业板50,3332307670,-74000000,-2.1724,1.555,-115070000,ready
2026-09-08,159682,创业板50ETF景顺,SZSE,chinext-50,创业板50,3356307670,24000000,0.7202,1.538,36912000,ready
2026-09-09,159682,创业板50ETF景顺,SZSE,chinext-50,创业板50,3333307670,-23000000,-0.6853,1.537,-35351000,ready
2026-09-10,159682,创业板50ETF景顺,SZSE,chinext-50,创业板50,3364307670,31000000,0.93,1.534,47554000,ready
2026-09-11,159682,创业板50ETF景顺,SZSE,chinext-50,创业板50,3379307670,15000000,0.4459,1.526,22890000,ready
2026-09-14,159682,创业板50ETF景顺,SZSE,chinext-50,创业板50,3391307670,12000000,0.3551,1.502,18024000,ready
2026-09-15,159682,创业板50ETF景顺,SZSE,chinext-50,创业板50,3438307670,47000000,1.3859,1.48,69560000,ready
2026-09-16,159682,创业板50ETF景顺,SZSE,chinext-50,创业板50,3438307670,0,0,1.509,0,ready
2026-09-17,159682,创业板50ETF景顺,SZSE,chinext-50,创业板50,3418307670,-20000000,-0.5817,1.501,-30020000,ready
2026-09-01,159706,深证100ETF华安,SZSE,szse-100,深证100,40386800,0,0,0.919,0,ready
2026-09-02,159706,深证100ETF华安,SZSE,szse-100,深证100,40386800,0,0,0.903,0,ready
2026-09-03,159706,深证100ETF华安,SZSE,szse-100,深证100,40386800,0,0,0.901,0,ready
2026-09-04,159706,深证100ETF华安,SZSE,szse-100,深证100,40386800,0,0,0.896,0,ready
2026-09-07,159706,深证100ETF华安,SZSE,szse-100,深证100,40386800,0,0,0.917,0,ready
2026-09-08,159706,深证100ETF华安,SZSE,szse-100,深证100,40386800,0,0,0.907,0,ready
2026-09-09,159706,深证100ETF华安,SZSE,szse-100,深证100,40386800,0,0,0.912,0,ready
2026-09-10,159706,深证100ETF华安,SZSE,szse-100,深证100,40386800,0,0,0.907,0,ready
2026-09-11,159706,深证100ETF华安,SZSE,szse-100,深证100,40386800,0,0,0.899,0,ready
2026-09-14,159706,深证100ETF华安,SZSE,szse-100,深证100,40386800,0,0,0.889,0,ready
2026-09-15,159706,深证100ETF华安,SZSE,szse-100,深证100,40386800,0,0,0.88,0,ready
2026-09-16,159706,深证100ETF华安,SZSE,szse-100,深证100,40386800,0,0,0.888,0,ready
2026-09-17,159706,深证100ETF华安,SZSE,szse-100,深证100,40386800,0,0,0.886,0,ready
2026-09-01,159716,深证100ETF华宝,SZSE,szse-100,深证100,55666732,0,0,1.108,0,ready
2026-09-02,159716,深证100ETF华宝,SZSE,szse-100,深证100,55666732,0,0,1.086,0,ready
2026-09-03,159716,深证100ETF华宝,SZSE,szse-100,深证100,55666732,0,0,1.086,0,ready
2026-09-04,159716,深证100ETF华宝,SZSE,szse-100,深证100,55666732,0,0,1.08,0,ready
2026-09-07,159716,深证100ETF华宝,SZSE,szse-100,深证100,55666732,0,0,1.101,0,ready
2026-09-08,159716,深证100ETF华宝,SZSE,szse-100,深证100,55666732,0,0,1.098,0,ready
2026-09-09,159716,深证100ETF华宝,SZSE,szse-100,深证100,55666732,0,0,1.096,0,ready
2026-09-10,159716,深证100ETF华宝,SZSE,szse-100,深证100,55666732,0,0,1.088,0,ready
2026-09-11,159716,深证100ETF华宝,SZSE,szse-100,深证100,55666732,0,0,1.081,0,ready
2026-09-14,159716,深证100ETF华宝,SZSE,szse-100,深证100,55666732,0,0,1.071,0,ready
2026-09-15,159716,深证100ETF华宝,SZSE,szse-100,深证100,55666732,0,0,1.059,0,ready
2026-09-16,159716,深证100ETF华宝,SZSE,szse-100,深证100,55666732,0,0,1.068,0,ready
2026-09-17,159716,深证100ETF华宝,SZSE,szse-100,深证100,55666732,0,0,1.066,0,ready
2026-09-01,159721,深证100ETF永赢,SZSE,szse-100,深证100,67431696,0,0,1.045,0,ready
2026-09-02,159721,深证100ETF永赢,SZSE,szse-100,深证100,69431696,2000000,2.966,1.024,2048000,ready
2026-09-03,159721,深证100ETF永赢,SZSE,szse-100,深证100,69431696,0,0,1.023,0,ready
2026-09-04,159721,深证100ETF永赢,SZSE,szse-100,深证100,69431696,0,0,1.019,0,ready
2026-09-07,159721,深证100ETF永赢,SZSE,szse-100,深证100,69431696,0,0,1.038,0,ready
2026-09-08,159721,深证100ETF永赢,SZSE,szse-100,深证100,67431696,-2000000,-2.8805,1.031,-2062000,ready
2026-09-09,159721,深证100ETF永赢,SZSE,szse-100,深证100,67431696,0,0,1.037,0,ready
2026-09-10,159721,深证100ETF永赢,SZSE,szse-100,深证100,67431696,0,0,1.026,0,ready
2026-09-11,159721,深证100ETF永赢,SZSE,szse-100,深证100,67431696,0,0,1.022,0,ready
2026-09-14,159721,深证100ETF永赢,SZSE,szse-100,深证100,67431696,0,0,1.01,0,ready
2026-09-15,159721,深证100ETF永赢,SZSE,szse-100,深证100,67431696,0,0,0.999,0,ready
2026-09-16,159721,深证100ETF永赢,SZSE,szse-100,深证100,67431696,0,0,1.007,0,ready
2026-09-17,159721,深证100ETF永赢,SZSE,szse-100,深证100,67431696,0,0,1.005,0,ready
2026-09-01,159780,科创创业50ETF南方,SZSE,star-chinext-50,科创创业50,3584848583,18200000,0.5103,1.07,19474000,ready
2026-09-02,159780,科创创业50ETF南方,SZSE,star-chinext-50,科创创业50,3595248583,10400000,0.2901,1.047,10888800,ready
2026-09-03,159780,科创创业50ETF南方,SZSE,star-chinext-50,科创创业50,3608248583,13000000,0.3616,1.044,13572000,ready
2026-09-04,159780,科创创业50ETF南方,SZSE,star-chinext-50,科创创业50,3616048583,7800000,0.2162,1.034,8065200,ready
2026-09-07,159780,科创创业50ETF南方,SZSE,star-chinext-50,科创创业50,3634248583,18200000,0.5033,1.065,19383000,ready
2026-09-08,159780,科创创业50ETF南方,SZSE,star-chinext-50,科创创业50,3634248583,0,0,1.049,0,ready
2026-09-09,159780,科创创业50ETF南方,SZSE,star-chinext-50,科创创业50,3631648583,-2600000,-0.0715,1.046,-2719600,ready
2026-09-10,159780,科创创业50ETF南方,SZSE,star-chinext-50,科创创业50,3634248583,2600000,0.0716,1.039,2701400,ready
2026-09-11,159780,科创创业50ETF南方,SZSE,star-chinext-50,科创创业50,3642048583,7800000,0.2146,1.035,8073000,ready
2026-09-14,159780,科创创业50ETF南方,SZSE,star-chinext-50,科创创业50,3644648583,2600000,0.0714,1.015,2639000,ready
2026-09-15,159780,科创创业50ETF南方,SZSE,star-chinext-50,科创创业50,3649848583,5200000,0.1427,1.014,5272800,ready
2026-09-16,159780,科创创业50ETF南方,SZSE,star-chinext-50,科创创业50,3642048583,-7800000,-0.2137,1.048,-8174400,ready
2026-09-17,159780,科创创业50ETF南方,SZSE,star-chinext-50,科创创业50,3636848583,-5200000,-0.1428,1.042,-5418400,ready
2026-09-01,159782,双创50ETF银华,SZSE,star-chinext-50,科创创业50,579190267,3000000,0.5207,1.071,3213000,ready
2026-09-02,159782,双创50ETF银华,SZSE,star-chinext-50,科创创业50,582190267,3000000,0.518,1.052,3156000,ready
2026-09-03,159782,双创50ETF银华,SZSE,star-chinext-50,科创创业50,591190267,9000000,1.5459,1.047,9423000,ready
2026-09-04,159782,双创50ETF银华,SZSE,star-chinext-50,科创创业50,600190267,9000000,1.5224,1.038,9342000,ready
2026-09-07,159782,双创50ETF银华,SZSE,star-chinext-50,科创创业50,597190267,-3000000,-0.4998,1.067,-3201000,ready
2026-09-08,159782,双创50ETF银华,SZSE,star-chinext-50,科创创业50,594190267,-3000000,-0.5024,1.051,-3153000,ready
2026-09-09,159782,双创50ETF银华,SZSE,star-chinext-50,科创创业50,597190267,3000000,0.5049,1.051,3153000,ready
2026-09-10,159782,双创50ETF银华,SZSE,star-chinext-50,科创创业50,594190267,-3000000,-0.5024,1.043,-3129000,ready
2026-09-11,159782,双创50ETF银华,SZSE,star-chinext-50,科创创业50,597190267,3000000,0.5049,1.037,3111000,ready
2026-09-14,159782,双创50ETF银华,SZSE,star-chinext-50,科创创业50,597190267,0,0,1.019,0,ready
2026-09-15,159782,双创50ETF银华,SZSE,star-chinext-50,科创创业50,606190267,9000000,1.5071,1.018,9162000,ready
2026-09-16,159782,双创50ETF银华,SZSE,star-chinext-50,科创创业50,603190267,-3000000,-0.4949,1.049,-3147000,ready
2026-09-17,159782,双创50ETF银华,SZSE,star-chinext-50,科创创业50,600190267,-3000000,-0.4974,1.042,-3126000,ready
2026-09-01,159783,科创创业50ETF华夏,SZSE,star-chinext-50,科创创业50,5249059442,-2600000,-0.0495,1.075,-2795000,ready
2026-09-02,159783,科创创业50ETF华夏,SZSE,star-chinext-50,科创创业50,5334859442,85800000,1.6346,1.052,90261600,ready
2026-09-03,159783,科创创业50ETF华夏,SZSE,star-chinext-50,科创创业50,5360859442,26000000,0.4874,1.049,27274000,ready
2026-09-04,159783,科创创业50ETF华夏,SZSE,star-chinext-50,科创创业50,5389459442,28600000,0.5335,1.04,29744000,ready
2026-09-07,159783,科创创业50ETF华夏,SZSE,star-chinext-50,科创创业50,5392059442,2600000,0.0482,1.07,2782000,ready
2026-09-08,159783,科创创业50ETF华夏,SZSE,star-chinext-50,科创创业50,5360859442,-31200000,-0.5786,1.053,-32853600,ready
2026-09-09,159783,科创创业50ETF华夏,SZSE,star-chinext-50,科创创业50,5355659442,-5200000,-0.097,1.049,-5454800,ready
2026-09-10,159783,科创创业50ETF华夏,SZSE,star-chinext-50,科创创业50,5353059442,-2600000,-0.0485,1.043,-2711800,ready
2026-09-11,159783,科创创业50ETF华夏,SZSE,star-chinext-50,科创创业50,5360859442,7800000,0.1457,1.041,8119800,ready
2026-09-14,159783,科创创业50ETF华夏,SZSE,star-chinext-50,科创创业50,5381659442,20800000,0.388,1.021,21236800,ready
2026-09-15,159783,科创创业50ETF华夏,SZSE,star-chinext-50,科创创业50,5386859442,5200000,0.0966,1.02,5304000,ready
2026-09-16,159783,科创创业50ETF华夏,SZSE,star-chinext-50,科创创业50,5366059442,-20800000,-0.3861,1.051,-21860800,ready
2026-09-17,159783,科创创业50ETF华夏,SZSE,star-chinext-50,科创创业50,5347859442,-18200000,-0.3392,1.046,-19037200,ready
2026-09-01,159800,中证800ETF鹏华,SZSE,csi-800,中证800,26736802,0,0,1.431,0,ready
2026-09-02,159800,中证800ETF鹏华,SZSE,csi-800,中证800,26736802,0,0,1.408,0,ready
2026-09-03,159800,中证800ETF鹏华,SZSE,csi-800,中证800,26736802,0,0,1.413,0,ready
2026-09-04,159800,中证800ETF鹏华,SZSE,csi-800,中证800,26736802,0,0,1.403,0,ready
2026-09-07,159800,中证800ETF鹏华,SZSE,csi-800,中证800,26736802,0,0,1.413,0,ready
2026-09-08,159800,中证800ETF鹏华,SZSE,csi-800,中证800,26736802,0,0,1.414,0,ready
2026-09-09,159800,中证800ETF鹏华,SZSE,csi-800,中证800,26736802,0,0,1.419,0,ready
2026-09-10,159800,中证800ETF鹏华,SZSE,csi-800,中证800,26736802,0,0,1.41,0,ready
2026-09-11,159800,中证800ETF鹏华,SZSE,csi-800,中证800,26736802,0,0,1.395,0,ready
2026-09-14,159800,中证800ETF鹏华,SZSE,csi-800,中证800,26736802,0,0,1.385,0,ready
2026-09-15,159800,中证800ETF鹏华,SZSE,csi-800,中证800,26736802,0,0,1.377,0,ready
2026-09-16,159800,中证800ETF鹏华,SZSE,csi-800,中证800,26736802,0,0,1.389,0,ready
2026-09-17,159800,中证800ETF鹏华,SZSE,csi-800,中证800,26736802,0,0,1.384,0,ready
2026-09-01,159810,创业板ETF浦银,SZSE,chinext,创业板指,57475458,0,0,1.368,0,ready
2026-09-02,159810,创业板ETF浦银,SZSE,chinext,创业板指,57475458,0,0,1.336,0,ready
2026-09-03,159810,创业板ETF浦银,SZSE,chinext,创业板指,57475458,0,0,1.334,0,ready
2026-09-04,159810,创业板ETF浦银,SZSE,chinext,创业板指,58475458,1000000,1.7399,1.323,1323000,ready
2026-09-07,159810,创业板ETF浦银,SZSE,chinext,创业板指,57475458,-1000000,-1.7101,1.368,-1368000,ready
2026-09-08,159810,创业板ETF浦银,SZSE,chinext,创业板指,57475458,0,0,1.354,0,ready
2026-09-09,159810,创业板ETF浦银,SZSE,chinext,创业板指,57475458,0,0,1.351,0,ready
2026-09-10,159810,创业板ETF浦银,SZSE,chinext,创业板指,57475458,0,0,1.345,0,ready
2026-09-11,159810,创业板ETF浦银,SZSE,chinext,创业板指,57475458,0,0,1.339,0,ready
2026-09-14,159810,创业板ETF浦银,SZSE,chinext,创业板指,57475458,0,0,1.325,0,ready
2026-09-15,159810,创业板ETF浦银,SZSE,chinext,创业板指,57475458,0,0,1.317,0,ready
2026-09-16,159810,创业板ETF浦银,SZSE,chinext,创业板指,57475458,0,0,1.334,0,ready
2026-09-17,159810,创业板ETF浦银,SZSE,chinext,创业板指,57475458,0,0,1.33,0,ready
2026-09-01,159820,中证500ETF天弘,SZSE,csi-500,中证500,1356408470,0,0,1.368,0,ready
2026-09-02,159820,中证500ETF天弘,SZSE,csi-500,中证500,1353908470,-2500000,-0.1843,1.346,-3365000,ready
2026-09-03,159820,中证500ETF天弘,SZSE,csi-500,中证500,1353908470,0,0,1.35,0,ready
2026-09-04,159820,中证500ETF天弘,SZSE,csi-500,中证500,1353908470,0,0,1.333,0,ready
2026-09-07,159820,中证500ETF天弘,SZSE,csi-500,中证500,1353908470,0,0,1.351,0,ready
2026-09-08,159820,中证500ETF天弘,SZSE,csi-500,中证500,1353908470,0,0,1.355,0,ready
2026-09-09,159820,中证500ETF天弘,SZSE,csi-500,中证500,1353908470,0,0,1.353,0,ready
2026-09-10,159820,中证500ETF天弘,SZSE,csi-500,中证500,1353908470,0,0,1.343,0,ready
2026-09-11,159820,中证500ETF天弘,SZSE,csi-500,中证500,1353908470,0,0,1.321,0,ready
2026-09-14,159820,中证500ETF天弘,SZSE,csi-500,中证500,1353908470,0,0,1.318,0,ready
2026-09-15,159820,中证500ETF天弘,SZSE,csi-500,中证500,1353908470,0,0,1.318,0,ready
2026-09-16,159820,中证500ETF天弘,SZSE,csi-500,中证500,1356408470,2500000,0.1847,1.339,3347500,ready
2026-09-17,159820,中证500ETF天弘,SZSE,csi-500,中证500,1356408470,0,0,1.333,0,ready
2026-09-01,159821,创业板ETF中银证券,SZSE,chinext,创业板指,65920000,0,0,1.278,0,ready
2026-09-02,159821,创业板ETF中银证券,SZSE,chinext,创业板指,65920000,0,0,1.248,0,ready
2026-09-03,159821,创业板ETF中银证券,SZSE,chinext,创业板指,65920000,0,0,1.25,0,ready
2026-09-04,159821,创业板ETF中银证券,SZSE,chinext,创业板指,65920000,0,0,1.238,0,ready
2026-09-07,159821,创业板ETF中银证券,SZSE,chinext,创业板指,64620000,-1300000,-1.9721,1.281,-1665300,ready
2026-09-08,159821,创业板ETF中银证券,SZSE,chinext,创业板指,64620000,0,0,1.268,0,ready
2026-09-09,159821,创业板ETF中银证券,SZSE,chinext,创业板指,64620000,0,0,1.264,0,ready
2026-09-10,159821,创业板ETF中银证券,SZSE,chinext,创业板指,64620000,0,0,1.258,0,ready
2026-09-11,159821,创业板ETF中银证券,SZSE,chinext,创业板指,64620000,0,0,1.251,0,ready
2026-09-14,159821,创业板ETF中银证券,SZSE,chinext,创业板指,64620000,0,0,1.24,0,ready
2026-09-15,159821,创业板ETF中银证券,SZSE,chinext,创业板指,67220000,2600000,4.0235,1.226,3187600,ready
2026-09-16,159821,创业板ETF中银证券,SZSE,chinext,创业板指,65920000,-1300000,-1.9339,1.247,-1621100,ready
2026-09-17,159821,创业板ETF中银证券,SZSE,chinext,创业板指,65920000,0,0,1.243,0,ready
2026-09-01,159845,中证1000ETF华夏,SZSE,csi-1000,中证1000,1980425606,-153000000,-7.1716,3.204,-490212000,ready
2026-09-02,159845,中证1000ETF华夏,SZSE,csi-1000,中证1000,1896425606,-84000000,-4.2415,3.159,-265356000,ready
2026-09-03,159845,中证1000ETF华夏,SZSE,csi-1000,中证1000,1965425606,69000000,3.6384,3.16,218040000,ready
2026-09-04,159845,中证1000ETF华夏,SZSE,csi-1000,中证1000,2214425606,249000000,12.669,3.125,778125000,ready
2026-09-07,159845,中证1000ETF华夏,SZSE,csi-1000,中证1000,2499425606,285000000,12.8702,3.178,905730000,ready
2026-09-08,159845,中证1000ETF华夏,SZSE,csi-1000,中证1000,2433425606,-66000000,-2.6406,3.186,-210276000,ready
2026-09-09,159845,中证1000ETF华夏,SZSE,csi-1000,中证1000,2316425606,-117000000,-4.808,3.185,-372645000,ready
2026-09-10,159845,中证1000ETF华夏,SZSE,csi-1000,中证1000,2346425606,30000000,1.2951,3.162,94860000,ready
2026-09-11,159845,中证1000ETF华夏,SZSE,csi-1000,中证1000,2148425606,-198000000,-8.4384,3.092,-612216000,ready
2026-09-14,159845,中证1000ETF华夏,SZSE,csi-1000,中证1000,2085425606,-63000000,-2.9324,3.11,-195930000,ready
2026-09-15,159845,中证1000ETF华夏,SZSE,csi-1000,中证1000,2106425606,21000000,1.007,3.1,65100000,ready
2026-09-16,159845,中证1000ETF华夏,SZSE,csi-1000,中证1000,2505425606,399000000,18.942,3.161,1261239000,ready
2026-09-17,159845,中证1000ETF华夏,SZSE,csi-1000,中证1000,2490425606,-15000000,-0.5987,3.146,-47190000,ready
2026-09-01,159901,深证100ETF易方达,SZSE,szse-100,深证100,979934930,1400000,0.1431,3.579,5010600,ready
2026-09-02,159901,深证100ETF易方达,SZSE,szse-100,深证100,998134930,18200000,1.8573,3.505,63791000,ready
2026-09-03,159901,深证100ETF易方达,SZSE,szse-100,深证100,1010734930,12600000,1.2624,3.502,44125200,ready
2026-09-04,159901,深证100ETF易方达,SZSE,szse-100,深证100,1009334930,-1400000,-0.1385,3.49,-4886000,ready
2026-09-07,159901,深证100ETF易方达,SZSE,szse-100,深证100,1003734930,-5600000,-0.5548,3.557,-19919200,ready
2026-09-08,159901,深证100ETF易方达,SZSE,szse-100,深证100,1014234930,10500000,1.0461,3.526,37023000,ready
2026-09-09,159901,深证100ETF易方达,SZSE,szse-100,深证100,1007934930,-6300000,-0.6212,3.541,-22308300,ready
2026-09-10,159901,深证100ETF易方达,SZSE,szse-100,深证100,1023334930,15400000,1.5279,3.512,54084800,ready
2026-09-11,159901,深证100ETF易方达,SZSE,szse-100,深证100,1036634930,13300000,1.2997,3.495,46483500,ready
2026-09-14,159901,深证100ETF易方达,SZSE,szse-100,深证100,1050634930,14000000,1.3505,3.458,48412000,ready
2026-09-15,159901,深证100ETF易方达,SZSE,szse-100,深证100,1066034930,15400000,1.4658,3.42,52668000,ready
2026-09-16,159901,深证100ETF易方达,SZSE,szse-100,深证100,1073734930,7700000,0.7223,3.448,26549600,ready
2026-09-17,159901,深证100ETF易方达,SZSE,szse-100,深证100,1068834930,-4900000,-0.4564,3.44,-16856000,ready
2026-09-01,159902,中小100ETF华夏,SZSE,sme-100,中小100,76460849,500000,0.6582,4.581,2290500,ready
2026-09-02,159902,中小100ETF华夏,SZSE,sme-100,中小100,76460849,0,0,4.511,0,ready
2026-09-03,159902,中小100ETF华夏,SZSE,sme-100,中小100,76460849,0,0,4.51,0,ready
2026-09-04,159902,中小100ETF华夏,SZSE,sme-100,中小100,76460849,0,0,4.481,0,ready
2026-09-07,159902,中小100ETF华夏,SZSE,sme-100,中小100,75960849,-500000,-0.6539,4.54,-2270000,ready
2026-09-08,159902,中小100ETF华夏,SZSE,sme-100,中小100,75960849,0,0,4.533,0,ready
2026-09-09,159902,中小100ETF华夏,SZSE,sme-100,中小100,76460849,500000,0.6582,4.544,2272000,ready
2026-09-10,159902,中小100ETF华夏,SZSE,sme-100,中小100,76460849,0,0,4.502,0,ready
2026-09-11,159902,中小100ETF华夏,SZSE,sme-100,中小100,76460849,0,0,4.463,0,ready
2026-09-14,159902,中小100ETF华夏,SZSE,sme-100,中小100,75960849,-500000,-0.6539,4.427,-2213500,ready
2026-09-15,159902,中小100ETF华夏,SZSE,sme-100,中小100,75960849,0,0,4.417,0,ready
2026-09-16,159902,中小100ETF华夏,SZSE,sme-100,中小100,75460849,-500000,-0.6582,4.447,-2223500,ready
2026-09-17,159902,中小100ETF华夏,SZSE,sme-100,中小100,75460849,0,0,4.442,0,ready
2026-09-01,159903,深成ETF南方,SZSE,szse-component,深证成指,445154507,6000000,1.3663,1.698,10188000,ready
2026-09-02,159903,深成ETF南方,SZSE,szse-component,深证成指,457154507,12000000,2.6957,1.667,20004000,ready
2026-09-03,159903,深成ETF南方,SZSE,szse-component,深证成指,463154507,6000000,1.3125,1.669,10014000,ready
2026-09-04,159903,深成ETF南方,SZSE,szse-component,深证成指,469154507,6000000,1.2955,1.657,9942000,ready
2026-09-07,159903,深成ETF南方,SZSE,szse-component,深证成指,457154507,-12000000,-2.5578,1.685,-20220000,ready
2026-09-08,159903,深成ETF南方,SZSE,szse-component,深证成指,454154507,-3000000,-0.6562,1.677,-5031000,ready
2026-09-09,159903,深成ETF南方,SZSE,szse-component,深证成指,451154507,-3000000,-0.6606,1.679,-5037000,ready
2026-09-10,159903,深成ETF南方,SZSE,szse-component,深证成指,451154507,0,0,1.668,0,ready
2026-09-11,159903,深成ETF南方,SZSE,szse-component,深证成指,472154507,21000000,4.6547,1.65,34650000,ready
2026-09-14,159903,深成ETF南方,SZSE,szse-component,深证成指,475154507,3000000,0.6354,1.637,4911000,ready
2026-09-15,159903,深成ETF南方,SZSE,szse-component,深证成指,475154507,0,0,1.628,0,ready
2026-09-16,159903,深成ETF南方,SZSE,szse-component,深证成指,472154507,-3000000,-0.6314,1.647,-4941000,ready
2026-09-17,159903,深成ETF南方,SZSE,szse-component,深证成指,466154507,-6000000,-1.2708,1.643,-9858000,ready
2026-09-01,159907,国证2000ETF广发,SZSE,csi-2000,中证/国证2000,173197694,0,0,1.084,0,ready
2026-09-02,159907,国证2000ETF广发,SZSE,csi-2000,中证/国证2000,167197694,-6000000,-3.4642,1.068,-6408000,ready
2026-09-03,159907,国证2000ETF广发,SZSE,csi-2000,中证/国证2000,167197694,0,0,1.074,0,ready
2026-09-04,159907,国证2000ETF广发,SZSE,csi-2000,中证/国证2000,167197694,0,0,1.061,0,ready
2026-09-07,159907,国证2000ETF广发,SZSE,csi-2000,中证/国证2000,173197694,6000000,3.5886,1.079,6474000,ready
2026-09-08,159907,国证2000ETF广发,SZSE,csi-2000,中证/国证2000,173197694,0,0,1.085,0,ready
2026-09-09,159907,国证2000ETF广发,SZSE,csi-2000,中证/国证2000,173197694,0,0,1.089,0,ready
2026-09-10,159907,国证2000ETF广发,SZSE,csi-2000,中证/国证2000,173197694,0,0,1.073,0,ready
2026-09-11,159907,国证2000ETF广发,SZSE,csi-2000,中证/国证2000,179197694,6000000,3.4642,1.046,6276000,ready
2026-09-14,159907,国证2000ETF广发,SZSE,csi-2000,中证/国证2000,179197694,0,0,1.056,0,ready
2026-09-15,159907,国证2000ETF广发,SZSE,csi-2000,中证/国证2000,179197694,0,0,1.05,0,ready
2026-09-16,159907,国证2000ETF广发,SZSE,csi-2000,中证/国证2000,179197694,0,0,1.066,0,ready
2026-09-17,159907,国证2000ETF广发,SZSE,csi-2000,中证/国证2000,179197694,0,0,1.066,0,ready
2026-09-01,159908,创业板ETF博时,SZSE,chinext,创业板指,318229029,1000000,0.3152,3.19,3190000,ready
2026-09-02,159908,创业板ETF博时,SZSE,chinext,创业板指,321229029,3000000,0.9427,3.116,9348000,ready
2026-09-03,159908,创业板ETF博时,SZSE,chinext,创业板指,324229029,3000000,0.9339,3.109,9327000,ready
2026-09-04,159908,创业板ETF博时,SZSE,chinext,创业板指,326229029,2000000,0.6168,3.087,6174000,ready
2026-09-07,159908,创业板ETF博时,SZSE,chinext,创业板指,326229029,0,0,3.189,0,ready
2026-09-08,159908,创业板ETF博时,SZSE,chinext,创业板指,325229029,-1000000,-0.3065,3.158,-3158000,ready
2026-09-09,159908,创业板ETF博时,SZSE,chinext,创业板指,326229029,1000000,0.3075,3.148,3148000,ready
2026-09-10,159908,创业板ETF博时,SZSE,chinext,创业板指,325229029,-1000000,-0.3065,3.136,-3136000,ready
2026-09-11,159908,创业板ETF博时,SZSE,chinext,创业板指,325229029,0,0,3.121,0,ready
2026-09-14,159908,创业板ETF博时,SZSE,chinext,创业板指,326229029,1000000,0.3075,3.09,3090000,ready
2026-09-15,159908,创业板ETF博时,SZSE,chinext,创业板指,337229029,11000000,3.3719,3.055,33605000,ready
2026-09-16,159908,创业板ETF博时,SZSE,chinext,创业板指,365229029,28000000,8.303,3.115,87220000,ready
2026-09-17,159908,创业板ETF博时,SZSE,chinext,创业板指,365229029,0,0,3.102,0,ready
2026-09-01,159912,深300ETF汇添富,SZSE,szse-300,深证300,68448991,0,0,1.915,0,ready
2026-09-02,159912,深300ETF汇添富,SZSE,szse-300,深证300,68448991,0,0,1.88,0,ready
2026-09-03,159912,深300ETF汇添富,SZSE,szse-300,深证300,68448991,0,0,1.882,0,ready
2026-09-04,159912,深300ETF汇添富,SZSE,szse-300,深证300,70948991,2500000,3.6524,1.866,4665000,ready
2026-09-07,159912,深300ETF汇添富,SZSE,szse-300,深证300,70948991,0,0,1.899,0,ready
2026-09-08,159912,深300ETF汇添富,SZSE,szse-300,深证300,70948991,0,0,1.89,0,ready
2026-09-09,159912,深300ETF汇添富,SZSE,szse-300,深证300,70948991,0,0,1.893,0,ready
2026-09-10,159912,深300ETF汇添富,SZSE,szse-300,深证300,70948991,0,0,1.884,0,ready
2026-09-11,159912,深300ETF汇添富,SZSE,szse-300,深证300,68448991,-2500000,-3.5237,1.86,-4650000,ready
2026-09-14,159912,深300ETF汇添富,SZSE,szse-300,深证300,68448991,0,0,1.85,0,ready
2026-09-15,159912,深300ETF汇添富,SZSE,szse-300,深证300,68448991,0,0,1.84,0,ready
2026-09-16,159912,深300ETF汇添富,SZSE,szse-300,深证300,68448991,0,0,1.856,0,ready
2026-09-17,159912,深300ETF汇添富,SZSE,szse-300,深证300,68448991,0,0,1.848,0,ready
2026-09-01,159915,创业板ETF易方达,SZSE,chinext,创业板指,19044454936,128000000,0.6767,3.412,436736000,ready
2026-09-02,159915,创业板ETF易方达,SZSE,chinext,创业板指,19480454936,436000000,2.2894,3.335,1454060000,ready
2026-09-03,159915,创业板ETF易方达,SZSE,chinext,创业板指,19828454936,348000000,1.7864,3.33,1158840000,ready
2026-09-04,159915,创业板ETF易方达,SZSE,chinext,创业板指,20089454936,261000000,1.3163,3.305,862605000,ready
2026-09-07,159915,创业板ETF易方达,SZSE,chinext,创业板指,19291454936,-798000000,-3.9722,3.414,-2724372000,ready
2026-09-08,159915,创业板ETF易方达,SZSE,chinext,创业板指,19364454936,73000000,0.3784,3.376,246448000,ready
2026-09-09,159915,创业板ETF易方达,SZSE,chinext,创业板指,19356454936,-8000000,-0.0413,3.373,-26984000,ready
2026-09-10,159915,创业板ETF易方达,SZSE,chinext,创业板指,19448454936,92000000,0.4753,3.358,308936000,ready
2026-09-11,159915,创业板ETF易方达,SZSE,chinext,创业板指,19682454936,234000000,1.2032,3.341,781794000,ready
2026-09-14,159915,创业板ETF易方达,SZSE,chinext,创业板指,19778454936,96000000,0.4877,3.304,317184000,ready
2026-09-15,159915,创业板ETF易方达,SZSE,chinext,创业板指,20305454936,527000000,2.6645,3.268,1722236000,ready
2026-09-16,159915,创业板ETF易方达,SZSE,chinext,创业板指,20283454936,-22000000,-0.1083,3.33,-73260000,ready
2026-09-17,159915,创业板ETF易方达,SZSE,chinext,创业板指,19995454936,-288000000,-1.4199,3.319,-955872000,ready
2026-09-01,159919,沪深300ETF嘉实,SZSE,csi-300,沪深300,6230016676,-68400000,-1.086,4.889,-334407600,ready
2026-09-02,159919,沪深300ETF嘉实,SZSE,csi-300,沪深300,6226416676,-3600000,-0.0578,4.819,-17348400,ready
2026-09-03,159919,沪深300ETF嘉实,SZSE,csi-300,沪深300,6235416676,9000000,0.1445,4.824,43416000,ready
2026-09-04,159919,沪深300ETF嘉实,SZSE,csi-300,沪深300,6253416676,18000000,0.2887,4.82,86760000,ready
2026-09-07,159919,沪深300ETF嘉实,SZSE,csi-300,沪深300,6287616676,34200000,0.5469,4.843,165630600,ready
2026-09-08,159919,沪深300ETF嘉实,SZSE,csi-300,沪深300,6257016676,-30600000,-0.4867,4.828,-147736800,ready
2026-09-09,159919,沪深300ETF嘉实,SZSE,csi-300,沪深300,6247116676,-9900000,-0.1582,4.843,-47945700,ready
2026-09-10,159919,沪深300ETF嘉实,SZSE,csi-300,沪深300,6243516676,-3600000,-0.0576,4.822,-17359200,ready
2026-09-11,159919,沪深300ETF嘉实,SZSE,csi-300,沪深300,6262416676,18900000,0.3027,4.783,90398700,ready
2026-09-14,159919,沪深300ETF嘉实,SZSE,csi-300,沪深300,6311016676,48600000,0.7761,4.751,230898600,ready
2026-09-15,159919,沪深300ETF嘉实,SZSE,csi-300,沪深300,6337116676,26100000,0.4136,4.717,123113700,ready
2026-09-16,159919,沪深300ETF嘉实,SZSE,csi-300,沪深300,6341616676,4500000,0.071,4.749,21370500,ready
2026-09-17,159919,沪深300ETF嘉实,SZSE,csi-300,沪深300,6340716676,-900000,-0.0142,4.733,-4259700,ready
2026-09-01,159922,中证500ETF嘉实,SZSE,csi-500,中证500,2699676765,-89000000,-3.1915,3.196,-284444000,ready
2026-09-02,159922,中证500ETF嘉实,SZSE,csi-500,中证500,2677676765,-22000000,-0.8149,3.14,-69080000,ready
2026-09-03,159922,中证500ETF嘉实,SZSE,csi-500,中证500,2699676765,22000000,0.8216,3.158,69476000,ready
2026-09-04,159922,中证500ETF嘉实,SZSE,csi-500,中证500,2688676765,-11000000,-0.4075,3.112,-34232000,ready
2026-09-07,159922,中证500ETF嘉实,SZSE,csi-500,中证500,2796676765,108000000,4.0168,3.155,340740000,ready
2026-09-08,159922,中证500ETF嘉实,SZSE,csi-500,中证500,2768676765,-28000000,-1.0012,3.162,-88536000,ready
2026-09-09,159922,中证500ETF嘉实,SZSE,csi-500,中证500,2766676765,-2000000,-0.0722,3.154,-6308000,ready
2026-09-10,159922,中证500ETF嘉实,SZSE,csi-500,中证500,2744676765,-22000000,-0.7952,3.139,-69058000,ready
2026-09-11,159922,中证500ETF嘉实,SZSE,csi-500,中证500,2636676765,-108000000,-3.9349,3.085,-333180000,ready
2026-09-14,159922,中证500ETF嘉实,SZSE,csi-500,中证500,2635676765,-1000000,-0.0379,3.079,-3079000,ready
2026-09-15,159922,中证500ETF嘉实,SZSE,csi-500,中证500,2664676765,29000000,1.1003,3.079,89291000,ready
2026-09-16,159922,中证500ETF嘉实,SZSE,csi-500,中证500,2819676765,155000000,5.8168,3.125,484375000,ready
2026-09-17,159922,中证500ETF嘉实,SZSE,csi-500,中证500,2804676765,-15000000,-0.532,3.117,-46755000,ready
2026-09-01,159925,沪深300ETF南方,SZSE,csi-300,沪深300,615020856,-22500000,-3.5293,4.755,-106987500,ready
2026-09-02,159925,沪深300ETF南方,SZSE,csi-300,沪深300,607820856,-7200000,-1.1707,4.695,-33804000,ready
2026-09-03,159925,沪深300ETF南方,SZSE,csi-300,沪深300,608720856,900000,0.1481,4.694,4224600,ready
2026-09-04,159925,沪深300ETF南方,SZSE,csi-300,沪深300,613220856,4500000,0.7393,4.707,21181500,ready
2026-09-07,159925,沪深300ETF南方,SZSE,csi-300,沪深300,615020856,1800000,0.2935,4.714,8485200,ready
2026-09-08,159925,沪深300ETF南方,SZSE,csi-300,沪深300,613220856,-1800000,-0.2927,4.701,-8461800,ready
2026-09-09,159925,沪深300ETF南方,SZSE,csi-300,沪深300,612320856,-900000,-0.1468,4.71,-4239000,ready
2026-09-10,159925,沪深300ETF南方,SZSE,csi-300,沪深300,608720856,-3600000,-0.5879,4.698,-16912800,ready
2026-09-11,159925,沪深300ETF南方,SZSE,csi-300,沪深300,602420856,-6300000,-1.035,4.656,-29332800,ready
2026-09-14,159925,沪深300ETF南方,SZSE,csi-300,沪深300,601520856,-900000,-0.1494,4.629,-4166100,ready
2026-09-15,159925,沪深300ETF南方,SZSE,csi-300,沪深300,606020856,4500000,0.7481,4.593,20668500,ready
2026-09-16,159925,沪深300ETF南方,SZSE,csi-300,沪深300,606020856,0,0,4.623,0,ready
2026-09-17,159925,沪深300ETF南方,SZSE,csi-300,沪深300,606020856,0,0,4.607,0,ready
2026-09-01,159935,中证500ETF景顺,SZSE,csi-500,中证500,25572956,-1000000,-3.7632,2.484,-2484000,ready
2026-09-02,159935,中证500ETF景顺,SZSE,csi-500,中证500,24572956,-1000000,-3.9104,2.441,-2441000,ready
2026-09-03,159935,中证500ETF景顺,SZSE,csi-500,中证500,24572956,0,0,2.452,0,ready
2026-09-04,159935,中证500ETF景顺,SZSE,csi-500,中证500,24572956,0,0,2.419,0,ready
2026-09-07,159935,中证500ETF景顺,SZSE,csi-500,中证500,24572956,0,0,2.448,0,ready
2026-09-08,159935,中证500ETF景顺,SZSE,csi-500,中证500,24572956,0,0,2.454,0,ready
2026-09-09,159935,中证500ETF景顺,SZSE,csi-500,中证500,24572956,0,0,2.453,0,ready
2026-09-10,159935,中证500ETF景顺,SZSE,csi-500,中证500,24572956,0,0,2.444,0,ready
2026-09-11,159935,中证500ETF景顺,SZSE,csi-500,中证500,24572956,0,0,2.395,0,ready
2026-09-14,159935,中证500ETF景顺,SZSE,csi-500,中证500,25572956,1000000,4.0695,2.394,2394000,ready
2026-09-15,159935,中证500ETF景顺,SZSE,csi-500,中证500,25572956,0,0,2.392,0,ready
2026-09-16,159935,中证500ETF景顺,SZSE,csi-500,中证500,25572956,0,0,2.432,0,ready
2026-09-17,159935,中证500ETF景顺,SZSE,csi-500,中证500,25572956,0,0,2.416,0,ready
2026-09-01,159943,深证成指ETF大成,SZSE,szse-component,深证成指,200229922,0,0,1.535,0,ready
2026-09-02,159943,深证成指ETF大成,SZSE,szse-component,深证成指,200229922,0,0,1.511,0,ready
2026-09-03,159943,深证成指ETF大成,SZSE,szse-component,深证成指,203229922,3000000,1.4983,1.51,4530000,ready
2026-09-04,159943,深证成指ETF大成,SZSE,szse-component,深证成指,209229922,6000000,2.9523,1.498,8988000,ready
2026-09-07,159943,深证成指ETF大成,SZSE,szse-component,深证成指,203229922,-6000000,-2.8677,1.524,-9144000,ready
2026-09-08,159943,深证成指ETF大成,SZSE,szse-component,深证成指,203229922,0,0,1.518,0,ready
2026-09-09,159943,深证成指ETF大成,SZSE,szse-component,深证成指,203229922,0,0,1.518,0,ready
2026-09-10,159943,深证成指ETF大成,SZSE,szse-component,深证成指,203229922,0,0,1.51,0,ready
2026-09-11,159943,深证成指ETF大成,SZSE,szse-component,深证成指,212229922,9000000,4.4285,1.495,13455000,ready
2026-09-14,159943,深证成指ETF大成,SZSE,szse-component,深证成指,212229922,0,0,1.484,0,ready
2026-09-15,159943,深证成指ETF大成,SZSE,szse-component,深证成指,218229922,6000000,2.8271,1.476,8856000,ready
2026-09-16,159943,深证成指ETF大成,SZSE,szse-component,深证成指,215229922,-3000000,-1.3747,1.489,-4467000,ready
2026-09-17,159943,深证成指ETF大成,SZSE,szse-component,深证成指,215229922,0,0,1.485,0,ready
2026-09-01,159948,创业板ETF南方,SZSE,chinext,创业板指,1181697720,5000000,0.4249,3.769,18845000,ready
2026-09-02,159948,创业板ETF南方,SZSE,chinext,创业板指,1182697720,1000000,0.0846,3.679,3679000,ready
2026-09-03,159948,创业板ETF南方,SZSE,chinext,创业板指,1185697720,3000000,0.2537,3.68,11040000,ready
2026-09-04,159948,创业板ETF南方,SZSE,chinext,创业板指,1189697720,4000000,0.3374,3.65,14600000,ready
2026-09-07,159948,创业板ETF南方,SZSE,chinext,创业板指,1177697720,-12000000,-1.0087,3.769,-45228000,ready
2026-09-08,159948,创业板ETF南方,SZSE,chinext,创业板指,1171697720,-6000000,-0.5095,3.73,-22380000,ready
2026-09-09,159948,创业板ETF南方,SZSE,chinext,创业板指,1171697720,0,0,3.725,0,ready
2026-09-10,159948,创业板ETF南方,SZSE,chinext,创业板指,1175697720,4000000,0.3414,3.707,14828000,ready
2026-09-11,159948,创业板ETF南方,SZSE,chinext,创业板指,1172697720,-3000000,-0.2552,3.693,-11079000,ready
2026-09-14,159948,创业板ETF南方,SZSE,chinext,创业板指,1171697720,-1000000,-0.0853,3.649,-3649000,ready
2026-09-15,159948,创业板ETF南方,SZSE,chinext,创业板指,1174697720,3000000,0.256,3.616,10848000,ready
2026-09-16,159948,创业板ETF南方,SZSE,chinext,创业板指,1163697720,-11000000,-0.9364,3.677,-40447000,ready
2026-09-17,159948,创业板ETF南方,SZSE,chinext,创业板指,1166697720,3000000,0.2578,3.662,10986000,ready
2026-09-01,159949,创业板50ETF华安,SZSE,chinext-50,创业板50,15594785113,79000000,0.5092,1.594,125926000,ready
2026-09-02,159949,创业板50ETF华安,SZSE,chinext-50,创业板50,15526785113,-68000000,-0.436,1.553,-105604000,ready
2026-09-03,159949,创业板50ETF华安,SZSE,chinext-50,创业板50,15519785113,-7000000,-0.0451,1.551,-10857000,ready
2026-09-04,159949,创业板50ETF华安,SZSE,chinext-50,创业板50,15514785113,-5000000,-0.0322,1.543,-7715000,ready
2026-09-07,159949,创业板50ETF华安,SZSE,chinext-50,创业板50,15388785113,-126000000,-0.8121,1.6,-201600000,ready
2026-09-08,159949,创业板50ETF华安,SZSE,chinext-50,创业板50,15523785113,135000000,0.8773,1.581,213435000,ready
2026-09-09,159949,创业板50ETF华安,SZSE,chinext-50,创业板50,15464785113,-59000000,-0.3801,1.579,-93161000,ready
2026-09-10,159949,创业板50ETF华安,SZSE,chinext-50,创业板50,15602785113,138000000,0.8923,1.58,218040000,ready
2026-09-11,159949,创业板50ETF华安,SZSE,chinext-50,创业板50,15750785113,148000000,0.9485,1.566,231768000,ready
2026-09-14,159949,创业板50ETF华安,SZSE,chinext-50,创业板50,15825785113,75000000,0.4762,1.542,115650000,ready
2026-09-15,159949,创业板50ETF华安,SZSE,chinext-50,创业板50,16128785113,303000000,1.9146,1.519,460257000,ready
2026-09-16,159949,创业板50ETF华安,SZSE,chinext-50,创业板50,16151785113,23000000,0.1426,1.55,35650000,ready
2026-09-17,159949,创业板50ETF华安,SZSE,chinext-50,创业板50,16050785113,-101000000,-0.6253,1.543,-155843000,ready
2026-09-01,159952,创业板ETF广发,SZSE,chinext,创业板指,5526184929,102000000,1.8805,2.071,211242000,ready
2026-09-02,159952,创业板ETF广发,SZSE,chinext,创业板指,5480284929,-45900000,-0.8306,2.023,-92855700,ready
2026-09-03,159952,创业板ETF广发,SZSE,chinext,创业板指,5510884929,30600000,0.5584,2.022,61873200,ready
2026-09-04,159952,创业板ETF广发,SZSE,chinext,创业板指,5621384929,110500000,2.0051,2.008,221884000,ready
2026-09-07,159952,创业板ETF广发,SZSE,chinext,创业板指,5558484929,-62900000,-1.1189,2.073,-130391700,ready
2026-09-08,159952,创业板ETF广发,SZSE,chinext,创业板指,5515984929,-42500000,-0.7646,2.051,-87167500,ready
2026-09-09,159952,创业板ETF广发,SZSE,chinext,创业板指,5471784929,-44200000,-0.8013,2.049,-90565800,ready
2026-09-10,159952,创业板ETF广发,SZSE,chinext,创业板指,5515984929,44200000,0.8078,2.039,90123800,ready
2026-09-11,159952,创业板ETF广发,SZSE,chinext,创业板指,5631584929,115600000,2.0957,2.027,234321200,ready
2026-09-14,159952,创业板ETF广发,SZSE,chinext,创业板指,5590784929,-40800000,-0.7245,2.007,-81885600,ready
2026-09-15,159952,创业板ETF广发,SZSE,chinext,创业板指,5747184929,156400000,2.7975,1.984,310297600,ready
2026-09-16,159952,创业板ETF广发,SZSE,chinext,创业板指,5772684929,25500000,0.4437,2.022,51561000,ready
2026-09-17,159952,创业板ETF广发,SZSE,chinext,创业板指,5600984929,-171700000,-2.9744,2.014,-345803800,ready
2026-09-01,159956,创业板ETF建信,SZSE,chinext,创业板指,47978674,0,0,2.162,0,ready
2026-09-02,159956,创业板ETF建信,SZSE,chinext,创业板指,47978674,0,0,2.113,0,ready
2026-09-03,159956,创业板ETF建信,SZSE,chinext,创业板指,48978674,1000000,2.0843,2.11,2110000,ready
2026-09-04,159956,创业板ETF建信,SZSE,chinext,创业板指,49978674,1000000,2.0417,2.1,2100000,ready
2026-09-07,159956,创业板ETF建信,SZSE,chinext,创业板指,48978674,-1000000,-2.0009,2.162,-2162000,ready
2026-09-08,159956,创业板ETF建信,SZSE,chinext,创业板指,48978674,0,0,2.138,0,ready
2026-09-09,159956,创业板ETF建信,SZSE,chinext,创业板指,48978674,0,0,2.134,0,ready
2026-09-10,159956,创业板ETF建信,SZSE,chinext,创业板指,48978674,0,0,2.125,0,ready
2026-09-11,159956,创业板ETF建信,SZSE,chinext,创业板指,48978674,0,0,2.115,0,ready
2026-09-14,159956,创业板ETF建信,SZSE,chinext,创业板指,48978674,0,0,2.094,0,ready
2026-09-15,159956,创业板ETF建信,SZSE,chinext,创业板指,48978674,0,0,2.072,0,ready
2026-09-16,159956,创业板ETF建信,SZSE,chinext,创业板指,48978674,0,0,2.11,0,ready
2026-09-17,159956,创业板ETF建信,SZSE,chinext,创业板指,48978674,0,0,2.11,0,ready
2026-09-01,159957,创业板ETF华夏,SZSE,chinext,创业板指,1172784560,0,0,2.237,0,ready
2026-09-02,159957,创业板ETF华夏,SZSE,chinext,创业板指,1198784560,26000000,2.2169,2.183,56758000,ready
2026-09-03,159957,创业板ETF华夏,SZSE,chinext,创业板指,1209784560,11000000,0.9176,2.182,24002000,ready
2026-09-04,159957,创业板ETF华夏,SZSE,chinext,创业板指,1217784560,8000000,0.6613,2.167,17336000,ready
2026-09-07,159957,创业板ETF华夏,SZSE,chinext,创业板指,1182784560,-35000000,-2.8741,2.237,-78295000,ready
2026-09-08,159957,创业板ETF华夏,SZSE,chinext,创业板指,1182784560,0,0,2.213,0,ready
2026-09-09,159957,创业板ETF华夏,SZSE,chinext,创业板指,1180784560,-2000000,-0.1691,2.21,-4420000,ready
2026-09-10,159957,创业板ETF华夏,SZSE,chinext,创业板指,1187784560,7000000,0.5928,2.201,15407000,ready
2026-09-11,159957,创业板ETF华夏,SZSE,chinext,创业板指,1189784560,2000000,0.1684,2.188,4376000,ready
2026-09-14,159957,创业板ETF华夏,SZSE,chinext,创业板指,1188784560,-1000000,-0.084,2.166,-2166000,ready
2026-09-15,159957,创业板ETF华夏,SZSE,chinext,创业板指,1205784560,17000000,1.43,2.142,36414000,ready
2026-09-16,159957,创业板ETF华夏,SZSE,chinext,创业板指,1196784560,-9000000,-0.7464,2.182,-19638000,ready
2026-09-17,159957,创业板ETF华夏,SZSE,chinext,创业板指,1184784560,-12000000,-1.0027,2.173,-26076000,ready
2026-09-01,159958,创业板ETF工银,SZSE,chinext,创业板指,237811448,-700000,-0.2935,2.067,-1446900,ready
2026-09-02,159958,创业板ETF工银,SZSE,chinext,创业板指,237811448,0,0,2.015,0,ready
2026-09-03,159958,创业板ETF工银,SZSE,chinext,创业板指,240611448,2800000,1.1774,2.013,5636400,ready
2026-09-04,159958,创业板ETF工银,SZSE,chinext,创业板指,242711448,2100000,0.8728,2.007,4214700,ready
2026-09-07,159958,创业板ETF工银,SZSE,chinext,创业板指,241311448,-1400000,-0.5768,2.062,-2886800,ready
2026-09-08,159958,创业板ETF工银,SZSE,chinext,创业板指,239911448,-1400000,-0.5802,2.042,-2858800,ready
2026-09-09,159958,创业板ETF工银,SZSE,chinext,创业板指,239211448,-700000,-0.2918,2.039,-1427300,ready
2026-09-10,159958,创业板ETF工银,SZSE,chinext,创业板指,239911448,700000,0.2926,2.037,1425900,ready
2026-09-11,159958,创业板ETF工银,SZSE,chinext,创业板指,240611448,700000,0.2918,2.024,1416800,ready
2026-09-14,159958,创业板ETF工银,SZSE,chinext,创业板指,241311448,700000,0.2909,1.998,1398600,ready
2026-09-15,159958,创业板ETF工银,SZSE,chinext,创业板指,241311448,0,0,1.975,0,ready
2026-09-16,159958,创业板ETF工银,SZSE,chinext,创业板指,242711448,1400000,0.5802,2.016,2822400,ready
2026-09-17,159958,创业板ETF工银,SZSE,chinext,创业板指,242711448,0,0,2.005,0,ready
2026-09-01,159961,深100ETF方正富邦,SZSE,szse-100,深证100,98245196,-1000000,-1.0076,2.192,-2192000,ready
2026-09-02,159961,深100ETF方正富邦,SZSE,szse-100,深证100,98245196,0,0,2.162,0,ready
2026-09-03,159961,深100ETF方正富邦,SZSE,szse-100,深证100,98245196,0,0,2.148,0,ready
2026-09-04,159961,深100ETF方正富邦,SZSE,szse-100,深证100,98245196,0,0,2.143,0,ready
2026-09-07,159961,深100ETF方正富邦,SZSE,szse-100,深证100,98245196,0,0,2.185,0,ready
2026-09-08,159961,深100ETF方正富邦,SZSE,szse-100,深证100,98245196,0,0,2.162,0,ready
2026-09-09,159961,深100ETF方正富邦,SZSE,szse-100,深证100,98245196,0,0,2.172,0,ready
2026-09-10,159961,深100ETF方正富邦,SZSE,szse-100,深证100,98245196,0,0,2.157,0,ready
2026-09-11,159961,深100ETF方正富邦,SZSE,szse-100,深证100,98245196,0,0,2.139,0,ready
2026-09-14,159961,深100ETF方正富邦,SZSE,szse-100,深证100,98245196,0,0,2.12,0,ready
2026-09-15,159961,深100ETF方正富邦,SZSE,szse-100,深证100,98245196,0,0,2.101,0,ready
2026-09-16,159961,深100ETF方正富邦,SZSE,szse-100,深证100,98245196,0,0,2.116,0,ready
2026-09-17,159961,深100ETF方正富邦,SZSE,szse-100,深证100,98245196,0,0,2.111,0,ready
2026-09-01,159964,创业板ETF平安,SZSE,chinext,创业板指,173481881,0,0,2.232,0,ready
2026-09-02,159964,创业板ETF平安,SZSE,chinext,创业板指,173481881,0,0,2.178,0,ready
2026-09-03,159964,创业板ETF平安,SZSE,chinext,创业板指,171481881,-2000000,-1.1529,2.173,-4346000,ready
2026-09-04,159964,创业板ETF平安,SZSE,chinext,创业板指,173481881,2000000,1.1663,2.159,4318000,ready
2026-09-07,159964,创业板ETF平安,SZSE,chinext,创业板指,173481881,0,0,2.233,0,ready
2026-09-08,159964,创业板ETF平安,SZSE,chinext,创业板指,171481881,-2000000,-1.1529,2.21,-4420000,ready
2026-09-09,159964,创业板ETF平安,SZSE,chinext,创业板指,171481881,0,0,2.205,0,ready
2026-09-10,159964,创业板ETF平安,SZSE,chinext,创业板指,169481881,-2000000,-1.1663,2.199,-4398000,ready
2026-09-11,159964,创业板ETF平安,SZSE,chinext,创业板指,171481881,2000000,1.1801,2.186,4372000,ready
2026-09-14,159964,创业板ETF平安,SZSE,chinext,创业板指,171481881,0,0,2.163,0,ready
2026-09-15,159964,创业板ETF平安,SZSE,chinext,创业板指,177481881,6000000,3.4989,2.141,12846000,ready
2026-09-16,159964,创业板ETF平安,SZSE,chinext,创业板指,175481881,-2000000,-1.1269,2.178,-4356000,ready
2026-09-17,159964,创业板ETF平安,SZSE,chinext,创业板指,171481881,-4000000,-2.2794,2.172,-8688000,ready
2026-09-01,159968,中证500ETF博时,SZSE,csi-500,中证500,63695098,-1600000,-2.4504,10.322,-16515200,ready
2026-09-02,159968,中证500ETF博时,SZSE,csi-500,中证500,63695098,0,0,10.152,0,ready
2026-09-03,159968,中证500ETF博时,SZSE,csi-500,中证500,63695098,0,0,10.199,0,ready
2026-09-04,159968,中证500ETF博时,SZSE,csi-500,中证500,63695098,0,0,10.04,0,ready
2026-09-07,159968,中证500ETF博时,SZSE,csi-500,中证500,63695098,0,0,10.193,0,ready
2026-09-08,159968,中证500ETF博时,SZSE,csi-500,中证500,63295098,-400000,-0.628,10.209,-4083600,ready
2026-09-09,159968,中证500ETF博时,SZSE,csi-500,中证500,63295098,0,0,10.207,0,ready
2026-09-10,159968,中证500ETF博时,SZSE,csi-500,中证500,63295098,0,0,10.146,0,ready
2026-09-11,159968,中证500ETF博时,SZSE,csi-500,中证500,63295098,0,0,9.96,0,ready
2026-09-14,159968,中证500ETF博时,SZSE,csi-500,中证500,63295098,0,0,9.951,0,ready
2026-09-15,159968,中证500ETF博时,SZSE,csi-500,中证500,63295098,0,0,9.94,0,ready
2026-09-16,159968,中证500ETF博时,SZSE,csi-500,中证500,63295098,0,0,10.115,0,ready
2026-09-17,159968,中证500ETF博时,SZSE,csi-500,中证500,63295098,0,0,10.064,0,ready
2026-09-01,159970,深100ETF工银,SZSE,szse-100,深证100,10468704,0,0,1.026,0,ready
2026-09-02,159970,深100ETF工银,SZSE,szse-100,深证100,10468704,0,0,1.004,0,ready
2026-09-03,159970,深100ETF工银,SZSE,szse-100,深证100,10468704,0,0,1.004,0,ready
2026-09-04,159970,深100ETF工银,SZSE,szse-100,深证100,10468704,0,0,1.001,0,ready
2026-09-07,159970,深100ETF工银,SZSE,szse-100,深证100,10468704,0,0,1.021,0,ready
2026-09-08,159970,深100ETF工银,SZSE,szse-100,深证100,10468704,0,0,1.011,0,ready
2026-09-09,159970,深100ETF工银,SZSE,szse-100,深证100,10468704,0,0,1.017,0,ready
2026-09-10,159970,深100ETF工银,SZSE,szse-100,深证100,10468704,0,0,1.007,0,ready
2026-09-11,159970,深100ETF工银,SZSE,szse-100,深证100,12268704,1800000,17.1941,1.002,1803600,ready
2026-09-14,159970,深100ETF工银,SZSE,szse-100,深证100,12268704,0,0,0.991,0,ready
2026-09-15,159970,深100ETF工银,SZSE,szse-100,深证100,12268704,0,0,0.98,0,ready
2026-09-16,159970,深100ETF工银,SZSE,szse-100,深证100,12268704,0,0,0.988,0,ready
2026-09-17,159970,深100ETF工银,SZSE,szse-100,深证100,12268704,0,0,0.988,0,ready
2026-09-01,159971,创业板ETF富国,SZSE,chinext,创业板指,1750020288,12000000,0.6904,1.187,14244000,ready
2026-09-02,159971,创业板ETF富国,SZSE,chinext,创业板指,1816020288,66000000,3.7714,1.161,76626000,ready
2026-09-03,159971,创业板ETF富国,SZSE,chinext,创业板指,1868020288,52000000,2.8634,1.159,60268000,ready
2026-09-04,159971,创业板ETF富国,SZSE,chinext,创业板指,1896020288,28000000,1.4989,1.151,32228000,ready
2026-09-07,159971,创业板ETF富国,SZSE,chinext,创业板指,1832020288,-64000000,-3.3755,1.188,-76032000,ready
2026-09-08,159971,创业板ETF富国,SZSE,chinext,创业板指,1834020288,2000000,0.1092,1.175,2350000,ready
2026-09-09,159971,创业板ETF富国,SZSE,chinext,创业板指,1838020288,4000000,0.2181,1.173,4692000,ready
2026-09-10,159971,创业板ETF富国,SZSE,chinext,创业板指,1848020288,10000000,0.5441,1.168,11680000,ready
2026-09-11,159971,创业板ETF富国,SZSE,chinext,创业板指,1846020288,-2000000,-0.1082,1.163,-2326000,ready
2026-09-14,159971,创业板ETF富国,SZSE,chinext,创业板指,1858020288,12000000,0.65,1.149,13788000,ready
2026-09-15,159971,创业板ETF富国,SZSE,chinext,创业板指,1892020288,34000000,1.8299,1.137,38658000,ready
2026-09-16,159971,创业板ETF富国,SZSE,chinext,创业板指,1872020288,-20000000,-1.0571,1.158,-23160000,ready
2026-09-17,159971,创业板ETF富国,SZSE,chinext,创业板指,1858020288,-14000000,-0.7479,1.154,-16156000,ready
2026-09-01,159975,深100ETF招商,SZSE,szse-100,深证100,51937760,0,0,0.752,0,ready
2026-09-02,159975,深100ETF招商,SZSE,szse-100,深证100,54437760,2500000,4.8135,0.735,1837500,ready
2026-09-03,159975,深100ETF招商,SZSE,szse-100,深证100,54437760,0,0,0.736,0,ready
2026-09-04,159975,深100ETF招商,SZSE,szse-100,深证100,54437760,0,0,0.732,0,ready
2026-09-07,159975,深100ETF招商,SZSE,szse-100,深证100,54437760,0,0,0.747,0,ready
2026-09-08,159975,深100ETF招商,SZSE,szse-100,深证100,54437760,0,0,0.741,0,ready
2026-09-09,159975,深100ETF招商,SZSE,szse-100,深证100,54437760,0,0,0.744,0,ready
2026-09-10,159975,深100ETF招商,SZSE,szse-100,深证100,51937760,-2500000,-4.5924,0.738,-1845000,ready
2026-09-11,159975,深100ETF招商,SZSE,szse-100,深证100,54437760,2500000,4.8135,0.732,1830000,ready
2026-09-14,159975,深100ETF招商,SZSE,szse-100,深证100,51937760,-2500000,-4.5924,0.726,-1815000,ready
2026-09-15,159975,深100ETF招商,SZSE,szse-100,深证100,51937760,0,0,0.72,0,ready
2026-09-16,159975,深100ETF招商,SZSE,szse-100,深证100,51937760,0,0,0.725,0,ready
2026-09-17,159975,深100ETF招商,SZSE,szse-100,深证100,51937760,0,0,0.724,0,ready
2026-09-01,159977,创业板ETF天弘,SZSE,chinext,创业板指,3665872820,26000000,0.7143,1.771,46046000,ready
2026-09-02,159977,创业板ETF天弘,SZSE,chinext,创业板指,3709872820,44000000,1.2003,1.73,76120000,ready
2026-09-03,159977,创业板ETF天弘,SZSE,chinext,创业板指,3709872820,0,0,1.729,0,ready
2026-09-04,159977,创业板ETF天弘,SZSE,chinext,创业板指,3739872820,30000000,0.8087,1.717,51510000,ready
2026-09-07,159977,创业板ETF天弘,SZSE,chinext,创业板指,3699872820,-40000000,-1.0696,1.773,-70920000,ready
2026-09-08,159977,创业板ETF天弘,SZSE,chinext,创业板指,3697872820,-2000000,-0.0541,1.75,-3500000,ready
2026-09-09,159977,创业板ETF天弘,SZSE,chinext,创业板指,3705872820,8000000,0.2163,1.75,14000000,ready
2026-09-10,159977,创业板ETF天弘,SZSE,chinext,创业板指,3721872820,16000000,0.4317,1.743,27888000,ready
2026-09-11,159977,创业板ETF天弘,SZSE,chinext,创业板指,3737872820,16000000,0.4299,1.736,27776000,ready
2026-09-14,159977,创业板ETF天弘,SZSE,chinext,创业板指,3745872820,8000000,0.214,1.715,13720000,ready
2026-09-15,159977,创业板ETF天弘,SZSE,chinext,创业板指,3769872820,24000000,0.6407,1.697,40728000,ready
2026-09-16,159977,创业板ETF天弘,SZSE,chinext,创业板指,3893872820,124000000,3.2892,1.729,214396000,ready
2026-09-17,159977,创业板ETF天弘,SZSE,chinext,创业板指,3911872820,18000000,0.4623,1.721,30978000,ready
2026-09-01,159982,中证500ETF鹏华,SZSE,csi-500,中证500,202211253,-2000000,-0.9794,2.123,-4246000,ready
2026-09-02,159982,中证500ETF鹏华,SZSE,csi-500,中证500,202211253,0,0,2.088,0,ready
2026-09-03,159982,中证500ETF鹏华,SZSE,csi-500,中证500,202211253,0,0,2.096,0,ready
2026-09-04,159982,中证500ETF鹏华,SZSE,csi-500,中证500,202211253,0,0,2.068,0,ready
2026-09-07,159982,中证500ETF鹏华,SZSE,csi-500,中证500,202211253,0,0,2.095,0,ready
2026-09-08,159982,中证500ETF鹏华,SZSE,csi-500,中证500,202211253,0,0,2.098,0,ready
2026-09-09,159982,中证500ETF鹏华,SZSE,csi-500,中证500,202211253,0,0,2.096,0,ready
2026-09-10,159982,中证500ETF鹏华,SZSE,csi-500,中证500,202211253,0,0,2.081,0,ready
2026-09-11,159982,中证500ETF鹏华,SZSE,csi-500,中证500,202211253,0,0,2.046,0,ready
2026-09-14,159982,中证500ETF鹏华,SZSE,csi-500,中证500,204211253,2000000,0.9891,2.05,4100000,ready
2026-09-15,159982,中证500ETF鹏华,SZSE,csi-500,中证500,204211253,0,0,2.049,0,ready
2026-09-16,159982,中证500ETF鹏华,SZSE,csi-500,中证500,204211253,0,0,2.077,0,ready
2026-09-17,159982,中证500ETF鹏华,SZSE,csi-500,中证500,202211253,-2000000,-0.9794,2.067,-4134000,ready
