code,name,fullName,fundManager,exchange,primaryCategoryId,primaryCategory,categoryIds,benchmarkId,benchmark,segmentId,segment,firstDate,lastDate,observations
158001,价值ETF嘉实,价值ETF嘉实,嘉实基金管理有限公司,SZSE,strategy,策略,all-a|strategy,,,,,2026-08-26,2026-09-28,22
158022,创业板综增强ETF国联,创业板综增强ETF国联,国联基金管理有限公司,SZSE,strategy,策略,all-a|strategy,,,,,2026-09-17,2026-09-28,6
158023,红利低波ETF万家,红利低波ETF万家,万家基金管理有限公司,SZSE,strategy,策略,all-a|strategy,,,,,2026-09-04,2026-09-28,15
158026,大盘成长ETF华夏,,,SZSE,strategy,策略,all-a|strategy,,,,,2026-09-22,2026-09-28,3
159021,大盘价值ETF华夏,大盘价值ETF华夏,华夏基金管理有限公司,SZSE,strategy,策略,all-a|strategy,,,,,2026-05-14,2026-09-28,91
159037,价值ETF鹏华,价值ETF鹏华,鹏华基金管理有限公司,SZSE,strategy,策略,all-a|strategy,,,,,2026-06-10,2026-09-28,72
159042,价值ETF汇添富,价值ETF汇添富,汇添富基金管理股份有限公司,SZSE,strategy,策略,all-a|strategy,,,,,2026-06-08,2026-09-28,74
159079,价值ETF兴全,价值ETF兴全,兴证全球基金管理有限公司,SZSE,strategy,策略,all-a|strategy,,,,,2026-07-31,2026-09-28,40
159083,红利低波100ETF嘉实,红利低波100ETF嘉实,嘉实基金管理有限公司,SZSE,strategy,策略,all-a|strategy,,,,,2026-08-12,2026-09-28,32
159085,价值ETF永赢,价值ETF永赢,永赢基金管理有限公司,SZSE,strategy,策略,all-a|strategy,,,,,2026-07-17,2026-09-28,46
159096,价值ETF华夏,价值ETF华夏,华夏基金管理有限公司,SZSE,strategy,策略,all-a|strategy,,,,,2026-08-27,2026-09-28,21
159098,价值ETF招商,价值ETF招商,招商基金管理有限公司,SZSE,strategy,策略,all-a|strategy,,,,,2026-08-13,2026-09-28,31
159106,民企300ETF前海开源,民企300ETF前海开源,前海开源基金管理有限公司,SZSE,strategy,策略,all-a|strategy,,,,,2025-10-21,2026-09-28,226
159119,800现金流ETF招商,800现金流ETF招商,招商基金管理有限公司,SZSE,strategy,策略,all-a|strategy,,,,,2025-11-12,2026-09-28,210
159166,现金流ETF长城,现金流ETF长城,长城基金管理有限公司,SZSE,strategy,策略,all-a|strategy,,,,,2026-03-17,2026-09-28,129
159188,红利100ETF景顺,红利100ETF景顺,景顺长城基金管理有限公司,SZSE,strategy,策略,all-a|strategy,,,,,2026-04-09,2026-09-28,113
159201,自由现金流ETF华夏,自由现金流ETF华夏,华夏基金管理有限公司,SZSE,strategy,策略,all-a|strategy,,,,,2025-02-26,2026-09-28,384
159203,大盘成长ETF博时,大盘成长ETF博时,博时基金管理有限公司,SZSE,strategy,策略,all-a|strategy,,,,,2025-06-27,2026-09-28,302
159207,高股息ETF广发,高股息ETF广发,广发基金管理有限公司,SZSE,strategy,策略,all-a|strategy,,,,,2025-04-08,2026-09-28,356
159209,红利质量ETF招商,红利质量ETF招商,招商基金管理有限公司,SZSE,strategy,策略,all-a|strategy,,,,,2025-03-24,2026-09-28,366
159221,现金流ETF嘉实,现金流ETF嘉实,嘉实基金管理有限公司,SZSE,strategy,策略,all-a|strategy,,,,,2025-05-12,2026-09-28,335
159222,自由现金流ETF易方达,自由现金流ETF易方达,易方达基金管理有限公司,SZSE,strategy,策略,all-a|strategy,,,,,2025-04-16,2026-09-28,350
159223,现金流ETF永赢,现金流ETF永赢,永赢基金管理有限公司,SZSE,strategy,策略,all-a|strategy,,,,,2025-07-02,2026-09-28,299
159225,现金流ETF银华,现金流ETF银华,银华基金管理股份有限公司,SZSE,strategy,策略,all-a|strategy,,,,,2025-04-16,2026-09-28,350
159226,中证A500增强ETF国泰,中证A500增强ETF国泰,国泰基金管理有限公司,SZSE,strategy,策略,all-a|strategy,,,,,2025-05-28,2026-09-28,323
159228,红利低波ETF长城,红利低波ETF长城,长城基金管理有限公司,SZSE,strategy,策略,all-a|strategy,,,,,2025-06-17,2026-09-28,310
159229,自由现金流ETF广发,自由现金流ETF广发,广发基金管理有限公司,SZSE,strategy,策略,all-a|strategy,,,,,2025-05-14,2026-09-28,333
159232,自由现金流ETF南方,自由现金流ETF南方,南方基金管理股份有限公司,SZSE,strategy,策略,all-a|strategy,,,,,2025-04-29,2026-09-28,341
159233,自由现金流ETF平安,自由现金流ETF平安,平安基金管理有限公司,SZSE,strategy,策略,all-a|strategy,,,,,2025-06-03,2026-09-28,320
159235,中证现金流ETF大成,中证现金流ETF大成,大成基金管理有限公司,SZSE,strategy,策略,all-a|strategy,,,,,2025-04-29,2026-09-28,341
159236,自由现金流ETF工银,自由现金流ETF工银,工银瑞信基金管理有限公司,SZSE,strategy,策略,all-a|strategy,,,,,2025-05-15,2026-09-28,332
159238,沪深300增强ETF景顺,沪深300增强ETF景顺,景顺长城基金管理有限公司,SZSE,strategy,策略,all-a|strategy,,,,,2025-06-06,2026-09-28,317
159240,A500增强ETF天弘,A500增强ETF天弘,天弘基金管理有限公司,SZSE,strategy,策略,all-a|strategy,,,,,2025-06-16,2026-09-28,311
159249,A500增强ETF工银,A500增强ETF工银,工银瑞信基金管理有限公司,SZSE,strategy,策略,all-a|strategy,,,,,2025-07-01,2026-09-28,300
159259,成长ETF易方达,成长ETF易方达,易方达基金管理有限公司,SZSE,strategy,策略,all-a|strategy,,,,,2025-08-27,2026-09-28,259
159263,价值ETF易方达,价值ETF易方达,易方达基金管理有限公司,SZSE,strategy,策略,all-a|strategy,,,,,2025-07-07,2026-09-28,296
159276,现金流ETF汇添富,现金流ETF汇添富,汇添富基金管理股份有限公司,SZSE,strategy,策略,all-a|strategy,,,,,2025-07-25,2026-09-28,282
159290,创业板综指增强ETF东财,创业板综指增强ETF东财,东财基金管理有限公司,SZSE,strategy,策略,all-a|strategy,,,,,2025-09-16,2026-09-28,245
159291,创业板综增强ETF招商,创业板综增强ETF招商,招商基金管理有限公司,SZSE,strategy,策略,all-a|strategy,,,,,2025-08-29,2026-09-28,257
159292,创业板综增强ETF华宝,创业板综增强ETF华宝,华宝基金管理有限公司,SZSE,strategy,策略,all-a|strategy,,,,,2025-09-01,2026-09-28,256
159293,创业板综增强ETF建信,创业板综增强ETF建信,建信基金管理有限责任公司,SZSE,strategy,策略,all-a|strategy,,,,,2026-01-12,2026-09-28,169
159296,A500红利低波ETF华宝,A500红利低波ETF华宝,华宝基金管理有限公司,SZSE,strategy,策略,all-a|strategy,,,,,2025-09-03,2026-09-28,254
159307,红利低波100ETF博时,红利低波100ETF博时,博时基金管理有限公司,SZSE,strategy,策略,all-a|strategy,,,,,2024-04-24,2026-09-28,586
159332,央企红利ETF富国,央企红利ETF富国,富国基金管理有限公司,SZSE,strategy,策略,all-a|strategy,,,,,2024-07-31,2026-09-28,520
159335,央企科创ETF融通,央企科创ETF融通,融通基金管理有限公司,SZSE,strategy,策略,all-a|strategy,,,,,2024-09-04,2026-09-28,495
159336,央企红利ETF融通,央企红利ETF融通,融通基金管理有限公司,SZSE,strategy,策略,all-a|strategy,,,,,2025-02-11,2026-09-28,395
159355,800红利低波ETF华宝,800红利低波ETF华宝,华宝基金管理有限公司,SZSE,strategy,策略,all-a|strategy,,,,,2024-12-02,2026-09-28,439
159391,大盘价值ETF博时,大盘价值ETF博时,博时基金管理有限公司,SZSE,strategy,策略,all-a|strategy,,,,,2025-04-18,2026-09-28,348
159399,现金流ETF国泰,现金流ETF国泰,国泰基金管理有限公司,SZSE,strategy,策略,all-a|strategy,,,,,2025-02-26,2026-09-28,384
159510,沪深300价值ETF华夏,沪深300价值ETF华夏,华夏基金管理有限公司,SZSE,strategy,策略,all-a|strategy,,,,,2023-08-15,2026-09-28,752
159515,国企红利ETF鹏扬,国企红利ETF鹏扬,鹏扬基金管理有限公司,SZSE,strategy,策略,all-a|strategy,,,,,2023-09-05,2026-09-28,737
159517,中证800增强ETF银华,中证800增强ETF银华,银华基金管理股份有限公司,SZSE,strategy,策略,all-a|strategy,,,,,2023-09-04,2026-09-28,738
159523,沪深300成长ETF华夏,沪深300成长ETF华夏,华夏基金管理有限公司,SZSE,strategy,策略,all-a|strategy,,,,,2023-09-18,2026-09-28,728
159525,红利低波ETF富国,红利低波ETF富国,富国基金管理有限公司,SZSE,strategy,策略,all-a|strategy,,,,,2024-05-17,2026-09-28,572
159528,国企改革ETF富国,国企改革ETF富国,富国基金管理有限公司,SZSE,strategy,策略,all-a|strategy,,,,,2024-05-17,2026-09-28,572
159547,红利低波ETF华夏,红利低波ETF华夏,华夏基金管理有限公司,SZSE,strategy,策略,all-a|strategy,,,,,2024-02-05,2026-09-28,635
159549,红利低波ETF天弘,红利低波ETF天弘,天弘基金管理有限公司,SZSE,strategy,策略,all-a|strategy,,,,,2023-12-08,2026-09-28,675
159552,中证2000增强ETF招商,中证2000增强ETF招商,招商基金管理有限公司,SZSE,strategy,策略,all-a|strategy,,,,,2024-06-27,2026-09-28,544
159553,中证2000增强ETF海富通,中证2000增强ETF海富通,海富通基金管理有限公司,SZSE,strategy,策略,all-a|strategy,,,,,2024-04-12,2026-09-28,594
159555,中证2000增强ETF银华,中证2000增强ETF银华,银华基金管理股份有限公司,SZSE,strategy,策略,all-a|strategy,,,,,2023-12-11,2026-09-28,674
159556,中证2000增强ETF平安,中证2000增强ETF平安,平安基金管理有限公司,SZSE,strategy,策略,all-a|strategy,,,,,2024-01-09,2026-09-28,654
159581,红利ETF万家,红利ETF万家,万家基金管理有限公司,SZSE,strategy,策略,all-a|strategy,,,,,2024-03-14,2026-09-28,613
159589,红利ETF广发,红利ETF广发,广发基金管理有限公司,SZSE,strategy,策略,all-a|strategy,,,,,2024-03-25,2026-09-28,606
159597,创业板成长ETF易方达,创业板成长ETF易方达,易方达基金管理有限公司,SZSE,strategy,策略,all-a|strategy,,,,,2024-05-24,2026-09-28,567
159606,中证500成长ETF易方达,中证500成长ETF易方达,易方达基金管理有限公司,SZSE,strategy,策略,all-a|strategy,,,,,2021-12-28,2026-09-28,1147
159610,中证500增强ETF景顺,中证500增强ETF景顺,景顺长城基金管理有限公司,SZSE,strategy,策略,all-a|strategy,,,,,2022-01-07,2026-09-28,1140
159617,中证500价值ETF华夏,中证500价值ETF华夏,华夏基金管理有限公司,SZSE,strategy,策略,all-a|strategy,,,,,2022-06-29,2026-09-28,1028
159620,中证500成长ETF华夏,中证500成长ETF华夏,华夏基金管理有限公司,SZSE,strategy,策略,all-a|strategy,,,,,2022-08-04,2026-09-28,1002
159621,ESGETF国泰,ESGETF国泰,国泰基金管理有限公司,SZSE,strategy,策略,all-a|strategy,,,,,2022-09-08,2026-09-28,977
159653,ESG300ETF国联安,ESG300ETF国联安,国联安基金管理有限公司,SZSE,strategy,策略,all-a|strategy,,,,,2023-03-23,2026-09-28,849
159656,沪深300成长ETF万家,沪深300成长ETF万家,万家基金管理有限公司,SZSE,strategy,策略,all-a|strategy,,,,,2023-01-13,2026-09-28,893
159675,创业板增强ETF嘉实,创业板增强ETF嘉实,嘉实基金管理有限公司,SZSE,strategy,策略,all-a|strategy,,,,,2022-12-01,2026-09-28,923
159676,创业板增强ETF富国,创业板增强ETF富国,富国基金管理有限公司,SZSE,strategy,策略,all-a|strategy,,,,,2023-04-11,2026-09-28,837
159677,中证1000增强ETF银华,中证1000增强ETF银华,银华基金管理股份有限公司,SZSE,strategy,策略,all-a|strategy,,,,,2022-12-02,2026-09-28,922
159678,500增强ETF博时,500增强ETF博时,博时基金管理有限公司,SZSE,strategy,策略,all-a|strategy,,,,,2023-02-24,2026-09-28,868
159679,中证1000增强ETF国泰,中证1000增强ETF国泰,国泰基金管理有限公司,SZSE,strategy,策略,all-a|strategy,,,,,2023-02-21,2026-09-28,871
159680,中证1000增强ETF招商,中证1000增强ETF招商,招商基金管理有限公司,SZSE,strategy,策略,all-a|strategy,,,,,2022-11-29,2026-09-28,925
159685,1000增强ETF天弘,1000增强ETF天弘,天弘基金管理有限公司,SZSE,strategy,策略,all-a|strategy,,,,,2023-03-31,2026-09-28,843
159708,红利ETF西部利得,红利ETF西部利得,西部利得基金管理有限公司,SZSE,strategy,策略,all-a|strategy,,,,,2021-07-01,2026-09-28,1268
159717,ESGETF鹏华,ESGETF鹏华,鹏华基金管理有限公司,SZSE,strategy,策略,all-a|strategy,,,,,2021-09-28,2026-09-28,1207
159719,国企ETF平安,国企ETF平安,平安基金管理有限公司,SZSE,strategy,策略,all-a|strategy,,,,,2021-12-27,2026-09-28,1148
159758,红利质量ETF华夏,红利质量ETF华夏,华夏基金管理有限公司,SZSE,strategy,策略,all-a|strategy,,,,,2021-12-27,2026-09-28,1148
159791,300ESGETF华夏,300ESGETF华夏,华夏基金管理有限公司,SZSE,strategy,策略,all-a|strategy,,,,,2022-03-07,2026-09-28,1104
159905,红利ETF工银,红利ETF工银,工银瑞信基金管理有限公司,SZSE,strategy,策略,all-a|strategy,,,,,2016-09-22,2026-09-28,2427
159906,深成长ETF大成,深成长ETF大成,大成基金管理有限公司,SZSE,strategy,策略,all-a|strategy,,,,,2016-09-22,2026-09-28,2427
159910,基本面120ETF嘉实,基本面120ETF嘉实,嘉实基金管理有限公司,SZSE,strategy,策略,all-a|strategy,,,,,2016-09-22,2026-09-28,2427
159913,深价值ETF交银,深价值ETF交银,交银施罗德基金管理有限公司,SZSE,strategy,策略,all-a|strategy,,,,,2016-09-22,2026-09-28,2427
159916,基本面ETF建信,基本面ETF建信,建信基金管理有限责任公司,SZSE,strategy,策略,all-a|strategy,,,,,2016-09-22,2026-09-28,2427
159921,中小等权,,,SZSE,strategy,策略,all-a|strategy,,,,,2016-09-22,2017-11-06,272
159924,300等权,,,SZSE,strategy,策略,all-a|strategy,,,,,2016-09-22,2018-03-16,360
159959,央企ETF银华,央企ETF银华,银华基金管理股份有限公司,SZSE,strategy,策略,all-a|strategy,,,,,2019-01-17,2026-09-28,1862
159966,创业板价值ETF华夏,创业板价值ETF华夏,华夏基金管理有限公司,SZSE,strategy,策略,all-a|strategy,,,,,2019-07-12,2026-09-28,1746
159967,创业板成长ETF华夏,创业板成长ETF华夏,华夏基金管理有限公司,SZSE,strategy,策略,all-a|strategy,,,,,2019-07-12,2026-09-28,1746
159973,民企ETF弘毅远方,民企ETF弘毅远方,弘毅远方基金管理有限公司,SZSE,strategy,策略,all-a|strategy,,,,,2019-08-08,2026-09-28,1727
159974,央企创新ETF富国,央企创新ETF富国,富国基金管理有限公司,SZSE,strategy,策略,all-a|strategy,,,,,2019-12-17,2026-09-28,1640
159990,小盘价值ETF,,,SZSE,strategy,策略,all-a|strategy,,,,,2020-01-17,2024-07-15,1087
510010,治理ETF,180治理ETF交银,交银施罗德基金管理有限公司,SSE,strategy,策略,all-a|strategy,,,,,2012-01-04,2026-09-28,3574
510030,价值ETF,价值ETF华宝,华宝基金管理有限公司,SSE,strategy,策略,all-a|strategy,,,,,2012-01-04,2026-09-28,3574
510060,央企ETF,央企ETF工银,工银瑞信基金管理有限公司,SSE,strategy,策略,all-a|strategy,,,,,2012-01-04,2026-09-28,3574
510070,民企ETF,,,SSE,strategy,策略,all-a|strategy,,,,,2012-01-04,2020-08-12,2093
510090,ESG建信,责任ETF建信,建信基金管理有限责任公司,SSE,strategy,策略,all-a|strategy,,,,,2012-01-04,2026-09-28,3574
510270,国企ETF,国企ETF中银,中银基金管理有限公司,SSE,strategy,策略,all-a|strategy,,,,,2012-01-04,2026-09-28,3574
510280,成长ETF,,,SSE,strategy,策略,all-a|strategy,,,,,2012-01-04,2019-09-27,1853
510430,50等权,,,SSE,strategy,策略,all-a|strategy,,,,,2012-09-24,2020-12-17,2001
510720,红利国泰,红利国企ETF国泰,国泰基金管理有限公司,SSE,strategy,策略,all-a|strategy,,,,,2024-05-15,2026-09-28,574
510810,上海国企,上海国企ETF汇添富,汇添富基金管理股份有限公司,SSE,strategy,策略,all-a|strategy,,,,,2016-08-29,2026-09-28,2443
510880,红利ETF,红利ETF华泰柏瑞,华泰柏瑞基金管理有限公司,SSE,strategy,策略,all-a|strategy,,,,,2012-01-04,2026-09-28,3574
510890,红利低波,,,SSE,strategy,策略,all-a|strategy,,,,,2019-06-24,2021-09-06,540
510990,ESG180,180ESGETF工银,工银瑞信基金管理有限公司,SSE,strategy,策略,all-a|strategy,,,,,2021-07-01,2026-09-28,1268
512040,国信价值,价值ETF富国,富国基金管理有限公司,SSE,strategy,策略,all-a|strategy,,,,,2018-11-29,2026-09-28,1895
512130,现金全指,全指现金流ETF鹏华,鹏华基金管理有限公司,SSE,strategy,策略,all-a|strategy,,,,,2025-07-01,2026-09-28,300
512260,500低波,中证500低波动ETF华安,华安基金管理有限公司,SSE,strategy,策略,all-a|strategy,,,,,2019-01-11,2026-09-28,1866
512270,300低波,,,SSE,strategy,策略,all-a|strategy,,,,,2019-03-29,2021-09-22,606
512370,A500增指,A500增强ETF华夏,华夏基金管理有限公司,SSE,strategy,策略,all-a|strategy,,,,,2025-08-18,2026-09-28,266
512390,MSCI低波,中国低波ETF平安,平安基金管理有限公司,SSE,strategy,策略,all-a|strategy,,,,,2018-07-13,2026-09-28,1988
512530,300红利,沪深300红利ETF建信,建信基金管理有限责任公司,SSE,strategy,策略,all-a|strategy,,,,,2019-09-23,2026-09-28,1696
512590,高股息,,,SSE,strategy,策略,all-a|strategy,,,,,2019-03-08,2023-04-27,1007
512750,基本面50,基本面50ETF嘉实,嘉实基金管理有限公司,SSE,strategy,策略,all-a|strategy,,,,,2019-07-05,2026-09-28,1751
512790,民企成长,,,SSE,strategy,策略,all-a|strategy,,,,,2019-09-06,2020-07-30,216
512890,红利低波,红利低波ETF华泰柏瑞,华泰柏瑞基金管理有限公司,SSE,strategy,策略,all-a|strategy,,,,,2019-01-18,2026-09-28,1861
512950,央企改革,央企改革ETF华夏,华夏基金管理有限公司,SSE,strategy,策略,all-a|strategy,,,,,2019-01-18,2026-09-28,1861
515080,中证红利,中证红利ETF招商,招商基金管理有限公司,SSE,strategy,策略,all-a|strategy,,,,,2019-12-27,2026-09-28,1632
515100,红利100,红利低波100ETF景顺,景顺长城基金管理有限公司,SSE,strategy,策略,all-a|strategy,,,,,2020-07-03,2026-09-28,1510
515110,国企方达,一带一路ETF易方达,易方达基金管理有限公司,SSE,strategy,策略,all-a|strategy,,,,,2020-01-15,2026-09-28,1620
515150,国企富国,一带一路ETF富国,富国基金管理有限公司,SSE,strategy,策略,all-a|strategy,,,,,2020-01-15,2026-09-28,1620
515180,100红利,红利ETF易方达,易方达基金管理有限公司,SSE,strategy,策略,all-a|strategy,,,,,2019-12-20,2026-09-28,1637
515300,红利300,300红利低波ETF嘉实,嘉实基金管理有限公司,SSE,strategy,策略,all-a|strategy,,,,,2019-09-19,2026-09-28,1698
515450,红利50,红利低波50ETF南方,南方基金管理股份有限公司,SSE,strategy,策略,all-a|strategy,,,,,2020-02-26,2026-09-28,1596
515460,质量红利,红利质量ETF南方,南方基金管理股份有限公司,SSE,strategy,策略,all-a|strategy,,,,,2026-03-16,2026-09-28,130
515480,红利一百,红利低波100ETF南方,南方基金管理股份有限公司,SSE,strategy,策略,all-a|strategy,,,,,2026-07-06,2026-09-28,55
515510,500成长,,,SSE,strategy,策略,all-a|strategy,,,,,2020-05-06,2023-05-05,729
515520,价值100,,,SSE,strategy,策略,all-a|strategy,,,,,2019-11-18,2023-06-12,866
515570,山证红利,,,SSE,strategy,策略,all-a|strategy,,,,,2020-04-09,2023-12-15,897
515600,央企创新,央企创新ETF广发,广发基金管理有限公司,SSE,strategy,策略,all-a|strategy,,,,,2019-12-18,2026-09-28,1639
515680,创新央企,央企创新ETF嘉实,嘉实基金管理有限公司,SSE,strategy,策略,all-a|strategy,,,,,2019-12-18,2026-09-28,1639
515890,红利博时,红利ETF博时,博时基金管理有限公司,SSE,strategy,策略,all-a|strategy,,,,,2020-04-20,2026-09-28,1559
515910,质量ETF,质量ETF中金,中金基金管理有限公司,SSE,strategy,策略,all-a|strategy,,,,,2021-02-26,2026-09-28,1352
515990,添富国企,一带一路ETF汇添富,汇添富基金管理股份有限公司,SSE,strategy,策略,all-a|strategy,,,,,2020-01-15,2026-09-28,1620
516400,ESG龙头,,,SSE,strategy,策略,all-a|strategy,,,,,2021-07-01,2022-01-25,141
516460,现金流E,现金流ETF800鹏华,鹏华基金管理有限公司,SSE,strategy,策略,all-a|strategy,,,,,2025-04-28,2026-09-28,342
516720,ESGETF,ESGETF浦银,浦银基金管理有限公司,SSE,strategy,策略,all-a|strategy,,,,,2021-08-13,2026-09-28,1237
516830,300ESG,沪深300ESGETF富国,富国基金管理有限公司,SSE,strategy,策略,all-a|strategy,,,,,2021-07-05,2026-09-28,1266
530880,上证红利,红利国企ETF银河,银河基金管理有限公司,SSE,strategy,策略,all-a|strategy,,,,,2024-11-12,2026-09-28,453
560020,红利添富,红利ETF汇添富,汇添富基金管理股份有限公司,SSE,strategy,策略,all-a|strategy,,,,,2023-10-16,2026-09-28,714
560030,800价值,800价值ETF汇添富,汇添富基金管理股份有限公司,SSE,strategy,策略,all-a|strategy,,,,,2023-07-10,2026-09-28,778
560070,央企分红,央企红利ETF汇添富,汇添富基金管理股份有限公司,SSE,strategy,策略,all-a|strategy,,,,,2023-06-06,2026-09-28,800
560100,增强ETF,中证500增强ETF南方,南方基金管理股份有限公司,SSE,strategy,策略,all-a|strategy,,,,,2022-02-16,2026-09-28,1117
560120,500现金,中证500现金流ETF华夏,华夏基金管理有限公司,SSE,strategy,策略,all-a|strategy,,,,,2025-08-05,2026-09-28,275
560150,红利TK,红利低波ETF泰康,泰康基金管理有限公司,SSE,strategy,策略,all-a|strategy,,,,,2024-04-08,2026-09-28,598
560170,央企科技,央企科技ETF南方,南方基金管理股份有限公司,SSE,strategy,策略,all-a|strategy,,,,,2023-07-06,2026-09-28,780
560180,ESG300,沪深300ESGETF南方,南方基金管理股份有限公司,SSE,strategy,策略,all-a|strategy,,,,,2023-04-21,2026-09-28,829
560250,红利质量,红利质量ETF富国,富国基金管理有限公司,SSE,strategy,策略,all-a|strategy,,,,,2026-05-22,2026-09-28,85
560330,300价值E,沪深300价值ETF申万菱信,申万菱信基金管理有限公司,SSE,strategy,策略,all-a|strategy,,,,,2023-05-23,2026-09-28,810
560370,全指红利,红利质量ETF易方达,易方达基金管理有限公司,SSE,strategy,策略,all-a|strategy,,,,,2026-02-26,2026-09-28,142
560500,500质量,500质量成长ETF鹏扬,鹏扬基金管理有限公司,SSE,strategy,策略,all-a|strategy,,,,,2021-09-01,2026-09-28,1224
560520,红利大成,红利低波100ETF大成,大成基金管理有限公司,SSE,strategy,策略,all-a|strategy,,,,,2024-04-18,2026-09-28,590
560570,A500低波,A500红利ETF国联安,国联安基金管理有限公司,SSE,strategy,策略,all-a|strategy,,,,,2025-09-18,2026-09-28,243
560700,央红利50,央企红利ETF广发,广发基金管理有限公司,SSE,strategy,策略,all-a|strategy,,,,,2023-06-06,2026-09-28,800
560720,工银红利,红利低波100ETF工银,工银瑞信基金管理有限公司,SSE,strategy,策略,all-a|strategy,,,,,2026-06-05,2026-09-28,75
560730,红利GTHT,红利低波ETF国泰海通,上海国泰海通证券资产管理有限公司,SSE,strategy,策略,all-a|strategy,,,,,2026-07-16,2026-09-28,47
560810,央企ESG,央企ESGETF融通,融通基金管理有限公司,SSE,strategy,策略,all-a|strategy,,,,,2024-12-09,2026-09-28,434
560890,红利DB,,,SSE,strategy,策略,all-a|strategy,,,,,2024-09-20,2026-03-31,367
561000,300指增,沪深300增强ETF华安,华安基金管理有限公司,SSE,strategy,策略,all-a|strategy,,,,,2023-01-11,2026-09-28,895
561060,红利国企,国企红利ETF华安,华安基金管理有限公司,SSE,strategy,策略,all-a|strategy,,,,,2023-09-21,2026-09-28,725
561080,现金自由,全指现金流ETF华安,华安基金管理有限公司,SSE,strategy,策略,all-a|strategy,,,,,2025-04-30,2026-09-28,340
561150,500ESG,,,SSE,strategy,策略,all-a|strategy,,,,,2022-08-08,2022-12-26,95
561220,国企数字,数字经济ETF工银,工银瑞信基金管理有限公司,SSE,strategy,策略,all-a|strategy,,,,,2025-05-30,2026-09-28,321
561280,增强1000,中证1000增强ETF工银,工银瑞信基金管理有限公司,SSE,strategy,策略,all-a|strategy,,,,,2023-09-22,2026-09-28,724
561420,300现金,300现金流ETF汇添富,汇添富基金管理股份有限公司,SSE,strategy,策略,all-a|strategy,,,,,2026-07-08,2026-09-28,53
561430,全指质量,红利质量ETF博时,博时基金管理有限公司,SSE,strategy,策略,all-a|strategy,,,,,2026-06-30,2026-09-28,59
561450,华泰红利,红利低波50ETF华泰柏瑞,华泰柏瑞基金管理有限公司,SSE,strategy,策略,all-a|strategy,,,,,2026-08-03,2026-09-28,40
561490,红利财通,红利质量ETF财通,财通证券资产管理有限公司,SSE,strategy,策略,all-a|strategy,,,,,2026-07-31,2026-09-28,40
561550,500指增,中证500增强ETF华泰柏瑞,华泰柏瑞基金管理有限公司,SSE,strategy,策略,all-a|strategy,,,,,2021-12-10,2026-09-28,1159
561580,央企红利,央企红利ETF华泰柏瑞,华泰柏瑞基金管理有限公司,SSE,strategy,策略,all-a|strategy,,,,,2023-05-30,2026-09-28,805
561590,1000增强,中证1000增强ETF华泰柏瑞,华泰柏瑞基金管理有限公司,SSE,strategy,策略,all-a|strategy,,,,,2022-12-12,2026-09-28,916
561630,华泰质量,红利质量ETF华泰柏瑞,华泰柏瑞基金管理有限公司,SSE,strategy,策略,all-a|strategy,,,,,2026-07-22,2026-09-28,43
561690,质量300,300质量ETF农银,农银汇理基金管理有限公司,SSE,strategy,策略,all-a|strategy,,,,,2026-09-07,2026-09-28,15
561780,1000指增,1000增强ETF博时,博时基金管理有限公司,SSE,strategy,策略,all-a|strategy,,,,,2023-11-10,2026-09-28,695
561870,现金流指,现金流全指ETF华富,华富基金管理有限公司,SSE,strategy,策略,all-a|strategy,,,,,2025-05-09,2026-09-28,336
561900,沪深ESG,沪深300ESGETF招商,招商基金管理有限公司,SSE,strategy,策略,all-a|strategy,,,,,2021-07-15,2026-09-28,1258
561950,500增强A,中证500增强ETF招商,招商基金管理有限公司,SSE,strategy,策略,all-a|strategy,,,,,2023-04-24,2026-09-28,828
561960,央企回报,央企回报ETF招商,招商基金管理有限公司,SSE,strategy,策略,all-a|strategy,,,,,2023-06-06,2026-09-28,800
561990,300增强,沪深300增强ETF招商,招商基金管理有限公司,SSE,strategy,策略,all-a|strategy,,,,,2021-12-10,2026-09-28,1159
562070,300ETF增,沪深300指增ETF华宝,华宝基金管理有限公司,SSE,strategy,策略,all-a|strategy,,,,,2025-12-25,2026-09-28,179
562150,红利PH,红利质量ETF鹏华,鹏华基金管理有限公司,SSE,strategy,策略,all-a|strategy,,,,,2026-09-14,2026-09-28,10
562170,300现金E,沪深300现金流ETF易方达,易方达基金管理有限公司,SSE,strategy,策略,all-a|strategy,,,,,2026-09-14,2026-09-28,10
562310,300成长,沪深300成长ETF银华,银华基金管理股份有限公司,SSE,strategy,策略,all-a|strategy,,,,,2022-09-09,2026-09-28,976
562320,300价值A,沪深300价值ETF银华,银华基金管理股份有限公司,SSE,strategy,策略,all-a|strategy,,,,,2023-01-12,2026-09-28,894
562330,500价值,中证500价值ETF银华,银华基金管理股份有限公司,SSE,strategy,策略,all-a|strategy,,,,,2023-04-18,2026-09-28,832
562340,500成长,中证500成长ETF银华,银华基金管理股份有限公司,SSE,strategy,策略,all-a|strategy,,,,,2024-05-08,2026-09-28,579
562520,1000成长,中证1000成长ETF华夏,华夏基金管理有限公司,SSE,strategy,策略,all-a|strategy,,,,,2022-03-22,2026-09-28,1093
562530,1000价值,中证1000价值ETF华夏,华夏基金管理有限公司,SSE,strategy,策略,all-a|strategy,,,,,2022-08-12,2026-09-28,996
562810,上证增强,上证指数增强ETF嘉实,嘉实基金管理有限公司,SSE,strategy,策略,all-a|strategy,,,,,2025-03-13,2026-09-28,373
562850,央企能源,央企能源ETF嘉实,嘉实基金管理有限公司,SSE,strategy,策略,all-a|strategy,,,,,2023-08-09,2026-09-28,756
563020,低波红利,红利低波ETF易方达,易方达基金管理有限公司,SSE,strategy,策略,all-a|strategy,,,,,2023-12-14,2026-09-28,671
563030,增强500,中证500增强ETF易方达,易方达基金管理有限公司,SSE,strategy,策略,all-a|strategy,,,,,2023-03-13,2026-09-28,857
563050,科技央企,央企科技ETF易方达,易方达基金管理有限公司,SSE,strategy,策略,all-a|strategy,,,,,2023-07-06,2026-09-28,780
563060,央企50,央企50ETF易方达,易方达基金管理有限公司,SSE,strategy,策略,all-a|strategy,,,,,2025-05-19,2026-09-28,330
563090,上50增强,上证50增强ETF易方达,易方达基金管理有限公司,SSE,strategy,策略,all-a|strategy,,,,,2024-06-06,2026-09-28,558
563180,高股息,高股息ETF银华,银华基金管理股份有限公司,SSE,strategy,策略,all-a|strategy,,,,,2024-05-14,2026-09-28,575
563280,A50增强,A50增强ETF富国,富国基金管理有限公司,SSE,strategy,策略,all-a|strategy,,,,,2024-04-12,2026-09-28,594
563510,A500红利,A500红利低波ETF易方达,易方达基金管理有限公司,SSE,strategy,策略,all-a|strategy,,,,,2025-12-01,2026-09-28,197
563550,增强A500,A500增强ETF摩根,摩根基金管理（中国）有限公司,SSE,strategy,策略,all-a|strategy,,,,,2025-05-16,2026-09-28,331
563560,科技成长,科技成长ETF兴业,兴业基金管理有限公司,SSE,strategy,策略,all-a|strategy,,,,,2026-02-27,2026-09-28,141
563580,现金800,自由现金流800ETF万家,万家基金管理有限公司,SSE,strategy,策略,all-a|strategy,,,,,2025-07-25,2026-09-28,282
563590,红利A500,A500红利低波动ETF国寿,国寿安保基金管理有限公司,SSE,strategy,策略,all-a|strategy,,,,,2025-11-05,2026-09-28,215
563600,A500增强,A500增强ETF易方达,易方达基金管理有限公司,SSE,strategy,策略,all-a|strategy,,,,,2025-09-26,2026-09-28,237
563620,现金流全,全指现金流ETF兴业,兴业基金管理有限公司,SSE,strategy,策略,all-a|strategy,,,,,2025-08-20,2026-09-28,264
563630,A500指增,A500增强ETF国联安,国联安基金管理有限公司,SSE,strategy,策略,all-a|strategy,,,,,2025-07-01,2026-09-28,300
563680,现金流TF,800现金流ETF汇添富,汇添富基金管理股份有限公司,SSE,strategy,策略,all-a|strategy,,,,,2025-05-15,2026-09-28,332
563690,红利永赢,红利低波ETF永赢,永赢基金管理有限公司,SSE,strategy,策略,all-a|strategy,,,,,2025-10-10,2026-09-28,233
563700,红利价值,红利价值ETF易方达,易方达基金管理有限公司,SSE,strategy,策略,all-a|strategy,,,,,2025-04-28,2026-09-28,342
563770,全指现金,全指现金流ETF招商,招商基金管理有限公司,SSE,strategy,策略,all-a|strategy,,,,,2025-05-16,2026-09-28,331
563830,现金流基,全指现金流ETF博时,博时基金管理有限公司,SSE,strategy,策略,all-a|strategy,,,,,2025-05-22,2026-09-28,327
563890,红利国有,国企红利ETF创金合信,创金合信基金管理有限公司,SSE,strategy,策略,all-a|strategy,,,,,2025-10-17,2026-09-28,228
563900,现金流,300自由现金流ETF摩根,摩根基金管理（中国）有限公司,SSE,strategy,策略,all-a|strategy,,,,,2025-05-07,2026-09-28,338
563930,上指增强,上证增强ETF招商,招商基金管理有限公司,SSE,strategy,策略,all-a|strategy,,,,,2026-01-06,2026-09-28,173
563960,300质量,300质量ETF兴全,兴证全球基金管理有限公司,SSE,strategy,策略,all-a|strategy,,,,,2026-01-08,2026-09-28,171
563980,800红利,800红利低波ETF鑫元,鑫元基金管理有限公司,SSE,strategy,策略,all-a|strategy,,,,,2025-11-07,2026-09-28,213
563990,800现金,800现金流ETF富国,富国基金管理有限公司,SSE,strategy,策略,all-a|strategy,,,,,2025-04-24,2026-09-28,344
588110,科创成长,科创成长ETF广发,广发基金管理有限公司,SSE,strategy,策略,all-a|strategy,,,,,2023-08-31,2026-09-28,740
588320,双创增强,双创50增强ETF广发,广发基金管理有限公司,SSE,strategy,策略,all-a|strategy,,,,,2023-01-06,2026-09-28,898
588370,科创策略,科创50增强ETF南方,南方基金管理股份有限公司,SSE,strategy,策略,all-a|strategy,,,,,2022-12-13,2026-09-28,915
588460,科创增强,科创50增强ETF鹏华,鹏华基金管理有限公司,SSE,strategy,策略,all-a|strategy,,,,,2023-01-05,2026-09-28,899
588550,科创增指,科创综指增强ETF易方达,易方达基金管理有限公司,SSE,strategy,策略,all-a|strategy,,,,,2025-09-12,2026-09-28,247
588670,科综增强,科创综指增强ETF嘉实,嘉实基金管理有限公司,SSE,strategy,策略,all-a|strategy,,,,,2025-06-13,2026-09-28,312
588690,科综指增,科创增强ETF银华,银华基金管理股份有限公司,SSE,strategy,策略,all-a|strategy,,,,,2025-08-29,2026-09-28,257
588910,科创价值,科创价值ETF建信,建信基金管理有限责任公司,SSE,strategy,策略,all-a|strategy,,,,,2025-04-07,2026-09-28,357
589280,科综增指,科创增强ETF华宝,华宝基金管理有限公司,SSE,strategy,策略,all-a|strategy,,,,,2026-05-20,2026-09-28,87
589550,KC价值,科创价值ETF华夏,华夏基金管理有限公司,SSE,strategy,策略,all-a|strategy,,,,,2025-07-28,2026-09-28,281
589700,成长科创,科创成长ETF南方,南方基金管理股份有限公司,SSE,strategy,策略,all-a|strategy,,,,,2025-06-05,2026-09-28,318
158000,港股通金融ETF鹏华,港股通金融ETF鹏华,鹏华基金管理有限公司,SZSE,hong-kong,港股,hong-kong,,,,,2026-08-25,2026-09-28,23
158003,港股通医疗ETF嘉实,港股通医疗ETF嘉实,嘉实基金管理有限公司,SZSE,hong-kong,港股,hong-kong,,,,,2026-08-18,2026-09-28,28
158042,恒生科技ETF富国,,,SZSE,hong-kong,港股,hong-kong,,,hong-kong-hstech,恒生科技,2026-09-23,2026-09-28,2
159010,港股通科技ETF博时,港股通科技ETF博时,博时基金管理有限公司,SZSE,hong-kong,港股,hong-kong,,,,,2026-05-12,2026-09-28,93
159015,恒生港股通科技ETF国联,恒生港股通科技ETF国联,国联基金管理有限公司,SZSE,hong-kong,港股,hong-kong,,,,,2026-05-07,2026-09-28,96
159028,港股汽车ETF天弘,港股汽车ETF天弘,天弘基金管理有限公司,SZSE,hong-kong,港股,hong-kong,,,,,2026-05-13,2026-09-28,92
159040,港股通互联网ETF鹏华,港股通互联网ETF鹏华,鹏华基金管理有限公司,SZSE,hong-kong,港股,hong-kong,,,,,2026-06-25,2026-09-28,62
159091,港股通金融ETF易方达,港股通金融ETF易方达,易方达基金管理有限公司,SZSE,hong-kong,港股,hong-kong,,,,,2026-07-15,2026-09-28,48
159101,港股通科技ETF华夏,港股通科技ETF华夏,华夏基金管理有限公司,SZSE,hong-kong,港股,hong-kong,,,,,2025-09-02,2026-09-28,255
159102,港股通生物科技ETF华安,港股通生物科技ETF华安,华安基金管理有限公司,SZSE,hong-kong,港股,hong-kong,,,,,2025-09-15,2026-09-28,246
159105,恒生生物科技ETF易方达,恒生生物科技ETF易方达,易方达基金管理有限公司,SZSE,hong-kong,港股,hong-kong,,,,,2025-10-31,2026-09-28,218
159109,恒生50ETF景顺,恒生50ETF景顺,景顺长城基金管理有限公司,SZSE,hong-kong,港股,hong-kong,,,,,2025-10-09,2026-09-28,234
159117,港股通红利低波ETF鹏华,港股通红利低波ETF鹏华,鹏华基金管理有限公司,SZSE,hong-kong,港股,hong-kong,,,,,2025-10-16,2026-09-28,229
159118,港股通红利低波ETF华夏,港股通红利低波ETF华夏,华夏基金管理有限公司,SZSE,hong-kong,港股,hong-kong,,,,,2025-11-26,2026-09-28,200
159120,港股通科技ETF国联安,港股通科技ETF国联安,国联安基金管理有限公司,SZSE,hong-kong,港股,hong-kong,,,,,2025-11-12,2026-09-28,210
159121,港股通汽车ETF易方达,港股通汽车ETF易方达,易方达基金管理有限公司,SZSE,hong-kong,港股,hong-kong,,,,,2025-11-21,2026-09-28,203
159125,港股通科技ETF招商,港股通科技ETF招商,招商基金管理有限公司,SZSE,hong-kong,港股,hong-kong,,,,,2025-11-05,2026-09-28,215
159126,港股通50ETF南方,港股通50ETF南方,南方基金管理股份有限公司,SZSE,hong-kong,港股,hong-kong,,,,,2025-10-31,2026-09-28,218
159127,港股通红利ETF南方,港股通红利ETF南方,南方基金管理股份有限公司,SZSE,hong-kong,港股,hong-kong,,,,,2025-11-19,2026-09-28,205
159128,港股科技ETF天弘,港股科技ETF天弘,天弘基金管理有限公司,SZSE,hong-kong,港股,hong-kong,,,,,2025-11-12,2026-09-28,210
159130,恒生生物科技ETF鹏华,恒生生物科技ETF鹏华,鹏华基金管理有限公司,SZSE,hong-kong,港股,hong-kong,,,,,2025-11-26,2026-09-28,200
159131,港股通信息技术ETF华宝,港股通信息技术ETF华宝,华宝基金管理有限公司,SZSE,hong-kong,港股,hong-kong,,,,,2025-11-12,2026-09-28,210
159132,恒生生物科技ETF富国,恒生生物科技ETF富国,富国基金管理有限公司,SZSE,hong-kong,港股,hong-kong,,,,,2026-01-07,2026-09-28,172
159135,港股通科技ETF前海开源,港股通科技ETF前海开源,前海开源基金管理有限公司,SZSE,hong-kong,港股,hong-kong,,,,,2026-02-10,2026-09-28,148
159137,港股通医疗ETF华宝,港股通医疗ETF华宝,华宝基金管理有限公司,SZSE,hong-kong,港股,hong-kong,,,,,2026-01-09,2026-09-28,170
159143,港股通央企红利ETF平安,港股通央企红利ETF平安,平安基金管理有限公司,SZSE,hong-kong,港股,hong-kong,,,,,2026-01-09,2026-09-28,170
159152,港股通科技ETF平安,港股通科技ETF平安,平安基金管理有限公司,SZSE,hong-kong,港股,hong-kong,,,,,2026-02-02,2026-09-28,154
159167,港股通医疗ETF工银,港股通医疗ETF工银,工银瑞信基金管理有限公司,SZSE,hong-kong,港股,hong-kong,,,,,2026-02-11,2026-09-28,147
159169,恒生生物科技ETF广发,恒生生物科技ETF广发,广发基金管理有限公司,SZSE,hong-kong,港股,hong-kong,,,,,2026-03-03,2026-09-28,139
159170,港股通互联网ETF永赢,港股通互联网ETF永赢,永赢基金管理有限公司,SZSE,hong-kong,港股,hong-kong,,,,,2026-03-18,2026-09-28,128
159179,港股通互联网ETF工银,港股通互联网ETF工银,工银瑞信基金管理有限公司,SZSE,hong-kong,港股,hong-kong,,,,,2026-04-02,2026-09-28,117
159185,港股通信息技术ETF鹏华,港股通信息技术ETF鹏华,鹏华基金管理有限公司,SZSE,hong-kong,港股,hong-kong,,,,,2026-04-23,2026-09-28,103
159186,港股通汽车ETF鹏华,港股通汽车ETF鹏华,鹏华基金管理有限公司,SZSE,hong-kong,港股,hong-kong,,,,,2026-04-17,2026-09-28,107
159191,港股通科技ETF易方达,港股通科技ETF易方达,易方达基金管理有限公司,SZSE,hong-kong,港股,hong-kong,,,,,2026-03-25,2026-09-28,123
159196,港股通信息技术ETF易方达,港股通信息技术ETF易方达,易方达基金管理有限公司,SZSE,hong-kong,港股,hong-kong,,,,,2026-04-01,2026-09-28,118
159198,港股通信息技术ETF富国,港股通信息技术ETF富国,富国基金管理有限公司,SZSE,hong-kong,港股,hong-kong,,,,,2026-04-02,2026-09-28,117
159202,恒生互联网ETF万家,恒生互联网ETF万家,万家基金管理有限公司,SZSE,hong-kong,港股,hong-kong,,,,,2025-04-15,2026-09-28,351
159210,港股通汽车ETF汇添富,港股通汽车ETF汇添富,汇添富基金管理股份有限公司,SZSE,hong-kong,港股,hong-kong,,,,,2025-06-03,2026-09-28,320
159217,港股通创新药ETF工银,港股通创新药ETF工银,工银瑞信基金管理有限公司,SZSE,hong-kong,港股,hong-kong,,,,,2025-04-02,2026-09-28,359
159220,港股通红利低波ETF华宝,港股通红利低波ETF华宝,华宝基金管理有限公司,SZSE,hong-kong,港股,hong-kong,,,,,2025-05-09,2026-09-28,336
159237,港股汽车ETF工银,港股汽车ETF工银,工银瑞信基金管理有限公司,SZSE,hong-kong,港股,hong-kong,,,,,2025-07-04,2026-09-28,297
159239,港股通汽车ETF富国,港股通汽车ETF富国,富国基金管理有限公司,SZSE,hong-kong,港股,hong-kong,,,,,2025-05-27,2026-09-28,324
159245,港股通消费ETF富国,港股通消费ETF富国,富国基金管理有限公司,SZSE,hong-kong,港股,hong-kong,,,,,2025-06-18,2026-09-28,309
159251,港股通科技ETF万家,港股通科技ETF万家,万家基金管理有限公司,SZSE,hong-kong,港股,hong-kong,,,,,2025-07-23,2026-09-28,284
159262,港股通科技ETF广发,港股通科技ETF广发,广发基金管理有限公司,SZSE,hong-kong,港股,hong-kong,,,,,2025-07-04,2026-09-28,297
159265,港股消费ETF鹏华,港股消费ETF鹏华,鹏华基金管理有限公司,SZSE,hong-kong,港股,hong-kong,,,,,2025-07-01,2026-09-28,300
159266,港股央企红利ETF永赢,港股央企红利ETF永赢,永赢基金管理有限公司,SZSE,hong-kong,港股,hong-kong,,,,,2025-07-31,2026-09-28,278
159268,港股通消费ETF汇添富,港股通消费ETF汇添富,汇添富基金管理股份有限公司,SZSE,hong-kong,港股,hong-kong,,,,,2025-07-18,2026-09-28,287
159269,港股通科技ETF南方,港股通科技ETF南方,南方基金管理股份有限公司,SZSE,hong-kong,港股,hong-kong,,,,,2025-07-09,2026-09-28,294
159271,恒生ETF鹏华,恒生ETF鹏华,鹏华基金管理有限公司,SZSE,hong-kong,港股,hong-kong,,,hong-kong-hsi,恒生指数,2025-08-08,2026-09-28,272
159277,港股通红利ETF富国,港股通红利ETF富国,富国基金管理有限公司,SZSE,hong-kong,港股,hong-kong,,,,,2025-08-13,2026-09-28,269
159280,港股通互联网ETF汇添富,港股通互联网ETF汇添富,汇添富基金管理股份有限公司,SZSE,hong-kong,港股,hong-kong,,,,,2025-08-15,2026-09-28,267
159281,港股央企红利ETF天弘,港股央企红利ETF天弘,天弘基金管理有限公司,SZSE,hong-kong,港股,hong-kong,,,,,2025-09-01,2026-09-28,256
159285,港股通消费ETF华安,港股通消费ETF华安,华安基金管理有限公司,SZSE,hong-kong,港股,hong-kong,,,,,2025-10-17,2026-09-28,228
159286,港股通创新药ETF鹏华,港股通创新药ETF鹏华,鹏华基金管理有限公司,SZSE,hong-kong,港股,hong-kong,,,,,2025-09-01,2026-09-28,256
159297,港股通创新药ETF南方,港股通创新药ETF南方,南方基金管理股份有限公司,SZSE,hong-kong,港股,hong-kong,,,,,2025-09-19,2026-09-28,242
159302,港股高股息ETF银华,港股高股息ETF银华,银华基金管理股份有限公司,SZSE,hong-kong,港股,hong-kong,,,,,2024-08-30,2026-09-28,498
159303,恒生医疗ETF大成,恒生医疗ETF大成,大成基金管理有限公司,SZSE,hong-kong,港股,hong-kong,,,,,2024-06-26,2026-09-28,545
159312,恒指港股通ETF广发,恒指港股通ETF广发,广发基金管理有限公司,SZSE,hong-kong,港股,hong-kong,,,,,2024-11-07,2026-09-28,456
159316,港股通创新药ETF易方达,港股通创新药ETF易方达,易方达基金管理有限公司,SZSE,hong-kong,港股,hong-kong,,,,,2025-03-25,2026-09-28,365
159318,恒指港股通ETF银华,恒指港股通ETF银华,银华基金管理股份有限公司,SZSE,hong-kong,港股,hong-kong,,,,,2024-06-20,2026-09-28,549
159323,港股通汽车ETF华夏,港股通汽车ETF华夏,华夏基金管理有限公司,SZSE,hong-kong,港股,hong-kong,,,,,2025-01-07,2026-09-28,414
159331,红利港股ETF国泰,红利港股ETF国泰,国泰基金管理有限公司,SZSE,hong-kong,港股,hong-kong,,,,,2024-07-31,2026-09-28,520
159333,港股央企红利ETF万家,港股央企红利ETF万家,万家基金管理有限公司,SZSE,hong-kong,港股,hong-kong,,,,,2024-09-02,2026-09-28,497
159365,恒指港股通ETF富国,恒指港股通ETF富国,富国基金管理有限公司,SZSE,hong-kong,港股,hong-kong,,,,,2025-06-27,2026-09-28,302
159366,港股医疗ETF永赢,港股医疗ETF永赢,永赢基金管理有限公司,SZSE,hong-kong,港股,hong-kong,,,,,2025-04-11,2026-09-28,353
159506,港股通创新药医疗ETF富国,港股通创新药医疗ETF富国,富国基金管理有限公司,SZSE,hong-kong,港股,hong-kong,,,,,2023-06-30,2026-09-28,784
159519,港股国企ETF国泰,港股国企ETF国泰,国泰基金管理有限公司,SZSE,hong-kong,港股,hong-kong,,,,,2023-08-30,2026-09-28,741
159545,港股通红利低波ETF易方达,港股通红利低波ETF易方达,易方达基金管理有限公司,SZSE,hong-kong,港股,hong-kong,,,,,2024-04-12,2026-09-28,594
159557,恒生医疗ETF嘉实,恒生医疗ETF嘉实,嘉实基金管理有限公司,SZSE,hong-kong,港股,hong-kong,,,,,2024-05-21,2026-09-28,570
159567,港股创新药ETF银华,港股创新药ETF银华,银华基金管理股份有限公司,SZSE,hong-kong,港股,hong-kong,,,,,2024-01-10,2026-09-28,653
159568,港股互联网ETF博时,港股互联网ETF博时,博时基金管理有限公司,SZSE,hong-kong,港股,hong-kong,,,,,2024-02-26,2026-09-28,626
159569,港股红利低波ETF景顺,港股红利低波ETF景顺,景顺长城基金管理有限公司,SZSE,hong-kong,港股,hong-kong,,,,,2024-08-21,2026-09-28,505
159570,港股通创新药ETF汇添富,港股通创新药ETF汇添富,汇添富基金管理股份有限公司,SZSE,hong-kong,港股,hong-kong,,,,,2024-01-19,2026-09-28,646
159615,恒生生物科技ETF南方,恒生生物科技ETF南方,南方基金管理股份有限公司,SZSE,hong-kong,港股,hong-kong,,,,,2022-06-27,2026-09-28,1030
159636,港股通科技30ETF工银,港股通科技30ETF工银,工银瑞信基金管理有限公司,SZSE,hong-kong,港股,hong-kong,,,,,2022-07-19,2026-09-28,1014
159688,恒生互联网ETF华安,恒生互联网ETF华安,华安基金管理有限公司,SZSE,hong-kong,港股,hong-kong,,,,,2023-02-14,2026-09-28,876
159691,港股红利ETF工银,港股红利ETF工银,工银瑞信基金管理有限公司,SZSE,hong-kong,港股,hong-kong,,,,,2023-04-20,2026-09-28,830
159699,恒生消费ETF广发,恒生消费ETF广发,广发基金管理有限公司,SZSE,hong-kong,港股,hong-kong,,,,,2023-08-22,2026-09-28,747
159711,港股通50ETF华夏,港股通50ETF华夏,华夏基金管理有限公司,SZSE,hong-kong,港股,hong-kong,,,,,2021-12-27,2026-09-28,1148
159712,港股通50ETF国泰,港股通50ETF国泰,国泰基金管理有限公司,SZSE,hong-kong,港股,hong-kong,,,,,2021-11-10,2026-09-28,1181
159718,港股医药ETF平安,港股医药ETF平安,平安基金管理有限公司,SZSE,hong-kong,港股,hong-kong,,,,,2021-12-27,2026-09-28,1148
159726,港股通红利ETF华夏,港股通红利ETF华夏,华夏基金管理有限公司,SZSE,hong-kong,港股,hong-kong,,,,,2021-11-22,2026-09-28,1173
159735,港股消费ETF银华,港股消费ETF银华,银华基金管理股份有限公司,SZSE,hong-kong,港股,hong-kong,,,,,2021-06-03,2026-09-28,1287
159740,恒生科技ETF大成,恒生科技ETF大成,大成基金管理有限公司,SZSE,hong-kong,港股,hong-kong,,,hong-kong-hstech,恒生科技,2021-05-26,2026-09-28,1293
159741,恒生科技ETF嘉实,恒生科技ETF嘉实,嘉实基金管理有限公司,SZSE,hong-kong,港股,hong-kong,,,hong-kong-hstech,恒生科技,2021-06-02,2026-09-28,1288
159742,恒生科技ETF博时,恒生科技ETF博时,博时基金管理有限公司,SZSE,hong-kong,港股,hong-kong,,,hong-kong-hstech,恒生科技,2021-05-24,2026-09-28,1295
159747,香港科技ETF南方,香港科技ETF南方,南方基金管理股份有限公司,SZSE,hong-kong,港股,hong-kong,,,,,2021-07-13,2026-09-28,1260
159750,港股科技50ETF招商,港股科技50ETF招商,招商基金管理有限公司,SZSE,hong-kong,港股,hong-kong,,,,,2022-02-11,2026-09-28,1120
159751,港股通科技ETF鹏华,港股通科技ETF鹏华,鹏华基金管理有限公司,SZSE,hong-kong,港股,hong-kong,,,,,2021-12-27,2026-09-28,1148
159776,港股医药ETF银华,港股医药ETF银华,银华基金管理股份有限公司,SZSE,hong-kong,港股,hong-kong,,,,,2022-03-24,2026-09-28,1091
159788,港股通100ETF易方达,港股通100ETF易方达,易方达基金管理有限公司,SZSE,hong-kong,港股,hong-kong,,,,,2022-03-01,2026-09-28,1108
159792,港股通互联网ETF富国,港股通互联网ETF富国,富国基金管理有限公司,SZSE,hong-kong,港股,hong-kong,,,,,2021-09-27,2026-09-28,1208
159809,大湾区ETF基金,,,SZSE,hong-kong,港股,hong-kong,,,,,2020-05-20,2021-10-19,344
159823,H股ETF基金,,,SZSE,hong-kong,港股,hong-kong,,,,,2020-10-22,2024-08-15,929
159850,恒生国企ETF华夏,恒生国企ETF华夏,华夏基金管理有限公司,SZSE,hong-kong,港股,hong-kong,,,,,2021-02-18,2026-09-28,1358
159892,恒生医药ETF华夏,恒生医药ETF华夏,华夏基金管理有限公司,SZSE,hong-kong,港股,hong-kong,,,,,2021-10-18,2026-09-28,1198
159920,恒生ETF华夏,恒生ETF华夏,华夏基金管理有限公司,SZSE,hong-kong,港股,hong-kong,,,hong-kong-hsi,恒生指数,2016-09-22,2026-09-28,2427
159954,恒生中国企业ETF南方,恒生中国企业ETF南方,南方基金管理股份有限公司,SZSE,hong-kong,港股,hong-kong,,,,,2018-03-14,2026-09-28,2070
159960,恒生中国企业ETF平安,恒生中国企业ETF平安,平安基金管理有限公司,SZSE,hong-kong,港股,hong-kong,,,,,2018-10-19,2026-09-28,1924
159963,恒生中国,,,SZSE,hong-kong,港股,hong-kong,,,,,2019-03-25,2021-05-21,525
159978,大湾区ETF,,,SZSE,hong-kong,港股,hong-kong,,,,,2020-04-13,2023-01-10,669
159983,粤港澳大湾区ETF,,,SZSE,hong-kong,港股,hong-kong,,,,,2020-04-22,2024-01-03,900
510900,恒生中国,恒生中国企业ETF易方达,易方达基金管理有限公司,SSE,hong-kong,港股,hong-kong,,,,,2012-10-22,2026-09-28,3382
513010,港股科技,恒生科技ETF易方达,易方达基金管理有限公司,SSE,hong-kong,港股,hong-kong,,,hong-kong-hstech,恒生科技,2021-05-25,2026-09-28,1294
513020,科技HK,港股科技ETF国泰,国泰基金管理有限公司,SSE,hong-kong,港股,hong-kong,,,,,2022-02-08,2026-09-28,1123
513040,HK互联网,港股通互联网ETF易方达,易方达基金管理有限公司,SSE,hong-kong,港股,hong-kong,,,,,2023-06-12,2026-09-28,796
513060,恒生医疗,恒生医疗ETF博时,博时基金管理有限公司,SSE,hong-kong,港股,hong-kong,,,,,2021-03-29,2026-09-28,1331
513070,HK消费50,港股通消费ETF易方达,易方达基金管理有限公司,SSE,hong-kong,港股,hong-kong,,,,,2022-03-24,2026-09-28,1091
513090,香港证券,香港证券ETF易方达,易方达基金管理有限公司,SSE,hong-kong,港股,hong-kong,,,,,2020-03-26,2026-09-28,1575
513120,HK创新药,港股创新药ETF广发,广发基金管理有限公司,SSE,hong-kong,港股,hong-kong,,,,,2022-07-12,2026-09-28,1019
513130,恒生科技,恒生科技ETF华泰柏瑞,华泰柏瑞基金管理有限公司,SSE,hong-kong,港股,hong-kong,,,hong-kong-hstech,恒生科技,2021-06-01,2026-09-28,1289
513140,港股金融,港股通金融ETF华泰柏瑞,华泰柏瑞基金管理有限公司,SSE,hong-kong,港股,hong-kong,,,,,2023-01-12,2026-09-28,894
513150,港科技50,港股通科技ETF华泰柏瑞,华泰柏瑞基金管理有限公司,SSE,hong-kong,港股,hong-kong,,,,,2022-02-11,2026-09-28,1120
513170,恒生央企,恒生央企ETF鹏华,鹏华基金管理有限公司,SSE,hong-kong,港股,hong-kong,,,,,2024-04-19,2026-09-28,589
513180,恒指科技,恒生科技ETF华夏,华夏基金管理有限公司,SSE,hong-kong,港股,hong-kong,,,hong-kong-hstech,恒生科技,2021-05-25,2026-09-28,1294
513190,H股金融,港股通金融ETF华夏,华夏基金管理有限公司,SSE,hong-kong,港股,hong-kong,,,,,2023-10-11,2026-09-28,717
513200,港股医药,港股通医药ETF易方达,易方达基金管理有限公司,SSE,hong-kong,港股,hong-kong,,,,,2022-02-11,2026-09-28,1120
513210,恒生E,恒生ETF易方达,易方达基金管理有限公司,SSE,hong-kong,港股,hong-kong,,,hong-kong-hsi,恒生指数,2024-04-22,2026-09-28,588
513230,H股消费,港股通消费ETF华夏,华夏基金管理有限公司,SSE,hong-kong,港股,hong-kong,,,,,2022-01-24,2026-09-28,1129
513240,港信息,港股通信息技术ETF华安,华安基金管理有限公司,SSE,hong-kong,港股,hong-kong,,,,,2026-05-08,2026-09-28,95
513260,恒科技,恒生科技ETF汇添富,汇添富基金管理股份有限公司,SSE,hong-kong,港股,hong-kong,,,hong-kong-hstech,恒生科技,2022-09-13,2026-09-28,975
513280,恒生生物,恒生生物科技ETF汇添富,汇添富基金管理股份有限公司,SSE,hong-kong,港股,hong-kong,,,,,2022-07-18,2026-09-28,1015
513320,HK新经济,港股通新经济ETF易方达,易方达基金管理有限公司,SSE,hong-kong,港股,hong-kong,,,,,2022-03-21,2026-09-28,1094
513330,恒生互联,恒生互联网ETF华夏,华夏基金管理有限公司,SSE,hong-kong,港股,hong-kong,,,,,2021-02-08,2026-09-28,1361
513380,科技恒生,恒生科技ETF广发,广发基金管理有限公司,SSE,hong-kong,港股,hong-kong,,,hong-kong-hstech,恒生科技,2022-05-12,2026-09-28,1061
513530,港股红利,港股通红利ETF华泰柏瑞,华泰柏瑞基金管理有限公司,SSE,hong-kong,港股,hong-kong,,,,,2022-04-25,2026-09-28,1071
513550,港股通50,港股通50ETF华泰柏瑞,华泰柏瑞基金管理有限公司,SSE,hong-kong,港股,hong-kong,,,,,2021-01-13,2026-09-28,1379
513560,香港科技,香港科技ETF兴银,兴银基金管理有限责任公司,SSE,hong-kong,港股,hong-kong,,,,,2023-02-13,2026-09-28,877
513580,HS科技,恒生科技ETF华安,华安基金管理有限公司,SSE,hong-kong,港股,hong-kong,,,hong-kong-hstech,恒生科技,2021-05-27,2026-09-28,1292
513590,香港消费,港股通消费ETF鹏华,鹏华基金管理有限公司,SSE,hong-kong,港股,hong-kong,,,,,2021-08-19,2026-09-28,1233
513600,恒指ETF,恒生指数ETF南方,南方基金管理股份有限公司,SSE,hong-kong,港股,hong-kong,,,hong-kong-hsi,恒生指数,2015-01-26,2026-09-28,2833
513620,港医疗指,港股医疗ETF银华,银华基金管理股份有限公司,SSE,hong-kong,港股,hong-kong,,,,,2026-05-18,2026-09-28,89
513630,香港红利,港股低波红利ETF摩根,摩根基金管理（中国）有限公司,SSE,hong-kong,港股,hong-kong,,,,,2023-12-08,2026-09-28,675
513660,恒生通,恒生ETF华夏,华夏基金管理有限公司,SSE,hong-kong,港股,hong-kong,,,hong-kong-hsi,恒生指数,2015-01-26,2026-09-28,2833
513680,建信H股,,,SSE,hong-kong,港股,hong-kong,,,,,2019-01-21,2023-03-24,1013
513690,港红利股,港股红利ETF博时,博时基金管理有限公司,SSE,hong-kong,港股,hong-kong,,,,,2021-05-20,2026-09-28,1297
513700,香港医药,港股通医药ETF鹏华,鹏华基金管理有限公司,SSE,hong-kong,港股,hong-kong,,,,,2021-08-06,2026-09-28,1242
513720,香港互联,港股互联网ETF国泰,国泰基金管理有限公司,SSE,hong-kong,港股,hong-kong,,,,,2026-01-09,2026-09-28,170
513750,港股非银,港股通非银ETF广发,广发基金管理有限公司,SSE,hong-kong,港股,hong-kong,,,,,2023-11-27,2026-09-28,684
513770,港股互联,港股互联网ETF华宝,华宝基金管理有限公司,SSE,hong-kong,港股,hong-kong,,,,,2022-02-18,2026-09-28,1115
513780,港股新药,港股创新药ETF景顺,景顺长城基金管理有限公司,SSE,hong-kong,港股,hong-kong,,,,,2024-10-25,2026-09-28,465
513810,港股国企,港股国企ETF华夏,华夏基金管理有限公司,SSE,hong-kong,港股,hong-kong,,,,,2023-09-01,2026-09-28,739
513820,港股分红,港股通红利ETF汇添富,汇添富基金管理股份有限公司,SSE,hong-kong,港股,hong-kong,,,,,2024-05-16,2026-09-28,573
513830,红利港股,港股通高股息ETF嘉实,嘉实基金管理有限公司,SSE,hong-kong,港股,hong-kong,,,,,2025-03-07,2026-09-28,377
513860,HKC科技,港股通科技ETF海富通,海富通基金管理有限公司,SSE,hong-kong,港股,hong-kong,,,,,2021-07-02,2026-09-28,1267
513890,HK科技,恒生科技ETF摩根,摩根基金管理（中国）有限公司,SSE,hong-kong,港股,hong-kong,,,hong-kong-hstech,恒生科技,2022-01-21,2026-09-28,1130
513900,港股100,港股通100ETF华安,华安基金管理有限公司,SSE,hong-kong,港股,hong-kong,,,,,2018-05-25,2026-09-28,2022
513930,香港生科,恒生生物科技ETF华泰柏瑞,华泰柏瑞基金管理有限公司,SSE,hong-kong,港股,hong-kong,,,,,2026-03-18,2026-09-28,128
513950,恒生红利,恒生红利ETF富国,富国基金管理有限公司,SSE,hong-kong,港股,hong-kong,,,,,2023-04-28,2026-09-28,824
513960,港股消费,,,SSE,hong-kong,港股,hong-kong,,,,,2022-03-18,2024-11-07,640
513970,恒生消费,恒生消费ETF景顺,景顺长城基金管理有限公司,SSE,hong-kong,港股,hong-kong,,,,,2023-04-21,2026-09-28,829
513980,科技港股,港股科技ETF景顺,景顺长城基金管理有限公司,SSE,hong-kong,港股,hong-kong,,,,,2021-07-02,2026-09-28,1267
513990,港股通综,港股通ETF招商,招商基金管理有限公司,SSE,hong-kong,港股,hong-kong,,,,,2020-08-18,2026-09-28,1478
517000,沪港深,沪港深500ETF银华,银华基金管理股份有限公司,SSE,hong-kong,港股,hong-kong,,,,,2021-03-05,2026-09-28,1347
517010,HGS500E,沪港深500ETF易方达,易方达基金管理有限公司,SSE,hong-kong,港股,hong-kong,,,,,2021-08-12,2026-09-28,1238
517030,HGS300,沪港深300ETF易方达,易方达基金管理有限公司,SSE,hong-kong,港股,hong-kong,,,,,2021-09-27,2026-09-28,1208
517050,互联网50,互联网ETF华泰柏瑞,华泰柏瑞基金管理有限公司,SSE,hong-kong,港股,hong-kong,,,,,2021-02-08,2026-09-28,1361
517060,沪港深ET,,,SSE,hong-kong,港股,hong-kong,,,,,2021-03-26,2022-11-10,395
517080,HGS500,沪港深500ETF汇添富,汇添富基金管理股份有限公司,SSE,hong-kong,港股,hong-kong,,,,,2021-02-22,2026-09-28,1356
517090,共赢ETF,央企共赢ETF国泰,国泰基金管理有限公司,SSE,hong-kong,港股,hong-kong,,,,,2021-12-28,2026-09-28,1147
517100,AH500ETF,沪港深500ETF富国,富国基金管理有限公司,SSE,hong-kong,港股,hong-kong,,,,,2021-03-02,2026-09-28,1350
517110,创新药HK,创新药ETF国泰,国泰基金管理有限公司,SSE,hong-kong,港股,hong-kong,,,,,2021-09-30,2026-09-28,1205
517120,创新药50,创新药ETF华泰柏瑞,华泰柏瑞基金管理有限公司,SSE,hong-kong,港股,hong-kong,,,,,2021-07-19,2026-09-28,1256
517130,云计算JS,云计算ETF嘉实,嘉实基金管理有限公司,SSE,hong-kong,港股,hong-kong,,,,,2026-06-01,2026-09-28,79
517160,长江ETF,长江保护ETF南方,南方基金管理股份有限公司,SSE,hong-kong,港股,hong-kong,,,,,2022-01-05,2026-09-28,1142
517170,沪港深E,沪港深500ETF华夏,华夏基金管理有限公司,SSE,hong-kong,港股,hong-kong,,,,,2021-04-20,2026-09-28,1316
517180,中国国企,中国国企ETF南方,南方基金管理股份有限公司,SSE,hong-kong,港股,hong-kong,,,,,2021-12-28,2026-09-28,1147
517200,互联网,互联网ETF嘉实,嘉实基金管理有限公司,SSE,hong-kong,港股,hong-kong,,,,,2021-02-08,2026-09-28,1361
517230,云计算MW,云计算ETF永赢,永赢基金管理有限公司,SSE,hong-kong,港股,hong-kong,,,,,2026-08-20,2026-09-28,27
517270,科技TOP,,,SSE,hong-kong,港股,hong-kong,,,,,2022-01-12,2024-05-17,566
517280,网购ETF,,,SSE,hong-kong,港股,hong-kong,,,,,2021-12-03,2024-08-23,662
517300,AH300ETF,沪港深300ETF国寿,国寿安保基金管理有限公司,SSE,hong-kong,港股,hong-kong,,,,,2021-02-24,2026-09-28,1354
517330,长江保护,长江保护ETF易方达,易方达基金管理有限公司,SSE,hong-kong,港股,hong-kong,,,,,2022-01-05,2026-09-28,1142
517350,龙头科技,沪港深科技ETF广发,广发基金管理有限公司,SSE,hong-kong,港股,hong-kong,,,,,2021-06-03,2026-09-28,1287
517360,AH科技,沪港深科技ETF华安,华安基金管理有限公司,SSE,hong-kong,港股,hong-kong,,,,,2021-07-05,2026-09-28,1266
517380,创新药AH,创新药ETF天弘,天弘基金管理有限公司,SSE,hong-kong,港股,hong-kong,,,,,2021-08-09,2026-09-28,1241
517390,云计算AH,云计算ETF天弘,天弘基金管理有限公司,SSE,hong-kong,港股,hong-kong,,,,,2021-12-23,2026-09-28,1150
517400,黄金股票,黄金股ETF国泰,国泰基金管理有限公司,SSE,hong-kong,港股,hong-kong,,,,,2024-05-08,2026-09-28,579
517500,游戏AH,,,SSE,hong-kong,港股,hong-kong,,,,,2022-03-15,2023-12-20,432
517520,黄金股,黄金股ETF永赢,永赢基金管理有限公司,SSE,hong-kong,港股,hong-kong,,,,,2023-11-01,2026-09-28,702
517550,消费主题,沪港深消费龙头ETF招商,招商基金管理有限公司,SSE,hong-kong,港股,hong-kong,,,,,2022-02-08,2026-09-28,1123
517660,物联网AH,物联网ETF天弘,天弘基金管理有限公司,SSE,hong-kong,港股,hong-kong,,,,,2021-10-25,2026-09-28,1193
517760,消费TOP,,,SSE,hong-kong,港股,hong-kong,,,,,2022-04-19,2024-05-28,511
517770,游戏传媒,游戏传媒ETF浦银,浦银基金管理有限公司,SSE,hong-kong,港股,hong-kong,,,,,2021-12-03,2026-09-28,1164
517780,红300,,,SSE,hong-kong,港股,hong-kong,,,,,2022-03-18,2023-11-13,402
517800,AI50,人工智能50ETF方正富邦,方正富邦基金管理有限公司,SSE,hong-kong,港股,hong-kong,,,,,2021-08-26,2026-09-28,1228
517850,张江ETF,张江ETF汇添富,汇添富基金管理股份有限公司,SSE,hong-kong,港股,hong-kong,,,,,2022-05-16,2026-09-28,1059
517880,品牌消费,品牌消费ETF华泰柏瑞,华泰柏瑞基金管理有限公司,SSE,hong-kong,港股,hong-kong,,,,,2021-12-01,2026-09-28,1166
517900,银行优选,银行AH优选ETF招商,招商基金管理有限公司,SSE,hong-kong,港股,hong-kong,,,,,2022-03-25,2026-09-28,1090
517950,交银科技,沪深港科技50ETF交银,交银施罗德基金管理有限公司,SSE,hong-kong,港股,hong-kong,,,,,2025-12-18,2026-09-28,184
517960,科技AH,,,SSE,hong-kong,港股,hong-kong,,,,,2021-12-23,2024-09-03,655
517990,医药基金,沪港深医药ETF招商,招商基金管理有限公司,SSE,hong-kong,港股,hong-kong,,,,,2022-05-19,2026-09-28,1056
520500,恒生新药,恒生创新药ETF华泰柏瑞,华泰柏瑞基金管理有限公司,SSE,hong-kong,港股,hong-kong,,,,,2024-12-27,2026-09-28,420
520510,港股医疗,港股通医疗ETF华夏,华夏基金管理有限公司,SSE,hong-kong,港股,hong-kong,,,,,2025-08-07,2026-09-28,273
520520,HK消费,恒生消费ETF华泰柏瑞,华泰柏瑞基金管理有限公司,SSE,hong-kong,港股,hong-kong,,,,,2024-11-01,2026-09-28,460
520530,港科ETF,港股通科技ETF东财,东财基金管理有限公司,SSE,hong-kong,港股,hong-kong,,,,,2025-12-08,2026-09-28,192
520550,红利恒生,港股红利低波ETF招商,招商基金管理有限公司,SSE,hong-kong,港股,hong-kong,,,,,2025-01-24,2026-09-28,401
520560,香港30,香港大盘30ETF华宝,华宝基金管理有限公司,SSE,hong-kong,港股,hong-kong,,,,,2025-10-13,2026-09-28,232
520570,科技恒指,恒生科技ETF南方,南方基金管理股份有限公司,SSE,hong-kong,港股,hong-kong,,,hong-kong-hstech,恒生科技,2025-11-17,2026-09-28,207
520580,新兴亚洲,新兴亚洲ETF招商,招商基金管理有限公司,SSE,hong-kong,港股,hong-kong,,,,,2025-02-20,2026-09-28,388
520590,恒科,恒生科技ETF鹏华,鹏华基金管理有限公司,SSE,hong-kong,港股,hong-kong,,,hong-kong-hstech,恒生科技,2025-12-01,2026-09-28,197
520600,汽车港股,港股通汽车ETF广发,广发基金管理有限公司,SSE,hong-kong,港股,hong-kong,,,,,2024-12-30,2026-09-28,419
520610,港红利指,港股红利低波ETF银华,银华基金管理股份有限公司,SSE,hong-kong,港股,hong-kong,,,,,2026-02-09,2026-09-28,149
520620,港股消费,恒生消费ETF嘉实,嘉实基金管理有限公司,SSE,hong-kong,港股,hong-kong,,,,,2025-08-19,2026-09-28,265
520630,互联港股,港股通互联网ETF广发,广发基金管理有限公司,SSE,hong-kong,港股,hong-kong,,,,,2025-12-22,2026-09-28,182
520650,互联网HK,港股通互联网ETF南方,南方基金管理股份有限公司,SSE,hong-kong,港股,hong-kong,,,,,2025-11-10,2026-09-28,212
520660,港红利CS,港股通央企红利ETF南方,南方基金管理股份有限公司,SSE,hong-kong,港股,hong-kong,,,,,2024-07-10,2026-09-28,535
520670,港科基金,港股通科技ETF嘉实,嘉实基金管理有限公司,SSE,hong-kong,港股,hong-kong,,,,,2025-08-19,2026-09-28,265
520680,港股通车,港股通汽车ETF南方,南方基金管理股份有限公司,SSE,hong-kong,港股,hong-kong,,,,,2026-03-26,2026-09-28,122
520690,恒生港药,港股创新药ETF博时,博时基金管理有限公司,SSE,hong-kong,港股,hong-kong,,,,,2025-08-01,2026-09-28,277
520700,创新药WJ,港股通创新药ETF万家,万家基金管理有限公司,SSE,hong-kong,港股,hong-kong,,,,,2024-10-14,2026-09-28,474
520710,信息港股,港股通信息技术ETF广发,广发基金管理有限公司,SSE,hong-kong,港股,hong-kong,,,,,2026-06-01,2026-09-28,79
520720,香港汽车,港股汽车ETF国泰,国泰基金管理有限公司,SSE,hong-kong,港股,hong-kong,,,,,2025-09-25,2026-09-28,238
520730,汽车WJ,港股通汽车ETF万家,万家基金管理有限公司,SSE,hong-kong,港股,hong-kong,,,,,2026-05-15,2026-09-28,90
520740,互联香港,港股通互联网ETF华安,华安基金管理有限公司,SSE,hong-kong,港股,hong-kong,,,,,2026-08-10,2026-09-28,35
520750,HK信息,港股通信息ETF华富,华富基金管理有限公司,SSE,hong-kong,港股,hong-kong,,,,,2026-07-10,2026-09-28,51
520760,港股生物,恒生生物科技ETF摩根,摩根基金管理（中国）有限公司,SSE,hong-kong,港股,hong-kong,,,,,2026-03-02,2026-09-28,140
520770,港股恒指,恒指港股通ETF建信,建信基金管理有限责任公司,SSE,hong-kong,港股,hong-kong,,,,,2026-01-26,2026-09-28,159
520780,港股车50,港股通汽车ETF华宝,华宝基金管理有限公司,SSE,hong-kong,港股,hong-kong,,,,,2025-12-29,2026-09-28,177
520790,港互联网,港股通互联网ETF兴业,兴业基金管理有限公司,SSE,hong-kong,港股,hong-kong,,,,,2026-03-30,2026-09-28,120
520810,港高股息,港股通红利ETF易方达,易方达基金管理有限公司,SSE,hong-kong,港股,hong-kong,,,,,2026-01-12,2026-09-28,169
520820,恒指通,恒指港股通ETF汇添富,汇添富基金管理股份有限公司,SSE,hong-kong,港股,hong-kong,,,,,2025-12-15,2026-09-28,187
520830,沙特ETF,沙特ETF华泰柏瑞,华泰柏瑞基金管理有限公司,SSE,hong-kong,港股,hong-kong,,,,,2024-07-16,2026-09-28,531
520840,港科技,港股通恒生科技ETF华安,华安基金管理有限公司,SSE,hong-kong,港股,hong-kong,,,,,2025-08-25,2026-09-28,261
520850,港医疗,港股通医疗ETF易方达,易方达基金管理有限公司,SSE,hong-kong,港股,hong-kong,,,,,2026-01-19,2026-09-28,164
520860,港股通科,港股通科技ETF富国,富国基金管理有限公司,SSE,hong-kong,港股,hong-kong,,,,,2025-07-25,2026-09-28,282
520870,巴西ETF,巴西ETF易方达,易方达基金管理有限公司,SSE,hong-kong,港股,hong-kong,,,,,2025-11-13,2026-09-28,209
520880,港创新药,港股通创新药ETF华宝,华宝基金管理有限公司,SSE,hong-kong,港股,hong-kong,,,,,2025-07-07,2026-09-28,296
520890,港红利,港股通红利低波ETF华泰柏瑞,华泰柏瑞基金管理有限公司,SSE,hong-kong,港股,hong-kong,,,,,2024-09-20,2026-09-28,485
520900,红利香港,港股通红利ETF广发,广发基金管理有限公司,SSE,hong-kong,港股,hong-kong,,,,,2024-07-10,2026-09-28,535
520910,HK互联,港股通互联网ETF华夏,华夏基金管理有限公司,SSE,hong-kong,港股,hong-kong,,,,,2026-02-02,2026-09-28,154
520920,恒生科TH,恒生科技ETF天弘,天弘基金管理有限公司,SSE,hong-kong,港股,hong-kong,,,hong-kong-hstech,恒生科技,2025-09-30,2026-09-28,235
520930,恒生生科,恒生生物科技ETF国泰,国泰基金管理有限公司,SSE,hong-kong,港股,hong-kong,,,,,2026-02-24,2026-09-28,144
520940,恒指基金,港股通恒生ETF华安,华安基金管理有限公司,SSE,hong-kong,港股,hong-kong,,,,,2025-06-09,2026-09-28,316
520950,港股50,港股通50ETF摩根,摩根基金管理（中国）有限公司,SSE,hong-kong,港股,hong-kong,,,,,2025-11-25,2026-09-28,201
520960,恒指港通,恒指港股通ETF嘉实,嘉实基金管理有限公司,SSE,hong-kong,港股,hong-kong,,,,,2025-10-31,2026-09-28,218
520970,港股通药,港股通创新药ETF嘉实,嘉实基金管理有限公司,SSE,hong-kong,港股,hong-kong,,,,,2025-08-07,2026-09-28,273
520980,港科技30,港股通科技ETF汇添富,汇添富基金管理股份有限公司,SSE,hong-kong,港股,hong-kong,,,,,2025-07-02,2026-09-28,299
520990,国新红利,港股央企红利ETF景顺,景顺长城基金管理有限公司,SSE,hong-kong,港股,hong-kong,,,,,2024-07-10,2026-09-28,535
526000,港股信息,港股通信息技术ETF华夏,华夏基金管理有限公司,SSE,hong-kong,港股,hong-kong,,,,,2026-04-10,2026-09-28,112
526010,香港医疗,港股通医疗ETF汇添富,汇添富基金管理股份有限公司,SSE,hong-kong,港股,hong-kong,,,,,2026-04-17,2026-09-28,107
526030,港信息基,港股通信息技术ETF汇添富,汇添富基金管理股份有限公司,SSE,hong-kong,港股,hong-kong,,,,,2026-06-26,2026-09-28,61
526050,香港信息,港股通信息技术ETF招商,招商基金管理有限公司,SSE,hong-kong,港股,hong-kong,,,,,2026-04-30,2026-09-28,98
526060,港股技术,港股通信息技术ETF华泰柏瑞,华泰柏瑞基金管理有限公司,SSE,hong-kong,港股,hong-kong,,,,,2026-09-04,2026-09-28,16
526070,恒生博时,恒指港股通ETF博时,博时基金管理有限公司,SSE,hong-kong,港股,hong-kong,,,,,2026-05-29,2026-09-28,80
159100,巴西ETF华夏,巴西ETF华夏,华夏基金管理有限公司,SZSE,overseas,海外,overseas,,,,,2025-11-12,2026-09-28,210
159329,沙特ETF南方,沙特ETF南方,南方基金管理股份有限公司,SZSE,overseas,海外,overseas,,,,,2024-07-15,2026-09-28,531
159501,纳指ETF嘉实,纳指ETF嘉实,嘉实基金管理有限公司,SZSE,overseas,海外,overseas,,,,,2023-06-13,2026-09-28,794
159502,标普生物科技ETF嘉实,标普生物科技ETF嘉实,嘉实基金管理有限公司,SZSE,overseas,海外,overseas,,,,,2024-01-09,2026-09-28,653
159509,纳指科技ETF景顺,纳指科技ETF景顺,景顺长城基金管理有限公司,SZSE,overseas,海外,overseas,,,,,2023-08-07,2026-09-28,757
159513,纳斯达克100ETF大成,纳斯达克100ETF大成,大成基金管理有限公司,SZSE,overseas,海外,overseas,,,,,2023-07-27,2026-09-28,764
159518,标普油气ETF嘉实,标普油气ETF嘉实,嘉实基金管理有限公司,SZSE,overseas,海外,overseas,,,,,2023-11-14,2026-09-28,692
159529,标普消费ETF景顺,标普消费ETF景顺,景顺长城基金管理有限公司,SZSE,overseas,海外,overseas,,,,,2024-02-01,2026-09-28,636
159561,德国ETF嘉实,德国ETF嘉实,嘉实基金管理有限公司,SZSE,overseas,海外,overseas,,,,,2024-04-29,2026-09-28,582
159577,美国50ETF汇添富,美国50ETF汇添富,汇添富基金管理股份有限公司,SZSE,overseas,海外,overseas,,,,,2024-02-22,2026-09-28,627
159605,中概互联ETF广发,中概互联ETF广发,广发基金管理有限公司,SZSE,overseas,海外,overseas,,,,,2021-12-01,2026-09-28,1165
159607,中概互联网ETF嘉实,中概互联网ETF嘉实,嘉实基金管理有限公司,SZSE,overseas,海外,overseas,,,,,2021-12-01,2026-09-28,1165
159612,标普500ETF国泰,标普500ETF国泰,国泰基金管理有限公司,SZSE,overseas,海外,overseas,,,,,2022-05-19,2026-09-28,1055
159632,纳斯达克ETF华安,纳斯达克ETF华安,华安基金管理有限公司,SZSE,overseas,海外,overseas,,,,,2022-08-02,2026-09-28,1003
159655,标普500ETF华夏,标普500ETF华夏,华夏基金管理有限公司,SZSE,overseas,海外,overseas,,,,,2022-10-24,2026-09-28,950
159659,纳斯达克100ETF招商,纳斯达克100ETF招商,招商基金管理有限公司,SZSE,overseas,海外,overseas,,,,,2023-04-24,2026-09-28,827
159660,纳指ETF汇添富,纳指ETF汇添富,汇添富基金管理股份有限公司,SZSE,overseas,海外,overseas,,,,,2023-04-14,2026-09-28,833
159696,纳指ETF易方达,纳指ETF易方达,易方达基金管理有限公司,SZSE,overseas,海外,overseas,,,,,2023-08-24,2026-09-28,744
159866,日经ETF工银,日经ETF工银,工银瑞信基金管理有限公司,SZSE,overseas,海外,overseas,,,,,2021-04-07,2026-09-28,1325
159941,纳指ETF广发,纳指ETF广发,广发基金管理有限公司,SZSE,overseas,海外,overseas,,,,,2016-09-22,2026-09-28,2426
513000,225ETF,日经225ETF易方达,易方达基金管理有限公司,SSE,overseas,海外,overseas,,,,,2019-06-25,2026-09-28,1759
513030,德国ETF,德国ETF华安,华安基金管理有限公司,SSE,overseas,海外,overseas,,,,,2014-09-05,2026-09-28,2926
513050,中概互联,中概互联网ETF易方达,易方达基金管理有限公司,SSE,overseas,海外,overseas,,,,,2017-01-18,2026-09-28,2349
513080,法国ETF,法国ETF华安,华安基金管理有限公司,SSE,overseas,海外,overseas,,,,,2020-06-12,2026-09-28,1523
513100,纳指ETF,纳指ETF国泰,国泰基金管理有限公司,SSE,overseas,海外,overseas,,,,,2013-05-15,2026-09-28,3248
513110,纳指100,纳指ETF华泰柏瑞,华泰柏瑞基金管理有限公司,SSE,overseas,海外,overseas,,,,,2023-03-20,2026-09-28,852
513160,科技30,港股科技ETF银华,银华基金管理股份有限公司,SSE,overseas,海外,overseas,,,,,2022-02-09,2026-09-28,1122
513220,互联网30,中概互联ETF招商,招商基金管理有限公司,SSE,overseas,海外,overseas,,,,,2022-07-15,2026-09-28,1016
513290,纳指生物,纳指生物科技ETF汇添富,汇添富基金管理股份有限公司,SSE,overseas,海外,overseas,,,,,2022-08-29,2026-09-28,985
513300,纳斯达克,纳斯达克ETF华夏,华夏基金管理有限公司,SSE,overseas,海外,overseas,,,,,2020-11-05,2026-09-28,1427
513310,中韩芯片,中韩半导体ETF华泰柏瑞,华泰柏瑞基金管理有限公司,SSE,overseas,海外,overseas,,,,,2022-12-22,2026-09-28,908
513350,油气ETF,标普油气ETF富国,富国基金管理有限公司,SSE,overseas,海外,overseas,,,,,2023-11-28,2026-09-28,683
513360,教育ETF,教育ETF博时,博时基金管理有限公司,SSE,overseas,海外,overseas,,,,,2021-06-17,2026-09-28,1278
513390,纳指基金,纳指100ETF博时,博时基金管理有限公司,SSE,overseas,海外,overseas,,,,,2023-05-08,2026-09-28,821
513400,道琼斯,道琼斯ETF鹏华,鹏华基金管理有限公司,SSE,overseas,海外,overseas,,,,,2024-02-02,2026-09-28,636
513500,标普500,标普500ETF博时,博时基金管理有限公司,SSE,overseas,海外,overseas,,,,,2014-01-15,2026-09-28,3084
513520,日经ETF,日经ETF华夏,华夏基金管理有限公司,SSE,overseas,海外,overseas,,,,,2019-06-25,2026-09-28,1759
513650,标普ETF,标普500ETF南方,南方基金管理股份有限公司,SSE,overseas,海外,overseas,,,,,2023-04-04,2026-09-28,841
513730,东南亚,东南亚科技ETF华泰柏瑞,华泰柏瑞基金管理有限公司,SSE,overseas,海外,overseas,,,,,2023-12-01,2026-09-28,680
513800,东证ETF,日本东证指数ETF南方,南方基金管理股份有限公司,SSE,overseas,海外,overseas,,,,,2019-06-25,2026-09-28,1759
513850,美国50,美国50ETF易方达,易方达基金管理有限公司,SSE,overseas,海外,overseas,,,,,2023-11-17,2026-09-28,690
513870,纳指指数,纳指ETF富国,富国基金管理有限公司,SSE,overseas,海外,overseas,,,,,2023-11-02,2026-09-28,701
513880,日经225,日经225ETF华安,华安基金管理有限公司,SSE,overseas,海外,overseas,,,,,2019-06-25,2026-09-28,1759
513910,红利央企,港股通央企红利ETF华夏,华夏基金管理有限公司,SSE,overseas,海外,overseas,,,,,2024-03-04,2026-09-28,621
513920,央企40,港股通央企红利ETF华安,华安基金管理有限公司,SSE,overseas,海外,overseas,,,,,2024-01-05,2026-09-28,656
562060,标普红利,标普A股红利ETF华宝,华宝基金管理有限公司,SSE,overseas,海外,overseas,,,,,2023-12-28,2026-09-28,661
159812,黄金ETF前海开源,黄金ETF前海开源,前海开源基金管理有限公司,SZSE,gold,黄金,gold,,,,,2020-05-28,2026-09-28,1534
159830,金ETF天弘,金ETF天弘,天弘基金管理有限公司,SZSE,gold,黄金,gold,,,,,2021-07-16,2026-09-28,1257
159831,金ETF嘉实,金ETF嘉实,嘉实基金管理有限公司,SZSE,gold,黄金,gold,,,,,2022-04-06,2026-09-28,1084
159832,平安金ETF,,,SZSE,gold,黄金,gold,,,,,2022-03-17,2023-03-28,251
159833,上海金基金ETF,,,SZSE,gold,黄金,gold,,,,,2022-03-28,2023-06-02,288
159834,金ETF南方,金ETF南方,南方基金管理股份有限公司,SZSE,gold,黄金,gold,,,,,2022-03-15,2026-09-28,1098
159934,黄金ETF易方达,黄金ETF易方达,易方达基金管理有限公司,SZSE,gold,黄金,gold,,,,,2016-09-22,2026-09-28,2427
159937,黄金ETF博时,黄金ETF博时,博时基金管理有限公司,SZSE,gold,黄金,gold,,,,,2016-09-22,2026-09-28,2427
518600,上海金,金ETF广发,广发基金管理有限公司,SSE,gold,黄金,gold,,,,,2020-08-05,2026-09-28,1487
518660,工银黄金,黄金ETF工银,工银瑞信基金管理有限公司,SSE,gold,黄金,gold,,,,,2020-05-29,2026-09-28,1533
518680,金ETF,金ETF富国,富国基金管理有限公司,SSE,gold,黄金,gold,,,,,2020-07-28,2026-09-28,1493
518800,黄金基金,黄金ETF国泰,国泰基金管理有限公司,SSE,gold,黄金,gold,,,,,2013-07-29,2026-09-28,3198
518850,黄金9999,黄金ETF华夏,华夏基金管理有限公司,SSE,gold,黄金,gold,,,,,2020-06-05,2026-09-28,1528
518860,上海金E,上海金ETF建信,建信基金管理有限责任公司,SSE,gold,黄金,gold,,,,,2020-09-07,2026-09-28,1464
518880,黄金ETF,黄金ETF华安,华安基金管理有限公司,SSE,gold,黄金,gold,,,,,2013-07-29,2026-09-28,3198
518890,中银黄金,上海金ETF中银,中银基金管理有限公司,SSE,gold,黄金,gold,,,,,2020-09-28,2026-09-28,1449
159001,货币ETF易方达,货币ETF易方达,易方达基金管理有限公司,SZSE,currency,货币,currency,,,,,2016-09-22,2026-09-28,2427
159003,招商快线ETF,招商快线ETF,招商基金管理有限公司,SZSE,currency,货币,currency,,,,,2016-09-22,2026-09-28,2427
159005,快钱ETF汇添富,快钱ETF汇添富,汇添富基金管理股份有限公司,SZSE,currency,货币,currency,,,,,2016-09-22,2026-09-28,2427
511680,安信货币,,,SSE,currency,货币,currency,,,,,2016-09-27,2018-10-23,503
511760,德邦货币,,,SSE,currency,货币,currency,,,,,2016-12-15,2018-06-11,282
511890,景顺货币,,,SSE,currency,货币,currency,,,,,2015-08-03,2017-12-22,585
563390,现金基金,全指现金流ETF华泰柏瑞,华泰柏瑞基金管理有限公司,SSE,currency,货币,currency,,,,,2025-04-30,2026-09-28,340
563760,中银现金,全指现金流ETF中银,中银基金管理有限公司,SSE,currency,货币,currency,,,,,2025-06-06,2026-09-28,317
159012,科创创业50ETF鹏华,科创创业50ETF鹏华,鹏华基金管理有限公司,SZSE,broad,宽基,all-a|broad,star-chinext-50,科创创业50,,,2026-05-19,2026-09-28,88
159136,A50ETF广发,A50ETF广发,广发基金管理有限公司,SZSE,broad,宽基,all-a|broad,csi-a50,A50系列,,,2025-12-24,2026-09-28,180
159150,深证50ETF易方达,深证50ETF易方达,易方达基金管理有限公司,SZSE,broad,宽基,all-a|broad,szse-50,深证50,,,2023-12-08,2026-09-28,675
159205,创业板ETF东财,创业板ETF东财,东财基金管理有限公司,SZSE,broad,宽基,all-a|broad,chinext,创业板指,,,2025-06-11,2026-09-28,314
159211,深证100ETF富国,深证100ETF富国,富国基金管理有限公司,SZSE,broad,宽基,all-a|broad,szse-100,深证100,,,2025-04-11,2026-09-28,353
159212,深100ETF南方,深100ETF南方,南方基金管理股份有限公司,SZSE,broad,宽基,all-a|broad,szse-100,深证100,,,2025-04-08,2026-09-28,356
159215,A500ETF平安,A500ETF平安,平安基金管理有限公司,SZSE,broad,宽基,all-a|broad,csi-a500,中证A500,,,2025-04-03,2026-09-28,358
159216,深证100ETF大成,深证100ETF大成,大成基金管理有限公司,SZSE,broad,宽基,all-a|broad,szse-100,深证100,,,2025-04-10,2026-09-28,354
159219,深证100ETF融通,深证100ETF融通,融通基金管理有限公司,SZSE,broad,宽基,all-a|broad,szse-100,深证100,,,2025-05-12,2026-09-28,335
159247,创业板ETF汇添富,创业板ETF汇添富,汇添富基金管理股份有限公司,SZSE,broad,宽基,all-a|broad,chinext,创业板指,,,2026-01-30,2026-09-28,155
159270,创业板200ETF南方,创业板200ETF南方,南方基金管理股份有限公司,SZSE,broad,宽基,all-a|broad,chinext-200,创业板200,,,2025-07-23,2026-09-28,284
159287,创业板综ETF博时,创业板综ETF博时,博时基金管理有限公司,SZSE,broad,宽基,all-a|broad,chinext-composite,创业板综指,,,2025-08-26,2026-09-28,260
159288,创业板综ETF银华,创业板综ETF银华,银华基金管理股份有限公司,SZSE,broad,宽基,all-a|broad,chinext-composite,创业板综指,,,2025-09-25,2026-09-28,238
159289,创业板综指ETF鹏华,创业板综指ETF鹏华,鹏华基金管理有限公司,SZSE,broad,宽基,all-a|broad,chinext-composite,创业板综指,,,2025-09-12,2026-09-28,247
159295,创业综指ETF西部利得,创业综指ETF西部利得,西部利得基金管理有限公司,SZSE,broad,宽基,all-a|broad,chinext-composite,创业板综指,,,2025-11-03,2026-09-28,217
159298,创业板50ETF大成,创业板50ETF大成,大成基金管理有限公司,SZSE,broad,宽基,all-a|broad,chinext-50,创业板50,,,2025-09-05,2026-09-28,252
159300,沪深300ETF富国,沪深300ETF富国,富国基金管理有限公司,SZSE,broad,宽基,all-a|broad,csi-300,沪深300,,,2024-06-04,2026-09-28,560
159330,沪深300ETF东财,沪深300ETF东财,东财基金管理有限公司,SZSE,broad,宽基,all-a|broad,csi-300,沪深300,,,2024-08-16,2026-09-28,508
159337,中证500ETF东财,中证500ETF东财,东财基金管理有限公司,SZSE,broad,宽基,all-a|broad,csi-500,中证500,,,2024-09-19,2026-09-28,486
159338,中证A500ETF国泰,中证A500ETF国泰,国泰基金管理有限公司,SZSE,broad,宽基,all-a|broad,csi-a500,中证A500,,,2024-10-14,2026-09-28,474
159339,A500ETF银华,A500ETF银华,银华基金管理股份有限公司,SZSE,broad,宽基,all-a|broad,csi-a500,中证A500,,,2024-10-14,2026-09-28,474
159350,深证50ETF富国,深证50ETF富国,富国基金管理有限公司,SZSE,broad,宽基,all-a|broad,szse-50,深证50,,,2023-12-08,2026-09-28,675
159351,A500ETF嘉实,A500ETF嘉实,嘉实基金管理有限公司,SZSE,broad,宽基,all-a|broad,csi-a500,中证A500,,,2024-10-14,2026-09-28,474
159352,A500ETF南方,A500ETF南方,南方基金管理股份有限公司,SZSE,broad,宽基,all-a|broad,csi-a500,中证A500,,,2024-10-14,2026-09-28,474
159353,中证A500ETF景顺,中证A500ETF景顺,景顺长城基金管理有限公司,SZSE,broad,宽基,all-a|broad,csi-a500,中证A500,,,2024-10-14,2026-09-28,474
159356,A500ETF万家,A500ETF万家,万家基金管理有限公司,SZSE,broad,宽基,all-a|broad,csi-a500,中证A500,,,2024-12-05,2026-09-28,436
159357,A500ETF博时,A500ETF博时,博时基金管理有限公司,SZSE,broad,宽基,all-a|broad,csi-a500,中证A500,,,2024-11-27,2026-09-28,442
159358,中证A500ETF大成,中证A500ETF大成,大成基金管理有限公司,SZSE,broad,宽基,all-a|broad,csi-a500,中证A500,,,2024-11-28,2026-09-28,441
159359,A500ETF华安,A500ETF华安,华安基金管理有限公司,SZSE,broad,宽基,all-a|broad,csi-a500,中证A500,,,2024-11-29,2026-09-28,440
159360,A500ETF天弘,A500ETF天弘,天弘基金管理有限公司,SZSE,broad,宽基,all-a|broad,csi-a500,中证A500,,,2024-11-27,2026-09-28,442
159361,A500ETF易方达,A500ETF易方达,易方达基金管理有限公司,SZSE,broad,宽基,all-a|broad,csi-a500,中证A500,,,2024-11-18,2026-09-28,449
159362,A500ETF工银,A500ETF工银,工银瑞信基金管理有限公司,SZSE,broad,宽基,all-a|broad,csi-a500,中证A500,,,2024-11-29,2026-09-28,440
159367,创业板50ETF华夏,创业板50ETF华夏,华夏基金管理有限公司,SZSE,broad,宽基,all-a|broad,chinext-50,创业板50,,,2025-02-13,2026-09-28,393
159369,创业板50ETF易方达,创业板50ETF易方达,易方达基金管理有限公司,SZSE,broad,宽基,all-a|broad,chinext-50,创业板50,,,2025-08-20,2026-09-28,264
159370,创50ETF工银,创50ETF工银,工银瑞信基金管理有限公司,SZSE,broad,宽基,all-a|broad,chinext-50,创业板50,,,2025-01-17,2026-09-28,406
159371,创业板50ETF富国,创业板50ETF富国,富国基金管理有限公司,SZSE,broad,宽基,all-a|broad,chinext-50,创业板50,,,2025-02-11,2026-09-28,395
159372,创业板50ETF万家,创业板50ETF万家,万家基金管理有限公司,SZSE,broad,宽基,all-a|broad,chinext-50,创业板50,,,2025-06-06,2026-09-28,317
159373,创业板50ETF嘉实,创业板50ETF嘉实,嘉实基金管理有限公司,SZSE,broad,宽基,all-a|broad,chinext-50,创业板50,,,2025-02-07,2026-09-28,397
159375,创业板50ETF国泰,创业板50ETF国泰,国泰基金管理有限公司,SZSE,broad,宽基,all-a|broad,chinext-50,创业板50,,,2025-01-09,2026-09-28,412
159376,A500ETF浦银,A500ETF浦银,浦银基金管理有限公司,SZSE,broad,宽基,all-a|broad,csi-a500,中证A500,,,2025-01-10,2026-09-28,411
159379,A500ETF融通,A500ETF融通,融通基金管理有限公司,SZSE,broad,宽基,all-a|broad,csi-a500,中证A500,,,2025-01-22,2026-09-28,403
159380,A500ETF东财,A500ETF东财,东财基金管理有限公司,SZSE,broad,宽基,all-a|broad,csi-a500,中证A500,,,2025-01-07,2026-09-28,414
159383,创业板50ETF华泰柏瑞,创业板50ETF华泰柏瑞,华泰柏瑞基金管理有限公司,SZSE,broad,宽基,all-a|broad,chinext-50,创业板50,,,2025-02-13,2026-09-28,393
159386,A500ETF永赢,A500ETF永赢,永赢基金管理有限公司,SZSE,broad,宽基,all-a|broad,csi-a500,中证A500,,,2025-02-10,2026-09-28,396
159390,中证A50ETF国联,中证A50ETF国联,国联基金管理有限公司,SZSE,broad,宽基,all-a|broad,csi-a50,A50系列,,,2025-04-08,2026-09-28,356
159393,沪深300ETF万家,沪深300ETF万家,万家基金管理有限公司,SZSE,broad,宽基,all-a|broad,csi-300,沪深300,,,2025-03-07,2026-09-28,377
159500,中证500ETF富国,中证500ETF富国,富国基金管理有限公司,SZSE,broad,宽基,all-a|broad,csi-500,中证500,,,2025-08-28,2026-09-28,258
159505,国证2000ETF博时,国证2000ETF博时,博时基金管理有限公司,SZSE,broad,宽基,all-a|broad,csi-2000,中证/国证2000,,,2023-12-01,2026-09-28,680
159521,国证2000ETF平安,国证2000ETF平安,平安基金管理有限公司,SZSE,broad,宽基,all-a|broad,csi-2000,中证/国证2000,,,2023-09-06,2026-09-28,736
159522,国证2000ETF景顺,,,SZSE,broad,宽基,all-a|broad,csi-2000,中证/国证2000,,,2023-10-13,2024-08-26,214
159531,中证2000ETF南方,中证2000ETF南方,南方基金管理股份有限公司,SZSE,broad,宽基,all-a|broad,csi-2000,中证/国证2000,,,2023-09-15,2026-09-28,729
159532,中证2000ETF易方达,中证2000ETF易方达,易方达基金管理有限公司,SZSE,broad,宽基,all-a|broad,csi-2000,中证/国证2000,,,2023-09-20,2026-09-28,726
159533,中证2000ETF博时,中证2000ETF博时,博时基金管理有限公司,SZSE,broad,宽基,all-a|broad,csi-2000,中证/国证2000,,,2024-06-06,2026-09-28,558
159535,中证2000ETF嘉实,中证2000ETF嘉实,嘉实基金管理有限公司,SZSE,broad,宽基,all-a|broad,csi-2000,中证/国证2000,,,2023-09-21,2026-09-28,725
159536,中证2000ETF汇添富,中证2000ETF汇添富,汇添富基金管理股份有限公司,SZSE,broad,宽基,all-a|broad,csi-2000,中证/国证2000,,,2023-09-20,2026-09-28,726
159541,创业板综ETF万家,创业板综ETF万家,万家基金管理有限公司,SZSE,broad,宽基,all-a|broad,chinext-composite,创业板综指,,,2023-10-30,2026-09-28,704
159543,国证2000ETF工银,国证2000ETF工银,工银瑞信基金管理有限公司,SZSE,broad,宽基,all-a|broad,csi-2000,中证/国证2000,,,2023-11-17,2026-09-28,690
159563,创业板综ETF华夏,创业板综ETF华夏,华夏基金管理有限公司,SZSE,broad,宽基,all-a|broad,chinext-composite,创业板综指,,,2024-02-22,2026-09-28,628
159571,创业板200ETF富国,创业板200ETF富国,富国基金管理有限公司,SZSE,broad,宽基,all-a|broad,chinext-200,创业板200,,,2023-12-29,2026-09-28,660
159572,创业板200ETF易方达,创业板200ETF易方达,易方达基金管理有限公司,SZSE,broad,宽基,all-a|broad,chinext-200,创业板200,,,2023-12-22,2026-09-28,665
159573,创业板200ETF华夏,创业板200ETF华夏,华夏基金管理有限公司,SZSE,broad,宽基,all-a|broad,chinext-200,创业板200,,,2023-12-22,2026-09-28,665
159575,创业板200ETF银华,创业板200ETF银华,银华基金管理股份有限公司,SZSE,broad,宽基,all-a|broad,chinext-200,创业板200,,,2023-12-29,2026-09-28,660
159576,深证100ETF广发,深证100ETF广发,广发基金管理有限公司,SZSE,broad,宽基,all-a|broad,szse-100,深证100,,,2024-01-02,2026-09-28,659
159591,A50ETF富国,A50ETF富国,富国基金管理有限公司,SZSE,broad,宽基,all-a|broad,csi-a50,A50系列,,,2024-03-15,2026-09-28,612
159592,A50ETF银华,A50ETF银华,银华基金管理股份有限公司,SZSE,broad,宽基,all-a|broad,csi-a50,A50系列,,,2024-03-15,2026-09-28,612
159593,中证A50ETF平安,中证A50ETF平安,平安基金管理有限公司,SZSE,broad,宽基,all-a|broad,csi-a50,A50系列,,,2024-03-11,2026-09-28,616
159595,中证A50ETF大成,中证A50ETF大成,大成基金管理有限公司,SZSE,broad,宽基,all-a|broad,csi-a50,A50系列,,,2024-03-15,2026-09-28,612
159596,A50ETF华宝,A50ETF华宝,华宝基金管理有限公司,SZSE,broad,宽基,all-a|broad,csi-a50,A50系列,,,2024-03-15,2026-09-28,612
159601,A50ETF华夏,A50ETF华夏,华夏基金管理有限公司,SZSE,broad,宽基,all-a|broad,csi-a50,A50系列,,,2021-11-05,2026-09-28,1184
159602,中国A50ETF南方,中国A50ETF南方,南方基金管理股份有限公司,SZSE,broad,宽基,all-a|broad,csi-a50,A50系列,,,2021-11-05,2026-09-28,1184
159603,科创创业ETF天弘,科创创业ETF天弘,天弘基金管理有限公司,SZSE,broad,宽基,all-a|broad,star-chinext-50,科创创业50,,,2022-06-07,2026-09-28,1044
159628,国证2000ETF万家,国证2000ETF万家,万家基金管理有限公司,SZSE,broad,宽基,all-a|broad,csi-2000,中证/国证2000,,,2022-07-15,2026-09-28,1016
159629,中证1000ETF富国,中证1000ETF富国,富国基金管理有限公司,SZSE,broad,宽基,all-a|broad,csi-1000,中证1000,,,2022-08-02,2026-09-28,1004
159633,中证1000ETF易方达,中证1000ETF易方达,易方达基金管理有限公司,SZSE,broad,宽基,all-a|broad,csi-1000,中证1000,,,2022-08-03,2026-09-28,1003
159673,沪深300ETF鹏华,沪深300ETF鹏华,鹏华基金管理有限公司,SZSE,broad,宽基,all-a|broad,csi-300,沪深300,,,2023-07-14,2026-09-28,774
159681,创业板50ETF鹏华,创业板50ETF鹏华,鹏华基金管理有限公司,SZSE,broad,宽基,all-a|broad,chinext-50,创业板50,,,2022-12-30,2026-09-28,902
159682,创业板50ETF景顺,创业板50ETF景顺,景顺长城基金管理有限公司,SZSE,broad,宽基,all-a|broad,chinext-50,创业板50,,,2022-12-30,2026-09-28,902
159706,深证100ETF华安,深证100ETF华安,华安基金管理有限公司,SZSE,broad,宽基,all-a|broad,szse-100,深证100,,,2021-12-17,2026-09-28,1154
159716,深证100ETF华宝,深证100ETF华宝,华宝基金管理有限公司,SZSE,broad,宽基,all-a|broad,szse-100,深证100,,,2021-06-25,2026-09-28,1272
159721,深证100ETF永赢,深证100ETF永赢,永赢基金管理有限公司,SZSE,broad,宽基,all-a|broad,szse-100,深证100,,,2021-06-24,2026-09-28,1273
159780,科创创业50ETF南方,科创创业50ETF南方,南方基金管理股份有限公司,SZSE,broad,宽基,all-a|broad,star-chinext-50,科创创业50,,,2021-07-02,2026-09-28,1267
159781,科创创业ETF易方达,科创创业ETF易方达,易方达基金管理有限公司,SZSE,broad,宽基,all-a|broad,star-chinext-50,科创创业50,,,2021-07-02,2026-09-28,1267
159782,双创50ETF银华,双创50ETF银华,银华基金管理股份有限公司,SZSE,broad,宽基,all-a|broad,star-chinext-50,科创创业50,,,2021-07-06,2026-09-28,1265
159783,科创创业50ETF华夏,科创创业50ETF华夏,华夏基金管理有限公司,SZSE,broad,宽基,all-a|broad,star-chinext-50,科创创业50,,,2021-07-02,2026-09-28,1267
159800,中证800ETF鹏华,中证800ETF鹏华,鹏华基金管理有限公司,SZSE,broad,宽基,all-a|broad,csi-800,中证800,,,2024-07-11,2026-09-28,534
159802,800ETF,,,SZSE,broad,宽基,all-a|broad,csi-800,中证800,,,2020-05-14,2020-09-21,91
159810,创业板ETF浦银,创业板ETF浦银,浦银基金管理有限公司,SZSE,broad,宽基,all-a|broad,chinext,创业板指,,,2020-07-09,2026-09-28,1506
159820,中证500ETF天弘,中证500ETF天弘,天弘基金管理有限公司,SZSE,broad,宽基,all-a|broad,csi-500,中证500,,,2020-08-21,2026-09-28,1475
159821,创业板ETF中银证券,创业板ETF中银证券,中银国际证券股份有限公司,SZSE,broad,宽基,all-a|broad,chinext,创业板指,,,2020-10-28,2026-09-28,1433
159845,中证1000ETF华夏,中证1000ETF华夏,华夏基金管理有限公司,SZSE,broad,宽基,all-a|broad,csi-1000,中证1000,,,2021-03-30,2026-09-28,1330
159846,中证1000ETF基金,,,SZSE,broad,宽基,all-a|broad,csi-1000,中证1000,,,2021-08-13,2021-12-31,94
159901,深证100ETF易方达,深证100ETF易方达,易方达基金管理有限公司,SZSE,broad,宽基,all-a|broad,szse-100,深证100,,,2016-09-22,2026-09-28,2427
159902,中小100ETF华夏,中小100ETF华夏,华夏基金管理有限公司,SZSE,broad,宽基,all-a|broad,sme-100,中小100,,,2016-09-22,2026-09-28,2427
159903,深成ETF南方,深成ETF南方,南方基金管理股份有限公司,SZSE,broad,宽基,all-a|broad,szse-component,深证成指,,,2016-09-22,2026-09-28,2427
159907,国证2000ETF广发,国证2000ETF广发,广发基金管理有限公司,SZSE,broad,宽基,all-a|broad,csi-2000,中证/国证2000,,,2016-09-22,2026-09-28,2427
159908,创业板ETF博时,创业板ETF博时,博时基金管理有限公司,SZSE,broad,宽基,all-a|broad,chinext,创业板指,,,2016-09-22,2026-09-28,2427
159912,深300ETF汇添富,深300ETF汇添富,汇添富基金管理股份有限公司,SZSE,broad,宽基,all-a|broad,szse-300,深证300,,,2016-09-22,2026-09-28,2427
159915,创业板ETF易方达,创业板ETF易方达,易方达基金管理有限公司,SZSE,broad,宽基,all-a|broad,chinext,创业板指,,,2016-09-22,2026-09-28,2427
159919,沪深300ETF嘉实,沪深300ETF嘉实,嘉实基金管理有限公司,SZSE,broad,宽基,all-a|broad,csi-300,沪深300,,,2016-09-22,2026-09-28,2427
159922,中证500ETF嘉实,中证500ETF嘉实,嘉实基金管理有限公司,SZSE,broad,宽基,all-a|broad,csi-500,中证500,,,2016-09-22,2026-09-28,2427
159925,沪深300ETF南方,沪深300ETF南方,南方基金管理股份有限公司,SZSE,broad,宽基,all-a|broad,csi-300,沪深300,,,2016-09-22,2026-09-28,2427
159932,中证500深ETF,,,SZSE,broad,宽基,all-a|broad,csi-500,中证500,,,2016-09-22,2022-11-18,1496
159935,中证500ETF景顺,中证500ETF景顺,景顺长城基金管理有限公司,SZSE,broad,宽基,all-a|broad,csi-500,中证500,,,2016-09-22,2026-09-28,2427
159943,深证成指ETF大成,深证成指ETF大成,大成基金管理有限公司,SZSE,broad,宽基,all-a|broad,szse-component,深证成指,,,2016-09-22,2026-09-28,2427
159948,创业板ETF南方,创业板ETF南方,南方基金管理股份有限公司,SZSE,broad,宽基,all-a|broad,chinext,创业板指,,,2016-09-22,2026-09-28,2427
159949,创业板50ETF华安,创业板50ETF华安,华安基金管理有限公司,SZSE,broad,宽基,all-a|broad,chinext-50,创业板50,,,2016-09-22,2026-09-28,2427
159952,创业板ETF广发,创业板ETF广发,广发基金管理有限公司,SZSE,broad,宽基,all-a|broad,chinext,创业板指,,,2017-05-18,2026-09-28,2271
159955,创业板ETF嘉实,,,SZSE,broad,宽基,all-a|broad,chinext,创业板指,,,2017-08-22,2022-11-28,1280
159956,创业板ETF建信,创业板ETF建信,建信基金管理有限责任公司,SZSE,broad,宽基,all-a|broad,chinext,创业板指,,,2018-03-06,2026-09-28,2076
159957,创业板ETF华夏,创业板ETF华夏,华夏基金管理有限公司,SZSE,broad,宽基,all-a|broad,chinext,创业板指,,,2018-01-03,2026-09-28,2115
159958,创业板ETF工银,创业板ETF工银,工银瑞信基金管理有限公司,SZSE,broad,宽基,all-a|broad,chinext,创业板指,,,2018-01-18,2026-09-28,2104
159961,深100ETF方正富邦,深100ETF方正富邦,方正富邦基金管理有限公司,SZSE,broad,宽基,all-a|broad,szse-100,深证100,,,2018-12-18,2026-09-28,1882
159964,创业板ETF平安,创业板ETF平安,平安基金管理有限公司,SZSE,broad,宽基,all-a|broad,chinext,创业板指,,,2019-04-18,2026-09-28,1803
159968,中证500ETF博时,中证500ETF博时,博时基金管理有限公司,SZSE,broad,宽基,all-a|broad,csi-500,中证500,,,2019-10-30,2026-09-28,1674
159969,深100ETF银华,,,SZSE,broad,宽基,all-a|broad,szse-100,深证100,,,2019-08-27,2026-03-10,1581
159970,深100ETF工银,深100ETF工银,工银瑞信基金管理有限公司,SZSE,broad,宽基,all-a|broad,szse-100,深证100,,,2020-01-09,2026-09-28,1624
159971,创业板ETF富国,创业板ETF富国,富国基金管理有限公司,SZSE,broad,宽基,all-a|broad,chinext,创业板指,,,2019-07-01,2026-09-28,1755
159975,深100ETF招商,深100ETF招商,招商基金管理有限公司,SZSE,broad,宽基,all-a|broad,szse-100,深证100,,,2019-12-31,2026-09-28,1630
159977,创业板ETF天弘,创业板ETF天弘,天弘基金管理有限公司,SZSE,broad,宽基,all-a|broad,chinext,创业板指,,,2019-09-26,2026-09-28,1693
159982,中证500ETF鹏华,中证500ETF鹏华,鹏华基金管理有限公司,SZSE,broad,宽基,all-a|broad,csi-500,中证500,,,2020-02-19,2026-09-28,1601
159999,永赢中证500ETF,,,SZSE,broad,宽基,all-a|broad,csi-500,中证500,,,2020-08-11,2023-03-16,630
510020,超大ETF,超大盘ETF博时,博时基金管理有限公司,SSE,broad,宽基,all-a|broad,sse-super-large,上证超大盘,,,2012-01-04,2026-09-28,3574
510040,上证180E,上证180ETF鹏华,鹏华基金管理有限公司,SSE,broad,宽基,all-a|broad,sse-180,上证180,,,2025-01-06,2026-09-28,415
510050,50ETF,上证50ETF华夏,华夏基金管理有限公司,SSE,broad,宽基,all-a|broad,sse-50,上证50,,,2012-01-04,2026-09-28,3574
510100,SZ50ETF,上证50ETF易方达,易方达基金管理有限公司,SSE,broad,宽基,all-a|broad,sse-50,上证50,,,2019-10-09,2026-09-28,1689
510130,中盘ETF,上证中盘ETF易方达,易方达基金管理有限公司,SSE,broad,宽基,all-a|broad,mid-cap,中盘指数,,,2012-01-04,2026-09-28,3574
510140,上证指,上证综指ETF华夏,华夏基金管理有限公司,SSE,broad,宽基,all-a|broad,sse-composite,上证综指,,,2026-07-03,2026-09-28,56
510180,180ETF,上证180ETF华安,华安基金管理有限公司,SSE,broad,宽基,all-a|broad,sse-180,上证180,,,2012-01-04,2026-09-28,3574
510190,上证50基,上证50ETF华安,华安基金管理有限公司,SSE,broad,宽基,all-a|broad,sse-50,上证50,,,2012-01-04,2026-09-28,3574
510210,综指ETF,上证指数ETF富国,富国基金管理有限公司,SSE,broad,宽基,all-a|broad,sse-composite,上证综指,,,2012-01-04,2026-09-28,3574
510290,380ETF,上证380ETF南方,南方基金管理股份有限公司,SSE,broad,宽基,all-a|broad,sse-380,上证380,,,2012-01-04,2026-09-28,3574
510300,300ETF,沪深300ETF华泰柏瑞,华泰柏瑞基金管理有限公司,SSE,broad,宽基,all-a|broad,csi-300,沪深300,,,2012-05-28,2026-09-28,3481
510310,HS300ETF,沪深300ETF易方达,易方达基金管理有限公司,SSE,broad,宽基,all-a|broad,csi-300,沪深300,,,2013-03-25,2026-09-28,3280
510320,300中金,沪深300ETF中金,中金基金管理有限公司,SSE,broad,宽基,all-a|broad,csi-300,沪深300,,,2025-04-25,2026-09-28,343
510330,华夏300,沪深300ETF华夏,华夏基金管理有限公司,SSE,broad,宽基,all-a|broad,csi-300,沪深300,,,2013-01-16,2026-09-28,3323
510350,工银300,沪深300ETF工银,工银瑞信基金管理有限公司,SSE,broad,宽基,all-a|broad,csi-300,沪深300,,,2019-08-16,2026-09-28,1721
510360,广发300,沪深300ETF广发,广发基金管理有限公司,SSE,broad,宽基,all-a|broad,csi-300,沪深300,,,2015-09-09,2026-09-28,2681
510370,兴业300,沪深300ETF兴业,兴业基金管理有限公司,SSE,broad,宽基,all-a|broad,csi-300,沪深300,,,2020-10-27,2026-09-28,1434
510380,国寿300,沪深300ETF国寿,国寿安保基金管理有限公司,SSE,broad,宽基,all-a|broad,csi-300,沪深300,,,2018-02-07,2026-09-28,2090
510390,平安300,沪深300ETF平安,平安基金管理有限公司,SSE,broad,宽基,all-a|broad,csi-300,沪深300,,,2018-01-26,2026-09-28,2098
510500,500ETF,中证500ETF南方,南方基金管理股份有限公司,SSE,broad,宽基,all-a|broad,csi-500,中证500,,,2013-03-15,2026-09-28,3286
510580,ZZ500ETF,中证500ETF易方达,易方达基金管理有限公司,SSE,broad,宽基,all-a|broad,csi-500,中证500,,,2015-09-14,2026-09-28,2678
510760,上证ETF,上证指数ETF国泰,国泰基金管理有限公司,SSE,broad,宽基,all-a|broad,sse-composite,上证综指,,,2020-09-09,2026-09-28,1462
510800,上证50,上证50ETF建信,建信基金管理有限责任公司,SSE,broad,宽基,all-a|broad,sse-50,上证50,,,2018-01-15,2026-09-28,2107
510910,上证指CS,上证指数ETF南方,南方基金管理股份有限公司,SSE,broad,宽基,all-a|broad,sse-composite,上证综指,,,2026-06-03,2026-09-28,77
510980,上证综合,上证指数ETF汇添富,汇添富基金管理股份有限公司,SSE,broad,宽基,all-a|broad,sse-composite,上证综指,,,2023-12-01,2026-09-28,680
512020,A500,A500ETF鹏华,鹏华基金管理有限公司,SSE,broad,宽基,all-a|broad,csi-a500,中证A500,,,2024-12-02,2026-09-28,439
512050,A500E,A500ETF华夏,华夏基金管理有限公司,SSE,broad,宽基,all-a|broad,csi-a500,中证A500,,,2024-11-15,2026-09-28,450
512080,A500中金,A500ETF中金,中金基金管理有限公司,SSE,broad,宽基,all-a|broad,csi-a500,中证A500,,,2025-01-21,2026-09-28,404
512100,1000ETF,中证1000ETF南方,南方基金管理股份有限公司,SSE,broad,宽基,all-a|broad,csi-1000,中证1000,,,2016-11-04,2026-09-28,2401
512150,A50ETF,富时A50ETF汇安,汇安基金管理有限责任公司,SSE,broad,宽基,all-a|broad,csi-a50,A50系列,,,2019-01-21,2026-09-28,1860
512500,中证500,中证500ETF华夏,华夏基金管理有限公司,SSE,broad,宽基,all-a|broad,csi-500,中证500,,,2015-05-29,2026-09-28,2751
515130,HS300E,沪深300ETF博时,博时基金管理有限公司,SSE,broad,宽基,all-a|broad,csi-300,沪深300,,,2020-05-11,2026-09-28,1547
515310,添富300,沪深300ETF汇添富,汇添富基金管理股份有限公司,SSE,broad,宽基,all-a|broad,csi-300,沪深300,,,2019-12-25,2026-09-28,1634
515330,天弘300,沪深300ETF天弘,天弘基金管理有限公司,SSE,broad,宽基,all-a|broad,csi-300,沪深300,,,2019-12-26,2026-09-28,1633
515350,民生300,沪深300ETF民生加银,民生加银基金管理有限公司,SSE,broad,宽基,all-a|broad,csi-300,沪深300,,,2020-02-07,2026-09-28,1609
515360,方正300,沪深300ETF方正富邦,方正富邦基金管理有限公司,SSE,broad,宽基,all-a|broad,csi-300,沪深300,,,2019-11-01,2026-09-28,1672
515380,泰康300,沪深300ETF泰康,泰康基金管理有限公司,SSE,broad,宽基,all-a|broad,csi-300,沪深300,,,2020-03-23,2026-09-28,1578
515390,HS300,沪深300ETF华安,华安基金管理有限公司,SSE,broad,宽基,all-a|broad,csi-300,沪深300,,,2020-01-10,2026-09-28,1623
515590,500ETFEW,500等权ETF前海开源,前海开源基金管理有限公司,SSE,broad,宽基,all-a|broad,csi-500,中证500,,,2020-01-20,2026-09-28,1617
515660,沪深300E,沪深300ETF国联安,国联安基金管理有限公司,SSE,broad,宽基,all-a|broad,csi-300,沪深300,,,2019-12-24,2026-09-28,1635
515800,800ETF,中证800ETF汇添富,汇添富基金管理股份有限公司,SSE,broad,宽基,all-a|broad,csi-800,中证800,,,2019-12-16,2026-09-28,1641
515810,ZZ800ETF,中证800ETF易方达,易方达基金管理有限公司,SSE,broad,宽基,all-a|broad,csi-800,中证800,,,2019-10-25,2026-09-28,1677
516300,中证1000,中证1000ETF华泰柏瑞,华泰柏瑞基金管理有限公司,SSE,broad,宽基,all-a|broad,csi-1000,中证1000,,,2021-03-24,2026-09-28,1334
530000,50ETF基,上证50ETF天弘,天弘基金管理有限公司,SSE,broad,宽基,all-a|broad,sse-50,上证50,,,2024-09-13,2026-09-28,488
530060,上证综E,上证指数ETF易方达,易方达基金管理有限公司,SSE,broad,宽基,all-a|broad,sse-composite,上证综指,,,2026-02-10,2026-09-28,148
530180,上证180,上证180ETF易方达,易方达基金管理有限公司,SSE,broad,宽基,all-a|broad,sse-180,上证180,,,2024-12-26,2026-09-28,421
530280,180ETF指,上证180ETF平安,平安基金管理有限公司,SSE,broad,宽基,all-a|broad,sse-180,上证180,,,2025-01-24,2026-09-28,401
530380,上证380,上证380ETF易方达,易方达基金管理有限公司,SSE,broad,宽基,all-a|broad,sse-380,上证380,,,2025-09-30,2026-09-28,235
530800,上180ETF,上证180ETF银华,银华基金管理股份有限公司,SSE,broad,宽基,all-a|broad,sse-180,上证180,,,2025-01-27,2026-09-28,400
560510,中证A500,中证A500ETF泰康,泰康基金管理有限公司,SSE,broad,宽基,all-a|broad,csi-a500,中证A500,,,2024-10-15,2026-09-28,473
560530,A500ETF,中证A500ETF摩根,摩根基金管理（中国）有限公司,SSE,broad,宽基,all-a|broad,csi-a500,中证A500,,,2024-10-15,2026-09-28,473
560610,A500指数,A500ETF招商,招商基金管理有限公司,SSE,broad,宽基,all-a|broad,csi-a500,中证A500,,,2024-10-15,2026-09-28,473
560750,A500申万,A500ETF申万菱信,申万菱信基金管理有限公司,SSE,broad,宽基,all-a|broad,csi-a500,中证A500,,,2025-02-07,2026-09-28,397
561090,A500增,A500增强ETF华安,华安基金管理有限公司,SSE,broad,宽基,all-a|broad,csi-a500,中证A500,,,2025-07-02,2026-09-28,299
561370,2000ETF,中证2000ETF国泰,国泰基金管理有限公司,SSE,broad,宽基,all-a|broad,csi-2000,中证/国证2000,,,2023-09-21,2026-09-28,725
561680,A500红低,A500红利低波ETF平安,平安基金管理有限公司,SSE,broad,宽基,all-a|broad,csi-a500,中证A500,,,2025-09-05,2026-09-28,252
561930,招商300,沪深300ETF招商,招商基金管理有限公司,SSE,broad,宽基,all-a|broad,csi-300,沪深300,,,2024-09-20,2026-09-28,485
563080,中证A50E,中证A50ETF易方达,易方达基金管理有限公司,SSE,broad,宽基,all-a|broad,csi-a50,A50系列,,,2024-03-18,2026-09-28,611
563220,A500富国,A500ETF富国,富国基金管理有限公司,SSE,broad,宽基,all-a|broad,csi-a500,中证A500,,,2024-10-15,2026-09-28,473
563300,中证2000,中证2000ETF华泰柏瑞,华泰柏瑞基金管理有限公司,SSE,broad,宽基,all-a|broad,csi-2000,中证/国证2000,,,2023-09-14,2026-09-28,730
563350,中证A50,A50ETF华泰柏瑞,华泰柏瑞基金管理有限公司,SSE,broad,宽基,all-a|broad,csi-a50,A50系列,,,2024-03-18,2026-09-28,611
563360,A500基金,A500ETF华泰柏瑞,华泰柏瑞基金管理有限公司,SSE,broad,宽基,all-a|broad,csi-a500,中证A500,,,2024-10-15,2026-09-28,473
563500,A500华宝,A500ETF华宝,华宝基金管理有限公司,SSE,broad,宽基,all-a|broad,csi-a500,中证A500,,,2024-12-02,2026-09-28,439
563520,300永赢,沪深300ETF永赢,永赢基金管理有限公司,SSE,broad,宽基,all-a|broad,csi-300,沪深300,,,2024-11-18,2026-09-28,449
563650,A500中证,中证A500ETF兴业,兴业基金管理有限公司,SSE,broad,宽基,all-a|broad,csi-a500,中证A500,,,2025-04-03,2026-09-28,358
563660,A500银河,A500ETF银河,银河基金管理有限公司,SSE,broad,宽基,all-a|broad,csi-a500,中证A500,,,2025-04-02,2026-09-28,359
563860,A500海富,中证A500ETF海富通,海富通基金管理有限公司,SSE,broad,宽基,all-a|broad,csi-a500,中证A500,,,2025-02-12,2026-09-28,394
563880,A500添富,A500ETF汇添富,汇添富基金管理股份有限公司,SSE,broad,宽基,all-a|broad,csi-a500,中证A500,,,2024-11-25,2026-09-28,444
588000,科创50,科创50ETF华夏,华夏基金管理有限公司,SSE,broad,宽基,all-a|broad,star-50,科创50,,,2020-11-16,2026-09-28,1420
588020,科创50E,科创成长ETF易方达,易方达基金管理有限公司,SSE,broad,宽基,all-a|broad,star-50,科创50,,,2023-08-31,2026-09-28,740
588080,科创板50,科创50ETF易方达,易方达基金管理有限公司,SSE,broad,宽基,all-a|broad,star-50,科创50,,,2020-11-16,2026-09-28,1420
588180,科创50基,科创50ETF国联安,国联安基金管理有限公司,SSE,broad,宽基,all-a|broad,star-50,科创50,,,2021-07-01,2026-09-28,1268
588190,科创100,科创100ETF银华,银华基金管理股份有限公司,SSE,broad,宽基,all-a|broad,star-100,科创100,,,2023-09-15,2026-09-28,729
588210,科创100E,科创100ETF易方达,易方达基金管理有限公司,SSE,broad,宽基,all-a|broad,star-100,科创100,,,2023-11-16,2026-09-28,691
588220,科创100F,科创100ETF鹏华,鹏华基金管理有限公司,SSE,broad,宽基,all-a|broad,star-100,科创100,,,2023-09-15,2026-09-28,729
588230,科创200,科创200ETF华泰柏瑞,华泰柏瑞基金管理有限公司,SSE,broad,宽基,all-a|broad,star-200,科创200,,,2024-12-24,2026-09-28,423
588270,科创200F,科创200ETF易方达,易方达基金管理有限公司,SSE,broad,宽基,all-a|broad,star-200,科创200,,,2025-06-16,2026-09-28,311
588380,创50ETF,科创创业ETF富国,富国基金管理有限公司,SSE,broad,宽基,all-a|broad,chinext-50,创业板50,,,2021-07-06,2026-09-28,1265
588400,双创50,科创创业ETF嘉实,嘉实基金管理有限公司,SSE,broad,宽基,all-a|broad,star-chinext-50,科创创业50,,,2021-07-05,2026-09-28,1266
588450,科创50增,科创50增强ETF招商,招商基金管理有限公司,SSE,broad,宽基,all-a|broad,star-50,科创50,,,2024-05-22,2026-09-28,569
588500,科创100Z,科创100增强ETF易方达,易方达基金管理有限公司,SSE,broad,宽基,all-a|broad,star-100,科创100,,,2024-07-19,2026-09-28,528
588800,科创100C,科创100ETF华夏,华夏基金管理有限公司,SSE,broad,宽基,all-a|broad,star-100,科创100,,,2023-11-16,2026-09-28,691
588820,科创200E,科创200ETF华夏,华夏基金管理有限公司,SSE,broad,宽基,all-a|broad,star-200,科创200,,,2025-01-06,2026-09-28,415
588870,科创50指,科创50ETF汇添富,汇添富基金管理股份有限公司,SSE,broad,宽基,all-a|broad,star-50,科创50,,,2025-01-27,2026-09-28,400
588900,科创100S,科创100ETF南方,南方基金管理股份有限公司,SSE,broad,宽基,all-a|broad,star-100,科创100,,,2023-12-18,2026-09-28,669
589000,科创综指,科创综指ETF华夏,华夏基金管理有限公司,SSE,broad,宽基,all-a|broad,star-composite,科创综指,,,2025-03-05,2026-09-28,379
589270,科创100Q,科创100ETF前海开源,前海开源基金管理有限公司,SSE,broad,宽基,all-a|broad,star-100,科创100,,,2026-04-28,2026-09-28,100
589360,科创50GT,科创50ETF国泰,国泰基金管理有限公司,SSE,broad,宽基,all-a|broad,star-50,科创50,,,2026-06-26,2026-09-28,61
589660,综指科创,科创综指ETF南方,南方基金管理股份有限公司,SSE,broad,宽基,all-a|broad,star-composite,科创综指,,,2025-03-05,2026-09-28,379
589800,科创综合,科创综指ETF易方达,易方达基金管理有限公司,SSE,broad,宽基,all-a|broad,star-composite,科创综指,,,2025-03-04,2026-09-28,380
159981,能源化工ETF建信,能源化工ETF建信,建信基金管理有限责任公司,SZSE,commodity-other,其他商品,commodity-other,,,,,2020-01-16,2026-09-28,1619
159985,豆粕ETF华夏,豆粕ETF华夏,华夏基金管理有限公司,SZSE,commodity-other,其他商品,commodity-other,,,,,2019-12-04,2026-09-28,1649
510170,商品ETF,大宗商品ETF国联安,国联安基金管理有限公司,SSE,commodity-other,其他商品,commodity-other,,,,,2012-01-04,2026-09-28,3574
158005,工程机械ETF博时,工程机械ETF博时,博时基金管理有限公司,SZSE,industry,行业,all-a|industry,,,industry-advanced-manufacturing,机器人/高端制造,2026-08-21,2026-09-28,25
158006,化工ETF博时,化工ETF博时,博时基金管理有限公司,SZSE,industry,行业,all-a|industry,,,industry-resources,资源周期,2026-08-06,2026-09-28,36
158008,储能电池ETF华夏,储能电池ETF华夏,华夏基金管理有限公司,SZSE,industry,行业,all-a|industry,,,industry-new-energy,新能源,2026-08-27,2026-09-28,21
158009,航空航天ETF南方,航空航天ETF南方,南方基金管理股份有限公司,SZSE,industry,行业,all-a|industry,,,industry-defense,军工,2026-08-05,2026-09-28,37
158010,医疗ETF嘉实,医疗ETF嘉实,嘉实基金管理有限公司,SZSE,industry,行业,all-a|industry,,,industry-healthcare,医药,2026-08-26,2026-09-28,22
158011,创业板软件ETF国泰,创业板软件ETF国泰,国泰基金管理有限公司,SZSE,industry,行业,all-a|industry,,,industry-ai-compute,AI/算力通信,2026-09-03,2026-09-28,16
158012,云计算ETF南方,云计算ETF南方,南方基金管理股份有限公司,SZSE,industry,行业,all-a|industry,,,industry-ai-compute,AI/算力通信,2026-08-19,2026-09-28,27
158013,航空航天ETF易方达,航空航天ETF易方达,易方达基金管理有限公司,SZSE,industry,行业,all-a|industry,,,industry-defense,军工,2026-09-04,2026-09-28,15
158017,化工ETF易方达,化工ETF易方达,易方达基金管理有限公司,SZSE,industry,行业,all-a|industry,,,industry-resources,资源周期,2026-08-26,2026-09-28,22
158019,电池ETF永赢,电池ETF永赢,永赢基金管理有限公司,SZSE,industry,行业,all-a|industry,,,industry-new-energy,新能源,2026-08-26,2026-09-28,22
158027,工业互联网ETF易方达,工业互联网ETF易方达,易方达基金管理有限公司,SZSE,industry,行业,all-a|industry,,,industry-advanced-manufacturing,机器人/高端制造,2026-09-01,2026-09-28,18
158028,稀有金属ETF招商,稀有金属ETF招商,招商基金管理有限公司,SZSE,industry,行业,all-a|industry,,,industry-resources,资源周期,2026-09-10,2026-09-28,11
158031,创业板人工智能ETF易方达,创业板人工智能ETF易方达,易方达基金管理有限公司,SZSE,industry,行业,all-a|industry,,,industry-ai-compute,AI/算力通信,2026-09-21,2026-09-28,4
158032,化工ETF景顺,化工ETF景顺,景顺长城基金管理有限公司,SZSE,industry,行业,all-a|industry,,,industry-resources,资源周期,2026-09-11,2026-09-28,10
158038,粮食ETF富国,粮食ETF富国,富国基金管理有限公司,SZSE,industry,行业,all-a|industry,,,industry-consumer,消费,2026-09-15,2026-09-28,8
158041,创业板算力ETF华夏,创业板算力ETF华夏,华夏基金管理有限公司,SZSE,industry,行业,all-a|industry,,,industry-ai-compute,AI/算力通信,2026-09-16,2026-09-28,7
158049,创业板算力ETF广发,创业板算力ETF广发,广发基金管理有限公司,SZSE,industry,行业,all-a|industry,,,industry-ai-compute,AI/算力通信,2026-09-21,2026-09-28,4
158050,创业板算力ETF易方达,创业板算力ETF易方达,易方达基金管理有限公司,SZSE,industry,行业,all-a|industry,,,industry-ai-compute,AI/算力通信,2026-09-17,2026-09-28,6
158053,创业板算力ETF大成,,,SZSE,industry,行业,all-a|industry,,,industry-ai-compute,AI/算力通信,2026-09-22,2026-09-28,3
158056,创业板算力ETF嘉实,,,SZSE,industry,行业,all-a|industry,,,industry-ai-compute,AI/算力通信,2026-09-23,2026-09-28,2
158057,创业板算力ETF鹏华,,,SZSE,industry,行业,all-a|industry,,,industry-ai-compute,AI/算力通信,2026-09-22,2026-09-28,3
158061,创业板算力ETF天弘,创业板算力ETF天弘,天弘基金管理有限公司,SZSE,industry,行业,all-a|industry,,,industry-ai-compute,AI/算力通信,2026-09-15,2026-09-28,8
158063,创业板算力ETF南方,,,SZSE,industry,行业,all-a|industry,,,industry-ai-compute,AI/算力通信,2026-09-23,2026-09-28,2
159007,养殖ETF华泰柏瑞,养殖ETF华泰柏瑞,华泰柏瑞基金管理有限公司,SZSE,industry,行业,all-a|industry,,,industry-consumer,消费,2026-04-16,2026-09-28,108
159008,证券ETF景顺,证券ETF景顺,景顺长城基金管理有限公司,SZSE,industry,行业,all-a|industry,,,industry-finance,金融,2026-04-27,2026-09-28,101
159009,创业板新能源ETF易方达,创业板新能源ETF易方达,易方达基金管理有限公司,SZSE,industry,行业,all-a|industry,,,industry-new-energy,新能源,2026-04-13,2026-09-28,111
159011,养殖ETF华安,养殖ETF华安,华安基金管理有限公司,SZSE,industry,行业,all-a|industry,,,industry-consumer,消费,2026-06-15,2026-09-28,69
159013,工业互联网ETF大成,工业互联网ETF大成,大成基金管理有限公司,SZSE,industry,行业,all-a|industry,,,industry-advanced-manufacturing,机器人/高端制造,2026-04-27,2026-09-28,101
159016,证券ETF广发,证券ETF广发,广发基金管理有限公司,SZSE,industry,行业,all-a|industry,,,industry-finance,金融,2026-05-13,2026-09-28,92
159017,石油ETF工银,石油ETF工银,工银瑞信基金管理有限公司,SZSE,industry,行业,all-a|industry,,,industry-resources,资源周期,2026-05-07,2026-09-28,96
159018,石油ETF广发,石油ETF广发,广发基金管理有限公司,SZSE,industry,行业,all-a|industry,,,industry-resources,资源周期,2026-04-24,2026-09-28,102
159019,石油ETF华宝,石油ETF华宝,华宝基金管理有限公司,SZSE,industry,行业,all-a|industry,,,industry-resources,资源周期,2026-04-22,2026-09-28,104
159020,养殖ETF易方达,养殖ETF易方达,易方达基金管理有限公司,SZSE,industry,行业,all-a|industry,,,industry-consumer,消费,2026-04-24,2026-09-28,102
159022,科创创业人工智能ETF富国,科创创业人工智能ETF富国,富国基金管理有限公司,SZSE,industry,行业,all-a|industry,,,industry-ai-compute,AI/算力通信,2026-04-23,2026-09-28,103
159023,养殖ETF万家,养殖ETF万家,万家基金管理有限公司,SZSE,industry,行业,all-a|industry,,,industry-consumer,消费,2026-06-12,2026-09-28,70
159025,家电ETF华安,家电ETF华安,华安基金管理有限公司,SZSE,industry,行业,all-a|industry,,,industry-consumer,消费,2026-09-11,2026-09-28,10
159026,石油ETF南方,石油ETF南方,南方基金管理股份有限公司,SZSE,industry,行业,all-a|industry,,,industry-resources,资源周期,2026-04-23,2026-09-28,103
159027,畜牧养殖ETF大成,畜牧养殖ETF大成,大成基金管理有限公司,SZSE,industry,行业,all-a|industry,,,industry-consumer,消费,2026-05-14,2026-09-28,91
159029,有色ETF广发,有色ETF广发,广发基金管理有限公司,SZSE,industry,行业,all-a|industry,,,industry-resources,资源周期,2026-05-20,2026-09-28,87
159030,粮食ETF华夏,粮食ETF华夏,华夏基金管理有限公司,SZSE,industry,行业,all-a|industry,,,industry-consumer,消费,2026-05-11,2026-09-28,94
159031,粮食ETF博时,粮食ETF博时,博时基金管理有限公司,SZSE,industry,行业,all-a|industry,,,industry-consumer,消费,2026-05-29,2026-09-28,80
159032,工业有色ETF易方达,工业有色ETF易方达,易方达基金管理有限公司,SZSE,industry,行业,all-a|industry,,,industry-resources,资源周期,2026-05-12,2026-09-28,93
159033,粮食ETF国泰,粮食ETF国泰,国泰基金管理有限公司,SZSE,industry,行业,all-a|industry,,,industry-consumer,消费,2026-06-04,2026-09-28,76
159035,软件ETF天弘,软件ETF天弘,天弘基金管理有限公司,SZSE,industry,行业,all-a|industry,,,industry-ai-compute,AI/算力通信,2026-05-14,2026-09-28,91
159036,软件开发ETF华宝,软件开发ETF华宝,华宝基金管理有限公司,SZSE,industry,行业,all-a|industry,,,industry-ai-compute,AI/算力通信,2026-06-10,2026-09-28,72
159038,粮食ETF易方达,粮食ETF易方达,易方达基金管理有限公司,SZSE,industry,行业,all-a|industry,,,industry-consumer,消费,2026-05-20,2026-09-28,87
159039,机器人ETF华安,机器人ETF华安,华安基金管理有限公司,SZSE,industry,行业,all-a|industry,,,industry-advanced-manufacturing,机器人/高端制造,2026-06-17,2026-09-28,67
159041,农业ETF鹏华,农业ETF鹏华,鹏华基金管理有限公司,SZSE,industry,行业,all-a|industry,,,industry-consumer,消费,2026-06-09,2026-09-28,73
159043,食品ETF华安,食品ETF华安,华安基金管理有限公司,SZSE,industry,行业,all-a|industry,,,industry-consumer,消费,2026-08-21,2026-09-28,25
159045,稀有金属ETF大成,稀有金属ETF大成,大成基金管理有限公司,SZSE,industry,行业,all-a|industry,,,industry-resources,资源周期,2026-06-23,2026-09-28,64
159046,绿电ETF天弘,绿电ETF天弘,天弘基金管理有限公司,SZSE,industry,行业,all-a|industry,,,industry-new-energy,新能源,2026-06-10,2026-09-28,72
159048,机器人ETF大成,机器人ETF大成,大成基金管理有限公司,SZSE,industry,行业,all-a|industry,,,industry-advanced-manufacturing,机器人/高端制造,2026-06-09,2026-09-28,73
159049,有色ETF工银,有色ETF工银,工银瑞信基金管理有限公司,SZSE,industry,行业,all-a|industry,,,industry-resources,资源周期,2026-07-07,2026-09-28,54
159050,机器人ETF广发,机器人ETF广发,广发基金管理有限公司,SZSE,industry,行业,all-a|industry,,,industry-advanced-manufacturing,机器人/高端制造,2026-06-08,2026-09-28,74
159051,医疗器械ETF易方达,医疗器械ETF易方达,易方达基金管理有限公司,SZSE,industry,行业,all-a|industry,,,industry-healthcare,医药,2026-06-08,2026-09-28,74
159052,储能电池ETF嘉实,储能电池ETF嘉实,嘉实基金管理有限公司,SZSE,industry,行业,all-a|industry,,,industry-new-energy,新能源,2026-06-10,2026-09-28,72
159053,稀有金属ETF华夏,稀有金属ETF华夏,华夏基金管理有限公司,SZSE,industry,行业,all-a|industry,,,industry-resources,资源周期,2026-06-08,2026-09-28,74
159055,稀有金属ETF富国,稀有金属ETF富国,富国基金管理有限公司,SZSE,industry,行业,all-a|industry,,,industry-resources,资源周期,2026-06-08,2026-09-28,74
159056,医疗器械ETF富国,医疗器械ETF富国,富国基金管理有限公司,SZSE,industry,行业,all-a|industry,,,industry-healthcare,医药,2026-06-08,2026-09-28,74
159057,医疗器械ETF鹏华,医疗器械ETF鹏华,鹏华基金管理有限公司,SZSE,industry,行业,all-a|industry,,,industry-healthcare,医药,2026-06-12,2026-09-28,70
159058,证券ETF大成,证券ETF大成,大成基金管理有限公司,SZSE,industry,行业,all-a|industry,,,industry-finance,金融,2026-08-12,2026-09-28,32
159059,电力ETF大成,电力ETF大成,大成基金管理有限公司,SZSE,industry,行业,all-a|industry,,,,,2026-07-17,2026-09-28,46
159060,粮食ETF浦银,粮食ETF浦银,浦银基金管理有限公司,SZSE,industry,行业,all-a|industry,,,industry-consumer,消费,2026-06-09,2026-09-28,73
159061,绿色电力ETF南方,绿色电力ETF南方,南方基金管理股份有限公司,SZSE,industry,行业,all-a|industry,,,,,2026-06-23,2026-09-28,64
159062,稀有金属ETF南方,稀有金属ETF南方,南方基金管理股份有限公司,SZSE,industry,行业,all-a|industry,,,industry-resources,资源周期,2026-06-17,2026-09-28,67
159063,粮食ETF南方,粮食ETF南方,南方基金管理股份有限公司,SZSE,industry,行业,all-a|industry,,,industry-consumer,消费,2026-06-12,2026-09-28,70
159065,工程机械ETF景顺,工程机械ETF景顺,景顺长城基金管理有限公司,SZSE,industry,行业,all-a|industry,,,industry-advanced-manufacturing,机器人/高端制造,2026-06-25,2026-09-28,62
159066,A股ETF建信,A股ETF建信,建信基金管理有限责任公司,SZSE,industry,行业,all-a|industry,,,,,2026-07-03,2026-09-28,56
159067,绿色电力ETF鹏华,绿色电力ETF鹏华,鹏华基金管理有限公司,SZSE,industry,行业,all-a|industry,,,,,2026-07-10,2026-09-28,51
159068,软件ETF华夏,软件ETF华夏,华夏基金管理有限公司,SZSE,industry,行业,all-a|industry,,,industry-ai-compute,AI/算力通信,2026-07-07,2026-09-28,54
159069,创业板新能源ETF华泰柏瑞,创业板新能源ETF华泰柏瑞,华泰柏瑞基金管理有限公司,SZSE,industry,行业,all-a|industry,,,industry-new-energy,新能源,2026-07-20,2026-09-28,45
159070,工程机械ETF嘉实,工程机械ETF嘉实,嘉实基金管理有限公司,SZSE,industry,行业,all-a|industry,,,industry-advanced-manufacturing,机器人/高端制造,2026-06-25,2026-09-28,62
159071,储能电池ETF华宝,储能电池ETF华宝,华宝基金管理有限公司,SZSE,industry,行业,all-a|industry,,,industry-new-energy,新能源,2026-06-17,2026-09-28,67
159072,粮食ETF景顺,粮食ETF景顺,景顺长城基金管理有限公司,SZSE,industry,行业,all-a|industry,,,industry-consumer,消费,2026-07-16,2026-09-28,47
159073,粮食ETF汇添富,粮食ETF汇添富,汇添富基金管理股份有限公司,SZSE,industry,行业,all-a|industry,,,industry-consumer,消费,2026-08-19,2026-09-28,27
159075,工业互联网ETF华夏,工业互联网ETF华夏,华夏基金管理有限公司,SZSE,industry,行业,all-a|industry,,,industry-advanced-manufacturing,机器人/高端制造,2026-07-16,2026-09-28,47
159076,创业板新能源ETF华宝,创业板新能源ETF华宝,华宝基金管理有限公司,SZSE,industry,行业,all-a|industry,,,industry-new-energy,新能源,2026-07-07,2026-09-28,54
159077,电池ETF鑫元,电池ETF鑫元,鑫元基金管理有限公司,SZSE,industry,行业,all-a|industry,,,industry-new-energy,新能源,2026-08-11,2026-09-28,33
159078,A股ETF富国,A股ETF富国,富国基金管理有限公司,SZSE,industry,行业,all-a|industry,,,,,2026-07-07,2026-09-28,54
159082,化工ETF华夏,化工ETF华夏,华夏基金管理有限公司,SZSE,industry,行业,all-a|industry,,,industry-resources,资源周期,2026-08-20,2026-09-28,26
159086,金融科技ETF广发,金融科技ETF广发,广发基金管理有限公司,SZSE,industry,行业,all-a|industry,,,industry-finance,金融,2026-07-29,2026-09-28,40
159087,化工ETF万家,化工ETF万家,万家基金管理有限公司,SZSE,industry,行业,all-a|industry,,,industry-resources,资源周期,2026-07-31,2026-09-28,40
159093,化工ETF汇添富,化工ETF汇添富,汇添富基金管理股份有限公司,SZSE,industry,行业,all-a|industry,,,industry-resources,资源周期,2026-07-29,2026-09-28,40
159095,云计算ETF银华,云计算ETF银华,银华基金管理股份有限公司,SZSE,industry,行业,all-a|industry,,,industry-ai-compute,AI/算力通信,2026-08-17,2026-09-28,29
159099,云计算ETF华宝,云计算ETF华宝,华宝基金管理有限公司,SZSE,industry,行业,all-a|industry,,,industry-ai-compute,AI/算力通信,2026-07-29,2026-09-28,40
159103,金融科技ETF汇添富,金融科技ETF汇添富,汇添富基金管理股份有限公司,SZSE,industry,行业,all-a|industry,,,industry-finance,金融,2025-09-09,2026-09-28,250
159107,创业板软件ETF富国,创业板软件ETF富国,富国基金管理有限公司,SZSE,industry,行业,all-a|industry,,,industry-ai-compute,AI/算力通信,2025-09-19,2026-09-28,242
159108,工业软件ETF博时,工业软件ETF博时,博时基金管理有限公司,SZSE,industry,行业,all-a|industry,,,industry-ai-compute,AI/算力通信,2025-11-21,2026-09-28,203
159122,创业板新能源ETF富国,创业板新能源ETF富国,富国基金管理有限公司,SZSE,industry,行业,all-a|industry,,,industry-new-energy,新能源,2025-10-31,2026-09-28,218
159123,光伏ETF嘉实,光伏ETF嘉实,嘉实基金管理有限公司,SZSE,industry,行业,all-a|industry,,,industry-new-energy,新能源,2025-11-26,2026-09-28,200
159129,化工ETF嘉实,化工ETF嘉实,嘉实基金管理有限公司,SZSE,industry,行业,all-a|industry,,,industry-resources,资源周期,2025-11-13,2026-09-28,209
159133,化工ETF天弘,化工ETF天弘,天弘基金管理有限公司,SZSE,industry,行业,all-a|industry,,,industry-resources,资源周期,2025-11-24,2026-09-28,202
159138,工程机械ETF易方达,工程机械ETF易方达,易方达基金管理有限公司,SZSE,industry,行业,all-a|industry,,,industry-advanced-manufacturing,机器人/高端制造,2026-01-12,2026-09-28,169
159139,科创创业人工智能ETF华泰柏瑞,科创创业人工智能ETF华泰柏瑞,华泰柏瑞基金管理有限公司,SZSE,industry,行业,all-a|industry,,,industry-ai-compute,AI/算力通信,2025-12-18,2026-09-28,184
159140,科创创业人工智能ETF易方达,科创创业人工智能ETF易方达,易方达基金管理有限公司,SZSE,industry,行业,all-a|industry,,,industry-ai-compute,AI/算力通信,2025-12-17,2026-09-28,185
159141,科创创业人工智能ETF永赢,科创创业人工智能ETF永赢,永赢基金管理有限公司,SZSE,industry,行业,all-a|industry,,,industry-ai-compute,AI/算力通信,2025-12-10,2026-09-28,190
159142,科创创业人工智能ETF景顺,科创创业人工智能ETF景顺,景顺长城基金管理有限公司,SZSE,industry,行业,all-a|industry,,,industry-ai-compute,AI/算力通信,2025-12-11,2026-09-28,189
159145,工业软件ETF广发,工业软件ETF广发,广发基金管理有限公司,SZSE,industry,行业,all-a|industry,,,industry-ai-compute,AI/算力通信,2026-01-16,2026-09-28,165
159146,电力ETF华宝,电力ETF华宝,华宝基金管理有限公司,SZSE,industry,行业,all-a|industry,,,,,2026-01-19,2026-09-28,164
159147,电池ETF南方,电池ETF南方,南方基金管理股份有限公司,SZSE,industry,行业,all-a|industry,,,industry-new-energy,新能源,2026-01-22,2026-09-28,161
159148,石油ETF富国,石油ETF富国,富国基金管理有限公司,SZSE,industry,行业,all-a|industry,,,industry-resources,资源周期,2026-02-10,2026-09-28,148
159149,创业板新能源ETF工银,创业板新能源ETF工银,工银瑞信基金管理有限公司,SZSE,industry,行业,all-a|industry,,,industry-new-energy,新能源,2026-01-19,2026-09-28,164
159151,食品ETF华夏,食品ETF华夏,华夏基金管理有限公司,SZSE,industry,行业,all-a|industry,,,industry-consumer,消费,2026-01-13,2026-09-28,168
159153,消费电子ETF鹏华,消费电子ETF鹏华,鹏华基金管理有限公司,SZSE,industry,行业,all-a|industry,,,industry-consumer,消费,2026-02-06,2026-09-28,150
159155,电池ETF大成,电池ETF大成,大成基金管理有限公司,SZSE,industry,行业,all-a|industry,,,industry-new-energy,新能源,2026-01-20,2026-09-28,163
159156,电池ETF万家,电池ETF万家,万家基金管理有限公司,SZSE,industry,行业,all-a|industry,,,industry-new-energy,新能源,2026-02-11,2026-09-28,147
159157,有色金属ETF天弘,有色金属ETF天弘,天弘基金管理有限公司,SZSE,industry,行业,all-a|industry,,,industry-resources,资源周期,2026-02-05,2026-09-28,151
159158,电力ETF景顺,电力ETF景顺,景顺长城基金管理有限公司,SZSE,industry,行业,all-a|industry,,,,,2026-01-26,2026-09-28,159
159159,公用事业ETF国投瑞银,公用事业ETF国投瑞银,国投瑞银基金管理有限公司,SZSE,industry,行业,all-a|industry,,,,,2026-02-11,2026-09-28,147
159160,电池ETF东财,电池ETF东财,东财基金管理有限公司,SZSE,industry,行业,all-a|industry,,,industry-new-energy,新能源,2026-03-26,2026-09-28,122
159161,工程机械ETF东财,工程机械ETF东财,东财基金管理有限公司,SZSE,industry,行业,all-a|industry,,,industry-advanced-manufacturing,机器人/高端制造,2026-07-06,2026-09-28,55
159162,工业有色ETF鹏华,工业有色ETF鹏华,鹏华基金管理有限公司,SZSE,industry,行业,all-a|industry,,,industry-resources,资源周期,2026-01-28,2026-09-28,157
159163,有色ETF泰康,有色ETF泰康,泰康基金管理有限公司,SZSE,industry,行业,all-a|industry,,,industry-resources,资源周期,2026-02-06,2026-09-28,150
159165,养殖ETF永赢,养殖ETF永赢,永赢基金管理有限公司,SZSE,industry,行业,all-a|industry,,,industry-consumer,消费,2026-02-11,2026-09-28,147
159168,有色ETF富国,有色ETF富国,富国基金管理有限公司,SZSE,industry,行业,all-a|industry,,,industry-resources,资源周期,2026-02-11,2026-09-28,147
159171,工业有色ETF博时,工业有色ETF博时,博时基金管理有限公司,SZSE,industry,行业,all-a|industry,,,industry-resources,资源周期,2026-03-04,2026-09-28,138
159172,养殖ETF汇添富,养殖ETF汇添富,汇添富基金管理股份有限公司,SZSE,industry,行业,all-a|industry,,,industry-consumer,消费,2026-03-19,2026-09-28,127
159173,农牧ETF南方,农牧ETF南方,南方基金管理股份有限公司,SZSE,industry,行业,all-a|industry,,,,,2026-04-01,2026-09-28,118
159175,电池ETF易方达,电池ETF易方达,易方达基金管理有限公司,SZSE,industry,行业,all-a|industry,,,industry-new-energy,新能源,2026-03-04,2026-09-28,138
159176,家电ETF华宝,家电ETF华宝,华宝基金管理有限公司,SZSE,industry,行业,all-a|industry,,,industry-consumer,消费,2026-04-02,2026-09-28,117
159177,工程机械ETF鹏华,工程机械ETF鹏华,鹏华基金管理有限公司,SZSE,industry,行业,all-a|industry,,,industry-advanced-manufacturing,机器人/高端制造,2026-04-01,2026-09-28,118
159178,消费电子ETF汇添富,消费电子ETF汇添富,汇添富基金管理股份有限公司,SZSE,industry,行业,all-a|industry,,,industry-consumer,消费,2026-04-27,2026-09-28,101
159180,软件ETF银华,软件ETF银华,银华基金管理股份有限公司,SZSE,industry,行业,all-a|industry,,,industry-ai-compute,AI/算力通信,2026-04-02,2026-09-28,117
159181,石油ETF易方达,石油ETF易方达,易方达基金管理有限公司,SZSE,industry,行业,all-a|industry,,,industry-resources,资源周期,2026-03-18,2026-09-28,128
159182,家电ETF南方,家电ETF南方,南方基金管理股份有限公司,SZSE,industry,行业,all-a|industry,,,industry-consumer,消费,2026-05-07,2026-09-28,96
159183,新能源车ETF招商,新能源车ETF招商,招商基金管理有限公司,SZSE,industry,行业,all-a|industry,,,industry-automotive,汽车,2026-03-23,2026-09-28,125
159187,创业板新能源ETF景顺,创业板新能源ETF景顺,景顺长城基金管理有限公司,SZSE,industry,行业,all-a|industry,,,industry-new-energy,新能源,2026-03-31,2026-09-28,119
159189,石油ETF华夏,石油ETF华夏,华夏基金管理有限公司,SZSE,industry,行业,all-a|industry,,,industry-resources,资源周期,2026-03-18,2026-09-28,128
159190,创业板新能源ETF天弘,创业板新能源ETF天弘,天弘基金管理有限公司,SZSE,industry,行业,all-a|industry,,,industry-new-energy,新能源,2026-03-27,2026-09-28,121
159192,家电ETF汇添富,家电ETF汇添富,汇添富基金管理股份有限公司,SZSE,industry,行业,all-a|industry,,,industry-consumer,消费,2026-04-29,2026-09-28,99
159193,储能电池ETF银华,储能电池ETF银华,银华基金管理股份有限公司,SZSE,industry,行业,all-a|industry,,,industry-new-energy,新能源,2026-04-30,2026-09-28,98
159195,石油ETF华安,石油ETF华安,华安基金管理有限公司,SZSE,industry,行业,all-a|industry,,,industry-resources,资源周期,2026-04-01,2026-09-28,118
159197,石油ETF招商,石油ETF招商,招商基金管理有限公司,SZSE,industry,行业,all-a|industry,,,industry-resources,资源周期,2026-04-01,2026-09-28,118
159199,石油ETF平安,石油ETF平安,平安基金管理有限公司,SZSE,industry,行业,all-a|industry,,,industry-resources,资源周期,2026-04-08,2026-09-28,114
159206,卫星ETF永赢,卫星ETF永赢,永赢基金管理有限公司,SZSE,industry,行业,all-a|industry,,,industry-defense,军工,2025-03-13,2026-09-28,373
159208,航空航天ETF万家,航空航天ETF万家,万家基金管理有限公司,SZSE,industry,行业,all-a|industry,,,industry-defense,军工,2025-05-09,2026-09-28,336
159213,机器人ETF汇添富,机器人ETF汇添富,汇添富基金管理股份有限公司,SZSE,industry,行业,all-a|industry,,,industry-advanced-manufacturing,机器人/高端制造,2025-04-29,2026-09-28,341
159218,卫星ETF招商,卫星ETF招商,招商基金管理有限公司,SZSE,industry,行业,all-a|industry,,,industry-defense,军工,2025-05-21,2026-09-28,328
159227,航空航天ETF华夏,航空航天ETF华夏,华夏基金管理有限公司,SZSE,industry,行业,all-a|industry,,,industry-defense,军工,2025-05-15,2026-09-28,332
159230,通用航空ETF华夏,通用航空ETF华夏,华夏基金管理有限公司,SZSE,industry,行业,all-a|industry,,,industry-defense,军工,2025-05-29,2026-09-28,322
159231,通用航空ETF华宝,通用航空ETF华宝,华宝基金管理有限公司,SZSE,industry,行业,all-a|industry,,,industry-defense,军工,2025-04-28,2026-09-28,342
159241,航空航天ETF天弘,航空航天ETF天弘,天弘基金管理有限公司,SZSE,industry,行业,all-a|industry,,,industry-defense,军工,2025-05-28,2026-09-28,323
159242,创业板人工智能ETF大成,创业板人工智能ETF大成,大成基金管理有限公司,SZSE,industry,行业,all-a|industry,,,industry-ai-compute,AI/算力通信,2025-07-23,2026-09-28,284
159243,创业板人工智能ETF招商,创业板人工智能ETF招商,招商基金管理有限公司,SZSE,industry,行业,all-a|industry,,,industry-ai-compute,AI/算力通信,2025-12-31,2026-09-28,175
159246,创业板人工智能ETF富国,创业板人工智能ETF富国,富国基金管理有限公司,SZSE,industry,行业,all-a|industry,,,industry-ai-compute,AI/算力通信,2025-07-09,2026-09-28,294
159248,人工智能ETF万家,人工智能ETF万家,万家基金管理有限公司,SZSE,industry,行业,all-a|industry,,,industry-ai-compute,AI/算力通信,2025-07-23,2026-09-28,284
159253,银行ETF博时,银行ETF博时,博时基金管理有限公司,SZSE,industry,行业,all-a|industry,,,industry-finance,金融,2025-12-05,2026-09-28,193
159255,通用航空ETF易方达,通用航空ETF易方达,易方达基金管理有限公司,SZSE,industry,行业,all-a|industry,,,industry-defense,军工,2025-08-01,2026-09-28,277
159256,创业板软件ETF华夏,创业板软件ETF华夏,华夏基金管理有限公司,SZSE,industry,行业,all-a|industry,,,industry-ai-compute,AI/算力通信,2025-08-01,2026-09-28,277
159257,航空ETF汇添富,航空ETF汇添富,汇添富基金管理股份有限公司,SZSE,industry,行业,all-a|industry,,,,,2025-07-25,2026-09-28,282
159258,机器人ETF南方,机器人ETF南方,南方基金管理股份有限公司,SZSE,industry,行业,all-a|industry,,,industry-advanced-manufacturing,机器人/高端制造,2025-07-31,2026-09-28,278
159260,证券ETF博时,证券ETF博时,博时基金管理有限公司,SZSE,industry,行业,all-a|industry,,,industry-finance,金融,2025-11-03,2026-09-28,217
159261,创业板新能源ETF鹏华,创业板新能源ETF鹏华,鹏华基金管理有限公司,SZSE,industry,行业,all-a|industry,,,industry-new-energy,新能源,2025-07-04,2026-09-28,297
159267,航天ETF华安,航天ETF华安,华安基金管理有限公司,SZSE,industry,行业,all-a|industry,,,industry-defense,军工,2025-07-31,2026-09-28,278
159272,机器人ETF富国,机器人ETF富国,富国基金管理有限公司,SZSE,industry,行业,all-a|industry,,,industry-advanced-manufacturing,机器人/高端制造,2025-09-18,2026-09-28,243
159273,云计算ETF汇添富,云计算ETF汇添富,汇添富基金管理股份有限公司,SZSE,industry,行业,all-a|industry,,,industry-ai-compute,AI/算力通信,2025-08-05,2026-09-28,275
159275,农牧渔ETF华宝,农牧渔ETF华宝,华宝基金管理有限公司,SZSE,industry,行业,all-a|industry,,,,,2025-09-26,2026-09-28,237
159278,机器人ETF鹏华,机器人ETF鹏华,鹏华基金管理有限公司,SZSE,industry,行业,all-a|industry,,,industry-advanced-manufacturing,机器人/高端制造,2025-08-11,2026-09-28,271
159279,创业板人工智能ETF华安,创业板人工智能ETF华安,华安基金管理有限公司,SZSE,industry,行业,all-a|industry,,,industry-ai-compute,AI/算力通信,2025-09-26,2026-09-28,237
159283,通用航空ETF南方,通用航空ETF南方,南方基金管理股份有限公司,SZSE,industry,行业,all-a|industry,,,industry-defense,军工,2025-08-20,2026-09-28,264
159299,金融科技ETF易方达,金融科技ETF易方达,易方达基金管理有限公司,SZSE,industry,行业,all-a|industry,,,industry-finance,金融,2025-09-10,2026-09-28,249
159301,公用事业ETF华夏,公用事业ETF华夏,华夏基金管理有限公司,SZSE,industry,行业,all-a|industry,,,,,2024-07-19,2026-09-28,528
159305,储能电池ETF广发,储能电池ETF广发,广发基金管理有限公司,SZSE,industry,行业,all-a|industry,,,industry-new-energy,新能源,2024-09-26,2026-09-28,481
159306,汽车零部件ETF平安,汽车零部件ETF平安,平安基金管理有限公司,SZSE,industry,行业,all-a|industry,,,industry-automotive,汽车,2024-05-13,2026-09-28,576
159309,油气ETF汇添富,油气ETF汇添富,汇添富基金管理股份有限公司,SZSE,industry,行业,all-a|industry,,,industry-resources,资源周期,2024-06-17,2026-09-28,552
159310,芯片ETF天弘,芯片ETF天弘,天弘基金管理有限公司,SZSE,industry,行业,all-a|industry,,,industry-semiconductor,半导体,2024-04-29,2026-09-28,583
159311,数字经济ETF易方达,数字经济ETF易方达,易方达基金管理有限公司,SZSE,industry,行业,all-a|industry,,,industry-ai-compute,AI/算力通信,2025-07-14,2026-09-28,291
159315,黄金股ETF工银,黄金股ETF工银,工银瑞信基金管理有限公司,SZSE,industry,行业,all-a|industry,,,industry-resources,资源周期,2024-06-13,2026-09-28,554
159320,电网设备ETF广发,电网设备ETF广发,广发基金管理有限公司,SZSE,industry,行业,all-a|industry,,,,,2024-12-23,2026-09-28,424
159321,黄金股ETF华安,黄金股ETF华安,华安基金管理有限公司,SZSE,industry,行业,all-a|industry,,,industry-resources,资源周期,2024-05-24,2026-09-28,567
159322,黄金股ETF平安,黄金股ETF平安,平安基金管理有限公司,SZSE,industry,行业,all-a|industry,,,industry-resources,资源周期,2024-06-13,2026-09-28,554
159325,半导体ETF南方,半导体ETF南方,南方基金管理股份有限公司,SZSE,industry,行业,all-a|industry,,,industry-semiconductor,半导体,2024-11-07,2026-09-28,456
159326,电网设备ETF华夏,电网设备ETF华夏,华夏基金管理有限公司,SZSE,industry,行业,all-a|industry,,,,,2024-09-06,2026-09-28,493
159327,半导体设备ETF万家,半导体设备ETF万家,万家基金管理有限公司,SZSE,industry,行业,all-a|industry,,,industry-semiconductor,半导体,2024-08-02,2026-09-28,518
159328,家电ETF易方达,家电ETF易方达,易方达基金管理有限公司,SZSE,industry,行业,all-a|industry,,,industry-consumer,消费,2024-11-14,2026-09-28,451
159363,创业板人工智能ETF华宝,创业板人工智能ETF华宝,华宝基金管理有限公司,SZSE,industry,行业,all-a|industry,,,industry-ai-compute,AI/算力通信,2024-12-13,2026-09-28,430
159368,创业板新能源ETF华夏,创业板新能源ETF华夏,华夏基金管理有限公司,SZSE,industry,行业,all-a|industry,,,industry-new-energy,新能源,2025-03-21,2026-09-28,367
159377,创业板医药ETF国泰,创业板医药ETF国泰,国泰基金管理有限公司,SZSE,industry,行业,all-a|industry,,,industry-healthcare,医药,2025-04-14,2026-09-28,352
159378,通用航空ETF永赢,通用航空ETF永赢,永赢基金管理有限公司,SZSE,industry,行业,all-a|industry,,,industry-defense,军工,2025-01-09,2026-09-28,412
159381,创业板人工智能ETF华夏,创业板人工智能ETF华夏,华夏基金管理有限公司,SZSE,industry,行业,all-a|industry,,,industry-ai-compute,AI/算力通信,2025-03-21,2026-09-28,367
159382,创业板人工智能ETF南方,创业板人工智能ETF南方,南方基金管理股份有限公司,SZSE,industry,行业,all-a|industry,,,industry-ai-compute,AI/算力通信,2025-05-08,2026-09-28,337
159385,数字经济ETF富国,数字经济ETF富国,富国基金管理有限公司,SZSE,industry,行业,all-a|industry,,,industry-ai-compute,AI/算力通信,2025-05-29,2026-09-28,322
159387,创业板新能源ETF国泰,创业板新能源ETF国泰,国泰基金管理有限公司,SZSE,industry,行业,all-a|industry,,,industry-new-energy,新能源,2025-06-09,2026-09-28,316
159388,创业板人工智能ETF国泰,创业板人工智能ETF国泰,国泰基金管理有限公司,SZSE,industry,行业,all-a|industry,,,industry-ai-compute,AI/算力通信,2025-04-03,2026-09-28,358
159389,数字经济ETF嘉实,数字经济ETF嘉实,嘉实基金管理有限公司,SZSE,industry,行业,all-a|industry,,,industry-ai-compute,AI/算力通信,2025-05-29,2026-09-28,322
159392,航空ETF富国,航空ETF富国,富国基金管理有限公司,SZSE,industry,行业,all-a|industry,,,,,2025-05-13,2026-09-28,334
159503,财富管理ETF,,,SZSE,industry,行业,all-a|industry,,,,,2023-07-19,2024-07-17,242
159507,通信ETF广发,通信ETF广发,广发基金管理有限公司,SZSE,industry,行业,all-a|industry,,,industry-ai-compute,AI/算力通信,2023-06-20,2026-09-28,790
159508,生物医药ETF华安,生物医药ETF华安,华安基金管理有限公司,SZSE,industry,行业,all-a|industry,,,industry-healthcare,医药,2023-07-13,2026-09-28,775
159511,通信ETF南方,通信ETF南方,南方基金管理股份有限公司,SZSE,industry,行业,all-a|industry,,,industry-ai-compute,AI/算力通信,2023-08-04,2026-09-28,759
159512,汽车ETF广发,汽车ETF广发,广发基金管理有限公司,SZSE,industry,行业,all-a|industry,,,industry-automotive,汽车,2023-07-24,2026-09-28,768
159516,半导体设备ETF国泰,半导体设备ETF国泰,国泰基金管理有限公司,SZSE,industry,行业,all-a|industry,,,industry-semiconductor,半导体,2023-07-26,2026-09-28,766
159520,消费龙头ETF工银,消费龙头ETF工银,工银瑞信基金管理有限公司,SZSE,industry,行业,all-a|industry,,,industry-consumer,消费,2023-10-30,2026-09-28,704
159526,机器人ETF嘉实,机器人ETF嘉实,嘉实基金管理有限公司,SZSE,industry,行业,all-a|industry,,,industry-advanced-manufacturing,机器人/高端制造,2024-04-23,2026-09-28,587
159527,云计算ETF广发,云计算ETF广发,广发基金管理有限公司,SZSE,industry,行业,all-a|industry,,,industry-ai-compute,AI/算力通信,2024-01-31,2026-09-28,638
159530,机器人ETF易方达,机器人ETF易方达,易方达基金管理有限公司,SZSE,industry,行业,all-a|industry,,,industry-advanced-manufacturing,机器人/高端制造,2024-01-17,2026-09-28,648
159537,信创ETF国泰,信创ETF国泰,国泰基金管理有限公司,SZSE,industry,行业,all-a|industry,,,industry-ai-compute,AI/算力通信,2023-10-09,2026-09-28,719
159538,信创ETF富国,信创ETF富国,富国基金管理有限公司,SZSE,industry,行业,all-a|industry,,,industry-ai-compute,AI/算力通信,2023-09-21,2026-09-28,725
159539,信创ETF广发,信创ETF广发,广发基金管理有限公司,SZSE,industry,行业,all-a|industry,,,industry-ai-compute,AI/算力通信,2023-09-27,2026-09-28,721
159540,信创ETF易方达,信创ETF易方达,易方达基金管理有限公司,SZSE,industry,行业,all-a|industry,,,industry-ai-compute,AI/算力通信,2023-09-27,2026-09-28,721
159542,工程机械ETF大成,工程机械ETF大成,大成基金管理有限公司,SZSE,industry,行业,all-a|industry,,,industry-advanced-manufacturing,机器人/高端制造,2024-06-06,2026-09-28,558
159546,集成电路ETF国泰,集成电路ETF国泰,国泰基金管理有限公司,SZSE,industry,行业,all-a|industry,,,industry-semiconductor,半导体,2023-10-19,2026-09-28,711
159550,互联网ETF东财,互联网ETF东财,东财基金管理有限公司,SZSE,industry,行业,all-a|industry,,,industry-ai-compute,AI/算力通信,2025-06-26,2026-09-28,303
159551,机器人ETF国泰,机器人ETF国泰,国泰基金管理有限公司,SZSE,industry,行业,all-a|industry,,,industry-advanced-manufacturing,机器人/高端制造,2023-11-15,2026-09-28,692
159558,半导体设备ETF易方达,半导体设备ETF易方达,易方达基金管理有限公司,SZSE,industry,行业,all-a|industry,,,industry-semiconductor,半导体,2024-06-17,2026-09-28,552
159559,机器人ETF景顺,机器人ETF景顺,景顺长城基金管理有限公司,SZSE,industry,行业,all-a|industry,,,industry-advanced-manufacturing,机器人/高端制造,2023-12-11,2026-09-28,674
159560,芯片ETF景顺,芯片ETF景顺,景顺长城基金管理有限公司,SZSE,industry,行业,all-a|industry,,,industry-semiconductor,半导体,2023-11-17,2026-09-28,690
159562,黄金股ETF华夏,黄金股ETF华夏,华夏基金管理有限公司,SZSE,industry,行业,all-a|industry,,,industry-resources,资源周期,2024-01-19,2026-09-28,646
159565,汽车零部件ETF易方达,汽车零部件ETF易方达,易方达基金管理有限公司,SZSE,industry,行业,all-a|industry,,,industry-automotive,汽车,2024-02-23,2026-09-28,627
159566,储能电池ETF易方达,储能电池ETF易方达,易方达基金管理有限公司,SZSE,industry,行业,all-a|industry,,,industry-new-energy,新能源,2024-02-07,2026-09-28,633
159578,深证主板50ETF南方,深证主板50ETF南方,南方基金管理股份有限公司,SZSE,industry,行业,all-a|industry,,,,,2024-06-06,2026-09-28,558
159579,深主板50ETF华安,,,SZSE,industry,行业,all-a|industry,,,,,2024-07-18,2025-03-18,160
159582,半导体ETF博时,半导体ETF博时,博时基金管理有限公司,SZSE,industry,行业,all-a|industry,,,industry-semiconductor,半导体,2024-04-15,2026-09-28,593
159583,通信ETF富国,通信ETF富国,富国基金管理有限公司,SZSE,industry,行业,all-a|industry,,,industry-ai-compute,AI/算力通信,2024-07-05,2026-09-28,538
159586,计算机ETF南方,计算机ETF南方,南方基金管理股份有限公司,SZSE,industry,行业,all-a|industry,,,industry-ai-compute,AI/算力通信,2024-03-14,2026-09-28,613
159587,粮食ETF广发,粮食ETF广发,广发基金管理有限公司,SZSE,industry,行业,all-a|industry,,,industry-consumer,消费,2024-08-20,2026-09-28,506
159588,石油ETF景顺,石油ETF景顺,景顺长城基金管理有限公司,SZSE,industry,行业,all-a|industry,,,industry-resources,资源周期,2024-05-30,2026-09-28,563
159590,软件ETF汇添富,软件ETF汇添富,汇添富基金管理股份有限公司,SZSE,industry,行业,all-a|industry,,,industry-ai-compute,AI/算力通信,2024-11-05,2026-09-28,458
159599,芯片ETF东财,芯片ETF东财,东财基金管理有限公司,SZSE,industry,行业,all-a|industry,,,industry-semiconductor,半导体,2024-05-07,2026-09-28,580
159608,稀有金属ETF广发,稀有金属ETF广发,广发基金管理有限公司,SZSE,industry,行业,all-a|industry,,,industry-resources,资源周期,2021-12-22,2026-09-28,1151
159609,光伏ETF浦银,光伏ETF浦银,浦银基金管理有限公司,SZSE,industry,行业,all-a|industry,,,industry-new-energy,新能源,2022-07-07,2026-09-28,1022
159611,电力ETF广发,电力ETF广发,广发基金管理有限公司,SZSE,industry,行业,all-a|industry,,,,,2022-01-06,2026-09-28,1141
159613,信息安全ETF嘉实,信息安全ETF嘉实,嘉实基金管理有限公司,SZSE,industry,行业,all-a|industry,,,,,2022-01-26,2026-09-28,1127
159616,农牧ETF建信,农牧ETF建信,建信基金管理有限责任公司,SZSE,industry,行业,all-a|industry,,,,,2022-08-05,2026-09-28,1001
159618,光伏ETF华安,光伏ETF华安,华安基金管理有限公司,SZSE,industry,行业,all-a|industry,,,industry-new-energy,新能源,2022-04-21,2026-09-28,1073
159619,基建ETF国泰,基建ETF国泰,国泰基金管理有限公司,SZSE,industry,行业,all-a|industry,,,,,2022-02-17,2026-09-28,1116
159622,创新药ETF东财,创新药ETF东财,东财基金管理有限公司,SZSE,industry,行业,all-a|industry,,,industry-healthcare,医药,2023-05-08,2026-09-28,821
159623,成渝经济圈ETF博时,成渝经济圈ETF博时,博时基金管理有限公司,SZSE,industry,行业,all-a|industry,,,,,2022-09-08,2026-09-28,977
159625,绿色电力ETF嘉实,绿色电力ETF嘉实,嘉实基金管理有限公司,SZSE,industry,行业,all-a|industry,,,,,2022-04-28,2026-09-28,1068
159627,A100ETF华夏,A100ETF华夏,华夏基金管理有限公司,SZSE,industry,行业,all-a|industry,,,,,2022-11-29,2026-09-28,925
159630,A100ETF汇添富,A100ETF汇添富,汇添富基金管理股份有限公司,SZSE,industry,行业,all-a|industry,,,,,2022-10-31,2026-09-28,946
159631,A100ETF招商,A100ETF招商,招商基金管理有限公司,SZSE,industry,行业,all-a|industry,,,,,2022-08-25,2026-09-28,987
159635,基建ETF华夏,基建ETF华夏,华夏基金管理有限公司,SZSE,industry,行业,all-a|industry,,,,,2022-07-11,2026-09-28,1020
159637,新能源车ETF东财,新能源车ETF东财,东财基金管理有限公司,SZSE,industry,行业,all-a|industry,,,industry-automotive,汽车,2022-08-31,2026-09-28,983
159638,航空航天ETF嘉实,航空航天ETF嘉实,嘉实基金管理有限公司,SZSE,industry,行业,all-a|industry,,,industry-defense,军工,2022-08-11,2026-09-28,997
159639,碳中和ETF南方,碳中和ETF南方,南方基金管理股份有限公司,SZSE,industry,行业,all-a|industry,,,industry-new-energy,新能源,2022-07-18,2026-09-28,1015
159640,碳中和龙头ETF工银,碳中和龙头ETF工银,工银瑞信基金管理有限公司,SZSE,industry,行业,all-a|industry,,,industry-new-energy,新能源,2022-07-20,2026-09-28,1013
159641,碳中和ETF招商,碳中和ETF招商,招商基金管理有限公司,SZSE,industry,行业,all-a|industry,,,industry-new-energy,新能源,2022-07-21,2026-09-28,1012
159642,碳中和ETF大成,碳中和ETF大成,大成基金管理有限公司,SZSE,industry,行业,all-a|industry,,,industry-new-energy,新能源,2022-07-20,2026-09-28,1013
159643,疫苗ETF国泰,疫苗ETF国泰,国泰基金管理有限公司,SZSE,industry,行业,all-a|industry,,,industry-healthcare,医药,2022-08-19,2026-09-28,991
159645,疫苗ETF富国,疫苗ETF富国,富国基金管理有限公司,SZSE,industry,行业,all-a|industry,,,industry-healthcare,医药,2022-09-23,2026-09-28,967
159646,疫苗ETF基金,,,SZSE,industry,行业,all-a|industry,,,industry-healthcare,医药,2022-08-19,2024-06-03,431
159647,中药ETF鹏华,中药ETF鹏华,鹏华基金管理有限公司,SZSE,industry,行业,all-a|industry,,,industry-healthcare,医药,2022-07-27,2026-09-28,1008
159652,有色ETF汇添富,有色ETF汇添富,汇添富基金管理股份有限公司,SZSE,industry,行业,all-a|industry,,,industry-resources,资源周期,2023-02-07,2026-09-28,881
159657,疫苗ETF鹏华,疫苗ETF鹏华,鹏华基金管理有限公司,SZSE,industry,行业,all-a|industry,,,industry-healthcare,医药,2023-03-10,2026-09-28,858
159658,数字经济ETF华安,数字经济ETF华安,华安基金管理有限公司,SZSE,industry,行业,all-a|industry,,,industry-ai-compute,AI/算力通信,2022-10-11,2026-09-28,960
159661,A100ETF嘉实,A100ETF嘉实,嘉实基金管理有限公司,SZSE,industry,行业,all-a|industry,,,,,2023-11-30,2026-09-28,681
159662,交运ETF南方,交运ETF南方,南方基金管理股份有限公司,SZSE,industry,行业,all-a|industry,,,,,2022-11-30,2026-09-28,924
159663,机床ETF华夏,机床ETF华夏,华夏基金管理有限公司,SZSE,industry,行业,all-a|industry,,,industry-advanced-manufacturing,机器人/高端制造,2022-10-25,2026-09-28,950
159665,半导体龙头ETF工银,半导体龙头ETF工银,工银瑞信基金管理有限公司,SZSE,industry,行业,all-a|industry,,,industry-semiconductor,半导体,2023-01-05,2026-09-28,899
159666,交通运输ETF华夏,交通运输ETF华夏,华夏基金管理有限公司,SZSE,industry,行业,all-a|industry,,,,,2023-02-10,2026-09-28,878
159667,工业母机ETF国泰,工业母机ETF国泰,国泰基金管理有限公司,SZSE,industry,行业,all-a|industry,,,industry-advanced-manufacturing,机器人/高端制造,2022-10-25,2026-09-28,950
159669,绿色电力ETF国泰,绿色电力ETF国泰,国泰基金管理有限公司,SZSE,industry,行业,all-a|industry,,,,,2023-01-10,2026-09-28,896
159670,消费50ETF国联安,消费50ETF国联安,国联安基金管理有限公司,SZSE,industry,行业,all-a|industry,,,industry-consumer,消费,2023-05-08,2026-09-28,821
159671,稀有金属ETF工银,稀有金属ETF工银,工银瑞信基金管理有限公司,SZSE,industry,行业,all-a|industry,,,industry-resources,资源周期,2023-03-09,2026-09-28,859
159672,消费ETF博时,消费ETF博时,博时基金管理有限公司,SZSE,industry,行业,all-a|industry,,,industry-consumer,消费,2023-03-31,2026-09-28,843
159683,运输ETF,,,SZSE,industry,行业,all-a|industry,,,,,2023-01-06,2025-01-13,489
159686,A100ETF易方达,A100ETF易方达,易方达基金管理有限公司,SZSE,industry,行业,all-a|industry,,,,,2023-07-18,2026-09-28,772
159687,亚太精选ETF南方,亚太精选ETF南方,南方基金管理股份有限公司,SZSE,industry,行业,all-a|industry,,,,,2022-12-29,2026-09-28,902
159689,消费ETF南方,消费ETF南方,南方基金管理股份有限公司,SZSE,industry,行业,all-a|industry,,,industry-consumer,消费,2023-03-10,2026-09-28,858
159690,有色矿业ETF招商,有色矿业ETF招商,招商基金管理有限公司,SZSE,industry,行业,all-a|industry,,,industry-resources,资源周期,2023-07-05,2026-09-28,781
159692,证券ETF东财,证券ETF东财,东财基金管理有限公司,SZSE,industry,行业,all-a|industry,,,industry-finance,金融,2023-05-22,2026-09-28,811
159693,有色矿业ETF,,,SZSE,industry,行业,all-a|industry,,,industry-resources,资源周期,2023-12-13,2024-06-05,114
159695,通信ETF嘉实,通信ETF嘉实,嘉实基金管理有限公司,SZSE,industry,行业,all-a|industry,,,industry-ai-compute,AI/算力通信,2023-05-09,2026-09-28,820
159697,石油ETF鹏华,石油ETF鹏华,鹏华基金管理有限公司,SZSE,industry,行业,all-a|industry,,,industry-resources,资源周期,2023-04-28,2026-09-28,824
159698,粮食ETF鹏华,粮食ETF鹏华,鹏华基金管理有限公司,SZSE,industry,行业,all-a|industry,,,industry-consumer,消费,2023-08-17,2026-09-28,750
159701,物联网ETF招商,物联网ETF招商,招商基金管理有限公司,SZSE,industry,行业,all-a|industry,,,industry-ai-compute,AI/算力通信,2021-12-22,2026-09-28,1151
159702,AIETF,,,SZSE,industry,行业,all-a|industry,,,industry-ai-compute,AI/算力通信,2021-05-17,2022-11-28,375
159703,新材料ETF天弘,新材料ETF天弘,天弘基金管理有限公司,SZSE,industry,行业,all-a|industry,,,,,2021-06-07,2026-09-28,1285
159707,地产ETF华宝,地产ETF华宝,华宝基金管理有限公司,SZSE,industry,行业,all-a|industry,,,,,2021-11-11,2026-09-28,1180
159709,物联网ETF工银,物联网ETF工银,工银瑞信基金管理有限公司,SZSE,industry,行业,all-a|industry,,,industry-ai-compute,AI/算力通信,2021-07-01,2026-09-28,1268
159710,智能电车ETF,,,SZSE,industry,行业,all-a|industry,,,,,2021-08-06,2024-01-23,599
159713,稀土ETF富国,稀土ETF富国,富国基金管理有限公司,SZSE,industry,行业,all-a|industry,,,industry-resources,资源周期,2021-08-13,2026-09-28,1237
159715,稀土ETF易方达,稀土ETF易方达,易方达基金管理有限公司,SZSE,industry,行业,all-a|industry,,,industry-resources,资源周期,2021-09-09,2026-09-28,1218
159720,智能车ETF泰康,智能车ETF泰康,泰康基金管理有限公司,SZSE,industry,行业,all-a|industry,,,industry-automotive,汽车,2021-07-19,2026-09-28,1256
159723,科技龙头ETF汇添富,科技龙头ETF汇添富,汇添富基金管理股份有限公司,SZSE,industry,行业,all-a|industry,,,,,2021-10-14,2026-09-28,1200
159725,线上消费ETF工银,线上消费ETF工银,工银瑞信基金管理有限公司,SZSE,industry,行业,all-a|industry,,,industry-consumer,消费,2021-07-01,2026-09-28,1268
159728,在线消费ETF南方,在线消费ETF南方,南方基金管理股份有限公司,SZSE,industry,行业,all-a|industry,,,industry-consumer,消费,2022-01-10,2026-09-28,1139
159729,互联网ETF汇添富,互联网ETF汇添富,汇添富基金管理股份有限公司,SZSE,industry,行业,all-a|industry,,,industry-ai-compute,AI/算力通信,2021-07-20,2026-09-28,1255
159730,家电ETF博时,家电ETF博时,博时基金管理有限公司,SZSE,industry,行业,all-a|industry,,,industry-consumer,消费,2021-12-23,2026-09-28,1150
159731,石化ETF华夏,石化ETF华夏,华夏基金管理有限公司,SZSE,industry,行业,all-a|industry,,,,,2021-12-09,2026-09-28,1160
159732,消费电子ETF华夏,消费电子ETF华夏,华夏基金管理有限公司,SZSE,industry,行业,all-a|industry,,,industry-consumer,消费,2021-08-20,2026-09-28,1232
159733,消费电子50ETF,,,SZSE,industry,行业,all-a|industry,,,industry-consumer,消费,2021-09-28,2024-03-04,587
159736,食品饮料ETF天弘,食品饮料ETF天弘,天弘基金管理有限公司,SZSE,industry,行业,all-a|industry,,,industry-consumer,消费,2021-09-24,2026-09-28,1209
159738,云计算ETF华泰柏瑞,云计算ETF华泰柏瑞,华泰柏瑞基金管理有限公司,SZSE,industry,行业,all-a|industry,,,industry-ai-compute,AI/算力通信,2022-01-27,2026-09-28,1126
159739,云计算ETF鹏华,云计算ETF鹏华,鹏华基金管理有限公司,SZSE,industry,行业,all-a|industry,,,industry-ai-compute,AI/算力通信,2021-11-16,2026-09-28,1177
159743,湖北ETF博时,湖北ETF博时,博时基金管理有限公司,SZSE,industry,行业,all-a|industry,,,,,2022-01-10,2026-09-28,1139
159745,建材ETF国泰,建材ETF国泰,国泰基金管理有限公司,SZSE,industry,行业,all-a|industry,,,industry-resources,资源周期,2021-06-17,2026-09-28,1278
159748,创新药ETF富国,创新药ETF富国,富国基金管理有限公司,SZSE,industry,行业,all-a|industry,,,industry-healthcare,医药,2021-12-02,2026-09-28,1165
159752,新能源ETF申万菱信,新能源ETF申万菱信,申万菱信基金管理有限公司,SZSE,industry,行业,all-a|industry,,,industry-new-energy,新能源,2021-07-27,2026-09-28,1250
159755,电池ETF广发,电池ETF广发,广发基金管理有限公司,SZSE,industry,行业,all-a|industry,,,industry-new-energy,新能源,2021-06-23,2026-09-28,1274
159757,电池ETF景顺,电池ETF景顺,景顺长城基金管理有限公司,SZSE,industry,行业,all-a|industry,,,industry-new-energy,新能源,2021-08-06,2026-09-28,1242
159760,医疗健康ETF泰康,医疗健康ETF泰康,泰康基金管理有限公司,SZSE,industry,行业,all-a|industry,,,industry-healthcare,医药,2021-12-17,2026-09-28,1154
159761,新材料ETF国泰,新材料ETF国泰,国泰基金管理有限公司,SZSE,industry,行业,all-a|industry,,,,,2021-12-10,2026-09-28,1159
159763,新材料ETF建信,新材料ETF建信,建信基金管理有限责任公司,SZSE,industry,行业,all-a|industry,,,,,2021-09-10,2026-09-28,1217
159766,旅游ETF富国,旅游ETF富国,富国基金管理有限公司,SZSE,industry,行业,all-a|industry,,,industry-consumer,消费,2021-07-22,2026-09-28,1253
159767,电池龙头ETF兴银,电池龙头ETF兴银,兴银基金管理有限责任公司,SZSE,industry,行业,all-a|industry,,,industry-new-energy,新能源,2021-08-20,2026-09-28,1232
159768,房地产ETF银华,房地产ETF银华,银华基金管理股份有限公司,SZSE,industry,行业,all-a|industry,,,,,2022-02-15,2026-09-28,1118
159769,消费电子龙头ETF,,,SZSE,industry,行业,all-a|industry,,,industry-consumer,消费,2022-03-02,2024-07-08,571
159770,机器人ETF天弘,机器人ETF天弘,天弘基金管理有限公司,SZSE,industry,行业,all-a|industry,,,industry-advanced-manufacturing,机器人/高端制造,2021-11-05,2026-09-28,1184
159773,创业板科技ETF华泰柏瑞,创业板科技ETF华泰柏瑞,华泰柏瑞基金管理有限公司,SZSE,industry,行业,all-a|industry,,,,,2021-09-30,2026-09-28,1205
159775,电池ETF建信,电池ETF建信,建信基金管理有限责任公司,SZSE,industry,行业,all-a|industry,,,industry-new-energy,新能源,2022-01-21,2026-09-28,1130
159777,创科技ETF国联安,创科技ETF国联安,国联安基金管理有限公司,SZSE,industry,行业,all-a|industry,,,,,2021-10-15,2026-09-28,1199
159778,工业互联网ETF鹏华,工业互联网ETF鹏华,鹏华基金管理有限公司,SZSE,industry,行业,all-a|industry,,,industry-advanced-manufacturing,机器人/高端制造,2022-02-16,2026-09-28,1117
159779,消费电子ETF招商,消费电子ETF招商,招商基金管理有限公司,SZSE,industry,行业,all-a|industry,,,industry-consumer,消费,2021-11-25,2026-09-28,1170
159786,VRETF银华,VRETF银华,银华基金管理股份有限公司,SZSE,industry,行业,all-a|industry,,,,,2021-08-05,2026-09-28,1243
159787,建材ETF易方达,建材ETF易方达,易方达基金管理有限公司,SZSE,industry,行业,all-a|industry,,,industry-resources,资源周期,2022-03-14,2026-09-28,1099
159789,饮料ETF,,,SZSE,industry,行业,all-a|industry,,,industry-consumer,消费,2021-12-17,2023-10-23,446
159790,碳中和ETF华夏,碳中和ETF华夏,华夏基金管理有限公司,SZSE,industry,行业,all-a|industry,,,industry-new-energy,新能源,2021-08-05,2026-09-28,1243
159793,线上消费ETF平安,线上消费ETF平安,平安基金管理有限公司,SZSE,industry,行业,all-a|industry,,,industry-consumer,消费,2021-11-23,2026-09-28,1172
159795,智能汽车ETF汇添富,智能汽车ETF汇添富,汇添富基金管理股份有限公司,SZSE,industry,行业,all-a|industry,,,industry-automotive,汽车,2022-02-11,2026-09-28,1120
159796,电池ETF汇添富,电池ETF汇添富,汇添富基金管理股份有限公司,SZSE,industry,行业,all-a|industry,,,industry-new-energy,新能源,2022-03-11,2026-09-28,1100
159797,医疗器械ETF汇添富,医疗器械ETF汇添富,汇添富基金管理股份有限公司,SZSE,industry,行业,all-a|industry,,,industry-healthcare,医药,2022-05-13,2026-09-28,1060
159798,消费ETF易方达,消费ETF易方达,易方达基金管理有限公司,SZSE,industry,行业,all-a|industry,,,industry-consumer,消费,2022-05-10,2026-09-28,1063
159801,芯片ETF广发,芯片ETF广发,广发基金管理有限公司,SZSE,industry,行业,all-a|industry,,,industry-semiconductor,半导体,2020-02-17,2026-09-28,1603
159803,浙江新动能ETF,,,SZSE,industry,行业,all-a|industry,,,,,2020-05-25,2021-09-24,329
159804,创中盘88ETF国寿,创中盘88ETF国寿,国寿安保基金管理有限公司,SZSE,industry,行业,all-a|industry,,,,,2020-03-30,2026-09-28,1573
159805,传媒ETF鹏华,传媒ETF鹏华,鹏华基金管理有限公司,SZSE,industry,行业,all-a|industry,,,,,2020-04-16,2026-09-28,1561
159806,新能源车ETF国泰,新能源车ETF国泰,国泰基金管理有限公司,SZSE,industry,行业,all-a|industry,,,industry-automotive,汽车,2020-03-19,2026-09-28,1580
159807,科技ETF易方达,科技ETF易方达,易方达基金管理有限公司,SZSE,industry,行业,all-a|industry,,,,,2020-03-27,2026-09-28,1574
159808,创100ETF融通,创100ETF融通,融通基金管理有限公司,SZSE,industry,行业,all-a|industry,,,,,2020-09-03,2026-09-28,1466
159811,5GETF博时,5GETF博时,博时基金管理有限公司,SZSE,industry,行业,all-a|industry,,,industry-ai-compute,AI/算力通信,2020-04-21,2026-09-28,1558
159813,半导体ETF鹏华,半导体ETF鹏华,鹏华基金管理有限公司,SZSE,industry,行业,all-a|industry,,,industry-semiconductor,半导体,2020-05-22,2026-09-28,1538
159814,创业大盘ETF西部利得,创业大盘ETF西部利得,西部利得基金管理有限公司,SZSE,industry,行业,all-a|industry,,,,,2020-07-16,2026-09-28,1501
159815,浙江100ETF,,,SZSE,industry,行业,all-a|industry,,,,,2020-08-17,2023-04-26,654
159819,人工智能ETF易方达,人工智能ETF易方达,易方达基金管理有限公司,SZSE,industry,行业,all-a|industry,,,industry-ai-compute,AI/算力通信,2020-09-22,2026-09-28,1453
159822,新经济ETF银华,新经济ETF银华,银华基金管理股份有限公司,SZSE,industry,行业,all-a|industry,,,,,2020-10-22,2026-09-28,1436
159824,新能源车ETF博时,新能源车ETF博时,博时基金管理有限公司,SZSE,industry,行业,all-a|industry,,,industry-automotive,汽车,2021-01-08,2026-09-28,1382
159825,农业ETF富国,农业ETF富国,富国基金管理有限公司,SZSE,industry,行业,all-a|industry,,,industry-consumer,消费,2020-12-28,2026-09-28,1390
159827,农业ETF银华,农业ETF银华,银华基金管理股份有限公司,SZSE,industry,行业,all-a|industry,,,industry-consumer,消费,2020-12-17,2026-09-28,1397
159828,医疗ETF国泰,医疗ETF国泰,国泰基金管理有限公司,SZSE,industry,行业,all-a|industry,,,industry-healthcare,医药,2021-01-11,2026-09-28,1381
159835,创新药ETF建信,创新药ETF建信,建信基金管理有限责任公司,SZSE,industry,行业,all-a|industry,,,industry-healthcare,医药,2021-03-26,2026-09-28,1332
159836,创业板300ETF天弘,创业板300ETF天弘,天弘基金管理有限公司,SZSE,industry,行业,all-a|industry,,,,,2021-05-24,2026-09-28,1295
159837,生物科技ETF易方达,生物科技ETF易方达,易方达基金管理有限公司,SZSE,industry,行业,all-a|industry,,,industry-healthcare,医药,2021-01-26,2026-09-28,1370
159838,医药50ETF博时,医药50ETF博时,博时基金管理有限公司,SZSE,industry,行业,all-a|industry,,,industry-healthcare,医药,2021-07-29,2026-09-28,1248
159839,生物医药ETF汇添富,生物医药ETF汇添富,汇添富基金管理股份有限公司,SZSE,industry,行业,all-a|industry,,,industry-healthcare,医药,2021-02-19,2026-09-28,1357
159840,锂电池ETF工银,锂电池ETF工银,工银瑞信基金管理有限公司,SZSE,industry,行业,all-a|industry,,,industry-new-energy,新能源,2021-08-19,2026-09-28,1233
159841,证券ETF天弘,证券ETF天弘,天弘基金管理有限公司,SZSE,industry,行业,all-a|industry,,,industry-finance,金融,2021-02-08,2026-09-28,1361
159842,券商ETF银华,券商ETF银华,银华基金管理股份有限公司,SZSE,industry,行业,all-a|industry,,,industry-finance,金融,2021-03-18,2026-09-28,1338
159843,食品饮料ETF招商,食品饮料ETF招商,招商基金管理有限公司,SZSE,industry,行业,all-a|industry,,,industry-consumer,消费,2021-02-04,2026-09-28,1363
159847,医疗ETF易方达,医疗ETF易方达,易方达基金管理有限公司,SZSE,industry,行业,all-a|industry,,,industry-healthcare,医药,2021-07-16,2026-09-28,1257
159848,证券ETF国联安,证券ETF国联安,国联安基金管理有限公司,SZSE,industry,行业,all-a|industry,,,industry-finance,金融,2021-03-11,2026-09-28,1343
159849,生物科技ETF招商,生物科技ETF招商,招商基金管理有限公司,SZSE,industry,行业,all-a|industry,,,industry-healthcare,医药,2021-03-01,2026-09-28,1351
159851,金融科技ETF华宝,金融科技ETF华宝,华宝基金管理有限公司,SZSE,industry,行业,all-a|industry,,,industry-finance,金融,2021-03-18,2026-09-28,1338
159852,软件ETF嘉实,软件ETF嘉实,嘉实基金管理有限公司,SZSE,industry,行业,all-a|industry,,,industry-ai-compute,AI/算力通信,2021-02-08,2026-09-28,1361
159853,科技100ETF,,,SZSE,industry,行业,all-a|industry,,,,,2021-10-14,2023-11-23,515
159855,影视ETF银华,影视ETF银华,银华基金管理股份有限公司,SZSE,industry,行业,all-a|industry,,,,,2021-02-25,2026-09-28,1353
159856,互联网龙头ETF工银,互联网龙头ETF工银,工银瑞信基金管理有限公司,SZSE,industry,行业,all-a|industry,,,industry-ai-compute,AI/算力通信,2021-01-29,2026-09-28,1367
159857,光伏ETF天弘,光伏ETF天弘,天弘基金管理有限公司,SZSE,industry,行业,all-a|industry,,,industry-new-energy,新能源,2021-02-23,2026-09-28,1355
159858,创新药ETF南方,创新药ETF南方,南方基金管理股份有限公司,SZSE,industry,行业,all-a|industry,,,industry-healthcare,医药,2021-03-24,2026-09-28,1334
159859,生物医药ETF天弘,生物医药ETF天弘,天弘基金管理有限公司,SZSE,industry,行业,all-a|industry,,,industry-healthcare,医药,2021-07-06,2026-09-28,1265
159861,碳中和50ETF国泰,碳中和50ETF国泰,国泰基金管理有限公司,SZSE,industry,行业,all-a|industry,,,industry-new-energy,新能源,2021-04-01,2026-09-28,1328
159862,食品饮料ETF银华,食品饮料ETF银华,银华基金管理股份有限公司,SZSE,industry,行业,all-a|industry,,,industry-consumer,消费,2021-11-05,2026-09-28,1184
159863,光伏ETF鹏华,光伏ETF鹏华,鹏华基金管理有限公司,SZSE,industry,行业,all-a|industry,,,industry-new-energy,新能源,2021-03-10,2026-09-28,1344
159864,光伏ETF国泰,光伏ETF国泰,国泰基金管理有限公司,SZSE,industry,行业,all-a|industry,,,industry-new-energy,新能源,2021-08-09,2026-09-28,1241
159865,养殖ETF国泰,养殖ETF国泰,国泰基金管理有限公司,SZSE,industry,行业,all-a|industry,,,industry-consumer,消费,2021-03-05,2026-09-28,1347
159867,养殖ETF鹏华,养殖ETF鹏华,鹏华基金管理有限公司,SZSE,industry,行业,all-a|industry,,,industry-consumer,消费,2021-03-04,2026-09-28,1348
159869,游戏ETF华夏,游戏ETF华夏,华夏基金管理有限公司,SZSE,industry,行业,all-a|industry,,,,,2021-03-04,2026-09-28,1348
159870,化工ETF鹏华,化工ETF鹏华,鹏华基金管理有限公司,SZSE,industry,行业,all-a|industry,,,industry-resources,资源周期,2021-03-02,2026-09-28,1350
159871,有色ETF银华,有色ETF银华,银华基金管理股份有限公司,SZSE,industry,行业,all-a|industry,,,industry-resources,资源周期,2021-03-30,2026-09-28,1330
159872,智能网联汽车ETF鹏华,智能网联汽车ETF鹏华,鹏华基金管理有限公司,SZSE,industry,行业,all-a|industry,,,industry-automotive,汽车,2021-06-30,2026-09-28,1269
159873,医疗设备ETF天弘,医疗设备ETF天弘,天弘基金管理有限公司,SZSE,industry,行业,all-a|industry,,,industry-healthcare,医药,2021-03-26,2026-09-28,1332
159875,新能源ETF嘉实,新能源ETF嘉实,嘉实基金管理有限公司,SZSE,industry,行业,all-a|industry,,,industry-new-energy,新能源,2021-08-16,2026-09-28,1236
159876,有色ETF华宝,有色ETF华宝,华宝基金管理有限公司,SZSE,industry,行业,all-a|industry,,,industry-resources,资源周期,2021-03-23,2026-09-28,1335
159877,医疗ETF南方,医疗ETF南方,南方基金管理股份有限公司,SZSE,industry,行业,all-a|industry,,,industry-healthcare,医药,2021-11-02,2026-09-28,1187
159880,有色ETF鹏华,有色ETF鹏华,鹏华基金管理有限公司,SZSE,industry,行业,all-a|industry,,,industry-resources,资源周期,2021-03-24,2026-09-28,1334
159881,有色金属ETF国泰,有色金属ETF国泰,国泰基金管理有限公司,SZSE,industry,行业,all-a|industry,,,industry-resources,资源周期,2021-06-30,2026-09-28,1269
159883,医疗器械ETF永赢,医疗器械ETF永赢,永赢基金管理有限公司,SZSE,industry,行业,all-a|industry,,,industry-healthcare,医药,2021-04-29,2026-09-28,1309
159885,碳中和ETF鹏华,碳中和ETF鹏华,鹏华基金管理有限公司,SZSE,industry,行业,all-a|industry,,,industry-new-energy,新能源,2021-04-13,2026-09-28,1321
159886,机械ETF富国,机械ETF富国,富国基金管理有限公司,SZSE,industry,行业,all-a|industry,,,industry-advanced-manufacturing,机器人/高端制造,2021-04-27,2026-09-28,1311
159887,银行ETF富国,银行ETF富国,富国基金管理有限公司,SZSE,industry,行业,all-a|industry,,,industry-finance,金融,2021-05-19,2026-09-28,1298
159888,智能汽车ETF华夏,智能汽车ETF华夏,华夏基金管理有限公司,SZSE,industry,行业,all-a|industry,,,industry-automotive,汽车,2021-05-20,2026-09-28,1297
159889,智能汽车ETF国泰,智能汽车ETF国泰,国泰基金管理有限公司,SZSE,industry,行业,all-a|industry,,,industry-automotive,汽车,2021-09-08,2026-09-28,1219
159890,云计算ETF招商,云计算ETF招商,招商基金管理有限公司,SZSE,industry,行业,all-a|industry,,,industry-ai-compute,AI/算力通信,2021-04-01,2026-09-28,1328
159891,医疗ETF建信,医疗ETF建信,建信基金管理有限责任公司,SZSE,industry,行业,all-a|industry,,,industry-healthcare,医药,2021-06-11,2026-09-28,1281
159895,物联网ETF易方达,物联网ETF易方达,易方达基金管理有限公司,SZSE,industry,行业,all-a|industry,,,industry-ai-compute,AI/算力通信,2021-10-20,2026-09-28,1196
159896,物联网ETF南方,物联网ETF南方,南方基金管理股份有限公司,SZSE,industry,行业,all-a|industry,,,industry-ai-compute,AI/算力通信,2021-11-23,2026-09-28,1172
159897,物联网ETF基金,,,SZSE,industry,行业,all-a|industry,,,industry-ai-compute,AI/算力通信,2021-06-18,2022-05-17,220
159898,医疗器械ETF招商,医疗器械ETF招商,招商基金管理有限公司,SZSE,industry,行业,all-a|industry,,,industry-healthcare,医药,2021-06-03,2026-09-28,1287
159899,软件ETF招商,软件ETF招商,招商基金管理有限公司,SZSE,industry,行业,all-a|industry,,,industry-ai-compute,AI/算力通信,2021-06-25,2026-09-28,1272
159909,TMT50ETF招商,TMT50ETF招商,招商基金管理有限公司,SZSE,industry,行业,all-a|industry,,,,,2016-09-22,2026-09-28,2427
159911,民营ETF,,,SZSE,industry,行业,all-a|industry,,,,,2016-09-22,2020-06-17,908
159918,中创400ETF嘉实,中创400ETF嘉实,嘉实基金管理有限公司,SZSE,industry,行业,all-a|industry,,,,,2016-09-22,2026-09-28,2427
159923,中证A100ETF大成,中证A100ETF大成,大成基金管理有限公司,SZSE,industry,行业,all-a|industry,,,,,2016-09-22,2026-09-28,2427
159927,A300ETF,,,SZSE,industry,行业,all-a|industry,,,,,2016-09-22,2018-02-12,341
159928,消费ETF汇添富,消费ETF汇添富,汇添富基金管理股份有限公司,SZSE,industry,行业,all-a|industry,,,industry-consumer,消费,2016-09-22,2026-09-28,2427
159929,医药ETF汇添富,医药ETF汇添富,汇添富基金管理股份有限公司,SZSE,industry,行业,all-a|industry,,,industry-healthcare,医药,2016-09-22,2026-09-28,2427
159930,能源ETF汇添富,能源ETF汇添富,汇添富基金管理股份有限公司,SZSE,industry,行业,all-a|industry,,,,,2016-09-22,2026-09-28,2427
159931,金融地产ETF汇添富,金融地产ETF汇添富,汇添富基金管理股份有限公司,SZSE,industry,行业,all-a|industry,,,industry-finance,金融,2016-09-22,2026-09-28,2427
159933,金融地产ETF国投瑞银,金融地产ETF国投瑞银,国投瑞银基金管理有限公司,SZSE,industry,行业,all-a|industry,,,industry-finance,金融,2016-09-22,2026-09-28,2427
159936,可选消费ETF广发,可选消费ETF广发,广发基金管理有限公司,SZSE,industry,行业,all-a|industry,,,industry-consumer,消费,2016-09-22,2026-09-28,2427
159938,医药ETF广发,医药ETF广发,广发基金管理有限公司,SZSE,industry,行业,all-a|industry,,,industry-healthcare,医药,2016-09-22,2026-09-28,2427
159939,信息技术ETF广发,信息技术ETF广发,广发基金管理有限公司,SZSE,industry,行业,all-a|industry,,,industry-ai-compute,AI/算力通信,2016-09-22,2026-09-28,2427
159940,金融地产ETF广发,金融地产ETF广发,广发基金管理有限公司,SZSE,industry,行业,all-a|industry,,,industry-finance,金融,2016-09-22,2026-09-28,2427
159942,中创100,,,SZSE,industry,行业,all-a|industry,,,,,2016-09-22,2018-11-02,514
159944,材料ETF广发,材料ETF广发,广发基金管理有限公司,SZSE,industry,行业,all-a|industry,,,,,2016-09-22,2026-09-28,2427
159945,能源ETF广发,能源ETF广发,广发基金管理有限公司,SZSE,industry,行业,all-a|industry,,,,,2016-09-22,2026-09-28,2427
159946,全指消费,,,SZSE,industry,行业,all-a|industry,,,industry-consumer,消费,2016-09-22,2018-12-26,552
159950,深成指EF,,,SZSE,industry,行业,all-a|industry,,,,,2017-05-09,2019-07-10,531
159951,中关村ETF,,,SZSE,industry,行业,all-a|industry,,,,,2017-07-07,2022-08-22,1248
159953,工业ETF,,,SZSE,industry,行业,all-a|industry,,,,,2017-07-13,2020-12-15,835
159962,四川ETF,,,SZSE,industry,行业,all-a|industry,,,,,2019-04-17,2022-11-07,864
159965,央视50ETF国联,央视50ETF国联,国联基金管理有限公司,SZSE,industry,行业,all-a|industry,,,,,2019-04-23,2026-09-28,1800
159976,湾创ETF工银,湾创ETF工银,工银瑞信基金管理有限公司,SZSE,industry,行业,all-a|industry,,,,,2020-01-16,2026-09-28,1619
159979,湾创100ETF,,,SZSE,industry,行业,all-a|industry,,,,,2020-02-13,2022-12-19,695
159980,有色ETF大成,有色ETF大成,大成基金管理有限公司,SZSE,industry,行业,all-a|industry,,,industry-resources,资源周期,2019-12-23,2026-09-28,1636
159984,湾区100ETF,,,SZSE,industry,行业,all-a|industry,,,,,2020-01-16,2023-07-06,840
159986,消费100ETF,,,SZSE,industry,行业,all-a|industry,,,industry-consumer,消费,2020-01-17,2022-10-25,669
159987,科技创新ETF,,,SZSE,industry,行业,all-a|industry,,,,,2019-11-15,2024-08-30,1165
159991,创业板大盘ETF招商,创业板大盘ETF招商,招商基金管理有限公司,SZSE,industry,行业,all-a|industry,,,,,2020-04-23,2026-09-28,1556
159992,创新药ETF银华,创新药ETF银华,银华基金管理股份有限公司,SZSE,industry,行业,all-a|industry,,,industry-healthcare,医药,2020-04-09,2026-09-28,1566
159993,证券ETF鹏华,证券ETF鹏华,鹏华基金管理有限公司,SZSE,industry,行业,all-a|industry,,,industry-finance,金融,2020-02-06,2026-09-28,1610
159994,通信ETF银华,通信ETF银华,银华基金管理股份有限公司,SZSE,industry,行业,all-a|industry,,,industry-ai-compute,AI/算力通信,2020-02-27,2026-09-28,1595
159995,芯片ETF华夏,芯片ETF华夏,华夏基金管理有限公司,SZSE,industry,行业,all-a|industry,,,industry-semiconductor,半导体,2020-02-07,2026-09-28,1609
159996,家电ETF国泰,家电ETF国泰,国泰基金管理有限公司,SZSE,industry,行业,all-a|industry,,,industry-consumer,消费,2020-03-13,2026-09-28,1584
159997,电子ETF天弘,电子ETF天弘,天弘基金管理有限公司,SZSE,industry,行业,all-a|industry,,,,,2020-03-19,2026-09-28,1580
159998,计算机ETF天弘,计算机ETF天弘,天弘基金管理有限公司,SZSE,industry,行业,all-a|industry,,,industry-ai-compute,AI/算力通信,2020-04-10,2026-09-28,1565
510110,周期ETF,,,SSE,industry,行业,all-a|industry,,,industry-resources,资源周期,2012-01-04,2023-08-10,2820
510120,非周ETF,,,SSE,industry,行业,all-a|industry,,,,,2012-01-04,2023-08-10,2820
510150,消费ETF,消费ETF招商,招商基金管理有限公司,SSE,industry,行业,all-a|industry,,,industry-consumer,消费,2012-01-04,2026-09-28,3574
510160,产业升级,产业升级ETF南方,南方基金管理股份有限公司,SSE,industry,行业,all-a|industry,,,,,2012-01-04,2026-09-28,3574
510200,上证券商,上证券商ETF汇安,汇安基金管理有限责任公司,SSE,industry,行业,all-a|industry,,,industry-finance,金融,2020-05-08,2026-09-28,1548
510220,中小ETF,,,SSE,industry,行业,all-a|industry,,,,,2012-01-04,2022-12-26,2669
510230,金融ETF,金融ETF国泰,国泰基金管理有限公司,SSE,industry,行业,all-a|industry,,,industry-finance,金融,2012-01-04,2026-09-28,3574
510260,新兴ETF,,,SSE,industry,行业,all-a|industry,,,,,2012-01-04,2020-01-14,1954
510410,资源ETF,资源ETF博时,博时基金管理有限公司,SSE,industry,行业,all-a|industry,,,,,2012-05-11,2026-09-28,3492
510420,180EWETF,,,SSE,industry,行业,all-a|industry,,,,,2012-07-09,2019-11-07,1733
510440,500沪市,,,SSE,industry,行业,all-a|industry,,,,,2012-10-08,2022-12-21,2484
510450,180高ETF,,,SSE,industry,行业,all-a|industry,,,,,2013-08-01,2016-06-17,702
510510,广发500,中证500ETF广发,广发基金管理有限公司,SSE,industry,行业,all-a|industry,,,,,2013-05-24,2026-09-28,3241
510520,诺安500,,,SSE,industry,行业,all-a|industry,,,,,2014-03-10,2019-10-30,1378
510530,工银500,中证500ETF工银,工银瑞信基金管理有限公司,SSE,industry,行业,all-a|industry,,,,,2020-01-03,2026-09-28,1628
510550,方正500,中证500ETF方正富邦,方正富邦基金管理有限公司,SSE,industry,行业,all-a|industry,,,,,2019-01-16,2026-09-28,1863
510560,国寿500,中证500ETF国寿,国寿安保基金管理有限公司,SSE,industry,行业,all-a|industry,,,,,2015-07-03,2026-09-28,2727
510570,兴业500,中证500ETF兴业,兴业基金管理有限公司,SSE,industry,行业,all-a|industry,,,,,2020-08-12,2026-09-28,1482
510590,平安500,中证500ETF平安,平安基金管理有限公司,SSE,industry,行业,all-a|industry,,,,,2018-05-04,2026-09-28,2037
510600,沪50ETF,上证50ETF申万菱信,申万菱信基金管理有限公司,SSE,industry,行业,all-a|industry,,,,,2018-09-20,2026-09-28,1939
510610,能源行业,,,SSE,industry,行业,all-a|industry,,,,,2013-05-08,2016-03-29,706
510620,材料行业,,,SSE,industry,行业,all-a|industry,,,,,2013-05-08,2016-03-29,706
510630,消费30,消费ETF华夏,华夏基金管理有限公司,SSE,industry,行业,all-a|industry,,,industry-consumer,消费,2013-05-08,2026-09-28,3253
510650,金融行业,金融地产ETF华夏,华夏基金管理有限公司,SSE,industry,行业,all-a|industry,,,industry-finance,金融,2013-05-08,2026-09-28,3253
510660,医药行业,医药ETF华夏,华夏基金管理有限公司,SSE,industry,行业,all-a|industry,,,industry-healthcare,医药,2013-05-08,2026-09-28,3253
510670,180指,上证180ETF华夏,华夏基金管理有限公司,SSE,industry,行业,all-a|industry,,,,,2025-10-29,2026-09-28,220
510680,万家50,上证50ETF万家,万家基金管理有限公司,SSE,industry,行业,all-a|industry,,,,,2013-12-02,2026-09-28,3115
510690,180金融,,,SSE,industry,行业,all-a|industry,,,industry-finance,金融,2020-06-22,2022-03-02,411
510700,百强ETF,,,SSE,industry,行业,all-a|industry,,,,,2013-05-31,2016-05-12,719
510710,上50ETF,上证50ETF博时,博时基金管理有限公司,SSE,industry,行业,all-a|industry,,,,,2015-06-24,2026-09-28,2734
510770,G60创新,G60创新ETF申万菱信,申万菱信基金管理有限公司,SSE,industry,行业,all-a|industry,,,,,2021-09-28,2026-09-28,1207
510820,上海改革,,,SSE,industry,行业,all-a|industry,,,,,2019-07-09,2019-08-19,30
510850,工银上50,上证50ETF工银,工银瑞信基金管理有限公司,SSE,industry,行业,all-a|industry,,,,,2019-03-06,2026-09-28,1833
510860,兴业50,,,SSE,industry,行业,all-a|industry,,,,,2021-01-12,2022-03-16,284
510950,上证广发,上证50ETF广发,广发基金管理有限公司,SSE,industry,行业,all-a|industry,,,,,2024-05-10,2026-09-28,577
511220,城投ETF,城投债ETF海富通,海富通基金管理有限公司,SSE,industry,行业,all-a|industry,,,,,2014-12-16,2026-09-28,2860
511280,中期信用,,,SSE,industry,行业,all-a|industry,,,,,2018-05-31,2021-10-21,824
512000,券商ETF,券商ETF华宝,华宝基金管理有限公司,SSE,industry,行业,all-a|industry,,,industry-finance,金融,2016-09-14,2026-09-28,2431
512010,医药ETF,医药ETF易方达,易方达基金管理有限公司,SSE,industry,行业,all-a|industry,,,industry-healthcare,医药,2013-10-28,2026-09-28,3140
512030,A50增,中证A50增强ETF易方达,易方达基金管理有限公司,SSE,industry,行业,all-a|industry,,,,,2025-08-13,2026-09-28,269
512060,A100指基,A100ETF天弘,天弘基金管理有限公司,SSE,industry,行业,all-a|industry,,,,,2025-07-18,2026-09-28,287
512070,证券保险,证券保险ETF易方达,易方达基金管理有限公司,SSE,industry,行业,all-a|industry,,,industry-finance,金融,2014-07-18,2026-09-28,2961
512090,MSCI易基,MSCIA股ETF易方达,易方达基金管理有限公司,SSE,industry,行业,all-a|industry,,,,,2018-06-01,2026-09-28,2017
512110,中证地产,,,SSE,industry,行业,all-a|industry,,,,,2014-01-06,2016-09-20,663
512120,医药50,医药ETF华安,华安基金管理有限公司,SSE,industry,行业,all-a|industry,,,industry-healthcare,医药,2014-01-06,2026-09-28,3091
512140,电力事业,电力ETF华安,华安基金管理有限公司,SSE,industry,行业,all-a|industry,,,,,2026-05-11,2026-09-28,94
512160,MSCI基金,MSCI中国A股ETF南方,南方基金管理股份有限公司,SSE,industry,行业,all-a|industry,,,,,2018-04-27,2026-09-28,2040
512170,医疗ETF,医疗ETF华宝,华宝基金管理有限公司,SSE,industry,行业,all-a|industry,,,industry-healthcare,医药,2019-06-17,2026-09-28,1765
512180,建信MSCI,MSCIA股ETF建信,建信基金管理有限责任公司,SSE,industry,行业,all-a|industry,,,,,2018-05-21,2026-09-28,2026
512190,之江凤凰,浙商之江凤凰ETF,浙江浙商证券资产管理有限公司,SSE,industry,行业,all-a|industry,,,,,2019-09-09,2026-09-28,1705
512200,地产ETF,房地产ETF南方,南方基金管理股份有限公司,SSE,industry,行业,all-a|industry,,,,,2017-09-25,2026-09-28,2181
512210,景顺食品,,,SSE,industry,行业,all-a|industry,,,industry-consumer,消费,2014-08-19,2018-08-24,924
512220,TMTETF,TMTETF景顺,景顺长城基金管理有限公司,SSE,industry,行业,all-a|industry,,,,,2014-08-19,2026-09-28,2939
512230,景顺医药,,,SSE,industry,行业,all-a|industry,,,industry-healthcare,医药,2014-08-19,2019-01-22,1023
512240,A50龙头,A50ETF鹏华,鹏华基金管理有限公司,SSE,industry,行业,all-a|industry,,,,,2025-04-07,2026-09-28,357
512250,A50指数E,A50ETF招商,招商基金管理有限公司,SSE,industry,行业,all-a|industry,,,,,2025-04-14,2026-09-28,352
512280,景顺MSCI,,,SSE,industry,行业,all-a|industry,,,,,2018-05-25,2025-08-20,1759
512290,生物医药,生物医药ETF国泰,国泰基金管理有限公司,SSE,industry,行业,all-a|industry,,,industry-healthcare,医药,2019-05-20,2026-09-28,1784
512300,500医药,,,SSE,industry,行业,all-a|industry,,,industry-healthcare,医药,2014-12-18,2021-03-11,1516
512310,工业ETF,,,SSE,industry,行业,all-a|industry,,,,,2015-05-08,2021-04-15,1448
512320,工银MSCI,,,SSE,industry,行业,all-a|industry,,,,,2020-08-07,2024-04-15,893
512330,信息ETF,信息科技ETF南方,南方基金管理股份有限公司,SSE,industry,行业,all-a|industry,,,,,2015-07-20,2026-09-28,2716
512340,原料ETF,,,SSE,industry,行业,all-a|industry,,,,,2015-05-15,2021-04-15,1443
512350,福建50,,,SSE,industry,行业,all-a|industry,,,,,2020-09-10,2022-03-16,365
512360,MSCI国际,MSCIA股ETF平安,平安基金管理有限公司,SSE,industry,行业,all-a|industry,,,,,2018-07-20,2026-09-28,1983
512380,MSCI中国,MSCI中国ETF银华,银华基金管理股份有限公司,SSE,industry,行业,all-a|industry,,,,,2019-04-30,2026-09-28,1795
512400,有色ETF,有色金属ETF南方,南方基金管理股份有限公司,SSE,industry,行业,all-a|industry,,,industry-resources,资源周期,2017-09-01,2026-09-28,2197
512410,银行广发,银行ETF广发,广发基金管理有限公司,SSE,industry,行业,all-a|industry,,,industry-finance,金融,2026-07-08,2026-09-28,53
512420,机械华安,工程机械ETF华安,华安基金管理有限公司,SSE,industry,行业,all-a|industry,,,industry-advanced-manufacturing,机器人/高端制造,2026-08-07,2026-09-28,36
512430,家电家居,家居家电ETF华泰柏瑞,华泰柏瑞基金管理有限公司,SSE,industry,行业,all-a|industry,,,industry-consumer,消费,2026-04-30,2026-09-28,98
512450,广发养殖,畜牧养殖ETF广发,广发基金管理有限公司,SSE,industry,行业,all-a|industry,,,industry-consumer,消费,2026-04-01,2026-09-28,118
512460,电池主题,电池ETF华夏,华夏基金管理有限公司,SSE,industry,行业,all-a|industry,,,industry-new-energy,新能源,2026-03-20,2026-09-28,126
512470,工有色GF,工业有色ETF广发,广发基金管理有限公司,SSE,industry,行业,all-a|industry,,,industry-resources,资源周期,2026-09-24,2026-09-28,2
512480,半导体,半导体ETF国联安,国联安基金管理有限公司,SSE,industry,行业,all-a|industry,,,industry-semiconductor,半导体,2019-06-12,2026-09-28,1768
512510,ETF500,中证500ETF华泰柏瑞,华泰柏瑞基金管理有限公司,SSE,industry,行业,all-a|industry,,,,,2015-06-12,2026-09-28,2741
512520,MSCIETF,MSCI中国ETF华泰柏瑞,华泰柏瑞基金管理有限公司,SSE,industry,行业,all-a|industry,,,,,2018-05-18,2026-09-28,2027
512550,A50基金,富时A50ETF嘉实,嘉实基金管理有限公司,SSE,industry,行业,all-a|industry,,,,,2017-08-07,2026-09-28,2216
512560,中证军工,军工ETF易方达,易方达基金管理有限公司,SSE,industry,行业,all-a|industry,,,industry-defense,军工,2017-07-28,2026-09-28,2222
512570,中证证券,证券ETF易方达,易方达基金管理有限公司,SSE,industry,行业,all-a|industry,,,industry-finance,金融,2017-08-11,2026-09-28,2212
512580,环保ETF,环保ETF广发,广发基金管理有限公司,SSE,industry,行业,all-a|industry,,,industry-new-energy,新能源,2017-02-28,2026-09-28,2325
512600,必选消费,消费ETF嘉实,嘉实基金管理有限公司,SSE,industry,行业,all-a|industry,,,industry-consumer,消费,2014-07-25,2026-09-28,2956
512610,医药卫生,,,SSE,industry,行业,all-a|industry,,,industry-healthcare,医药,2014-07-25,2022-12-21,2048
512620,农业TH,农业ETF天弘,天弘基金管理有限公司,SSE,industry,行业,all-a|industry,,,industry-consumer,消费,2025-11-21,2026-09-28,203
512630,卫星基金,卫星ETF广发,广发基金管理有限公司,SSE,industry,行业,all-a|industry,,,industry-defense,军工,2025-10-22,2026-09-28,225
512640,金融地产,金融地产ETF嘉实,嘉实基金管理有限公司,SSE,industry,行业,all-a|industry,,,industry-finance,金融,2014-07-25,2026-09-28,2956
512650,长三角,长三角ETF汇添富,汇添富基金管理股份有限公司,SSE,industry,行业,all-a|industry,,,,,2019-10-25,2026-09-28,1677
512660,军工ETF,军工ETF国泰,国泰基金管理有限公司,SSE,industry,行业,all-a|industry,,,industry-defense,军工,2016-08-08,2026-09-28,2458
512670,国防ETF,国防ETF鹏华,鹏华基金管理有限公司,SSE,industry,行业,all-a|industry,,,industry-defense,军工,2019-08-01,2026-09-28,1732
512680,军工基金,军工ETF广发,广发基金管理有限公司,SSE,industry,行业,all-a|industry,,,industry-defense,军工,2016-10-14,2026-09-28,2416
512690,酒ETF,酒ETF鹏华,鹏华基金管理有限公司,SSE,industry,行业,all-a|industry,,,industry-consumer,消费,2019-05-06,2026-09-28,1794
512700,银行基金,银行ETF南方,南方基金管理股份有限公司,SSE,industry,行业,all-a|industry,,,industry-finance,金融,2017-07-26,2026-09-28,2224
512710,军工龙头,军工龙头ETF富国,富国基金管理有限公司,SSE,industry,行业,all-a|industry,,,industry-defense,军工,2019-08-26,2026-09-28,1715
512720,计算机,计算机ETF国泰,国泰基金管理有限公司,SSE,industry,行业,all-a|industry,,,industry-ai-compute,AI/算力通信,2019-08-16,2026-09-28,1721
512730,银行FUND,银行ETF鹏华,鹏华基金管理有限公司,SSE,industry,行业,all-a|industry,,,industry-finance,金融,2020-02-07,2026-09-28,1609
512740,车零件GF,汽车零部件ETF广发,广发基金管理有限公司,SSE,industry,行业,all-a|industry,,,,,2026-09-14,2026-09-28,10
512760,芯片ETF,芯片ETF国泰,国泰基金管理有限公司,SSE,industry,行业,all-a|industry,,,industry-semiconductor,半导体,2019-06-12,2026-09-28,1768
512770,战略新兴,战略新兴ETF华夏,华夏基金管理有限公司,SSE,industry,行业,all-a|industry,,,,,2018-08-16,2026-09-28,1964
512780,京津冀基,,,SSE,industry,行业,all-a|industry,,,,,2018-05-24,2023-01-11,1129
512800,银行ETF,银行ETF华宝,华宝基金管理有限公司,SSE,industry,行业,all-a|industry,,,industry-finance,金融,2017-08-03,2026-09-28,2218
512810,国防军工,军工ETF华宝,华宝基金管理有限公司,SSE,industry,行业,all-a|industry,,,industry-defense,军工,2016-08-22,2026-09-28,2448
512820,银行股基,银行ETF汇添富,汇添富基金管理股份有限公司,SSE,industry,行业,all-a|industry,,,industry-finance,金融,2018-11-23,2026-09-28,1899
512850,北京50,,,SSE,industry,行业,all-a|industry,,,,,2018-11-09,2021-02-18,552
512860,MSCI中国,,,SSE,industry,行业,all-a|industry,,,,,2018-10-26,2021-04-29,611
512870,杭州湾区,杭州湾区ETF南华,南华基金管理有限公司,SSE,industry,行业,all-a|industry,,,,,2019-02-22,2026-09-28,1841
512880,证券ETF,证券ETF国泰,国泰基金管理有限公司,SSE,industry,行业,all-a|industry,,,industry-finance,金融,2016-08-08,2026-09-28,2458
512900,证券基金,证券ETF南方,南方基金管理股份有限公司,SSE,industry,行业,all-a|industry,,,industry-finance,金融,2017-03-31,2026-09-28,2302
512910,100ETF,A100ETF广发,广发基金管理有限公司,SSE,industry,行业,all-a|industry,,,,,2019-07-01,2026-09-28,1755
512920,MSCI新华,,,SSE,industry,行业,all-a|industry,,,,,2018-12-07,2023-02-07,1009
512930,AIETF,AI人工智能ETF平安,平安基金管理有限公司,SSE,industry,行业,all-a|industry,,,industry-ai-compute,AI/算力通信,2019-08-23,2026-09-28,1716
512940,有色矿业,有色ETF华安,华安基金管理有限公司,SSE,industry,行业,all-a|industry,,,industry-resources,资源周期,2026-02-26,2026-09-28,142
512960,央调ETF,央企结构调整ETF博时,博时基金管理有限公司,SSE,industry,行业,all-a|industry,,,,,2019-01-18,2026-09-28,1861
512970,湾区ETF,大湾区ETF平安,平安基金管理有限公司,SSE,industry,行业,all-a|industry,,,,,2019-11-11,2026-09-28,1666
512980,传媒ETF,传媒ETF广发,广发基金管理有限公司,SSE,industry,行业,all-a|industry,,,,,2018-01-19,2026-09-28,2103
512990,MSCIA股,MSCIA股ETF华夏,华夏基金管理有限公司,SSE,industry,行业,all-a|industry,,,,,2015-03-25,2026-09-28,2796
515000,科技ETF,科技ETF华宝,华宝基金管理有限公司,SSE,industry,行业,all-a|industry,,,,,2019-08-16,2026-09-28,1721
515010,华夏证券,证券ETF华夏,华夏基金管理有限公司,SSE,industry,行业,all-a|industry,,,industry-finance,金融,2019-11-07,2026-09-28,1668
515020,银行指数,银行ETF华夏,华夏基金管理有限公司,SSE,industry,行业,all-a|industry,,,industry-finance,金融,2019-12-03,2026-09-28,1650
515030,新汽车,新能源车ETF华夏,华夏基金管理有限公司,SSE,industry,行业,all-a|industry,,,industry-automotive,汽车,2020-03-04,2026-09-28,1591
515040,工业金属,工业有色ETF华夏,华夏基金管理有限公司,SSE,industry,行业,all-a|industry,,,,,2026-07-17,2026-09-28,46
515050,5GETF,通信ETF华夏,华夏基金管理有限公司,SSE,industry,行业,all-a|industry,,,industry-ai-compute,AI/算力通信,2019-10-16,2026-09-28,1684
515060,华夏地产,房地产ETF华夏,华夏基金管理有限公司,SSE,industry,行业,all-a|industry,,,,,2020-01-03,2026-09-28,1628
515070,AI智能,人工智能ETF华夏,华夏基金管理有限公司,SSE,industry,行业,all-a|industry,,,industry-ai-compute,AI/算力通信,2019-12-24,2026-09-28,1635
515090,可持续,可持续发展ETF博时,博时基金管理有限公司,SSE,industry,行业,all-a|industry,,,,,2020-02-20,2026-09-28,1600
515120,创新药,创新药ETF广发,广发基金管理有限公司,SSE,industry,行业,all-a|industry,,,industry-healthcare,医药,2021-01-04,2026-09-28,1386
515160,MSCI招商,MSCI中国ETF招商,招商基金管理有限公司,SSE,industry,行业,all-a|industry,,,,,2020-03-02,2026-09-28,1593
515170,食品饮料,食品饮料ETF华夏,华夏基金管理有限公司,SSE,industry,行业,all-a|industry,,,industry-consumer,消费,2021-01-13,2026-09-28,1379
515190,BOCI500,中证500ETF中银证券,中银国际证券股份有限公司,SSE,industry,行业,all-a|industry,,,,,2020-05-27,2026-09-28,1535
515200,创新100,创新100ETF申万菱信,申万菱信基金管理有限公司,SSE,industry,行业,all-a|industry,,,,,2019-11-15,2026-09-28,1662
515210,钢铁ETF,钢铁ETF国泰,国泰基金管理有限公司,SSE,industry,行业,all-a|industry,,,industry-resources,资源周期,2020-03-02,2026-09-28,1593
515220,煤炭ETF,煤炭ETF国泰,国泰基金管理有限公司,SSE,industry,行业,all-a|industry,,,industry-resources,资源周期,2020-03-02,2026-09-28,1593
515230,软件ETF,软件ETF国泰,国泰基金管理有限公司,SSE,industry,行业,all-a|industry,,,industry-ai-compute,AI/算力通信,2021-03-02,2026-09-28,1350
515250,智能汽车,智能汽车ETF富国,富国基金管理有限公司,SSE,industry,行业,all-a|industry,,,industry-automotive,汽车,2021-01-08,2026-09-28,1382
515260,电子ETF,电子ETF华宝,华宝基金管理有限公司,SSE,industry,行业,all-a|industry,,,,,2020-07-31,2026-09-28,1490
515280,银行龙头,,,SSE,industry,行业,all-a|industry,,,industry-finance,金融,2020-04-17,2024-09-24,1078
515290,银行,银行ETF天弘,天弘基金管理有限公司,SSE,industry,行业,all-a|industry,,,industry-finance,金融,2020-12-28,2026-09-28,1390
515320,电子50,电子50ETF华安,华安基金管理有限公司,SSE,industry,行业,all-a|industry,,,,,2021-01-08,2026-09-28,1382
515370,中证光伏,光伏ETF华夏,华夏基金管理有限公司,SSE,industry,行业,all-a|industry,,,industry-new-energy,新能源,2025-11-18,2026-09-28,206
515400,大数据,大数据ETF富国,富国基金管理有限公司,SSE,industry,行业,all-a|industry,,,industry-ai-compute,AI/算力通信,2021-01-20,2026-09-28,1374
515440,A股南方,A股ETF南方,南方基金管理股份有限公司,SSE,industry,行业,all-a|industry,,,,,2026-09-10,2026-09-28,12
515470,AI南方,人工智能ETF南方,南方基金管理股份有限公司,SSE,industry,行业,all-a|industry,,,industry-ai-compute,AI/算力通信,2026-09-24,2026-09-28,2
515500,长三角LX,,,SSE,industry,行业,all-a|industry,,,,,2020-09-18,2023-04-07,617
515530,泰康500,中证500ETF泰康,泰康基金管理有限公司,SSE,industry,行业,all-a|industry,,,,,2020-11-09,2026-09-28,1425
515550,国联500,中证500ETF国联,国联基金管理有限公司,SSE,industry,行业,all-a|industry,,,,,2019-12-25,2026-09-28,1634
515560,证券E,证券ETF建信,建信基金管理有限责任公司,SSE,industry,行业,all-a|industry,,,industry-finance,金融,2020-07-20,2026-09-28,1499
515580,中证科技,科技100ETF华泰柏瑞,华泰柏瑞基金管理有限公司,SSE,industry,行业,all-a|industry,,,,,2019-10-28,2026-09-28,1676
515610,中银800,,,SSE,industry,行业,all-a|industry,,,,,2020-08-18,2022-09-29,516
515620,ZZ800,,,SSE,industry,行业,all-a|industry,,,,,2020-05-25,2021-06-07,253
515630,保险证券,证券保险ETF鹏华,鹏华基金管理有限公司,SSE,industry,行业,all-a|industry,,,industry-finance,金融,2020-04-03,2026-09-28,1569
515640,家电指数,家电ETF华夏,华夏基金管理有限公司,SSE,industry,行业,all-a|industry,,,industry-consumer,消费,2026-04-24,2026-09-28,102
515650,消费50,消费50ETF富国,富国基金管理有限公司,SSE,industry,行业,all-a|industry,,,industry-consumer,消费,2019-11-11,2026-09-28,1666
515670,中银100,,,SSE,industry,行业,all-a|industry,,,,,2020-05-20,2024-06-27,997
515690,股息ETF,,,SSE,industry,行业,all-a|industry,,,,,2020-05-13,2022-04-25,475
515700,新能车,新能源车ETF平安,平安基金管理有限公司,SSE,industry,行业,all-a|industry,,,,,2020-02-10,2026-09-28,1608
515710,食品ETF,食品饮料ETF华宝,华宝基金管理有限公司,SSE,industry,行业,all-a|industry,,,industry-consumer,消费,2021-01-07,2026-09-28,1383
515720,金科富国,金融科技ETF富国,富国基金管理有限公司,SSE,industry,行业,all-a|industry,,,,,2025-10-09,2026-09-28,234
515730,家居家电,家居家电ETF永赢,永赢基金管理有限公司,SSE,industry,行业,all-a|industry,,,industry-consumer,消费,2025-11-25,2026-09-28,201
515750,科技50,科技50ETF富国,富国基金管理有限公司,SSE,industry,行业,all-a|industry,,,,,2019-12-06,2026-09-28,1647
515760,浙江国资,浙江国资ETF华夏,华夏基金管理有限公司,SSE,industry,行业,all-a|industry,,,,,2020-10-12,2026-09-28,1445
515770,MSCIAETF,MSCI中国A股ETF摩根,摩根基金管理（中国）有限公司,SSE,industry,行业,all-a|industry,,,,,2020-06-19,2026-09-28,1518
515780,浦银MSCI,,,SSE,industry,行业,all-a|industry,,,,,2020-05-29,2025-05-29,1212
515790,光伏ETF,光伏ETF华泰柏瑞,华泰柏瑞基金管理有限公司,SSE,industry,行业,all-a|industry,,,industry-new-energy,新能源,2020-12-18,2026-09-28,1396
515820,沪深800,,,SSE,industry,行业,all-a|industry,,,,,2020-05-29,2023-03-21,683
515830,工银800,,,SSE,industry,行业,all-a|industry,,,,,2020-07-17,2022-06-14,462
515840,食品南方,食品ETF南方,南方基金管理股份有限公司,SSE,industry,行业,all-a|industry,,,industry-consumer,消费,2026-07-23,2026-09-28,42
515850,证券龙头,证券ETF富国,富国基金管理有限公司,SSE,industry,行业,all-a|industry,,,industry-finance,金融,2020-02-21,2026-09-28,1599
515860,科技100,科技ETF嘉实,嘉实基金管理有限公司,SSE,industry,行业,all-a|industry,,,,,2019-10-22,2026-09-28,1680
515870,制造100,,,SSE,industry,行业,all-a|industry,,,,,2020-01-17,2023-03-15,764
515880,通信ETF,通信ETF国泰,国泰基金管理有限公司,SSE,industry,行业,all-a|industry,,,industry-ai-compute,AI/算力通信,2019-09-06,2026-09-28,1706
515900,央创ETF,央企创新ETF博时,博时基金管理有限公司,SSE,industry,行业,all-a|industry,,,,,2019-12-18,2026-09-28,1639
515920,智能消费,智能消费ETF博时,博时基金管理有限公司,SSE,industry,行业,all-a|industry,,,industry-consumer,消费,2021-01-20,2026-09-28,1374
515930,永赢300,,,SSE,industry,行业,all-a|industry,,,,,2020-05-08,2023-07-28,785
515940,电网南方,电网设备ETF南方,南方基金管理股份有限公司,SSE,industry,行业,all-a|industry,,,,,2026-09-17,2026-09-28,7
515950,医药龙头,医药50ETF富国,富国基金管理有限公司,SSE,industry,行业,all-a|industry,,,industry-healthcare,医药,2020-04-01,2026-09-28,1571
515960,医药100,医药ETF嘉实,嘉实基金管理有限公司,SSE,industry,行业,all-a|industry,,,industry-healthcare,医药,2020-06-10,2026-09-28,1525
515970,华夏机械,工程机械ETF华夏,华夏基金管理有限公司,SSE,industry,行业,all-a|industry,,,industry-advanced-manufacturing,机器人/高端制造,2026-02-12,2026-09-28,146
515980,人工智能,人工智能ETF华富,华富基金管理有限公司,SSE,industry,行业,all-a|industry,,,industry-ai-compute,AI/算力通信,2020-02-10,2026-09-28,1608
516000,数据ETF,大数据ETF华夏,华夏基金管理有限公司,SSE,industry,行业,all-a|industry,,,,,2021-03-01,2026-09-28,1351
516010,游戏ETF,游戏ETF国泰,国泰基金管理有限公司,SSE,industry,行业,all-a|industry,,,,,2021-03-05,2026-09-28,1347
516020,化工ETF,化工ETF华宝,华宝基金管理有限公司,SSE,industry,行业,all-a|industry,,,industry-resources,资源周期,2021-03-08,2026-09-28,1346
516040,现金300,300现金流ETF华夏,华夏基金管理有限公司,SSE,industry,行业,all-a|industry,,,,,2026-09-18,2026-09-28,6
516050,科技龙头,科技龙头ETF工银,工银瑞信基金管理有限公司,SSE,industry,行业,all-a|industry,,,,,2021-02-05,2026-09-28,1362
516060,新药ETF,创新药ETF工银,工银瑞信基金管理有限公司,SSE,industry,行业,all-a|industry,,,,,2021-03-01,2026-09-28,1351
516070,碳中和50,低碳ETF易方达,易方达基金管理有限公司,SSE,industry,行业,all-a|industry,,,industry-new-energy,新能源,2021-04-23,2026-09-28,1313
516080,创新医药,创新药ETF易方达,易方达基金管理有限公司,SSE,industry,行业,all-a|industry,,,industry-healthcare,医药,2021-02-23,2026-09-28,1355
516090,新能源E,新能源ETF易方达,易方达基金管理有限公司,SSE,industry,行业,all-a|industry,,,industry-new-energy,新能源,2021-03-19,2026-09-28,1337
516100,科技金融,金融科技ETF华夏,华夏基金管理有限公司,SSE,industry,行业,all-a|industry,,,industry-finance,金融,2021-07-23,2026-09-28,1252
516110,汽车ETF,汽车ETF国泰,国泰基金管理有限公司,SSE,industry,行业,all-a|industry,,,industry-automotive,汽车,2021-05-07,2026-09-28,1306
516120,化工50,化工ETF富国,富国基金管理有限公司,SSE,industry,行业,all-a|industry,,,industry-resources,资源周期,2021-03-09,2026-09-28,1345
516130,消费龙头,消费龙头ETF华宝,华宝基金管理有限公司,SSE,industry,行业,all-a|industry,,,industry-consumer,消费,2021-10-13,2026-09-28,1201
516150,稀土基金,稀土ETF嘉实,嘉实基金管理有限公司,SSE,industry,行业,all-a|industry,,,industry-resources,资源周期,2021-03-17,2026-09-28,1339
516160,新能源,新能源ETF南方,南方基金管理股份有限公司,SSE,industry,行业,all-a|industry,,,industry-new-energy,新能源,2021-02-04,2026-09-28,1363
516180,光伏产业,光伏ETF平安,平安基金管理有限公司,SSE,industry,行业,all-a|industry,,,industry-new-energy,新能源,2021-03-03,2026-09-28,1349
516190,文娱ETF,传媒ETF华夏,华夏基金管理有限公司,SSE,industry,行业,all-a|industry,,,,,2021-09-17,2026-09-28,1212
516200,证券行业,证券ETF华安,华安基金管理有限公司,SSE,industry,行业,all-a|industry,,,industry-finance,金融,2021-03-22,2026-09-28,1336
516210,银行股,银行ETF华安,华安基金管理有限公司,SSE,industry,行业,all-a|industry,,,industry-finance,金融,2021-09-24,2026-09-28,1209
516220,化工龙头,化工ETF国泰,国泰基金管理有限公司,SSE,industry,行业,all-a|industry,,,industry-resources,资源周期,2021-03-10,2026-09-28,1344
516230,光伏招商,光伏ETF招商,招商基金管理有限公司,SSE,industry,行业,all-a|industry,,,industry-new-energy,新能源,2026-02-03,2026-09-28,153
516250,富国机械,工程机械ETF富国,富国基金管理有限公司,SSE,industry,行业,all-a|industry,,,industry-advanced-manufacturing,机器人/高端制造,2025-12-22,2026-09-28,182
516260,物联网50,物联网ETF华夏,华夏基金管理有限公司,SSE,industry,行业,all-a|industry,,,industry-ai-compute,AI/算力通信,2021-08-02,2026-09-28,1246
516270,新能源50,新能源ETF华安,华安基金管理有限公司,SSE,industry,行业,all-a|industry,,,industry-new-energy,新能源,2021-07-23,2026-09-28,1252
516290,光伏基金,光伏ETF汇添富,汇添富基金管理股份有限公司,SSE,industry,行业,all-a|industry,,,industry-new-energy,新能源,2021-08-23,2026-09-28,1231
516310,银行指基,银行ETF易方达,易方达基金管理有限公司,SSE,industry,行业,all-a|industry,,,industry-finance,金融,2021-05-28,2026-09-28,1291
516320,装备ETF,高端装备ETF华夏,华夏基金管理有限公司,SSE,industry,行业,all-a|industry,,,,,2021-06-08,2026-09-28,1284
516330,物联网,物联网ETF华泰柏瑞,华泰柏瑞基金管理有限公司,SSE,industry,行业,all-a|industry,,,industry-ai-compute,AI/算力通信,2021-04-09,2026-09-28,1323
516350,芯片50,芯片ETF易方达,易方达基金管理有限公司,SSE,industry,行业,all-a|industry,,,industry-semiconductor,半导体,2021-12-23,2026-09-28,1150
516360,新材料,新材料ETF华宝,华宝基金管理有限公司,SSE,industry,行业,all-a|industry,,,,,2021-05-13,2026-09-28,1302
516370,全指电力,电力ETF汇添富,汇添富基金管理股份有限公司,SSE,industry,行业,all-a|industry,,,,,2026-04-03,2026-09-28,116
516380,智能电车,智能电动车ETF华宝,华宝基金管理有限公司,SSE,industry,行业,all-a|industry,,,,,2021-06-18,2026-09-28,1277
516390,电动车,新能源车ETF汇添富,汇添富基金管理股份有限公司,SSE,industry,行业,all-a|industry,,,,,2021-06-18,2026-09-28,1277
516440,南方机械,工程机械ETF南方,南方基金管理股份有限公司,SSE,industry,行业,all-a|industry,,,industry-advanced-manufacturing,机器人/高端制造,2026-07-09,2026-09-28,52
516480,新材料基,,,SSE,industry,行业,all-a|industry,,,,,2021-06-11,2025-10-13,1050
516500,生物ETF,生物科技ETF华夏,华夏基金管理有限公司,SSE,industry,行业,all-a|industry,,,industry-healthcare,医药,2021-03-17,2026-09-28,1339
516510,云计算,云计算ETF易方达,易方达基金管理有限公司,SSE,industry,行业,all-a|industry,,,industry-ai-compute,AI/算力通信,2021-04-07,2026-09-28,1325
516520,智能驾驶,智能驾驶ETF华泰柏瑞,华泰柏瑞基金管理有限公司,SSE,industry,行业,all-a|industry,,,,,2021-03-01,2026-09-28,1351
516530,物流快递,物流ETF银华,银华基金管理股份有限公司,SSE,industry,行业,all-a|industry,,,,,2022-01-17,2026-09-28,1134
516550,农业ETF,农业ETF嘉实,嘉实基金管理有限公司,SSE,industry,行业,all-a|industry,,,industry-consumer,消费,2021-04-08,2026-09-28,1324
516560,养老ETF,养老ETF华宝,华宝基金管理有限公司,SSE,industry,行业,all-a|industry,,,industry-healthcare,医药,2021-09-16,2026-09-28,1213
516570,石化ETF,石化ETF易方达,易方达基金管理有限公司,SSE,industry,行业,all-a|industry,,,,,2021-06-18,2026-09-28,1277
516580,新能源BS,新能源ETF博时,博时基金管理有限公司,SSE,industry,行业,all-a|industry,,,industry-new-energy,新能源,2021-07-26,2026-09-28,1251
516590,电动汽车,智能汽车ETF易方达,易方达基金管理有限公司,SSE,industry,行业,all-a|industry,,,industry-automotive,汽车,2021-05-12,2026-09-28,1303
516600,消服ETF,消费服务ETF工银,工银瑞信基金管理有限公司,SSE,industry,行业,all-a|industry,,,,,2021-02-26,2026-09-28,1352
516610,医服ETF,医疗设备ETF大成,大成基金管理有限公司,SSE,industry,行业,all-a|industry,,,,,2021-05-13,2026-09-28,1302
516620,影视ETF,影视ETF国泰,国泰基金管理有限公司,SSE,industry,行业,all-a|industry,,,,,2021-11-05,2026-09-28,1184
516630,云计算50,云计算ETF华夏,华夏基金管理有限公司,SSE,industry,行业,all-a|industry,,,industry-ai-compute,AI/算力通信,2021-09-03,2026-09-28,1222
516640,芯片龙头,芯片ETF富国,富国基金管理有限公司,SSE,industry,行业,all-a|industry,,,industry-semiconductor,半导体,2021-08-27,2026-09-28,1227
516650,有色50,有色金属ETF华夏,华夏基金管理有限公司,SSE,industry,行业,all-a|industry,,,industry-resources,资源周期,2021-06-21,2026-09-28,1276
516660,新能汽车,新能源车ETF华安,华安基金管理有限公司,SSE,industry,行业,all-a|industry,,,industry-automotive,汽车,2021-02-26,2026-09-28,1352
516670,畜牧养殖,畜牧养殖ETF招商,招商基金管理有限公司,SSE,industry,行业,all-a|industry,,,industry-consumer,消费,2021-03-26,2026-09-28,1332
516680,有色金属,,,SSE,industry,行业,all-a|industry,,,industry-resources,资源周期,2021-03-08,2022-11-29,422
516690,化工产业,,,SSE,industry,行业,all-a|industry,,,industry-resources,资源周期,2021-12-21,2024-08-26,651
516700,数据产业,大数据ETF华宝,华宝基金管理有限公司,SSE,industry,行业,all-a|industry,,,industry-ai-compute,AI/算力通信,2021-05-19,2026-09-28,1298
516710,新材料50,新材料ETF华夏,华夏基金管理有限公司,SSE,industry,行业,all-a|industry,,,,,2021-08-17,2026-09-28,1235
516730,证券公司,证券ETF浦银,浦银基金管理有限公司,SSE,industry,行业,all-a|industry,,,industry-finance,金融,2021-11-12,2026-09-28,1179
516750,建材ETF,建材ETF富国,富国基金管理有限公司,SSE,industry,行业,all-a|industry,,,industry-resources,资源周期,2021-11-05,2026-09-28,1184
516760,养殖ETF,养殖ETF平安,平安基金管理有限公司,SSE,industry,行业,all-a|industry,,,industry-consumer,消费,2021-03-12,2026-09-28,1342
516770,游戏动漫,游戏ETF华泰柏瑞,华泰柏瑞基金管理有限公司,SSE,industry,行业,all-a|industry,,,,,2021-03-05,2026-09-28,1347
516780,稀土ETF,稀土ETF华泰柏瑞,华泰柏瑞基金管理有限公司,SSE,industry,行业,all-a|industry,,,industry-resources,资源周期,2021-03-08,2026-09-28,1346
516790,保健ETF,医疗ETF华泰柏瑞,华泰柏瑞基金管理有限公司,SSE,industry,行业,all-a|industry,,,,,2021-08-23,2026-09-28,1231
516800,智能制造,智能制造ETF华宝,华宝基金管理有限公司,SSE,industry,行业,all-a|industry,,,industry-advanced-manufacturing,机器人/高端制造,2021-02-19,2026-09-28,1357
516810,农业,农业ETF华夏,华夏基金管理有限公司,SSE,industry,行业,all-a|industry,,,industry-consumer,消费,2022-01-11,2026-09-28,1138
516820,医疗创新,医疗创新ETF平安,平安基金管理有限公司,SSE,industry,行业,all-a|industry,,,industry-healthcare,医药,2021-07-01,2026-09-28,1268
516840,汽车基金,汽车ETF南方,南方基金管理股份有限公司,SSE,industry,行业,all-a|industry,,,industry-automotive,汽车,2026-05-13,2026-09-28,92
516850,新能源80,新能源ETF华夏,华夏基金管理有限公司,SSE,industry,行业,all-a|industry,,,industry-new-energy,新能源,2021-03-19,2026-09-28,1337
516860,金融科技,金融科技ETF博时,博时基金管理有限公司,SSE,industry,行业,all-a|industry,,,industry-finance,金融,2021-10-11,2026-09-28,1203
516870,汽车,,,SSE,industry,行业,all-a|industry,,,industry-automotive,汽车,2021-07-09,2022-01-25,135
516880,光伏50,光伏ETF银华,银华基金管理股份有限公司,SSE,industry,行业,all-a|industry,,,industry-new-energy,新能源,2021-01-18,2026-09-28,1376
516890,新材ETF,新材料ETF平安,平安基金管理有限公司,SSE,industry,行业,all-a|industry,,,,,2021-07-28,2026-09-28,1249
516900,食品50,食品饮料ETF华安,华安基金管理有限公司,SSE,industry,行业,all-a|industry,,,industry-consumer,消费,2021-04-28,2026-09-28,1310
516910,物流ETF,物流ETF富国,富国基金管理有限公司,SSE,industry,行业,all-a|industry,,,,,2021-06-11,2026-09-28,1281
516920,芯片基金,芯片ETF汇添富,汇添富基金管理股份有限公司,SSE,industry,行业,all-a|industry,,,industry-semiconductor,半导体,2021-08-16,2026-09-28,1236
516930,生科ETF,生物科技ETF民生加银,民生加银基金管理有限公司,SSE,industry,行业,all-a|industry,,,,,2021-08-18,2026-09-28,1234
516950,基建ETF,基建ETF银华,银华基金管理股份有限公司,SSE,industry,行业,all-a|industry,,,,,2021-05-14,2026-09-28,1301
516960,机械ETF,机械ETF国泰,国泰基金管理有限公司,SSE,industry,行业,all-a|industry,,,industry-advanced-manufacturing,机器人/高端制造,2021-05-07,2026-09-28,1306
516970,基建50,基建ETF广发,广发基金管理有限公司,SSE,industry,行业,all-a|industry,,,,,2021-07-05,2026-09-28,1266
516980,证券先锋,证券先锋ETF华富,华富基金管理有限公司,SSE,industry,行业,all-a|industry,,,industry-finance,金融,2021-06-24,2026-09-28,1273
530050,SH50ETF,上证50ETF东财,东财基金管理有限公司,SSE,industry,行业,all-a|industry,,,,,2024-12-04,2026-09-28,437
530080,180指基,上证180ETF天弘,天弘基金管理有限公司,SSE,industry,行业,all-a|industry,,,,,2025-01-23,2026-09-28,402
530100,上证580,上证580ETF易方达,易方达基金管理有限公司,SSE,industry,行业,all-a|industry,,,,,2025-10-22,2026-09-28,225
530300,180指数,上证180ETF华泰柏瑞,华泰柏瑞基金管理有限公司,SSE,industry,行业,all-a|industry,,,,,2025-01-10,2026-09-28,411
530530,580ETF,上证580ETF华夏,华夏基金管理有限公司,SSE,industry,行业,all-a|industry,,,,,2025-08-29,2026-09-28,257
530580,180基金,上证180ETF南方,南方基金管理股份有限公司,SSE,industry,行业,all-a|industry,,,,,2025-01-08,2026-09-28,413
530680,180E,上证180ETF兴业,兴业基金管理有限公司,SSE,industry,行业,all-a|industry,,,,,2025-01-08,2026-09-28,413
560000,智慧电车,,,SSE,industry,行业,all-a|industry,,,,,2021-09-30,2026-07-14,1157
560010,1000基金,中证1000ETF广发,广发基金管理有限公司,SSE,industry,行业,all-a|industry,,,,,2022-08-04,2026-09-28,1002
560050,MSCIA50,中国A50ETF汇添富,汇添富基金管理股份有限公司,SSE,industry,行业,all-a|industry,,,,,2021-11-08,2026-09-28,1183
560060,碳中和基,碳中和ETF汇添富,汇添富基金管理股份有限公司,SSE,industry,行业,all-a|industry,,,industry-new-energy,新能源,2022-07-21,2026-09-28,1012
560080,中药ETF,中药ETF汇添富,汇添富基金管理股份有限公司,SSE,industry,行业,all-a|industry,,,industry-healthcare,医药,2022-10-17,2026-09-28,956
560090,证券指数,证券ETF汇添富,汇添富基金管理股份有限公司,SSE,industry,行业,all-a|industry,,,industry-finance,金融,2023-03-15,2026-09-28,855
560110,ZZ1000,中证1000ETF汇添富,汇添富基金管理股份有限公司,SSE,industry,行业,all-a|industry,,,,,2022-08-08,2026-09-28,1000
560130,食品基金,食品ETF鹏华,鹏华基金管理有限公司,SSE,industry,行业,all-a|industry,,,industry-consumer,消费,2026-01-13,2026-09-28,168
560160,食品E,食品ETF易方达,易方达基金管理有限公司,SSE,industry,行业,all-a|industry,,,industry-consumer,消费,2026-01-27,2026-09-28,158
560190,公用事业,公用事业ETF鹏华,鹏华基金管理有限公司,SSE,industry,行业,all-a|industry,,,,,2025-01-06,2026-09-28,415
560210,景顺农牧,农牧渔ETF景顺,景顺长城基金管理有限公司,SSE,industry,行业,all-a|industry,,,,,2026-03-20,2026-09-28,126
560220,2000基金,中证2000ETF广发,广发基金管理有限公司,SSE,industry,行业,all-a|industry,,,,,2023-09-18,2026-09-28,728
560230,光伏富国,光伏ETF富国,富国基金管理有限公司,SSE,industry,行业,all-a|industry,,,industry-new-energy,新能源,2026-02-06,2026-09-28,150
560260,医疗50,医疗ETF广发,广发基金管理有限公司,SSE,industry,行业,all-a|industry,,,industry-healthcare,医药,2023-09-15,2026-09-28,729
560270,电力指数,电力ETF工银,工银瑞信基金管理有限公司,SSE,industry,行业,all-a|industry,,,,,2026-03-06,2026-09-28,136
560280,工程机械,工程机械ETF广发,广发基金管理有限公司,SSE,industry,行业,all-a|industry,,,industry-advanced-manufacturing,机器人/高端制造,2023-10-30,2026-09-28,704
560290,景顺有色,有色ETF景顺,景顺长城基金管理有限公司,SSE,industry,行业,all-a|industry,,,industry-resources,资源周期,2026-02-06,2026-09-28,150
560300,电信50,电信ETF汇添富,汇添富基金管理股份有限公司,SSE,industry,行业,all-a|industry,,,,,2023-12-18,2026-09-28,669
560310,光伏博时,光伏ETF博时,博时基金管理有限公司,SSE,industry,行业,all-a|industry,,,industry-new-energy,新能源,2026-03-02,2026-09-28,140
560320,食品富国,食品ETF富国,富国基金管理有限公司,SSE,industry,行业,all-a|industry,,,industry-consumer,消费,2026-05-13,2026-09-28,92
560350,A50指数,中证A50ETF摩根,摩根基金管理（中国）有限公司,SSE,industry,行业,all-a|industry,,,,,2024-03-12,2026-09-28,615
560360,软件指数,软件ETF万家,万家基金管理有限公司,SSE,industry,行业,all-a|industry,,,industry-ai-compute,AI/算力通信,2024-06-24,2026-09-28,547
560380,A100,A100ETF南方,南方基金管理股份有限公司,SSE,industry,行业,all-a|industry,,,,,2024-12-27,2026-09-28,420
560390,电网E,电网设备ETF易方达,易方达基金管理有限公司,SSE,industry,行业,all-a|industry,,,,,2026-03-04,2026-09-28,138
560400,证券华泰,证券ETF华泰柏瑞,华泰柏瑞基金管理有限公司,SSE,industry,行业,all-a|industry,,,industry-finance,金融,2026-03-19,2026-09-28,127
560410,电池鹏华,电池ETF鹏华,鹏华基金管理有限公司,SSE,industry,行业,all-a|industry,,,industry-new-energy,新能源,2026-04-17,2026-09-28,107
560420,食品Q,食品ETF前海开源,前海开源基金管理有限公司,SSE,industry,行业,all-a|industry,,,industry-consumer,消费,2026-05-19,2026-09-28,88
560450,电力TH,电力ETF天弘,天弘基金管理有限公司,SSE,industry,行业,all-a|industry,,,,,2026-04-30,2026-09-28,98
560460,电力平安,电力ETF平安,平安基金管理有限公司,SSE,industry,行业,all-a|industry,,,,,2026-05-15,2026-09-28,90
560470,有色E,有色ETF易方达,易方达基金管理有限公司,SSE,industry,行业,all-a|industry,,,industry-resources,资源周期,2026-04-30,2026-09-28,98
560480,中证电力,电力ETF招商,招商基金管理有限公司,SSE,industry,行业,all-a|industry,,,,,2026-05-26,2026-09-28,83
560490,华泰有色,工业有色ETF华泰柏瑞,华泰柏瑞基金管理有限公司,SSE,industry,行业,all-a|industry,,,industry-resources,资源周期,2026-05-26,2026-09-28,83
560550,碳中和,碳中和ETF广发,广发基金管理有限公司,SSE,industry,行业,all-a|industry,,,industry-new-energy,新能源,2022-07-19,2026-09-28,1014
560560,碳中和TK,碳中和ETF泰康,泰康基金管理有限公司,SSE,industry,行业,all-a|industry,,,industry-new-energy,新能源,2021-09-13,2026-09-28,1216
560580,电力指基,电力ETF南方,南方基金管理股份有限公司,SSE,industry,行业,all-a|industry,,,,,2023-05-12,2026-09-28,817
560590,1000鹏华,中证1000增强ETF鹏华,鹏华基金管理有限公司,SSE,industry,行业,all-a|industry,,,,,2023-09-25,2026-09-28,723
560600,医药创新,,,SSE,industry,行业,all-a|industry,,,industry-healthcare,医药,2022-03-15,2023-12-28,438
560620,公用WJ,公用事业ETF万家,万家基金管理有限公司,SSE,industry,行业,all-a|industry,,,,,2024-10-09,2026-09-28,477
560630,机器人WJ,机器人ETF万家,万家基金管理有限公司,SSE,industry,行业,all-a|industry,,,industry-advanced-manufacturing,机器人/高端制造,2025-04-01,2026-09-28,360
560650,核心50,核心50,,SSE,industry,行业,all-a|industry,,,,,2022-06-27,2026-08-31,1016
560660,云50ETF,云计算50ETF新华,新华基金管理股份有限公司,SSE,industry,行业,all-a|industry,,,,,2021-08-25,2026-09-28,1229
560670,中证银行,银行ETF华泰柏瑞,华泰柏瑞基金管理有限公司,SSE,industry,行业,all-a|industry,,,industry-finance,金融,2026-06-08,2026-09-28,74
560680,龙头消费,消费ETF广发,广发基金管理有限公司,SSE,industry,行业,all-a|industry,,,industry-consumer,消费,2022-10-31,2026-09-28,946
560690,电信主题,电信ETF鹏华,鹏华基金管理有限公司,SSE,industry,行业,all-a|industry,,,,,2024-04-22,2026-09-28,588
560710,船舶ETF,船舶ETF富国,富国基金管理有限公司,SSE,industry,行业,all-a|industry,,,,,2026-02-06,2026-09-28,150
560770,机器人ZS,机器人ETF招商,招商基金管理有限公司,SSE,industry,行业,all-a|industry,,,industry-advanced-manufacturing,机器人/高端制造,2025-09-01,2026-09-28,256
560780,半导设备,半导体设备ETF广发,广发基金管理有限公司,SSE,industry,行业,all-a|industry,,,,,2023-12-12,2026-09-28,673
560790,软件服务,软件ETF鹏华,鹏华基金管理有限公司,SSE,industry,行业,all-a|industry,,,industry-ai-compute,AI/算力通信,2026-05-25,2026-09-28,84
560800,数字ETF,数字经济ETF鹏扬,鹏扬基金管理有限公司,SSE,industry,行业,all-a|industry,,,,,2022-01-07,2026-09-28,1140
560820,A50新华,中证A50ETF新华,新华基金管理股份有限公司,SSE,industry,行业,all-a|industry,,,,,2025-04-18,2026-09-28,348
560830,电指数,电力ETF华夏,华夏基金管理有限公司,SSE,industry,行业,all-a|industry,,,,,2026-05-26,2026-09-28,83
560850,信创50,信创ETF汇添富,汇添富基金管理股份有限公司,SSE,industry,行业,all-a|industry,,,industry-ai-compute,AI/算力通信,2024-04-15,2026-09-28,593
560860,工业有色,工业有色ETF万家,万家基金管理有限公司,SSE,industry,行业,all-a|industry,,,industry-resources,资源周期,2023-03-13,2026-09-28,857
560870,中银有色,工业有色ETF中银,中银基金管理有限公司,SSE,industry,行业,all-a|industry,,,industry-resources,资源周期,2026-05-25,2026-09-28,84
560880,家电基金,家电ETF广发,广发基金管理有限公司,SSE,industry,行业,all-a|industry,,,industry-consumer,消费,2022-04-12,2026-09-28,1080
560900,创新药企,创新药ETF摩根,摩根基金管理（中国）有限公司,SSE,industry,行业,all-a|industry,,,industry-healthcare,医药,2022-06-02,2026-09-28,1046
560910,中证电池,电池ETF华泰柏瑞,华泰柏瑞基金管理有限公司,SSE,industry,行业,all-a|industry,,,industry-new-energy,新能源,2026-05-21,2026-09-28,86
560920,招商机械,工程机械ETF招商,招商基金管理有限公司,SSE,industry,行业,all-a|industry,,,industry-advanced-manufacturing,机器人/高端制造,2026-07-03,2026-09-28,56
560930,电力E,电力ETF易方达,易方达基金管理有限公司,SSE,industry,行业,all-a|industry,,,,,2026-05-14,2026-09-28,91
560950,500增,中证500增强ETF汇添富,汇添富基金管理股份有限公司,SSE,industry,行业,all-a|industry,,,,,2023-07-31,2026-09-28,763
560960,碳60ETF,,,SSE,industry,行业,all-a|industry,,,,,2023-01-13,2025-06-25,590
560970,有色金属,工业有色ETF平安,平安基金管理有限公司,SSE,industry,行业,all-a|industry,,,industry-resources,资源周期,2026-06-08,2026-09-28,74
560980,光伏龙头,光伏龙头ETF广发,广发基金管理有限公司,SSE,industry,行业,all-a|industry,,,industry-new-energy,新能源,2022-11-29,2026-09-28,925
560990,科技先锋,科技先锋ETF中金,中金基金管理有限公司,SSE,industry,行业,all-a|industry,,,,,2022-06-27,2026-09-28,1030
561010,软件开发,软件ETF华安,华安基金管理有限公司,SSE,industry,行业,all-a|industry,,,industry-ai-compute,AI/算力通信,2023-12-11,2026-09-28,674
561020,食品招商,食品ETF招商,招商基金管理有限公司,SSE,industry,行业,all-a|industry,,,industry-consumer,消费,2026-08-04,2026-09-28,39
561030,机械华泰,工程机械ETF华泰柏瑞,华泰柏瑞基金管理有限公司,SSE,industry,行业,all-a|industry,,,industry-advanced-manufacturing,机器人/高端制造,2026-05-29,2026-09-28,80
561050,稀金属E,稀有金属ETF易方达,易方达基金管理有限公司,SSE,industry,行业,all-a|industry,,,,,2026-05-22,2026-09-28,85
561100,电子龙头,消费电子ETF富国,富国基金管理有限公司,SSE,industry,行业,all-a|industry,,,,,2022-02-08,2026-09-28,1123
561120,家电ETF,家电ETF富国,富国基金管理有限公司,SSE,industry,行业,all-a|industry,,,industry-consumer,消费,2022-02-15,2026-09-28,1118
561130,国货ETF,国货ETF富国,富国基金管理有限公司,SSE,industry,行业,all-a|industry,,,,,2021-10-18,2026-09-28,1198
561160,锂电池,电池ETF富国,富国基金管理有限公司,SSE,industry,行业,all-a|industry,,,industry-new-energy,新能源,2022-07-08,2026-09-28,1021
561170,绿电50,绿色电力ETF富国,富国基金管理有限公司,SSE,industry,行业,all-a|industry,,,industry-new-energy,新能源,2023-03-16,2026-09-28,854
561180,A100ETF,A100ETF富国,富国基金管理有限公司,SSE,industry,行业,all-a|industry,,,,,2022-11-21,2026-09-28,931
561190,双碳ETF,碳中和ETF富国,富国基金管理有限公司,SSE,industry,行业,all-a|industry,,,,,2022-07-19,2026-09-28,1014
561200,A100基金,中证A100ETF工银,工银瑞信基金管理有限公司,SSE,industry,行业,all-a|industry,,,,,2024-01-05,2026-09-28,656
561230,A50,中证A50ETF工银,工银瑞信基金管理有限公司,SSE,industry,行业,all-a|industry,,,,,2024-03-18,2026-09-28,611
561250,稀金属PH,稀有金属ETF鹏华,鹏华基金管理有限公司,SSE,industry,行业,all-a|industry,,,,,2026-07-22,2026-09-28,43
561260,能源ETF,能源ETF工银,工银瑞信基金管理有限公司,SSE,industry,行业,all-a|industry,,,,,2023-08-09,2026-09-28,756
561300,300增ETF,沪深300增强ETF国泰,国泰基金管理有限公司,SSE,industry,行业,all-a|industry,,,,,2021-12-10,2026-09-28,1159
561310,消电ETF,消电ETF国泰,国泰基金管理有限公司,SSE,industry,行业,all-a|industry,,,,,2021-11-25,2026-09-28,1170
561320,交运ETF,交运ETF国泰,国泰基金管理有限公司,SSE,industry,行业,all-a|industry,,,,,2022-12-08,2026-09-28,918
561330,矿业ETF,矿业ETF国泰,国泰基金管理有限公司,SSE,industry,行业,all-a|industry,,,industry-resources,资源周期,2022-11-01,2026-09-28,945
561350,国泰500,中证500ETF国泰,国泰基金管理有限公司,SSE,industry,行业,all-a|industry,,,,,2021-09-01,2026-09-28,1224
561360,石油ETF,石油ETF国泰,国泰基金管理有限公司,SSE,industry,行业,all-a|industry,,,industry-resources,资源周期,2023-10-31,2026-09-28,703
561380,电网ETF,电网设备ETF国泰,国泰基金管理有限公司,SSE,industry,行业,all-a|industry,,,,,2024-12-23,2026-09-28,424
561390,稀金属PA,稀有金属ETF平安,平安基金管理有限公司,SSE,industry,行业,all-a|industry,,,,,2026-08-17,2026-09-28,30
561400,鑫元养殖,畜牧养殖ETF鑫元,鑫元基金管理有限公司,SSE,industry,行业,all-a|industry,,,industry-consumer,消费,2026-08-03,2026-09-28,40
561410,光伏工银,光伏ETF工银,工银瑞信基金管理有限公司,SSE,industry,行业,all-a|industry,,,industry-new-energy,新能源,2026-08-24,2026-09-28,25
561460,AITH,人工智能ETF天弘,天弘基金管理有限公司,SSE,industry,行业,all-a|industry,,,industry-ai-compute,AI/算力通信,2026-07-03,2026-09-28,56
561470,畜牧TH,畜牧养殖ETF天弘,天弘基金管理有限公司,SSE,industry,行业,all-a|industry,,,industry-consumer,消费,2026-07-09,2026-09-28,52
561500,漂亮50,漂亮50ETF华泰柏瑞,华泰柏瑞基金管理有限公司,SSE,industry,行业,all-a|industry,,,,,2021-06-28,2026-09-28,1271
561510,中医药,中药ETF华泰柏瑞,华泰柏瑞基金管理有限公司,SSE,industry,行业,all-a|industry,,,industry-healthcare,医药,2022-08-04,2026-09-28,1002
561530,银华银行,银行ETF银华,银华基金管理股份有限公司,SSE,industry,行业,all-a|industry,,,industry-finance,金融,2026-09-03,2026-09-28,17
561560,电力ETF,电力ETF华泰柏瑞,华泰柏瑞基金管理有限公司,SSE,industry,行业,all-a|industry,,,,,2022-05-16,2026-09-28,1059
561570,油气基金,油气ETF华泰柏瑞,华泰柏瑞基金管理有限公司,SSE,industry,行业,all-a|industry,,,industry-resources,资源周期,2024-10-17,2026-09-28,471
561600,消费电子,消费电子ETF平安,平安基金管理有限公司,SSE,industry,行业,all-a|industry,,,industry-consumer,消费,2021-09-09,2026-09-28,1218
561610,鑫元绿电,绿色电力ETF鑫元,鑫元基金管理有限公司,SSE,industry,行业,all-a|industry,,,industry-new-energy,新能源,2026-09-16,2026-09-28,8
561620,华泰化工,化工ETF华泰柏瑞,华泰柏瑞基金管理有限公司,SSE,industry,行业,all-a|industry,,,industry-resources,资源周期,2026-08-05,2026-09-28,38
561660,通航基金,通用航空ETF平安,平安基金管理有限公司,SSE,industry,行业,all-a|industry,,,,,2025-11-10,2026-09-28,212
561700,电力基金,电力ETF博时,博时基金管理有限公司,SSE,industry,行业,all-a|industry,,,,,2022-07-15,2026-09-28,1016
561710,疫苗,,,SSE,industry,行业,all-a|industry,,,industry-healthcare,医药,2022-11-25,2024-09-19,442
561730,中证A股,A股ETF华夏,华夏基金管理有限公司,SSE,industry,行业,all-a|industry,,,,,2026-08-28,2026-09-28,21
561750,A50博时,A50ETF博时,博时基金管理有限公司,SSE,industry,行业,all-a|industry,,,,,2025-05-30,2026-09-28,321
561760,油气博时,油气ETF博时,博时基金管理有限公司,SSE,industry,行业,all-a|industry,,,industry-resources,资源周期,2024-04-29,2026-09-28,583
561770,指基A100,A100ETF博时,博时基金管理有限公司,SSE,industry,行业,all-a|industry,,,,,2025-06-24,2026-09-28,305
561790,现代能源,央企能源ETF博时,博时基金管理有限公司,SSE,industry,行业,all-a|industry,,,,,2023-08-09,2026-09-28,756
561800,稀金属,稀有金属ETF华富,华富基金管理有限公司,SSE,industry,行业,all-a|industry,,,,,2021-08-24,2026-09-28,1230
561810,华泰医疗,医疗器械ETF华泰柏瑞,华泰柏瑞基金管理有限公司,SSE,industry,行业,all-a|industry,,,industry-healthcare,医药,2026-08-07,2026-09-28,36
561830,有色GTHT,有色ETF国泰海通,上海国泰海通证券资产管理有限公司,SSE,industry,行业,all-a|industry,,,industry-resources,资源周期,2026-09-02,2026-09-28,18
561880,A100指数,A100ETF华富,华富基金管理有限公司,SSE,industry,行业,all-a|industry,,,,,2025-01-24,2026-09-28,401
561890,A股E,A股ETF易方达,易方达基金管理有限公司,SSE,industry,行业,all-a|industry,,,,,2026-08-07,2026-09-28,36
561910,电池ETF,电池ETF招商,招商基金管理有限公司,SSE,industry,行业,all-a|industry,,,industry-new-energy,新能源,2021-08-12,2026-09-28,1238
561920,疫苗龙头,疫苗ETF招商,招商基金管理有限公司,SSE,industry,行业,all-a|industry,,,industry-healthcare,医药,2023-03-29,2026-09-28,845
561980,芯片设备,半导体设备ETF招商,招商基金管理有限公司,SSE,industry,行业,all-a|industry,,,industry-semiconductor,半导体,2023-09-01,2026-09-28,739
562000,中证A100,A100ETF华宝,华宝基金管理有限公司,SSE,industry,行业,all-a|industry,,,,,2022-08-01,2026-09-28,1005
562010,绿色能源,绿色能源ETF华宝,华宝基金管理有限公司,SSE,industry,行业,all-a|industry,,,,,2023-01-03,2026-09-28,901
562030,信创基金,信创ETF华宝,华宝基金管理有限公司,SSE,industry,行业,all-a|industry,,,industry-ai-compute,AI/算力通信,2023-10-12,2026-09-28,716
562050,药ETF,药ETF华宝,华宝基金管理有限公司,SSE,industry,行业,all-a|industry,,,,,2025-06-19,2026-09-28,308
562080,自由现金,300现金流ETF华宝,华宝基金管理有限公司,SSE,industry,行业,all-a|industry,,,,,2025-04-15,2026-09-28,351
562110,东证云50,云计算50ETF东方红,上海东方证券资产管理有限公司,SSE,industry,行业,all-a|industry,,,,,2026-09-16,2026-09-28,8
562180,红低A500,A500红利低波ETF招商,招商基金管理有限公司,SSE,industry,行业,all-a|industry,,,,,2026-09-01,2026-09-28,19
562260,汽配ETF,,,SSE,industry,行业,all-a|industry,,,,,2024-05-10,2025-07-25,296
562300,低碳ETF,碳中和ETF银华,银华基金管理股份有限公司,SSE,industry,行业,all-a|industry,,,,,2022-01-05,2026-09-28,1142
562350,电力,电力ETF银华,银华基金管理股份有限公司,SSE,industry,行业,all-a|industry,,,,,2022-07-12,2026-09-28,1019
562360,机器人YH,机器人ETF银华,银华基金管理股份有限公司,SSE,industry,行业,all-a|industry,,,industry-advanced-manufacturing,机器人/高端制造,2021-10-15,2026-09-28,1199
562380,科技引领,央企科技ETF银华,银华基金管理股份有限公司,SSE,industry,行业,all-a|industry,,,,,2023-07-06,2026-09-28,780
562390,中药,中药ETF银华,银华基金管理股份有限公司,SSE,industry,行业,all-a|industry,,,industry-healthcare,医药,2022-07-28,2026-09-28,1007
562500,机器人,机器人ETF华夏,华夏基金管理有限公司,SSE,industry,行业,all-a|industry,,,industry-advanced-manufacturing,机器人/高端制造,2021-12-29,2026-09-28,1146
562510,旅游ETF,旅游ETF华夏,华夏基金管理有限公司,SSE,industry,行业,all-a|industry,,,industry-consumer,消费,2021-12-30,2026-09-28,1145
562550,绿电ETF,绿电ETF华夏,华夏基金管理有限公司,SSE,industry,行业,all-a|industry,,,industry-new-energy,新能源,2023-03-27,2026-09-28,847
562560,信息技术,信息技术ETF华夏,华夏基金管理有限公司,SSE,industry,行业,all-a|industry,,,industry-ai-compute,AI/算力通信,2024-04-12,2026-09-28,594
562570,信创ETF,信创ETF华夏,华夏基金管理有限公司,SSE,industry,行业,all-a|industry,,,industry-ai-compute,AI/算力通信,2024-04-30,2026-09-28,582
562580,可选消费,可选消费ETF华夏,华夏基金管理有限公司,SSE,industry,行业,all-a|industry,,,industry-consumer,消费,2024-03-26,2026-09-28,605
562590,半导材料,半导体设备ETF华夏,华夏基金管理有限公司,SSE,industry,行业,all-a|industry,,,,,2023-10-18,2026-09-28,712
562600,医疗器械,医疗器械ETF华夏,华夏基金管理有限公司,SSE,industry,行业,all-a|industry,,,industry-healthcare,医药,2023-12-11,2026-09-28,674
562660,ZZ2000,中证2000ETF华夏,华夏基金管理有限公司,SSE,industry,行业,all-a|industry,,,,,2023-09-14,2026-09-28,730
562700,汽车零件,汽车零部件ETF华夏,华夏基金管理有限公司,SSE,industry,行业,all-a|industry,,,industry-automotive,汽车,2024-05-14,2026-09-28,575
562800,稀有金属,稀有金属ETF嘉实,嘉实基金管理有限公司,SSE,industry,行业,all-a|industry,,,industry-resources,资源周期,2021-09-27,2026-09-28,1208
562820,集成电路,集成电路ETF嘉实,嘉实基金管理有限公司,SSE,industry,行业,all-a|industry,,,industry-semiconductor,半导体,2024-04-22,2026-09-28,588
562860,疫苗ETF,疫苗ETF嘉实,嘉实基金管理有限公司,SSE,industry,行业,all-a|industry,,,industry-healthcare,医药,2023-02-24,2026-09-28,868
562870,证券全指,证券ETF嘉实,嘉实基金管理有限公司,SSE,industry,行业,all-a|industry,,,industry-finance,金融,2025-07-25,2026-09-28,282
562880,电池基金,电池ETF嘉实,嘉实基金管理有限公司,SSE,industry,行业,all-a|industry,,,industry-new-energy,新能源,2021-07-20,2026-09-28,1255
562890,A50中证,A50ETF嘉实,嘉实基金管理有限公司,SSE,industry,行业,all-a|industry,,,,,2024-03-18,2026-09-28,611
562900,现代农业,农业ETF易方达,易方达基金管理有限公司,SSE,industry,行业,all-a|industry,,,industry-consumer,消费,2021-12-13,2026-09-28,1158
562910,高端制造,高端制造ETF易方达,易方达基金管理有限公司,SSE,industry,行业,all-a|industry,,,industry-advanced-manufacturing,机器人/高端制造,2022-01-10,2026-09-28,1139
562920,信息安全,信息安全ETF易方达,易方达基金管理有限公司,SSE,industry,行业,all-a|industry,,,,,2023-06-12,2026-09-28,796
562930,软件30,软件ETF易方达,易方达基金管理有限公司,SSE,industry,行业,all-a|industry,,,industry-ai-compute,AI/算力通信,2023-06-05,2026-09-28,801
562950,消电50,消费电子ETF易方达,易方达基金管理有限公司,SSE,industry,行业,all-a|industry,,,,,2022-01-20,2026-09-28,1131
562960,绿色电力,绿色电力ETF易方达,易方达基金管理有限公司,SSE,industry,行业,all-a|industry,,,,,2023-04-12,2026-09-28,836
562970,光伏E,光伏ETF易方达,易方达基金管理有限公司,SSE,industry,行业,all-a|industry,,,industry-new-energy,新能源,2024-11-07,2026-09-28,456
562990,碳中和E,碳中和ETF易方达,易方达基金管理有限公司,SSE,industry,行业,all-a|industry,,,industry-new-energy,新能源,2022-07-19,2026-09-28,1014
563000,中国A50,中国A50ETF易方达,易方达基金管理有限公司,SSE,industry,行业,all-a|industry,,,,,2021-11-08,2026-09-28,1183
563010,电信ETF,电信ETF易方达,易方达基金管理有限公司,SSE,industry,行业,all-a|industry,,,,,2023-07-13,2026-09-28,775
563150,油气资源,油气ETF银华,银华基金管理股份有限公司,SSE,industry,行业,all-a|industry,,,industry-resources,资源周期,2024-05-30,2026-09-28,563
563200,2000指数,中证2000ETF富国,富国基金管理有限公司,SSE,industry,行业,all-a|industry,,,,,2023-10-18,2026-09-28,712
563210,专精特新,专精特新ETF富国,富国基金管理有限公司,SSE,industry,行业,all-a|industry,,,industry-advanced-manufacturing,机器人/高端制造,2025-01-24,2026-09-28,401
563230,卫星ETF,卫星ETF富国,富国基金管理有限公司,SSE,industry,行业,all-a|industry,,,industry-defense,军工,2025-09-17,2026-09-28,244
563320,通用航空,通用航空ETF华泰柏瑞,华泰柏瑞基金管理有限公司,SSE,industry,行业,all-a|industry,,,industry-defense,军工,2025-09-03,2026-09-28,254
563330,A股ETF,A股ETF华泰柏瑞,华泰柏瑞基金管理有限公司,SSE,industry,行业,all-a|industry,,,,,2023-11-07,2026-09-28,698
563380,航空航天,航空航天ETF华泰柏瑞,华泰柏瑞基金管理有限公司,SSE,industry,行业,all-a|industry,,,industry-defense,军工,2025-11-07,2026-09-28,213
563530,卫星E,卫星ETF易方达,易方达基金管理有限公司,SSE,industry,行业,all-a|industry,,,industry-defense,军工,2025-11-14,2026-09-28,208
563570,金融科,金融科技ETF兴业,兴业基金管理有限公司,SSE,industry,行业,all-a|industry,,,industry-finance,金融,2025-11-11,2026-09-28,211
563670,金科基金,金融科技ETF鹏华,鹏华基金管理有限公司,SSE,industry,行业,all-a|industry,,,,,2025-10-14,2026-09-28,231
563750,500添富,中证500ETF汇添富,汇添富基金管理股份有限公司,SSE,industry,行业,all-a|industry,,,,,2025-10-30,2026-09-28,219
563780,现金指数,现金流全指ETF方正富邦,方正富邦基金管理有限公司,SSE,industry,行业,all-a|industry,,,,,2025-05-13,2026-09-28,334
563790,卫星产业,卫星ETF鹏华,鹏华基金管理有限公司,SSE,industry,行业,all-a|industry,,,industry-defense,军工,2026-01-05,2026-09-28,174
563800,A500龙头,A500ETF广发,广发基金管理有限公司,SSE,industry,行业,all-a|industry,,,,,2024-11-18,2026-09-28,449
563850,食品广发,食品ETF广发,广发基金管理有限公司,SSE,industry,行业,all-a|industry,,,industry-consumer,消费,2025-12-19,2026-09-28,183
563870,航空通用,通用航空ETF鹏华,鹏华基金管理有限公司,SSE,industry,行业,all-a|industry,,,,,2026-01-15,2026-09-28,166
588010,科创材料,科创新材料ETF博时,博时基金管理有限公司,SSE,industry,行业,all-a|industry,,,,,2022-10-26,2026-09-28,949
588030,科创指基,科创100ETF博时,博时基金管理有限公司,SSE,industry,行业,all-a|industry,,,,,2023-09-15,2026-09-28,729
588040,科创板指,科创50ETF鹏华,鹏华基金管理有限公司,SSE,industry,行业,all-a|industry,,,,,2025-04-14,2026-09-28,352
588050,科创ETF,科创50ETF工银,工银瑞信基金管理有限公司,SSE,industry,行业,all-a|industry,,,,,2020-11-16,2026-09-28,1420
588060,上证科创,科创50ETF广发,广发基金管理有限公司,SSE,industry,行业,all-a|industry,,,,,2021-07-29,2026-09-28,1248
588070,科创万家,科创成长ETF万家,万家基金管理有限公司,SSE,industry,行业,all-a|industry,,,,,2024-11-14,2026-09-28,451
588090,科创板,科创50ETF华泰柏瑞,华泰柏瑞基金管理有限公司,SSE,industry,行业,all-a|industry,,,,,2020-11-16,2026-09-28,1420
588100,科创信息,科创信息ETF嘉实,嘉实基金管理有限公司,SSE,industry,行业,all-a|industry,,,,,2022-05-27,2026-09-28,1050
588120,科100ETF,科创100ETF国泰,国泰基金管理有限公司,SSE,industry,行业,all-a|industry,,,,,2023-09-15,2026-09-28,729
588130,科创药,科创医药ETF华夏,华夏基金管理有限公司,SSE,industry,行业,all-a|industry,,,,,2025-05-28,2026-09-28,323
588140,科200GF,科创200ETF广发,广发基金管理有限公司,SSE,industry,行业,all-a|industry,,,,,2025-10-15,2026-09-28,230
588150,科创龙头,科创50ETF南方,南方基金管理股份有限公司,SSE,industry,行业,all-a|industry,,,,,2021-12-20,2026-09-28,1153
588160,科创新材,科创新材料ETF南方,南方基金管理股份有限公司,SSE,industry,行业,all-a|industry,,,,,2022-10-26,2026-09-28,949
588170,科创半导,科创半导体ETF华夏,华夏基金管理有限公司,SSE,industry,行业,all-a|industry,,,,,2025-04-08,2026-09-28,356
588200,科创芯片,科创芯片ETF嘉实,嘉实基金管理有限公司,SSE,industry,行业,all-a|industry,,,industry-semiconductor,半导体,2022-10-26,2026-09-28,949
588240,科200,科创200ETF鹏华,鹏华基金管理有限公司,SSE,industry,行业,all-a|industry,,,,,2025-02-25,2026-09-28,385
588250,KC医药,科创医药ETF鹏华,鹏华基金管理有限公司,SSE,industry,行业,all-a|industry,,,industry-healthcare,医药,2025-03-21,2026-09-28,367
588260,科创技术,科创信息ETF华安,华安基金管理有限公司,SSE,industry,行业,all-a|industry,,,,,2022-05-27,2026-09-28,1050
588280,科创五零,科创50ETF华安,华安基金管理有限公司,SSE,industry,行业,all-a|industry,,,,,2021-10-29,2026-09-28,1189
588290,芯片科创,科创芯片ETF华安,华安基金管理有限公司,SSE,industry,行业,all-a|industry,,,industry-semiconductor,半导体,2022-10-26,2026-09-28,949
588300,双创ETF,科创创业50ETF招商,招商基金管理有限公司,SSE,industry,行业,all-a|industry,,,,,2021-07-05,2026-09-28,1266
588310,双创基金,科创创业ETF方正富邦,方正富邦基金管理有限公司,SSE,industry,行业,all-a|industry,,,,,2021-12-02,2026-09-28,1165
588330,双创龙头,双创50ETF华宝,华宝基金管理有限公司,SSE,industry,行业,all-a|industry,,,,,2021-07-06,2026-09-28,1265
588350,双创,科创创业50ETF鹏扬,鹏扬基金管理有限公司,SSE,industry,行业,all-a|industry,,,,,2022-11-10,2026-09-28,938
588360,创创ETF,科创创业ETF国泰,国泰基金管理有限公司,SSE,industry,行业,all-a|industry,,,,,2021-07-06,2026-09-28,1265
588390,科创创业,科创创业ETF博时,博时基金管理有限公司,SSE,industry,行业,all-a|industry,,,,,2021-08-30,2026-09-28,1226
588410,双创AI,科创创业人工智能ETF鹏华,鹏华基金管理有限公司,SSE,industry,行业,all-a|industry,,,industry-ai-compute,AI/算力通信,2026-01-05,2026-09-28,174
588420,AI双创,科创创业人工智能ETF摩根,摩根基金管理（中国）有限公司,SSE,industry,行业,all-a|industry,,,industry-ai-compute,AI/算力通信,2026-01-05,2026-09-28,174
588430,科创创AI,科创创业人工智能ETF工银,工银瑞信基金管理有限公司,SSE,industry,行业,all-a|industry,,,industry-ai-compute,AI/算力通信,2025-12-29,2026-09-28,177
588470,双创智能,科创创业人工智能ETF华安,华安基金管理有限公司,SSE,industry,行业,all-a|industry,,,,,2026-05-28,2026-09-28,81
588480,AI50双创,科创创业人工智能ETF中金,中金基金管理有限公司,SSE,industry,行业,all-a|industry,,,industry-ai-compute,AI/算力通信,2026-05-12,2026-09-28,93
588510,智能双创,科创创业人工智能ETF华夏,华夏基金管理有限公司,SSE,industry,行业,all-a|industry,,,,,2026-05-29,2026-09-28,80
588520,科创增,科创增强ETF永赢,永赢基金管理有限公司,SSE,industry,行业,all-a|industry,,,,,2025-07-08,2026-09-28,295
588530,AIBOCI,科创创业人工智能ETF中银证券,中银国际证券股份有限公司,SSE,industry,行业,all-a|industry,,,industry-ai-compute,AI/算力通信,2026-07-29,2026-09-28,40
588660,双创五零,科创创业50ETF兴银,兴银基金管理有限责任公司,SSE,industry,行业,all-a|industry,,,,,2025-03-17,2026-09-28,371
588680,科100增,科创100增强ETF广发,广发基金管理有限公司,SSE,industry,行业,all-a|industry,,,,,2024-07-05,2026-09-28,538
588700,科创生物,科创医药ETF嘉实,嘉实基金管理有限公司,SSE,industry,行业,all-a|industry,,,industry-healthcare,医药,2024-01-05,2026-09-28,656
588710,科半导体,科创半导体设备ETF华泰柏瑞,华泰柏瑞基金管理有限公司,SSE,industry,行业,all-a|industry,,,industry-semiconductor,半导体,2025-06-04,2026-09-28,319
588720,中银科创,科创50ETF中银,中银基金管理有限公司,SSE,industry,行业,all-a|industry,,,,,2025-04-15,2026-09-28,351
588730,科创AI,科创人工智能ETF易方达,易方达基金管理有限公司,SSE,industry,行业,all-a|industry,,,industry-ai-compute,AI/算力通信,2025-01-24,2026-09-28,401
588750,科创芯50,科创芯片ETF汇添富,汇添富基金管理股份有限公司,SSE,industry,行业,all-a|industry,,,,,2024-12-26,2026-09-28,421
588760,AI科创,科创人工智能ETF广发,广发基金管理有限公司,SSE,industry,行业,all-a|industry,,,industry-ai-compute,AI/算力通信,2025-01-23,2026-09-28,402
588770,信息科创,科创信息ETF摩根,摩根基金管理（中国）有限公司,SSE,industry,行业,all-a|industry,,,,,2025-03-24,2026-09-28,366
588780,芯片设计,科创芯片设计ETF国联安,国联安基金管理有限公司,SSE,industry,行业,all-a|industry,,,industry-semiconductor,半导体,2024-12-26,2026-09-28,421
588790,科创智能,科创AIETF博时,博时基金管理有限公司,SSE,industry,行业,all-a|industry,,,,,2025-01-09,2026-09-28,412
588810,科创板芯,科创芯片ETF富国,富国基金管理有限公司,SSE,industry,行业,all-a|industry,,,,,2025-01-09,2026-09-28,412
588830,科创新能,科创新能源ETF鹏华,鹏华基金管理有限公司,SSE,industry,行业,all-a|industry,,,,,2024-08-09,2026-09-28,513
588840,50科创,科创50ETF万家,万家基金管理有限公司,SSE,industry,行业,all-a|industry,,,,,2025-03-10,2026-09-28,376
588850,科创机械,科创机械ETF嘉实,嘉实基金管理有限公司,SSE,industry,行业,all-a|industry,,,industry-advanced-manufacturing,机器人/高端制造,2025-04-24,2026-09-28,344
588860,科创医药,科创医药ETF工银,工银瑞信基金管理有限公司,SSE,industry,行业,all-a|industry,,,industry-healthcare,医药,2024-08-23,2026-09-28,503
588880,科创指数,科创100ETF华泰柏瑞,华泰柏瑞基金管理有限公司,SSE,industry,行业,all-a|industry,,,,,2023-11-16,2026-09-28,691
588890,科创芯,科创芯片ETF南方,南方基金管理股份有限公司,SSE,industry,行业,all-a|industry,,,,,2024-04-23,2026-09-28,587
588920,KC芯片,科创芯片ETF鹏华,鹏华基金管理有限公司,SSE,industry,行业,all-a|industry,,,industry-semiconductor,半导体,2025-07-28,2026-09-28,281
588930,科创板AI,科创人工智能ETF银华,银华基金管理股份有限公司,SSE,industry,行业,all-a|industry,,,industry-ai-compute,AI/算力通信,2025-01-14,2026-09-28,409
588940,科创富国,科创50ETF富国,富国基金管理有限公司,SSE,industry,行业,all-a|industry,,,,,2025-06-03,2026-09-28,320
588950,景顺科创,科创50ETF景顺,景顺长城基金管理有限公司,SSE,industry,行业,all-a|industry,,,,,2025-01-24,2026-09-28,401
588960,新能科创,科创新能源ETF富国,富国基金管理有限公司,SSE,industry,行业,all-a|industry,,,,,2025-02-19,2026-09-28,389
588980,科创广发,科创100ETF广发,广发基金管理有限公司,SSE,industry,行业,all-a|industry,,,,,2025-08-01,2026-09-28,277
588990,科芯片,科创芯片ETF博时,博时基金管理有限公司,SSE,industry,行业,all-a|industry,,,industry-semiconductor,半导体,2024-08-16,2026-09-28,508
589010,科创AI指,科创人工智能ETF华夏,华夏基金管理有限公司,SSE,industry,行业,all-a|industry,,,industry-ai-compute,AI/算力通信,2025-04-09,2026-09-28,355
589020,KC半导体,科创半导体设备ETF鹏华,鹏华基金管理有限公司,SSE,industry,行业,all-a|industry,,,industry-semiconductor,半导体,2025-09-04,2026-09-28,253
589030,科芯设计,科创芯片设计ETF易方达,易方达基金管理有限公司,SSE,industry,行业,all-a|industry,,,,,2026-01-19,2026-09-28,164
589050,科创E,科创综指ETF兴业,兴业基金管理有限公司,SSE,industry,行业,all-a|industry,,,,,2025-08-18,2026-09-28,266
589060,科综东财,科创综指ETF东财,东财基金管理有限公司,SSE,industry,行业,all-a|industry,,,,,2025-03-27,2026-09-28,363
589070,科芯TH,科创芯片设计ETF天弘,天弘基金管理有限公司,SSE,industry,行业,all-a|industry,,,,,2026-01-23,2026-09-28,160
589080,科创综E,科创综指ETF汇添富,汇添富基金管理股份有限公司,SSE,industry,行业,all-a|industry,,,,,2025-03-05,2026-09-28,379
589090,KCAI,科创AIETF鹏华,鹏华基金管理有限公司,SSE,industry,行业,all-a|industry,,,industry-ai-compute,AI/算力通信,2025-08-27,2026-09-28,259
589100,国泰芯片,科创芯片ETF国泰,国泰基金管理有限公司,SSE,industry,行业,all-a|industry,,,industry-semiconductor,半导体,2025-04-07,2026-09-28,357
589110,科AI国泰,科创人工智能ETF国泰,国泰基金管理有限公司,SSE,industry,行业,all-a|industry,,,industry-ai-compute,AI/算力通信,2025-10-15,2026-09-28,230
589120,创新药基,科创创新药ETF汇添富,汇添富基金管理股份有限公司,SSE,industry,行业,all-a|industry,,,industry-healthcare,医药,2025-09-19,2026-09-28,242
589130,科创芯易,科创芯片ETF易方达,易方达基金管理有限公司,SSE,industry,行业,all-a|industry,,,,,2026-01-08,2026-09-28,171
589150,科创平安,科创50ETF平安,平安基金管理有限公司,SSE,industry,行业,all-a|industry,,,,,2026-01-06,2026-09-28,173
589160,科芯片GF,科创芯片ETF广发,广发基金管理有限公司,SSE,industry,行业,all-a|industry,,,industry-semiconductor,半导体,2026-01-30,2026-09-28,155
589170,芯设计KC,科创芯片设计ETF鹏华,鹏华基金管理有限公司,SSE,industry,行业,all-a|industry,,,,,2026-02-06,2026-09-28,150
589180,科创材基,科创新材料ETF汇添富,汇添富基金管理股份有限公司,SSE,industry,行业,all-a|industry,,,,,2025-06-16,2026-09-28,311
589190,科创芯基,科创芯片ETF华宝,华宝基金管理有限公司,SSE,industry,行业,all-a|industry,,,,,2026-01-27,2026-09-28,158
589200,科200E,科创200ETF工银,工银瑞信基金管理有限公司,SSE,industry,行业,all-a|industry,,,,,2025-08-08,2026-09-28,272
589210,芯设计GF,科创芯片设计ETF广发,广发基金管理有限公司,SSE,industry,行业,all-a|industry,,,,,2025-12-23,2026-09-28,181
589220,科200GT,科创200ETF国泰,国泰基金管理有限公司,SSE,industry,行业,all-a|industry,,,,,2026-01-26,2026-09-28,159
589230,AI科创CS,科创人工智能ETF南方,南方基金管理股份有限公司,SSE,industry,行业,all-a|industry,,,industry-ai-compute,AI/算力通信,2026-02-02,2026-09-28,154
589250,芯设计PY,科创芯片设计ETF浦银,浦银基金管理有限公司,SSE,industry,行业,all-a|industry,,,,,2026-04-01,2026-09-28,118
589260,科创芯设,科创芯片设计ETF国泰,国泰基金管理有限公司,SSE,industry,行业,all-a|industry,,,,,2026-04-02,2026-09-28,117
589290,芯片主题,科创芯片设计ETF汇添富,汇添富基金管理股份有限公司,SSE,industry,行业,all-a|industry,,,industry-semiconductor,半导体,2026-06-26,2026-09-28,61
589300,科综嘉实,科创综指ETF嘉实,嘉实基金管理有限公司,SSE,industry,行业,all-a|industry,,,,,2025-04-17,2026-09-28,349
589310,科创人工,科创人工智能ETF鑫元,鑫元基金管理有限公司,SSE,industry,行业,all-a|industry,,,,,2026-07-03,2026-09-28,56
589320,科200JS,科创200ETF嘉实,嘉实基金管理有限公司,SSE,industry,行业,all-a|industry,,,,,2026-05-28,2026-09-28,81
589330,科200DC,科创200ETF东财,东财基金管理有限公司,SSE,industry,行业,all-a|industry,,,,,2026-05-29,2026-09-28,80
589350,科芯片指,科创芯片设计ETF银华,银华基金管理股份有限公司,SSE,industry,行业,all-a|industry,,,industry-semiconductor,半导体,2026-06-30,2026-09-28,59
589380,AI科创指,科创人工智能ETF富国,富国基金管理有限公司,SSE,industry,行业,all-a|industry,,,industry-ai-compute,AI/算力通信,2025-07-01,2026-09-28,300
589390,芯设计,科创芯片设计ETF招商,招商基金管理有限公司,SSE,industry,行业,all-a|industry,,,,,2026-07-10,2026-09-28,51
589400,芯设计FG,科创芯片设计ETF富国,富国基金管理有限公司,SSE,industry,行业,all-a|industry,,,,,2026-07-09,2026-09-28,52
589410,科创AIJS,科创人工智能ETF嘉实,嘉实基金管理有限公司,SSE,industry,行业,all-a|industry,,,industry-ai-compute,AI/算力通信,2026-07-16,2026-09-28,47
589420,芯设计MW,科创芯片设计ETF永赢,永赢基金管理有限公司,SSE,industry,行业,all-a|industry,,,,,2026-07-09,2026-09-28,52
589430,科芯片设,科创芯片设计ETF华宝,华宝基金管理有限公司,SSE,industry,行业,all-a|industry,,,industry-semiconductor,半导体,2026-09-04,2026-09-28,16
589460,科200HB,科创200ETF华宝,华宝基金管理有限公司,SSE,industry,行业,all-a|industry,,,,,2026-08-21,2026-09-28,26
589480,科芯设JS,科创芯片设计ETF嘉实,嘉实基金管理有限公司,SSE,industry,行业,all-a|industry,,,,,2026-09-24,2026-09-28,2
589500,科综工银,科创综指ETF工银,工银瑞信基金管理有限公司,SSE,industry,行业,all-a|industry,,,,,2025-03-03,2026-09-28,381
589510,科新材料,科创新材料ETF易方达,易方达基金管理有限公司,SSE,industry,行业,all-a|industry,,,,,2026-09-17,2026-09-28,7
589520,AI科创板,科创人工智能ETF华宝,华宝基金管理有限公司,SSE,industry,行业,all-a|industry,,,industry-ai-compute,AI/算力通信,2025-03-13,2026-09-28,373
589560,科创AITF,科创人工智能ETF汇添富,汇添富基金管理股份有限公司,SSE,industry,行业,all-a|industry,,,industry-ai-compute,AI/算力通信,2025-09-05,2026-09-28,252
589580,科综价格,科创综指ETF兴银,兴银基金管理有限责任公司,SSE,industry,行业,all-a|industry,,,,,2025-06-11,2026-09-28,314
589600,富国科综,科创综指ETF富国,富国基金管理有限公司,SSE,industry,行业,all-a|industry,,,,,2025-03-07,2026-09-28,377
589630,科综国泰,科创综指ETF国泰,国泰基金管理有限公司,SSE,industry,行业,all-a|industry,,,,,2025-03-12,2026-09-28,374
589680,科创综Z,科创综指ETF鹏华,鹏华基金管理有限公司,SSE,industry,行业,all-a|industry,,,,,2025-03-05,2026-09-28,379
589720,科创新药,科创创新药ETF国泰,国泰基金管理有限公司,SSE,industry,行业,all-a|industry,,,industry-healthcare,医药,2025-08-01,2026-09-28,277
589770,科创全指,科创综指ETF招商,招商基金管理有限公司,SSE,industry,行业,all-a|industry,,,,,2025-03-05,2026-09-28,379
589780,科200FG,科创200ETF富国,富国基金管理有限公司,SSE,industry,行业,all-a|industry,,,,,2025-09-26,2026-09-28,237
589820,科200F,科创200ETF建信,建信基金管理有限责任公司,SSE,industry,行业,all-a|industry,,,,,2025-09-15,2026-09-28,246
589850,科创东财,科创50ETF东财,东财基金管理有限公司,SSE,industry,行业,all-a|industry,,,,,2025-08-11,2026-09-28,271
589860,天弘科综,科创综指ETF天弘,天弘基金管理有限公司,SSE,industry,行业,all-a|industry,,,,,2025-03-05,2026-09-28,379
589880,科创综,科创综指ETF建信,建信基金管理有限责任公司,SSE,industry,行业,all-a|industry,,,,,2025-02-28,2026-09-28,382
589890,景顺科综,科创综指ETF景顺,景顺长城基金管理有限公司,SSE,industry,行业,all-a|industry,,,,,2025-03-05,2026-09-28,379
589900,博时科综,科创综指ETF博时,博时基金管理有限公司,SSE,industry,行业,all-a|industry,,,,,2025-03-05,2026-09-28,379
589950,科100FG,科创100ETF富国,富国基金管理有限公司,SSE,industry,行业,all-a|industry,,,,,2025-10-17,2026-09-28,228
589960,科创新源,科创新能源ETF易方达,易方达基金管理有限公司,SSE,industry,行业,all-a|industry,,,,,2025-09-22,2026-09-28,241
589980,科基100,科创100ETF汇添富,汇添富基金管理股份有限公司,SSE,industry,行业,all-a|industry,,,,,2025-05-12,2026-09-28,335
589990,科创板综,科创综指ETF华泰柏瑞,华泰柏瑞基金管理有限公司,SSE,industry,行业,all-a|industry,,,,,2025-03-05,2026-09-28,379
159110,科创债ETF万家,科创债ETF万家,万家基金管理有限公司,SZSE,bond,债券,bond,,,bond-credit,信用债,2025-09-23,2026-09-28,240
159111,科创债ETF天弘,科创债ETF天弘,天弘基金管理有限公司,SZSE,bond,债券,bond,,,bond-credit,信用债,2025-09-23,2026-09-28,240
159112,科创债ETF银华,科创债ETF银华,银华基金管理股份有限公司,SZSE,bond,债券,bond,,,bond-credit,信用债,2025-09-23,2026-09-28,240
159113,科创债ETF大成,科创债ETF大成,大成基金管理有限公司,SZSE,bond,债券,bond,,,bond-credit,信用债,2025-09-23,2026-09-28,240
159115,科创债ETF华安,科创债ETF华安,华安基金管理有限公司,SZSE,bond,债券,bond,,,bond-credit,信用债,2025-09-23,2026-09-28,240
159116,科创债ETF工银,科创债ETF工银,工银瑞信基金管理有限公司,SZSE,bond,债券,bond,,,bond-credit,信用债,2025-09-23,2026-09-28,240
159200,科创债ETF富国,科创债ETF富国,富国基金管理有限公司,SZSE,bond,债券,bond,,,bond-credit,信用债,2025-07-16,2026-09-28,289
159395,信用债ETF大成,信用债ETF大成,大成基金管理有限公司,SZSE,bond,债券,bond,,,bond-credit,信用债,2025-01-24,2026-09-28,401
159396,信用债ETF博时,信用债ETF博时,博时基金管理有限公司,SZSE,bond,债券,bond,,,bond-credit,信用债,2025-02-05,2026-09-28,399
159397,信用债ETF广发,信用债ETF广发,广发基金管理有限公司,SZSE,bond,债券,bond,,,bond-credit,信用债,2025-02-06,2026-09-28,398
159398,信用债ETF天弘,信用债ETF天弘,天弘基金管理有限公司,SZSE,bond,债券,bond,,,bond-credit,信用债,2025-02-05,2026-09-28,399
159400,科创债ETF景顺,科创债ETF景顺,景顺长城基金管理有限公司,SZSE,bond,债券,bond,,,bond-credit,信用债,2025-07-16,2026-09-28,289
159600,科创债ETF嘉实,科创债ETF嘉实,嘉实基金管理有限公司,SZSE,bond,债券,bond,,,bond-credit,信用债,2025-07-16,2026-09-28,289
159649,国开债ETF华安,国开债ETF华安,华安基金管理有限公司,SZSE,bond,债券,bond,,,bond-policy-bank,政金债,2022-10-21,2026-09-28,952
159650,国开债ETF博时,国开债ETF博时,博时基金管理有限公司,SZSE,bond,债券,bond,,,bond-policy-bank,政金债,2022-10-27,2026-09-28,948
159651,国开债ETF平安,国开债ETF平安,平安基金管理有限公司,SZSE,bond,债券,bond,,,bond-policy-bank,政金债,2022-11-15,2026-09-28,935
159700,科创债ETF南方,科创债ETF南方,南方基金管理股份有限公司,SZSE,bond,债券,bond,,,bond-credit,信用债,2025-07-16,2026-09-28,289
159816,0-4年地方债ETF鹏华,0-4年地方债ETF鹏华,鹏华基金管理有限公司,SZSE,bond,债券,bond,,,bond-local-government,地方债,2020-09-03,2026-09-28,1466
159926,国债ETF,,,SZSE,bond,债券,bond,,,bond-government,国债,2016-09-22,2022-06-20,1393
159972,5年地方债ETF鹏华,5年地方债ETF鹏华,鹏华基金管理有限公司,SZSE,bond,债券,bond,,,bond-local-government,地方债,2019-11-07,2026-09-28,1668
159988,粤债ETF,,,SZSE,bond,债券,bond,,,bond-local-government,地方债,2020-05-28,2022-06-28,506
511000,长三角债,,,SSE,bond,债券,bond,,,bond-local-government,地方债,2020-10-29,2021-04-16,115
511010,国债ETF,国债ETF国泰,国泰基金管理有限公司,SSE,bond,债券,bond,,,bond-government,国债,2013-03-25,2026-09-28,3280
511020,活跃国债,国债ETF平安,平安基金管理有限公司,SSE,bond,债券,bond,,,bond-government,国债,2019-02-22,2026-09-28,1841
511030,公司债,公司债ETF平安,平安基金管理有限公司,SSE,bond,债券,bond,,,bond-credit,信用债,2019-03-22,2026-09-28,1821
511050,兴业地债,,,SSE,bond,债券,bond,,,bond-local-government,地方债,2020-07-30,2021-08-30,266
511060,5年地债,5年地方债ETF海富通,海富通基金管理有限公司,SSE,bond,债券,bond,,,bond-local-government,地方债,2019-12-12,2026-09-28,1643
511070,沪公司债,公司债ETF南方,南方基金管理股份有限公司,SSE,bond,债券,bond,,,bond-credit,信用债,2025-01-22,2026-09-28,403
511090,30年国债,30年国债ETF鹏扬,鹏扬基金管理有限公司,SSE,bond,债券,bond,,,bond-ultra-long-government,超长期国债,2023-06-13,2026-09-28,795
511100,基准国债,国债ETF华夏,华夏基金管理有限公司,SSE,bond,债券,bond,,,bond-government,国债,2023-12-25,2026-09-28,664
511110,公司债易,公司债ETF易方达,易方达基金管理有限公司,SSE,bond,债券,bond,,,bond-credit,信用债,2025-01-24,2026-09-28,401
511120,科创债基,科创债ETF广发,广发基金管理有限公司,SSE,bond,债券,bond,,,bond-credit,信用债,2025-07-17,2026-09-28,288
511130,国债30年,30年国债ETF博时,博时基金管理有限公司,SSE,bond,债券,bond,,,bond-ultra-long-government,超长期国债,2024-03-28,2026-09-28,603
511150,科债永赢,科创债ETF永赢,永赢基金管理有限公司,SSE,bond,债券,bond,,,bond-credit,信用债,2025-09-24,2026-09-28,239
511160,国债东财,国债ETF东财,东财基金管理有限公司,SSE,bond,债券,bond,,,bond-government,国债,2025-01-06,2026-09-28,415
511180,上证转债,可转债ETF海富通,海富通基金管理有限公司,SSE,bond,债券,bond,,,bond-convertible,可转债,2020-08-26,2026-09-28,1472
511190,信用债,信用债ETF海富通,海富通基金管理有限公司,SSE,bond,债券,bond,,,bond-credit,信用债,2025-02-05,2026-09-28,399
511200,信用债基,信用债ETF华夏,华夏基金管理有限公司,SSE,bond,债券,bond,,,bond-credit,信用债,2025-02-07,2026-09-28,397
511210,企债ETF,,,SSE,bond,债券,bond,,,bond-credit,信用债,2013-08-16,2017-11-03,1028
511230,周期债,,,SSE,bond,债券,bond,,,,,2017-04-13,2021-03-26,964
511260,十年国债,十年国债ETF国泰,国泰基金管理有限公司,SSE,bond,债券,bond,,,bond-government,国债,2017-08-24,2026-09-28,2203
511270,10年地债,10年地方债ETF海富通,海富通基金管理有限公司,SSE,bond,债券,bond,,,bond-local-government,地方债,2018-11-22,2026-09-28,1900
511290,国债十年,,,SSE,bond,债券,bond,,,bond-government,国债,2018-04-27,2020-10-29,609
511310,十年债,,,SSE,bond,债券,bond,,,bond-government,国债,2018-04-26,2023-03-07,1181
511360,短融ETF,短融ETF海富通,海富通基金管理有限公司,SSE,bond,债券,bond,,,,,2020-09-25,2026-09-28,1450
511380,转债ETF,可转债ETF博时,博时基金管理有限公司,SSE,bond,债券,bond,,,bond-convertible,可转债,2020-04-07,2026-09-28,1568
511520,政金债,政金债ETF富国,富国基金管理有限公司,SSE,bond,债券,bond,,,bond-policy-bank,政金债,2022-10-25,2026-09-28,950
511580,国债政金,国债政金债ETF招商,招商基金管理有限公司,SSE,bond,债券,bond,,,,,2022-12-14,2026-09-28,914
551000,科创债,科创债ETF博时,博时基金管理有限公司,SSE,bond,债券,bond,,,bond-credit,信用债,2025-07-17,2026-09-28,288
551030,科创债券,科创债ETF鹏华,鹏华基金管理有限公司,SSE,bond,债券,bond,,,bond-credit,信用债,2025-07-17,2026-09-28,288
551060,科创债沪,科创债ETF中银,中银基金管理有限公司,SSE,bond,债券,bond,,,bond-credit,信用债,2025-09-24,2026-09-28,239
551300,科创债摩,科创债ETF摩根,摩根基金管理（中国）有限公司,SSE,bond,债券,bond,,,bond-credit,信用债,2025-09-24,2026-09-28,239
551500,科创债易,科创债ETF易方达,易方达基金管理有限公司,SSE,bond,债券,bond,,,bond-credit,信用债,2025-07-17,2026-09-28,288
551510,科债AAA,科创债ETF华泰柏瑞,华泰柏瑞基金管理有限公司,SSE,bond,债券,bond,,,bond-credit,信用债,2025-09-24,2026-09-28,239
551520,科创债汇,科创债ETF汇添富,汇添富基金管理股份有限公司,SSE,bond,债券,bond,,,bond-credit,信用债,2025-09-24,2026-09-28,239
551550,科创AAA,科创债ETF华夏,华夏基金管理有限公司,SSE,bond,债券,bond,,,bond-credit,信用债,2025-07-17,2026-09-28,288
551560,科创债兴,科创债ETF兴业,兴业基金管理有限公司,SSE,bond,债券,bond,,,bond-credit,信用债,2025-09-24,2026-09-28,239
551580,科创债TK,科创债ETF泰康,泰康基金管理有限公司,SSE,bond,债券,bond,,,bond-credit,信用债,2025-09-24,2026-09-28,239
551800,国泰科债,科创债ETF国泰,国泰基金管理有限公司,SSE,bond,债券,bond,,,bond-credit,信用债,2025-09-24,2026-09-28,239
551900,科创债指,科创债ETF招商,招商基金管理有限公司,SSE,bond,债券,bond,,,bond-credit,信用债,2025-07-17,2026-09-28,288
