date,close,deviation60Pct,signal60,deviation120Pct,signal120,forwardReturn5Pct,forwardReturn10Pct,forwardReturn20Pct,forwardReturn60Pct,maxForwardGain20Pct,maxForwardDrawdown20Pct
1973-04-05,112.019997,-10.189579,bottom,-13.367248,,3.137202,1.883599,-1.013868,-11.200832,3.186931,-3.722548
1973-04-25,109.370003,-9.079623,,-14.547403,bottom,-0.293013,1.06408,-6.888191,-1.557279,1.389775,-7.87236
1973-04-26,109.720001,-8.50234,,-14.097773,bottom,0.08199,0.545355,-5.094802,-1.811795,1.066349,-8.16624
1973-04-27,108.400002,-9.433267,,-15.163961,bottom,2.271061,0.643678,-3.025003,-0.101528,2.297046,-7.04797
1973-04-30,107.849998,-9.674494,,-15.515688,bottom,2.409318,-1.297204,-2.821062,1.234815,2.818731,-6.573942
1973-05-01,107.959999,-9.312405,,-15.253768,bottom,2.4792,-1.700181,-4.518881,1.11455,2.713968,-6.669134
1973-05-02,109.050003,-8.069143,,-14.088097,bottom,1.357093,-2.742449,-6.057881,0.283868,1.687296,-7.602018
1973-05-14,106.459999,-8.669836,,-15.255929,bottom,-5.502785,-1.523858,-1.581096,-0.310459,-0.300582,-5.354121
1973-05-15,106.139999,-8.706242,,-15.380809,bottom,-4.38139,-2.8187,-1.72,0.009423,-0.037687,-5.068775
1973-05-16,106.099998,-8.471388,,-15.243184,bottom,-3.852729,-3.315432,-2.42309,-0.73787,-0.857678,-5.032984
1973-05-17,105.190002,-9.061644,,-15.922313,bottom,-0.878461,-2.785856,-2.824965,-0.801764,-0.019017,-4.211427
1973-05-18,102.889999,-10.971104,bottom,-17.932914,bottom,2.191762,-2.081979,-2.081979,0.678031,2.215958,-2.070169
1973-05-21,100.760002,-12.749268,bottom,-19.806185,bottom,3.978927,0.938414,0.198292,2.53798,4.376733,0.009919
1973-05-22,101.589996,-11.641937,bottom,-18.775422,bottom,1.56269,0.10822,-0.394511,1.678908,3.523971,-0.807166
1973-05-23,102.089996,-10.892018,bottom,-18.076061,bottom,0.537297,0.469075,-1.669252,1.574379,3.016948,-1.655397
1973-05-24,104.269997,-8.542546,,-15.769086,bottom,-1.907395,-0.528868,-3.196218,-1.546371,0.863145,-3.711514
1973-05-25,105.169998,-7.472143,,-14.719766,bottom,-4.273741,-2.04608,-5.612419,-2.942945,-0.304269,-5.457828
1973-05-29,104.849998,-7.552205,,-14.825351,bottom,-3.040513,-0.057239,-4.776065,-3.404958,-0.057222,-5.169288
1973-05-30,103.190002,-8.891877,,-16.20891,bottom,-1.45447,1.0987,-2.920419,-0.641655,1.550536,-3.643766
1973-05-31,102.639999,-9.141138,,-16.525818,bottom,-0.068223,0.892342,-1.452426,-0.234099,2.094701,-3.127435
1973-06-01,102.300003,-9.176407,,-16.634523,bottom,1.378527,-0.039109,-1.298719,0.594515,2.434015,-2.805477
1973-06-04,100.769997,-10.365621,bottom,-17.904627,bottom,2.227661,0,-0.617158,2.179122,3.989287,-1.329757
1973-06-05,101.709999,-9.134276,,-16.74466,bottom,2.983274,-0.740123,-2.247064,2.024402,3.028219,-2.241666
1973-06-06,101.699997,-8.842142,,-16.524639,bottom,2.55317,-0.502731,-2.297577,2.226745,3.038352,-2.271384
1973-06-07,102.57,-7.697067,,-15.452388,bottom,0.960564,-2.138327,-3.058884,2.217602,2.164377,-3.100322
1973-06-08,103.720001,-6.305203,,-14.128801,bottom,-1.417636,-2.667349,-3.642477,1.701598,1.031623,-4.174703
1973-06-11,103.040001,-6.682566,,-14.57505,bottom,-2.227661,-3.566339,-1.821616,2.860479,1.69837,-3.542315
1973-06-15,102.260002,-6.479058,,-14.524577,bottom,-1.249713,-1.25961,1.65838,3.374828,1.672207,-2.806574
1973-06-18,100.769997,-7.718678,,-15.778535,bottom,-1.338678,-0.617158,3.768522,4.425764,3.840432,-1.369453
1973-06-19,100.959999,-7.307899,,-15.375795,bottom,-0.995429,-1.506942,4.65425,4.493397,4.764261,-1.555071
1973-06-20,101.190002,-6.859901,,-14.935752,bottom,-0.963218,-1.794846,5.133277,4.709929,5.267313,-1.778835
1973-06-21,100.400002,-7.389758,,-15.49564,bottom,0.754124,-0.920557,7.000165,5.682077,7.250995,-1.005978
1973-06-22,100.989998,-6.554525,,-14.676705,bottom,-0.009897,-0.975128,6.479225,5.124383,6.693734,-1.584314
1973-06-25,99.43,-7.820904,,-15.982341,bottom,0.72152,1.744723,8.535894,8.18437,8.910792,-0.04023
1973-06-26,99.959999,-7.017643,,-15.197388,bottom,-0.511512,2.694467,8.831941,8.437354,9.233697,-0.570228
1973-06-27,100.220001,-6.515571,,-14.68508,bottom,-0.831628,2.901031,8.55385,8.81914,8.95031,-0.82818
1973-07-02,100.150002,-6.005863,,-13.993701,bottom,1.023203,4.38568,8.137058,9.943185,9.196205,-0.758864
1973-07-03,99.449997,-6.490456,,-14.429914,bottom,3.205979,6.161192,7.438805,11.230468,9.96481,-0.060329
1973-07-05,99.389999,-6.320923,,-14.21825,bottom,3.73266,6.928123,7.359043,11.227886,10.031192,0.090556
1973-07-06,99.480003,-5.988794,,-13.86169,bottom,3.506354,7.920722,7.118852,10.930325,9.931641,0.532769
1973-11-20,96.580002,-11.596517,bottom,-9.350362,,-1.712656,-7.35665,-6.789894,-5.973196,0.766202,-7.724165
1973-11-21,97.32,-10.746065,bottom,-8.559966,,-2.813562,-6.418241,-7.519937,-6.912499,-0.020547,-8.425809
1973-11-23,97.300003,-10.666744,bottom,-8.545845,,-3.973062,-5.253822,-8.333699,-6.080455,-2.425489,-8.406989
1973-11-26,94.129997,-13.827047,bottom,-11.798528,,-2.321433,-0.628761,-5.975518,-2.10421,0.860518,-5.800488
1973-11-27,93.07,-14.777419,bottom,-12.856245,,-1.635743,-0.93918,-3.143331,-0.150537,2.009243,-4.727626
1973-11-28,94.940002,-12.624835,bottom,-10.797766,,-5.643994,-4.447575,-3.964215,-2.366093,-0.337055,-6.604175
1973-11-29,94.620003,-12.785758,bottom,-11.069026,,-3.604679,-5.988509,-3.156464,-1.60873,-1.14141,-6.288316
1973-11-30,93.510002,-13.766431,bottom,-12.160101,,-1.280761,-4.237835,-1.421671,0.586445,0.032081,-5.175921
1973-12-03,91.970001,-15.193009,bottom,-13.723112,,1.692671,-3.13665,0.607045,2.554881,1.707078,-3.58813
1973-12-04,91.559998,-15.410858,bottom,-14.075077,bottom,0.696563,-1.098188,2.821338,2.683212,2.861515,-3.1564
1973-12-05,89.730003,-17.179195,bottom,-15.994886,bottom,1.196419,0.566757,4.755283,4.435969,4.959319,-1.181327
1973-12-06,91.269997,-15.25733,bottom,-14.21798,bottom,-2.38383,-1.101697,3.446023,3.699747,3.506086,-2.848689
1973-12-07,92.32,-13.905055,bottom,-13.005656,,-2.957074,-3.079877,1.824669,2.987848,2.328858,-3.953641
1973-12-10,93.540001,-12.395184,bottom,-11.63217,,-4.829321,-5.346757,-1.442906,1.052807,0.994227,-5.206332
1973-12-11,92.199997,-13.616376,bottom,-13.010025,,-1.794751,-2.204151,-0.849584,3.170465,2.462044,-3.828632
1973-12-12,90.809998,-14.890786,bottom,-14.448278,bottom,-0.629662,0.483361,1.551611,5.422375,4.030397,-2.356568
1973-12-13,89.120003,-16.471754,bottom,-16.244918,bottom,1.282134,2.832045,3.614319,7.227891,6.00314,-0.504942
1973-12-14,89.629997,-15.597242,bottom,-15.592151,bottom,-0.122803,2.816164,3.766184,7.208976,5.399982,-1.071069
1973-12-17,89.129997,-15.832687,bottom,-16.063299,bottom,-0.517435,3.743696,5.839804,7.95507,6.013689,-0.516099
1973-12-18,90.559998,-13.935219,bottom,-14.3872,bottom,-0.4094,3.919526,5.78146,6.384124,5.951855,-2.087014
1973-12-19,90.239998,-13.975554,bottom,-14.65556,bottom,1.113023,4.188527,5.476688,5.529133,6.32757,-1.739805
1973-12-20,90.269997,-13.614953,bottom,-14.543491,bottom,1.549911,4.547719,4.558307,4.84367,6.292235,-1.772459
1973-12-21,89.519997,-14.098191,bottom,-15.298509,bottom,2.938966,4.904546,6.246286,5.888838,7.182753,-0.949507
1973-12-24,88.669998,-14.687267,bottom,-16.16688,bottom,4.261131,3.90385,7.692349,7.273762,8.210216,1.714226
1973-12-26,90.190002,-12.649763,bottom,-14.392878,bottom,4.328926,1.354567,5.835884,5.668393,6.386511,1.175294
1973-12-27,91.25,-11.146785,bottom,-13.154323,,3.075504,1.06825,4.44756,4.395132,5.150682,0.186299
1973-12-28,91.68,-10.341982,bottom,-12.608103,,2.997808,0.782274,3.57831,3.841067,4.657501,-0.283597
1974-05-17,81.93,-10.33409,bottom,-11.231812,,-0.587593,-1.042888,-0.477152,-17.437083,2.4289,-2.624193
1974-05-20,81.43,-10.735042,bottom,-11.738088,,-0.455417,0.416663,-0.221294,-19.132674,3.057838,-2.026282
1974-05-21,81.290001,-10.696765,bottom,-11.785865,,-1.875019,1.125392,-0.778018,-19.512309,3.235327,-1.85755
1974-05-22,80.720001,-11.171908,bottom,-12.362796,,-0.783543,3.026092,-1.083654,-20.34551,3.964317,-1.164522
1974-05-23,80.550003,-11.132959,bottom,-12.455314,,-0.435467,3.848029,-1.803885,-21.249292,4.183731,-1.787712
1974-05-24,81.449997,-9.782765,bottom,-11.248063,,-0.455295,2.987464,-3.206162,-21.458599,3.032537,-3.15531
1974-05-28,81.059998,-10.021409,bottom,-11.631988,,0.87208,2.773899,-2.132116,-22.203388,3.528252,-2.689366
1974-05-29,79.779999,-11.351968,bottom,-13.132565,,3.000411,4.077185,-1.910849,-22.68166,5.18927,-1.892708
1974-05-30,80.089996,-10.691136,bottom,-12.642292,,3.809635,3.857702,-4.155574,-24.686503,4.782123,-4.070414
1974-05-31,80.199997,-10.274491,bottom,-12.393846,,4.283496,3.14214,-5.43166,-24.234161,4.638406,-5.286781
1974-06-27,76.830002,-9.63883,,-14.925219,bottom,-4.335788,-6.938344,-5.346723,-25.293344,-1.132374,-9.124043
1974-06-28,75.959999,-10.458613,bottom,-15.895183,bottom,-6.809055,-5.381852,-6.064932,-25.538498,-0.750395,-8.083201
1974-07-01,75.389999,-10.885421,bottom,-16.490968,bottom,-6.578619,-5.116069,-5.577826,-24.921331,-1.008094,-7.388247
1974-07-02,73.809998,-12.668023,bottom,-18.443815,bottom,-5.557369,-1.501528,-5.314185,-24.329509,1.11096,-5.405769
1974-07-03,73.660004,-12.547449,bottom,-18.472738,bottom,-5.16793,-1.160669,-5.626449,-25.430566,1.316852,-5.471092
1974-07-05,73.57,-12.337653,bottom,-18.417747,bottom,-2.602556,-0.231337,-5.835044,-27.879596,1.440801,-5.668069
1974-07-08,70.959999,-15.570368,bottom,-21.821316,bottom,1.427202,3.408003,-1.834654,-24.609374,5.171925,-2.198418
1974-07-09,70.589996,-15.706474,bottom,-22.1182,bottom,1.46255,5.310503,-0.085031,-23.744707,5.723192,-1.685784
1974-07-10,69.82,-16.406981,bottom,-22.967427,bottom,4.055842,6.662204,2.629128,-24.095377,6.88914,-0.601544
1974-07-11,69.949997,-15.807235,bottom,-22.540455,bottom,4.007262,4.964082,1.009904,-23.754261,6.690494,-0.786269
1974-07-12,71.68,-12.976045,bottom,-19.880301,bottom,2.371218,1.591621,-1.390762,-23.673297,4.115509,-3.180802
1974-07-15,71.980003,-12.171256,bottom,-19.240258,bottom,1.9808,-0.68308,-2.276342,-24.87179,3.68157,-3.584331
1974-07-16,71.629997,-12.275,bottom,-19.496968,bottom,3.847952,-0.461757,-4.001955,-21.851235,4.188189,-3.922934
1974-07-17,72.709999,-10.416465,bottom,-17.781007,bottom,2.606362,-3.812657,-7.80619,-20.674049,2.640625,-7.509282
1974-07-18,72.809998,-9.955054,bottom,-17.426606,bottom,0.956821,-4.465781,-8.495335,-18.653313,2.499656,-8.144486
1974-07-19,73.400002,-8.866813,,-16.411447,bottom,-0.779597,-5.603707,-10.839267,-17.315393,1.675743,-10.272481
1974-07-22,73.419998,-8.576986,,-16.180318,bottom,-2.66388,-5.242657,-11.981112,-17.878649,1.648051,-11.291203
1974-07-23,74.440002,-6.951124,,-14.600266,bottom,-4.309709,-5.395533,-12.459015,-19.600971,0.255232,-12.506723
1974-07-24,74.629997,-6.44883,,-14.148785,bottom,-6.419019,-4.033076,-13.938682,-18.476318,-1.50073,-13.010853
1974-07-25,73.510002,-7.681026,,-15.460626,bottom,-5.422601,-3.954179,-14.496525,-15.82629,-0.925045,-13.494765
1974-07-26,72.830002,-8.299146,,-16.194955,bottom,-4.824109,-2.982383,-15.184206,-13.206137,-1.579022,-14.087604
1974-07-29,71.489998,-9.808487,bottom,-17.847722,bottom,-2.578777,-1.593262,-12.737568,-10.848937,0.265775,-12.477267
1974-07-30,71.300003,-9.732264,,-17.904554,bottom,-1.085824,-3.540197,-13.429309,-11.743248,0.532955,-12.566623
1974-07-31,69.989998,-11.218674,bottom,-19.535717,bottom,2.385943,-3.993533,-11.430641,-11.158709,2.414634,-10.93013
1974-08-01,69.629997,-11.371205,bottom,-19.830119,bottom,1.468422,-4.029554,-12.627437,-10.19673,2.944138,-11.862701
1974-08-02,69.400002,-11.352376,bottom,-19.947464,bottom,1.841727,-5.23556,-10.680252,-10.472033,3.285301,-11.570609
1974-08-05,69.669998,-10.617476,bottom,-19.354076,bottom,0.985515,-6.738455,-13.486505,-9.005632,2.885033,-12.616617
1974-08-06,70.529999,-9.093973,,-17.934362,bottom,-2.454374,-7.063482,-17.934849,-8.349877,1.630514,-16.418543
1974-08-07,71.68,-7.228172,,-16.133839,bottom,-6.379475,-9.905606,-17.420723,-9.429224,-1.381135,-17.759486
1974-08-08,70.660004,-8.390637,,-17.365807,bottom,-5.497977,-10.542347,-15.193598,-8.256981,0.042455,-16.572321
1974-08-09,70.690002,-8.069753,,-17.123603,bottom,-7.077287,-12.201823,-17.451512,-8.978015,-0.46683,-16.607726
1974-08-12,70.360001,-8.251482,,-17.380718,bottom,-7.72397,-11.144306,-17.659607,-6.412175,-2.188745,-16.2166
1974-08-13,68.82,-10.178175,bottom,-19.361068,bottom,-4.609108,-9.889112,-15.463516,-4.017437,-2.281313,-14.34176
1974-08-14,67.25,-12.175256,bottom,-21.412256,bottom,-3.52613,-7.437108,-15.298657,-0.911203,-0.55019,-14.185875
1974-08-15,66.879997,-12.410277,bottom,-21.70515,bottom,-5.04437,-8.597883,-16.583144,-0.554758,-1.525115,-15.281097
1974-08-16,65.860001,-13.61951,bottom,-22.96835,bottom,-5.124536,-5.444691,-14.02783,1.297349,-0.212571,-13.969026
1974-08-19,65.129997,-14.392999,bottom,-23.791597,bottom,-3.420336,-6.74805,-12.078148,0.352523,0.905887,-13.004756
1974-08-20,65.720001,-13.142013,bottom,-22.600614,bottom,-5.280003,-10.871367,-12.289349,-1.132373,-1.21729,-13.78576
1974-08-21,64.919998,-14.007222,bottom,-23.530287,bottom,-3.910978,-7.515117,-8.684332,0.184676,-2.048672,-12.72335
1974-08-22,63.59,-15.715202,bottom,-25.293286,bottom,-3.553513,-4.651252,-5.97797,1.281273,-1.022176,-10.89794
1974-08-23,62.57,-16.939047,bottom,-26.58272,bottom,-0.320155,-5.249689,-4.762415,-0.770098,0.591336,-9.445421
1974-08-26,62.939999,-15.960585,bottom,-25.664042,bottom,-3.327714,-6.515301,-6.735997,-3.24562,-0.810293,-9.977755
1974-08-27,62.34,-16.494513,bottom,-26.291629,bottom,-5.591364,-5.574404,-5.914195,-2.583619,0.14437,-9.111325
1974-08-28,62.43,-15.91085,bottom,-25.810325,bottom,-3.604139,-7.861548,-7.584684,-1.517135,-0.09611,-9.242352
1974-08-29,61.369999,-17.147685,bottom,-27.166418,bottom,-1.097739,-7.985261,-7.17668,1.134168,1.629461,-7.674758
1974-08-30,62.369999,-15.053666,bottom,-25.203538,bottom,-4.929534,-8.583139,-11.3643,-1.112464,-2.388966,-10.742345
1974-09-03,60.880001,-16.945439,bottom,-27.252693,bottom,-3.187587,-5.330098,-9.288214,2.865897,-0.295664,-8.86991
1974-09-04,58.950001,-19.588246,bottom,-30.081951,bottom,0.016959,-1.417982,-5.724827,6.326542,2.968617,-5.886346
1974-09-05,60.220001,-16.917926,bottom,-27.569795,bottom,-4.257409,-1.169215,-9.303781,4.433623,0.797077,-8.884095
1974-09-06,60.700001,-15.599175,bottom,-26.411049,bottom,-6.887522,-1.326718,-9.570566,1.569171,-1.317956,-9.604616
1974-09-09,59.369999,-17.25232,bottom,-28.252839,bottom,-3.653605,0.487275,-4.831023,1.885433,0.892711,-7.579586
1974-09-10,58.970001,-17.364733,bottom,-28.547404,bottom,-2.142511,-0.220696,-4.935841,2.412579,1.577074,-6.952692
1974-09-11,58.959999,-16.843804,bottom,-28.176975,bottom,-1.434941,-0.339791,-2.385764,-0.067867,1.594305,-6.936907
1974-09-12,57.709999,-18.422824,bottom,-29.91661,bottom,3.088195,0.276864,2.430798,0.862669,3.794841,-4.921158
1974-09-13,56.66,-19.680851,bottom,-31.337717,bottom,5.560804,0.808581,6.425165,2.182159,6.636072,-3.159197
1974-09-16,57.240002,-18.114644,bottom,-29.909573,bottom,4.140879,-2.781161,7.551704,2.620834,7.844161,-4.140466
1974-09-17,57.720001,-16.758589,bottom,-28.679808,bottom,1.921814,-3.958117,6.18061,2.649953,6.947329,-4.937634
1974-09-18,58.119999,-15.559739,bottom,-27.61188,bottom,1.09515,-4.306845,5.147393,2.111079,6.211288,-5.591879
1974-09-19,59.52,-12.691583,bottom,-24.874709,bottom,-2.81133,-8.134567,4.146695,-0.505305,4.233872,-7.812503
1974-09-20,59.900002,-11.601059,bottom,-23.888322,bottom,-4.752223,-8.243848,4.648205,-1.768472,4.757927,-8.397333
1974-09-23,59.66,-11.576215,bottom,-23.934526,bottom,-6.922041,-5.318297,6.740484,-0.807812,6.972846,-8.028832
1974-09-24,58.84,-12.533308,bottom,-24.951824,bottom,-5.879931,-4.715145,8.624629,1.333692,9.007477,-6.747113
1974-09-25,58.759998,-12.252936,bottom,-24.721725,bottom,-5.401995,-2.045973,7.600256,1.184248,9.15589,-6.620149
1974-09-26,57.869999,-13.378374,bottom,-25.883669,bottom,-5.323237,2.153933,7.856616,1.372939,10.83463,-5.184033
1974-09-27,57.119999,-14.265277,bottom,-26.822873,bottom,-3.491625,5.616585,9.607387,1.287201,12.289917,-3.939076
1974-09-30,55.669998,-16.382686,bottom,-29.008401,bottom,1.603743,10.332866,11.572519,4.633226,15.21466,-1.437038
1974-10-01,55.48,-16.330374,bottom,-28.96437,bottom,1.164786,10.138727,13.769088,5.947891,15.609228,-1.099496
1974-10-02,55.669998,-15.607091,bottom,-28.238134,bottom,3.356022,9.454239,15.3098,5.367959,16.543918,-1.437038
1974-10-03,54.869999,-16.670917,bottom,-29.294886,bottom,7.47717,12.281262,17.295281,6.883491,18.881,0.528524
1974-10-04,55.16,-15.7628,bottom,-28.368456,bottom,9.10821,12.892053,16.507183,8.1102,18.255989,1.758523
1974-10-07,56.57,-12.847992,bottom,-25.455132,bottom,8.729123,12.058781,13.30452,7.046491,15.308474,-0.777795
1974-10-08,56.130001,-13.217311,bottom,-25.838088,bottom,8.973941,13.339774,16.183274,8.696681,17.566358,2.565471
1974-10-09,57.57,-10.317731,bottom,-22.928872,bottom,6.098216,9.646229,13.831844,6.993045,14.834117,2.709747
1974-10-10,59.130001,-7.288814,,-19.89615,bottom,4.804093,5.702683,11.956656,4.562018,12.700826,2.181629
1974-10-11,60.419998,-4.805433,,-17.413459,bottom,3.783843,3.990802,9.60322,1.771703,10.294607,1.274413
1974-10-14,61.73,-2.353163,,-14.975791,bottom,3.329659,1.239653,7.773475,1.031434,8.083593,-0.874779
1974-10-15,61.400002,-2.571693,,-15.225029,bottom,4.365832,3.630361,6.25006,3.661768,8.664494,-0.342024
1974-10-16,61.189999,-2.563156,,-15.275243,bottom,3.548013,5.855561,6.009583,3.453329,9.037429,1.38912
1975-01-29,69.080002,10.397823,top,11.219155,,2.840002,3.569007,4.873497,12.961519,6.81818,-0.130289
1975-01-30,68.989998,10.150531,top,11.111725,,3.51763,5.485268,5.649791,12.633059,6.957535,1.145095
1975-01-31,69.779999,11.18783,top,12.258143,,1.902121,4.866737,5.641776,10.905105,5.80396,0.501574
1975-02-03,70.730003,12.41674,top,13.584606,,0.127158,2.430284,4.802904,10.47382,4.920112,-0.848305
1975-02-04,70.129997,11.47175,top,12.693821,,0.993204,3.832645,5.236223,12.250908,5.81777,0.983891
1975-02-05,71.07,12.681749,top,13.968778,,0.729005,3.470797,4.08051,12.148146,4.418178,-0.351766
1975-02-06,71.459999,13.102895,top,14.440553,top,1.967638,3.208539,4.031812,12.703821,4.114193,-0.895605
1975-02-07,71.120003,12.472942,top,13.88296,,2.964616,2.800677,5.151817,12.773206,5.286831,-0.421827
1975-02-10,70.82,11.895305,top,13.391607,,2.303126,1.749642,5.787987,13.812754,5.95877,0.014123
1975-02-11,70.830002,11.756072,top,13.326253,,2.83944,1.971121,4.553761,14.789896,5.943808,1.072984
1975-02-12,71.589996,12.633495,top,14.28604,top,2.741793,1.30449,4.225697,14.571423,4.819115,0.670489
1975-02-13,72.879997,14.134762,top,15.933581,top,1.240902,0.164523,4.283975,12.155693,4.377062,-1.111413
1975-02-14,73.260002,14.330564,top,16.315348,top,-0.163938,0.775039,4.026485,11.696365,4.108646,-1.624355
1975-02-18,72.470001,12.939115,top,15.095582,top,-0.553484,2.37262,4.992627,13.458303,5.243543,-0.551955
1975-02-19,72.870003,13.192125,top,15.506505,top,-0.868319,1.403578,3.770469,12.763022,4.665835,-1.09785
1975-02-20,73.580002,13.861817,top,16.313205,top,-1.437302,0.609713,2.946111,11.369751,3.655878,-2.052191
1975-02-21,73.790001,13.832219,top,16.446062,top,-1.076379,0.823273,2.84569,10.537403,3.360883,-2.330941
1975-02-24,73.139999,12.675724,top,15.398206,top,0.938977,2.351139,1.734929,11.21463,4.27946,-1.462947
1975-02-25,72.07,10.962471,top,13.750234,,2.926103,4.038345,3.08768,11.619378,5.827663,0.235879
1975-02-26,72.239998,10.958631,top,13.82649,,2.271897,2.582639,4.493313,12.134504,5.578625,0.401441
1975-02-27,72.529999,11.07983,top,14.070549,,2.047015,2.921207,4.909871,13.025156,5.156484,0.648009
1975-02-28,73,11.40537,top,14.536367,top,1.899652,4.119452,3.579023,12.221761,4.479447,1.136989
1975-03-03,73.830002,12.193123,top,15.470958,top,1.412162,3.251445,2.130729,10.471018,3.304883,0.094812
1975-03-04,74.209999,12.317332,top,15.783601,top,1.112242,2.620007,1.882194,9.71338,2.775903,-0.41773
1975-03-05,73.900002,11.50095,top,15.152335,top,0.310742,2.366891,1.410834,11.733183,3.20703,0.17591
1975-03-06,74.029999,11.269669,top,15.10043,top,0.874192,2.336399,0.941126,12.491677,3.025798,0.135078
1975-03-07,74.400002,11.374886,top,15.374588,top,2.2198,2.022417,-0.080685,12.302611,2.513434,-0.362909
1975-03-10,74.879997,11.626922,top,15.793774,top,1.839284,-0.61621,-0.468508,11.540609,1.856303,-1.001603
1975-03-11,75.040001,11.449106,top,15.786951,top,1.507765,-0.950665,0.478598,11.564853,1.63912,-1.212691
1975-03-12,74.129997,9.858363,top,14.377033,top,2.056148,1.910674,2.175021,13.41214,2.88682,0.269802
1975-03-13,74.68,10.205557,top,14.924583,top,1.462207,1.988664,2.159164,11.772354,2.182642,-0.468664
1975-03-14,76.07,11.633148,top,16.556384,top,-0.197383,-0.54043,1.642804,9.199436,1.656372,-2.287364
1975-03-17,76.269997,11.486997,top,16.593881,top,-2.455493,-1.120716,1.612736,9.176387,1.62581,-2.543588
1975-03-18,76.18,10.959924,top,16.251379,top,-2.45843,-0.737813,2.360986,8.562113,2.389078,-2.428457
1975-03-19,75.669998,9.874055,top,15.350845,top,-0.145475,-0.956057,3.365489,9.76262,3.422762,-1.770842
1975-03-20,75.779999,9.584607,top,15.256802,top,0.526458,-1.395273,2.989958,10.310148,3.272636,-1.91343
1975-03-21,75.919998,9.343823,top,15.182325,top,-0.343046,-2.103101,4.077989,9.432783,4.162281,-2.094305
1975-03-27,76.18,8.148478,,14.516034,top,-1.92173,0.170499,3.17815,11.857029,3.806775,-2.415337
1975-04-16,78,6.588416,,14.437261,top,0.307217,0.689923,6.10469,11.149547,6.294876,-0.23077
1975-04-17,78.260002,6.600369,,14.576936,top,-0.243079,1.282306,5.627065,11.251604,5.941734,-0.562232
1975-04-21,79.080002,6.995305,,15.228531,top,-1.016789,2.571603,3.613724,9.992083,4.843199,-1.593326
1975-04-22,78.540001,6.013098,,14.361028,top,-0.92096,2.849263,4.091365,10.379316,5.564047,-0.916732
1975-05-02,80.25,6.504873,,15.248212,top,3.152281,2.692402,4.424041,2.971,4.523361,0.697816
1975-05-05,81.139999,7.393481,,16.176887,top,1.419509,1.042121,3.630602,2.302592,3.697313,-0.406707
1975-05-06,80.809998,6.771862,,15.582986,top,1.887775,1.242102,3.91922,2.902649,4.12078,0.173245
1975-05-07,81.309998,7.157449,,16.003213,top,1.948675,-0.443734,3.540086,0.380538,3.603493,-0.442751
1975-05-08,82.120003,7.900432,,16.789258,top,0.812567,-0.684271,3.176004,-1.397937,3.226977,-1.424751
1975-05-09,82.82,8.502875,,17.417324,top,-0.459879,-0.241776,1.426629,-3.252022,2.3545,-2.257912
1975-05-12,82.300003,7.666853,,16.545731,top,-0.377388,0.23059,1.327718,-2.534903,3.001207,-1.640348
1975-05-13,82.349998,7.529029,,16.350872,top,-0.645673,-0.450308,1.506506,-3.409003,2.938674,-1.700063
1975-05-14,82.910004,7.979201,,16.764869,top,-2.392408,-1.372303,0.096437,-4.136993,2.243388,-2.364017
1975-05-15,82.790001,7.618614,,16.367182,top,-1.496838,0.373739,0.770067,-4.117944,2.391588,-2.222495
1975-05-16,82.440002,7.002666,,15.702325,top,0.218103,1.731639,1.886508,-3.505671,2.826291,-1.807382
1975-05-19,81.989998,6.277669,,14.915054,top,0.607979,2.588481,1.74107,-3.601086,3.390656,-1.268449
1975-05-20,81.82,5.882414,,14.481573,top,0.195365,2.677118,1.996559,-4.206027,3.605472,-1.063313
1975-05-23,82.620003,6.246105,,14.7774,top,1.513536,1.668405,3.741744,-7.500219,3.812629,-1.016708
1975-05-27,82.489998,5.885058,,14.363133,top,1.980502,1.097128,4.434114,-8.827957,4.53389,-0.860709
1975-05-30,83.099998,6.089227,,14.294695,top,1.989698,0.396328,4.009973,-7.831939,4.091458,-0.132371
1975-06-02,83.879997,6.813739,,14.928945,top,0.154869,0.154869,3.675077,-9.58945,3.743442,-1.061039
1975-06-03,84.139999,6.916267,,14.946119,top,-0.883374,-0.847411,2.569511,-9.427672,3.422863,-1.366771
1975-06-04,84.040001,6.6031,,14.542732,top,-0.524939,-0.680559,1.885957,-7.381516,3.545925,-1.249409
1975-06-05,84.239998,6.646078,,14.495507,top,-1.494975,0.367327,2.30003,-6.409539,3.300094,-1.483856
1975-06-06,84.769997,7.048538,,14.83094,top,-1.593371,0.552912,0.97436,-8.46441,2.654241,-2.099798
1975-08-20,75.519997,-10.154436,bottom,-6.613661,,1.380787,3.397659,-0.984702,4.783133,4.6213,-2.304023
1975-09-16,73.779999,-9.899782,bottom,-9.241041,,2.885591,0.742699,5.805412,1.972823,5.977235,0.027113
1976-01-30,87.050003,9.488736,top,10.979738,,0.229486,2.170412,3.61009,3.310476,5.789768,0.22975
1976-02-02,87.279999,9.542723,top,11.161581,,0.628182,1.749052,3.667042,3.401617,5.510996,-0.034371
1976-02-03,87.379997,9.447583,top,11.187629,,0.650204,2.095095,3.143037,3.563583,5.390249,-0.148772
1976-02-04,88.449997,10.429328,top,12.298127,,0.270978,1.892662,1.347583,1.82608,4.115319,-1.356695
1976-02-05,88.019997,9.721379,top,11.710263,,0.972309,3.35152,1.633936,1.163402,4.623949,-0.874797
1976-02-11,88.690002,9.726065,top,11.984185,,1.621684,3.064517,2.801736,1.488466,3.833571,0.146575
1976-02-12,88.879997,9.737705,top,12.066604,,2.379211,1.54073,2.346247,1.86151,3.61161,-0.067504
1976-02-13,88.959999,9.614179,top,12.028446,,2.607346,1.439678,0.85069,1.815697,3.518432,-0.157373
1976-02-18,89.230003,9.454022,top,12.064881,,3.154898,1.047941,0.981381,1.10338,3.205192,0.268965
1976-02-19,90.139999,10.214436,top,12.952345,,1.442833,-0.545079,-0.656685,-0.400179,2.163298,-0.743286
1976-02-20,91.019997,10.918052,top,13.797562,,-0.838481,-1.717584,-1.639376,-1.695236,1.175566,-1.702917
1976-02-23,91.309998,10.968357,top,13.974722,,-1.167669,-1.478399,-1.790098,-1.968653,0.854232,-2.015109
1976-02-24,91.730003,11.159383,top,14.290488,top,-1.305776,-1.926206,-1.504782,-2.74081,0.392448,-2.463755
1976-02-25,92.089996,11.28145,top,14.535972,top,-2.106956,-2.073693,-1.267634,-2.819257,-0.694972,-2.845038
1976-02-26,91.449997,10.325267,top,13.695621,,-1.987912,-0.262781,-0.856582,-2.278353,-0.262436,-2.165113
1978-05-12,119.400002,9.84809,top,12.538568,,1.801101,0.384519,4.013834,8.881742,4.195982,0.33501
1978-05-15,119.800003,9.911348,top,12.735054,,1.76234,0.166803,3.639145,9.424721,3.848081,0
1978-05-16,120.779999,10.4418,top,13.408824,,0.157189,-0.448097,3.041535,8.564435,3.088262,-0.811389
1978-05-17,121.839996,11.011998,top,14.139921,,-1.688497,-1.238764,1.910399,8.009324,2.191403,-1.674322
1978-05-18,121.660004,10.56635,top,13.855643,,-1.523968,-0.519186,1.654816,8.240461,2.342593,-1.528851
1978-05-19,121.57,10.197239,top,13.643968,,-1.416583,0.435014,1.10435,8.193281,2.418362,-1.455949
1978-05-22,121.93,10.201417,top,13.792607,,-1.595537,0.751697,0.081979,8.517123,2.11597,-1.746902
1978-10-26,118,-11.819476,bottom,-7.549588,,-2.89751,-3.553939,-1.563,6.130235,-1.550849,-6.033901
1978-10-27,115.25,-14.00461,bottom,-9.895895,,0.208025,-0.356386,0.622787,8.392633,0.798263,-3.791759
1978-10-30,112.400002,-16.290734,bottom,-12.366133,,2.35636,0.532387,2.807199,11.754573,3.354089,-1.352317
1978-10-31,111.120003,-17.195254,bottom,-13.464732,,1.527155,-0.216221,2.637686,13.389128,4.544632,-0.215988
1978-11-01,114.650002,-13.867676,bottom,-10.306262,,-1.458472,-2.839767,0.034884,10.049037,1.325771,-3.288272
1978-11-02,114.629997,-13.669639,bottom,-10.289808,,-0.656429,-2.133742,1.351728,9.861185,1.360905,-3.271395
1978-11-03,115.489998,-12.717939,bottom,-9.507665,,-0.56441,-1.570846,0.930802,8.566838,0.935148,-3.991688
1978-11-06,115.080002,-12.858328,bottom,-9.818939,,-1.823974,-0.496538,2.225653,8.874779,2.250605,-3.649639
1978-11-07,112.830002,-14.587019,bottom,-11.735489,,-1.743377,1.52164,4.860863,10.897003,4.98094,-1.728268
1978-11-08,112.989998,-14.20297,bottom,-11.537418,,-1.381295,2.084508,4.803554,9.572042,4.920794,-1.867422
1978-11-09,113.879997,-13.176338,bottom,-10.699908,,-1.477313,1.990938,4.204358,8.763319,4.293993,-2.634352
1978-11-10,114.839996,-12.088982,bottom,-9.820136,,-1.006436,0.979172,3.684339,6.701722,3.753052,-3.448275
1978-11-13,113,-13.424593,bottom,-11.390598,,1.327436,2.274812,4.752514,8.812436,5.442479,-1.876109
1978-11-14,110.879997,-15.022888,bottom,-13.22568,,3.265017,2.853907,6.333718,10.989571,7.458518,0.505055
1978-11-15,111.440002,-14.22856,bottom,-12.666439,,3.465803,2.874651,5.846867,10.719838,6.91852,0.690952
1978-11-16,112.209999,-13.247423,bottom,-11.926528,,3.468251,3.48547,4.530001,10.706124,6.184834,1.318959
1978-11-17,113.690002,-11.655802,bottom,-10.573007,,1.985608,2.501648,0.561355,9.17134,4.802532,0.351829
1978-11-20,114.510002,-10.658454,bottom,-9.815884,,0.947377,2.722191,0.19194,8.709141,4.052047,-0.366785
1978-11-21,114.559998,-10.343874,bottom,-9.729541,,-0.41111,3.339222,0.643877,9.176469,4.006638,-0.410266
1979-10-23,132.610001,-9.820922,bottom,-5.913751,,2.14115,2.273929,5.065211,16.334054,5.557647,0.08295
1980-03-17,139.699997,-10.615013,bottom,-6.219933,,-3.711553,-6.429992,-2.397882,10.534623,0.193274,-11.173945
1980-03-18,138.919998,-11.05307,bottom,-6.718381,,-4.716461,-4.249701,-2.300963,11.152489,0.755833,-10.67521
1980-03-19,139.970001,-10.190452,bottom,-5.907041,,-5.696091,-3.024489,-3.949222,11.220278,-0.235766,-11.345292
1980-03-20,139.639999,-10.315349,bottom,-6.085039,,-11.80606,-2.633931,-3.631457,11.583961,-0.601544,-11.13578
1980-03-21,138.800003,-10.797954,bottom,-6.627791,,-7.128556,-3.968198,-4.208361,12.308431,-0.756486,-10.597987
1980-03-24,134.610001,-13.694685,bottom,-9.60646,,-2.718439,-0.178456,0.813859,15.507357,2.332664,-7.815173
1980-03-25,132.520004,-15.06161,bottom,-11.070049,,0.466759,2.62153,3.266319,16.779094,3.946571,-6.36131
1980-03-26,132.220001,-15.08336,bottom,-11.188546,,2.671603,3.755542,4.777403,16.865266,4.89336,-6.148846
1980-03-27,124.089996,-21.167995,bottom,-17.375512,bottom,9.172129,10.443337,10.566671,23.517506,11.765659,4.158275
1980-03-28,129.25,-16.91196,bottom,-13.17864,,3.160357,5.582073,6.941053,19.869233,7.303677,1.353965
1980-03-31,131,-15.381584,bottom,-11.753477,,2.539983,4.03211,6.179147,19.207036,6.37405,1.587788
1980-04-01,133.139999,-13.592185,bottom,-10.098186,,2.154771,1.948738,5.016983,17.7503,5.144965,-0.045064
1980-04-02,135.800003,-11.451252,bottom,-8.095708,,1.083939,-0.924734,2.81708,15.885235,3.085421,-2.002946
1980-04-03,136.009995,-11.12596,bottom,-7.914592,,1.271208,-0.997526,3.069817,14.847328,3.117422,-2.154248
1980-04-07,133.399994,-12.84715,bottom,-9.823969,,2.421716,-0.240162,5.56914,17.03183,5.727136,-0.239874
1980-04-08,134.369995,-11.908157,bottom,-9.076981,,1.492127,0.992315,5.684828,16.943844,5.849521,-0.960031
1980-04-09,136.039993,-10.470613,bottom,-7.824812,,-0.206033,0.644789,5.394347,16.764764,5.542494,-2.175824
1980-04-17,134.550003,-10.252817,bottom,-8.987499,,3.030534,3.741814,8.590827,21.317955,8.970637,-1.092532
1980-04-18,134.660004,-9.904211,bottom,-8.910929,,2.392068,4.067343,8.931084,21.554008,9.342048,-1.173327
1980-04-21,133.080002,-10.790797,bottom,-10.086495,,4.020858,5.809303,10.111348,22.764201,10.640219,1.976259
1980-06-11,155.220001,9.360675,top,4.528766,,1.261181,2.24242,5.404685,17.880423,5.714467,0.05798
1980-06-13,156.589996,9.850949,top,5.343154,,-0.051103,1.640469,6.148455,16.585967,6.341406,-0.05109
1980-06-16,156.789993,9.777358,top,5.432514,,0.127486,0.629436,6.33859,17.250465,6.543791,-0.178582
1980-06-17,156.979996,9.685592,top,5.514517,,0.432246,0.755201,6.247409,18.11743,6.446688,-0.299402
1980-06-18,157.190002,9.555516,top,5.609173,,0.98124,1.258031,7.048885,18.735583,7.303261,-0.432603
1980-07-07,163.630005,10.025816,top,9.103967,,1.750764,4.101015,4.924692,13.755671,5.414655,-0.030559
1980-07-08,163.580002,9.704837,top,9.031074,,2.099101,3.726016,5.321102,14.771987,5.465217,0.15894
1980-07-09,164.089996,9.708749,top,9.296202,,1.817744,3.432406,5.547432,15.086312,5.704187,-0.152355
1980-07-11,164.820007,9.522145,top,9.65559,,3.088563,2.876561,6.494796,17.331164,6.710349,1.031426
1980-07-14,166.520004,10.19334,top,10.628289,,2.350251,2.080065,6.165556,16.386617,6.359594,0.318279
1980-07-15,167.050003,10.152783,top,10.898489,,1.626915,2.372117,5.570732,16.582379,6.022147,0.029933
1980-07-16,167.100006,9.807726,top,10.884702,,1.614662,3.081878,5.767027,16.729799,5.990421,0.939552
1980-07-17,168.669998,10.380926,top,11.770003,,0.738359,1.844507,5.809996,15.92617,5.982093,0.569163
1980-07-18,169.990005,10.798615,top,12.497936,,-0.212002,1.459965,5.660591,15.691168,5.823868,-0.211778
1980-07-21,170.479996,10.739821,top,12.72918,,-0.270186,0.823677,3.888681,15.478738,5.519711,-0.498587
1980-07-22,169.789993,9.987963,top,12.276494,,0.745202,1.595086,3.751129,16.090092,5.948528,-0.094227
1980-07-23,169.820007,9.666915,top,12.249399,,1.467216,2.115026,4.524504,15.327536,5.929803,-0.111885
1980-07-24,169.919998,9.395849,top,12.266006,,1.106147,3.082877,5.712902,14.909356,5.879241,-0.170665
1980-07-30,172.330002,9.497388,top,13.496767,,0.64781,2.685149,5.541924,12.773353,5.837636,-0.301749
1980-08-07,175.240005,9.294398,top,14.883692,top,1.98876,2.630025,5.749121,9.539314,5.917596,0.365213
1980-08-08,175.880005,9.344032,top,15.166489,top,2.254358,3.255499,4.757644,9.366509,5.532178,0.227424
1980-08-11,177.110001,9.724211,top,15.780661,top,0.073377,2.492533,4.271955,10.149669,4.799277,-0.468636
1980-08-12,176.619995,9.142912,,15.419296,top,-0.192687,3.214674,5.341144,9.365148,5.486356,-0.192502
1980-08-13,177.020004,9.061687,,15.552312,top,0.372139,2.856775,6.102994,8.906642,6.293074,-0.418035
1980-08-14,178.759995,9.712251,top,16.416173,top,0.641265,1.239772,5.876702,7.716413,6.052813,-1.387333
1980-08-15,179.889999,10.00248,top,16.928883,top,1.001141,0.902031,5.251828,8.075659,5.392182,-2.006782
1980-08-18,177.240005,8.219036,,15.337813,top,2.419156,2.836828,7.639036,10.965052,7.938384,-0.541642
1980-08-19,176.279999,7.402695,,14.691597,top,3.407362,4.573841,9.552675,12.749295,10.023825,0.794188
1980-08-20,177.679993,7.913344,,15.375112,top,2.484635,4.064194,8.586169,12.709471,9.156914,1.255072
1980-08-21,179.910004,8.864486,,16.496434,top,0.598507,3.119096,8.22337,11.377917,8.570951,0.600301
1980-08-22,181.699997,9.535043,top,17.342835,top,-0.099109,1.502145,7.545154,11.458585,7.837097,-0.390749
1980-08-25,181.580002,9.155362,,17.120668,top,0.417672,1.779423,7.155961,12.141122,7.90836,-0.324924
1980-08-26,182.389999,9.276886,top,17.382113,top,1.16648,2.126469,6.777492,12.415316,7.429137,-0.767583
1980-08-27,182.149994,8.822587,,17.055137,top,1.579559,3.246219,6.328538,12.338546,7.570688,-0.636831
1980-08-28,180.990005,7.886542,,16.214419,top,2.520589,4.63693,5.262672,12.075604,8.260123,0.292833
1980-08-29,181.520004,7.887321,,16.306893,top,1.601254,4.349796,2.32511,12.364214,7.944027,0.451736
1980-09-02,182.339996,8.043794,,16.554035,top,1.361751,4.802208,2.929147,12.713554,7.458597,1.157179
1980-09-03,184.529999,8.925842,,17.534868,top,0.959989,4.978833,2.721,12.04469,6.183278,-0.043354
1980-09-04,185.050003,8.902565,,17.597966,top,1.666661,4.521975,3.065208,10.19448,5.884896,-0.32424
1980-09-05,185.610001,8.90598,,17.653906,top,2.116341,5.104274,4.126795,9.304975,5.565434,-0.624968
1980-09-08,184.449997,7.993427,,16.783388,top,2.748542,6.043009,6.078724,10.514362,6.26728,0.211439
1980-09-09,184.839996,7.928519,,16.755126,top,3.440457,5.376539,5.949105,10.930752,6.129627,0.513956
1980-09-10,186.309998,8.432931,,17.298786,top,4.018844,4.651023,5.670504,8.589258,5.83436,-0.279107
1980-09-11,188.160004,9.117997,,18.024731,top,2.855315,3.082319,4.859778,4.015846,4.979802,-1.259572
1980-09-12,189.580002,9.556042,top,18.485458,top,2.987934,0.625743,4.239472,2.85474,4.330621,-1.999161
1980-09-15,189.589996,9.243966,,18.189387,top,3.294468,-2.024686,4.778749,2.082705,4.894772,-2.004327
1980-09-16,191.309998,9.812107,top,18.781463,top,1.936082,-1.873061,3.951021,-1.347175,4.030112,-2.885372
1980-09-17,193.949997,10.828075,top,19.785481,top,0.632179,-2.257833,2.786288,-1.417577,2.825468,-4.207272
1980-09-18,193.610001,10.308953,top,19.27356,top,0.227004,-1.456767,2.216863,0.211544,3.006039,-4.039051
1980-09-19,195.330002,10.844839,top,19.82284,top,-2.362191,-0.977479,0.973084,-1.782024,2.099007,-4.884047
1980-09-22,195.940002,10.805963,top,19.808516,top,-5.319153,0.035715,0.615633,-0.984723,1.781152,-5.180162
1980-09-23,195.050003,10.011356,top,19.046539,top,-3.809143,0.572567,0.720293,0.49097,2.245573,-4.747506
1980-09-24,195.179993,9.725374,top,18.807789,top,-2.890013,1.019481,1.383965,1.389023,2.177477,-4.810944
1980-09-25,194.050003,8.807635,,17.915113,top,-1.683772,1.777459,0.902892,2.915091,2.772476,-4.25664
1980-09-26,190.770004,6.807037,,15.921072,top,1.384712,3.613729,2.791308,4.654859,4.539492,-2.610479
1980-10-01,189.619995,5.502605,,14.540362,top,3.909494,5.044122,2.535873,5.249498,5.173504,0.627572
1980-10-02,190.809998,5.880383,,14.891181,top,3.461231,3.67363,0.886992,4.93366,4.51758,0.890937
1980-10-03,193.429993,6.970394,,15.966234,top,2.229018,1.950564,-0.336602,4.503378,3.101897,-0.475623
1980-10-06,196.009995,8.007662,,16.987193,top,1.448567,0.579918,-1.469859,3.774604,1.744808,-1.785623
1980-10-07,196.169998,7.8165,,16.758789,top,1.442372,0.147726,-0.071392,3.997135,1.661821,-1.865731
1980-10-08,197.179993,8.053621,,16.958775,top,1.134628,0.364484,-1.646499,3.434613,1.141089,-2.368394
1980-10-09,197.529999,7.952576,,16.81392,top,0.212399,-0.874568,-2.05613,-0.091163,0.961876,-2.541388
1980-10-10,197.789993,7.818427,,16.63608,top,-0.278454,-0.822421,-2.399761,-0.965255,0.829162,-2.669497
1980-10-13,198.869995,8.100176,,16.872852,top,-0.868649,-2.299063,-1.954918,-0.610292,0.28159,-3.198069
1980-10-14,199.020004,7.916548,,16.649433,top,-1.294646,-2.678509,-0.625005,-0.291854,0.206004,-3.271033
1980-10-15,199.429993,7.854035,,16.551475,top,-0.770144,-2.508248,0.410333,-0.694372,0.411176,-3.469888
1980-10-16,197.949997,6.855183,,15.514089,top,-1.086967,-2.786639,1.906439,0.569231,1.924727,-2.74817
1980-10-17,197.240005,6.249823,,14.87057,top,-0.543967,-2.287165,2.181462,1.314583,2.291619,-2.398099
1980-10-20,197.149994,5.956943,,14.545097,top,-1.430414,-2.049777,3.297797,1.998666,3.352777,-2.353538
1980-10-22,197.899994,5.859717,,14.366945,top,-1.738105,-2.010983,4.253859,0.413498,4.345632,-2.723598
1981-09-04,189.630005,-10.060072,bottom,-11.368949,,-0.005279,-2.791327,-1.981213,5.887666,0.094918,-7.699207
1981-09-08,184.789993,-12.343317,bottom,-13.879056,bottom,2.548558,-0.831413,0.582747,8.084586,2.7166,-5.281668
1981-09-09,184.770004,-12.049222,bottom,-13.812596,bottom,1.637226,-2.621051,2.147048,7.870538,2.727712,-5.271421
1981-09-10,187.550003,-10.291389,bottom,-12.245587,,-0.985914,-3.892432,1.828026,6.866225,1.844837,-6.675555
1981-09-17,185.710007,-10.033387,bottom,-12.835796,,-2.906518,-2.519223,2.204797,6.730778,3.343919,-5.750906
1981-09-18,184.270004,-10.531355,bottom,-13.516729,,-5.093067,0.054249,3.188437,6.002746,4.151513,-5.014384
1981-09-21,184.410004,-10.170897,bottom,-13.338924,,-5.220418,0.810115,2.865128,5.665819,4.072444,-5.086495
1981-09-22,183.259995,-10.498041,bottom,-13.853385,bottom,-2.626129,1.41416,4.257099,6.255509,4.725529,-4.490885
1981-09-23,179.990005,-11.984971,bottom,-15.527191,bottom,0.022217,4.768099,6.657128,8.368153,6.883715,-2.755712
1981-09-24,180.389999,-11.472119,bottom,-15.177245,bottom,0.387295,5.720458,6.461124,8.813329,6.674424,-2.97134
1981-09-25,175.119995,-14.111086,bottom,-17.998633,bottom,5.147316,8.821464,9.155511,11.452918,9.884649,-0.051391
1981-09-28,175.029999,-13.849843,bottom,-17.903936,bottom,6.030532,8.878094,8.736837,11.131885,9.94115,1.988228
1981-09-29,178.509995,-11.627189,bottom,-15.798627,bottom,4.040289,7.243402,7.602283,9.065999,7.898721,0.851495
1981-09-30,180.029999,-10.546467,bottom,-14.815597,bottom,4.745881,5.089603,7.344517,8.345936,7.620953,0.588789
1981-10-01,181.089996,-9.731289,,-14.092493,bottom,5.333163,4.724019,6.41105,7.472312,6.991001,1.811253
1982-10-07,195.589996,10.538322,top,10.096752,,4.625742,9.126295,14.012421,16.462061,15.041668,1.687204
1982-10-08,198.889999,11.934605,top,11.690024,,2.762049,7.923402,13.233026,15.243253,14.148524,1.644127
1982-10-11,202.309998,13.336616,top,13.300851,,2.10318,4.153551,11.400285,14.00778,12.218873,-0.074141
1982-10-12,202.160004,12.961011,top,13.139677,,2.597545,3.766702,12.984558,15.735374,13.865254,1.137714
1982-10-13,205.169998,14.117184,top,14.522516,top,2.659641,3.369032,11.602145,15.094964,12.301996,-0.34605
1982-10-14,204.850006,13.649966,top,14.277001,top,4.500553,3.369482,12.238825,16.226992,13.019281,-0.190383
1982-10-15,204.460007,13.157696,top,13.993853,,5.161354,3.91812,12.899084,16.380197,13.767971,1.051547
1982-10-18,206.610001,13.88349,top,14.938139,top,2.050371,3.757003,10.437264,16.185806,12.584096,0.421081
1982-10-19,207.479996,13.970312,top,15.249137,top,1.169157,4.785331,8.093214,15.999986,12.112013,1.176018
1982-10-20,210.699997,15.141631,top,16.667618,top,0.709391,5.570456,7.781323,15.339105,10.398673,-0.370194
1982-10-21,214.279999,16.404824,top,18.215589,top,-1.131071,4.886126,6.766039,14.267141,8.554229,-2.034721
1982-10-22,215.289993,16.438954,top,18.549018,top,-1.243234,5.309624,6.352489,13.598438,8.044966,-2.494308
1982-10-25,210.889999,13.977526,top,16.367622,top,1.706633,7.246734,6.826867,15.073752,10.299209,-0.459956
1982-10-26,209.919998,13.139589,top,15.801243,top,3.616174,9.217857,7.012917,15.856441,10.808881,0.928924
1982-10-27,212.199997,13.820185,top,16.769668,top,4.861066,8.233113,6.689205,13.951606,9.618287,-0.155515
1982-10-28,211.869995,13.256763,top,16.501244,top,6.017197,8.869343,7.617586,11.094738,9.789024,0.358715
1982-10-29,212.630005,13.189298,top,16.746007,top,6.552857,8.980965,7.15011,11.770464,9.396602,0.888868
1982-11-01,214.520004,13.619783,top,17.508417,top,5.540102,6.680261,7.966968,11.817655,8.432778,1.459067
1982-11-02,217.649994,14.568593,top,18.818246,top,5.601683,3.307883,7.920475,12.016429,8.242593,2.352405
1982-11-03,222.770004,16.350877,top,20.983862,top,3.372048,2.210867,5.845433,10.2965,6.019656,0.987564
1982-11-04,225.009995,16.786978,top,21.808665,top,2.852146,1.879914,5.259021,9.869424,5.399764,-0.017774
1982-11-05,227.029999,17.093789,top,22.512717,top,2.428107,1.042865,5.259402,8.895122,5.400165,-0.907368
1982-11-08,226.740005,16.378925,top,22.188191,top,1.140159,-0.419868,5.953956,9.075313,6.134775,-0.780632
1982-11-09,230.190002,17.28036,top,23.480726,top,-2.2938,-2.20494,4.464627,8.031335,4.565791,-2.267692
1982-11-10,230.410004,16.791262,top,23.35669,top,-1.161181,-1.543908,2.921196,8.817886,4.465949,-2.36101
1982-11-11,231.520004,16.704239,top,23.609995,top,-0.972232,-1.251757,1.001363,8.484219,3.965097,-2.82913
1982-11-12,232.610001,16.599708,top,23.845278,top,-1.385242,-1.830854,0.309053,7.648806,3.477923,-3.284467
1982-11-15,229.339996,14.657669,top,22.199778,top,-1.560027,1.286707,0.863967,9.176016,4.953345,-1.905466
1982-11-16,224.970001,12.271333,top,20.064732,top,0.08886,4.612593,0.319532,12.439413,6.992041,0.088899
1982-11-17,227.75,13.035543,top,21.070341,top,-0.382727,3.634566,-0.948499,11.942585,5.686058,-1.132822
1982-11-18,229.279999,13.253,top,21.505626,top,-0.279525,3.379108,-0.152771,12.060921,4.980809,-1.792568
1982-11-19,229.410004,12.885332,top,21.330085,top,-0.445612,4.216537,-0.669162,12.154887,4.921317,-1.848222
1982-11-22,225.789993,10.897327,top,19.520858,top,2.846734,6.373824,1.201842,13.749299,6.603483,-0.274589
1982-11-23,225.169998,10.221394,top,19.020259,top,4.523733,6.669567,2.573516,13.99724,6.897011,0.19097
1982-11-24,226.880005,10.575649,top,19.539681,top,4.017293,4.465105,2.373752,14.120967,6.091322,-0.564174
1982-11-26,228.639999,10.930054,top,20.065514,top,3.658632,2.25312,1.974773,12.537406,5.274667,-1.329598
1982-11-29,228.389999,10.423896,top,19.700521,top,4.662149,2.139908,1.654436,12.958844,5.389902,-1.221592
1982-11-30,232.309998,11.719455,top,21.131915,top,3.527089,-0.422741,-0.017217,12.145433,3.611553,-2.888378
1982-12-01,235.589996,12.681146,top,22.259409,top,2.145834,-4.29306,-1.84639,10.79295,2.169023,-4.240414
1982-12-02,236.179993,12.495416,top,22.226974,top,0.447811,-4.583065,-1.609113,9.86611,1.913796,-4.479629
1982-12-03,237.160004,12.475541,top,22.350775,top,-1.405512,-3.531879,-2.809381,9.892224,1.49266,-4.874345
1982-12-06,239.289993,12.91831,top,22.94721,top,-2.522241,-4.885698,-3.249174,9.599759,0.589245,-5.721086
1982-12-07,240.649994,13.028395,top,23.204269,top,-3.94983,-5.171982,-3.346461,9.717836,0.020778,-6.253891
1982-12-08,240.699997,12.607552,top,22.910226,top,-6.438895,-4.096051,-1.713811,9.97194,-1.437471,-6.273366
1982-12-09,237.240005,10.760411,top,21.16134,top,-5.030876,-2.091353,0.571623,11.212819,0.573259,-4.906424
1982-12-10,233.850006,8.953758,,19.441234,top,-2.126366,-0.278347,2.986804,11.808232,3.031856,-3.527902
1982-12-13,233.330002,8.367639,,18.948598,top,-2.363457,-0.485471,3.172059,12.750244,3.261475,-3.312903
1982-12-14,231.330002,7.155357,,17.828184,top,-1.222152,0.405524,4.884575,13.995169,5.005837,-2.476979
1982-12-15,225.690002,4.395111,,15.122476,top,2.342844,2.446671,7.58724,16.501036,7.882491,-0.039876
1982-12-16,225.600006,4.070275,,14.848649,top,2.939524,2.973952,8.506281,15.847259,8.878545,1.010638
1982-12-17,228.929993,5.22225,,16.063979,top,1.848019,0.722498,7.653873,14.347938,7.9544,-0.45865
1982-12-20,227.880005,4.461776,,15.362717,top,1.877986,1.636524,7.915111,14.96268,8.451814,0.280849
1982-12-21,228.520004,4.437713,,15.396498,top,1.627675,1.825521,7.045044,14.436327,8.148081,0.905825
1982-12-22,231.039993,5.214713,,16.234112,top,0.103827,2.382239,6.270008,13.717677,6.968493,-0.19477
1982-12-23,232.330002,5.43714,,16.523513,top,0.034429,2.662975,4.888649,13.657731,6.374552,-0.748937
1982-12-27,233.199997,5.466479,,16.622115,top,-1.125522,3.265151,1.502379,13.729785,5.977703,-1.119211
1982-12-28,232.199997,4.708919,,15.91679,top,-0.241462,3.65753,2.965917,14.807844,6.43411,-0.693368
1982-12-29,232.270004,4.406689,,15.677141,top,0.197846,4.479051,3.867904,15.189087,6.40203,-0.7233
1982-12-30,231.279999,3.661279,,14.988341,top,2.278413,5.140569,5.942344,15.80838,6.857489,-0.298341
1982-12-31,232.410004,3.846918,,15.212133,top,2.628547,5.532329,6.06018,14.676575,6.337935,-0.783102
1983-01-04,231.639999,3.01142,,14.366388,top,3.898992,6.278586,6.884894,15.612224,7.213783,0.470556
1983-01-05,232.729996,3.255561,,14.576386,top,4.281205,5.219523,6.467817,15.150153,6.711645,1.66717
1983-01-06,236.610001,4.654437,,15.954626,top,2.862157,3.887769,5.28052,12.729398,5.422426,0.050714
1983-01-07,238.600006,5.245574,,16.512577,top,2.903782,2.225674,5.325067,11.929062,5.4694,-0.783743
1983-01-10,240.940002,5.956196,,17.203022,top,2.540703,-1.762772,4.496052,10.071372,4.598656,-1.747326
1983-01-11,240.850006,5.652022,,16.883478,top,2.379594,-0.691613,4.167693,10.210001,4.63774,-1.710613
1983-01-12,242.910004,6.23824,,17.445543,top,0.938317,-0.611147,3.427474,9.866905,3.75036,-2.544155
1983-01-13,243.479996,6.210058,,17.386145,top,1.025612,0.801774,4.532641,10.638267,4.636935,-2.772302
1983-01-14,245.630005,6.835116,,17.960654,top,-0.678109,0.527851,4.384802,10.465598,4.482355,-3.62334
1983-01-17,247.139999,7.209526,,18.25421,top,-4.303474,0.488409,4.559819,11.019221,4.665378,-4.212189
1983-01-18,246.649994,6.78402,,17.736324,top,-3.071208,0.606307,4.908938,12.256023,5.031423,-4.021893
1983-01-19,245.199997,5.946602,,16.833137,top,-1.549465,1.248295,5.502413,13.841345,5.656611,-3.454324
1983-01-20,245.990005,6.008416,,16.843134,top,-0.223838,1.392751,5.153715,13.955506,5.31729,-3.764385
1983-01-21,243.970001,4.955531,,15.71434,top,1.205959,3.099394,6.858566,14.436517,7.099236,-2.96758
1983-01-27,245.440002,4.797361,,15.098983,top,1.616589,3.730867,6.696997,15.496515,6.926336,0.607069
1983-01-28,246.929993,5.230621,,15.366744,top,1.893434,3.856952,5.415043,15.423743,6.281136,0.494068
1983-01-31,248.350006,5.638185,,15.5961,top,1.46694,4.07141,5.281821,15.134535,5.673443,-0.080536
1983-02-01,248.149994,5.407772,,15.169794,top,1.181791,4.302631,5.964039,15.87399,6.145477,0.05239
1983-02-02,248.279999,5.307555,,14.874391,top,1.240862,4.254119,6.59648,16.582022,6.818911,0.467216
1983-02-03,249.440002,5.637509,,14.991539,top,2.114278,3.760965,6.405231,15.252287,6.614817,0.665492
1983-02-04,251.649994,6.369553,,15.52736,top,1.963517,3.759173,5.316129,14.063407,5.678525,-0.218553
1983-02-07,252.020004,6.371883,,15.338242,top,2.60447,2.801431,4.325376,15.138058,5.52337,-0.36505
1983-02-08,251.100006,5.875927,,14.640873,top,3.12084,3.479184,5.410492,16.895773,5.909994,0.111509
1983-02-09,251.380005,5.832351,,14.428503,top,3.013257,4.256124,5.683121,18.226854,5.847713,1.348556
1983-02-10,254.770004,6.962671,,15.443482,top,1.646687,2.96613,4.381155,17.221581,4.478545,0.733999
1983-02-11,256.640015,7.491573,,15.853112,top,1.795655,1.558091,2.956176,17.04711,3.717261,0.790991
1983-02-14,258.670013,8.073951,,16.322874,top,0.19696,1.21041,2.134245,15.781658,2.903305,0.12757
1983-02-15,259.059998,8.017711,,16.167195,top,0.358345,1.661408,2.138631,15.386388,2.748396,-0.02316
1983-02-16,259.070007,7.789863,,15.863476,top,1.242868,2.342361,1.888869,15.9732,2.744426,-0.027023
1983-02-17,259,7.527844,,15.525414,top,1.319443,2.644267,2.293954,14.562021,2.772198,0.069495
1983-02-18,261.290009,8.169675,,16.092108,top,-0.237564,1.556956,1.910516,14.154574,1.928883,-0.807538
1983-02-22,259.179993,7.147696,,14.975028,top,1.01345,1.523945,3.167152,15.789182,3.21784,0.312523
1983-02-23,259.98999,7.241709,,14.986911,top,1.303063,1.931308,3.503436,15.249546,3.565529,0.261557
1983-02-24,262.309998,7.923551,,15.576897,top,1.099493,1.426996,3.026437,14.605228,3.072699,-0.625208
1983-02-25,262.440002,7.788603,,15.324121,top,1.324823,1.415025,3.169039,14.654453,3.219788,-0.674436
1983-02-28,260.670013,6.943898,,14.355877,top,1.794521,1.398085,3.201353,16.476436,3.920666,0.441168
1983-03-01,261.820007,7.215231,,14.504773,top,0.510495,0.923835,2.619868,16.620168,3.464215,0.511801
1983-03-02,263.399994,7.652056,,14.809069,top,0.628244,0.477223,2.763291,16.737243,2.843592,-0.091112
1983-03-03,265.209991,8.169252,,15.192366,top,0.327503,-0.453491,2.085856,16.264146,2.141708,-0.772968
1983-03-04,265.940002,8.272161,,15.17017,top,0.090202,-0.350313,1.043647,14.919642,1.861327,-1.045348
1983-03-07,265.390015,7.873689,,14.675168,top,-0.396436,0.353559,1.287866,14.873697,2.072422,-0.840277
1983-04-21,286.839996,8.356085,,14.372889,top,1.384872,3.588447,5.421404,7.858282,6.100962,-0.090646
1983-04-22,288.549988,8.653257,,14.719258,top,1.550902,4.436596,5.071094,7.547109,5.472192,-0.682724
1983-04-28,290.839996,8.406252,,14.636926,top,2.203575,3.815029,6.827292,9.816927,7.065747,-0.409161
1983-04-29,293.059998,8.887932,,15.1776,top,2.885694,3.645296,6.278603,8.913045,6.479898,-1.163586
1983-05-04,293.209991,8.194192,,14.630594,top,3.24807,3.452554,5.713385,3.600704,6.425428,1.401731
1983-05-05,297.320007,9.301437,top,15.80993,top,1.611454,1.832957,5.410616,1.588281,5.559666,0.76685
1983-05-06,301.640015,10.435239,top,17.015386,top,0.759602,0.634497,4.486102,0.509236,4.588249,-0.676306
1983-05-09,302.649994,10.476287,top,17.095568,top,-1.012873,0.399002,3.735728,0.399002,4.239226,-1.007761
1983-05-10,304.339996,10.741868,top,17.402524,top,-1.096881,0.987417,2.642695,-1.536347,3.660385,-1.557465
1983-05-11,302.890015,9.995033,top,16.685369,top,0.204484,2.04892,3.200239,-0.892079,4.156623,-1.086206
1983-05-12,302.149994,9.488729,top,16.204562,top,0.221503,3.012263,4.241066,-2.418555,4.411722,-0.843948
1983-05-13,303.940002,9.807635,top,16.542104,top,-0.125105,2.633307,4.537824,-3.236656,4.642359,-1.427912
1983-05-16,299.600006,8.124158,,14.863408,top,1.411875,3.001887,6.599774,-0.98953,6.822431,0.47396
1983-05-17,301.019989,8.357562,,15.097268,top,2.084298,2.27608,6.749912,-1.156079,6.982931,0.597973
1983-05-18,303.51001,8.914872,,15.680305,top,1.844436,2.260831,7.301536,-1.303314,7.574706,-0.227341
1983-05-19,302.820007,8.430479,,15.213939,top,2.79076,3.577659,7.409611,-0.344032,7.819824,0.244366
1983-05-20,303.559998,8.427849,,15.229974,top,2.758412,3.851605,6.710681,-1.229691,7.556991,0.098823
1983-05-23,303.859985,8.27952,,15.11074,top,1.590012,3.336726,7.020763,-0.998847,7.450805,1.151846
1983-05-24,307.359985,9.14697,,16.029207,top,0.191782,1.655279,6.557307,-2.497078,6.777075,0.191966
1983-05-25,309.160004,9.450005,top,16.38425,top,0.416394,1.151319,5.710984,-3.308097,6.155388,-0.39138
1983-05-26,311.390015,9.88478,top,16.874293,top,0.786899,1.228803,5.473798,-4.140558,5.626381,-1.104725
1983-05-27,312.049988,9.820131,top,16.860067,top,1.093193,1.904517,3.862894,-6.074074,5.402986,-1.313884
1983-05-31,308.730011,8.498698,,15.575634,top,1.746714,3.597887,2.286358,-5.962514,6.536453,-0.252648
1983-06-01,307.950012,7.995905,,15.099884,top,1.463497,4.473832,2.656392,-6.167856,6.806297,0.81182
1983-06-02,310.450012,8.527586,,15.667645,top,0.734925,5.040705,2.622736,-6.707359,5.946204,0.657104
1983-06-03,313.850006,9.331973,top,16.504395,top,0.441904,3.831952,2.433112,-8.124365,4.79847,-0.433333
1983-06-06,315.480011,9.562407,top,16.759226,top,0.811324,2.859076,0.527951,-8.469733,4.257003,-0.947769
1983-06-07,314.170013,8.867722,,16.067142,top,1.851173,3.684036,1.569564,-7.174311,4.691724,-0.53475
1983-06-08,312.48999,8.052806,,15.260677,top,3.010335,4.902028,2.38423,-5.912371,5.254573,0.080003
1983-06-09,312.73999,7.852859,,15.080638,top,4.305781,4.559665,2.160422,-4.878212,5.170434,0.799386
1983-06-10,315.23999,8.357917,,15.60654,top,3.390048,4.244995,1.617358,-4.546009,4.336383,0.199849
1983-06-13,318.049988,8.935219,,16.21771,top,2.047752,1.958377,-0.352766,-5.589593,3.414563,-0.685425
1983-06-14,320.040009,9.244136,,16.567581,top,1.832863,-1.311529,-1.717582,-5.871458,2.771527,-1.702916
1983-06-15,322.040009,9.5494,top,16.915256,top,1.891693,-1.81744,-2.054883,-6.348743,2.133274,-2.313381
1983-06-16,326.5,10.589552,top,18.005155,top,0.253885,-2.417969,-4.26422,-8.211731,0.738133,-4.17458
1983-06-17,326.109985,10.14793,top,17.599067,top,0.854947,-1.39884,-4.972733,-9.037617,0.858612,-4.851117
1983-06-20,324.630005,9.386611,top,16.863171,top,-0.089375,-2.331126,-4.234666,-8.445232,1.318424,-4.417335
1983-06-21,325.959991,9.485392,top,16.98475,top,-3.144393,-2.114472,-2.863023,-9.240298,0.905023,-4.807333
1983-06-22,328.190002,9.835834,top,17.37678,top,-3.709133,-2.517798,-2.749291,-9.559364,0.219385,-5.454156
1983-06-23,327.329987,9.245853,,16.822557,top,-2.671854,-2.399243,-2.043153,-8.110489,0.482699,-5.205749
1983-06-24,328.910004,9.403265,top,17.01152,top,-2.253786,-2.627636,-2.484162,-8.0864,-1.38944,-5.661122
1983-06-27,324.339996,7.706476,,15.337568,top,-2.241751,-2.311143,-1.228453,-6.720178,-0.850962,-4.33187
1984-02-09,251.690002,-10.101041,bottom,-12.147153,,0.059577,-0.099378,-1.070515,-0.135177,1.529656,-1.827648
1984-02-13,250.570007,-10.221771,bottom,-12.335325,,-0.243742,0.390344,0.039897,0.806888,1.983472,-1.388838
1984-02-23,247.089996,-10.227999,bottom,-12.90038,,2.56112,1.034738,1.478357,-1.008752,3.419805,0.777044
1985-01-24,272.299988,9.292469,top,8.857968,,2.323162,5.292625,4.978655,3.42932,5.912599,0.624316
1985-01-25,274,9.737009,top,9.397686,,1.59308,5.122028,3.584613,3.090439,5.255472,0.364964
1985-01-28,275,9.91375,top,9.675456,,2.087153,4.410385,3.571808,2.902912,4.872725,0.436368
1985-01-29,276.200012,10.160625,top,10.01685,,2.290721,3.696225,2.820103,2.784895,4.417082,0.796518
1985-01-30,278.600006,10.821617,top,10.787793,,2.095617,3.422448,1.990118,1.954923,3.517583,-0.071792
1985-01-31,278.700012,10.65573,top,10.736192,,2.969463,3.421241,3.00429,1.212566,3.480438,-0.107649
1985-02-01,278.399994,10.362589,top,10.538477,,3.528948,3.285941,3.07717,0.787128,3.591954,0.862067
1985-02-04,280.799988,11.015325,top,11.296556,,2.323232,2.149107,2.218798,-0.42826,2.706555,0.641032
1985-02-05,282.600006,11.435211,top,11.826287,,1.405504,1.649443,1.020954,-1.282071,2.052366,0.495398
1985-02-06,284.5,11.874132,top,12.383017,,1.326831,0.874896,-0.457985,-1.487284,1.370824,-0.456938
1985-02-07,287.100006,12.534817,top,13.171058,,0.451778,-0.31397,-1.650612,-2.539823,0.4528,-1.637064
1985-02-08,288.399994,12.719786,top,13.496493,,-0.243007,-1.537415,-2.528218,-2.634967,0,-2.496526
1985-02-11,287.399994,12.107653,top,13.036543,,-0.174125,-0.838577,-2.109783,-2.216445,0.347947,-2.157266
1985-02-12,286.600006,11.563516,top,12.64971,,0.243939,-0.876123,-2.974721,-1.158117,0.628049,-2.930912
1985-02-13,288.299988,11.873298,top,13.128391,,-0.451935,-1.43233,-3.818063,-0.27787,0.034688,-3.746094
1985-02-14,288.399994,11.612221,top,13.052322,,-0.765747,-0.41695,-3.672727,-0.104072,-0.242712,-3.779471
1985-02-15,287.700012,11.080798,top,12.696089,,-1.294407,-0.20877,-3.753984,0,-0.139042,-3.684395
1985-02-19,286.899994,10.518623,top,12.310705,,-0.664452,0.069691,-2.828043,0.556138,0.139419,-3.41582
1985-02-20,287.299988,10.387262,top,12.34335,,-1.120061,-0.628489,-3.003229,0.866406,-0.034798,-3.55029
1985-02-21,287,10.012197,top,12.13248,,-0.980396,-1.332881,-2.827043,1.62437,0.069691,-3.449475
1985-02-22,286.200012,9.515708,top,11.749945,,0.348797,-1.336643,-2.583764,2.858809,0.349406,-3.179597
1986-03-04,362,8.047577,,14.307827,top,1.480694,2.590465,3.287895,9.480779,3.508291,-0.607738
1986-03-11,367.399994,8.414271,,14.78478,top,1.109771,0.515813,1.833929,8.501339,1.98694,0.462714
1986-03-12,369.700012,8.813088,,15.175881,top,0.539521,0.243143,2.008368,7.952234,2.028672,-0.162295
1986-03-13,370.399994,8.779952,,15.13758,top,0.619035,0.779887,2.268882,6.354253,2.294816,-0.350969
1986-03-14,371.799988,8.919231,,15.286326,top,0.214943,0.77697,2.391823,5.49445,2.420656,-0.726192
1986-03-17,370,8.201406,,14.582154,top,0.189014,1.128744,3.113199,6.639489,3.162165,-0.243242
1986-03-18,371.5,8.367668,,14.759249,top,-0.593958,0.697429,4.242503,6.512718,4.333784,-0.646028
1986-03-19,371.700012,8.184708,,14.579614,top,-0.296378,0.750469,4.805963,7.237695,4.923322,-0.69949
1986-03-20,372.700012,8.20502,,14.608643,top,0.160851,-0.134246,4.562929,6.693366,4.668632,-0.965926
1986-03-21,372.600006,7.924143,,14.343253,top,0.562026,-0.943785,4.820209,6.166599,4.93827,-0.939345
1986-04-16,387.600006,7.903829,,14.347428,top,0.38625,-1.141682,-0.077434,1.026703,1.212586,-1.522186
1986-04-17,390,8.235324,,14.718337,top,0.383878,-2.151175,-1.134616,-1.342305,0.58974,-2.128202
1986-04-18,390.100006,7.967661,,14.495244,top,0.562369,-1.784605,-1.393929,-2.965877,0.563953,-2.153292
1986-04-21,391,7.901045,,14.474615,top,0.102248,-1.287019,-1.884653,-2.932606,0.332478,-2.378514
1986-09-16,343.700012,-10.058622,bottom,-11.102523,,2.783132,2.016197,2.896253,4.38317,3.142272,0.931039
1987-02-05,405.600006,9.554691,top,10.584004,,0.88366,2.819829,5.725427,3.130942,5.892503,-0.517753
1987-02-06,406.899994,9.668737,top,10.840984,,1.366877,2.019292,4.774805,3.738528,5.554192,-0.835585
1987-02-11,408.299988,9.38299,top,11.009542,,2.108405,3.513356,5.758016,3.584274,5.927018,0.220432
1987-02-12,409.200012,9.36986,top,11.166636,,1.936169,3.788511,5.422152,3.12751,5.694034,0.806449
1987-02-13,412.5,9.905496,top,11.89428,,0.652416,2.726136,4.363982,1.920827,4.848485,0.654548
1987-02-17,418.200012,10.973181,top,13.180896,,-0.191484,1.282981,3.892631,0.880849,3.969387,-0.71736
1987-02-18,417.100006,10.421571,top,12.83707,,0.930682,2.27552,4.179009,1.333672,4.267559,-0.455525
1987-02-19,417,10.121688,top,12.734524,,1.404951,2.83707,4.684697,0.454599,4.796163,-0.431652
1987-02-20,417.200012,9.899789,top,12.704653,,1.852342,2.905599,5.229948,-0.890824,5.369126,-0.479386
1987-02-24,417.399994,9.431242,top,12.585788,,1.474465,2.834389,4.840223,-2.621506,5.318642,0.862484
1987-02-25,421,10.020973,top,13.354044,,1.344839,2.440289,3.844387,-3.014092,4.418054,0.451305
1987-02-26,422.899994,10.18722,top,13.703716,,1.432119,2.24466,3.668011,-3.734024,3.948927,0.165527
1987-02-27,425,10.402372,top,14.079355,,1.053257,1.633642,2.692829,-3.252321,3.435296,-0.32941
1987-03-02,423.899994,9.878557,top,13.697702,,0.681793,1.637847,0.752063,-2.701895,3.703707,-0.070769
1987-03-03,423.600006,9.549867,top,13.498937,,1.359924,2.60965,1.522813,-2.195795,3.777148,0.731824
1987-03-04,426.700012,10.003661,top,14.062966,,1.09545,1.903489,0.374264,-2.419476,3.0232,0.02343
1987-03-05,429,10.248113,top,14.415932,top,0.812541,1.847628,0.720014,-3.31784,2.470864,-0.512823
1987-03-06,429.5,10.061604,top,14.345014,top,0.580385,2.324349,1.822635,-3.77224,2.351573,-0.628641
1987-03-10,429.399994,9.441901,top,13.951549,,1.249726,2.005834,1.065566,-2.834389,2.37541,-0.535628
1987-03-11,431.399994,9.585041,top,14.231657,top,0.808039,1.404099,0.808039,-3.20329,1.900791,-0.996752
1987-03-12,432.5,9.502236,top,14.301414,top,1.035087,1.423351,-0.115674,-3.075722,1.64162,-1.248554
1987-03-17,434.799988,9.019866,,14.30588,top,0.756108,-1.086837,-5.095436,-2.656878,1.10396,-4.967796
1987-03-19,437,8.820618,,14.438004,top,0.388264,-1.127614,-4.086967,-2.690331,0.594967,-5.446221
1987-03-20,439.600006,9.036302,,14.829165,top,-0.684778,-0.501714,-5.110174,-2.791095,-0.20473,-6.005458
1987-03-23,438,8.305491,,14.272771,top,-2.520072,-0.091365,-4.530309,-2.216159,0.15982,-5.662098
1987-10-19,360.200012,-20.331845,bottom,-18.16986,bottom,-18.655042,-9.273168,-11.086647,-7.491981,-2.30428,-18.961692
1987-10-20,327.799988,-29.374969,bottom,-27.42167,bottom,-10.103122,-2.189748,-3.413301,3.683608,7.352046,-10.951798
1987-10-21,351.899994,-21.984173,bottom,-20.198737,bottom,-18.693577,-9.471356,-10.066687,-3.29319,-4.489909,-17.050299
1987-10-22,336.100006,-26.215824,bottom,-24.632994,bottom,-9.023531,-2.989803,-6.833431,1.271263,-2.261234,-13.150851
1987-10-23,328.5,-28.101223,bottom,-26.738035,bottom,-1.595619,-0.641323,-4.993237,1.570558,-0.060887,-11.141554
1987-10-26,298.899994,-37.021674,bottom,-35.940737,bottom,9.381874,6.946115,4.64136,11.192971,9.836064,-2.34192
1987-10-27,296.299988,-37.367169,bottom,-36.568283,bottom,7.913373,6.183498,6.658258,13.048937,10.799865,-1.484979
1987-10-28,291.899994,-38.316355,bottom,-37.807895,bottom,9.222221,8.501096,8.501096,15.400387,12.470022,5.207267
1987-10-29,307.100006,-32.735979,bottom,-32.506277,bottom,6.033728,5.357007,3.014979,9.941649,6.903283,1.758383
1987-10-30,323.299988,-27.13454,bottom,-27.174815,bottom,0.954296,-0.092832,-5.761331,4.977653,1.546551,-5.598508
1987-11-02,328.299988,-25.14566,bottom,-25.456079,bottom,-2.435759,-1.81348,-7.296045,4.205184,-0.578737,-7.03624
1987-11-03,320.700012,-26.990728,bottom,-27.59732,bottom,-1.729875,-1.223552,-4.953881,7.216836,1.777356,-4.833177
1987-11-04,320.100006,-26.663662,bottom,-27.589582,bottom,-0.721125,-0.595331,-6.885905,7.838321,1.968131,-6.654176
1987-11-05,326.200012,-24.284194,bottom,-25.529232,bottom,-0.676721,-3.843628,-10.767949,6.239029,0.061306,-10.208466
1987-11-06,326.399994,-23.719874,bottom,-25.305925,bottom,-1.047128,-4.351914,-10.182649,5.164561,-0.735292,-10.263481
1987-11-09,320.399994,-25.045346,bottom,-26.990246,bottom,0.62228,-2.304755,-7.247671,7.310431,1.123597,-8.583021
1987-11-10,315.200012,-26.127356,bottom,-28.44109,bottom,0.506322,0.47476,-4.278038,9.265314,2.791874,-7.074879
1987-11-11,317.799988,-24.77922,bottom,-27.441202,bottom,0.125794,0,-5.497666,8.067187,1.950916,-7.835115
1987-11-12,324,-22.33822,bottom,-25.334739,bottom,-3.166907,-2.342027,-6.833169,6.28009,-0.308642,-9.598767
1987-11-13,323,-22.11188,bottom,-25.464822,bottom,-3.304785,-5.668498,-4.30174,7.827879,-0.18576,-9.318887
1987-11-16,322.399994,-21.746993,bottom,-25.466588,bottom,-2.927034,-5.482565,-3.054869,8.499323,-1.302724,-9.150124
1987-11-17,316.799988,-22.927793,bottom,-27.01886,bottom,-0.031563,-3.730328,0.786044,10.90469,0.789141,-7.54419
1987-11-18,318.200012,-21.912539,bottom,-26.383376,bottom,-0.125794,-6.290574,0.407712,10.859224,0.408544,-7.95098
1987-11-19,313.899994,-22.676449,bottom,-27.543191,bottom,0.82488,-6.924321,4.057985,12.388802,4.141446,-6.690029
1987-11-20,312.5,-22.515113,bottom,-27.781556,bottom,-2.363713,-5.830735,5.054105,12.920205,5.184004,-6.272002
1987-11-23,313.100006,-21.724519,bottom,-27.378847,bottom,-2.555531,-4.942916,4.43545,13.149322,4.982436,-6.451617
1987-11-24,316.700012,-19.98709,bottom,-26.030767,bottom,-3.698765,-4.752797,4.567282,12.814904,4.673188,-7.515004
1987-11-25,317.799988,-19.058225,bottom,-25.477762,bottom,-6.16478,-5.497666,4.732073,12.773273,4.845823,-7.835115
1987-11-27,316.5,-18.892599,bottom,-25.673619,bottom,-7.749201,-4.491142,2.834641,13.735505,5.276465,-7.456558
1987-11-30,305.200012,-21.901968,bottom,-29.069396,bottom,-3.467022,1.366758,6.439512,17.508704,9.174312,-4.03015
1987-12-01,305.200012,-21.280188,bottom,-28.827777,bottom,-2.387385,2.427696,7.721585,17.45368,9.174312,-4.03015
1987-12-02,305.200012,-20.694043,bottom,-28.581471,bottom,-1.054032,4.516372,7.963932,18.439451,9.174312,-4.03015
1987-12-03,298.799988,-22.187996,bottom,-30.440685,bottom,0.667114,6.698286,12.474968,20.640451,13.286484,-1.974563
1987-12-04,292.899994,-23.507169,bottom,-32.157746,bottom,3.258059,10.982306,16.11011,23.475225,17.480373,0.648683
1987-12-07,294.799988,-22.177223,bottom,-31.235197,bottom,4.83378,10.88484,16.216277,23.259674,17.605165,1.085486
1987-12-08,298,-20.42731,bottom,-29.88423,bottom,4.815082,9.378366,15.998219,22.555673,17.348997,0.939593
1987-12-09,302,-18.454039,bottom,-28.286918,bottom,5.570404,9.320079,11.409707,21.516479,15.794706,-0.397355
1987-12-10,300.799988,-18.207223,bottom,-28.417489,bottom,6.031172,10.22974,11.126071,22.553433,16.256658,0.59841
1987-12-11,302.600006,-16.970278,bottom,-27.559049,bottom,7.724247,7.325783,9.272315,22.854856,15.565104,2.247187
1987-12-14,309.399994,-14.134863,bottom,-25.089958,bottom,6.05106,5.072754,7.26063,19.707959,13.025216,1.066586
1987-12-15,312.700012,-12.495615,bottom,-23.788771,bottom,4.563284,5.293888,6.649535,18.301417,11.832427,2.110641
1987-12-16,319.299988,-9.847501,bottom,-21.474218,bottom,3.749675,3.44756,6.310865,16.531809,9.520835,0.062641
1987-12-17,319.5,-9.209926,,-21.186052,bottom,4.198567,5.776682,6.365785,16.442636,9.452273,1.877934
1987-12-18,326.899994,-6.374957,,-18.689752,bottom,-0.398464,5.127804,4.046708,14.656178,6.974616,-0.428264
1987-12-21,328.700012,-5.282868,,-17.937843,bottom,-0.978306,5.331437,1.50969,14.686618,6.388804,-0.973536
1987-12-22,327.299988,-5.15507,,-18.155535,bottom,0.730604,6.619853,2.116161,15.349581,6.843882,-0.54995
1987-12-23,331.5,-3.343185,,-16.681524,bottom,-0.302115,2.089628,1.823397,13.285245,5.4902,-1.809955
1987-12-24,333.200012,-2.290001,,-15.975359,bottom,1.578115,0.896331,2.167218,13.090182,4.951981,-2.310928
1987-12-28,325.600006,-3.99469,,-18.070783,bottom,5.526268,1.946532,4.092029,15.476474,7.401722,-0.030714
1987-12-29,325.5,-3.403279,,-17.887433,bottom,6.309743,2.187876,4.299471,14.31623,7.43472,1.290326
1987-12-30,329.700012,-1.506138,,-16.398985,bottom,5.889249,1.355647,3.779644,12.205385,6.06612,0.242641
1987-12-31,330.5,-0.679481,,-15.950481,bottom,2.391743,2.863305,4.206785,11.397683,5.809383,0.453858
1988-01-12,332,3.113741,,-14.12494,bottom,2.498641,2.145497,3.840945,13.213733,4.578317,0.210847
1988-03-09,380.299988,9.780251,top,7.813445,,-0.474431,-0.052599,-0.368808,-0.89805,0.34184,-2.603206
1990-08-06,400,-12.785804,bottom,-10.129263,,2.053762,-2.891399,-4.682956,-19.297817,3.25,-9.949997
1990-08-07,402.100006,-12.130091,bottom,-9.559499,,2.018774,-5.731933,-5.023366,-19.821446,2.710767,-10.420292
1990-08-08,407.700012,-10.622472,bottom,-8.135161,,0.927738,-8.413912,-7.352331,-20.962244,1.299972,-11.650723
1990-08-10,408,-10.311903,bottom,-8.001669,,-3.618611,-10.508825,-6.663218,-17.997142,0.857843,-11.715683
1990-08-13,408.299988,-10.1005,bottom,-7.903279,,-4.945162,-6.841573,-7.314757,-18.158704,0.78374,-11.780548
1990-08-16,402.299988,-11.096376,bottom,-9.309737,,-11.053858,-6.045368,-7.187332,-16.238731,-2.187419,-10.464821
1990-08-17,393.5,-13.072727,bottom,-11.4665,,-6.890215,-3.175686,-5.055791,-11.287136,-1.245234,-8.462513
1990-08-20,388.600006,-14.066405,bottom,-12.649281,,-1.896412,-1.791556,-4.311918,-9.636584,-1.466807,-7.308284
1990-08-21,379.700012,-16.107197,bottom,-14.876388,bottom,0.839234,0.708567,-2.129439,-6.192589,0.842766,-5.135633
1990-08-22,374.799988,-17.096615,bottom,-16.068936,bottom,1.850436,1.061581,-2.814037,-5.568417,2.161154,-3.895404
1990-08-23,360.200012,-20.699683,bottom,-19.909618,bottom,5.00849,5.456385,0.58131,-2.61582,6.302049,0.583003
1990-08-24,367.299988,-18.402175,bottom,-17.834365,bottom,3.714528,3.845607,-4.197969,-4.056105,4.247211,-4.111074
1990-08-27,381.299988,-14.355943,bottom,-13.996378,bottom,0.104856,-0.473184,-7.203222,-9.052229,0.419619,-7.63178
1990-08-28,382.899994,-13.62357,bottom,-13.475742,,-0.130668,-0.681346,-8.984069,-9.327519,-0.130582,-8.59232
1990-08-29,381.799988,-13.596266,bottom,-13.658774,,-0.788855,-1.477593,-11.242803,-8.982496,0.157152,-10.633834
1990-08-30,378.700012,-14.082142,bottom,-14.363724,bottom,0.447895,-1.141964,-9.465028,-8.195904,0.977022,-9.902297
1990-08-31,381.200012,-13.106735,bottom,-13.603903,,0.131079,-1.880105,-7.205181,-7.374483,0.314791,-10.493179
1990-09-04,381.700012,-12.671456,bottom,-13.368783,,-0.578039,-2.520361,-6.858131,-7.223553,0.183385,-10.610427
1990-09-05,382.399994,-12.178479,bottom,-13.079121,,-0.550678,-2.838006,-8.425745,-7.209842,-0.18305,-10.774054
1990-09-06,378.799988,-12.784994,bottom,-13.903707,bottom,-0.688738,-3.875618,-7.936095,-5.340741,0.765582,-9.926076
1990-09-07,380.399994,-12.020252,bottom,-13.362489,,-1.589859,-4.875075,-9.074648,-5.151471,0.34175,-10.304938
1990-09-10,381.700012,-11.346743,bottom,-12.909326,,-2.011183,-8.043576,-9.214518,-4.720642,-0.366787,-10.610427
1990-09-11,379.5,-11.580773,bottom,-13.372554,,-1.942322,-6.730038,-11.255953,-2.292213,0.2108,-10.645585
1990-09-12,380.299988,-11.054822,bottom,-13.057802,,-2.287327,-8.302723,-13.191743,-2.126043,-1.07809,-12.358665
1990-09-13,376.200012,-11.807437,bottom,-14.02418,bottom,-3.18688,-9.76521,-14.44513,-1.257209,-0.478474,-13.450294
1990-09-14,374.399994,-11.946334,bottom,-14.379738,bottom,-3.285216,-8.323064,-13.353136,-0.777586,-0.080125,-13.034185
1990-09-17,374.100006,-11.68143,bottom,-14.333746,bottom,-6.032393,-5.325076,-12.69468,-1.644022,-0.507884,-12.964448
1990-09-18,372.200012,-11.84475,bottom,-14.718354,bottom,-4.787716,-4.33777,-13.43762,-0.484789,-0.134336,-12.57389
1990-09-19,371.700012,-11.64489,bottom,-14.729605,bottom,-6.015396,-5.58774,-12.873878,-0.053825,-1.963954,-12.456286
1990-09-20,364.399994,-13.264543,bottom,-16.575435,bottom,-6.57833,-4.060477,-8.711116,1.200231,-0.576291,-10.702525
1990-09-21,362.299988,-13.462856,bottom,-17.015927,bottom,-5.037847,-4.199573,-7.120341,0.934079,-1.628483,-10.184928
1990-09-24,352.200012,-15.85419,bottom,-19.677233,bottom,0.707317,-1.170942,-3.202352,4.98442,1.192499,-7.609318
1990-09-25,354.799988,-14.683622,bottom,-18.78497,bottom,0.449946,-4.525915,-3.937851,4.518682,0.45096,-8.286357
1990-09-26,350,-15.590424,bottom,-19.984568,bottom,0.427656,-4.889021,-2.605068,6.176679,1.82857,-7.028573
1990-09-27,341.200012,-17.644261,bottom,-22.355961,bottom,2.517853,-4.67992,-0.440594,9.071687,4.45486,-4.63072
1990-09-28,344.5,-16.21098,bottom,-21.225918,bottom,0.838275,-5.030072,-2.975623,7.787444,3.45428,-5.544269
1990-10-01,354.700012,-12.856946,bottom,-18.156943,bottom,-1.878258,-7.369604,-6.975847,4.869613,0.479273,-8.260507
1990-10-02,356.399994,-11.942779,bottom,-17.527638,bottom,-4.975861,-9.09985,-7.756731,4.041791,-1.374858,-8.698092
1990-10-03,351.5,-12.871719,bottom,-18.745495,bottom,-5.316676,-7.286139,-6.372334,5.453132,-0.455194,-7.425322
1990-10-04,349.899994,-12.851564,bottom,-19.030973,bottom,-7.197773,-4.650639,-5.673818,6.607348,-0.514429,-7.002001
1990-10-05,347.399994,-13.065535,bottom,-19.574614,bottom,-5.868347,-2.920768,-3.187869,6.895454,0.2015,-6.332758
1990-10-08,348.100006,-12.356494,bottom,-19.208689,bottom,-5.491346,-2.031411,-2.119405,5.423351,-2.010916,-6.521118
1990-10-09,339.100006,-14.422245,bottom,-21.650402,bottom,-4.123989,0.588064,0.412006,7.961162,0.589797,-4.04011
1990-10-10,333.299988,-15.587654,bottom,-23.192381,bottom,-1.969462,2.283953,1.04463,7.761652,2.34024,-2.370235
1990-10-11,325.600006,-17.344817,bottom,-25.342168,bottom,2.547134,4.239326,3.263126,9.765274,4.760442,-0.061429
1990-10-12,327.600006,-16.168803,bottom,-24.547673,bottom,2.947578,2.054449,4.301737,8.734199,4.395602,-0.671554
1990-10-15,329.5,-15.044558,bottom,-23.787916,bottom,3.459935,0.393757,6.463336,9.379156,6.676783,-1.244311
1990-10-16,325.399994,-15.776607,bottom,-24.849057,bottom,4.712053,1.34312,8.112954,10.603636,8.451137,0.430238
1990-10-17,326.799988,-14.839454,bottom,-24.237406,bottom,4.253415,0.913805,8.810729,8.502042,9.210529,0.917993
1990-10-18,334,-12.168758,bottom,-21.885693,bottom,1.692192,-1.023179,5.956735,6.743474,6.856286,-1.257489
1990-10-19,337.399994,-10.677625,bottom,-20.703346,bottom,-0.893129,-0.2671,3.923211,7.917603,5.77949,-2.252521
1990-10-22,341.100006,-9.135344,,-19.446895,bottom,-3.066178,-0.087995,3.344216,9.688135,4.632069,-3.312817
1990-10-23,341.100006,-8.696005,,-19.277197,bottom,-3.368933,-0.176058,2.088844,10.006948,4.632069,-3.312817
1990-10-24,341,-8.288999,,-19.129873,bottom,-3.33961,-1.239323,2.261618,10.749902,4.662755,-3.284461
1990-10-25,339.700012,-8.237233,,-19.326985,bottom,-2.715371,-0.9762,2.700901,10.947329,5.063286,-2.914343
1990-10-26,334.399994,-9.38184,,-20.702351,bottom,0.626029,2.247287,4.244747,13.804422,6.728469,-1.3756
1990-10-29,330.799988,-10.070038,bottom,-21.580922,bottom,2.978183,6.069579,6.806545,16.796057,7.889966,-0.302297
1990-10-30,329.799988,-10.052474,bottom,-21.673539,bottom,3.192875,6.769834,7.391308,17.862564,8.217103,0
1990-10-31,329.799988,-9.721497,,-21.452968,bottom,2.100287,7.896924,7.588237,18.494597,8.217103,0.242577
1990-11-01,330.600006,-9.125053,,-20.984109,bottom,1.739171,6.979914,8.269171,19.205423,8.620689,1.754382
1990-11-02,336.5,-7.003509,,-18.998364,bottom,1.621259,4.190312,7.111046,19.389377,7.369982,-0.029719
1990-11-05,340.799988,-5.42294,,-17.519286,bottom,3.091395,3.432211,6.613281,19.505322,6.83686,-1.291078
1990-11-06,340.5,-5.196438,,-17.391217,bottom,3.576959,2.264902,8.551734,20.434838,8.928045,-1.204113
1990-11-07,336.799988,-5.946894,,-18.254219,bottom,5.796637,3.500941,10.02107,23.21292,10.54038,-0.118763
1990-11-08,336.399994,-5.714935,,-18.132606,bottom,5.240744,3.677101,9.924795,25.058756,10.671818,1.664687
1990-11-09,342,-3.781396,,-16.250126,bottom,2.569053,1.997459,8.273813,25.014418,8.859646,1.842102
1991-01-29,400.600006,9.582331,top,9.831041,,7.592503,10.286112,11.806032,21.367297,12.606091,1.97204
1991-01-30,408.5,11.206046,top,11.794217,,7.2463,9.230132,10.362095,19.133834,10.917994,1.395352
1991-01-31,414.200012,12.257331,top,13.165693,,4.899705,7.0151,9.767777,16.343348,10.260743,0.845002
1991-02-01,417.700012,12.748252,top,13.985575,,4.47119,7.159104,9.885145,14.880791,10.39023,1.699779
1991-02-04,424.799988,14.035669,top,15.637804,top,4.443133,5.829556,10.768835,13.838955,11.370061,1.742002
1991-02-05,432.200012,15.331105,top,17.317337,top,2.693609,3.143048,9.189679,12.78204,9.625168,0.647845
1991-02-06,439.200012,16.50177,top,18.839418,top,1.983831,1.626048,7.991655,11.372704,8.319667,-0.956287
1991-02-07,435,15.167864,top,17.783509,top,2.115395,3.167686,8.820029,12.207524,9.365515,0.41379
1991-02-08,436.799988,15.207393,top,18.086197,top,2.687914,3.221366,6.7175,11.800691,8.914836,1.648354
1991-02-11,444.100006,16.478208,top,19.596523,top,1.386422,0.807362,3.821556,10.346501,7.124518,-0.022519
1991-02-12,444,16.060414,top,19.416165,top,0.449439,1.519919,5.302826,11.439391,7.148646,0.067565
1991-02-13,448,16.530204,top,20.113129,top,-0.357784,1.131963,4.322626,9.656753,6.191962,-0.825896
1991-02-14,444.299988,15.299657,top,19.108818,top,1.052291,2.752676,4.830779,10.589381,7.076301,0.382627
1991-02-15,448.700012,15.847187,top,19.941356,top,0.533452,2.726041,3.84103,8.557843,6.026293,-0.601741
1991-02-19,450.299988,15.76235,top,20.144617,top,-0.579061,4.93928,2.74026,5.986405,5.649568,-0.954916
1991-02-20,446,14.383413,top,19.039894,top,1.07048,6.046631,4.405979,7.714785,6.668159,0.089685
1991-02-21,446.399994,14.053228,top,18.97663,top,1.489747,6.365607,3.996144,7.544159,6.57258,0.291223
1991-02-22,449,14.227028,top,19.40448,top,1.700386,5.652344,3.318487,6.697154,5.955454,-0.28953
1991-02-25,451.100006,14.283658,top,19.714831,top,2.192589,3.496133,3.782568,6.956907,5.4622,-0.753712
1991-02-26,447.700012,13.136183,top,18.811452,top,5.51834,3.014194,6.667911,8.473605,6.895241,0.692422
1991-02-27,450.799988,13.437678,top,19.339863,top,4.976151,3.782907,6.768769,8.256499,7.003107,0.510208
1991-02-28,453.100006,13.559131,top,19.685841,top,4.87586,3.190663,6.245344,8.372674,6.45994,0.794528
1991-03-01,456.700012,13.961199,top,20.30942,top,3.951958,2.078103,5.154939,8.49053,5.620754,0.963432
1991-03-04,461.100006,14.542242,top,21.085984,top,1.303544,1.114989,6.323645,7.909131,6.527869,0.065059
1991-03-05,473.100006,16.690935,top,23.448298,top,-2.504146,-2.19902,4.535195,6.166104,4.639607,-2.473053
1991-03-06,473.799988,16.413834,top,23.379036,top,-1.193244,-1.640653,4.8951,6.596874,5.016889,-2.617137
1991-03-07,475.73999,16.391296,top,23.562724,top,-1.685197,-2.369463,4.1281,6.383677,4.588645,-3.014251
1991-03-08,475.109985,15.817682,top,23.206514,top,-1.873855,-2.333856,4.232369,6.545765,4.727331,-2.885646
1991-03-11,467.149994,13.731318,top,21.3071,top,-0.188555,0.286434,5.276283,7.830402,6.51183,-1.230868
1991-03-12,461.399994,12.12554,top,19.870778,top,0.305126,3.653717,6.16899,8.620555,7.839188,0.305592
1991-03-13,468.179993,13.17985,top,21.101148,top,-0.447408,2.985862,6.437432,6.283102,6.649153,-1.146994
1991-03-14,467.790009,12.682747,top,20.786206,top,-0.684266,3.054681,6.982336,5.825398,7.231875,-1.064583
1991-03-15,466.290009,11.973681,top,20.215146,top,-0.460001,3.076836,7.147891,6.301736,7.576827,-0.746319
1991-03-18,466.269989,11.587085,top,19.967304,top,0.474989,5.208656,8.325294,5.178109,8.681668,-0.742058
1991-03-19,462.809998,10.479648,top,18.976606,top,3.348591,6.734215,9.965946,5.941265,10.479462,0.289535
1991-03-20,466.089996,10.816672,top,19.411322,top,3.43327,6.535752,8.338247,6.032044,9.701989,-0.416229
1991-03-21,464.600006,10.129799,top,18.830738,top,3.738947,6.497563,7.580844,6.200626,10.053808,-0.09686
1991-03-22,464.149994,9.669329,top,18.497118,top,3.536837,6.566226,6.30967,5.743727,10.160509,0.935042
1991-03-25,468.48999,10.215556,top,19.185972,top,4.733667,4.989849,5.722244,3.537612,9.140005,2.151597
1991-03-26,478.570007,11.92217,top,21.041291,top,3.385624,2.515272,4.07008,1.515918,6.841212,0.478504
1991-03-27,482.369995,12.287988,top,21.547899,top,3.102482,3.45157,2.792496,0.712676,5.999544,-0.31304
1991-03-28,482.299988,11.844244,top,21.244713,top,2.758617,3.927655,2.526395,-1.476738,6.014931,-0.29857
1991-04-01,480.859985,11.105206,top,20.662415,top,3.029388,4.071054,1.420632,-1.584673,6.332407,1.430771
1991-04-02,491.200012,12.753617,top,22.466376,top,0.256182,3.116638,-1.327999,-3.758692,4.094052,-1.31922
1991-04-03,495.049988,13.015905,top,22.904161,top,-0.870351,3.231731,-1.465075,-3.873683,3.284519,-2.086655
1991-04-04,497.570007,12.993695,top,23.04858,top,0.349088,1.802494,-1.30274,-4.448646,2.761419,-2.582552
1991-04-05,495.790009,12.109209,top,22.336126,top,1.169038,1.083281,-0.747051,-2.964092,3.130355,-2.232802
1991-04-08,495.649994,11.57475,top,21.959329,top,1.041666,-0.256556,-0.844875,-3.462882,3.159488,-2.205184
1991-04-09,492.459991,10.437012,top,20.964407,top,2.860456,0.732396,-0.193092,-3.753101,3.827723,-1.571699
1991-04-10,490.76001,9.585491,top,20.277029,top,4.102083,1.554808,0.355955,-3.464245,4.18738,-1.230746
1991-04-11,499.309998,10.78329,top,21.661006,top,1.453407,-0.659073,-0.300867,-4.046237,2.403317,-2.922032
1991-04-12,501.619995,10.738933,top,21.782788,top,-0.085758,-1.40126,-1.648209,-3.650199,1.931742,-3.369083
1991-04-15,500.839996,10.12183,top,21.297756,top,-1.298222,-2.650422,-1.389289,-2.767352,2.090488,-3.218592
1991-04-16,506.75,10.818311,top,22.130406,top,-2.128061,-4.444638,-3.608482,-3.694448,0.899852,-4.347311
1991-04-17,511.309998,11.232987,top,22.677399,top,-2.547275,-4.696806,-6.7198,-3.705531,-0.917252,-6.498995
1991-04-18,506.619995,9.847138,top,21.415201,top,-2.11248,-3.105234,-5.029441,-2.080228,-1.071808,-5.633415
1991-04-19,501.190002,8.344661,,19.998315,top,-1.315502,-1.830332,-4.032829,-1.525979,-0.546697,-4.611029
1991-04-22,494.380005,6.604656,,18.298585,top,-1.352201,-0.588319,-2.931003,-0.19437,0.823255,-3.297063
1991-04-23,496.079987,6.582047,,18.305858,top,-2.316577,-0.925487,-2.547905,0.145033,0.477751,-3.628447
1991-04-24,498.450012,6.694578,,18.442833,top,-2.149531,-1.198852,-2.264386,-0.180728,-0.128401,-4.086674
1991-04-25,496.029999,5.867287,,17.624105,top,-0.992754,0.358207,-1.304766,-0.209887,0.358849,-3.618735
1991-04-26,494.640015,5.28022,,17.027113,top,-0.514829,-0.246949,-0.399065,-1.013942,0.640867,-3.347895
1991-04-29,487.73999,3.614556,,15.329256,top,0.763881,1.261133,1.914959,-0.065626,2.064626,-1.980564
1991-04-30,484.720001,2.756288,,14.421333,top,1.39109,0.836156,2.913486,1.140525,2.956343,-1.369866
1991-05-01,487.850006,3.177344,,14.76547,top,0.950679,-2.022994,3.095984,0.987218,3.144408,-2.002669
1991-05-02,491.130005,3.639822,,15.129665,top,1.35096,-1.924207,3.004514,0.451001,3.050105,-2.657141
1991-05-03,492.100006,3.651132,,15.031127,top,0.267881,-2.202497,3.002627,1.246012,3.048161,-2.849018
1991-05-06,491.480011,3.326857,,14.629943,top,0.497252,-2.342684,3.158271,2.125855,3.208674,-2.726464
1991-05-07,491.51001,3.14134,,14.364369,top,-0.554934,-1.622417,2.747211,2.539153,3.202374,-2.732401
1991-05-08,492.51001,3.175339,,14.302531,top,-2.973673,-1.065534,2.09561,2.636952,2.992831,-2.929894
1991-05-09,497.809998,4.057915,,15.093524,top,-3.275167,-1.662973,0.146537,0.959602,1.896306,-3.963362
1992-01-03,592.650024,9.387012,top,11.906648,,3.815581,5.610319,4.545412,1.576968,6.44056,0.885852
1992-01-06,597.900024,10.009546,top,12.623534,,3.246602,3.529543,4.181292,0.976981,5.505934,0.734229
1992-01-07,602.289978,10.475402,top,13.183073,,3.821191,0.427453,4.656684,-0.033204,4.766811,0.428368
1992-01-08,610.320007,11.519778,top,14.328473,top,3.303715,1.683222,4.273909,-2.740717,4.366556,-0.892976
1992-01-09,619.799988,12.773068,top,15.677362,top,1.209188,0.492493,2.842406,-4.925732,2.883187,-2.40884
1992-01-10,615.700012,11.860389,top,14.824001,top,1.794739,1.447966,3.078642,-3.203276,3.568291,-1.758976
1992-01-13,617.630005,11.939898,top,14.936279,top,0.282941,0.54415,2.636441,-6.008949,3.244657,-2.065963
1992-01-14,625.75,12.97432,top,16.025941,top,-3.393738,-0.7153,1.210383,-8.687919,1.904911,-3.336797
1992-01-15,630.820007,13.502928,top,16.613453,top,-1.620493,-2.327049,2.210568,-7.242174,2.235182,-4.113695
1992-01-16,627.340027,12.676802,top,15.850461,top,-0.716695,-0.956199,1.85722,-7.117686,2.802301,-3.581795
1992-01-17,626.849976,12.328476,top,15.564735,top,-0.346773,-1.064907,1.516719,-6.372518,2.882669,-3.506418
1992-01-20,619.380005,10.876696,top,14.177968,,0.26121,0.651749,1.128608,-4.047696,4.123475,-2.342667
1992-01-22,620.679993,10.572665,top,14.048121,,-0.706556,2.590687,1.843758,-4.763001,3.905393,-0.704066
1992-01-23,622.859985,10.644746,top,14.217824,top,-0.239504,2.349913,1.100116,-7.61329,3.541727,-1.051599
1992-01-24,624.679993,10.668501,top,14.321505,top,-0.718134,1.630677,0.040012,-8.278253,3.240057,-1.339885
1992-01-27,621,9.841415,top,13.552556,,0.39054,2.092291,0.064395,-7.13594,3.851849,-0.755234
1992-01-28,621.289978,9.656461,top,13.424472,,1.550794,1.925684,1.772422,-7.560348,3.803378,-0.801555
1992-02-04,631,10.002261,top,14.13124,,0.37489,-1.370687,-0.112587,-8.655623,2.206019,-1.521391
1992-02-05,636.969971,10.684777,top,14.888564,top,1.240374,-0.746929,-2.38307,-9.690643,1.248098,-2.444377
1992-02-06,637.669983,10.541741,top,14.808489,top,0.224002,-1.249797,-3.465507,-8.870792,1.136952,-3.406146
1992-02-07,634.950012,9.884324,top,14.173161,,0.232815,-1.590664,-3.059155,-7.670027,1.570198,-3.012836
1992-02-10,634.130005,9.529454,top,13.84439,,-1.224892,-2.027895,-1.696934,-7.321681,1.70154,-2.88742
1992-02-12,644.919983,10.662673,top,15.167009,top,-1.987303,-1.715615,-4.600919,-9.621609,-0.902439,-4.512184
1992-02-13,639.099976,9.456515,top,14.083126,,-1.473798,-0.88483,-3.256972,-8.481463,-0.417772,-3.642618
1992-12-07,666.530029,9.47188,top,12.74838,,-1.786229,-0.612498,2.272446,2.108053,2.298463,-2.535523
1992-12-08,667.119995,9.360129,top,12.669476,,-2.484439,-0.945814,1.648707,2.113554,2.207996,-2.621716
1995-07-07,969.76001,10.081666,top,14.985775,top,3.003644,-0.827327,2.175675,5.790339,4.217535,-1.74167
1995-07-10,976.630005,10.506457,top,15.487777,top,2.952014,0.198445,1.885591,4.389112,3.484428,-2.432857
1995-07-11,970.219971,9.587494,top,14.632375,top,1.86962,2.396285,2.73483,3.249991,4.168127,-1.788252
1995-07-12,988.630005,11.169304,top,16.293532,top,-3.684167,1.16151,1.652214,2.553526,2.228333,-3.617128
1995-07-13,994.150024,11.409143,top,16.620333,top,-3.436126,1.647071,0.647695,1.783523,1.66071,-4.152294
1995-07-14,999.330017,11.585967,top,16.902934,top,-3.830971,0.593635,0.477177,-1.470743,1.133755,-4.649117
1995-07-17,1005.890015,11.890912,top,17.317869,top,-2.753569,-0.466345,0.649053,-2.254091,0.651163,-5.270956
1995-07-18,988.530029,9.842408,top,15.353062,top,0.526665,0.260649,2.383037,1.310503,2.41874,-3.60738
1995-07-25,993.75,9.138584,,14.837686,top,-0.266015,0.338545,3.124515,5.06405,3.776607,-1.111948
1995-07-26,1000.179993,9.49261,top,15.252825,top,-1.656346,0.490704,2.761994,4.572027,3.109444,-1.747683
1995-07-27,1010.659973,10.226025,top,16.063897,top,-2.805494,-0.999376,1.011041,2.816516,2.040257,-2.766505
1995-07-28,1005.280029,9.409516,top,15.311159,top,-1.421604,-0.116458,1.450705,3.098868,2.586344,-2.246142
1995-07-31,1001.210022,8.722879,,14.690995,top,-0.600078,1.115397,0.69077,3.728038,3.003367,-1.848764
1995-08-16,1025.75,8.108617,,14.701963,top,0.237587,-1.289291,3.938939,3.810455,4.060446,-2.155495
1995-08-17,1029.23999,8.185019,,14.811568,top,-0.810669,-0.891021,2.101656,3.309254,3.707593,-2.48727
1995-08-18,1031.280029,8.113979,,14.786788,top,-1.102759,-1.151792,1.816085,2.601421,3.502443,-2.680166
1995-09-08,1060.030029,7.306169,,14.619983,top,-0.846003,-0.628369,-4.632916,0.916517,0.695263,-5.448903
1995-09-11,1066.560059,7.64349,,15.000744,top,-1.547694,-1.932179,-7.981621,-0.062843,0.078755,-7.671398
1995-09-12,1065,7.233732,,14.622335,top,-0.44041,-2.56308,-7.964297,-0.307516,0.225354,-7.655402
1995-09-13,1067.400024,7.21467,,14.615842,top,-0.216654,-3.903185,-6.365703,-1.34211,-0.041228,-7.863037
1995-09-14,1066.959961,6.943561,,14.350498,top,-0.795118,-1.883671,-4.930433,-0.42735,-0.175264,-7.825035
1996-05-20,1248.109985,9.43313,top,13.235978,,-0.950731,-0.355563,-5.350923,-9.631137,0.083329,-5.21028
1996-07-15,1060.189941,-12.08294,bottom,-7.65465,,1.979918,0.590602,7.10615,15.678428,7.632599,-1.680826
1996-07-16,1053.469971,-12.599997,bottom,-8.297801,,-0.418544,1.738992,6.671531,16.139155,8.319175,-1.053658
1996-07-23,1049.069946,-12.39798,bottom,-8.85756,,2.157537,7.331312,6.958569,17.603122,8.773489,-0.638656
1996-07-24,1042.369995,-12.833808,bottom,-9.478567,,3.601019,9.05045,7.792026,17.519378,9.472643,1.920625
1996-07-25,1062.390015,-10.751037,bottom,-7.569085,,3.374306,6.832057,7.397479,15.658827,7.677966,0.384036
1996-07-29,1066.469971,-10.040228,bottom,-7.166505,,4.944771,6.515548,6.598969,13.449676,7.266026,0.513843
1997-05-27,1409.209961,9.620314,top,7.704512,,-1.739406,-0.535063,3.020882,14.475288,3.066973,-2.096204
1997-05-28,1410.180054,9.560302,top,7.701078,,-2.187302,-0.165369,2.524968,13.087568,2.996071,-2.163554
1997-06-16,1431.949951,9.294877,top,8.299262,,0.165371,0.704243,7.411448,13.52017,7.693009,0.033528
1997-06-17,1443.109985,9.830048,top,8.977336,,0.643756,-0.33734,9.102301,12.781037,9.529421,-0.740064
1997-06-19,1447.140015,9.614641,top,9.0709,,-0.746314,1.404601,6.73681,12.20047,9.2244,-0.88589
1997-06-20,1447.099976,9.386412,top,8.96771,,-0.620395,1.620413,5.976981,14.24234,9.227423,-0.883148
1997-07-14,1523.880005,10.134245,top,12.870504,,0.807163,2.568639,4.042187,13.105521,6.992672,0.81043
1997-07-15,1542.109985,10.937425,top,13.963924,,1.400552,1.94006,2.189066,12.175025,5.727864,-0.381296
1997-07-16,1580.630005,12.951486,top,16.305516,top,-0.824581,0.468337,0.175094,9.941802,3.151271,-2.809008
1997-07-17,1568.849976,11.776916,top,15.430299,top,0.017848,1.578456,1.13072,10.298465,3.925803,-2.07923
1997-07-18,1547.98999,10.055639,top,13.970846,,1.385073,2.949625,0.902897,11.814545,5.326259,-0.759695
1997-07-22,1563.859985,10.289731,top,14.749348,top,0.539509,3.621305,2.329014,9.712456,4.257412,-0.117015
1997-07-23,1567.650024,10.118477,top,14.87005,top,1.292918,3.927218,3.820442,8.085055,4.005353,-0.358498
1997-07-24,1569.130005,9.829492,top,14.847732,top,1.560608,3.448178,2.407174,6.041427,3.907257,-0.452478
1997-07-25,1569.579956,9.49692,top,14.757243,top,1.564552,1.827017,1.837647,7.122452,3.87747,-0.481016
1997-07-28,1563.530029,8.769156,,14.254336,top,2.645796,1.473549,2.403826,9.103157,4.279413,-0.095937
1997-07-29,1572.319946,9.019561,,14.677435,top,3.081796,0.249006,1.199912,8.281771,3.696448,-0.654442
1997-07-30,1588.050049,9.726811,top,15.52469,top,2.6343,-0.293243,0.470538,5.106497,2.669305,-1.638489
1997-07-31,1593.810059,9.782215,top,15.742146,top,1.887569,-0.447736,-0.786751,3.520532,2.298259,-1.993966
1997-08-01,1594.329956,9.502323,top,15.616385,top,0.262466,-2.046728,-0.440653,-3.939005,2.2649,-2.025925
1997-08-04,1605.449951,9.882173,top,16.14419,top,-1.172247,-2.263421,0.784236,-0.15147,1.556572,-2.704533
1997-08-05,1621.530029,10.551027,top,16.980759,top,-2.832791,-1.292291,-0.203103,-1.164926,0.549476,-3.669374
1997-08-06,1630.439941,10.772574,top,17.370732,top,-2.927543,-0.106776,-0.356978,-3.751313,-0.106719,-4.195795
1997-08-07,1624.180054,10.057609,top,16.829909,top,-2.335306,-1.041003,0.711055,-1.900123,0.713589,-3.826548
1997-08-08,1598.52002,8.167163,,15.096224,top,-2.309194,0.010629,2.88749,1.948952,2.929582,-2.282736
1997-08-11,1586.73999,7.16406,,14.22257,top,-1.091174,0.930277,4.285629,2.760371,4.378788,-1.557279
1997-08-19,1600.709961,6.588089,,14.224526,top,-0.589593,1.089188,4.026034,-3.755509,4.241244,-1.211338
1997-08-20,1628.699951,8.077775,,15.766318,top,-2.056986,-0.250202,2.505349,-4.357718,2.536997,-2.909069
1997-08-21,1607.359985,6.540358,,14.270149,top,-1.633317,1.752058,4.441497,-1.494916,4.541609,-1.62005
1997-09-05,1635.77002,6.034109,,14.262119,top,0.825546,2.689439,4.780658,-0.309204,4.896775,-0.051962
1997-09-08,1645.349976,6.365093,,14.625389,top,-0.635921,2.644989,4.548105,-2.397614,4.653117,-0.633904
1997-09-09,1656.219971,6.772151,,15.04559,top,0.744706,2.453621,4.777705,-2.512243,4.893677,-1.286057
1997-09-16,1668.599976,6.413597,,14.651179,top,1.708916,1.019,3.774791,-4.410231,4.62963,-0.127652
1997-09-17,1666.469971,6.038928,,14.282639,top,1.248723,1.419846,3.357407,-6.695809,4.763362,0.213028
1997-09-18,1670.02002,6.020834,,14.237169,top,0.529726,1.92093,1.759264,-8.327648,4.540661,0.531131
1997-09-19,1680.359985,6.390235,,14.588135,top,0.111819,2.091219,-0.807244,-8.946186,3.897379,-0.803995
1997-09-22,1689.449951,6.662516,,14.847743,top,0.326793,1.903116,-0.237044,-8.421446,3.338366,-1.337712
1997-09-23,1697.359985,6.856667,,15.038513,top,-0.689915,2.324083,0.890358,-9.251738,2.856789,-1.797498
1997-10-07,1737.27002,6.859117,,14.714409,top,-0.258208,-1.433726,-6.302962,-9.392218,0.493876,-11.772495
1997-10-08,1741.77002,6.912874,,14.684987,top,-1.062018,-1.953194,-6.183501,-8.857999,0.234242,-12.000437
1997-10-09,1745.849976,6.977574,,14.619127,top,-2.681328,-4.366968,-7.269421,-9.972807,-0.213648,-12.206087
1998-02-25,1766.47998,9.364409,top,8.015907,,-0.384554,-0.546644,3.232261,3.039145,3.285066,-3.088625
1998-02-26,1777.109985,9.781598,top,8.537961,,-3.737287,-0.737044,2.852941,1.557215,2.894028,-3.668312
1998-08-28,1639.680054,-12.23112,bottom,-11.526987,,-4.564452,1.573828,5.893559,18.729185,7.354481,-8.564479
1998-08-31,1499.25,-20.929266,bottom,-20.363868,bottom,10.237055,11.270317,14.549476,27.0975,17.41004,4.486911
1998-09-01,1575.089966,-15.802559,bottom,-15.343407,bottom,3.091849,7.03629,7.268573,23.141229,11.756792,-0.544092
1998-09-02,1592.849976,-14.493296,bottom,-14.140982,bottom,-0.473229,3.297512,1.215546,23.58087,10.510723,-1.653009
1998-09-03,1571.859985,-15.63736,bottom,-15.369207,bottom,4.343613,5.68265,2.706294,21.533385,11.986439,-0.339723
1998-09-04,1566.52002,-15.811366,bottom,-15.612726,bottom,6.138281,7.019313,-1.92259,24.616381,12.368179,-1.904226
1998-09-08,1660.859985,-9.886972,bottom,-9.706832,,1.033262,2.199779,-9.463664,18.341376,5.985455,-9.029658
1998-09-09,1624.550049,-12.014499,bottom,-11.837386,,3.944441,8.023633,-10.500838,18.481652,8.354311,-9.968303
1998-09-10,1585.329956,-14.305563,bottom,-14.18829,bottom,3.770741,8.172937,-11.07556,23.393339,11.034931,-10.48425
1998-09-11,1641.640015,-10.692378,bottom,-10.629132,,1.339037,6.025044,-9.524989,21.756774,7.226311,-13.554739
1998-09-17,1646.25,-9.932383,bottom,-10.070285,,4.402195,-2.081966,-2.163866,20.919589,6.926045,-13.796811
1998-10-01,1612.329956,-10.245979,bottom,-11.580863,,-12.764335,-0.081899,8.60356,30.178219,8.984512,-11.983277
1998-10-02,1614.97998,-9.778207,bottom,-11.311604,,-7.88767,0.368981,9.2442,30.081392,9.684952,-12.127704
1998-10-05,1536.689941,-14.366376,bottom,-16.130188,bottom,0.609195,7.037457,15.86614,34.368991,17.194106,-7.650857
1998-10-06,1510.890015,-15.631535,bottom,-17.662936,bottom,-0.095358,8.150329,16.863928,37.243018,19.19531,-6.073905
1998-10-07,1462.609985,-18.400824,bottom,-20.723656,bottom,5.218957,13.54414,22.057359,41.188729,24.679167,-2.973451
1998-10-08,1419.119995,-20.872389,bottom,-23.525228,bottom,12.682436,18.214304,25.815127,46.145755,29.453463,5.170105
1998-10-09,1492.48999,-15.346032,bottom,-18.293226,bottom,8.256651,12.656408,21.827949,44.149199,24.393468,1.136353
1998-10-12,1546.079956,-11.374196,bottom,-14.592631,bottom,6.428262,10.949278,18.54182,40.846612,20.372174,-2.369218
1998-10-13,1509.449951,-13.285081,bottom,-16.816962,bottom,8.245687,12.920012,21.184812,44.028842,23.596015,2.088179
1998-10-14,1540.969971,-10.793886,bottom,-14.597122,bottom,8.325183,11.994888,18.929818,43.661517,21.067901,4.545192
1998-11-06,1856.560059,10.090048,top,5.022028,,-0.462679,3.786675,9.453815,26.093048,9.915109,-0.46161
1998-11-09,1861.050049,10.261259,top,5.249753,,0.033846,6.065212,8.923209,24.327539,9.649927,-0.701758
1998-11-10,1865.619995,10.459312,top,5.47395,,0.689081,5.234655,9.445118,25.392317,9.90555,-0.944994
1998-11-11,1862.109985,10.26406,top,5.25869,,1.879533,6.401444,7.938524,21.587923,10.112718,-0.758279
1998-11-12,1851.060059,9.660583,top,4.6291,,3.640005,8.557507,9.193738,22.127257,10.770038,-0.165855
1998-11-13,1847.98999,9.47918,top,4.431573,,4.249353,5.349491,6.237033,26.368003,10.95406,0.740808
1998-11-16,1861.680054,10.153749,top,5.138045,,6.031365,7.354109,7.794807,22.090213,10.138147,0.904557
1998-11-17,1878.52002,10.967374,top,5.991589,,4.545574,6.026505,6.733201,20.843725,9.150816,1.007172
1998-11-18,1897.439941,11.871272,top,6.922806,,4.52191,2.954182,7.434439,16.994004,8.062441,1.172112
1998-11-19,1919.680054,12.886782,top,8.013815,,4.917502,4.256742,8.315688,16.344963,8.671228,0.44434
1998-11-20,1928.209961,13.091618,top,8.369776,,1.100138,5.66714,10.329277,16.91611,10.881599,1.106211
1998-11-23,1977.420044,15.279499,top,10.792421,,1.322744,2.857997,7.008525,16.921655,8.122199,-1.409918
1998-11-24,1965.880005,14.237018,top,10.121267,,1.48093,4.210463,9.995702,18.962575,10.512342,-0.831178
1998-11-25,1985.209961,14.815392,top,11.007171,,-1.567728,1.537081,8.578998,16.41612,9.436285,-1.796783
1998-11-27,2016.439941,15.964716,top,12.467038,,-0.66076,0.636231,7.812895,14.316901,8.126208,-3.317724
1998-11-30,1949.540039,12.225174,top,9.010535,,4.567002,0.887542,11.254302,16.009773,11.91204,0.245695
1998-12-01,2003.75,14.546363,top,11.634491,,1.535254,0.440698,7.83002,13.579082,8.884343,-2.466378
1998-12-02,1995.209961,13.798118,top,11.090571,,2.729532,0.706697,9.437979,12.418624,9.897704,-2.048907
1998-12-03,1954.329956,11.412194,top,8.90911,,3.104809,4.480256,12.206239,14.761563,12.982459,0.644215
1998-12-04,2003.160034,13.48144,top,11.26048,,1.296991,4.058947,11.676856,13.508703,12.385929,-1.809141
1998-12-07,2040.640015,14.956026,top,12.991281,,-3.67946,4.662137,12.867436,13.565168,13.731971,-3.612591
1998-12-08,2034.75,14.317532,top,12.580443,,-1.094555,4.150528,13.381582,16.410367,14.318225,-3.333577
1998-12-09,2050.419922,14.733413,top,13.222688,,-2.022836,5.78524,13.398912,15.44781,14.338038,-4.072331
1998-12-10,2015.959961,12.731873,top,11.430344,,1.375448,7.041917,16.793175,17.687013,18.285588,-2.432584
1998-12-11,2029.310059,13.032867,top,12.004805,,2.761955,7.176664,13.419455,17.286406,17.50743,-3.074445
1998-12-14,1966.920044,9.626936,top,8.840833,,8.341597,10.366759,16.372237,19.127426,21.234724,2.157685
1998-12-15,2012.599976,11.61336,top,11.067584,,5.245083,7.389322,12.335236,18.905624,18.483063,-0.160985
1998-12-16,2009.359985,11.162884,top,10.841816,,7.808075,8.731282,15.58328,19.388257,18.67411,1.717961
1998-12-17,2043.880005,12.603578,top,12.474585,,5.666469,7.725983,16.401713,17.261732,17.823449,2.067631
1998-12-18,2086.139893,14.312338,top,14.432763,top,4.414709,7.617909,14.658674,16.604845,15.787537,1.670074
1998-12-21,2138.030029,16.406325,top,16.786587,top,2.025162,8.205299,9.228112,12.440735,12.977365,-0.797465
1998-12-22,2120.97998,15.255624,top,15.88134,top,2.144239,9.231055,9.77939,12.189738,13.885563,1.983048
1998-12-23,2172.540039,17.256951,top,18.16214,top,0.923207,7.613673,8.670179,6.68936,11.182761,-0.437276
1998-12-24,2163.040039,16.391883,top,17.606714,top,2.059514,9.751258,11.777887,8.938176,12.499532,0.18076
1998-12-28,2180.300049,16.672409,top,18.289043,top,3.203201,6.24279,9.897677,11.040213,11.608946,-0.612306
1998-12-29,2181.77002,16.22924,top,18.245468,top,6.180137,6.005478,12.704896,10.328799,13.547261,-0.679268
1998-12-30,2166.949951,14.982958,top,17.461294,top,7.086816,4.945914,14.532329,14.010203,15.641337,1.187844
1998-12-31,2192.689941,15.556496,top,18.538168,top,6.690466,6.851998,13.518957,12.324643,14.475378,0.700514
1999-01-04,2208.050049,15.594769,top,19.126675,top,7.691744,8.67573,10.94408,10.862046,13.67904,1.957382
1999-01-05,2251.27002,16.8018,top,20.9479,top,3.03959,7.040765,10.215671,10.214075,11.496625,1.134917
1999-01-06,2320.860107,19.12329,top,23.846149,top,-0.174659,1.022813,3.771797,9.809287,8.153442,-1.897574
1999-01-07,2326.090088,18.672483,top,23.926722,top,-2.140902,0.548335,2.022748,9.705596,7.91027,-2.118148
1999-01-08,2344.409912,18.738488,top,24.561075,top,0.161532,1.056506,2.548287,8.18729,7.067031,-2.883022
1999-01-11,2384.590088,19.717103,top,26.076352,top,0.983985,2.026629,-3.143776,7.619682,5.262959,-4.519436
1999-01-12,2320.75,16.40106,top,23.203589,top,4.001175,3.654887,-0.485936,11.09444,8.158573,-1.89292
1999-01-13,2316.810059,15.644068,top,22.861018,top,1.197471,6.699417,3.758732,11.486241,8.342506,-1.72608
1999-01-14,2276.820068,13.375958,top,20.963648,top,2.689237,9.586416,1.96017,12.636531,10.245431,1.435332
1999-01-15,2348.199951,15.871356,top,23.86346,top,0.894974,6.666959,-1.472756,6.554946,6.894223,-1.648069
1999-01-19,2408.169922,17.784921,top,26.155021,top,1.042644,2.268351,-6.842148,4.609395,4.232266,-6.613321
1999-01-20,2415.48999,17.500774,top,26.218787,top,-0.346288,3.174906,-6.629399,2.798412,3.916394,-6.896327
1999-01-21,2344.719971,13.993604,top,23.054712,top,5.501946,2.748984,-2.641279,0.037956,7.052873,-4.086205
1999-01-22,2338.879883,13.243561,top,22.596761,top,6.897179,1.474413,0.133741,2.980518,7.320179,-3.846712
1999-01-25,2369.310059,14.007487,top,23.658248,top,5.771985,1.491781,0.296694,4.93144,5.941815,-5.081654
1999-01-26,2433.409912,16.115283,top,26.039491,top,1.225707,-5.170406,-3.940764,5.134248,3.151141,-7.581953
1999-01-27,2407.139893,14.508221,top,24.679439,top,3.521194,-4.140823,-3.393672,7.348495,4.276868,-6.57336
1999-01-28,2477.340088,16.819322,top,27.267415,top,-2.752962,-2.940685,-7.949424,6.81475,1.321982,-9.220784
1999-01-29,2505.889893,17.40558,top,28.122468,top,-5.422765,-7.626246,-8.783268,3.779399,0.167613,-10.255039
1999-02-01,2510.090088,17.003449,top,27.994823,top,-4.280204,-8.139715,-10.538311,1.591985,-0.664525,-10.405211
1999-02-02,2463.419922,14.624311,top,25.823839,top,-6.396112,-9.110498,-8.388756,2.605189,1.217413,-8.707813
1999-02-03,2493.409912,15.321726,top,26.741825,top,-7.662017,-9.804305,-8.383823,1.963826,-3.342404,-9.805849
1999-02-04,2410.070068,11.491871,top,23.077341,top,-0.187723,-5.390263,-3.074065,5.076662,-0.187547,-6.686949
1999-02-05,2373.620117,9.571072,top,21.299609,top,-2.20348,-1.340673,1.006036,4.590473,1.3452,-5.254009
1999-02-08,2404.919922,10.465262,top,22.355015,top,-3.859511,-1.195087,-0.49939,5.246003,0.026202,-6.487119
1999-02-09,2310.790039,6.127892,,18.165047,top,-2.714386,1.229641,4.037614,6.755134,4.120234,-2.677878
1999-02-10,2309.5,5.721119,,17.907531,top,-2.142288,0.747151,4.352887,8.070668,4.449015,-2.623515
1999-02-11,2405.550049,9.37072,top,21.735245,top,-5.20254,-5.008739,-1.003544,4.901278,0.278521,-6.511614
1999-02-12,2321.889893,5.481442,,17.970071,top,0.862808,-1.157022,4.610219,10.023175,4.718141,-3.143128
1999-02-16,2313.870117,4.805885,,17.399647,top,2.664424,-2.398597,5.277732,11.910219,5.419488,-2.807427
1999-02-17,2248.909912,1.693024,,14.359061,top,3.944027,0.721742,7.702167,13.811868,8.46455,0.450001
1999-02-18,2260.550049,1.952676,,14.664897,top,2.889439,1.420482,8.575569,11.176497,8.954012,-0.067241
1999-02-19,2283.600098,2.700345,,15.424802,top,0.193801,2.316198,5.853902,11.49726,7.854259,-1.075936
1999-02-22,2342.01001,4.952976,,17.651843,top,-2.01983,2.346709,2.276607,8.835693,5.164365,-3.54311
1999-02-23,2376.350098,6.102127,,18.735814,top,-5.063021,0.695697,-2.277513,8.121536,3.644659,-4.936986
1999-02-24,2339.379883,4.270462,,16.845103,top,-3.222285,2.807973,1.101053,8.315575,5.2826,-3.434665
1999-02-25,2326.820068,3.50162,,15.997824,top,-1.468957,3.605736,4.536208,7.981186,5.850899,-2.91342
1999-03-05,2337.110107,2.623185,,14.736138,top,1.882798,3.537703,9.111555,3.155356,9.539557,-0.610584
1999-03-08,2397.620117,4.914031,,16.990323,top,1.400702,-0.070101,6.676812,1.440587,6.904755,-3.118927
1999-03-09,2392.939941,4.468862,,16.500902,top,1.917611,-2.97321,6.138392,0.432843,7.113843,-2.929445
1999-03-10,2406,4.729479,,16.751509,top,0.950167,-1.70692,6.725844,2.96234,6.957186,-3.456355
1999-03-11,2412.25,4.711181,,16.697739,top,2.080394,0.930472,7.227489,4.536821,7.495079,-3.706494
1999-03-12,2381.530029,3.129674,,15.123473,top,1.654905,1.568132,8.731052,3.831948,9.123548,-2.46438
1999-03-15,2431.439941,4.901745,,16.892294,top,-1.470804,2.493901,6.066142,3.551732,6.88358,-4.466483
1999-03-16,2439.27002,4.914247,,16.913371,top,-4.890821,1.667668,2.749969,1.842096,6.540483,-4.773147
1999-03-17,2428.969971,4.215103,,16.220035,top,-2.657087,1.326297,3.749376,0.775501,6.992268,-4.369337
1999-03-18,2462.959961,5.335433,,17.310496,top,-1.149923,1.227139,0.852242,-2.659952,5.515725,-5.689084
1999-03-19,2421.27002,3.4263,,15.331077,top,-0.086773,5.573851,-3.174666,-0.27296,7.332517,-4.065219
1999-03-25,2434.800049,3.357228,,14.795269,top,2.377062,6.297017,6.205959,7.722568,6.736077,-3.663132
1999-03-29,2492.840088,5.315075,,16.454934,top,2.782209,3.572241,4.301525,4.136549,6.38669,-5.906114
1999-03-30,2480.290039,4.607785,,15.568923,top,2.553112,1.082301,2.786299,2.928133,6.924997,-5.430007
1999-03-31,2461.399902,3.665148,,14.413057,top,4.44938,2.423079,2.687223,3.640174,7.745598,-4.704225
1999-04-01,2493.370117,4.785742,,15.284352,top,3.919955,-0.374897,1.965422,4.281419,6.364074,-5.926116
1999-04-05,2560.060059,7.2577,,17.509034,top,1.502295,-8.748518,-0.960828,3.154716,3.593275,-8.376755
1999-04-06,2563.169922,7.213276,,17.236783,top,0.790033,-6.176743,-3.092375,4.685307,3.467586,-8.48792
1999-04-07,2544.429932,6.339774,,16.103979,top,-1.470812,-2.199343,-0.393,6.163139,4.229636,-7.813924
1999-04-08,2573.389893,7.33984,,16.839296,top,-2.026301,-0.458805,-4.008324,6.310607,3.056675,-8.851352
1999-04-09,2593.050049,7.911308,,17.224743,top,-4.294853,-0.091058,-3.509708,5.394725,2.275313,-9.542428
1999-04-12,2598.810059,7.937211,,17.073996,top,-10.250813,2.027927,-2.826231,5.401314,2.04863,-9.742919
1999-04-13,2583.5,7.13365,,16.128216,top,-6.966775,0.729284,-0.653186,7.037355,2.653379,-9.208047
1999-04-26,2652.050049,9.048857,,16.07579,top,-4.491051,-4.854158,-7.775219,4.053884,-1.716031,-7.480633
1999-07-09,2793.070068,9.442947,top,12.096859,,2.524545,-3.670842,-9.184442,0.103771,2.556682,-9.060642
1999-07-14,2818.129883,9.659444,top,12.580641,,-2.020172,-4.066107,-9.412283,1.499283,1.644711,-11.639626
1999-07-15,2839.370117,10.130789,top,13.163817,,-5.611012,-7.279953,-10.76889,1.648673,0.884346,-12.300616
1999-07-16,2864.47998,10.767697,top,13.878637,,-6.195387,-8.218005,-8.243778,1.780882,-1.193583,-13.069383
1999-07-19,2830.290039,9.392984,top,12.545312,,-7.751411,-7.582038,-6.760226,1.477914,-2.420954,-12.01926
1999-11-05,3102.290039,10.032932,top,13.834443,,3.759785,8.254961,13.368247,27.247493,14.302982,0.733329
1999-11-08,3143.969971,11.067333,top,14.9944,top,2.375218,7.609849,13.180755,29.220907,14.088873,-0.602103
1999-11-09,3125.040039,10.179721,top,14.21117,,5.311688,6.738266,13.761261,30.609214,14.779967,0.989425
1999-11-10,3155.959961,10.87847,top,15.000482,top,3.531067,8.049402,13.002035,31.437233,13.885156,1.309588
1999-11-11,3197.290039,11.862372,top,16.073694,top,4.579373,7.543568,12.423673,32.55315,13.228389,0.695902
1999-11-12,3221.149902,12.25448,top,16.560317,top,4.495176,6.030268,12.722459,30.347655,13.567205,-0.049978
1999-11-15,3219.540039,11.870964,top,16.268711,top,5.234631,3.558191,10.379194,33.164042,13.623992,1.548353
1999-11-16,3295.52002,13.86834,top,18.334702,top,1.426578,1.750321,9.444857,28.800598,11.00433,-0.792898
1999-11-17,3269.389893,12.772358,top,17.296278,top,4.518335,5.457632,12.779145,30.120815,13.6316,2.042278
1999-11-18,3347.110107,14.808583,top,19.362725,top,2.964194,5.05426,11.44742,27.821657,12.128372,-0.327154
1999-11-19,3369.25,15.125105,top,19.739333,top,1.535092,5.113286,11.605716,27.317878,12.306006,-0.98212
1999-11-22,3392.560059,15.450597,top,20.131174,top,-1.67644,5.570906,14.224661,29.330501,15.286092,-1.662466
1999-11-23,3342.870117,13.614426,top,18.396288,top,0.323743,7.022995,16.366547,27.743947,17.782023,-0.200732
1999-11-24,3420.5,15.521746,top,20.423786,top,0.939297,4.952633,14.883827,24.774591,16.048529,-2.465724
1999-11-26,3447.810059,15.921132,top,20.928621,top,2.090065,4.880106,14.238105,27.746051,15.301592,-3.238292
1999-11-29,3421.370117,14.762588,top,19.890393,top,3.578194,6.692191,14.925638,29.984481,16.192629,-2.490529
1999-11-30,3336.159912,11.962518,top,17.115595,top,7.247346,6.821003,19.178558,31.916853,21.141074,0.526055
1999-12-01,3353.709961,12.196825,top,17.372127,top,6.699252,7.694536,18.540248,31.116229,20.50714,2.954044
1999-12-02,3452.780029,14.747148,top,19.972139,top,4.013335,7.321513,16.429375,30.767828,17.856047,1.965079
1999-12-03,3520.629883,16.319843,top,21.592757,top,2.79004,6.393161,15.991588,30.665384,17.341216,0.720897
1999-12-06,3546.01001,16.671581,top,22.009498,top,3.113997,6.49243,9.558675,29.327056,16.50136,0.723345
1999-12-07,3586.919922,17.407411,top,22.851659,top,-0.426342,8.653755,7.790707,31.495516,15.172627,-0.425435
1999-12-08,3586.080078,16.987841,top,22.530105,top,0.995284,9.343552,3.857876,31.316483,15.1996,-0.402115
1999-12-09,3594.169922,16.784461,top,22.475243,top,3.308178,9.931195,7.719715,29.922015,14.940306,-0.626292
1999-12-10,3620.23999,17.061996,top,22.89653,top,3.60312,9.357999,11.209506,30.21355,14.112598,-1.341902
1999-12-13,3658.169922,17.674623,top,23.632474,top,3.378433,8.233447,6.943216,32.180324,12.929415,-2.364844
1999-12-14,3571.659912,14.909361,top,20.946022,top,9.080097,12.357555,7.50479,34.608451,15.664705,1.40803
1999-12-15,3621.949951,15.874718,top,22.037083,top,8.348268,10.845713,8.852668,30.369917,14.058724,2.570718
1999-12-16,3715.060059,17.951866,top,24.256719,top,6.623017,9.107862,8.983931,23.657728,11.200084,0.324889
1999-12-17,3753.060059,18.432403,top,24.957281,top,5.754879,9.598427,9.5902,19.969939,10.074175,-0.690908
1999-12-20,3783.870117,18.694357,top,25.462508,top,4.855014,3.066245,9.267181,22.050838,9.710162,-1.499529
1999-12-21,3911.149902,21.394281,top,28.429176,top,3.277458,-0.863048,6.87523,20.439481,7.117085,-4.705011
1999-12-22,3937.300049,21.439253,top,28.757429,top,2.497445,-5.485675,7.298253,15.773264,7.571174,-5.337926
1999-12-23,3969.439941,21.604369,top,29.223191,top,2.484845,-2.21148,3.140543,17.141956,6.700189,-6.104389
1999-12-27,3975.379883,21.115359,top,29.026795,top,3.843548,1.851507,4.717447,20.189502,6.540759,-6.244686
1999-12-28,3972.110107,20.395477,top,28.608738,top,-1.788769,-1.29023,2.43234,21.819131,6.628462,-6.167508
1999-12-29,4041.459961,21.487544,top,29.991545,top,-4.140506,-4.852765,-0.047021,20.541039,4.798759,-7.777637
1999-12-30,4036.870117,20.743389,top,29.531615,top,-7.98312,-1.993045,-3.781399,20.564572,4.917914,-7.672782
1999-12-31,4069.310059,20.929871,top,29.974554,top,-4.696325,-0.123932,-3.220389,17.217809,4.081523,-8.408801
2000-01-03,4131.149902,21.798673,top,31.120576,top,-1.992042,-0.008227,-1.935015,11.716451,2.52351,-9.779844
2000-01-04,3901.689941,15.576073,top,25.11388,top,0.498539,6.200936,4.320571,13.326581,8.55296,-4.47396
2000-01-05,3877.540039,14.476348,top,24.215239,top,-0.712259,7.738278,8.249445,16.493134,9.229044,-3.87901
2000-01-06,3727.129883,10.096404,top,20.013741,top,5.990075,12.783928,12.990077,12.506836,13.871538,3.297179
2000-01-07,3882.620117,13.650084,top,23.787193,top,4.572394,5.352022,10.715483,6.633065,11.310659,-0.839642
2000-01-10,4049.669922,17.252933,top,27.649666,top,1.983815,2.86594,8.919971,2.909364,9.329898,-4.930029
2000-01-11,3921.189941,13.448935,top,24.090653,top,5.702397,3.72257,10.681979,8.464708,12.912153,-1.815008
2000-01-12,3850.02002,11.054394,top,21.946426,top,8.450538,4.805744,15.280058,14.402772,16.509261,0.962334
2000-01-13,3957.209961,13.188783,top,24.332475,top,6.793853,-1.788354,10.503074,5.673187,13.353346,-1.772458
2000-01-14,4064.27002,15.246901,top,26.630665,top,0.779629,-3.096457,8.357739,-0.206156,10.367418,-4.359945
2000-01-18,4130.810059,16.238154,top,27.874001,top,0.882125,-1.926788,6.784037,-9.149671,8.589594,-5.900537
2000-01-19,4151.290039,16.101221,top,27.966484,top,-1.979827,-1.880365,6.444981,-12.138176,8.053878,-6.364768
2000-01-20,4189.509766,16.37197,top,28.471966,top,-3.644794,0.511167,8.23061,-23.223045,8.578812,-7.218976
2000-01-21,4235.399902,16.796357,top,29.136077,top,-8.582207,0.206149,4.079147,-17.958837,7.402371,-8.224249
2000-01-24,4096.080078,12.851306,top,25.395043,top,-3.876086,5.363461,6.750221,-7.672289,11.055444,-5.102684
2000-01-25,4167.410156,13.981633,top,26.695573,top,-2.808913,6.054031,8.7905,-11.723105,9.188439,-6.726962
2000-01-26,4069.909912,11.107988,top,23.936161,top,0.099463,6.959409,12.626503,-11.057185,13.458283,-4.492479
2000-01-27,4039.560059,9.870151,top,22.800399,top,4.155961,10.474314,12.785316,-14.839111,14.310713,-3.774916
2000-01-28,3887.070068,5.610663,,18.598512,top,8.788356,12.291428,16.35738,-4.629233,18.795129,1.370699
2000-01-31,3940.350098,6.559371,,19.586138,top,9.239547,11.454197,17.558842,-8.201211,19.194737,2.832994
2000-02-01,4051.97998,8.904131,,21.997953,top,8.862944,8.710825,16.608811,-7.106224,18.067713,0.54245
2000-02-02,4073.959961,9.009178,,22.149032,top,6.859946,8.325346,15.44781,-5.377736,17.430709,3.363313
2000-02-03,4210.97998,11.840637,top,25.056249,top,6.318353,7.719443,15.455364,-6.193632,16.713688,0.787469
2000-02-04,4244.140137,12.127654,top,25.434954,top,3.503072,3.872998,14.468529,-11.437448,15.801785,1.829107
2000-02-07,4321.77002,13.424725,top,26.830462,top,2.21465,1.386761,11.486817,-15.335848,13.721693,0.959566
2000-02-08,4427.5,15.30061,top,28.80219,top,-0.15212,2.736468,10.084073,-17.404691,11.005986,-1.451378
2000-02-09,4363.240234,13.338844,top,26.903862,top,1.465399,5.667094,14.555129,-13.379732,15.667705,0.432703
2000-02-10,4485.629883,15.554134,top,29.212079,top,1.40109,2.311002,11.823603,-20.085625,12.550974,-2.307586
2000-02-11,4395.450195,13.046908,top,26.765079,top,0.369926,4.065952,11.014175,-20.380869,14.860137,-0.30327
2000-02-14,4418.549805,13.075831,top,26.877253,top,-0.827889,6.104645,6.316058,-26.653741,14.259663,-0.824472
2000-02-15,4420.77002,12.665573,top,26.529729,top,2.888588,7.897986,3.595702,-23.367091,14.202279,-0.87428
2000-02-16,4427.649902,12.369196,top,26.279784,top,4.201695,7.122464,6.338676,-22.683738,14.024826,-1.028306
2000-02-17,4548.919922,14.579902,top,28.544666,top,0.909913,7.735921,5.333641,-23.183326,10.985029,-3.6668
2000-02-18,4411.740234,11.065774,top,25.069381,top,3.696025,10.595531,4.395863,-17.119898,14.436024,-0.671393
2000-02-22,4382.120117,9.987149,top,23.997803,top,6.932534,10.100056,7.251192,-18.418727,15.209533,3.838552
2000-02-23,4550.330078,13.291565,top,27.330434,top,5.009398,7.347604,6.681555,-25.143753,10.950635,0.604792
2000-02-24,4617.649902,14.260973,top,28.346739,top,2.92077,8.888034,6.760288,-30.893802,9.333107,-0.861906
2000-02-25,4590.5,13.150508,top,27.339226,top,6.826008,9.512601,7.802745,-31.07958,9.979743,-0.275567
2000-02-28,4577.850098,12.36893,top,26.648813,top,6.899505,6.948224,7.988591,-36.92186,10.283649,0.104198
2000-02-29,4696.689941,14.42059,top,28.764045,top,3.167522,0.211414,2.879356,-36.188145,7.493153,-2.428728
2000-03-01,4784.080078,15.747607,top,30.151608,top,2.338206,-4.302284,-2.957345,-40.047244,5.529591,-4.211049
2000-03-02,4754.509766,14.635981,top,29.092795,top,5.967265,-0.783788,-6.4418,-39.434715,6.185924,-6.238701
2000-03-03,4914.790039,17.414129,top,31.924185,top,2.686593,-2.40228,-7.211675,-35.113075,2.723007,-9.296428
2000-03-06,4904.850098,16.680809,top,31.247682,top,0.048718,-6.199667,-14.95177,-36.618151,2.931181,-13.887681
2000-03-07,4847.839844,15.009613,top,29.607403,top,-2.956108,-2.848864,-15.569235,-30.247233,4.141644,-14.417756
2000-03-08,4897.259766,15.515036,top,30.139643,top,-6.64049,-0.666049,-16.09468,-25.015991,3.090715,-15.281395
2000-03-09,5046.859863,17.973669,top,32.649133,top,-6.751053,-2.127746,-16.772399,-27.805519,0.034878,-17.792642
2000-03-10,5048.620117,17.426451,top,32.190299,top,-5.088873,-1.709856,-12.700889,-29.566187,-1.695321,-17.821305
2000-03-13,4907.240234,14.082318,top,28.875993,top,-6.248386,1.040367,-15.844062,-24.543207,1.136882,-15.453698
2000-03-14,4706.629883,9.521411,top,24.283923,top,0.107244,2.667943,-14.879954,-20.726725,5.447633,-13.825816
2000-03-15,4582.620117,6.52871,,21.200955,top,5.974441,1.34494,-19.529409,-16.776652,8.301139,-17.740729
2000-03-16,4717.390137,9.065425,,23.656011,top,4.623307,-5.658012,-24.921833,-22.473526,5.207109,-22.059022
2000-03-17,4798.129883,10.419956,top,24.898364,top,3.379016,-4.809395,-36.787296,-21.987778,3.436754,-30.779489
2000-03-20,4610,6.161125,,20.486396,top,7.288753,-8.752103,-26.433847,-19.390862,7.657913,-27.954663
2000-03-21,4711.680176,8.057805,,22.229424,top,2.560699,-12.720371,-21.673702,-20.307853,5.334607,-29.509434
2000-03-22,4864.75,10.914465,top,24.959608,top,-4.629502,-15.428631,-27.19516,-23.120306,2.020243,-31.727426
2000-03-23,4940.609863,12.092419,top,26.023593,top,-10.281319,-14.644653,-30.443976,-21.374013,0.453789,-32.775707
2000-03-24,4963.029785,12.194952,top,26.003312,top,-8.188411,-10.991033,-35.427172,-21.238758,-0.09006,-33.079385
2000-03-27,4958.560059,11.755798,top,25.444166,top,-16.040856,-16.884429,-28.975204,-19.894521,-2.514236,-33.019062
2000-03-28,4833.890137,8.920783,,22.470246,top,-15.281069,-17.547897,-28.639409,-20.527316,-3.91445,-31.29157
2000-03-29,4644.669922,4.73427,,18.092829,top,-10.799129,-20.874349,-20.75769,-18.885826,-1.546716,-28.492442
2000-03-31,4572.830078,2.705723,,15.842359,top,-2.802622,-31.977901,-14.437321,-16.973458,-2.763713,-27.369048
2000-04-11,4055.899902,-10.054154,bottom,1.70816,,-6.686504,-11.091512,-18.089845,-0.809499,-2.411791,-18.11213
2000-04-12,3769.629883,-17.239419,bottom,-5.813459,,-1.691309,0.116658,-7.433384,5.437787,4.99917,-11.893471
2000-04-13,3676.780029,-19.556634,bottom,-8.486676,,-0.898836,4.880075,-4.100581,7.330218,7.650717,-9.668514
2000-04-14,3321.290039,-29.400868,bottom,-18.760246,bottom,4.73914,17.540581,8.270329,21.053366,19.172973,1.910099
2000-04-17,3539.159912,-22.786533,bottom,-12.557871,,4.747397,6.727537,4.918086,16.519141,11.836712,-4.363463
2000-04-18,3793.570068,-15.731223,bottom,-5.821658,,-4.405008,-2.300098,-3.996217,11.271225,4.336549,-10.777186
2000-04-19,3706.409912,-17.8824,bottom,-8.318152,,1.807967,0.372445,-4.630149,14.264316,6.790133,-8.679017
2000-04-20,3643.879883,-19.423539,bottom,-10.159683,,5.778911,4.636862,-7.210114,13.658495,8.622683,-7.111922
2000-04-24,3482.47998,-23.743932,bottom,-14.796425,bottom,12.80144,5.2278,-3.455152,15.236133,13.656937,-3.396144
2000-04-25,3711.22998,-17.315675,bottom,-8.58502,,1.98014,-3.460209,-15.935247,12.003822,6.651436,-14.730425
2000-04-26,3630.090088,-19.409014,bottom,-10.9195,,2.10491,-6.998333,-10.428092,12.037492,9.035313,-12.824476
2000-04-27,3774.030029,-15.415264,bottom,-7.178589,,-1.435522,-7.550042,-16.332208,5.353283,4.876751,-16.149315
2000-04-28,3860.659912,-13.06502,bottom,-5.064849,,-1.14205,-8.980657,-18.609169,4.282156,2.523407,-18.030852
2000-05-01,3958.080078,-10.477072,bottom,-2.739664,,-7.57364,-9.270252,-13.46408,0.746055,-3.568902,-20.048357
2000-05-02,3785.449951,-14.76242,bottom,-7.33429,,-5.440349,-1.809451,-10.712174,1.488816,0.828702,-16.402275
2000-05-03,3707.310059,-16.61456,bottom,-9.532837,,-9.103243,-1.696118,-3.424568,-1.202408,2.953894,-14.640265
2000-05-04,3720.23999,-15.99675,bottom,-9.29148,,-6.11452,-5.002594,2.472772,1.248809,2.596071,-14.936938
2000-05-05,3816.820068,-13.224978,bottom,-6.850051,,-7.838607,-11.846975,0.129342,-3.5006,0.129426,-17.089357
2000-05-08,3669.379883,-16.851712,bottom,-10.881217,,-1.696611,-8.682952,2.343042,-0.29804,4.152749,-13.757906
2000-05-09,3585.01001,-18.866347,bottom,-13.266307,,3.630898,-12.475039,6.851838,4.762574,7.09203,-11.728279
2000-05-10,3384.72998,-24.21628,bottom,-19.038497,bottom,7.407125,-3.429759,12.243074,11.23951,13.428842,-6.505096
2000-05-11,3499.580078,-20.522715,bottom,-15.732638,bottom,1.111926,-8.782166,10.186141,9.879851,10.723001,-9.573435
2000-05-12,3529.060059,-19.334698,bottom,-14.92629,bottom,-4.008368,-9.628512,6.548888,8.66649,9.798077,-10.328813
2000-05-15,3607.649902,-16.765143,bottom,-12.767528,,-6.986341,-4.193828,6.529189,6.592526,7.406212,-12.28223
2000-05-16,3717.570068,-13.492212,bottom,-9.842308,,-16.105937,-8.902723,2.124898,1.134605,4.230452,-14.875847
2000-05-17,3644.959961,-15.175509,bottom,-11.860383,,-10.836884,-1.72845,5.362066,3.888078,6.306794,-13.180115
2000-05-18,3538.709961,-17.735595,bottom,-14.837153,bottom,-9.894092,7.475366,8.705002,8.423037,9.498663,-10.573342
2000-05-19,3390.399902,-21.531782,bottom,-19.112302,bottom,-5.620144,11.976317,16.280076,12.755632,17.68022,-6.661452
2000-05-22,3364.209961,-21.82002,bottom,-19.893469,bottom,2.792513,11.025994,17.643567,13.778485,19.295768,-5.934823
2000-05-23,3164.550049,-27.37375,bottom,-25.973286,bottom,7.203214,19.326876,25.015929,21.939066,28.422997,1.281701
2000-05-24,3270.610107,-23.504333,bottom,-22.639714,bottom,9.108434,15.672833,18.540185,18.374941,24.258468,-2.002684
2000-05-25,3205.350098,-24.881836,bottom,-24.59116,bottom,17.369458,18.968308,18.204073,20.969139,26.788335,-0.007487
2000-05-26,3205.110107,-24.259173,bottom,-24.529317,bottom,17.596461,16.1774,19.933301,21.104545,26.797828,6.108988
2000-05-30,3459.47998,-16.026467,bottom,-16.866203,bottom,8.233481,10.723017,10.927942,14.79248,17.474593,-1.693031
2000-05-31,3400.909912,-17.114824,bottom,-18.536041,bottom,12.123663,11.027622,14.722402,17.548342,19.497726,5.339456
2000-06-01,3582.5,-11.389112,bottom,-13.331879,,6.5644,7.090516,7.90601,12.084694,13.440614,4.853318
2000-07-12,4099.589844,9.500488,top,0.178832,,-1.078092,-2.76673,-6.19051,-16.61273,4.270673,-10.760342
2000-07-13,4174.859863,11.03608,top,2.010547,,0.232078,-8.302787,-10.46645,-21.683927,2.39074,-12.369275
2000-07-14,4246.180176,12.528412,top,3.673883,,-3.638741,-14.773731,-11.379364,-23.540111,0.67095,-13.841151
2000-07-17,4274.669922,12.944622,top,4.320756,,-7.103066,-12.643062,-10.471428,-27.696689,-2.107996,-14.415381
2000-07-18,4177.169922,10.400948,top,1.991633,,-3.597428,-12.522233,-8.112976,-27.637883,0.176917,-12.417737
2000-07-20,4184.560059,10.115473,top,2.104602,,-8.534865,-10.701456,-6.000003,-23.241015,-2.153395,-12.572411
2000-10-03,3455.830078,-12.516342,bottom,-9.848656,,-6.432269,-7.255887,-2.525977,-30.09308,1.946566,-11.029192
2000-10-04,3523.100098,-10.403915,bottom,-7.887205,,-10.608618,-10.511771,-5.535154,-35.491265,-1.134234,-12.728
2000-10-05,3472.100098,-11.594211,bottom,-9.378334,,-12.155882,-1.552849,-1.248511,-41.539586,0.317957,-11.446103
2000-10-06,3361.01001,-14.497519,bottom,-12.591207,,-1.32501,3.569263,2.659059,-25.033139,3.633726,-8.519168
2000-10-09,3355.560059,-14.277031,bottom,-12.657692,,-1.964601,3.31583,1.791305,-26.794698,3.802043,-8.370589
2000-10-10,3240.540039,-17.318604,bottom,-16.043569,bottom,-0.823619,5.383916,5.266882,-29.708887,7.486402,-5.118286
2000-10-11,3168.48999,-19.12985,bottom,-18.187872,bottom,0.096847,1.909389,1.975317,-27.948787,9.930595,-2.960718
2000-10-12,3074.679932,-21.708221,bottom,-21.103846,bottom,10.603033,6.22556,4.00594,-23.06701,13.284634,3.150901
2000-10-13,3316.77002,-13.749836,bottom,-13.438177,,4.894273,-1.164809,-9.07622,-27.307519,5.016021,-8.676514
2000-10-16,3290.280029,-14.198908,bottom,-14.165382,bottom,5.280431,-3.051302,-10.351572,-21.997785,5.861503,-9.833815
2000-10-17,3213.959961,-16.207866,bottom,-16.389079,bottom,6.207535,4.72991,-2.383211,-20.185165,8.375336,-7.69269
2000-10-18,3171.560059,-17.156805,bottom,-17.56532,bottom,1.812542,4.976617,-0.191574,-19.160285,9.824182,-6.458654
2000-10-25,3229.570068,-14.488202,bottom,-15.318014,bottom,3.164075,0.065928,-15.880814,-12.840769,6.87429,-14.683997
2000-10-26,3272.179932,-13.004856,bottom,-13.919302,bottom,4.68181,-2.21962,-11.923651,-13.493206,5.482588,-15.79497
2000-10-27,3278.360107,-12.600581,bottom,-13.662639,,5.148879,-7.91141,-12.938291,-17.418725,5.283738,-15.953709
2000-10-30,3191.399902,-15.021483,bottom,-16.30813,bottom,6.807208,-7.300271,-15.433555,-13.75412,8.152541,-14.301558
2000-11-01,3333.389893,-10.214216,bottom,-11.882862,,-3.098147,-5.168191,-24.927482,-16.076684,3.545645,-22.063424
2000-11-08,3231.699951,-12.332457,bottom,-14.768789,bottom,-2.070044,-15.946742,-16.044061,-19.299563,-0.970073,-19.611042
2000-11-09,3200.350098,-13.005537,bottom,-15.70714,bottom,-5.407736,-9.704031,-9.255714,-20.474556,-1.089259,-18.823571
2000-11-10,3028.98999,-18.090792,bottom,-21.180066,bottom,-0.059445,-5.026881,-0.45962,-16.741758,4.506453,-14.231148
2000-11-13,2966.719971,-19.724562,bottom,-23.189623,bottom,-3.118173,-8.133284,-1.185061,-18.284618,6.699993,-12.430902
2000-11-14,3138.27002,-13.726539,bottom,-17.553205,bottom,-8.885459,-14.785657,-10.595302,-23.152558,0.867356,-17.217769
2000-11-15,3165.48999,-12.495249,bottom,-16.680761,bottom,-13.876698,-19.759291,-14.855218,-26.535533,-4.220835,-17.929612
2000-11-16,3031.879883,-16.351743,bottom,-20.897943,bottom,-4.296295,-13.640214,-13.339,-19.633809,-0.154688,-14.312901
2000-11-17,3027.189941,-16.02643,bottom,-20.969368,bottom,-4.967436,-14.608391,-14.273675,-17.040093,-0.399375,-14.180148
2000-11-20,2875.639893,-20.613497,bottom,-25.947422,bottom,-5.01511,0.491209,-13.531144,-17.028706,4.84971,-12.655616
2000-11-21,2871.449951,-20.192166,bottom,-25.882432,bottom,-5.900199,-2.644848,-20.775641,-21.396134,5.002704,-18.759509
2000-11-22,2755.340088,-23.688484,bottom,-29.770856,bottom,-5.882593,-0.097319,-16.333862,-19.422814,9.427512,-15.33604
2000-11-24,2904.379883,-17.846443,bottom,-24.31144,bottom,-9.343919,0.448317,-14.314423,-25.753222,3.812181,-19.680616
2000-11-27,2880.48999,-18.033874,bottom,-24.921433,bottom,-9.640955,4.567261,-14.426504,-24.148559,4.673167,-19.014472
2000-11-28,2734.97998,-22.49049,bottom,-29.858849,bottom,5.50632,6.948223,-7.421593,-16.952615,10.242127,-14.705773
2000-11-29,2706.929932,-22.819979,bottom,-30.625402,bottom,3.255351,4.190355,-5.668325,-20.380949,11.38449,-13.821928
2000-11-30,2597.929932,-26.233917,bottom,-34.469903,bottom,5.785274,4.904073,-5.028629,-18.839627,16.057791,-10.206199
2000-12-01,2645.290039,-23.707669,bottom,-32.388947,bottom,9.792235,0.301213,-14.341695,-19.191111,13.979944,-13.360725
2000-12-04,2615.75,-24.151018,bottom,-33.242308,bottom,14.208217,0.334717,0.035927,-21.125338,15.267136,-12.382295
2000-12-05,2889.800049,-13.682366,bottom,-23.060008,bottom,1.441903,-14.022353,-11.851561,-29.901796,4.335942,-20.691395
2000-12-06,2796.5,-16.433172,bottom,-26.097927,bottom,0.935004,-18.130793,-14.971751,-23.789969,7.816917,-18.04541
2000-12-07,2752.659912,-17.434512,bottom,-27.393636,bottom,-0.881201,-16.236542,-13.880043,-21.329632,9.534058,-16.740165
2000-12-08,2917.429932,-11.112898,bottom,-21.327501,bottom,-9.491022,-14.76274,-17.817236,-29.656133,3.347815,-21.442497
2000-12-11,3015.100098,-7.399775,,-17.792146,bottom,-13.8735,-18.993765,-17.77168,-38.443804,-2.763758,-23.987263
2000-12-12,2931.77002,-9.793627,bottom,-20.362033,bottom,-15.464256,-14.369816,-10.461151,-42.152229,-3.717891,-21.826743
2000-12-13,2822.77002,-13.043398,bottom,-23.913407,bottom,-19.065798,-9.85868,-7.206652,-33.720866,-3.339273,-18.808118
2000-12-14,2728.51001,-15.832075,bottom,-27.034224,bottom,-15.355342,-9.932701,-4.113493,-32.46618,-2.757549,-16.003236
2000-12-15,2653.27002,-18.013522,bottom,-29.549102,bottom,-5.271718,-14.642909,1.106073,-31.273898,1.112213,-13.621302
2000-12-18,2624.52002,-18.482443,bottom,-30.330569,bottom,-5.120265,-0.298789,5.340401,-32.783982,5.485573,-12.675076
2000-12-19,2511.709961,-22.224725,bottom,-34.403338,bottom,1.09444,2.170792,9.802067,-25.252944,10.298559,-8.752995
2000-12-20,2332.780029,-28.89178,bottom,-41.408746,bottom,9.207118,3.159043,16.741241,-22.786154,18.758728,-1.754127
2000-12-21,2340.120117,-27.870739,bottom,-40.703824,bottom,5.42264,2.3565,19.373907,-24.576063,21.377953,-2.062288
2000-12-22,2517.02002,-19.901266,bottom,-33.09691,bottom,-9.371191,-3.054497,12.744867,-28.243307,13.592656,-8.945495
2000-12-26,2493.52002,-20.197274,bottom,-33.685479,bottom,4.821476,1.222086,9.94607,-25.685952,14.663202,-8.087359
2000-12-27,2539.350098,-17.812107,bottom,-31.50949,bottom,1.076352,3.908665,9.101028,-28.036977,12.593766,-9.746194
2000-12-28,2557.76001,-16.595253,bottom,-30.445884,bottom,-6.048075,2.652028,10.408753,-25.996701,11.783353,-10.395811
2000-12-29,2470.52002,-19.482886,bottom,-33.558521,bottom,-3.06614,5.819209,13.879427,-28.701308,15.730692,-7.231672
2001-01-02,2291.860107,-26.331954,bottom,-40.628124,bottom,6.316694,15.748982,19.046863,-23.021415,24.752374,4.540409
2001-01-03,2616.689941,-12.660479,bottom,-26.995375,bottom,-3.599391,5.63919,6.15439,-35.200327,9.265903,-8.436996
2001-01-04,2566.830078,-14.140709,bottom,-28.510092,bottom,2.832312,7.631275,3.584237,-36.439121,11.388359,-6.658413
2001-01-05,2407.649902,-20.072171,bottom,-34.455331,bottom,8.700103,13.582199,9.334295,-36.403271,18.752726,-0.487196
2001-01-08,2395.919922,-20.122054,bottom,-34.505931,bottom,8.885349,17.017407,10.624541,-37.980296,19.334118,1.894059
2001-01-09,2441.300049,-17.88477,bottom,-32.231161,bottom,9.432288,15.799364,6.598395,-31.311229,17.115875,3.394908
2001-01-10,2524.179932,-14.092706,bottom,-28.481156,bottom,9.238581,8.723985,1.489541,-38.338267,13.270447,1.50069
2001-01-11,2640.570068,-9.211549,,-23.61162,bottom,4.798962,5.192363,-6.638405,-41.38335,8.277752,-6.422859
2001-01-12,2626.5,-9.407081,,-23.807609,bottom,4.882095,7.756724,-5.350604,-34.936981,8.857792,-5.92157
2001-01-16,2618.550049,-9.3903,,-23.757285,bottom,8.132058,8.060218,-7.566821,-32.131967,9.188285,-7.287624
2001-01-17,2682.780029,-6.539744,,-21.005994,bottom,6.367076,3.297881,-7.400882,-31.317975,6.574146,-9.507304
2001-01-18,2768.48999,-2.978163,,-17.590445,bottom,-0.514597,0.515199,-8.106819,-37.142398,3.274706,-12.308877
2001-01-19,2770.379883,-2.501031,,-17.296605,bottom,0.393401,-4.047038,-13.299629,-36.49836,3.204254,-12.453166
2001-01-22,2757.909912,-2.563055,,-17.492091,bottom,2.874629,-4.247904,-17.361735,-28.237452,3.670895,-15.93815
2001-01-23,2840.389893,0.613268,,-14.330654,bottom,-0.07184,-6.392866,-22.462859,-26.363533,0.660473,-20.118715
2001-01-25,2754.280029,-1.910467,,-16.949286,bottom,1.029796,-7.234443,-19.668126,-29.078021,3.052343,-18.491949
2001-01-26,2781.300049,-0.690468,,-15.715781,bottom,-4.440439,-11.830769,-18.63205,-32.150059,2.051201,-19.283791
2001-01-31,2772.72998,0.007327,,-15.223447,bottom,-6.131774,-10.698763,-23.896278,-28.954361,0.362821,-22.393089
2001-02-01,2782.790039,0.772336,,-14.608743,bottom,-8.264239,-8.622019,-27.315655,-27.381311,-4.251131,-23.902635
2001-02-02,2660.5,-3.264498,,-18.810182,bottom,-7.39033,-9.252591,-21.634473,-20.45983,0.149971,-20.404816
2001-02-05,2643.209961,-3.44696,,-19.14859,bottom,-5.984795,-13.11383,-18.152513,-17.42166,0.805083,-19.884159
2001-02-06,2664.48999,-2.298969,,-18.037195,bottom,-9.306013,-16.069993,-18.07413,-21.631385,-2.126858,-20.524007
2001-02-07,2607.820068,-4.085902,,-19.859155,bottom,-4.566989,-14.982696,-18.437292,-17.391471,-1.754723,-18.796933
2001-02-08,2562.060059,-5.569322,,-21.267559,bottom,-0.357779,-12.433682,-22.161666,-16.444064,-0.35714,-19.877755
2001-02-09,2470.969971,-8.883919,,-24.503174,bottom,-1.862261,-6.801281,-25.052672,-11.671265,3.316104,-22.160932
2001-02-12,2489.659912,-7.729284,,-23.362591,bottom,-7.129035,-12.014049,-21.16361,-14.359936,2.540508,-22.745272
2001-02-13,2427.719971,-9.790441,bottom,-25.475572,bottom,-6.76398,-12.063385,-20.785866,-13.136586,5.156688,-20.774223
2001-02-14,2491.399902,-6.864209,,-22.481221,bottom,-10.415708,-13.197515,-24.97909,-16.73756,2.468893,-22.799226
2001-02-15,2552.909912,-4.12863,,-19.640696,bottom,-12.075903,-18.693637,-30.017564,-20.394334,-4.995477,-25.931188
2001-02-16,2425.379883,-8.970737,,-24.330536,bottom,-4.93902,-12.381882,-21.755382,-15.094113,-4.412908,-22.036542
2001-02-20,2318.350098,-13.135905,bottom,-28.370631,bottom,-4.885013,-5.038683,-22.16566,-6.777053,-0.424875,-19.880956
2001-02-21,2268.939941,-14.983107,bottom,-30.032953,bottom,-5.299406,-2.004137,-21.48711,-3.373227,1.743548,-19.335459
2001-02-22,2244.959961,-15.627758,bottom,-30.588574,bottom,-2.781808,-3.454595,-16.804509,-2.07396,2.830342,-18.473825
2001-02-23,2262.51001,-14.455859,bottom,-29.277038,bottom,-6.617734,-9.727983,-15.963896,1.886183,2.032698,-19.106215
2001-02-26,2308.5,-12.171296,bottom,-26.734023,bottom,-7.442861,-18.251391,-18.505955,0.231488,-3.663854,-20.717783
2001-02-27,2207.820068,-16.310971,bottom,-30.657077,bottom,-0.153669,-9.149561,-11.284076,1.602259,0.729219,-17.102394
2001-02-28,2151.830078,-18.593181,bottom,-32.707326,bottom,3.295269,-8.72248,-14.890309,5.874234,3.350164,-14.945423
2001-03-01,2183.370117,-16.840577,bottom,-30.716075,bottom,-0.672787,-11.781574,-18.172,3.051829,1.857212,-16.616522
2001-03-02,2117.629883,-19.575967,bottom,-33.249536,bottom,-3.11025,-11.323927,-14.039061,2.697944,5.019293,-14.027944
2001-03-05,2142.919922,-17.904291,bottom,-31.566291,bottom,-10.808529,-9.3735,-18.388885,-2.764033,3.779889,-16.797172
2001-03-06,2204.429932,-14.688591,bottom,-28.268678,bottom,-8.995892,-17.126978,-27.585052,-4.35488,0.884128,-24.107363
2001-03-07,2223.919922,-13.462605,bottom,-26.911459,bottom,-12.017749,-19.482974,-30.530707,-3.406405,-2.481651,-26.310294
2001-03-08,2168.72998,-15.48394,bottom,-28.923535,bottom,-11.108787,-13.349913,-19.472332,-0.591958,-5.346445,-24.435035
2001-03-09,2052.780029,-20.343143,bottom,-33.904009,bottom,-8.213677,-6.235913,-17.666142,8.444647,-1.851148,-20.166797
2001-03-12,1923.380005,-26.183981,bottom,-39.892227,bottom,1.435029,-0.254564,-9.692273,14.240008,4.752052,-14.795826
2001-03-13,2014.780029,-21.001069,bottom,-34.71006,bottom,-8.131086,-2.134515,-8.422767,11.662314,-2.111896,-18.661093
2001-03-14,1972.089966,-22.634195,bottom,-36.287281,bottom,-7.465225,-6.167829,-3.77928,11.620372,0.0071,-16.90034
2001-03-15,1940.709961,-23.756815,bottom,-37.334679,bottom,-2.241126,-6.390426,1.061996,11.20327,1.624149,-15.556673
2001-03-16,1890.910034,-25.858345,bottom,-39.367187,bottom,1.977765,-2.715134,0.981984,13.764589,4.300572,-13.332733
2001-03-19,1951.180054,-22.338519,bottom,-35.695994,bottom,-1.689593,-9.015385,-1.44335,8.376441,1.078831,-16.009799
2001-03-20,1857.439941,-26.936765,bottom,-40.070563,bottom,5.996571,-10.458074,11.289943,9.574373,11.951934,-11.771034
2001-03-21,1830.22998,-28.062424,bottom,-40.996026,bottom,1.297395,-11.047733,17.586437,10.282049,19.227633,-10.459338
2001-03-22,1897.699951,-24.015441,bottom,-36.806017,bottom,-4.149299,-6.122419,13.104304,4.680336,14.988668,-13.642826
2001-03-23,1928.680054,-22.005187,bottom,-34.655221,bottom,-4.692899,-11.43023,6.554001,3.263459,13.141622,-15.029969
2001-03-26,1918.48999,-22.10346,bottom,-34.679441,bottom,-7.325792,-9.437709,4.987946,5.710803,13.742574,-14.57865
2001-03-27,1972.22998,-18.932184,bottom,-31.460174,bottom,-16.454645,-6.288252,4.344404,4.293899,10.643278,-16.90624
2001-03-28,1854.130005,-24.675133,bottom,-37.118923,bottom,-12.345129,2.388549,9.302127,9.300159,17.690771,-11.613531
2001-03-29,1820.569946,-26.170177,bottom,-38.432099,bottom,-1.973119,7.452422,13.113917,11.911454,19.860261,-9.98423
2001-03-30,1840.26001,-24.545821,bottom,-36.881266,bottom,-6.737331,3.697119,13.973405,11.503938,18.577803,-10.947364
2001-04-02,1782.969971,-27.151509,bottom,-39.550214,bottom,-2.111917,7.572035,19.563528,15.155534,22.387922,-8.085942
2001-04-03,1673,-32.992901,bottom,-45.42188,bottom,10.166393,21.748018,28.315905,23.936981,32.731626,-2.044229
2001-04-04,1638.800049,-34.514549,bottom,-47.002324,bottom,14.733678,28.63417,26.973452,27.639391,35.501588,4.976808
2001-04-05,1785,-25.495376,bottom,-38.0462,bottom,9.425541,19.226722,20.518153,18.545389,24.403367,-3.621289
2001-04-06,1720.359985,-28.600537,bottom,-41.223943,bottom,10.434449,17.98423,23.383745,21.864605,29.077642,1.473527
2001-04-09,1745.709961,-26.484341,bottom,-39.264515,bottom,9.683952,14.425655,23.073679,17.52595,27.203267,6.090363
2001-04-10,1852.030029,-20.00326,bottom,-32.912433,bottom,11.581625,10.632656,15.226441,7.894269,19.900869,2.533432
2001-04-11,1898.949951,-16.969802,bottom,-29.997679,bottom,13.900492,6.913578,11.42856,6.511269,16.938316,0.559256
2001-04-12,1961.430054,-13.196798,bottom,-26.285542,bottom,9.801181,5.661495,7.179534,0.069312,13.213321,-2.643995
2001-04-16,1909.569946,-15.23471,bottom,-28.449778,bottom,7.549781,10.276287,8.641245,3.21905,16.287969,0.714822
2001-04-17,1923.219971,-13.885493,bottom,-27.228764,bottom,4.741703,11.991492,8.104618,7.631686,15.462616,4.85592
2001-04-18,2079.439941,-5.562667,,-18.975669,bottom,-0.948968,6.567888,4.098664,0.256955,6.788374,-3.021485
2001-04-20,2163.409912,-0.572157,,-14.299653,bottom,-4.139686,1.29143,1.626245,-4.543252,2.643521,-6.785581
2001-04-23,2059.320068,-4.969378,,-18.822799,bottom,2.726506,5.399514,11.296078,-2.117617,11.958802,-2.07399
2001-04-24,2016.609985,-6.474553,,-20.52399,bottom,7.24979,8.648025,13.749497,1.47571,14.739593,0.905977
2001-04-25,2059.800049,-3.750524,,-17.963076,bottom,7.516856,4.593785,8.541931,-1.488352,12.333724,-1.209828
2001-04-26,2034.880005,-4.339573,,-18.740355,bottom,5.326196,4.514982,11.462417,-2.302606,13.709412,2.005029
2001-04-27,2075.679932,-1.806208,,-16.294589,bottom,5.431117,1.518039,8.109912,-5.773214,11.47432,0.300624
2001-04-30,2116.23999,0.656019,,-13.902839,bottom,2.673008,-1.635042,2.7636,-6.436467,9.337793,-1.621747
2001-05-21,2305.590088,12.913184,top,-0.63778,,-5.805972,-3.169519,-14.58662,-18.358975,0.35826,-13.74746
2001-05-22,2313.850098,13.266404,top,-0.128799,,-10.438383,-4.24287,-13.026641,-18.122708,-1.375633,-14.055366
2001-05-23,2243.47998,10.148616,top,-3.050426,,-6.110808,0.910494,-8.592436,-18.369,1.717869,-11.359583
2001-05-24,2282.02002,11.744905,top,-1.233263,,-5.985371,-2.976343,-11.464385,-19.307143,-0.789652,-12.856592
2001-05-25,2251.030029,10.322035,top,-2.458265,,-4.316575,-3.630134,-9.312375,-20.636178,0.576179,-11.656887
2001-06-05,2233.659912,9.548088,top,-1.749051,,-2.893735,-11.417101,-4.246184,-19.215452,1.358313,-10.969884
2001-06-07,2264,10.452026,top,0.067838,,-10.219027,-9.50293,-12.190812,-22.633434,-2.15989,-12.162986
2001-08-17,1867.01001,-10.001309,bottom,-9.114811,,2.631893,-3.353941,-27.143744,1.676799,2.666833,-23.771703
2001-08-21,1831.300049,-11.267651,bottom,-10.792033,,1.822419,-4.027497,-19.846827,2.65169,4.668814,-22.285267
2001-08-23,1842.969971,-10.178439,bottom,-9.928781,,-2.822463,-8.801176,-23.245579,3.215827,4.006038,-22.777367
2001-08-30,1791.680054,-11.736502,bottom,-12.240528,,-5.978713,-19.725887,-11.483276,7.46667,0.767436,-20.566736
2001-08-31,1805.430054,-10.59194,bottom,-11.389832,,-6.289191,-23.789803,-11.748813,5.363071,-1.919212,-21.171693
2001-09-04,1770.780029,-12.160178,bottom,-13.244749,,-11.428012,-16.63551,-9.770469,10.31047,-0.66468,-19.629208
2001-09-05,1759.01001,-12.483302,bottom,-13.836719,bottom,-12.322419,-15.81933,-11.355456,15.154597,-3.034093,-19.091425
2001-09-06,1705.640015,-15.175314,bottom,-16.841334,bottom,-11.011159,-15.274065,-4.765751,18.598015,-0.601534,-16.559771
2001-09-07,1687.699951,-15.867689,bottom,-17.789876,bottom,-13.747174,-14.444403,0.812594,18.035446,0.815904,-15.67281
2001-09-10,1695.380005,-15.119409,bottom,-17.268847,bottom,-17.500612,-12.324209,0.471936,16.129249,0.473051,-16.054811
2001-09-17,1579.550049,-21.816018,bottom,-24.241806,bottom,-5.207498,-6.47872,7.131531,23.697171,7.840839,-9.899028
2001-09-18,1555.079956,-23.008848,bottom,-25.661166,bottom,-3.496911,-4.118834,10.200006,25.729409,10.738354,-8.481237
2001-09-19,1527.800049,-24.382062,bottom,-27.26464,bottom,-4.262906,3.410859,7.47258,24.220921,12.715662,-6.847107
2001-09-20,1470.930054,-27.695321,bottom,-30.871996,bottom,-0.69723,8.242611,11.652751,28.355883,17.073544,-3.245573
2001-09-21,1423.189941,-30.447301,bottom,-33.942714,bottom,5.176403,12.04099,16.0707,33.39516,21.000711,2.636333
2001-09-24,1499.400024,-24.767352,bottom,-28.578254,bottom,-1.271222,6.865041,13.030486,29.045931,14.850601,-2.58037
2001-09-25,1501.640015,-24.140366,bottom,-28.29569,bottom,-0.621923,4.463874,12.667872,27.799753,14.679279,-2.72569
2001-09-26,1464.040039,-26.151183,bottom,-30.674047,bottom,7.673765,10.508314,16.781144,27.036474,18.271358,-0.227458
2001-09-27,1460.709961,-25.839286,bottom,-30.766697,bottom,8.939841,15.256997,19.514257,28.676601,21.548426,1.352082
2001-09-28,1498.800049,-22.71133,bottom,-28.119386,bottom,6.864586,12.796145,16.572696,26.032976,18.459428,-1.223651
2001-10-01,1480.459961,-23.338104,bottom,-29.284106,bottom,8.136263,13.610251,13.799305,28.09487,19.926916,0.801778
2001-10-02,1492.329956,-21.952668,bottom,-28.362531,bottom,5.085797,14.31884,11.093292,28.094852,18.973017,5.217344
2001-10-03,1580.810059,-15.689384,bottom,-22.543953,bottom,2.834549,4.061721,6.690943,22.88194,12.313934,-0.671815
2001-10-04,1597.310059,-14.214967,bottom,-21.443134,bottom,6.317157,3.41014,8.917829,19.971349,11.153746,-1.697862
2001-10-05,1605.300049,-13.354314,bottom,-20.840233,bottom,5.931558,4.02971,8.386211,20.94073,10.600506,-2.187137
2001-10-08,1605.949951,-12.93087,bottom,-20.676193,bottom,5.473989,6.165446,11.053721,24.132532,11.687791,-2.22672
2001-10-09,1570.189941,-14.824092,bottom,-22.762847,bottom,9.233043,8.203998,15.589146,27.120832,16.869935,3.57091
2001-10-10,1626.26001,-10.998501,bottom,-19.134396,bottom,1.227172,6.27283,12.213939,22.524431,12.991159,1.234732
2001-10-11,1701.469971,-6.133323,,-14.519544,bottom,-2.907017,4.257259,7.160409,18.914331,7.996618,-3.24014
2001-10-12,1703.400024,-5.667971,,-14.246764,bottom,-1.901848,3.776551,7.085874,18.271774,7.874252,-3.349774
2001-10-15,1696.310059,-5.7769,,-14.457527,bottom,0.691457,0.189053,8.138089,18.80372,8.4784,-2.945811
2001-10-17,1646.339966,-8.101616,,-17.083738,bottom,5.045659,2.629221,14.497677,18.99518,15.601272,0.387527
2001-10-18,1652.719971,-7.346458,,-16.541574,bottom,7.164276,5.507689,13.973142,19.11797,15.155016,0.888842
2001-10-19,1671.310059,-5.891849,,-15.256877,bottom,5.6784,4.356501,12.749843,15.13662,13.874139,-0.233351
2001-10-30,1667.410034,-4.252439,,-14.242254,bottom,9.581651,12.642106,12.423062,15.342988,16.421872,1.366785
2001-11-13,1892.109985,10.402388,top,-0.091405,,-0.614958,-0.219044,6.112846,-2.431398,8.570328,-0.901636
2001-11-14,1903.189941,11.001614,top,0.669697,,-1.489604,1.567631,2.250664,-3.691755,7.938255,-1.478565
2001-11-15,1900.569946,10.892942,top,0.71428,,0.138284,1.566664,2.72999,-2.202902,8.087052,-1.34275
2001-11-16,1898.579956,10.757317,top,0.761947,,2.221557,0.332331,4.574617,-2.95108,8.200343,-1.239342
2001-11-19,1934.420044,12.575586,top,2.785937,,0.080092,1.471728,3.57168,-6.91362,6.195654,-3.069137
2001-11-20,1880.51001,9.701064,top,0.123745,,0.395914,8.47541,5.301236,-7.157873,9.240047,-0.290345
2001-11-21,1875.050049,9.39561,top,-0.033609,,3.057235,9.128521,2.292915,-5.451388,9.558143,0.689044
2001-11-23,1903.199951,10.826947,top,1.537103,,1.42838,6.018443,2.215194,-10.340081,7.937688,-0.80023
2001-11-26,1941.22998,12.781623,top,3.590904,,-1.889226,2.587761,0.16728,-11.836141,5.823114,-2.743622
2001-11-27,1935.969971,12.487309,top,3.414607,,1.391637,3.350326,1.269305,-8.969673,6.110634,-2.479377
2001-11-28,1887.969971,9.954256,top,1.023396,,8.079496,6.331889,4.578499,-6.629821,8.808405,0.896733
2001-11-29,1933.26001,12.236995,top,3.527998,,6.071286,0.683033,2.754911,-9.85182,6.259376,-1.466951
2001-11-30,1930.579956,11.963028,top,3.517576,,4.590063,1.163326,1.021404,-10.883815,6.406886,-1.330167
2001-12-03,1904.900024,10.527197,top,2.339167,,4.476987,4.242286,3.828846,-5.51218,7.841356,0.716049
2001-12-04,1963.099976,13.349956,top,5.461614,,1.95869,2.099951,4.051592,-5.431404,4.644188,-2.269876
2001-12-05,2046.839966,17.248305,top,9.694423,,-1.747607,-3.174174,0.610779,-9.23446,0.612648,-6.268195
2001-12-06,2054.27002,17.2739,top,10.108672,,-5.388253,-6.835606,-0.839335,-8.31321,0.248744,-6.607212
2001-12-07,2021.26001,15.332817,top,8.533795,,-3.426737,-3.803249,1.691479,-7.158266,1.885946,-5.081977
2001-12-10,1992.119995,13.595827,top,7.104955,,-0.234701,-2.420482,2.614461,-3.185037,3.376297,-3.69355
2001-12-11,2001.930054,13.683039,top,7.608092,,0.141262,-2.081021,2.23808,-3.685603,2.869722,-4.165481
2001-12-12,2011.380005,13.719329,top,8.068805,,-1.426567,-1.753391,0.549352,-5.848411,2.386415,-4.615735
2001-12-13,1946.51001,10.043847,top,4.811232,,-1.447353,2.071878,2.246839,-4.437072,5.798577,-1.436929
2001-12-14,1953.170044,9.929918,top,5.187877,,-0.376512,-0.141922,2.414838,-5.203273,5.437818,-1.773015
2001-12-17,1987.449951,11.139437,top,6.959794,,-2.185781,-0.41344,-2.18784,-6.182343,3.619207,-3.467253
2001-12-18,2004.76001,11.534022,top,7.840514,,-2.222283,1.951641,-0.949246,-6.58176,2.724509,-4.300763
2001-12-19,1982.890015,9.989128,top,6.774184,,-0.326823,3.784953,-2.685925,-5.282095,3.857494,-3.245262
2002-01-03,2044.27002,9.460112,top,10.327096,,0.145177,-2.900887,-6.728853,-12.481263,0.739132,-7.91187
2002-01-04,2059.379883,9.759082,top,11.019862,,-1.809034,-6.470877,-10.423452,-14.335072,-0.176747,-9.898604
2002-02-19,1750.609985,-10.299692,bottom,-4.084284,,0.923966,6.398823,7.177014,-1.441262,10.228438,-1.963315
2002-02-21,1716.23999,-12.036218,bottom,-5.970583,,0.884646,9.200258,8.51767,1.454781,12.43591,0.483618
2002-02-22,1724.540039,-11.367024,bottom,-5.400149,,4.434735,11.238866,7.097635,-1.339728,11.894766,0.403003
2002-02-28,1731.48999,-10.387234,bottom,-4.81827,,8.315612,6.843868,6.368664,-4.126752,11.445637,4.114953
2002-05-03,1613.030029,-10.658044,bottom,-14.887604,bottom,-0.757969,7.656924,-3.178888,-18.232286,7.957693,-3.128892
2002-05-06,1578.47998,-12.633942,bottom,-16.941458,bottom,4.585118,7.510074,-0.022808,-17.259252,10.320691,-1.00856
2002-05-07,1573.819946,-12.701299,bottom,-17.118364,bottom,8.826609,5.582679,1.353099,-20.664567,10.647347,-0.71545
2002-05-10,1600.849976,-10.44435,bottom,-15.081051,bottom,8.414893,3.718006,-4.481615,-23.978017,8.779089,-4.382674
2002-06-03,1562.560059,-11.084517,bottom,-15.668995,bottom,-2.060696,-0.595025,-10.714266,-14.786672,2.092716,-10.16025
2002-06-04,1578.119995,-9.757451,bottom,-14.489174,bottom,-5.265089,-2.253164,-15.035383,-18.286919,1.086103,-13.959651
2002-06-06,1554.880005,-10.590922,bottom,-15.577663,bottom,-3.801543,-5.97138,-7.09665,-16.76758,-0.102256,-12.673651
2002-06-07,1535.47998,-11.531109,bottom,-16.644506,bottom,-2.02229,-6.353349,-8.837166,-19.468834,1.159902,-11.570326
2002-06-10,1530.689941,-11.530215,bottom,-16.762632,bottom,1.465671,-4.704931,-10.282382,-16.928722,1.476465,-11.2936
2002-06-11,1497.180054,-13.383004,bottom,-18.750178,bottom,3.011925,-5.012059,-10.643871,-17.964014,3.747711,-10.096985
2002-06-12,1519.119995,-11.579063,bottom,-17.071049,bottom,-1.478171,-6.092544,-10.009208,-15.938885,2.249331,-11.395412
2002-06-13,1496.880005,-12.677961,bottom,-18.320856,bottom,-2.169837,-2.549464,-8.602072,-13.748648,3.768507,-10.078964
2002-06-14,1504.73999,-11.831879,bottom,-17.605151,bottom,-4.331059,-2.798749,-8.463987,-13.092023,3.226474,-10.548665
2002-06-17,1553.290039,-8.345383,,-14.24717,bottom,-6.170603,-10.119241,-12.173248,-16.619651,-0.665045,-13.34458
2002-06-18,1542.959961,-8.707739,,-14.727452,bottom,-8.023984,-12.782219,-9.919661,-18.709254,-2.989708,-12.764424
2002-06-19,1496.829956,-11.430028,bottom,-17.546307,bottom,-4.614374,-8.11428,-9.811001,-14.762259,-2.143193,-10.075957
2002-06-20,1464.75,-13.238906,bottom,-19.473495,bottom,-0.379627,-1.125271,-10.469697,-13.804844,-0.10514,-9.940261
2002-06-21,1440.959961,-14.491131,bottom,-20.854864,bottom,1.532309,-2.483817,-11.638126,-13.424548,1.54411,-10.986422
2002-06-24,1460.339966,-12.769171,bottom,-19.288564,bottom,-3.948638,-5.57745,-17.242771,-15.382316,0.196529,-15.838087
2002-06-25,1423.98999,-14.848253,bottom,-21.547598,bottom,-4.758235,-5.631812,-9.86423,-15.752604,2.754231,-13.689699
2002-06-26,1429.329956,-14.09482,bottom,-20.882766,bottom,-3.499906,-3.916663,-14.202991,-15.74619,2.370342,-14.012153
2002-06-27,1459.199951,-11.696727,bottom,-18.530137,bottom,-0.745644,-6.052608,-14.509546,-20.820456,0.274809,-15.772335
2002-06-28,1463.209961,-11.089947,bottom,-17.983028,bottom,-4.016126,-5.665238,-9.151409,-21.328086,-1.01489,-16.003166
2002-07-01,1403.800049,-14.860858,bottom,-21.817336,bottom,-1.628812,-2.054007,-4.339132,-13.84567,3.174237,-12.448354
2002-07-02,1357.819946,-17.752116,bottom,-24.819125,bottom,-0.873577,2.862559,-2.201061,-10.571078,6.668045,-9.483577
2002-07-03,1380.170044,-15.746317,bottom,-22.866568,bottom,-0.416757,-1.696721,-7.534663,-14.058537,4.940691,-10.949375
2002-07-05,1448.359985,-10.594464,bottom,-17.767889,bottom,-5.306965,-9.344426,-14.895367,-21.166894,-2.951614,-15.141949
2002-07-08,1405.609985,-13.259133,bottom,-20.481685,bottom,-1.649112,-9.154309,-15.315396,-14.678136,-0.594759,-14.200239
2002-07-09,1381.119995,-14.626528,bottom,-21.939498,bottom,-0.425195,-11.665321,-9.214021,-15.12129,1.167893,-12.678839
2002-07-10,1346.01001,-16.775513,bottom,-24.224139,bottom,3.736135,-4.232419,-4.958169,-14.394296,3.806806,-10.401111
2002-07-11,1374.430054,-14.22184,bottom,-21.837163,bottom,-1.279964,-10.286328,-4.304723,-18.709858,1.660321,-12.25381
2002-07-12,1373.5,-13.828625,bottom,-21.633098,bottom,-4.037462,-8.456938,-5.030132,-20.456938,1.729159,-12.194393
2002-07-15,1382.619995,-12.722212,bottom,-20.726693,bottom,-7.505198,-3.486171,-5.636826,-20.245314,1.058136,-12.773574
2002-07-16,1375.26001,-12.807481,bottom,-20.992047,bottom,-11.240126,-2.285125,-8.019298,-21.058694,1.59897,-12.306764
2002-07-17,1397.25,-10.835057,bottom,-19.137495,bottom,-7.968554,-5.06362,-4.609917,-18.318506,-2.88424,-13.686884
2002-07-18,1356.949951,-13.36131,bottom,-21.777701,bottom,-9.006364,-5.837942,-0.883804,-11.423081,-0.87991,-11.123472
2002-07-19,1319.150024,-15.761993,bottom,-24.293818,bottom,-4.419477,-5.550941,3.123947,-7.770239,3.173254,-8.576736
2002-07-22,1282.650024,-18.101653,bottom,-26.796889,bottom,4.019027,-6.161087,8.363637,-0.01638,8.723347,-5.975131
2002-07-23,1229.050049,-21.897738,bottom,-30.724857,bottom,8.955,2.4513,11.336785,0.27382,13.46487,-1.874622
2002-07-24,1290.22998,-16.63957,bottom,-25.545404,bottom,2.904934,-0.725751,8.823717,-1.400202,9.224714,-6.527516
2002-07-25,1240.079956,-20.112665,bottom,-29.173536,bottom,3.168422,5.981605,13.755629,3.780606,14.746629,-2.747399
2002-07-26,1262.119995,-17.893329,bottom,-27.113525,bottom,-1.131464,3.426806,8.973983,3.698239,12.742842,-4.445693
2002-07-29,1335.25,-11.918354,bottom,-21.227257,bottom,-10.180114,-2.150656,4.143622,-3.230809,6.568055,-9.679086
2002-07-30,1344.189941,-10.952743,bottom,-20.323194,bottom,-6.5037,-5.734172,0.266726,-1.798561,5.859292,-10.279792
2002-07-31,1328.26001,-11.866466,bottom,-21.285485,bottom,-3.630685,0.453702,-1.050475,-2.249839,7.128871,-9.20377
2002-08-01,1280,-15.239479,bottom,-24.712819,bottom,2.813183,4.954138,4.264784,3.916813,11.167965,-5.780468
2002-08-02,1247.920044,-17.275113,bottom,-26.946089,bottom,4.558271,8.674888,5.224437,5.298941,14.025731,-3.358391
2002-08-05,1206.01001,-20.190495,bottom,-30.041246,bottom,8.029459,14.524724,4.683728,7.546219,17.988237,4.439436
2002-08-06,1259.550049,-15.460603,bottom,-25.390249,bottom,0.769528,8.885485,2.567681,5.19627,12.972879,0.340591
2002-08-07,1280.900024,-13.357551,bottom,-23.420298,bottom,4.084387,9.549467,-2.361974,3.742798,11.089853,-2.334298
2002-08-08,1316.52002,-10.155336,bottom,-20.425543,bottom,2.140955,7.774024,-1.624954,3.300733,8.084186,-4.976758
2002-08-09,1306.119995,-10.467562,bottom,-20.989005,bottom,4.116617,5.547176,-0.116444,6.693687,8.94481,-4.220133
2002-08-12,1306.839966,-9.924453,bottom,-20.691162,bottom,6.495266,6.294277,1.008791,6.969565,8.88479,-4.2729
2002-08-13,1269.280029,-12.293961,bottom,-23.375367,bottom,8.115957,6.000898,3.572894,11.149551,12.106857,-1.440189
2002-08-14,1334.300049,-6.870858,,-18.176656,bottom,5.46508,-1.504177,-4.179676,3.128972,6.643926,-6.242977
2002-08-15,1345.01001,-5.698502,,-17.155701,bottom,5.633069,-0.689354,-4.067454,1.055371,5.794748,-6.98954
2002-08-16,1361.01001,-4.149555,,-15.761101,bottom,1.430559,-3.450451,-6.459094,-3.120921,4.551028,-8.082968
2002-08-20,1376.589966,-2.318152,,-14.249667,bottom,-2.115059,-6.317804,-9.47633,-1.114727,3.367741,-9.123266
2002-08-27,1347.780029,-3.082119,,-15.124431,bottom,-4.202746,-2.428004,-9.773264,5.174019,-0.891096,-12.287612
2002-08-28,1314.380005,-5.274749,,-17.306234,bottom,-4.942184,-2.675499,-7.319543,11.02293,1.627384,-10.058732
2002-08-29,1335.77002,-3.347843,,-15.374841,bottom,-3.076555,-3.3781,-10.788658,9.489696,-1.173859,-11.498984
2002-08-30,1314.849976,-4.636328,,-16.641403,bottom,-0.782611,-3.008643,-11.495964,11.960249,0.398524,-10.859788
2002-09-03,1263.839966,-8.263852,,-20.276673,bottom,4.354521,-0.309062,-4.046468,13.356014,4.450722,-7.261988
2002-09-04,1292.310059,-5.746339,,-17.746084,bottom,1.774742,-3.158525,-8.47495,14.096121,2.149632,-9.305042
2002-09-05,1251,-8.694938,,-20.661008,bottom,2.266686,-2.800649,-7.074152,16.727421,5.522779,-6.829732
2002-09-06,1295.300049,-4.941294,,-16.865404,bottom,-0.301545,-5.899849,-12.780181,13.652427,1.913836,-11.997222
2002-09-09,1304.599976,-3.990128,,-15.836298,bottom,-2.226032,-9.621272,-15.310361,10.494957,1.187336,-14.195919
2002-09-10,1320.089966,-2.582859,,-14.37599,bottom,-4.663584,-11.034812,-15.617279,8.021926,-0.351492,-15.202747
2002-09-11,1315.449951,-2.641915,,-14.425087,bottom,-4.933267,-7.345259,-16.612291,6.99427,-1.828266,-15.305787
2002-09-12,1279.680054,-5.073378,,-16.867938,bottom,-5.067335,-4.644044,-9.528913,10.576358,0.915852,-12.938396
2002-09-13,1291.400024,-3.907053,,-15.669179,bottom,-5.598305,-7.410558,-6.471823,5.699406,-1.201798,-13.728514
2002-09-16,1275.880005,-4.881442,,-16.575304,bottom,-7.395239,-8.487321,-4.435093,8.621423,-1.249339,-12.679094
2002-09-17,1259.939941,-5.913198,,-17.518358,bottom,-6.371228,-3.737405,1.770041,10.296947,1.785799,-11.574358
2002-09-18,1252.130005,-6.275046,,-17.810301,bottom,-2.411992,-5.316424,-1.586635,11.130469,2.42067,-11.022819
2002-09-19,1216.449951,-8.906198,,-20.3407,bottom,0.423291,-4.273503,4.488172,11.332582,5.424801,-8.413003
2002-09-20,1221.089966,-8.264144,,-19.633403,bottom,-1.812253,-6.880331,5.323804,13.696402,5.468067,-8.761024
2002-09-23,1184.930054,-10.924904,bottom,-22.302698,bottom,-1.092081,-5.68909,10.009148,16.109377,10.527203,-5.97673
2002-09-24,1182.170044,-10.803085,bottom,-22.193433,bottom,2.633823,-4.582467,8.945868,14.124262,10.78525,-5.757214
2002-09-25,1222.290039,-7.235684,,-18.546249,bottom,-2.904432,-9.267031,7.707977,10.241083,8.012823,-8.850604
2002-09-26,1221.609985,-7.118422,,-18.281812,bottom,-4.696794,-4.884869,6.120179,10.955522,8.072953,-8.799863
2002-09-27,1199.160034,-8.743001,,-19.827408,bottom,-5.068078,0.938735,10.440687,14.168601,11.005201,-7.092469
2002-09-30,1172.060059,-10.676351,bottom,-21.77355,bottom,-4.597009,4.052228,11.570468,15.784908,13.571826,-4.944292
2002-10-01,1213.719971,-6.938107,,-17.987885,bottom,-7.21629,5.507447,6.908959,11.957942,9.673569,-8.206999
2002-10-02,1187.300049,-8.8903,,-19.861871,bottom,-6.3626,3.729789,11.103539,12.717014,12.114036,-6.164412
2002-10-03,1165.560059,-10.506289,bottom,-21.370828,bottom,-0.188075,8.761675,13.178925,13.912459,14.205184,-4.414193
2002-10-04,1139.900024,-12.430032,bottom,-23.205345,bottom,6.006813,12.204135,17.705868,15.837269,19.370113,-2.262483
2002-10-07,1119.400024,-13.916166,bottom,-24.618611,bottom,8.649237,15.698238,22.120493,21.279896,24.757907,-0.472578
2002-10-08,1129.219971,-12.713929,bottom,-23.352614,bottom,12.723736,13.528334,21.578053,20.567368,24.083002,-1.338091
2002-10-09,1114.109985,-13.72105,bottom,-24.30004,bottom,10.092389,16.975008,24.188948,24.353011,27.365342,4.421467
2002-10-10,1163.369995,-9.089057,,-19.623698,bottom,8.94975,11.005047,16.83756,20.745075,21.972373,4.048581
2002-10-11,1210.469971,-4.928483,,-15.348451,bottom,6.197323,9.501952,11.594648,14.62275,17.226369,0.831087
2002-10-14,1220.530029,-3.971489,,-14.229378,bottom,7.049002,7.51824,7.773265,16.428786,16.260146,0.974168
2002-11-06,1418.98999,10.189391,top,4.362008,,-4.148321,0.025366,-0.582387,-8.286145,4.859087,-7.033175
2002-11-14,1411.52002,9.717654,top,4.989794,,3.892723,4.655029,-3.540459,-9.861211,5.414016,-3.478518
2002-11-15,1411.140015,9.706098,top,5.095296,,4.000698,5.086873,-0.769001,-9.953987,5.442403,-3.452526
2002-11-20,1419.349976,10.198515,top,6.063084,,4.719357,-0.607753,-4.706199,-6.177724,4.832491,-4.597175
2002-11-21,1467.550049,13.33908,top,9.471621,,0.762307,-3.122071,-7.386951,-9.749106,1.389383,-7.730576
2002-11-22,1468.73999,13.24772,top,9.631683,,1.086175,-7.168391,-6.109754,-8.502647,1.30724,-7.805331
2002-11-25,1481.900024,13.923558,top,10.569306,,-2.247903,-6.34747,-7.671305,-11.389192,0.407579,-8.624067
2002-11-26,1444.430054,11.129356,top,8.065206,,-0.979566,-3.368129,-5.44454,-8.33031,3.012253,-6.253683
2002-11-27,1487.939941,13.845147,top,11.059721,,-5.32711,-6.124178,-9.854057,-13.22015,-0.212368,-9.384107
2002-11-29,1478.780029,12.935035,top,10.453718,,-3.884378,-8.195488,-9.889114,-11.060535,0.40574,-9.415869
2002-12-02,1484.780029,13.097205,top,10.880124,,-8.254566,-5.855874,-10.595338,-10.444947,-2.412483,-10.053342
2002-12-03,1448.959961,10.470595,top,8.468054,,-4.099566,-4.006851,-4.525422,-9.299459,-1.284369,-7.829751
2003-05-02,1502.880005,9.597246,top,8.655485,,1.142576,2.344416,5.682233,14.152973,6.190117,-0.877652
2003-05-05,1504.040039,9.427751,top,8.645155,,2.453626,-0.752138,6.407135,13.469839,6.616846,-0.954103
2003-05-06,1523.709961,10.433756,top,9.82101,,1.042651,-2.164075,7.02806,12.987083,7.280917,-2.23271
2003-05-09,1520.150024,9.419203,top,9.349549,,1.20184,-0.66398,5.367276,9.610821,8.279445,-1.991911
2003-05-12,1541.400024,10.48993,top,10.659382,,-3.205764,0.987062,5.445846,6.970713,6.786686,-3.343067
2003-05-13,1539.680054,10.103053,top,10.459968,,-3.206726,1.518595,6.678563,7.052102,6.906627,-3.235092
2003-05-14,1534.900024,9.566797,top,10.052694,,-2.977638,2.575825,7.450157,6.868531,7.734704,-2.933743
2003-05-15,1551.380005,10.375738,top,11.041424,,-2.865901,2.829927,4.727945,6.858197,6.590261,-3.964858
2003-05-16,1538.530029,9.297246,top,10.167112,,-1.865821,3.337817,7.994616,9.21303,8.322875,-3.162761
2003-05-28,1563.23999,9.327064,top,11.571268,,4.466814,5.159968,2.490419,12.847545,7.286151,0.749083
2003-05-29,1574.949951,9.761139,top,12.231056,,4.413069,4.874333,3.681363,11.410845,6.488464,1.00321
2003-05-30,1595.910034,10.755291,top,13.442463,,1.955184,1.898018,1.822368,10.031558,5.089885,-0.323329
2003-06-02,1590.75,10.097239,top,13.01813,,0.827618,4.656799,1.994748,10.714112,5.430773,0.748706
2003-06-03,1603.560059,10.554188,top,13.679217,,1.492338,3.966283,2.254932,10.558309,4.588538,-0.056127
2003-06-04,1634.650024,12.063765,top,15.454253,top,0.693154,2.566124,2.660881,9.645796,2.696599,-1.956993
2003-06-05,1646.01001,12.326398,top,15.998506,top,0.461264,0.159653,1.054556,9.522122,1.987835,-2.63364
2003-06-06,1627.420044,10.792571,top,14.727395,top,-0.057165,1.057417,5.574101,12.357362,5.732381,-1.521427
2003-06-10,1627.670044,10.181824,top,14.464947,top,2.473945,-1.364583,7.101371,13.823789,7.359595,-1.536553
2003-06-11,1646.02002,11.015627,top,15.435865,top,1.872971,-2.669549,4.155414,12.126953,6.16274,-2.634232
2003-06-12,1653.619995,11.190607,top,15.724098,top,-0.301611,-1.19297,4.742372,13.287958,5.67482,-3.081721
2003-06-13,1626.48999,9.27808,top,13.909333,,1.114583,-0.07565,7.594194,14.134669,7.889994,-1.465115
2003-06-16,1666.579956,11.41684,top,16.165699,top,-3.407369,-2.662051,5.067478,9.015416,5.294675,-3.835395
2003-06-17,1668.439941,11.252325,top,16.108844,top,-3.838529,-1.711351,4.656607,10.118085,5.177292,-3.9426
2003-06-18,1677.140015,11.429409,top,16.450327,top,-4.54252,0.094757,1.237291,10.081091,4.63169,-4.440892
2003-06-19,1648.640015,9.428874,top,14.572095,top,-0.891359,0.894903,3.566508,11.290787,6.440456,-2.788964
2003-07-02,1678.72998,8.749724,,15.11581,top,2.187686,1.142533,3.298141,6.53338,4.532591,-0.909617
2003-07-07,1720.709961,10.523727,top,17.302985,top,1.962928,-2.310423,-0.387211,3.776765,1.98232,-2.283937
2003-07-08,1746.459961,11.600128,top,18.624141,top,0.385751,-2.338081,-4.267362,4.795386,0.478682,-4.177591
2003-07-09,1747.459961,11.241766,top,18.504111,top,0.029182,-1.631582,-5.576504,4.954581,0.421182,-5.423867
2003-07-10,1715.859985,9.064338,,16.511746,top,-1.045153,-0.845118,-3.781874,9.166049,2.270579,-3.711255
2003-07-11,1733.930054,9.747924,top,17.354635,top,-1.477475,-0.186462,-5.323998,8.801528,1.204771,-5.184755
2003-07-14,1754.819946,10.564651,top,18.329172,top,-4.273351,-1.115138,-5.463942,8.361068,-0.091746,-6.313464
2003-07-15,1753.209961,10.12753,top,18.013047,top,-2.723832,-1.253537,-3.849063,7.712648,-0.29888,-6.22743
2003-07-16,1747.969971,9.488367,top,17.509212,top,-1.660763,-1.560186,-3.573451,8.964243,-0.721407,-5.946323
2003-07-17,1698.02002,6.330883,,14.408064,top,0.200034,2.155607,0.136533,12.041664,2.19903,-3.179585
2003-07-18,1708.5,6.693084,,14.806367,top,1.291013,0.415874,-0.380588,12.373157,1.572138,-3.773484
2003-07-22,1706.099976,6.036765,,14.277828,top,1.470295,-1.929281,3.173423,12.801389,3.224313,-3.638119
2003-07-23,1719.180054,6.534241,,14.818243,top,0.100578,-3.944922,2.377314,12.605371,2.438949,-4.371271
2003-07-25,1730.699951,6.689556,,15.044417,top,-0.875139,-5.137536,1.980602,10.647278,2.707003,-5.007796
2003-07-28,1735.359985,6.688232,,15.073383,top,-1.235002,-4.348804,1.654484,11.193692,2.4312,-5.262882
2003-07-29,1731.369995,6.223694,,14.603473,top,-3.399576,-2.595526,2.243372,9.192455,2.667255,-5.044558
2003-07-31,1735.02002,5.996603,,14.329695,top,-4.892329,-2.019074,3.686774,7.255839,3.755578,-5.244319
2003-09-02,1841.47998,7.996222,,15.286308,top,1.720142,2.455116,-3.006496,5.368419,3.696487,-2.96175
2003-09-03,1852.900024,8.370705,,15.634878,top,-1.582424,1.616735,-1.120727,5.277341,3.057371,-3.55983
2003-09-04,1868.969971,8.998533,,16.220821,top,-1.231759,2.148018,-1.767837,4.768966,2.171254,-4.38905
2003-09-05,1858.23999,8.215913,,15.400998,top,-0.172891,2.521957,1.19451,6.841436,2.761218,-3.836967
2003-09-08,1888.619995,9.609013,top,16.767664,top,-2.298782,-0.744043,0.255942,4.728577,1.108219,-5.383828
2003-09-09,1873.430054,8.561863,,15.711873,top,0.734974,1.498772,1.820594,4.530101,1.928014,-4.616672
2003-09-16,1887.25,8.378082,,15.264516,top,0.763798,-5.461612,2.921018,0.917753,2.964098,-5.315144
2003-09-17,1883.099976,7.896747,,14.788107,top,-2.114495,-2.737462,2.930459,3.096377,3.191013,-5.106475
2003-09-18,1909.550049,9.000888,,15.906292,top,-4.954878,-3.915854,2.103353,2.044878,2.12563,-6.42089
2003-09-19,1905.699951,8.510073,,15.416043,top,-6.147802,-1.327448,0.34887,0.656916,2.331955,-6.231831
2003-09-23,1901.719971,7.809835,,14.682209,top,-6.22541,0.321822,2.039307,1.025891,2.546118,-6.03559
2004-08-12,1752.48999,-9.772952,bottom,-11.182487,,3.773844,5.572517,7.781706,15.139241,8.092489,0.269901
2008-01-16,2394.590088,-10.05706,bottom,-9.69511,,-1.416072,-0.197723,-2.625424,-5.087161,0.783851,-4.837575
2008-01-17,2346.899902,-11.812219,bottom,-11.638751,,-0.885925,2.792475,-1.07525,-2.627419,2.83183,-2.903827
2008-01-18,2340.02002,-11.815579,bottom,-11.855414,,0.421751,1.813781,-1.455836,0.43027,3.134165,-2.618355
2008-01-22,2292.27002,-13.571446,bottom,-13.836727,bottom,2.829667,0.751879,1.50803,2.139011,5.28254,-0.589809
2008-01-23,2316.409912,-12.247679,bottom,-12.713934,,1.397117,-1.639149,-0.720506,3.668692,4.185364,-1.625788
2008-01-24,2360.919922,-10.06183,bottom,-10.742499,,1.218349,-2.917724,-2.468671,1.976181,2.221176,-3.48042
2008-01-25,2326.199951,-11.229279,bottom,-12.165351,,3.6784,-0.922037,0.055011,2.157791,3.74689,-2.039805
2008-01-28,2349.909912,-9.915807,bottom,-11.088611,,1.39203,-1.278392,-0.209586,2.326021,2.700112,-3.028197
2008-02-05,2309.570068,-9.943215,bottom,-12.465761,,0.452305,0.756151,-1.604441,7.14834,2.78666,-2.206903
2008-02-06,2278.75,-11.013673,bottom,-13.751818,,4.091973,0.918643,-2.589465,8.341706,4.176848,-2.556226
2008-02-07,2293.030029,-10.169321,bottom,-13.07673,,1.708372,0.449053,-3.575553,7.196069,3.528079,-3.512385
2008-03-06,2220.5,-9.290632,,-14.713627,bottom,1.922854,1.679583,6.557097,11.51646,6.776851,-2.303982
2008-03-07,2212.48999,-9.305,,-14.948692,bottom,0,5.035387,6.65876,11.433351,7.163422,-1.950287
2008-03-10,2169.340088,-10.942483,bottom,-16.784422,bottom,0.352937,7.617655,7.946452,14.312289,9.294988,0.35356
2008-03-14,2212.48999,-7.883005,,-14.271677,bottom,5.035387,2.96621,2.822188,10.153668,7.163422,-1.603622
2008-03-17,2177.01001,-9.207478,,-15.727848,bottom,7.264719,8.187381,4.88687,9.501741,8.909926,1.513542
2008-03-19,2209.959961,-7.170643,,-13.929444,bottom,3.156505,6.708457,5.795831,10.494868,7.286106,2.178779
2008-09-17,2098.850098,-9.805938,bottom,-12.258214,,2.671657,-1.413096,-25.38347,-33.068493,8.340272,-22.417997
2008-09-29,1983.72998,-14.589018,bottom,-17.385651,bottom,-6.28123,-7.290621,-27.558816,-26.52559,5.451846,-24.087449
2008-10-01,2069.399902,-10.087298,bottom,-12.987835,,-17.318394,-23.970374,-22.212322,-30.183408,-4.47859,-27.23011
2008-10-02,1976.719971,-14.481123,bottom,-17.463981,bottom,-18.362556,-14.04469,-15.16816,-26.911738,-1.483769,-23.818242
2008-10-03,1947.390015,-15.749279,bottom,-18.838907,bottom,-16.601174,-12.924253,-12.361359,-22.778361,-4.335549,-22.670856
2008-10-06,1862.959961,-19.906248,bottom,-23.098431,bottom,-1.009391,-5.117009,-7.616886,-16.662325,-1.004314,-19.16627
2008-10-07,1754.880005,-25.546519,bottom,-28.866424,bottom,1.365655,-3.372705,1.428029,-7.246558,5.092656,-14.187864
2008-10-08,1740.329956,-26.028782,bottom,-29.462954,bottom,-6.65198,-7.427548,-3.430521,-6.670401,5.971284,-13.47043
2008-10-09,1645.119995,-31.181553,bottom,-34.816635,bottom,4.317866,-2.536891,-2.238696,0.440335,12.104285,-8.462603
2008-10-10,1649.51001,-30.42225,bottom,-34.289661,bottom,3.676921,-6.091451,-0.127998,-3.106229,11.80593,-8.706221
2008-10-13,1844.25,-18.935407,bottom,-22.928887,bottom,-4.107618,-20.268195,-13.166092,-13.149392,-3.477295,-18.34621
2008-10-14,1779.01001,-22.161974,bottom,-26.296687,bottom,-4.73836,-7.560303,-11.806271,-12.396921,0.062393,-15.351796
2008-10-15,1628.329956,-30.503751,bottom,-34.860345,bottom,-0.775568,1.758052,-8.261665,-5.65585,9.321823,-7.929596
2008-10-16,1717.709961,-24.700156,bottom,-29.261096,bottom,-6.854757,-1.123469,-7.305302,-10.502356,3.633328,-12.720425
2008-10-17,1711.290039,-24.642548,bottom,-29.3764,bottom,-9.768372,0.562894,-12.061169,-13.871301,4.022109,-12.392994
2008-10-20,1770.030029,-20.855365,bottom,-25.767895,bottom,-16.160577,-2.499877,-17.757021,-15.766908,0.570045,-16.269779
2008-10-21,1696.680054,-24.652928,bottom,-29.714522,bottom,-2.821943,4.800734,-13.442431,-10.384373,4.917836,-12.649999
2008-10-22,1615.75,-28.998531,bottom,-34.287182,bottom,2.53362,3.997027,-15.307433,-11.45591,10.172984,-14.193406
2008-10-23,1603.910034,-29.172219,bottom,-34.70729,bottom,5.731288,0.298195,-19.775641,-6.227709,10.986275,-17.943029
2008-10-24,1552.030029,-31.858066,bottom,-37.652799,bottom,10.331267,5.963453,-11.433307,-5.737412,14.696234,-15.200095
2008-10-27,1505.900024,-34.244719,bottom,-40.325885,bottom,13.6607,7.102103,-2.275512,-1.918139,18.209706,-12.602432
2008-10-28,1649.469971,-24.637279,bottom,-30.922677,bottom,7.622677,-4.245969,-11.878309,-10.204039,7.920728,-20.209521
2008-10-29,1657.209961,-23.620617,bottom,-30.161773,bottom,1.463407,-10.019717,-7.849611,-9.640897,7.416684,-20.582182
2008-10-30,1698.52002,-20.617084,bottom,-27.405349,bottom,-5.433093,-6.181833,-10.085568,-8.613616,4.804181,-22.513719
2008-10-31,1720.949951,-18.797051,bottom,-25.804239,bottom,-4.367813,-12.624064,-20.778376,-13.21983,3.43822,-23.523633
2008-11-03,1726.329956,-17.931455,bottom,-25.203499,bottom,-6.558597,-15.257144,-17.457209,-15.637747,3.115861,-23.761967
2008-11-04,1780.119995,-14.329275,bottom,-21.852058,bottom,-11.868645,-18.243165,-17.630861,-17.493588,-5.53221,-26.065659
2008-11-05,1681.640015,-19.410927,bottom,-27.223918,bottom,-11.483124,-19.30446,-15.127269,-10.349633,-2.036107,-21.735925
2008-11-06,1608.699951,-23.173745,bottom,-31.315155,bottom,-0.74874,-20.073836,-6.377374,-5.99779,2.405674,-18.187354
2008-11-07,1647.400024,-20.131807,bottom,-28.617465,bottom,-8.25625,-17.39676,-4.701502,-6.337213,-1.861117,-20.109265
2008-11-10,1616.73999,-21.31669,bottom,-30.179671,bottom,-8.698547,-9.377615,-4.387446,-1.560288,-1.239534,-18.594208
2008-11-11,1580.900024,-22.859566,bottom,-32.084022,bottom,-6.37452,-7.632341,-0.980185,0.672038,0.999426,-16.748689
2008-11-12,1499.209961,-27.419922,bottom,-37.02738,bottom,-7.821336,2.170105,0.576642,1.687906,6.502758,-12.21243
2008-11-13,1596.699951,-20.447968,bottom,-30.387212,bottom,-19.325096,-3.903736,-3.568915,-4.234449,-1.563222,-17.572491
2008-11-14,1516.849976,-24.840892,bottom,-35.143296,bottom,-9.14051,-8.154312,-0.562611,1.625636,3.618684,-13.233344
2008-11-17,1482.050049,-26.359263,bottom,-37.066711,bottom,-0.679068,-2.200065,7.023854,3.468705,7.276405,-11.195982
2008-11-18,1483.27002,-25.511743,bottom,-36.580194,bottom,-1.257821,0.612304,6.273896,-0.853782,7.188172,-11.269022
2008-11-19,1386.420044,-31.411196,bottom,-42.901021,bottom,9.991441,4.177191,11.305788,5.715556,14.675925,-5.070617
2008-11-20,1316.119995,-35.674137,bottom,-47.647954,bottom,15.42136,13.696462,17.276318,9.191148,20.801296,5.184176
2008-11-21,1384.349976,-29.705123,bottom,-42.15283,bottom,0.986198,12.695258,10.157179,4.02662,14.847404,0.991077
2008-11-24,1472.02002,-22.760353,bottom,-35.58574,bottom,-1.520997,4.990169,3.308739,-5.897353,8.007364,-5.023714
2008-11-25,1464.72998,-22.456016,bottom,-35.680904,bottom,1.870125,6.652156,4.025794,-1.57578,8.544922,-4.551012
2008-11-26,1532.099976,-17.227821,bottom,-30.814104,bottom,-5.81425,-1.593463,-0.121475,-7.216577,3.77195,-8.748126
2008-11-28,1535.569946,-16.336924,bottom,-30.222156,bottom,-1.724898,0.334821,-1.65801,-9.854089,3.537453,-8.95433
2008-12-01,1398.069946,-24.92396,bottom,-39.202738,bottom,11.70906,7.591701,10.361373,-1.457564,13.720348,3.396834
2008-12-02,1449.800049,-20.525896,bottom,-35.184255,bottom,6.511166,9.223919,8.41177,-9.163717,9.662709,-0.292453
2008-12-03,1492.380005,-16.957276,bottom,-31.899857,bottom,4.782031,5.661592,8.956274,-12.197556,9.369595,-3.137267
2008-12-04,1445.560059,-19.403888,bottom,-34.668773,bottom,4.220786,7.128596,11.887388,-6.562571,12.911944,4.311128
2008-12-05,1509.310059,-14.374599,bottom,-29.965883,bottom,2.059719,3.579856,9.056404,-14.960383,9.479162,-0.094749
2008-12-08,1571.73999,-9.659879,,-25.561148,bottom,-4.117359,-2.538079,1.723271,-19.456103,5.130621,-4.063012
2008-12-09,1547.339966,-10.613605,bottom,-26.749447,bottom,2.712754,-1.68143,4.404147,-19.859183,6.788427,-2.55018
2008-12-10,1565.47998,-8.823861,,-25.236866,bottom,0.879561,-2.626362,0.389535,-14.197326,5.551015,-3.679381
2008-12-11,1507.880005,-11.994944,bottom,-28.62191,bottom,2.90781,1.471989,2.029172,-9.469758,9.582991,0.030504
2008-12-12,1540.719971,-9.192885,,-26.123289,bottom,1.520137,-1.992831,0.37186,-7.730639,7.247263,-2.101615
2008-12-15,1508.339966,-10.558625,bottom,-27.874684,bottom,1.57928,2.769672,-1.24752,-5.228684,9.549574,-1.23977
2008-12-16,1589.890015,-4.705688,,-22.302881,bottom,-4.394184,-0.812149,-5.033741,-12.432528,3.93046,-6.305468
2008-12-17,1579.310059,-4.79763,,-22.661293,bottom,-3.505923,3.294682,-3.215838,-7.710749,4.6267,-5.677799
2008-12-18,1552.369995,-5.909453,,-24.069788,bottom,-1.435821,4.758792,-7.454264,-4.018824,6.442408,-7.183211
2008-12-19,1564.319946,-4.510893,,-22.989921,bottom,-3.512968,5.476549,-3.728386,-5.306052,5.629287,-7.892245
2008-12-22,1532.349976,-5.910565,,-24.749927,bottom,1.190392,4.26135,-4.461284,-5.023765,7.833069,-5.970568
2008-12-23,1521.540039,-6.143536,,-25.150064,bottom,3.582034,6.085577,-2.951365,2.224761,8.59918,-5.302526
2008-12-24,1524.900024,-5.337187,,-24.623034,bottom,6.800605,3.015897,-2.351524,-0.55106,8.359891,-5.511184
2008-12-26,1530.23999,-4.42739,,-23.946454,bottom,6.194613,0.557184,-1.669811,-0.084339,7.981756,-5.840914
2008-12-29,1510.319946,-5.25053,,-24.94572,bottom,8.989516,2.364691,3.129962,4.952393,9.405958,-4.599023
2008-12-30,1550.699951,-2.195812,,-22.002732,bottom,3.070958,-4.017192,-2.802827,-0.355309,6.557042,-7.083251
2008-12-31,1577.030029,-0.211027,,-20.033117,bottom,2.503542,-4.221592,-6.592308,-4.887893,4.777967,-8.634588
2009-01-02,1632.209961,3.357581,,-16.342517,bottom,-3.784708,-6.51052,-8.819,-6.558918,1.235751,-11.723368
2009-01-05,1628.030029,3.219819,,-16.343805,bottom,-5.637429,-12.213057,-7.109752,-4.808407,1.495671,-11.496719
2009-01-06,1652.380005,4.69674,,-14.583904,bottom,-6.624825,-9.204934,-8.67682,-3.057064,-2.140548,-12.800931
2009-01-07,1599.060059,1.470019,,-17.552597,bottom,-7.08815,-8.722634,-3.358982,1.416381,1.122531,-9.893317
2009-01-08,1617.01001,2.826941,,-16.144791,bottom,-6.725134,-9.036942,-1.576989,-0.639019,-1.564619,-10.893564
2009-01-09,1571.589966,0.198008,,-18.682956,bottom,-2.725812,-5.367421,1.262688,-0.637049,1.280232,-8.318326
2009-01-12,1538.790039,-1.815942,,-20.454941,bottom,-6.575627,-2.226995,-0.917909,3.315263,3.439061,-6.364095
2009-01-13,1546.459961,-1.136432,,-19.613134,bottom,-2.580109,0.765271,-1.037394,6.63451,2.926038,-6.828497
2009-01-14,1489.640015,-4.643366,,-23.005817,bottom,-1.634484,1.214365,3.435767,10.424488,6.851987,-3.274619
2009-01-15,1511.839966,-2.887925,,-21.170912,bottom,-2.311807,-2.370716,1.478592,7.262335,5.282966,-4.69494
2009-01-16,1529.329956,-1.5583,,-19.69236,bottom,-2.641609,-2.30848,-3.91184,6.178522,4.078911,-5.784884
2009-01-20,1440.859985,-7.329431,,-25.257294,bottom,4.348632,5.103304,1.864033,14.784688,10.46944,1.709396
2009-01-21,1507.069946,-2.732558,,-20.3943,bottom,3.34538,0.528114,-4.356784,10.44929,5.616197,-4.263239
2009-01-22,1465.48999,-5.437158,,-22.803483,bottom,2.848849,5.363652,-1.669275,9.293208,8.612817,-1.65542
2009-01-23,1477.290039,-4.604368,,-21.623404,bottom,-0.058909,7.459953,-6.254726,10.683168,7.745258,-6.063134
2009-01-26,1489.459961,-3.611395,,-20.44057,bottom,0.333129,6.630109,-3.25005,10.000739,6.864904,-6.830663
2009-01-27,1504.900024,-2.415588,,-19.023205,bottom,0.754672,1.309087,-5.425291,9.338729,5.768485,-7.786567
2009-01-28,1558.339966,1.225536,,-15.157606,bottom,-2.817266,-1.802665,-11.326041,8.364267,2.141381,-10.94883
2009-01-29,1507.839966,-1.837761,,-18.061501,bottom,2.514803,2.221402,-9.016111,10.776442,5.562261,-8.621605
2009-01-30,1476.420044,-3.671977,,-19.733758,bottom,7.518862,3.849308,-10.983179,12.548223,7.808748,-10.401516
2009-02-02,1494.430054,-2.148154,,-18.082229,bottom,6.29698,-1.60336,-12.33483,13.58823,6.509499,-11.604427
2009-02-03,1516.300049,-0.514685,,-16.202985,bottom,0.554414,-3.239271,-11.340206,12.448013,4.973284,-12.87938
2009-02-04,1515.050049,-0.494695,,-15.857563,bottom,1.014601,-4.884898,-15.339967,12.641056,5.059893,-14.221318
2009-02-17,1470.660034,-3.368038,,-15.526435,bottom,-1.979819,-10.73147,-0.583071,12.362718,-0.182915,-13.736691
2009-02-18,1467.969971,-3.640439,,-15.274851,bottom,-2.940691,-8.100935,1.571408,14.038047,1.58382,-13.578613
2009-02-19,1442.819946,-5.507147,,-16.544045,bottom,-3.623877,-10.455069,2.779117,15.227764,3.354544,-12.072188
2009-02-20,1441.22998,-5.679571,,-16.178153,bottom,-4.497987,-10.787465,1.106793,18.398773,3.468564,-11.975186
2009-02-23,1387.719971,-9.370906,,-19.478563,bottom,-4.787361,-8.971662,11.430852,22.308018,12.109795,-8.580979
2009-02-24,1441.829956,-5.520758,,-15.20399,bottom,-8.751651,-5.969389,5.050514,18.095894,7.902462,-12.011815
2009-02-25,1425.430054,-6.547964,,-15.896001,bottom,-5.160244,-3.846645,7.010763,17.335666,9.143905,-10.99949
2009-02-26,1391.469971,-8.801315,,-17.873691,bottom,-6.831192,2.458271,13.148472,19.555646,14.052048,-8.827352
2009-02-27,1377.839966,-9.763492,bottom,-18.417311,bottom,-6.289478,3.820581,11.463629,23.934447,15.180285,-7.925445
2009-03-02,1322.849976,-13.696973,bottom,-22.012658,bottom,-4.184301,5.955108,12.687594,26.895698,19.968253,-4.097967
2009-03-03,1321.01001,-13.64771,bottom,-21.701559,bottom,2.782261,10.148398,14.594912,28.224154,20.13535,-3.96439
2009-03-04,1353.73999,-11.09914,bottom,-18.808842,bottom,1.313599,9.672343,13.641552,27.055174,17.230784,-6.286287
2009-03-05,1299.589966,-14.950031,bottom,-22.400942,bottom,9.289462,13.234186,20.959723,34.154562,23.318127,-2.381517
2009-03-06,1293.849976,-15.085321,bottom,-22.346524,bottom,10.110059,11.894258,22.595755,35.04027,25.352245,-1.948445
2009-03-09,1268.640015,-16.743785,bottom,-23.843709,bottom,10.139409,20.402514,23.624311,36.413852,27.8432,7.065835
2009-03-10,1358.280029,-9.685904,,-16.575668,bottom,7.366137,11.019903,13.949812,30.897725,19.406158,0.983596
2009-03-11,1371.640015,-8.55526,,-15.218153,bottom,8.358744,10.857408,14.814193,29.886499,18.243123,2.360678
2009-04-09,1652.540039,10.927205,top,8.175802,,1.234671,2.495028,5.099671,5.511132,6.718144,-2.682542
2009-04-13,1653.310059,10.789831,top,8.254121,,-2.765764,1.566319,4.605853,5.521799,6.668441,-2.727867
2009-04-16,1670.439941,11.326683,top,9.372236,,-1.097327,2.766629,1.117391,7.092026,5.574586,-3.725365
2009-04-17,1673.069946,11.298686,top,9.491672,,1.260357,2.719881,0.42169,7.297641,5.408627,-3.876705
2009-04-23,1652.209961,9.36239,top,8.135329,,3.863956,3.802208,2.571646,14.46177,6.739464,0.725088
2009-04-24,1694.290039,11.726908,top,10.652646,,1.459524,2.604644,-0.134662,12.308024,4.088439,-1.776561
2009-04-27,1679.410034,10.655192,top,9.793253,,4.889196,3.039535,4.141894,13.720003,5.01069,-0.906276
2009-04-28,1673.810059,10.103506,top,9.487993,,4.68648,2.484691,3.364297,16.475677,5.362018,-0.574744
2009-04-29,1711.939941,12.116654,top,11.777793,,2.71751,-2.828871,2.301095,13.835346,3.0153,-2.789233
2009-04-30,1717.300049,12.208619,top,12.070879,,-0.061747,-1.649238,3.266954,13.620859,3.320905,-3.092652
2009-05-01,1719.199951,12.095583,top,12.120969,,1.14512,-2.298191,6.173539,13.896756,6.368084,-3.199745
2009-05-04,1763.560059,14.405646,top,14.604977,top,-1.849662,-1.784989,4.069043,10.956132,4.152963,-5.634632
2009-05-05,1754.119995,13.691811,top,13.993159,,-2.20179,-1.122503,4.011669,12.329893,4.713478,-5.12679
2009-05-06,1759.099976,13.792932,top,14.179333,,-5.546382,-1.793025,5.039416,11.753668,5.168555,-5.395375
2009-05-07,1716.23999,11.118221,top,11.594282,,-1.58749,-1.230562,7.473625,15.730709,7.794949,-3.032795
2009-05-08,1739,12.209627,top,12.834162,,-3.44331,-2.739306,5.775885,14.547604,6.38413,-4.301901
2009-05-11,1731.23999,11.557369,top,12.270193,,0.064672,1.102359,7.180847,14.082824,7.444954,-3.872949
2009-05-12,1715.920044,10.472509,top,11.254153,,1.079287,0.879606,7.689969,13.968693,8.404235,-3.014715
2009-05-18,1732.359985,10.413878,top,11.559897,,1.037687,5.854032,3.617759,14.302233,7.504792,-2.329191
2009-05-19,1734.540039,10.170036,top,11.544003,,-0.199681,5.134172,4.151221,14.7069,7.369675,-2.451949
2009-05-20,1727.839966,9.479238,top,11.015207,,1.376609,6.832441,4.519431,13.90088,7.786024,-2.073685
2009-05-26,1750.430054,9.783145,top,11.952986,,4.816345,6.078488,0.824389,11.778617,6.394997,-1.105448
2009-05-29,1774.329956,9.825364,top,12.843725,,4.144924,4.650828,3.537483,12.867414,4.961875,-0.530336
2009-06-01,1828.680054,12.295722,top,15.690474,top,0.747466,-0.674891,0.837527,10.159495,1.842309,-3.486668
2009-06-02,1836.800049,12.180744,top,15.992318,top,1.262143,-2.236274,-0.095865,9.726325,1.392092,-3.913328
2009-06-03,1825.920044,11.017109,top,15.250025,top,1.47651,-0.982951,1.078544,10.483294,1.996251,-3.340782
2009-06-04,1850.02002,11.828479,top,16.410131,top,0.665341,-2.313009,-2.934499,9.223325,0.667559,-4.599949
2009-06-05,1849.420044,11.312738,top,16.196578,top,0.505904,-1.193962,-3.411004,8.279488,0.700217,-4.569
2009-06-08,1842.400024,10.513219,top,15.656569,top,-1.422357,-4.224443,-5.364424,6.640086,1.083911,-5.223077
2009-06-09,1860.130005,11.041143,top,16.428386,top,-3.498416,-5.254099,-6.264902,5.589872,0.120421,-6.126451
2009-06-10,1853.079956,10.213096,top,15.909793,top,-2.459462,-3.332709,-5.57772,6.786258,0.50133,-5.769309
2009-06-11,1862.369995,10.315261,top,16.260737,top,-2.97835,-1.778528,-5.879427,8.064352,-0.191688,-6.239359
2009-06-12,1858.800049,9.759354,top,15.907669,top,-1.699866,-1.113345,-3.592386,9.192494,-0.703684,-6.059286
2009-07-20,1909.290039,7.048923,,15.085193,top,3.023044,5.071147,1.122366,11.402291,5.343348,0.36191
2009-07-21,1916.199951,7.202538,,15.26499,top,3.048257,4.844225,2.051666,12.541025,4.963475,0.531263
2009-07-22,1926.380005,7.501809,,15.583035,top,2.125325,3.402356,2.200508,12.059957,4.40879,0.23152
2009-07-23,1973.599976,9.644288,top,17.753675,top,0.540696,-0.022294,0.788331,8.876639,1.910726,-2.1666
2009-07-24,1965.959961,9.020471,,17.128317,top,0.635833,1.729152,2.756231,10.165475,2.794567,-1.786404
2009-07-27,1967.890015,8.886372,,16.999517,top,2.048102,1.229772,2.513509,9.475149,2.693749,-1.88273
2009-07-28,1975.51001,9.035871,,17.155132,top,1.795968,-0.293013,2.436277,8.498071,2.466197,-2.26119
2009-07-29,1967.76001,8.454406,,16.551193,top,1.277031,1.561112,2.839236,9.565847,2.879927,-1.876247
2009-07-30,1984.300049,9.07951,,17.192238,top,-0.56299,1.254504,2.16507,8.227851,2.188678,-2.694153
2009-07-31,1978.5,8.585194,,16.706716,top,1.093319,0.354187,2.509073,7.933101,2.540815,-2.408897
2009-08-03,2008.609985,9.82758,top,17.976534,top,-0.81833,-3.948781,0.022405,5.212715,1.003681,-3.871833
2009-08-04,2011.310059,9.71294,top,17.87239,top,-2.088981,-2.792559,-2.131634,2.373042,0.868089,-4.00088
2009-08-05,1993.050049,8.562135,,16.737031,top,0.284081,-1.201848,-1.312105,5.110387,1.792226,-3.121351
2009-08-06,1973.160034,7.325083,,15.517387,top,1.817494,0.810625,0.507534,3.581523,2.818321,-2.144786
2009-08-07,2000.25,8.383699,,16.620102,top,-0.739132,1.02708,0.922121,2.417728,1.425823,-3.470068
2009-08-10,1992.23999,7.708247,,15.961269,top,-3.130451,1.283737,2.259645,3.214457,2.285369,-3.081959
2009-08-11,1969.72998,6.310595,,14.566744,top,-0.703577,2.72929,4.499877,4.26324,4.602657,-1.974383
2009-08-12,1998.719971,7.531873,,15.755322,top,-1.485928,1.278124,4.179177,5.196055,4.267734,-3.396174
2009-08-13,2009.349976,7.815528,,15.982808,top,-1.006869,0.910566,3.498917,5.003238,3.716129,-3.907234
2009-08-14,1985.52002,6.391644,,14.525553,top,1.766211,2.154885,5.213454,8.147361,5.351747,-2.753941
2009-08-21,2020.900024,7.049475,,14.833139,top,0.388674,-0.104959,5.634657,8.393669,5.796428,-2.663669
2009-08-24,2017.97998,6.689492,,14.371345,top,-0.443002,0.975908,6.164845,8.807708,6.358838,-2.522822
2009-08-25,2024.22998,6.826198,,14.335685,top,-2.771943,1.770586,5.159902,8.014489,6.030445,-2.823792
2009-09-16,2133.149902,9.32173,top,15.397497,top,-0.081133,-0.50428,1.815457,2.66945,1.832036,-3.986583
2009-09-17,2126.75,8.711414,,14.83237,top,-0.904034,-3.311307,2.164717,2.944812,2.188317,-3.697656
2009-09-18,2132.860107,8.707579,,14.83286,top,-1.985973,-4.054638,1.116181,3.647848,1.895574,-3.973538
2009-09-21,2138.040039,8.687491,,14.799616,top,-0.342021,-3.32351,1.774587,2.9045,1.790426,-4.206186
2009-09-22,2146.300049,8.811471,,14.916801,top,-1.04255,-2.010952,0.796795,2.784786,1.398687,-4.574847
2010-06-30,2109.23999,-10.297552,bottom,-9.180462,,3.088482,6.419359,6.535333,12.128526,8.874758,-0.82731
2010-07-01,2101.360107,-10.436464,bottom,-9.476935,,4.425759,3.630422,7.04321,12.020811,9.283027,-0.455423
2010-07-02,2091.790039,-10.646094,bottom,-9.853786,,4.96915,4.96323,9.286956,12.890806,9.783003,0.099907
2010-07-06,2093.879883,-10.287913,bottom,-9.685883,,6.836297,5.960944,8.669937,12.663534,9.673432,3.132467
2010-11-04,2577.340088,9.982317,top,12.112438,,-0.850216,-2.472373,0.546351,6.527563,0.547847,-4.170967
2010-11-05,2578.97998,9.768558,top,12.080572,,-2.384565,-2.388133,0.616169,6.404696,0.618072,-4.231902
2010-11-08,2580.050049,9.520752,top,12.019403,,-2.600526,-1.879139,0.712171,6.520199,0.714713,-4.271621
2011-08-08,2357.689941,-15.035372,bottom,-15.645509,bottom,8.044818,-0.523492,4.808529,10.050248,9.406242,-0.672262
2011-08-10,2381.050049,-13.593935,bottom,-14.419425,bottom,5.333063,3.574088,6.033769,12.495804,8.332874,-1.646751
2011-08-18,2380.429932,-12.539611,bottom,-13.946308,bottom,1.633347,6.725811,9.677452,11.806915,10.161195,-1.621129
2011-08-19,2341.840088,-13.914564,bottom,-15.460195,bottom,5.726113,5.745466,10.949697,12.634347,11.976478,0.151154
2011-08-22,2345.379883,-13.492212,bottom,-15.18631,bottom,8.838379,5.33202,9.930315,13.568015,11.807476,3.165798
2011-10-03,2335.830078,-10.040506,bottom,-13.585205,,9.400045,11.286615,13.909361,10.328282,17.244397,2.953553
2015-08-24,4526.25,-11.09266,bottom,-10.355101,,5.381632,6.120451,4.966462,9.674422,8.123727,-0.436559
2015-08-25,4506.490234,-11.340023,bottom,-10.713515,,2.835488,5.399973,5.320271,11.884734,8.597821,2.876071
2016-01-13,4526.060059,-10.032709,bottom,-8.551378,,-1.200265,-0.429104,-5.897835,6.569832,2.083712,-5.727282
2016-01-15,4488.419922,-10.640054,bottom,-9.213084,,0.667719,2.897408,-1.175669,9.736548,2.939792,-4.936706
2016-01-19,4476.950195,-10.774605,bottom,-9.365228,,2.006116,0.889498,1.267574,9.96149,3.203518,-4.693158
2016-01-20,4471.689941,-10.742193,bottom,-9.37425,,-0.078749,0.725283,0.353828,9.923859,3.324921,-4.581044
2016-01-21,4472.060059,-10.546346,bottom,-9.254478,,0.771161,0.835044,0.721223,10.356061,3.31637,-4.588941
2016-01-27,4468.169922,-9.930193,bottom,-8.942592,,0.804032,-4.21875,2.520036,9.352691,3.406321,-4.505873
2016-02-05,4363.140137,-10.878889,bottom,-10.68312,,-0.589162,4.645463,7.612428,8.773194,8.11067,-2.207133
2016-02-08,4283.75,-12.44092,bottom,-12.380668,,3.491525,5.004386,8.178459,9.817424,10.114269,-0.394751
2016-02-09,4268.759766,-12.516844,bottom,-12.595235,,6.029447,6.217837,9.077318,9.986872,10.500948,-0.044976
2016-02-10,4283.589844,-11.921175,bottom,-12.121764,,4.651327,6.738787,8.468749,10.043531,10.118386,-0.391027
2016-02-11,4266.839844,-12.084413,bottom,-12.408268,,5.418793,7.310899,10.694904,10.731535,11.287754,1.656259
2016-02-12,4337.509766,-10.217474,bottom,-10.701978,,5.234625,4.957261,9.090312,10.337171,9.51629,2.26974
2018-10-24,7108.399902,-9.779956,bottom,-8.286274,,2.740506,6.301497,-1.933918,-1.169235,6.504278,-2.807665
2018-10-29,7050.290039,-10.220304,bottom,-9.070831,,3.874987,2.113311,0.458646,0.500711,7.382107,-2.006587
2018-11-20,6908.819824,-10.219026,bottom,-10.863964,,5.392278,3.965028,-5.663538,8.064577,7.710289,-5.506145
2018-12-19,6636.830078,-10.258811,bottom,-13.633896,,-0.867718,1.52563,7.548858,15.169146,7.841091,-6.688587
2018-12-20,6528.410156,-11.570136,bottom,-15.173364,bottom,0.8558,4.420473,7.265103,16.881219,9.632051,-5.138927
2018-12-21,6332.990234,-14.231626,bottom,-18.076948,bottom,4.662832,8.531402,10.381231,21.333365,13.015017,-2.211756
2018-12-24,6192.919922,-16.045249,bottom,-20.169583,bottom,7.360428,11.635317,13.294306,21.034032,15.57117,4.369184
2018-12-26,6554.359863,-10.030278,bottom,-14.383631,bottom,-1.395949,6.378769,8.905805,15.294511,9.314411,-1.386251
2018-12-27,6579.490234,-9.311714,,-13.878776,bottom,2.393348,5.787027,7.41186,15.616116,8.896884,-1.762906
2019-01-03,6463.5,-9.849486,bottom,-15.137175,bottom,7.774717,9.173268,11.674179,19.165235,12.659399,4.260228
2020-03-09,7950.680176,-14.051068,bottom,-9.209451,,-14.10711,-14.745239,-0.472015,19.710501,4.95014,-13.709648
2020-03-11,7952.049805,-13.83783,bottom,-9.18581,,-12.897209,-7.407363,1.731023,21.038836,1.746092,-13.72451
2020-03-12,7201.799805,-23.467521,bottom,-19.001854,bottom,-0.713748,7.947734,12.412614,32.070067,13.215867,-4.736731
2020-03-13,7874.879883,-14.36076,bottom,-10.043923,,-13.512905,-4.845764,3.95314,23.427143,4.032316,-12.879053
2020-03-16,6904.589844,-27.157524,bottom,-23.077406,bottom,-0.638129,11.861773,20.972986,37.24316,23.334484,-0.636097
2020-03-17,7334.779785,-20.838373,bottom,-16.970155,bottom,1.12632,4.860594,13.479205,25.78989,16.10083,-6.46386
2020-03-18,6989.839844,-25.304695,bottom,-21.682801,bottom,5.489845,5.16811,19.940839,31.613911,22.068038,-1.847967
2020-03-19,7150.580078,-22.702073,bottom,-19.324711,bottom,8.661482,4.601611,19.038198,30.761124,20.97116,-4.054359
2020-03-20,6879.52002,-26.182024,bottom,-23.087282,bottom,8.66714,6.928666,21.863664,36.356863,25.737546,-0.274003
2020-03-23,6860.669922,-26.065529,bottom,-23.252107,bottom,12.499902,14.273224,18.601052,36.779276,26.083017,7.286608
2020-03-24,7417.859863,-17.956177,bottom,-15.396298,bottom,3.734274,6.135818,13.563189,29.298321,16.612336,-0.772187
2020-03-25,7384.299805,-18.104565,bottom,-15.811123,bottom,-0.321735,9.138386,14.009223,29.782644,17.142314,-0.321218
2020-03-26,7797.540039,-12.442826,bottom,-10.358703,,-4.059871,4.46488,10.195976,25.440895,10.934213,-5.603818
2020-03-27,7502.379883,-16.02376,bottom,-14.171235,bottom,-1.738475,8.798904,15.156343,30.041627,16.365211,-1.890064
2020-03-30,7774.149902,-12.215613,bottom,-10.595293,,1.773322,9.111213,10.185658,24.265647,12.297296,-5.319808
2020-03-31,7700.100098,-12.921802,bottom,-11.540446,,2.401544,8.618611,14.646939,26.305032,15.773949,-4.409294
2020-04-01,7360.580078,-17.105301,bottom,-15.997515,bottom,9.460122,14.772729,18.873766,28.186875,21.114231,0.169824
2020-04-02,7487.310059,-15.096004,bottom,-14.245705,bottom,8.524751,14.436587,13.912805,27.671068,19.064255,-1.525648
2020-04-03,7373.080078,-16.296699,bottom,-15.717072,bottom,10.537379,14.934998,16.671776,31.06093,20.908899,6.973743
2020-05-11,9192.339844,9.748367,top,5.702722,,0.46117,1.595927,7.957885,17.937933,8.283094,-3.580915
2020-05-18,9234.830078,10.92159,top,5.935214,,1.134756,3.965341,6.91353,17.602519,8.506053,-0.53851
2020-05-19,9185.099609,10.388908,top,5.342347,,2.444119,5.277993,7.601529,18.41689,9.093532,1.086328
2020-05-20,9375.780273,12.361091,top,7.327436,,-0.072447,2.527878,5.8744,16.151847,6.874834,-0.969523
2020-05-21,9284.879883,11.325686,top,6.297755,,2.183767,5.543084,6.879528,18.123269,7.921155,0.427684
2020-05-22,9324.589844,11.600172,top,6.661545,,2.410079,6.237666,7.556227,18.422617,7.849038,0.16762
2020-05-26,9340.219727,11.612643,top,6.755284,,2.830584,6.361959,8.130679,17.679218,8.470362,0.308028
2020-05-27,9412.360352,12.289855,top,7.439599,,2.833874,6.259423,5.143683,17.96724,7.638995,-0.460778
2020-05-28,9368.990234,11.69097,top,6.901264,,2.600325,1.312097,6.687832,18.844109,8.137268,1.290212
2020-05-29,9489.870117,12.87864,top,8.095665,,3.359317,1.037182,2.778257,18.160787,6.75984,0.030141
2020-06-01,9552.049805,13.369356,top,8.663516,,3.827587,1.804895,3.31645,18.267133,6.06488,-0.621012
2020-06-02,9608.379883,13.751578,top,9.157689,,3.531374,2.948189,4.580922,19.396239,5.443064,-1.203631
2020-06-03,9682.910156,14.18009,top,9.829037,,3.425549,2.323536,4.756726,18.282469,4.871673,-1.964076
2020-06-04,9615.80957,13.232806,top,9.042367,,-1.288228,3.346522,5.972689,19.580668,6.154659,-1.279966
2020-06-05,9814.080078,14.906035,top,10.97933,,-2.322135,1.336444,6.12181,18.21996,6.313076,-3.274373
2020-06-08,9924.75,15.492071,top,11.987988,,-2.022692,1.318561,4.136434,18.483483,5.127589,-4.352951
2020-06-09,9953.75,15.377069,top,12.171953,,-0.583185,1.76872,5.271135,19.164963,5.412533,-4.631617
2020-06-10,10020.349609,15.437349,top,12.725696,,-1.102013,-1.11574,5.129458,13.407888,5.263293,-5.265476
2020-06-11,9492.730469,9.610211,top,7.253737,,4.63475,5.375736,11.197168,17.54377,11.848119,1.012133
2020-06-12,9588.80957,10.116177,top,8.194581,,3.658579,1.741075,8.032788,12.335544,10.727409,1.430938
2020-06-15,9726.019531,11.042896,top,9.539844,,3.341253,1.511555,7.548233,13.58775,9.165321,0.320791
2020-06-16,9895.870117,12.198597,top,11.181598,,2.351905,1.632733,6.405482,9.84409,7.291631,-1.401093
2020-06-17,9910.530273,11.768009,top,11.239489,,-0.013727,2.433189,5.528192,9.089434,7.13292,-1.546946
2020-06-18,9943.049805,11.619042,top,11.480497,,0.740985,2.626167,5.480527,10.61583,6.782533,-1.868944
2020-06-19,9946.120117,11.168752,top,11.423091,,-1.917504,4.785366,7.931171,11.786661,8.254171,-1.899237
2020-06-22,10056.480469,11.849859,top,12.422316,,-1.829698,2.817872,6.018932,9.425569,7.066184,-2.9758
2020-06-23,10131.370117,12.102471,top,13.055583,,-0.719172,3.502415,5.51799,7.406893,6.274766,-3.692989
2020-06-24,9909.169922,9.489248,top,10.761444,,2.446916,6.245198,5.423361,8.546316,8.657838,-1.53343
2020-06-25,10017,10.143991,top,11.750495,,1.885182,5.821432,3.397546,7.329757,7.488169,-2.593394
2020-07-01,10154.629883,9.736225,top,12.800096,,3.798282,3.095002,4.177355,7.207627,6.031337,0.521929
2020-07-02,10207.629883,9.837892,top,13.22476,,3.93625,2.854359,5.133015,8.53877,5.480802,1.334882
2020-07-06,10433.650391,11.606792,top,15.306827,top,-0.411156,3.145805,4.398342,6.05792,4.496503,-0.8603
2020-07-07,10343.889648,10.3506,top,14.341161,top,1.389108,3.20106,5.613676,7.661268,5.774233,0.186487
2020-07-08,10492.5,11.3669,top,15.652975,top,0.551161,2.015575,4.708913,7.648526,4.821543,-1.232502
2020-07-09,10547.75,11.53111,top,16.067637,top,-0.703279,-0.821837,5.175933,4.877951,5.312226,-1.749855
2020-07-10,10617.44043,11.796011,top,16.612266,top,-1.081891,-2.423886,3.639503,6.517587,4.620981,-2.394746
2020-07-13,10390.839844,9.310956,top,14.360449,top,3.556961,1.389891,5.409016,7.09273,6.902526,-0.266198
2020-07-14,10488.580078,9.924064,top,15.194456,top,1.811952,-0.828032,2.76671,8.021617,5.906331,-1.19559
2020-07-15,10550.490234,10.164033,top,15.676861,top,1.464414,-0.071584,4.283508,7.927973,5.284874,-1.775373
2020-07-16,10473.830078,9.048953,,14.840589,top,-0.118558,1.082353,5.287169,10.039456,6.055476,-1.056446
2020-07-17,10503.19043,8.979736,,14.994721,top,-1.341995,2.278655,4.79692,12.286237,5.759011,-1.333031
2020-07-20,10767.089844,11.067574,top,17.338309,top,-2.16707,1.252537,3.31257,9.700596,3.368047,-3.75134
2020-07-21,10680.360352,9.905688,top,16.400278,top,-2.639984,2.412616,4.847458,9.703948,4.966869,-2.969756
2020-07-22,10706.129883,9.806797,top,16.511987,top,-1.535998,2.693338,4.030549,8.995716,4.714215,-3.203307
2020-07-27,10536.269531,7.361302,,14.594747,top,3.419607,4.019125,7.700925,8.89564,8.005207,-1.273503
2020-07-29,10542.94043,6.808534,,14.487575,top,4.229336,4.355092,10.114153,8.7413,10.643322,0.425585
2020-07-30,10587.80957,6.932675,,14.814791,top,4.79686,4.204817,9.348389,8.683323,10.174437,1.487182
2020-07-31,10745.269531,8.090396,,16.189131,top,2.442739,2.518265,8.474964,5.553952,8.844453,0.349463
2020-08-03,10902.799805,9.22289,,17.529357,top,0.599518,2.060033,7.699808,4.733993,8.004001,-1.100447
2020-08-04,10941.169922,9.269595,,17.770051,top,-1.457858,2.434842,8.733373,0.580518,9.126081,-1.447282
2020-08-05,10998.400391,9.489922,top,18.174796,top,0.125756,1.337211,9.184915,1.687649,9.619945,-1.960104
2020-08-06,11108.070313,10.131915,top,19.041961,top,-0.592043,1.402425,3.102497,-1.784639,8.537668,-2.928051
2020-08-07,11010.980469,8.898037,,18.04813,top,0.075526,2.695341,2.707099,-0.485878,9.494704,-2.072115
2020-08-10,10968.360352,8.1758,,17.556008,top,1.460515,3.6818,-1.10626,1.737226,9.920171,-1.691593
2020-08-11,10782.820313,6.178578,,15.756546,top,3.8927,6.147294,3.272807,7.225582,11.811568,0.601606
2020-08-12,11012.240234,7.992091,,17.732068,top,1.211455,5.759061,-0.844899,7.67685,9.482178,-1.494245
2020-08-13,11042.5,7.962459,,17.842053,top,1.994469,5.143572,-1.725927,7.438605,9.182164,-1.76418
2020-08-14,11019.299805,7.48388,,17.446648,top,2.619815,5.956699,0.338383,6.111769,9.412037,-1.557353
2020-08-17,11129.730469,8.180783,,18.250512,top,2.221285,5.639775,0.54292,3.739966,8.326437,-2.534114
2020-08-18,11210.839844,8.600829,,18.739277,top,2.254595,6.298531,-1.440822,5.006769,7.542705,-3.23927
2020-08-19,11146.459961,7.732693,,17.932401,top,4.547606,7.847704,-2.141647,4.92862,8.163852,-2.680398
2020-08-20,11264.950195,8.491282,,18.783166,top,3.149103,1.700072,-4.277241,4.888251,7.026132,-4.187057
2020-08-21,11311.799805,8.593881,,18.963913,top,3.336885,0.011758,-4.826519,5.271766,6.582866,-4.711894
2020-08-24,11379.719727,8.889544,,19.352464,top,3.41849,-4.788061,-3.724849,4.465012,5.946726,-5.280621
2020-08-25,11466.469727,9.342991,top,19.869772,top,4.043936,-2.874488,-7.546565,2.880798,5.145182,-7.268841
2020-08-26,11665.05957,10.732402,top,21.313357,top,3.300098,-6.60396,-8.894927,2.03361,3.355155,-8.847527
2020-08-27,11625.339844,10.082825,top,20.647929,top,-1.449032,-6.869499,-6.318117,1.955998,3.708284,-8.536091
2020-08-28,11695.629883,10.35637,top,20.95584,top,-3.325127,-5.618317,-5.069209,1.569408,3.085003,-9.085784
2020-08-31,11775.459961,10.727092,top,21.300712,top,-8.206551,-5.096855,-6.040231,2.195009,2.386153,-9.702124
2020-09-01,11939.669922,11.794991,top,22.271557,top,-6.918424,-7.739353,-6.685781,1.287611,0.978004,-10.944019
2020-09-02,12056.44043,12.438528,top,22.880813,top,-9.904058,-9.98935,-6.245302,1.231632,-4.962831,-11.806554
2020-09-03,11458.099609,7.123491,,17.395727,top,-5.420467,-5.977313,-3.400479,6.263582,-1.148444,-7.201101
2020-09-04,11313.129883,5.566265,,15.778714,top,-2.29319,-4.838276,0.170985,8.810578,0.171132,-6.011949
2021-01-21,13530.910156,9.339751,top,13.814132,,-1.442257,1.807755,2.507303,2.797412,4.17237,-3.401247
2021-01-25,13635.990234,9.521592,top,14.197388,,-1.7205,2.546142,-1.260404,2.278262,3.369609,-4.145645
2021-02-05,13856.299805,8.568799,,14.215177,top,1.711346,-2.360516,-9.431644,-1.620999,1.726074,-9.000524
2021-02-08,13987.639648,9.193782,,14.960647,top,0.427039,-3.806546,-6.756228,-2.939775,0.770895,-9.854983
2021-02-09,14007.700195,9.047358,,14.910631,top,-0.301789,-2.96867,-6.937718,-2.712562,0.626581,-9.98408
2021-02-10,13972.530273,8.501655,,14.46427,top,-0.769961,-6.299897,-4.193784,-1.589154,0.879865,-9.757503
2021-02-11,14025.769531,8.597117,,14.654472,top,-1.084658,-6.125923,-5.164014,-4.550279,0.496944,-10.100047
2021-02-12,14095.469727,8.812043,,14.958875,top,-4.071862,-3.660531,-4.615267,-5.138788,-0.34032,-10.544591
2021-02-16,14047.5,8.194127,,14.434972,top,-4.233585,-5.026985,-4.186288,-7.506115,-0.583803,-10.239116
2022-01-21,13768.919922,-11.526117,bottom,-9.723258,,0.011986,2.361976,-1.616975,-1.089952,5.239701,-3.022311
2022-01-24,13855.129883,-10.752904,bottom,-9.049316,,2.739092,1.152043,-3.478094,-2.94482,4.584874,-3.62573
2022-01-25,13539.290039,-12.852455,bottom,-11.287068,,5.787533,4.725523,-3.776676,-2.730127,7.024593,-3.706249
2022-01-26,13542.120117,-12.61956,bottom,-11.191752,,6.264136,6.767946,-0.507338,-5.329483,7.002227,-3.726373
2022-01-27,13352.780273,-13.783945,bottom,-12.518146,,3.863934,6.050554,2.527844,-2.640229,8.519498,-2.361231
2022-01-28,13770.570313,-10.498488,bottom,-9.377217,,2.349991,0.149338,-0.139306,-9.754614,5.227088,-5.323527
2022-02-22,13381.519531,-10.074802,bottom,-11.487031,,1.121663,-4.477718,5.292554,-15.867039,5.435114,-5.980635
2022-02-23,13037.490234,-12.402603,bottom,-13.965378,bottom,5.335662,1.658725,6.568432,-13.5225,8.217303,-3.499681
2022-03-07,12830.959961,-12.192875,bottom,-14.782249,bottom,-1.965579,7.559067,12.452995,-6.741612,13.940342,-1.946388
2022-03-08,12795.549805,-12.155774,bottom,-14.925969,bottom,1.189179,9.770272,10.443814,-3.81251,14.255658,-1.675036
2022-03-11,12843.80957,-10.962562,bottom,-14.228665,bottom,7.858362,9.821569,6.533648,-5.345835,13.82635,-2.044486
2022-03-14,12581.219727,-12.68058,bottom,-16.172416,bottom,9.524647,13.188617,6.394164,-4.013515,16.202085,2.920229
2022-04-26,12490.740234,-9.221227,,-14.889216,bottom,0.582887,-6.218427,-10.333582,-5.400152,3.795773,-9.817593
2022-04-27,12488.929688,-9.022444,,-14.712521,bottom,3.740002,-9.437102,-8.818652,-5.821283,3.81082,-9.804519
2022-04-29,12334.639648,-9.830829,bottom,-15.568654,bottom,-1.552196,-4.388837,-1.663667,-2.480687,5.109356,-8.676293
2022-05-05,12317.69043,-9.254908,,-14.962521,bottom,-7.997374,-7.84324,-2.506952,0.251916,-0.006414,-8.550631
2022-05-06,12144.660156,-10.379844,bottom,-16.160496,bottom,-2.836641,-6.726486,-0.688179,4.220219,1.418238,-7.247712
2022-05-09,11623.25,-14.45058,bottom,-20.301434,bottom,0.339603,-0.759814,4.63962,9.021376,5.967783,-3.086915
2022-05-10,11737.669922,-13.215831,bottom,-19.073622,bottom,2.081246,-4.115156,2.926674,7.545054,4.934799,-4.031633
2022-05-11,11364.240234,-16.146631,bottom,-22.039066,bottom,0.473263,0.618451,3.374161,10.674757,8.382964,-0.878106
2022-05-12,11370.959961,-15.741398,bottom,-21.707648,bottom,0.154134,3.199448,-0.272471,9.418017,8.318914,-0.936682
2022-05-13,11805,-11.704526,bottom,-17.710456,bottom,-3.889845,2.72517,-8.812273,8.51941,4.336301,-8.435151
2022-05-16,11662.790039,-12.658216,bottom,-18.674234,bottom,-1.099418,3.526279,-7.423578,9.147098,5.608524,-7.318657
2022-05-17,11984.519531,-9.739915,bottom,-15.728035,bottom,-6.196401,0.08291,-7.674721,8.495704,2.773418,-9.806727
2022-05-18,11418.150391,-14.333061,bottom,-20.305811,bottom,0.145188,7.576811,-7.001064,13.954692,7.87124,-6.76161
2022-05-19,11388.5,-14.384302,bottom,-20.321097,bottom,3.045314,5.336289,-5.321077,14.020278,8.152087,-6.51886
2022-05-20,11354.620117,-14.413319,bottom,-20.354243,bottom,6.615015,6.038307,-2.544923,13.055328,8.474791,-6.239931
2022-05-23,11535.269531,-12.560076,bottom,-18.535854,bottom,4.625697,5.399434,-4.270013,11.687037,6.776009,-7.708272
2022-05-24,11264.450195,-14.618409,bottom,-20.671864,bottom,6.279311,7.041829,-0.286796,12.036114,9.343112,-5.489399
2022-05-25,11434.740234,-12.849451,bottom,-18.933707,bottom,7.431622,2.755711,1.500568,7.955299,7.714737,-6.896883
2022-05-26,11740.650391,-9.951192,bottom,-16.091679,bottom,2.290975,-3.471919,-1.857769,5.313004,4.908161,-9.322744
2022-06-09,11754.230469,-8.721214,,-14.107796,bottom,-9.901962,-1.255143,-3.30063,-1.796855,-1.011728,-9.427507
2022-06-10,11340.019531,-12.035916,bottom,-17.459253,bottom,-4.894471,1.61415,-0.666137,3.907487,2.603964,-6.119213
2022-06-13,10809.230469,-16.463425,bottom,-21.995228,bottom,2.377505,3.386377,3.975256,9.295052,7.642349,-1.509181
2022-06-14,10828.349609,-15.884981,bottom,-21.5389,bottom,2.054147,3.177003,3.830628,11.20546,7.452289,-1.683082
2022-06-15,11099.150391,-13.054542,bottom,-18.794018,bottom,1.191524,-0.636395,3.133249,9.999608,4.830633,-4.081851
2022-06-16,10646.099609,-16.764663,bottom,-22.649493,bottom,8.64682,4.425735,6.490921,8.870132,9.291759,1.430101
2022-06-17,10798.349609,-14.930218,bottom,-20.912413,bottom,6.508622,4.737565,8.131887,8.187614,8.471672,2.133573
2022-06-21,11069.299805,-12.036031,bottom,-18.138716,bottom,1.008871,2.608572,7.216544,4.271428,7.483315,-0.366415
2022-06-22,11053.080078,-11.765808,bottom,-17.988953,bottom,1.122856,5.013476,8.715275,3.514089,9.106333,-0.220209
2022-06-23,11232.19043,-9.738862,,-16.097077,bottom,-1.827919,3.52606,5.220227,2.660378,7.366505,-1.811314
2022-06-28,11181.540039,-8.976163,,-15.738138,bottom,1.599701,0.588879,7.334046,-1.031371,7.852857,-1.366536
2022-06-29,11177.889648,-8.587761,,-15.520727,bottom,3.89062,0.653625,8.442715,-2.812147,8.809357,-1.334325
2022-06-30,11028.740234,-9.450476,,-16.605036,bottom,5.353979,3.769644,11.64408,-2.068815,12.3491,0.898646
2022-07-01,11127.849609,-8.131975,,-15.466391,bottom,2.175598,2.065186,10.574082,-2.717705,11.348471,1.075953
2022-08-10,12854.799805,9.554915,top,2.982151,,0.646073,-3.348126,-8.03663,-21.741306,2.125665,-10.189888
2022-08-12,13047.19043,10.729999,top,4.563774,,-2.655991,-7.192619,-6.170817,-21.107165,0.619745,-11.514205
2022-08-15,13128.049805,11.104962,top,5.198553,,-5.854205,-8.837309,-12.085624,-21.236999,-0.194241,-12.059214
2022-08-16,13102.549805,10.667663,top,4.999774,,-5.66196,-9.768629,-11.15374,-23.551411,-1.0472,-11.888065
2022-09-26,10802.919922,-10.20776,bottom,-10.865676,,0.115733,-2.443973,1.376136,-2.396454,3.457308,-4.457409
2022-09-27,10829.5,-9.920446,bottom,-10.386142,,3.153143,-3.795294,3.356132,-1.115482,3.413086,-4.69191
2022-09-29,10737.509766,-10.648713,bottom,-10.822399,,3.079447,-0.826308,0.5124,-2.257174,4.299045,-3.875388
2022-09-30,10575.620117,-12.021869,bottom,-12.122968,,0.723389,-2.433296,4.861446,-2.125277,5.895635,-2.40393
2022-10-07,10652.400391,-11.031882,bottom,-10.541233,,-3.156685,1.927525,-1.676992,-1.834537,5.132362,-3.107382
2022-10-10,10542.099609,-11.945102,bottom,-11.365181,,1.260275,3.820109,0.212445,-2.27242,6.23235,-2.093605
2022-10-11,10426.19043,-12.919577,bottom,-12.256966,,3.266639,7.151426,1.80602,1.363168,7.413347,-1.005168
2022-10-12,10417.099609,-12.824573,bottom,-12.149028,,2.497191,5.180589,-0.61559,2.076295,7.507085,-0.918777
2022-10-13,10649.150391,-10.445563,bottom,-9.7906,,-0.322711,1.338708,4.273899,0.873981,5.164447,-3.077811
2022-10-14,10321.389648,-13.326371,bottom,-12.726184,,5.08421,7.294742,9.26468,5.744567,9.707418,0.208797
2022-10-17,10675.799805,-9.786426,bottom,-9.220969,,2.559834,2.883798,4.759672,3.001575,6.065403,-3.117887
2022-10-20,10614.839844,-9.889415,bottom,-9.392244,,1.661419,-2.59488,4.873437,3.172641,7.005007,-2.561503
2022-11-03,10342.94043,-10.08243,bottom,-11.139944,,7.19149,7.468317,10.268939,13.317745,11.017271,0.098903
2023-02-02,12200.820313,10.341334,top,8.541654,,-3.428709,-2.868345,-4.285412,0.096499,-0.713315,-6.731841
2023-06-13,13573.320313,9.422281,top,13.838657,,-0.525347,0.135687,4.080042,1.377091,4.16442,-1.750051
2023-06-14,13626.480469,9.550289,top,14.012662,,0.030303,-0.25829,3.513098,2.116004,3.758049,-2.133348
2023-06-15,13782.820313,10.43268,top,14.937457,top,-2.128749,0.036993,3.297956,-0.066844,3.352941,-3.243458
2023-06-16,13689.570313,9.483107,top,14.033252,,-2.618358,0.924879,4.736929,0.901863,4.850914,-2.584377
2023-07-18,14353.639648,9.667346,top,14.622751,top,-1.467348,-0.48698,-5.165328,-4.955514,0.030514,-5.034192
2023-07-19,14358.019531,9.405958,top,14.448871,top,-1.620094,-2.714952,-6.349999,-5.613625,-0.083577,-6.152587
2024-07-10,18647.449219,9.986731,top,12.767795,,-3.550874,-7.255441,-14.095683,-3.987676,-0.740634,-13.147319
2025-03-10,17468.320313,-10.842574,bottom,-8.577499,,1.929589,4.040549,-11.290912,10.79973,4.599979,-10.765375
2025-03-11,17436.099609,-10.834298,bottom,-8.755289,,0.389349,4.681939,-13.27895,10.148199,4.793272,-12.43506
2025-03-13,17303.009766,-11.171925,bottom,-9.510575,,2.221123,2.854434,-5.437317,12.420208,5.599313,-11.761535
2025-04-03,16550.609375,-12.91363,bottom,-13.684365,,-0.991563,-1.608944,8.271087,19.940277,8.622771,-7.750163
2025-04-04,15587.790039,-18.561209,bottom,-19.559488,bottom,7.038446,1.799935,13.519286,26.87102,15.332131,-2.052118
2025-04-07,15603.259766,-18.117234,bottom,-19.339777,bottom,7.577112,4.371102,12.550045,27.78646,15.217786,-2.149228
2025-04-08,15267.910156,-19.942301,bottom,-21.369953,bottom,9.700385,9.013744,14.996501,29.039516,17.748469,3.949396
2025-04-10,16387.310547,-12.452878,bottom,-14.154704,bottom,-0.61738,5.898195,8.990776,22.933411,9.705192,-3.151281
2025-04-11,16724.460938,-10.165814,bottom,-12.045375,,-5.238511,3.764943,11.209703,20.990595,11.86214,-5.103666
2025-04-16,16307.160156,-11.900593,bottom,-14.322406,bottom,5.132867,8.256696,15.872888,23.745641,17.413519,-2.675265
2025-04-17,16286.450195,-11.689296,bottom,-14.361314,bottom,6.515575,9.880031,16.515473,24.127209,17.957562,-2.551506
2025-04-21,15870.900391,-13.892369,bottom,-16.833091,bottom,9.003454,11.719351,19.122794,27.457507,21.07354,2.706334
2025-04-22,16300.419922,-10.887511,bottom,-14.064256,bottom,6.87973,8.178943,16.073114,24.835015,17.883227,2.500738
2025-06-10,19714.990234,9.723136,top,5.820924,,-0.988386,1.302967,4.539905,9.595099,4.644537,-1.563075
2025-06-25,19973.550781,9.326978,top,7.178921,,2.078918,3.236939,5.286974,12.493294,5.429231,0.973084
2025-06-26,20167.910156,10.032934,top,8.108886,,2.125172,2.049563,4.557456,12.218437,4.662903,0.173446
2025-06-27,20273.460938,10.297298,top,8.58641,,0.683573,1.793424,4.367761,10.746267,4.464552,-0.348092
2025-06-30,20369.730469,10.519048,top,9.026641,,0.238944,1.50107,3.514195,9.937017,3.970841,-0.819058
2025-07-01,20202.890625,9.365188,top,8.189082,,2.001571,2.577988,4.485252,10.255196,4.829455,0.941649
2025-07-02,20393.130859,9.868033,top,9.085887,,1.15802,2.386422,3.51383,9.760895,3.851538,0.095075
2025-07-03,20601.099609,10.432859,top,10.050313,,-0.075609,1.419657,0.23772,9.22138,2.803154,-0.915388
2025-07-09,20611.339844,9.351933,top,9.914641,,0.576417,1.963389,2.671628,10.284932,2.752078,-0.125225
2025-09-22,22788.980469,6.777716,,14.215549,top,-0.871885,0.66778,0.880568,1.405153,1.116331,-2.565059
2026-05-05,25326.130859,9.690121,top,9.040059,,2.964637,2.127477,5.857736,0.18824,6.980022,1.895546
2026-05-06,25838.939453,11.506361,top,10.959304,,2.157,1.655865,3.767384,0.289688,4.856859,-0.126709
2026-05-07,25806.199219,11.1841,top,10.746194,,3.161968,1.869179,-0.37569,2.973204,4.989891,-0.374986
2026-05-08,26247.080078,12.64864,top,12.318857,,-0.083623,0.368469,-1.216725,0.442343,3.226341,-2.04842
2026-05-11,26274.130859,12.487032,top,12.300789,,-0.700474,1.443617,-2.29183,0.28208,3.120063,-2.265767
2026-05-12,26088.199219,11.522648,top,11.469446,,-0.83716,2.223362,-3.585013,2.282909,3.855004,-3.521513
2026-05-13,26402.339844,12.445847,top,12.524297,,-0.501135,1.932291,-2.270379,0.766004,2.619315,-4.669434
2026-05-14,26635.220703,13.046907,top,13.256946,,-1.292789,1.258782,-2.842244,-0.715034,1.72208,-5.502942
2026-05-15,26225.140625,11.243081,top,11.557322,,0.452092,3.23284,1.734335,1.375991,3.312698,-4.0253
2026-05-18,26090.730469,10.5016,top,10.9074,,2.144091,3.772853,1.088729,2.693482,3.844928,-3.530873
2026-05-19,25870.710938,9.424871,top,9.953779,,3.060522,3.730258,0.58178,3.264363,4.728086,-2.710443
2026-05-20,26270.359375,10.716983,top,11.371368,,2.433426,2.11152,0.937981,1.415686,3.134868,-4.1905
2026-05-21,26293.099609,10.581936,top,11.348541,,2.551571,-2.244869,-0.482276,-0.012889,3.045669,-4.273363
2026-05-22,26343.970703,10.531326,top,11.43615,,2.780748,-1.585194,-2.91535,-0.048907,2.846684,-4.458214
2026-05-26,26656.179688,11.429554,top,12.494497,,1.628762,-3.735447,-4.525903,-2.234434,1.642098,-5.577242
2026-05-27,26674.730469,11.224316,top,12.448616,,0.669737,-5.808375,-5.059879,-1.870333,1.571412,-5.642908
2026-05-28,26917.470703,11.823046,top,13.232035,,-0.321906,-4.20267,-6.206526,-3.544124,0.655447,-6.493815
2026-05-29,26972.619141,11.737874,top,13.314244,,-4.796441,-4.101026,-4.366741,-3.092331,0.449646,-6.684998
2026-06-01,27086.810547,11.859373,top,13.612947,,-4.365942,-1.498505,-3.276395,-3.595521,0.026175,-7.078392
2026-06-02,27093.900391,11.560036,top,13.514123,,-5.364208,-2.684123,-3.967368,-2.060475,-0.885513,-7.102707
2026-06-03,26853.980469,10.383867,top,12.509339,,-6.478111,-3.148478,-3.877409,-1.695839,-0.085721,-6.27274
2026-06-04,26830.960938,10.013876,top,12.311924,,-3.880763,-1.173538,-2.681076,-1.729571,-0.547955,-6.192327
