date,close,deviation60Pct,signal60,deviation120Pct,signal120,forwardReturn5Pct,forwardReturn10Pct,forwardReturn20Pct,forwardReturn60Pct,maxForwardGain20Pct,maxForwardDrawdown20Pct
1991-08-14,158.63,17.600103,top,22.931749,,4.83608,9.775428,16.570995,37.679519,19.296476,0.996028
1991-08-15,160.21,17.952664,top,23.746326,,4.843045,9.774153,15.044332,37.691073,18.119968,0.867611
1991-08-16,161.6,18.17722,top,24.421803,,4.955602,9.907222,15.020017,37.785984,17.10396,0.996287
1991-08-19,163.21,18.520667,top,25.211389,,4.960386,9.914061,15.019528,37.162905,16.206115,0.998713
1991-08-20,164.84,18.863238,top,25.989557,,4.941395,9.886653,13.491814,36.498177,15.057025,1.000971
1991-08-21,166.49,19.205221,top,26.756164,,4.939348,9.831431,11.953669,35.838529,13.916752,1.003063
1991-08-22,168.16,19.546295,top,27.511077,,4.931107,9.819288,10.555079,35.830302,12.785442,0.981208
1991-08-23,169.81,19.862355,top,28.230751,top,4.95162,9.835173,9.063631,35.524881,11.689535,1.001119
1991-08-26,171.51,20.195803,top,28.956387,top,4.953675,9.837448,7.571425,35.457373,10.582473,0.979535
1991-08-27,173.19,20.505979,top,29.646753,top,4.945258,8.380649,6.098119,35.220165,9.509787,0.998903
1991-08-28,174.92,20.831741,top,30.342454,top,4.892083,6.795567,4.619514,35.123484,8.426709,0.99474
1991-08-29,176.66,21.15129,top,31.006874,top,4.888181,5.270179,3.159125,35.062817,7.358768,1.001925
1991-08-30,178.43,21.474888,top,31.664781,top,4.883553,5.112795,1.882082,34.907454,6.293785,1.003195
1991-09-02,180.22,21.797461,top,32.310719,top,4.883772,5.105467,0.387662,34.884837,5.238042,0.388414
1991-09-03,181.97,22.086669,top,32.911982,top,3.43539,3.605161,0.279874,34.659519,4.225971,-0.577018
1991-09-04,183.69,22.34918,top,33.47498,top,1.903484,2.122238,0.326105,34.589243,3.250041,-1.507975
1991-09-05,185.51,22.654763,top,34.06952,top,0.381998,0.735791,0.263788,34.596064,2.237076,-2.47426
1991-09-06,187.36,22.941563,top,34.656939,top,0.229242,-0.771543,0.069361,34.598069,1.227583,-3.437233
1991-09-09,189.24,23.232298,top,35.237185,top,0.221694,-2.266023,-0.063432,33.961522,0.22194,-4.396534
1991-09-10,188.33,22.071504,top,34.341285,top,0.16977,-2.28253,1.413004,34.77787,1.423034,-3.934583
1991-09-11,187.22,20.832164,top,33.341776,top,0.218754,-2.176053,2.962829,36.372725,3.007157,-3.365025
1991-09-12,186.22,19.677411,top,32.402594,top,0.353793,-2.111054,4.437705,37.249269,4.537644,-2.846096
1991-09-13,187.79,19.898554,top,32.827334,top,-1.000784,-3.230713,4.589775,37.381775,4.696736,-3.658342
1991-09-16,189.66,20.268784,top,33.391049,top,-2.487717,-4.717805,4.590869,36.683616,4.69788,-4.608246
1991-09-17,188.65,19.142943,top,32.441229,top,-2.4523,-3.325287,6.097067,37.472989,6.286774,-4.097535
1991-09-18,187.63,18.037494,top,31.494063,top,-2.394807,-1.796133,7.631733,38.954557,7.930502,-3.576187
1991-09-19,186.88,17.099151,,30.697734,top,-2.464847,-0.472003,9.024796,39.66147,9.444563,-3.189212
1991-09-20,185.92,16.073712,,29.794323,top,-2.229929,0.840904,10.512921,40.47477,11.085413,-2.689329
1991-09-23,185,15.072023,,28.915824,top,-2.230088,2.202591,11.838346,41.268225,12.567568,-2.205405
1991-09-24,184.08,14.070718,,28.039124,top,-0.872987,3.695534,13.207036,42.002612,14.118861,-1.716645
1991-10-11,192.85,13.051312,,28.357448,top,4.887658,9.401299,18.145695,43.41064,19.896292,0.943739
1991-10-14,194.67,13.426012,,28.845176,top,4.940885,9.457674,18.209037,42.836823,19.972261,0.996558
1991-10-15,196.61,13.83273,,29.37377,top,4.922361,9.30373,18.176192,42.142643,19.932862,0.996897
1991-10-16,198.57,14.237476,,29.894874,top,4.75976,8.612549,17.552508,41.470533,19.187188,0.976985
1991-10-17,200.51,14.619967,,30.382979,top,4.657669,8.637945,16.909295,40.899982,18.423021,0.997456
1991-10-18,202.51,15.019397,,30.87794,top,4.513641,8.610566,16.253127,40.314154,17.648511,0.997482
1991-10-21,204.53,15.398487,,31.359777,top,4.516789,8.542519,16.250426,40.20204,17.645333,0.977852
1991-10-22,206.53,15.747425,,31.809519,top,4.381369,8.409796,15.948329,39.519613,17.290466,0.832809
1991-10-23,208.25,15.948421,,32.104342,top,3.852789,8.568196,16.047603,38.761975,17.406963,0.87395
1991-10-24,210.07,16.185271,,32.428478,top,3.980277,8.597547,15.91501,38.064396,17.251392,0.852097
1991-10-25,211.86,16.400918,,32.719837,top,4.096925,8.744396,15.963788,37.219162,17.3086,1.000661
1991-10-28,213.98,16.761483,,33.145966,top,4.02573,8.751363,15.89726,36.379506,17.230582,0.8412
1991-10-29,215.78,16.964755,,33.403507,top,4.028427,8.872462,15.901153,35.567806,17.235147,0.301233
1991-10-30,216.43,16.642583,,33.120306,top,4.715407,8.93996,16.575953,35.455191,18.028924,1.002634
1991-10-31,218.6,17.014801,,33.522325,top,4.61727,8.27135,16.319345,34.62595,17.726441,0.969808
1991-11-01,220.72,17.352833,top,33.880846,top,4.647471,7.642561,16.224705,34.485748,17.615078,0.928779
1991-11-04,222.77,17.64913,top,34.187374,top,4.725634,7.707908,16.292958,33.635039,17.695381,0.84392
1991-11-05,224.65,17.861776,top,34.408875,top,4.844035,7.538533,16.446895,32.98048,17.876697,0.992655
1991-11-06,226.88,18.218757,top,34.775531,top,4.224552,7.479407,15.821003,32.091896,17.14122,0.903561
1991-11-07,228.93,18.486881,top,35.052286,top,3.65408,7.317463,15.255816,31.355339,16.48102,1.000306
1991-11-08,231.22,18.848444,top,35.414089,top,2.99509,7.219392,15.264201,30.659643,16.490788,1.007698
1991-11-11,233.55,19.214832,top,35.779545,top,2.982274,7.145896,14.602527,29.828717,15.722543,0.963391
1991-11-12,235.8,19.533977,top,36.098822,top,2.694498,7.028692,14.615808,29.136485,15.737913,0.368957
1991-11-13,236.67,19.273004,top,35.8302,top,3.254854,7.635993,14.540239,29.043528,15.650484,0.329573
1991-11-14,237.45,18.983932,top,35.527563,top,3.663383,8.047995,14.466626,28.717658,15.565382,0.336913
1991-11-15,238.25,18.713143,top,35.23755,top,4.224302,8.582144,15.069696,28.570741,16.264428,0.994753
1991-11-18,240.62,19.09364,top,35.5985,top,4.163623,8.585051,14.386247,28.410157,15.472529,0.673261
1991-11-19,242.24,19.159244,top,35.641549,top,4.334193,8.908362,14.01352,27.767302,15.042933,0.932959
1991-11-20,244.5,19.481482,top,35.940679,top,4.381139,8.341596,13.382276,32.119398,14.319018,0.740286
1991-11-21,246.31,19.61523,top,36.049469,top,4.384612,7.938353,12.880566,32.941794,13.746904,0.901303
1991-11-22,248.53,19.908298,top,36.316254,top,4.357842,8.044809,12.928245,33.661018,13.801151,0.933489
1991-11-25,250.85,20.232171,top,36.61342,top,4.421428,7.456631,12.991213,36.010934,13.872832,0.845127
1991-11-26,252.97,20.469272,top,36.822211,top,4.574168,7.587117,12.348984,35.422105,13.143851,0.980353
1991-11-27,255.45,20.838463,top,37.162929,top,3.960458,6.904246,11.697803,34.410459,12.409473,0.743785
1991-11-28,257.35,20.975565,top,37.26991,top,3.553741,6.418631,11.262762,33.594474,11.921508,0.874296
1991-11-29,259.6,21.241548,top,37.505538,top,3.686966,6.487552,11.366569,33.374455,12.03775,0.997689
1991-12-02,262.19,21.627335,top,37.861107,top,3.035203,5.801197,10.669073,32.989598,11.259011,0.999275
1991-12-03,264.81,22.012315,top,38.206464,top,3.012948,5.105158,10.030641,32.195269,10.550961,0.362524
1991-12-04,265.77,21.775711,top,37.924841,top,2.943788,5.04068,10.009779,32.273057,10.5279,0.334876
1991-12-05,266.66,21.501166,top,37.621464,top,2.86489,4.942212,10.614023,32.297769,11.19778,1.008775
1991-12-06,269.35,21.870444,top,37.985065,top,2.800586,4.883436,10.000743,31.68425,10.517913,0.341563
1991-12-09,270.27,21.566291,top,37.691614,top,2.765994,5.534583,10.025259,31.882703,10.545011,0.976801
1991-12-10,272.91,21.889219,top,38.027214,top,2.09221,4.761868,9.350643,31.385625,9.801766,0.293137
1991-12-11,273.71,21.545063,top,37.68975,top,2.096892,4.793558,9.377786,31.547002,9.831574,0.255745
1991-12-12,274.41,21.154814,top,37.321677,top,2.077322,4.84413,9.524061,31.533808,9.992347,0.943843
1991-12-13,277,21.425791,top,37.635986,top,2.08285,4.879016,8.99133,30.801546,9.407942,0.306859
1991-12-16,277.85,21.056331,top,37.323373,top,2.768589,4.867876,9.565367,30.351787,10.03779,0.298722
1991-12-17,278.68,20.670131,top,37.008794,top,2.669658,4.925483,9.557764,30.231363,10.029424,0.297833
1991-12-18,279.51,20.274917,top,36.690434,top,2.696666,4.9691,9.332096,30.050601,9.781403,0.236128
1991-12-19,280.17,19.811467,top,36.307672,top,2.766808,5.671811,9.268821,29.859776,9.711961,0.949424
1991-12-20,282.83,20.036405,top,36.623573,top,2.796166,5.117307,8.327129,28.822112,8.683662,0.997065
1991-12-23,285.65,20.287369,top,36.984422,top,2.099287,4.490676,7.491033,28.010046,7.77875,0.199545
1991-12-24,286.22,19.743342,top,36.551247,top,2.255826,4.588775,7.317669,28.048518,7.592062,0.324925
1991-12-25,287.15,19.316967,top,36.240387,top,2.272434,4.584228,7.181436,27.67132,7.445586,0.30646
1991-12-26,288.03,18.882532,top,35.908832,top,2.905003,4.67993,7.043843,27.214696,7.297851,0.979065
1991-12-27,290.85,19.114843,top,36.235342,top,2.321141,4.112314,6.894474,26.507148,7.1377,0.295685
1991-12-30,291.71,18.67942,top,35.880956,top,2.391389,4.697491,6.673008,26.643536,6.900689,0.356518
1991-12-31,292.75,18.313008,top,35.584815,top,2.33295,4.632281,6.502943,26.463456,6.719044,0.341588
1992-01-02,293.75,17.941175,top,35.275356,top,2.311794,4.362996,6.261113,26.070003,6.461277,0.942979
1992-01-03,296.52,18.16601,top,35.56188,top,1.774928,3.59701,5.4855,25.071095,5.638743,0.391205
1992-01-06,297.68,17.852335,top,35.305226,top,1.791172,3.209822,5.394699,24.70952,5.542865,0.366165
1992-01-07,298.77,17.52349,top,35.028856,top,2.306102,3.000357,5.200931,24.39911,5.338555,0.297888
1992-01-08,299.66,17.138314,,34.683178,top,2.299331,2.728893,5.170034,24.138371,5.306013,0.320363
1992-01-09,300.62,16.786728,,34.365619,top,2.051202,2.597207,5.125504,23.939034,5.259131,0.402501
1992-01-10,301.83,16.526219,,34.134366,top,1.822082,2.363913,4.726971,23.668169,4.840473,0.407514
1992-01-13,303.06,16.280041,,33.912319,top,1.418649,2.78216,4.509714,23.057315,4.612948,0.884313
1992-01-14,305.74,16.507595,,34.155781,top,0.694255,1.975517,4.458543,22.276407,4.55943,0.291097
1992-01-15,306.63,16.156722,,33.811922,top,0.429562,1.870663,4.196018,24.334704,4.285295,0.071748
1992-01-16,306.85,15.600509,,33.255536,top,0.546005,1.898117,9.405026,26.662936,9.861496,0.172723
1992-01-17,307.38,15.157206,,32.805202,top,0.541831,1.88849,10.792408,28.004022,11.396317,0.003253
1992-01-20,307.39,14.559515,,32.19464,top,1.363511,2.184877,12.405644,28.938042,13.207977,0.156153
1992-01-21,307.87,14.128417,,31.744171,top,1.281262,2.200574,15.528688,29.720234,16.799298,0.025985
1992-01-22,307.95,13.581359,,31.172334,top,1.4411,2.441141,15.755452,29.556616,17.064459,0.188342
1992-01-23,308.53,13.20018,,30.769503,top,1.352112,2.528296,15.53122,28.448441,16.844391,0.168541
1992-01-24,309.05,12.812573,,30.353849,top,1.346659,2.363057,15.287869,25.766143,16.647792,0.828345
1992-01-27,311.61,13.081892,,30.59427,top,0.821366,1.727554,15.113413,26.767484,16.315266,0.07381
1992-01-28,311.84,12.614165,,30.091487,top,0.919312,2.483026,15.647518,28.434146,16.938173,0.185993
1992-01-29,312.42,12.269232,,29.707313,top,1.00004,2.325355,15.661684,30.675201,16.95474,0.099225
1992-01-30,312.73,11.851976,,29.24376,top,1.176185,7.506909,16.002165,33.250845,17.353628,0.16308
1992-01-31,313.24,11.510338,,28.850748,top,1.016398,8.903918,16.198246,34.921519,17.583961,0.300089
1992-02-03,314.18,11.315945,,28.599692,top,0.906188,10.220767,16.288808,34.896178,17.690496,0.171876
1992-02-07,314.72,11.006651,,28.227391,top,1.563714,13.328114,16.656513,36.557649,18.124047,0.266904
1992-02-10,315.56,10.802776,,27.954776,top,1.325315,13.314312,16.864948,35.314165,18.370516,0.2757
1992-02-18,337.11,14.585024,,31.389924,top,6.672199,8.495256,11.313479,42.18918,11.978286,1.572187
1992-02-19,342.41,15.596765,,32.37895,top,5.037292,7.294328,9.798547,42.426071,10.294676,1.629625
1992-02-20,347.99,16.649018,,33.414872,top,4.071279,6.06804,8.089339,44.741868,8.526107,3.333429
1992-02-21,359.59,19.314833,top,36.083946,top,1.400092,3.328399,4.990325,46.385976,5.116939,0.141828
1992-02-24,360.5,18.964819,top,35.733232,top,1.347332,3.550637,4.975397,50.628273,5.101248,-0.110957
1992-02-25,360.37,18.344103,top,35.10363,top,1.823057,4.040789,4.958665,53.772153,5.139163,-0.074923
1992-02-26,360.1,17.69989,top,34.445243,top,2.257035,4.357964,4.882983,125.76228,5.217995,0.652597
1992-02-27,362.45,17.783776,top,34.513623,top,1.996761,3.914643,4.499262,130.75309,4.602014,0.609739
1992-02-28,364.66,17.830342,top,34.541524,top,1.928307,3.163386,4.323011,136.055176,4.417814,0.200186
1992-03-02,365.39,17.482408,top,34.168463,top,2.203305,3.141253,4.298829,127.019219,4.392567,0.440625
1992-03-03,367,17.373617,top,34.039199,top,2.217732,2.818223,3.806725,117.900706,3.934605,0.359673
1992-03-04,368.32,17.184879,,33.825448,top,2.100929,2.504219,3.38735,114.73697,3.56212,0.390964
1992-03-05,369.76,17.036979,,33.638088,top,1.917882,2.021298,3.026014,120.573726,3.158806,0.540891
1992-03-06,371.76,17.03545,,33.593866,top,1.235079,1.661926,2.541666,115.776323,2.60383,0.476114
1992-03-09,373.53,16.976981,,33.487957,top,0.937948,1.42476,2.103389,111.667956,2.125666,0.455117
1992-03-10,375.23,16.895711,,33.365031,top,0.600491,0.917876,1.769817,103.760727,1.785572,0.242518
1992-03-11,376.14,16.604333,,33.027636,top,0.403291,0.525019,1.658422,107.715039,1.67225,0.063806
1992-03-12,376.92,16.290136,,32.652996,top,0.103417,0.584619,1.247099,107.62552,1.461849,-0.143266
1992-03-13,376.38,15.635316,,31.930557,top,0.426847,1.159625,1.489987,106.650299,1.607418,0.178012
1992-03-16,377.05,15.305144,,31.527737,top,0.486812,1.157576,3.661105,109.459947,3.728948,0.068956
1992-03-17,377.49,14.918314,,31.062947,top,0.317385,0.988502,5.944431,114.565717,6.124666,-0.047683
1992-03-18,377.66,14.464902,,30.52665,top,0.121729,0.88313,7.413067,113.783368,7.694752,-0.092676
1992-03-19,377.31,13.891494,,29.854363,top,0.481202,1.004716,8.443059,113.315237,8.809732,0.180223
1992-03-20,377.99,13.603977,,29.453638,top,0.732778,0.87974,9.201221,113.147124,9.637821,0.034392
1992-03-23,378.89,13.374733,,29.109874,top,0.670764,0.678629,8.825766,112.46886,9.377392,-0.203225
1992-03-24,378.69,12.862699,,28.476807,top,0.671117,0.851942,7.958556,112.767351,9.435158,-0.150519
1992-04-17,414.42,14.267773,,27.968391,top,-0.004826,9.037989,32.19443,100.86791,37.980792,-3.508518
1992-04-28,436.09,16.025761,,29.511149,top,3.131005,16.445244,100.652027,86.494554,225.980876,1.850535
1992-04-29,444.16,17.273777,top,30.793818,top,2.334303,16.408471,96.013697,82.60353,220.058087,0.274676
1992-04-30,445.38,16.964638,,30.522901,top,4.977546,20.066457,101.966355,94.162605,219.181373,0.85994
1992-05-04,453.62,18.183845,top,31.798917,top,8.02021,23.156441,95.875187,92.96746,213.383449,-0.972179
1992-05-05,449.21,16.619662,,30.28461,top,12.009307,28.62842,93.218739,90.096949,216.460008,0.16696
1992-05-06,449.96,16.203186,,29.917231,top,13.314239,31.569413,85.598775,88.212859,215.932527,1.042315
1992-05-07,454.65,16.639928,,30.413075,top,14.074167,102.447668,88.758391,84.404045,212.673485,2.960519
1992-05-08,468.11,18.905542,top,32.761174,top,15.088911,105.171412,85.958485,80.981162,203.682895,4.996689
1992-05-11,491.5,23.045062,top,37.019199,top,15.136232,106.205523,79.964032,74.135586,189.230926,3.057986
1992-05-12,506.53,25.262956,top,39.3846,top,16.619113,94.357391,79.939373,71.518166,180.648728,1.482637
1992-05-13,514.04,25.988022,top,40.201026,top,18.255173,84.206783,83.690016,67.79261,176.548518,1.813088
1992-05-14,523.36,27.026942,top,41.328734,top,88.373501,79.605226,81.155844,64.965336,171.623739,4.010624
1992-05-15,544.35,30.143201,top,44.551455,top,90.082501,81.899898,76.662708,61.337923,161.149995,5.046386
1992-05-18,571.82,34.191829,top,48.7104,top,91.069292,72.718746,71.751472,52.236039,148.604456,4.597601
1992-05-19,598.11,37.716722,top,52.390119,top,77.738278,64.590319,66.815985,36.711498,137.677016,3.15661
1992-05-20,616.99,39.787233,top,54.650938,top,65.951609,54.029363,63.953862,23.599118,130.404058,71.65108
1992-05-21,1266.49,108.122413,top,124.239225,top,-8.768275,-13.689277,-8.058833,-39.766295,12.244866,-16.377547
1992-05-22,1339.99,110.041131,top,127.447923,top,-8.182603,-19.212927,-13.400166,-44.537054,6.088105,-20.964336
1992-05-25,1421.57,112.076329,top,130.811644,top,-18.350546,-26.241491,-19.484362,-41.421193,-8.456847,-25.499975
1992-05-26,1301.35,99.93003,top,119.752832,top,-13.147959,-14.418019,-11.656101,-33.228078,-5.120836,-18.617589
1992-05-27,1193.17,88.41752,top,109.126217,top,-11.922247,-0.516767,-3.593037,-23.901045,3.481482,-11.238968
1992-05-28,1160.17,82.970216,top,104.480141,top,-4.921002,1.550618,0.005172,-21.864572,6.42492,-8.71424
1992-05-29,1234.71,86.388253,top,108.755044,top,-11.030324,-5.23719,-5.839834,-29.830215,-3.862445,-14.225203
1992-06-01,1183.24,79.564865,top,102.68537,top,-7.890946,-0.967274,-1.167158,-29.144154,0.319462,-10.494067
1992-06-02,1141.02,73.564232,top,97.359222,top,-1.27006,2.225665,4.303021,-29.494754,4.396943,-7.18217
1992-06-03,1059.07,64.048048,top,88.398974,top,11.40548,9.9245,12.006859,-18.835443,12.757419,3.247189
1992-06-04,1104.46,66.093173,top,91.026956,top,6.471619,5.630444,7.247689,-24.580528,8.123427,-0.995962
1992-06-05,1105.76,64.103223,top,89.602642,top,5.793134,5.812761,7.271429,-26.51717,7.99631,-1.112357
1992-06-08,1093.46,60.953519,top,86.989434,top,6.923672,6.757129,9.381589,-28.381804,9.835751,3.032575
1992-06-09,1126.62,61.861077,top,88.4464,top,3.495725,2.761917,6.846845,-31.164238,7.086684,2.169321
1992-06-10,1187.02,64.884702,top,92.05628,top,-1.48098,-3.076271,-0.128134,-41.012202,1.637715,-3.029435
1992-06-11,1178.3,62.019291,top,89.748303,top,-0.841175,-1.545446,0.019518,-43.311624,2.389884,-2.311805
1992-06-12,1171.71,59.390772,top,87.656893,top,0.019628,-0.602644,1.432875,-44.138432,2.965751,-1.762381
1992-06-15,1171.85,57.378303,top,86.165866,top,-0.166542,-0.199884,-3.077993,-51.122393,2.95345,-3.031105
1992-06-16,1166.7,54.968586,top,84.25419,top,-0.733808,2.077356,-4.617723,-60.027887,3.407903,-4.512728
1992-06-17,1169.57,53.275584,top,83.046809,top,-1.59529,2.08236,-5.435939,-60.960176,3.154151,-5.290833
1992-06-18,1168.43,51.277601,top,81.520285,top,-0.704271,1.617245,-3.819798,-52.270376,3.254795,-5.198429
1992-06-19,1171.94,49.70669,top,80.41027,top,-0.622271,1.458668,-4.037981,-41.188961,2.945543,-5.482363
1992-06-22,1169.9,47.704411,top,78.850229,top,-0.033342,2.624459,-6.26814,-46.483027,3.125053,-6.075733
1992-06-23,1158.17,44.929425,top,76.495386,top,2.811163,4.084928,-6.766961,-45.043585,4.169509,-6.543081
1992-06-24,1151.06,42.592365,top,74.562742,top,3.67765,2.948137,-10.564435,-40.329555,4.812955,-10.025542
1992-06-25,1160.23,41.673237,top,74.046867,top,2.321515,1.564964,-13.415338,-42.079451,3.984555,-12.554407
1992-06-26,1164.67,40.362122,top,73.131491,top,2.080939,2.035519,-1.963916,-43.427033,3.588141,-12.887771
1992-06-29,1169.51,39.102194,top,72.259981,top,2.657801,-2.878109,-1.740569,-46.659434,3.159443,-13.248283
1992-06-30,1191.19,39.247303,top,72.796768,top,1.273764,-6.695078,-7.424811,-49.971389,1.281911,-14.82719
1992-07-01,1194.18,37.8293,top,71.761235,top,-0.729513,-7.518299,-9.392776,-51.66176,1.028321,-15.040446
1992-07-02,1187.48,35.639788,top,69.939879,top,-0.756552,-5.437043,-11.602035,-48.576364,1.598343,-14.561087
1992-07-03,1189.16,34.175479,top,68.837551,top,-0.045421,-5.496649,-12.248752,-48.824563,1.454808,-14.681792
1992-07-06,1201.01,33.564469,top,68.588062,top,-5.53591,-8.892599,-15.210034,-50.516037,0.453785,-15.523601
1992-07-07,1206.46,32.446863,top,67.808769,top,-7.968843,-10.851889,-15.268051,-52.929383,-1.478706,-15.90521
1992-07-08,1185.5,29.205527,top,64.867608,top,-6.788786,-13.512572,-15.769273,-52.353076,0.26318,-14.588781
1992-07-09,1178.53,27.173211,top,63.113286,top,-4.680491,-14.980302,-16.210025,-55.048936,0.856151,-14.964405
1992-07-10,1188.62,26.592138,top,62.801308,top,-5.451228,-3.999435,-16.75766,-56.696212,-3.305514,-15.686258
1992-07-13,1136.33,20.781245,top,57.219865,top,-3.356689,1.137539,-16.43744,-53.538111,1.144034,-15.157569
1992-07-14,1114.05,17.544788,top,54.197515,top,-2.883046,-0.729733,-25.486764,-54.854006,3.166824,-22.498093
1992-07-15,1107.69,15.736092,,52.602398,top,-6.723786,-1.874477,-34.918805,-51.735291,3.759174,-29.47395
1992-07-16,1124.64,15.986452,,53.088076,top,-10.299811,-6.164992,-27.887664,-48.770092,2.195369,-30.536883
1992-07-17,1125.56,14.826922,,52.149508,top,1.451793,-6.752104,-27.098908,-51.282069,2.111838,-30.59366
1992-07-20,1098.82,11.253969,,48.768399,top,4.494229,-6.317435,-15.668691,-50.408658,4.596749,-28.904643
1992-07-21,1082.39,8.637024,,46.315396,top,2.153314,-4.416162,-14.805015,-48.935277,6.184462,-27.82546
1992-07-22,1035.66,3.222287,,41.021562,top,4.849309,-2.2567,-9.743572,-44.338315,10.97561,-24.568874
1992-07-23,1014.57,0.22134,,38.117248,top,4.134819,-1.229723,-8.454405,-47.269805,13.282474,-23.000877
1992-07-24,1142.02,10.914313,,48.960084,top,-8.203897,-12.758225,-22.026465,-61.683627,0.640094,-31.594018
1992-07-27,1149.33,10.426322,,48.609333,top,-10.811664,-17.574979,-26.236426,-67.412673,-3.774373,-32.029095
1992-07-28,1105.95,5.527414,,43.834399,top,-6.569476,-24.757031,-26.372963,-71.726127,-1.702609,-29.362991
1992-07-29,1087.12,2.80049,,41.220969,top,-7.10601,-33.044328,-21.449526,-66.383275,-2.733829,-28.139488
1992-07-30,1057.4,-0.917239,,37.594992,top,-5.364542,-21.722672,-20.226181,-73.517569,-0.504067,-26.119728
1992-07-31,1052.07,-2.330476,,36.249549,top,-4.554328,-20.346804,-21.539847,-84.864532,-1.562634,-25.745435
1992-08-03,1031.55,-5.132543,,33.472878,top,-6.763315,-9.351256,-22.553359,-80.063729,0.395521,-24.268334
1992-08-04,1035.63,-5.546615,,33.062652,top,-18.187555,-10.388853,-22.743032,-76.016391,-2.228595,-24.566689
1992-08-05,1012.55,-8.556531,,30.055228,top,-25.938318,-7.486872,-25.114796,-69.12232,-0.722927,-22.847267
1992-08-06,1002.17,-10.307846,,28.29412,top,-16.358131,-7.224682,-27.121117,-74.112843,0.305337,-23.754453
1992-08-07,1005.23,-10.691994,,27.87637,top,-15.792476,-9.26824,-28.813647,-73.958146,-4.092596,-25.034072
1992-08-10,964.09,-15.453424,bottom,23.037614,,-2.587941,-8.661447,-31.606961,-71.866475,-2.549555,-27.09913
1992-08-11,863.41,-26.875119,bottom,11.462286,,7.798702,-1.615933,-29.923401,-62.396207,8.813889,-25.86141
1992-08-12,781.21,-37.121685,bottom,1.003243,,18.451446,11.594801,-20.605433,-53.605121,20.263437,-18.621113
1992-08-13,850.94,-27.958417,bottom,9.02553,,9.133448,1.496491,-20.562913,-68.579421,10.408489,-25.28968
1992-08-14,858.38,-26.372115,bottom,9.365923,,6.524236,-1.193043,-10.052073,-76.225822,9.451525,-25.937231
1992-08-17,939.46,-16.624593,bottom,17.78081,,-6.073506,-13.202103,-24.546195,-82.875791,0.005322,-32.32921
1992-08-18,933.44,-16.713186,bottom,16.537825,,-9.414635,-12.354179,-23.471608,-80.869636,0.650283,-31.892784
1992-08-19,939.51,-15.681069,bottom,16.584785,,-6.856645,-17.627924,-20.021548,-81.927512,-0.765293,-32.332812
1992-08-20,932.32,-16.103169,bottom,15.227781,,-7.636957,-19.896435,-20.209707,-84.7913,-1.723657,-31.810966
1992-08-21,916.25,-17.356054,bottom,12.921895,,-7.71728,-19.545407,-19.436652,-84.515736,-3.508868,-30.615007
1992-08-24,884.1,-20.469473,bottom,8.821136,,-7.128596,-22.945514,-18.682438,-77.425934,-0.774799,-28.091845
1992-08-25,849.57,-24.004724,bottom,4.348266,,-2.939544,-28.307468,-16.173614,-75.589424,3.258119,-25.169203
1992-08-26,877.25,-20.517593,bottom,7.041441,,-10.771279,-32.200234,-20.819458,-78.173393,-1.53662,-27.530351
1992-08-27,863.77,-21.692989,bottom,4.997112,,-12.259477,-22.059404,-16.748148,-74.41986,-1.802563,-26.399389
1992-08-28,848.2,-23.111141,bottom,2.701272,,-11.828127,-8.85903,-15.035964,-65.625083,-2.73992,-25.048338
1992-08-31,823.27,-25.672119,bottom,-0.732016,,-15.816917,-11.344093,-12.752644,-36.479229,0.205279,-22.778675
1992-09-01,824.96,-24.993507,bottom,-0.976016,,-25.367924,-11.11743,-14.9183,-38.381526,-4.520219,-22.93687
1992-09-02,787.67,-28.98871,bottom,-6.011064,,-21.428955,-2.393624,-11.469008,-21.125831,-1.444767,-19.288535
1992-09-03,764.11,-31.367441,bottom,-9.432072,,-9.799927,-0.313272,-11.717794,-5.309198,1.594011,-16.799937
1992-09-04,753.58,-32.086403,bottom,-11.192456,,2.969098,0.108755,-11.124905,-5.012203,3.013615,-15.637358
1992-09-07,702.83,-38.302976,bottom,-18.485137,,4.472825,4.263075,-5.49371,2.718707,10.45203,-9.545694
1992-09-08,640.12,-46.793906,bottom,-28.088205,bottom,14.250494,12.133854,0.556158,23.315389,21.272574,-0.684247
1992-09-09,635.74,-46.606197,bottom,-29.027176,bottom,19.035331,11.380776,3.788946,23.855878,22.108095,1.250511
1992-09-10,692.78,-37.228403,bottom,-20.742964,bottom,9.486655,5.311256,-0.319514,13.542594,12.054332,-7.085944
1992-09-11,776.29,-25.188905,bottom,-9.749087,,-2.860343,-6.176934,-14.131089,-2.921337,-0.933929,-17.081245
1992-09-14,734.98,-29.928707,bottom,-15.561699,,-0.209749,-1.408551,-10.193772,-8.298475,4.63414,-12.420746
1992-09-15,738.16,-28.788391,bottom,-15.475538,,-2.11664,-3.80087,-10.658654,-16.604102,4.183375,-12.798038
1992-09-16,769.04,-24.04127,bottom,-11.751629,,-7.654554,-9.075384,-14.573195,-6.273011,-0.951836,-16.299542
1992-09-17,761.72,-24.316256,bottom,-13.074151,,-4.175398,-11.404522,-18.605693,-7.728195,-0.960983,-16.977367
1992-09-18,754.4,-24.575484,bottom,-14.397467,,-3.316591,-11.23366,-20.22051,-10.054123,-2.778367,-18.307264
1992-09-21,733.44,-26.636842,bottom,-17.551391,,-1.198802,-9.756785,-22.493808,-6.713059,-0.391307,-20.143434
1992-09-22,722.7,-27.29301,bottom,-19.351317,,-1.68423,-11.577695,-29.17955,-2.080437,1.088972,-25.307873
1992-09-23,712.37,-27.883354,bottom,-21.104488,bottom,-1.42083,-7.591831,-24.114291,-2.019211,2.554852,-24.224771
1992-09-24,730.57,-24.548435,bottom,-18.910955,,-7.229123,-5.630771,-36.54324,0.151821,-0.106766,-30.610345
1992-09-25,729.79,-23.832024,bottom,-19.345925,,-7.917069,-7.954155,-48.288721,-0.550988,-0.697461,-38.300059
1992-09-28,724.7,-23.671118,bottom,-20.367773,bottom,-8.557983,-8.78522,-44.757726,1.009104,-1.941493,-37.866703
1992-09-29,710.63,-24.727676,bottom,-22.627623,bottom,-9.893466,-6.857783,-38.35506,6.530955,-1.169385,-36.636506
1992-09-30,702.32,-25.015054,bottom,-24.085661,bottom,-6.171001,-5.497811,-32.538516,8.454507,-1.673027,-35.886775
1992-10-05,679.62,-27.374383,bottom,-27.625368,bottom,1.598353,-7.201171,-35.273932,10.823886,1.611194,-33.745328
1992-10-06,674.24,-27.205161,bottom,-28.665121,bottom,-0.037086,-8.98685,-34.019594,13.13878,2.421986,-33.216659
1992-10-07,665.26,-27.654928,bottom,-30.238431,bottom,-0.227237,-12.737023,-34.765804,14.29866,3.804528,-32.315185
1992-10-08,643.69,-30.053297,bottom,-33.747054,bottom,3.035682,-17.601854,-33.028965,19.257655,7.283009,-30.047072
1992-10-09,660.29,-26.645683,bottom,-31.431762,bottom,0.67319,-16.522461,-36.788634,20.933037,4.585864,-31.805722
1992-10-12,690.57,-21.318951,bottom,-27.215504,bottom,-8.799524,-30.912469,-47.696993,21.792556,-2.400915,-37.933881
1992-10-13,673.99,-22.864656,bottom,-29.890601,bottom,-8.949764,-40.334566,-52.04266,22.900477,-1.37094,-40.573302
1992-10-14,663.75,-23.53598,bottom,-31.649955,bottom,-12.509786,-35.972506,-48.135825,26.940303,0.150659,-39.656497
1992-10-15,663.53,-22.734472,bottom,-31.901476,bottom,-20.637537,-31.497277,-46.739374,29.305171,0.183865,-39.63649
1992-10-16,664.75,-21.805806,bottom,-31.9263,bottom,-17.195651,-27.040705,-47.332769,38.550542,-4.866491,-39.747273
1992-10-19,632.4,-26.021263,bottom,-37.086528,bottom,-22.112945,-28.072761,-45.9759,44.541132,-2.547438,-36.85642
1992-10-20,616.29,-27.527868,bottom,-39.822283,bottom,-31.384802,-25.032744,-44.858574,50.7803,-4.963572,-36.146944
1992-10-21,585.7,-31.45465,bottom,-45.033132,bottom,-23.46272,-22.028781,-36.249688,61.784466,-4.434011,-32.81202
1992-10-22,539.8,-38.43233,bottom,-53.276157,bottom,-10.85974,-15.42711,-30.23626,67.836638,3.692108,-27.098926
1992-10-23,559.73,-33.691793,bottom,-49.749995,bottom,-9.845055,-20.266173,-33.239644,63.414479,-9.375949,-29.694674
1992-10-26,506.94,-42.420841,bottom,-59.703508,bottom,-5.959815,-16.784524,-21.128473,67.115907,0.061151,-22.373456
1992-10-27,450.28,-52.970182,bottom,-71.539678,bottom,6.352058,-11.708094,-2.300398,84.028402,12.652128,-12.60549
1992-10-28,463.21,-48.892767,bottom,-68.682982,bottom,1.433939,-12.163319,21.031141,84.120682,23.40623,-15.045012
1992-10-29,484.25,-43.226526,bottom,-64.220733,bottom,-4.56737,-15.242098,14.891834,82.074593,18.044399,-18.73619
1992-10-30,507.25,-37.451089,bottom,-59.574317,bottom,-10.421118,-20.292064,22.881693,82.927254,25.711188,-22.420897
1992-11-02,477.61,-42.279807,bottom,-65.553832,bottom,-10.824709,-17.90314,41.682528,87.904441,51.713741,-17.606415
1992-11-03,479.81,-40.611631,bottom,-65.035783,bottom,-18.060152,-19.82583,40.132296,91.541917,51.018111,-17.984202
1992-11-04,469.9,-41.548403,bottom,-67.030392,bottom,-13.597258,-14.220907,42.97822,100.092289,54.203022,-16.254522
1992-11-05,462.63,-42.16498,bottom,-68.46664,bottom,-10.674727,-14.80915,55.788195,104.129747,74.696842,-14.938504
1992-11-06,457.05,-42.609467,bottom,-69.534738,bottom,-9.870945,-12.973471,56.855566,104.575743,76.829669,-13.900011
1992-11-09,428.61,-48.023171,bottom,-75.194188,bottom,-7.078431,-4.343949,61.559102,116.317122,88.563029,-8.18693
1992-11-10,400.53,-53.691529,bottom,-81.105199,bottom,-1.765678,9.407696,63.252412,120.236864,101.782638,-1.750181
1992-11-11,410.16,-50.019836,bottom,-77.789796,bottom,-0.623649,33.19446,50.031121,122.278968,97.045056,-4.056953
1992-11-12,415.79,-47.372779,bottom,-75.596554,bottom,-4.134423,30.133932,40.793926,126.61787,94.376969,-5.356069
1992-11-13,414.09,-46.462375,bottom,-75.270364,bottom,-3.102526,43.173757,55.632953,125.630664,95.174962,-4.967519
1992-11-16,399.32,-48.737207,bottom,-78.178454,bottom,2.734483,59.585668,56.853399,125.259123,102.39407,-1.452469
1992-11-17,393.52,-48.851152,bottom,-78.835051,bottom,11.173374,59.958126,55.024961,131.021015,105.377109,1.379854
1992-11-18,407.61,-44.087366,bottom,-74.567683,bottom,33.818109,57.199127,52.030437,132.715979,98.277766,-2.12458
1992-11-19,398.95,-45.042135,bottom,-75.992814,bottom,34.268355,70.597346,57.335373,133.333082,102.581777,0.624138
1992-11-20,401.44,-43.144925,bottom,-74.726078,bottom,46.276283,69.829037,55.334725,132.082542,101.325229,2.229474
1992-11-23,410.39,-39.70972,bottom,-71.836305,bottom,56.851185,65.90305,57.823533,130.15775,96.934623,7.224835
1992-11-24,440.04,-31.613335,bottom,-64.199282,bottom,48.784752,53.844716,50.038131,122.618141,83.665121,27.717935
1992-11-25,571.63,-4.75351,,-37.515249,bottom,23.381018,16.836661,24.735689,93.515546,41.385162,-1.682907
1992-11-26,562.01,-5.716977,,-38.645251,bottom,36.328991,10.659994,29.99418,88.911751,43.80527,11.24891
1992-11-27,637.67,7.334149,,-25.460123,bottom,23.552754,12.459197,18.111331,68.497487,26.742673,-1.950852
1992-11-30,724.6,20.225223,top,-12.219534,,9.051865,-2.732269,4.41529,66.598049,11.5374,-13.713773
1992-12-01,716.74,19.238345,top,-12.846065,,5.059964,-4.933165,7.026077,62.562218,12.760555,-12.767531
1992-12-02,722.2,19.942659,top,-11.626337,,-6.544357,-5.168691,6.086243,50.75497,11.908059,-13.427029
1992-12-03,808.2,30.721023,top,-0.00665,,-25.668997,-13.261973,-3.501576,43.216961,-0.146003,-22.639198
1992-12-04,807.02,30.095825,top,0.22174,,-11.093558,-14.494312,0.866105,42.285899,0.869867,-22.526084
1992-12-07,793.25,28.094862,top,-1.110234,,-11.784134,-8.079517,7.930448,37.928657,8.253388,-21.181217
1992-12-08,753.94,23.074509,top,-5.757579,,-9.993129,-3.806585,11.690725,38.6388,13.897658,-17.07165
1992-12-10,625.23,4.833735,,-23.400123,bottom,12.407024,19.334186,35.25062,59.872348,42.262847,9.118244
1992-12-11,722.28,19.393971,top,-8.517508,,-3.400754,5.652134,30.250357,49.842979,35.324251,-5.543557
1992-12-17,707.82,17.909037,top,-8.501097,,6.927162,9.760397,40.737526,54.65043,53.489588,-1.368992
1992-12-21,731.68,21.261367,top,-4.151113,,3.442942,16.009965,30.420846,48.171588,48.48431,-0.806363
1992-12-22,725.78,20.463034,top,-4.45316,,5.772699,15.49731,36.290669,48.176798,49.691367,0.863898
1992-12-23,732.05,21.302513,top,-3.076639,,4.731572,17.145978,38.353851,34.816124,48.409262,3.450584
1992-12-24,758.59,24.728752,top,0.980239,,2.833235,15.916433,37.188579,24.712245,45.046731,-0.168734
1992-12-25,764.28,25.30186,top,2.195891,,6.307529,24.598223,41.934231,22.483783,52.09609,-0.911969
1992-12-28,757.31,24.167749,top,1.750318,,12.567023,26.516075,41.806623,22.185659,53.495926,1.348193
1992-12-29,768.91,25.422919,top,3.741548,,9.724611,28.65467,44.383544,30.177127,55.867397,-0.180775
1992-12-30,767.52,24.95657,top,3.976422,,12.414406,34.748783,51.027826,23.459534,66.575464,1.676829
1992-12-31,780.39,26.239231,top,6.017026,,13.083198,30.977129,51.843127,20.510617,67.939107,4.311947
1993-01-04,814.04,30.034828,top,10.572172,,18.290694,25.958981,46.854072,12.876753,60.997003,4.102992
1993-01-05,858.72,34.914367,top,16.21855,,13.949052,14.410881,46.827573,9.809903,59.723775,-1.313583
1993-01-06,847.44,33.115904,top,15.214189,,18.930059,20.793359,45.293727,10.791672,61.849806,2.540593
1993-01-07,868.97,35.064277,top,17.986557,,22.334377,21.207873,47.20284,8.690876,60.324292,2.359115
1993-01-08,889.47,36.782534,top,20.539986,,17.89393,21.272146,50.573325,17.503985,65.820095,9.887911
1993-01-11,977.42,45.368816,top,30.036081,top,7.668287,17.336008,39.747353,11.78035,50.899306,1.006732
1993-01-12,987.26,45.422535,top,31.069226,top,0.461829,15.290548,34.74209,22.701345,49.395296,0.462897
1993-01-13,1024.05,48.00294,top,34.863898,top,1.8633,15.728873,35.382141,19.377855,44.028124,-3.146331
1993-01-14,1086.43,52.607653,top,40.849635,top,-1.126504,16.279042,34.681825,10.237012,41.455961,-8.707418
1993-01-15,1063.76,49.147847,top,38.789608,top,3.378216,20.865999,35.260183,19.852163,44.470557,-6.761864
1993-01-18,1055.32,47.08993,top,38.029755,top,9.667721,20.89509,35.428419,18.705298,45.625971,-6.016185
1993-01-19,991.83,39.666273,top,31.90076,top,14.828719,32.416692,41.91337,25.415697,54.947925,5.190406
1993-01-20,1043.31,43.255646,top,36.971077,top,13.865574,24.500368,36.289341,15.213994,47.302336,2.96652
1993-01-21,1074.26,44.685801,top,39.845085,top,17.405546,25.994967,30.426005,12.985467,43.058477,2.424925
1993-01-22,1100.31,45.598571,top,42.166368,top,17.487783,29.301179,21.728992,11.589998,39.671547,4.549627
1993-01-27,1162.44,49.537844,top,47.486384,top,11.22737,22.411345,8.451926,5.042578,32.206393,-1.038333
1993-01-28,1150.37,46.92349,top,46.271953,top,17.587973,19.451542,20.376136,9.684448,33.593539,4.182133
1993-01-29,1198.48,49.369574,top,50.146885,top,10.634795,19.653267,11.152597,5.025603,28.230759,5.547026
1993-02-01,1278.5,54.007379,top,56.24991,top,8.589421,18.402783,-6.359098,5.115993,20.204928,-6.161126
1993-02-02,1310.58,54.606366,top,58.217899,top,11.813396,14.394185,-5.124591,3.954113,17.262586,-8.458087
1993-02-03,1300.56,52.003877,top,56.861066,top,11.183976,14.533328,-5.434278,5.383895,18.166021,-7.752814
1993-02-04,1371.58,55.308435,top,61.590562,top,1.863569,9.496679,-16.829364,-1.609583,12.04742,-15.489436
1993-02-05,1332.96,50.501549,top,58.202033,top,9.018473,11.788973,-18.345652,1.918521,15.293782,-16.761193
1993-02-08,1393.17,52.903337,top,62.113655,top,9.813362,4.431038,-14.125066,-2.981925,10.311017,-20.358607
1993-02-09,1474.92,56.477784,top,67.214895,top,2.580788,-7.572188,-25.951597,-17.255732,4.196838,-24.772869
1993-02-10,1454.46,53.033984,top,65.249802,top,3.349353,-13.95942,-20.154731,-15.403839,5.662583,-23.714643
1993-02-11,1397.38,47.105376,top,60.735858,top,7.633109,0.924594,-10.205978,-18.366497,9.978674,-20.598549
1993-02-12,1458.76,49.389607,top,64.442524,top,2.7705,-8.50067,-16.540709,-19.542355,5.35112,-23.93951
1993-02-15,1536.82,52.510353,top,68.947609,top,-5.382324,-24.761881,-27.123406,-30.901213,-1.51872,-27.802866
1993-02-16,1513.48,48.957116,top,66.702433,top,-10.152976,-19.518776,-21.347279,-28.624712,-0.347543,-26.689484
1993-02-17,1504,46.367106,top,65.403953,top,-17.308772,-19.967607,-22.343448,-27.693331,0.280585,-26.227394
1993-02-18,1508.22,44.731547,top,64.999731,top,-6.708516,-26.326042,-24.162629,-24.772345,-0.562252,-26.433809
1993-02-19,1499.74,42.352668,top,63.748678,top,-11.27117,-30.134624,-24.403212,-25.045275,-2.897169,-26.017843
1993-02-22,1456.29,37.922298,top,60.145525,top,-19.379557,-18.556104,-33.963733,-24.482876,-3.153905,-28.797149
1993-02-23,1367.36,30.283534,top,53.279731,top,-9.365799,-18.379409,-34.205325,-19.043418,3.144746,-28.968962
1993-02-24,1264.96,21.469684,top,45.001243,top,-2.658834,-6.195312,-27.902374,-9.769888,11.494435,-24.347805
1993-02-25,1410.36,31.236441,top,55.216212,top,-19.617527,-11.130572,-39.9971,-19.078062,-4.997306,-32.966051
1993-02-26,1339.88,25.108597,top,49.489781,top,-18.863454,-8.040039,-25.359014,-15.807539,-5.827388,-29.43995
1993-03-01,1199.73,13.29961,,37.935773,top,0.823453,-2.361524,-21.209193,-15.630209,5.173664,-21.197269
1993-03-02,1245.11,16.321444,,41.03629,top,-9.01361,-1.828504,-26.207919,-22.127598,1.340444,-24.069359
1993-03-03,1231.77,14.577146,,39.35961,top,-3.536477,-2.375842,-28.54304,-21.301254,2.437955,-24.830934
1993-03-04,1159.13,7.927786,,32.814788,top,8.486955,2.163414,-20.188307,-18.473835,8.857505,-20.120263
1993-03-05,1109.54,3.003403,,28.110283,top,10.823415,5.731412,-16.156403,-13.155312,13.722804,-16.550102
1993-03-08,1209.65,10.819992,,36.277724,top,-3.184977,-15.407628,-24.386898,-25.702657,4.311164,-23.456372
1993-03-09,1137.79,3.911836,,29.758474,top,7.185106,-15.825916,-7.117743,-20.318653,10.899199,-18.622066
1993-03-10,1188.97,7.603418,,33.745125,top,1.160635,-21.707062,-7.812272,-9.501585,6.12547,-22.125033
1993-03-11,1261.8,12.710071,,39.200336,top,-6.323541,-28.866528,-1.834767,-21.441452,-1.818038,-26.619908
1993-03-12,1236.37,9.846415,,36.694404,top,-5.092003,-17.318975,0.536424,-20.788889,0.537865,-25.110606
1993-03-15,1171.73,3.756376,,30.899095,top,-12.222651,-18.847669,2.678592,-9.552527,6.084166,-20.979236
1993-03-16,1222.55,7.24483,,34.66182,top,-23.011022,-24.379415,5.939259,-12.900895,6.119177,-24.264038
1993-03-17,1202.85,4.883273,,32.565591,top,-22.867698,-26.167198,5.620328,-12.154055,7.857173,-23.023652
1993-03-18,1184.48,2.687649,,30.592029,top,-22.542987,-22.35172,7.664956,-12.5823,9.52992,-21.829833
1993-03-19,1174.99,1.236029,,29.363199,top,-12.226972,-21.887816,3.327866,-11.533071,10.414557,-21.198478
1993-03-23,971.25,-18.547545,bottom,9.776647,,-1.368393,8.708173,24.066331,3.078008,33.576319,-4.668211
1993-03-24,956.97,-20.303034,bottom,8.054821,,-3.299501,13.89479,24.493026,4.821427,35.569558,-3.245661
1993-03-25,945.42,-21.78437,bottom,6.589983,,0.191266,27.031761,29.305411,5.4124,37.225783,-2.063633
1993-03-29,970.45,-19.840789,bottom,8.573565,,-2.354252,21.526261,32.684284,0.735094,38.658354,-4.589623
1993-03-30,958.05,-21.376674,bottom,6.993897,,10.076566,30.318674,35.286623,2.3805,42.314075,-3.354731
1993-03-31,925.91,-24.946002,bottom,3.334131,,17.194291,31.787526,39.361214,6.28996,48.23255,1.954834
1993-04-01,947.23,-22.793581,bottom,5.372076,,26.840494,30.016676,35.408087,3.418409,44.896171,-0.339939
1993-04-02,944.01,-23.269291,bottom,4.781209,,27.516242,25.215681,36.420576,6.423657,45.390409,0.408894
1993-04-05,947.87,-22.97155,bottom,4.926522,,23.880513,25.502464,35.530039,5.595499,44.798337,11.789591
1993-04-08,1238.86,3.044134,,30.380664,top,3.176182,2.27365,-6.325752,-21.666466,10.787337,-6.129829
1993-04-09,1243.02,3.076134,,30.146279,top,-2.300561,1.376621,-3.538069,-23.064941,10.416566,-6.443983
1993-04-13,1297.36,6.87113,,33.186234,top,-4.88395,4.967949,-13.216691,-36.831761,5.791762,-13.031849
1993-04-14,1272.39,4.629438,,30.606899,top,-3.995,7.573687,-10.970211,-34.205527,7.867871,-11.325144
1993-04-15,1278.84,4.742091,,30.428316,top,-0.902531,5.391411,-8.274672,-35.558973,7.323825,-11.772387
1993-04-26,1345.61,8.796118,,30.826563,top,0.491503,-17.614423,-27.1053,-47.480255,1.99835,-23.742392
1993-04-27,1363.44,10.040999,,31.386483,top,-9.396449,-18.18464,-31.206302,-52.294427,0.664496,-26.80646
1993-04-28,1372.5,10.606116,,31.285878,top,-9.603758,-18.543898,-32.119428,-52.520908,-0.999636,-27.471767
1993-04-29,1349.68,8.959053,,28.847484,top,-14.893344,-13.666083,-33.693616,-50.37846,0.674234,-28.604558
1993-04-30,1358.78,9.596158,,28.733059,top,-12.442403,-15.174822,-33.419485,-51.294742,-0.481314,-29.082707
1993-05-25,997.95,-15.257134,bottom,-10.643254,,-7.204664,7.398199,-1.699821,-2.417894,8.342101,-6.95125
1993-05-26,995.45,-15.168558,bottom,-11.035443,,8.263192,6.771357,-0.951826,-4.891424,8.614195,-6.717565
1993-05-27,963.61,-18.137703,bottom,-14.413901,,5.519338,8.054949,1.703938,0.507216,12.20307,-3.635288
1993-05-28,972.77,-16.994088,bottom,-13.631507,,3.189839,7.353654,3.422566,-2.733444,11.14652,-4.542698
1993-05-31,935.48,-20.505763,bottom,-17.733733,,12.965153,6.712542,6.911259,-4.621566,15.57703,-0.737589
1993-06-01,928.58,-20.941997,bottom,-18.700115,,14.602863,7.570745,10.214183,-3.745871,16.435848,5.280105
1993-06-21,977.61,-14.068835,bottom,-16.618975,,2.506154,-2.622021,-15.531064,-10.605292,5.199415,-14.445433
1993-07-05,952.31,-15.739869,bottom,-19.812907,,-11.893879,-12.909044,-12.160342,-7.785569,-5.09498,-17.273787
1993-07-06,897.64,-21.052547,bottom,-25.605749,bottom,-3.121842,-10.494717,-7.507165,0.0568,0.68513,-12.235417
1993-07-07,903.79,-19.813749,bottom,-24.814001,bottom,-7.750202,-10.741694,-6.072559,-1.974465,-0.844223,-12.832627
1993-07-08,896.16,-20.081022,bottom,-25.592956,bottom,-6.626589,-9.428076,-5.370649,-0.659418,-1.683851,-12.090475
1993-07-09,868.57,-22.68002,bottom,-28.594157,bottom,-2.530098,-6.545309,-1.513871,2.723435,1.439147,-9.298042
1993-07-12,845.52,-24.790293,bottom,-31.118774,bottom,-1.015165,-7.069488,4.594086,4.66071,4.701249,-6.825386
1993-07-13,870.05,-21.366591,bottom,-28.092498,bottom,-7.372876,-9.44692,-0.920261,1.708216,1.749325,-9.45233
1993-07-14,836.39,-24.712934,bottom,-31.801981,bottom,-2.991492,-4.657297,5.425284,5.944871,5.844164,-5.808295
1993-07-15,838.7,-23.767754,bottom,-31.29998,bottom,-2.801487,-3.893841,8.929802,4.209649,9.340646,-6.067724
1993-07-16,846.87,-22.148541,bottom,-30.074771,bottom,-4.01521,3.958988,11.202641,2.508221,11.85424,-6.973916
1993-07-19,836.98,-22.51788,bottom,-30.927338,bottom,-6.054323,0.748702,20.154467,4.032389,22.329088,-5.874692
1993-07-20,808.21,-25.129087,bottom,-34.057365,bottom,-2.074045,2.987553,18.670231,6.176157,26.683659,-2.524096
1993-07-21,811.74,-23.789772,bottom,-33.262366,bottom,-1.665805,4.669135,15.510057,5.196816,26.132752,-2.947988
1993-07-22,815.53,-22.455677,bottom,-32.386399,bottom,-1.092355,4.057427,17.19206,4.950636,25.546577,-3.399017
1993-07-23,813.54,-21.805833,bottom,-32.246047,bottom,7.974198,5.031438,15.141814,2.633599,25.853677,-3.162721
1993-07-26,787.81,-24.085522,bottom,-35.00968,bottom,6.803025,11.663574,12.558716,6.366864,29.964078,0.483619
1993-07-27,791.62,-22.852792,bottom,-34.016637,bottom,5.061597,8.52666,12.211635,6.389327,29.338572,0.847629
1993-07-28,798.33,-21.254558,bottom,-32.679828,bottom,6.33494,10.08258,13.245983,4.161083,28.251475,1.044681
1993-07-29,806.67,-19.61215,bottom,-31.194857,bottom,5.149782,12.823643,11.381514,1.49374,26.925509,3.229325
1993-07-30,881.07,-10.247167,,-21.934801,bottom,-2.942761,7.243653,1.522843,-11.549158,16.207566,-5.487646
1993-08-02,843.27,-14.144325,bottom,-25.791623,bottom,4.860549,19.405765,6.429613,-7.38608,21.416628,-1.251082
1993-08-03,832.72,-14.880311,bottom,-26.529443,bottom,3.465062,15.682678,7.288576,-6.748261,22.954895,1.991065
1993-08-04,850.54,-12.262087,,-23.909222,bottom,3.747641,10.840922,4.980078,-3.090026,20.378818,-0.14579
1993-08-05,849.3,-11.837838,,-23.545522,bottom,7.673861,13.134633,5.952554,-4.144525,20.554574,0.732368
1993-08-06,855.52,-10.562827,,-22.315072,bottom,10.186414,10.110376,7.558385,-4.64254,19.678091,0.766785
1993-08-10,862.08,-8.878087,,-20.708971,bottom,12.217616,3.684975,5.304102,-6.76242,18.7674,2.429009
1994-02-01,755.15,-15.757704,bottom,-15.154089,,2.305212,1.709466,-5.98643,-19.787458,5.65583,-5.810766
1994-03-07,718.4,-14.456403,bottom,-17.331101,,9.300443,1.823474,-3.400716,-25.579071,10.50529,-3.343541
1994-03-08,711.27,-14.82735,bottom,-18.16457,,8.291642,3.866521,-4.092334,-26.617457,11.61303,-4.009729
1994-03-10,698.89,-15.405399,bottom,-19.585357,,10.47107,3.571231,-3.136429,-24.18504,13.590121,-3.087753
1994-04-11,659.05,-14.514059,bottom,-22.017498,bottom,-8.697689,-16.143507,-10.159955,-39.585361,0.995372,-18.027464
1994-04-12,665.61,-13.02767,,-20.850367,bottom,-15.028951,-13.815869,-11.858337,-43.294985,-1.3251,-18.835354
1994-04-13,656.79,-13.852018,,-21.994025,bottom,-19.535085,-9.293781,-12.061901,-43.297194,-3.153215,-17.745398
1994-04-14,636.08,-16.476864,bottom,-24.998065,bottom,-8.811534,-5.901154,-7.454101,-37.367637,-1.460508,-15.067287
1994-04-15,626.79,-17.452616,bottom,-26.273227,bottom,-10.189381,-5.615942,-5.614255,-38.113795,-1.150306,-13.808453
1994-04-18,604.15,-20.56013,bottom,-29.767102,bottom,-7.445818,0.267786,-2.028209,-34.18762,2.554001,-10.578499
1994-04-19,572.73,-25.310002,bottom,-34.89208,bottom,1.213083,7.862743,1.832152,-26.906345,8.18012,-5.67283
1994-04-20,540.24,-30.544436,bottom,-40.487435,bottom,10.241304,8.958254,8.902389,-22.405097,14.686065,3.805716
1994-04-21,582.43,-22.523146,bottom,-32.718328,bottom,2.910379,0.576943,2.004061,-34.151213,6.378449,-3.713751
1994-04-22,566.07,-24.806843,bottom,-35.310531,bottom,4.573439,2.723711,3.741379,-34.985658,9.452895,-0.93098
1994-04-25,560.8,-25.100523,bottom,-35.980864,bottom,7.713604,5.983552,5.153756,-33.670051,10.481455,3.373752
1994-04-26,579.72,-21.234859,bottom,-32.420931,bottom,6.64966,1.957531,1.207065,-38.652432,6.875733,0.341544
1994-04-27,598.5,-17.548164,bottom,-29.017187,bottom,-1.28305,-2.76812,-3.578735,-45.188965,3.522139,-3.515455
1994-04-28,599.63,-16.84659,bottom,-28.615173,bottom,-2.333436,-1.552946,-4.479901,-49.990096,3.327052,-4.381035
1994-04-29,592.56,-17.546027,bottom,-29.569401,bottom,-1.849728,0.001688,-8.502506,-45.648665,4.559876,-8.151073
1994-05-03,605.77,-14.952272,bottom,-27.122352,bottom,-1.730052,-2.295996,-8.526457,-44.356391,2.279743,-10.154019
1994-05-04,619.58,-12.376416,,-24.630282,bottom,-4.692129,-6.030591,-12.81643,-51.257026,-3.905872,-12.156622
1994-05-05,590.87,-16.689071,bottom,-29.119792,bottom,-1.48507,-0.055865,-7.791534,-55.320939,0.763281,-7.888368
1994-05-06,585.8,-17.085763,bottom,-29.704511,bottom,0.78049,1.427119,-6.533547,-56.207699,1.63537,-7.091157
1994-05-09,581.7,-17.268364,bottom,-30.105951,bottom,1.851416,1.017668,-6.890078,-26.64434,2.351728,-6.658071
1994-05-10,595.38,-14.498013,bottom,-27.468128,bottom,-0.565944,-0.829796,-11.677578,-31.936323,-0.194834,-11.021532
1994-05-11,591.18,-14.765274,bottom,-27.868079,bottom,-1.338462,-0.750466,-10.254901,-12.257732,0.514226,-10.389391
1994-05-12,582.16,-15.829973,bottom,-29.079182,bottom,1.429205,-0.810615,-10.716386,-3.387431,2.071595,-10.162155
1994-05-13,590.39,-13.989793,,-27.340172,bottom,0.646629,-2.926954,-13.751004,14.577009,0.648724,-12.84744
1994-05-16,592.57,-13.186804,,-26.614342,bottom,-0.833748,-8.504194,-18.592932,18.332796,0.278448,-16.966772
1994-05-17,592.02,-12.878548,,-26.320912,bottom,-0.263852,-6.230461,-18.760558,4.872421,0.371609,-17.105841
1994-05-18,583.32,-13.900437,,-27.39524,bottom,0.587996,-6.785839,-16.193824,23.74547,1.868614,-15.869506
1994-05-19,590.54,-12.248779,,-25.770339,bottom,-2.23982,-7.735669,-15.378949,15.465372,0.623158,-16.898093
1994-05-20,594.22,-11.215665,,-24.720183,bottom,-3.573583,-7.960666,-11.843747,14.89491,-0.632762,-17.412743
1994-05-23,587.65,-11.825347,,-25.417414,bottom,-7.670446,-7.907746,-15.667521,12.497794,0.478176,-16.489407
1994-05-24,590.46,-10.892392,,-24.518817,bottom,-5.966608,-10.847782,-17.016126,16.014253,-0.62663,-16.886834
1994-05-25,586.76,-11.088387,,-24.706692,bottom,-7.373834,-9.504435,-14.970108,21.161095,-1.584975,-16.362738
1994-05-26,577.46,-12.266712,,-25.862609,bottom,-5.495849,-9.905771,-14.325138,25.951219,-0.710006,-15.015759
1994-05-27,573.36,-12.567137,,-26.129084,bottom,-4.387083,-10.824049,-15.236457,21.915906,-2.982419,-14.408051
1994-05-30,544.26,-17.308046,bottom,-30.848122,bottom,-0.2373,-10.088738,-14.223625,22.530929,2.204829,-13.258369
1994-05-31,556.26,-14.708694,bottom,-28.171757,bottom,-4.881174,-12.530098,-16.86095,25.050113,-1.350088,-15.516126
1994-06-01,545.05,-16.313688,bottom,-29.666645,bottom,-2.1306,-9.407986,-15.198198,25.832685,0.678837,-14.099624
1994-06-02,546.58,-15.592039,bottom,-28.858672,bottom,-4.409922,-7.64328,-15.245977,27.866296,0.397014,-14.340078
1994-06-03,548.75,-14.803321,bottom,-27.962923,bottom,-6.436967,-3.883081,-17.996625,25.396745,-1.053303,-16.470159
1994-06-06,542.97,-15.404333,bottom,-28.520419,bottom,-9.851438,-7.759774,-21.351183,26.916819,-1.733061,-19.22574
1994-06-07,529.76,-17.18439,bottom,-30.496418,bottom,-7.648924,-6.168344,-17.747828,35.588182,0.717306,-17.211568
1994-06-08,533.56,-15.833904,bottom,-29.326506,bottom,-7.277385,-5.465673,-21.181746,38.653248,-1.07017,-19.088762
1994-06-09,523,-17.108085,bottom,-30.83787,bottom,-3.233359,-4.419367,-20.518907,41.269196,0.927342,-18.550669
1994-06-10,514.54,-18.034129,bottom,-32.006964,bottom,2.553885,-4.412407,-16.162533,47.836925,2.586777,-17.21149
1994-06-13,492.03,-21.765868,bottom,-35.997402,bottom,2.091664,-4.134886,-13.906609,64.798891,7.280044,-13.423978
1994-06-14,490.75,-21.367876,bottom,-35.911013,bottom,1.48058,-4.330853,-13.398852,71.672838,7.559857,-13.198166
1994-06-15,496.11,-19.612316,bottom,-34.415717,bottom,1.811713,-5.790212,-12.544672,63.007366,6.397775,-14.135978
1994-06-16,506.36,-16.961177,bottom,-31.995148,bottom,-1.186008,-7.602696,-15.928536,65.297175,4.244016,-15.874082
1994-06-17,527.85,-12.257523,,-27.472444,bottom,-6.966293,-14.113543,-24.311528,60.074269,-4.294781,-21.581889
1994-06-20,502.43,-16.586201,bottom,-32.009049,bottom,-6.22655,-13.591409,-23.059517,70.807217,0.54734,-20.593914
1994-06-21,498.07,-16.882384,bottom,-32.468108,bottom,-5.811432,-11.579483,-21.80768,72.993672,1.42751,-19.898809
1994-06-22,505.18,-14.893158,bottom,-30.645505,bottom,-7.601925,-15.716073,-24.88939,65.737907,-0.948177,-22.033731
1994-06-23,500.39,-15.258696,bottom,-31.207975,bottom,-6.416688,-16.09954,-27.285092,66.452341,-1.610744,-23.879374
1994-06-24,492.33,-16.274145,bottom,-32.424004,bottom,-7.147251,-11.750125,-30.273739,68.73722,-4.109033,-26.120691
1994-06-27,472.1,-19.815555,bottom,-36.176175,bottom,-7.364859,-9.771723,-22.922534,67.543134,-0.455412,-22.954882
1994-06-28,469.95,-19.619999,bottom,-36.184203,bottom,-5.768051,-9.068,-18.968984,66.563087,-0.14044,-22.602405
1994-06-29,468.2,-19.36577,bottom,-36.106165,bottom,-8.114149,-6.75446,-23.242399,72.740002,0.232806,-22.313114
1994-06-30,469.29,-18.51407,bottom,-35.404021,bottom,-9.682852,-8.32584,-32.283428,67.145566,-2.326919,-27.590616
1994-07-01,458.37,-20.220252,bottom,-37.244949,bottom,-4.602875,-10.197984,-31.677527,63.811169,-3.220106,-27.150555
1994-07-04,438.58,-23.91744,bottom,-41.104346,bottom,-2.406863,-9.468107,1.596922,69.706126,1.609741,-23.863377
1994-07-05,443.61,-22.130451,bottom,-39.387051,bottom,-3.299949,-10.228197,-2.510917,67.371981,0.457609,-24.726674
1994-07-06,431.71,-24.142818,bottom,-41.521617,bottom,1.359689,-9.173316,19.178916,74.83025,21.141507,-22.65178
1994-07-07,425.98,-24.776585,bottom,-42.267201,bottom,1.357012,-11.185552,27.847862,67.825921,32.111836,-21.611343
1994-07-08,437.75,-21.443504,bottom,-38.950583,bottom,-5.595109,-18.523614,44.490545,59.183961,56.034266,-23.719018
1994-07-11,428.15,-23.048746,bottom,-40.623544,bottom,-7.061244,-13.150812,50.832337,50.073636,66.250146,-22.008642
1994-07-12,429.21,-22.2592,bottom,-39.817095,bottom,-6.928248,-9.900985,37.031831,43.105081,65.839566,-22.201253
1994-07-13,437.62,-19.897903,bottom,-37.357084,bottom,-10.533005,-16.487939,52.483967,52.263352,69.018783,-23.696358
1994-07-14,431.8,-20.897698,bottom,-38.202306,bottom,-12.542564,-23.957588,46.772858,48.158808,71.296897,-22.667902
1994-07-15,413.93,-24.595139,bottom,-41.915616,bottom,-12.928504,-21.479543,51.050185,53.260021,78.692049,-19.329355
1994-07-18,398.96,-27.751172,bottom,-45.049693,bottom,-6.089568,11.065029,51.224831,57.782533,85.397032,-16.302386
1994-07-19,400.48,-26.862173,bottom,-44.083693,bottom,-2.972736,7.71728,54.83806,46.155942,84.693368,-16.620056
1994-07-20,393.87,-27.933462,bottom,-45.181292,bottom,-5.954934,28.352232,61.020592,52.188467,87.792927,-15.220758
1994-07-21,380.9,-30.583058,bottom,-47.94692,bottom,-11.415024,39.033415,67.561449,48.126189,96.524022,-12.333946
1994-07-22,363.73,-34.432427,bottom,-51.941399,bottom,-8.551039,63.014159,67.426102,54.057152,105.801006,-8.19564
1994-07-25,375.39,-30.569332,bottom,-48.206671,bottom,17.154597,63.983149,59.677087,55.344318,99.408615,-11.047178
1994-07-26,388.75,-26.359955,bottom,-44.185237,bottom,10.690017,46.932816,60.880048,61.491099,92.555627,-14.10418
1994-07-27,371.1,-30.184631,bottom,-48.301094,bottom,34.307165,68.971905,64.273282,65.260304,101.713824,-10.018863
1994-07-28,339.81,-38.155861,bottom,-56.508775,bottom,50.448438,70.730446,75.395701,83.83793,120.287808,-1.733322
1994-07-29,333.92,-39.057278,bottom,-57.633415,bottom,71.565198,72.529728,75.070897,80.183827,124.173455,29.554983
1994-08-01,445.64,-9.735689,,-28.277231,bottom,46.828552,40.159802,46.671081,43.181797,67.97415,-2.923885
1994-08-02,432.61,-12.149363,,-30.754033,bottom,36.242799,47.12078,55.846926,48.640181,74.799473,20.889485
1994-08-05,683.04,33.505054,top,15.697726,,0.96453,4.411943,19.508912,-1.363493,21.54193,-8.998009
1994-08-08,711.8,37.223511,top,19.904019,,-6.66875,-4.306061,27.873163,-6.37184,32.145266,-12.674909
1994-08-09,621.58,23.569898,top,6.540722,,10.877981,13.947232,48.039859,14.331318,61.671868,7.126999
1994-08-10,739.66,40.43328,top,23.974136,,-1.99638,-4.698623,23.068071,-10.374546,35.862423,-9.974853
1994-08-11,689.31,33.050424,top,17.025039,,8.246026,4.665255,34.452853,-2.146741,45.786366,-3.399051
1994-08-12,689.66,32.780556,top,17.175008,,3.447413,2.541169,33.335612,2.862953,45.71238,-3.448076
1994-08-15,665.88,29.009583,top,13.840614,,2.362689,6.511278,42.641902,8.35576,53.176248,2.390821
1994-08-16,693.01,32.660601,top,17.946234,,3.069251,8.726146,39.963292,2.658394,49.127718,-1.617581
1994-08-17,725.04,36.718889,top,22.510888,,-2.702244,7.987719,29.606705,0.840549,42.539722,-5.963809
1994-08-18,748.56,39.345136,top,25.693985,,-3.580771,5.412206,26.175984,-2.047374,38.061077,-8.918457
1994-08-19,713.85,34.134759,top,20.97579,,-0.906244,15.096969,31.584857,-1.186531,44.774112,-4.489739
1994-08-22,681.8,29.090358,top,16.446233,,4.14859,32.179224,30.788581,3.577083,51.579642,3.506894
1994-08-23,714.61,33.273969,top,21.151752,,5.656895,34.092628,24.652024,-2.470766,44.620142,-1.245435
1994-08-24,705.71,31.499445,top,19.906508,,10.689962,27.766695,31.709118,-0.98255,46.444007,0.240892
1994-08-25,722.23,33.246558,top,22.211616,,8.992978,29.787598,24.033293,-3.254985,43.094305,-2.051978
1994-08-26,707.41,30.663995,top,20.126017,,16.003213,30.794443,20.417799,-2.146103,46.092082,0.46225
1994-08-29,710.68,30.589697,top,20.596855,,28.030634,36.130624,21.438124,-4.470315,45.41988,6.405133
1994-08-30,756.2,36.079578,top,26.85165,,28.435732,31.237146,14.035972,-10.912911,36.666226,3.852156
1994-08-31,785.33,39.066551,top,30.613345,top,17.076732,21.618986,14.995256,-13.620354,31.596908,0.618848
1994-09-01,790.19,38.848914,top,31.23559,top,20.794621,20.763778,6.037819,-14.799185,30.787532,5.060808
1994-09-02,830.18,42.808803,top,36.094503,top,14.79123,16.487888,-4.815496,-18.849345,24.487461,-4.70139
1994-09-05,940.61,53.925108,top,48.330842,top,8.099989,-1.390643,-28.631864,-31.917028,9.872317,-24.897673
1994-09-06,1004.92,58.988435,top,54.552475,top,2.801414,-9.440604,-41.966609,-38.719377,2.841022,-34.273375
1994-09-07,931.57,50.114946,top,46.698562,top,4.542254,3.942424,-23.288686,-31.78568,10.938523,-29.098189
1994-09-08,972.84,53.08161,top,50.680656,top,-0.030842,-5.754305,-33.066903,-38.324858,6.232268,-32.105999
1994-09-09,962.52,50.756895,top,49.276016,top,1.696658,-10.376644,-31.125776,-38.647808,7.371275,-31.378049
1994-09-12,1019.97,55.076498,top,54.647842,top,-9.490633,-14.6925,-36.0842,-44.61811,1.323568,-35.243193
1994-09-13,1033.47,54.885265,top,55.496397,top,-12.242017,-17.201174,-48.645411,-47.319604,-5.271561,-38.519744
1994-09-14,974.86,47.744097,top,49.282405,top,-0.59983,-6.62373,-38.43883,-41.977937,0.423651,-34.823462
1994-09-15,972.54,46.213045,top,48.67234,top,-5.723463,-14.72596,-45.611245,-44.943395,0.663212,-36.625743
1994-09-16,978.99,45.558817,top,48.951372,top,-12.073302,-21.303384,-44.953807,-43.025425,-1.017375,-37.043279
1994-09-19,927.62,38.953279,top,43.244224,top,-5.201867,-27.24122,-35.12135,-39.453457,4.464112,-33.556844
1994-09-20,914.39,36.34481,top,41.50361,top,-4.959157,-32.526005,-24.040973,-31.594701,5.975568,-32.595501
1994-09-21,969.03,40.844235,top,46.913111,top,-6.0239,-27.23111,-30.722097,-35.386459,-5.220685,-36.39619
1994-09-22,918.44,34.326821,top,41.223597,top,-9.002497,-27.312598,-15.591064,-34.053299,-0.659814,-32.892731
1994-09-23,867.65,27.596563,top,35.274306,top,-9.230082,-20.749132,-15.304869,-26.159006,5.155305,-28.964444
1994-09-26,880.6,27.965372,top,36.480465,top,-22.039353,-21.3917,-24.927407,-26.964599,3.608903,-30.009085
1994-09-27,870.15,25.709464,top,34.999376,top,-27.566849,-31.444237,-21.242717,-25.620731,4.853186,-29.168534
1994-09-28,912.38,29.265017,top,39.403668,top,-21.20721,-31.8151,-29.772082,-29.71453,-8.002148,-32.447007
1994-09-29,839.37,19.917726,top,30.816178,top,-18.310102,-30.885285,-24.804691,-21.663606,-5.744785,-26.571119
1994-10-17,616.34,-17.473139,bottom,-1.489911,,24.296718,6.080594,17.387886,-0.984812,27.502677,1.32719
1994-10-18,624.52,-16.745086,bottom,-0.204601,,17.575636,7.593513,12.182419,-1.840637,25.832639,4.542689
1994-10-28,677.45,-14.039947,bottom,6.713639,,-1.589059,7.629656,1.156472,-20.21824,8.257436,-3.31685
1994-10-31,654.98,-17.609998,bottom,3.244784,,2.961898,11.307292,3.967688,-17.911439,11.971358,1.800055
1994-11-01,673.79,-14.75888,bottom,5.966613,,5.190977,4.588906,2.023061,-19.256395,8.845486,-1.041868
1994-11-02,667.86,-15.549052,bottom,4.983828,,8.05885,5.642862,2.327975,-18.853975,9.811937,-0.163208
1994-11-04,666.77,-15.761279,bottom,4.547027,,9.218716,4.693373,1.656938,-22.25738,9.991451,1.184816
1994-11-07,674.67,-14.552163,bottom,5.614902,,8.345394,3.557011,-1.725263,-23.665956,8.703514,-1.710466
1994-12-12,620.47,-15.586956,bottom,-7.513414,,5.166633,8.553829,-1.652662,-5.334223,9.631408,-1.63908
1995-01-19,571.72,-14.819149,bottom,-22.748357,bottom,-3.311054,-3.265865,2.998054,12.091099,4.008955,-6.861751
1995-01-20,571.24,-14.569828,bottom,-22.993172,bottom,-1.525832,-5.3688,-2.268016,10.73734,4.096352,-6.783489
1995-01-23,553.44,-17.422187,bottom,-26.194083,bottom,-3.628199,-0.834639,1.404873,11.313055,7.444348,-3.785415
1995-01-24,547.57,-18.216378,bottom,-27.242772,bottom,-2.792619,0.098569,0.308161,12.397107,8.596161,-2.753986
1995-01-25,555.77,-16.430105,bottom,-25.608741,bottom,-4.042698,-2.353992,0.212093,7.962047,6.9939,-4.188783
1995-01-26,553.1,-16.619246,bottom,-25.905946,bottom,0.04519,-2.699276,1.391467,3.588777,7.510396,-3.72627
1995-01-27,562.59,-14.522272,bottom,-24.136098,bottom,-3.842969,-5.260482,2.567236,3.035629,5.696866,-5.350255
1995-02-06,533.72,-19.448785,bottom,-29.164154,bottom,2.79356,0.232062,14.38625,8.15002,15.472532,-0.230458
1995-02-07,532.49,-19.313321,bottom,-29.211796,bottom,2.891188,1.611391,17.284311,8.611894,18.86796,0.236624
1995-02-08,533.75,-18.621975,bottom,-28.793099,bottom,1.688705,10.802862,15.10814,6.781185,18.587354,0.001874
1995-02-09,553.35,-14.572587,bottom,-25.054962,bottom,-2.744466,6.263919,9.021248,3.693481,14.386916,-3.540255
1995-02-10,541.38,-16.31515,bottom,-27.063989,bottom,-1.417514,3.100784,7.969311,5.416055,16.916029,-1.407514
1995-02-13,548.84,-14.468669,bottom,-25.48831,bottom,-2.561498,2.239511,6.590524,5.263159,15.326871,-2.747613
1995-02-14,548.11,-14.113727,bottom,-25.385251,bottom,-1.279797,0.209592,7.065903,3.059749,15.480469,-2.618088
1995-02-15,542.84,-14.649622,bottom,-26.149476,bottom,9.114156,2.566085,5.337278,4.541243,16.601577,-1.672684
1995-02-16,538.37,-15.029274,bottom,-26.806668,bottom,9.008384,4.090743,7.427513,8.279225,17.569701,-0.856288
1995-02-17,533.76,-15.453013,bottom,-27.452305,bottom,4.518298,7.827718,10.612461,8.659287,18.585132,0.22482
1995-02-20,534.96,-14.789114,bottom,-27.024945,bottom,4.80101,14.154188,9.01888,7.88514,18.319127,1.155227
1995-02-21,541.14,-13.215137,,-25.660818,bottom,1.489389,15.67292,8.974415,7.432046,16.967883,1.500536
1995-02-24,558.43,-9.235817,,-21.99955,bottom,3.30942,4.868527,9.122712,47.43947,13.346346,-1.642104
1995-02-27,561.27,-8.390367,,-21.223578,bottom,9.353178,4.351013,11.450136,29.027105,12.772819,-2.13979
1995-02-28,549.26,-10.191679,,-23.096864,bottom,14.183531,6.856311,13.165666,30.068298,15.238685,1.400066
1995-03-01,556.95,-8.442762,,-21.376917,bottom,10.85335,2.771192,13.452964,22.409471,14.399856,0.700242
1995-03-02,560.85,-7.406828,,-20.219206,bottom,7.67497,3.33677,11.774143,26.032544,13.604351,2.095034
1995-05-18,763.51,22.747177,top,22.108474,,-9.135604,-7.453625,-16.581179,-3.785166,17.538736,-15.279433
1995-05-19,855.81,33.431198,top,33.28108,top,-16.226945,-17.722363,-28.041332,-13.867759,4.862061,-24.452858
1995-05-22,897.42,37.260735,top,37.731083,top,-23.342837,-26.045839,-33.968213,-14.520395,-16.393662,-28.800339
1995-05-23,750.3,18.847372,top,19.738053,,-5.38007,-8.504319,-15.797423,0.157147,-1.115554,-14.839398
1995-12-18,592.14,-14.956864,bottom,-16.837242,,-2.066327,-9.61262,-7.790586,-4.954027,1.503023,-9.418381
1995-12-19,592.06,-14.635475,bottom,-16.804933,,-3.408445,-8.756737,-9.703277,-5.148355,1.516738,-9.406141
1995-12-25,580.03,-15.467121,bottom,-18.697165,,-7.546293,-3.761037,-11.002054,-4.013764,-1.346482,-10.959778
1995-12-26,572.22,-16.452301,bottom,-19.940043,,-5.348292,-4.394192,-9.064978,-1.983828,-0.318059,-9.744504
1995-12-27,570.4,-16.406034,bottom,-20.144203,bottom,-2.063572,-4.437845,-8.987791,-1.272082,-2.042426,-9.456522
1995-12-28,556.82,-18.39799,bottom,-22.443398,bottom,-3.741781,-1.759215,-5.775864,4.513866,0.346611,-7.248303
1995-12-29,555.29,-18.262241,bottom,-22.606544,bottom,-2.945958,-0.76831,-4.823745,4.591409,0.623098,-6.992743
1996-01-02,537.87,-21.027587,bottom,-25.652214,bottom,3.785256,1.822034,-0.990255,7.207807,3.881979,-3.980516
1996-01-03,542.42,-19.766986,bottom,-24.677435,bottom,0.954101,-0.94654,-0.939096,6.66771,3.010582,-4.785959
1996-01-04,558.75,-16.416467,bottom,-21.547058,bottom,-2.374273,-7.644144,-4.030013,4.313663,-0.023266,-7.56868
1996-01-05,536.37,-20.078026,bottom,-25.419281,bottom,1.982566,-2.426809,-0.061544,9.011542,4.148256,-3.71199
1996-01-08,539.17,-19.140072,bottom,-24.715524,bottom,2.177648,-4.303308,-3.07363,8.101667,3.607397,-4.21203
1996-01-09,558.62,-15.231232,bottom,-21.012589,bottom,-1.963222,-7.241017,-7.03146,5.609272,-1.356915,-7.54717
1996-01-10,547.62,-16.822677,bottom,-22.824768,bottom,-1.900641,-4.670786,-4.351758,8.025339,0.624521,-5.690077
1996-01-11,545.64,-16.743585,bottom,-22.987815,bottom,-5.269872,-4.549946,-4.456006,9.54368,0.989664,-5.347848
1996-01-12,547.11,-16.071512,bottom,-22.528695,bottom,-4.409375,-4.016649,-4.047097,12.203273,0.71832,-5.602164
1996-01-15,551.04,-14.900118,bottom,-21.642472,bottom,-6.480956,-4.055435,-5.060202,10.813867,-0.595238,-6.275407
1996-01-16,547.76,-15.039198,bottom,-22.056672,bottom,-5.277795,-2.812289,-3.3753,12.994448,-1.900467,-5.714181
1996-01-17,537.31,-16.476608,bottom,-23.78976,bottom,-2.770145,0.007444,-1.51143,21.268538,0.007444,-3.880441
1996-01-18,517.63,-19.567336,bottom,-27.303453,bottom,0.719926,3.614131,3.670015,23.181094,3.809671,-0.22603
1996-01-19,523.51,-17.88568,bottom,-25.938521,bottom,0.392726,2.365265,5.469336,30.132283,5.621669,-1.346679
1996-01-22,516.46,-18.69182,bottom,-27.068697,bottom,2.425521,1.229677,15.322638,35.77722,16.558882,0.607985
1996-01-23,519.6,-17.540295,bottom,-26.236007,bottom,2.465506,0.209557,12.206774,27.072326,15.854503,0.209777
1996-01-24,522.63,-16.433452,bottom,-25.423283,bottom,2.777589,0.319028,6.852717,22.487559,15.182825,-0.3712
1996-01-25,521.37,-16.12672,bottom,-25.421124,bottom,2.894205,0.093939,8.800027,22.055855,15.461189,-0.130426
1996-01-26,525.57,-14.789356,bottom,-24.386763,bottom,1.97254,-0.030448,8.662918,24.468805,14.538501,-0.928516
1996-01-29,529.14,-13.567562,,-23.475545,bottom,-1.195843,-1.004766,7.107962,22.274282,13.765733,-1.596931
1996-01-30,532.57,-12.359985,,-22.576812,bottom,-2.255949,-0.56301,5.712712,21.643276,13.033029,-2.230693
1996-01-31,537.35,-10.933094,,-21.423704,bottom,-2.458561,-1.518874,4.698515,20.088215,12.027543,-3.1004
1996-02-01,536.68,-10.570293,,-21.248284,bottom,-2.800266,0.055884,4.66335,20.90475,12.1674,-2.979429
1996-02-02,536.04,-10.199017,,-21.096752,bottom,-2.002987,3.104071,4.798677,21.723102,12.301321,-2.863592
1996-02-05,522.85,-12.167079,,-23.279496,bottom,0.191077,14.092961,8.25979,24.110878,15.13436,-0.41312
1996-02-06,520.69,-12.105722,,-23.378839,bottom,1.692938,11.997217,8.441048,26.994811,15.611976,0.224702
1996-02-07,524.3,-10.947003,,-22.392156,bottom,0.939687,6.533689,8.299321,26.45333,14.815945,-0.465382
1996-02-08,521.86,-10.926953,,-22.58228,bottom,2.85615,8.706088,8.781587,31.058024,15.352777,0.381328
1996-02-09,525.41,-9.798388,,-21.630727,bottom,5.107059,8.693366,8.177319,29.129177,14.573381,-0.296911
1996-02-12,523.85,-9.65664,,-21.664506,bottom,13.901884,8.112728,8.485194,23.383356,14.914575,1.030829
1996-02-13,529.58,-8.148548,,-20.314622,bottom,10.304279,6.275722,6.211859,23.313165,13.671211,-0.062314
1996-02-14,529.25,-7.777219,,-20.121918,bottom,5.594002,6.217389,6.066352,19.417046,13.742088,1.460557
1996-04-26,707.6,22.456839,top,17.221466,,-5.270752,-6.043915,-10.361905,22.362958,4.382419,-9.843132
1996-04-29,738.61,26.093091,top,21.487857,,-11.077417,-10.436665,-13.256286,16.54114,-3.61219,-13.628302
1996-04-30,681.15,17.522239,top,13.447352,,-2.963544,0.132042,-4.596439,26.472738,4.518828,-6.342215
1996-06-10,764.38,19.333438,top,25.335027,,-1.634202,3.717423,5.466746,5.149147,5.618933,-1.620922
1996-06-13,768.68,18.390917,top,25.348013,,3.18796,4.797954,2.996239,5.775233,6.681584,-2.171255
1996-06-14,777.27,18.962906,top,26.231228,,2.393703,3.412239,2.432635,3.036027,5.502592,-3.252409
1996-06-18,793.56,19.992429,top,27.850787,top,-1.640225,-4.359237,3.652425,-3.738561,3.719946,-4.265588
1996-06-19,796.91,19.816818,top,27.988357,top,0.569332,-1.361958,1.504481,-3.533873,3.283934,-4.66803
1996-06-20,793.58,18.810224,top,27.291214,,1.609995,-1.033575,3.035688,-4.708543,3.717332,-4.268001
1996-06-21,796.1,18.515562,top,27.339516,,1.018536,-1.356986,7.361976,-2.163674,7.639744,-4.571034
1996-06-24,793.33,17.571842,top,26.721788,,-4.146138,1.749323,10.926927,-1.914007,11.546267,-4.237833
1996-06-26,801.46,17.449164,top,27.183291,,-1.931289,2.291806,10.207486,-5.213028,10.746637,-5.209243
1996-06-27,806.46,17.465123,top,27.48609,,-2.643569,-1.801715,7.371021,-4.74463,10.060015,-5.79694
1996-07-19,856.92,15.921797,,28.177433,top,-1.386594,-2.128882,-0.356561,8.600338,3.579097,-4.020212
1996-07-22,884.93,18.734585,top,30.929044,top,-3.391597,-3.652628,-5.734655,7.339257,0.300589,-7.058185
1996-07-23,871.47,16.900545,,28.941883,top,-4.044101,-1.067098,-5.790591,7.562396,1.849748,-5.626126
1996-07-24,887.59,18.266975,top,30.305836,top,-7.619792,-2.317111,-6.275625,8.298585,-0.17463,-7.340101
1996-10-23,1010.83,17.707314,top,23.829647,,-5.270898,-9.954835,0.403802,-9.960299,1.190111,-9.475382
1996-10-28,1022.86,17.855337,top,23.920429,,-7.905658,-9.092429,-4.633195,-9.613077,-0.523043,-10.540054
1996-12-02,1134.52,21.779365,top,26.994589,,9.505213,-12.618965,-19.426368,-2.209291,9.971618,-23.706061
1996-12-03,1122.98,20.194907,top,25.6319,,9.123153,-21.517657,-20.262277,0.282775,11.101712,-22.922047
1996-12-04,1169.92,23.622446,top,29.351053,top,6.211984,-18.45841,-24.093674,-4.603821,6.644044,-26.014599
1996-12-05,1212.08,26.410479,top,32.452752,top,-2.925862,-29.501313,-29.813183,-7.3844,2.934625,-28.588047
1996-12-06,1212.88,25.676656,top,32.120709,top,-8.861065,-31.490548,-32.482768,-4.589753,2.86673,-28.635149
1996-12-09,1247.65,27.656803,top,34.521029,top,-22.124178,-32.439145,-32.86577,-7.05771,-0.220414,-30.623973
1996-12-10,1230.25,25.422358,top,32.705526,top,-30.64081,-35.158443,-31.658594,-5.771178,1.190815,-29.642756
1996-12-11,1244.9,25.795665,top,33.468578,top,-24.670393,-32.979684,-31.670111,-10.509279,-5.443811,-30.470721
1996-12-12,1177.13,19.509347,top,27.512589,,-26.575451,-24.187359,-24.820153,-0.850582,-5.700305,-26.467765
1997-03-24,1191.73,18.774687,top,19.469734,,3.53491,6.863758,13.359957,3.378463,14.293506,0.5127
1997-03-25,1197.84,18.952839,top,19.610475,,3.541369,4.042921,13.09934,2.709568,13.996026,0.402391
1997-03-26,1215.3,19.880405,top,20.680607,,1.51403,5.719864,12.625161,6.057331,13.45676,-1.040072
1997-03-27,1214.25,19.390713,top,20.250115,,2.583589,5.420895,12.815977,5.545633,13.673461,-0.954499
1997-03-28,1202.66,17.932587,top,18.996775,,4.733757,6.116739,12.659668,8.083934,14.768929,2.592586
1997-03-31,1234.61,19.97692,top,21.296908,,3.328848,6.454055,9.082245,4.975357,11.798868,-0.062368
1997-04-01,1241.02,19.937481,top,21.476381,,0.501552,6.54411,10.380655,3.439699,11.221415,-0.578556
1997-04-02,1233.84,18.755356,top,20.581027,,4.205834,7.337712,12.185952,1.322827,12.959541,0.987973
1997-04-03,1246.03,19.168396,top,21.257196,,2.837305,6.021146,15.085595,-3.842458,16.282915,0.098714
1997-04-04,1260.96,19.815394,top,22.121674,,1.382982,5.932505,16.218698,-9.157241,17.608013,-1.086474
1997-04-07,1276.4,20.46351,top,22.998803,,3.125206,6.496199,15.838355,-9.619274,17.161548,-2.282983
1997-04-08,1247.26,17.653728,top,20.375465,,6.042558,9.056419,11.921626,-12.854318,19.898818,2.506294
1997-04-09,1286.84,20.189898,top,23.164852,,3.131877,6.905297,13.117985,-14.813594,16.211029,-0.646545
1997-04-10,1281.89,19.231666,top,22.447011,,3.183841,7.395083,15.738952,-13.425715,17.045144,-0.262893
1997-04-11,1278.52,18.37309,top,21.879568,,4.549522,6.542929,13.56605,-13.224055,17.353659,3.003473
1997-04-14,1316.92,20.64477,top,24.509178,,3.370992,2.62819,4.622245,-13.127326,13.93175,0.48902
1997-04-15,1324.95,20.590893,top,24.806947,,3.013862,3.836545,6.763996,-11.102454,13.241254,-0.120005
1997-04-16,1327.78,20.139765,top,24.706057,,3.773419,4.848241,-0.897233,-10.109516,12.999895,-0.89322
1997-04-17,1323.36,19.169082,top,24.060154,,4.211242,9.064449,1.593005,-10.553181,13.377312,-0.562205
1997-04-18,1338.03,19.633406,top,24.854119,,1.993407,10.286194,3.168914,-11.119618,12.134257,-1.652429
1997-04-21,1362.07,20.760597,top,26.298315,,-0.742802,9.342156,-0.529271,-11.850922,10.155132,-3.388225
1997-04-22,1365.49,20.32455,top,26.230382,,0.822684,2.865207,-10.026425,-13.460641,9.879237,-9.540165
1997-04-23,1378.84,20.608668,top,26.884606,,1.074822,6.212689,-9.469681,-13.207781,8.815381,-10.416002
1997-04-24,1380.28,20.02431,top,26.697254,,4.853207,8.34387,-9.790359,-14.091527,8.701858,-10.509462
1997-04-25,1364.97,18.25443,top,25.300718,,8.292787,7.02312,-6.291392,-15.053687,9.921097,-9.505703
1997-04-29,1376.77,17.853478,top,25.617901,,2.042523,2.92745,-8.598117,-18.716049,8.978987,-10.281311
1997-04-30,1393.74,18.427533,top,26.549176,,5.137867,-5.745474,-8.109199,-18.943275,7.652073,-11.373714
1997-05-05,1448.92,21.589521,top,30.050616,top,3.490662,-7.471444,-8.092882,-20.579566,3.552301,-14.748916
1997-05-06,1482.99,23.161301,top,31.98232,top,-1.269667,-7.11728,-10.232398,-22.030871,1.173305,-16.707463
1997-05-07,1495.45,23.240904,top,32.383073,top,-8.090904,-9.871428,-9.407519,-22.610691,0.330335,-17.401451
1997-05-09,1467.22,20.002661,top,29.710468,top,-10.883341,-15.68237,-14.018801,-20.416107,2.260738,-15.812216
1997-05-12,1500.39,21.491479,top,31.49956,top,-10.962107,-18.134229,-16.284164,-24.706458,-2.406708,-17.673405
1997-05-13,1464.28,18.369751,top,28.656216,top,-5.847613,-13.314512,-16.485003,-19.967563,-3.183134,-15.643183
1997-07-07,1096.81,-18.149394,bottom,-7.331862,,7.794422,8.450096,9.019055,-1.168349,10.306252,1.171579
1997-07-08,1109.66,-16.759824,bottom,-6.303024,,7.835956,8.511109,7.515472,-1.112814,9.028892,0.945335
1997-07-09,1120.84,-15.552574,bottom,-5.442464,,6.056374,6.72927,4.458209,-1.976872,7.941365,-0.061561
1997-07-10,1120.15,-15.412377,bottom,-5.659208,,6.65396,4.713298,6.822542,-1.581879,8.007856,1.930099
1998-08-17,1070.41,-22.00826,bottom,-20.084517,,9.624312,7.191148,14.674699,18.364261,15.806093,0.083146
1998-08-18,1071.3,-21.52564,bottom,-19.926865,,9.584465,6.48885,13.823886,18.031263,15.709885,5.113414
1998-08-19,1126.08,-16.195038,bottom,-14.891637,,2.991878,0.955389,10.610353,13.006872,11.193698,0.323245
1999-06-14,1427.7,18.613128,top,20.12301,,7.986489,17.053185,8.844797,8.905046,21.818309,-2.809414
1999-06-16,1460.16,20.154931,top,22.085725,,9.551188,14.583926,6.583206,7.354183,19.110234,2.653819
1999-06-17,1501,22.451024,top,24.633555,,9.713155,3.905414,3.169103,10.975325,15.86942,-0.139241
1999-06-18,1498.91,21.837397,top,24.292209,,6.14143,7.368615,1.380109,10.203123,16.030983,1.223556
1999-06-21,1546.4,24.425007,top,27.163495,,9.066696,2.264011,-4.451614,7.697781,12.467667,-4.353983
1999-06-22,1564.44,25.042861,top,28.062329,top,10.58973,-3.062845,0.647334,6.702474,11.17077,-5.456905
1999-06-23,1606.5,27.083274,top,30.417146,top,5.032738,-2.384252,0.205826,3.444503,8.260193,-7.932151
1999-06-24,1654.11,29.331341,top,32.990906,top,-5.80774,-4.711755,-6.453731,-0.521273,5.144156,-10.582126
1999-06-25,1593.85,25.047257,top,28.973456,top,1.227185,-0.572581,-0.494996,3.374364,9.119428,-7.20143
1999-06-28,1693.16,30.410567,top,34.642235,top,-6.802684,-8.208388,-5.532503,-3.566965,2.719176,-12.644405
1999-06-29,1739.2,32.369264,top,36.940817,top,-13.652575,-13.154887,-8.924478,-6.756056,-2.862236,-14.956877
1999-06-30,1689.42,28.818559,top,33.679105,top,-7.41699,-8.000719,-5.613944,-4.378177,-4.492074,-12.451019
1999-07-01,1560.78,20.42706,top,25.48886,,1.095985,-0.736312,2.222708,2.743949,3.37972,-5.235203
1999-07-02,1613.53,23.213928,top,28.510314,top,-1.799766,-5.988506,-0.751486,0.358198,-0.23055,-8.333282
1999-07-05,1581.81,20.738921,top,26.235509,,-1.405703,-6.715625,2.155126,1.277672,2.178517,-6.495091
1999-07-07,1568.65,18.984143,top,24.857136,,-0.58373,2.590078,5.002644,1.033748,5.129889,-5.710643
1999-07-08,1577.98,19.069145,top,25.156815,,-1.832297,-1.741976,4.676685,-0.462417,4.787767,-6.26814
1999-07-09,1584.75,18.969342,top,25.273718,,-4.18874,0.077585,3.827982,-3.221555,4.340117,-6.66856
2001-10-11,1638.32,-15.212557,bottom,-22.299615,bottom,-1.398349,2.3031,-2.000566,-3.4059,4.867181,-7.181747
2001-10-16,1655.9,-12.902013,,-20.63811,bottom,0.881423,1.609063,-2.443403,-7.543,3.75385,-8.16716
2001-10-17,1643.06,-13.234035,,-21.199525,bottom,4.463539,2.767693,-1.592594,-10.107151,4.564654,-7.449515
2001-10-18,1615.57,-14.445013,bottom,-22.657858,bottom,3.701449,5.548888,0.356513,-10.149115,6.343891,-5.874707
2001-10-19,1572.45,-16.606706,bottom,-25.124398,bottom,6.489022,7.289211,4.617481,-6.084961,9.260072,-3.293586
2001-10-22,1520.66,-19.372012,bottom,-28.213507,bottom,11.176023,9.939336,9.36133,-6.882566,12.981206,4.826194
2001-11-07,1594.05,-11.251132,,-21.155181,bottom,1.435647,6.767419,9.06084,-5.328789,11.017848,0.741507
2001-11-08,1605.87,-10.214138,,-20.166991,bottom,0.95873,6.621961,8.662418,-5.608755,10.200701,0.626452
2002-01-17,1419.52,-15.415088,bottom,-20.98163,bottom,2.564885,4.957751,7.147888,12.958567,8.369026,-4.285251
2002-01-18,1415.44,-15.445846,bottom,-20.925714,bottom,2.514329,4.849272,5.971657,14.76155,8.681399,-4.009354
2002-01-21,1366.97,-18.575362,bottom,-24.05353,bottom,-0.544285,10.039345,11.057743,19.771488,12.535023,-0.605719
2002-01-22,1358.69,-18.860614,bottom,-24.308043,bottom,2.478075,11.105711,13.82161,20.495441,14.822366,0.063296
2002-01-28,1359.55,-17.737439,bottom,-23.172516,bottom,10.58363,11.829696,20.212466,17.770153,22.400059,2.444191
2002-01-29,1392.78,-14.998754,bottom,-20.483025,bottom,8.627637,9.47304,16.564196,14.879453,19.479746,0.274272
2002-01-30,1396.6,-14.42081,bottom,-19.934731,,6.191264,9.66502,15.050048,13.526893,19.152943,6.384792
2005-06-02,1016.06,-14.791511,bottom,-18.845977,,10.7214,6.657803,6.189863,14.318023,11.317245,-0.238175
2005-06-03,1013.64,-14.641466,bottom,-18.861974,,8.927047,6.859423,4.055204,14.504442,11.583008,1.70672
2006-05-12,1602.83,18.27047,top,25.113521,,3.477566,0.68766,-3.262596,-2.059966,5.102849,-3.209947
2006-05-15,1664.09,21.542481,top,28.494745,top,-0.385336,-0.938838,-6.921867,-7.267647,1.233707,-6.773071
2006-05-16,1613.25,18.034403,top,25.05621,,-0.540743,2.693296,-4.097052,-2.045891,4.423989,-4.014257
2006-05-17,1625.15,18.366819,top,25.435501,,-2.128765,0.988849,-5.946348,-2.908075,3.659355,-5.773006
2006-05-18,1617.28,17.455107,top,24.602109,,-1.611274,4.053901,-5.288006,-0.696175,4.163781,-5.314479
2006-05-19,1659.55,19.555153,top,26.806673,,-2.789907,0.59178,-5.262777,-3.284345,1.51065,-7.726191
2006-05-22,1657.69,18.967693,top,26.320896,,-0.553502,1.611495,-4.402711,-5.387822,1.62455,-7.622656
2006-06-01,1684.19,17.342108,top,25.215106,,-5.661405,-9.341907,-0.749152,-3.699612,0.025532,-9.076173
2006-12-18,2332.43,19.282061,top,26.56999,,4.334818,15.214647,16.722524,27.516749,21.143185,0.450603
2006-12-19,2364.18,20.090608,top,27.584929,,4.771844,11.085134,18.062609,26.264274,19.796716,-0.898409
2006-12-20,2373.21,19.921125,top,27.625863,,6.649834,13.167142,21.18471,27.448977,23.595889,-1.275488
2006-12-21,2342.94,18.122755,top,26.031918,,9.156116,18.099471,23.010705,29.244357,25.873475,0.031157
2006-12-22,2343.67,17.628063,top,25.753713,,13.240699,18.699558,23.856966,30.296574,26.943213,3.929307
2006-12-25,2435.76,20.878847,top,29.268654,top,10.879829,12.862821,15.96393,27.212294,22.143807,1.805186
2006-12-26,2479.73,22.023266,top,30.692478,top,6.313289,7.322067,15.05291,24.99823,19.977981,2.284926
2006-12-27,2536.39,23.605107,top,32.578816,top,6.517308,9.698296,14.945529,24.870979,17.297813,1.230095
2006-12-28,2567.59,24.138951,top,33.426158,top,8.943354,9.413081,13.222582,24.831491,15.872472,2.871954
2006-12-29,2675.47,27.49483,top,37.114239,top,5.458859,3.79301,4.060025,20.723047,11.200275,-1.276037
2007-01-04,2715.72,28.227983,top,38.16538,top,1.982992,1.507877,2.534515,20.06486,9.552163,-2.739237
2007-01-05,2641.33,24.755891,top,34.986241,top,1.008778,6.977475,1.199742,22.975994,12.637573,1.013883
2007-01-08,2707.2,26.48062,top,37.017438,top,3.180988,8.017568,-3.559196,22.755167,9.896941,-3.496602
2007-01-09,2807.8,29.306595,top,40.153905,top,0.469726,4.911234,-4.819023,20.431653,5.95947,-6.954199
2007-01-10,2825.58,29.112966,top,40.271905,top,-1.665849,5.157408,-3.948717,21.268267,5.292719,-7.539691
2007-01-11,2770.11,26.345151,top,37.810736,top,-0.475115,3.101109,-1.175792,24.270258,7.40115,-5.688222
2007-01-12,2668.11,21.887973,top,33.628018,top,5.968697,7.730843,2.30741,27.659903,11.507022,-2.082748
2007-01-15,2794.7,25.743122,top,37.762162,top,4.83658,5.247233,0.445209,25.22197,6.456149,-6.518052
2007-01-16,2821.02,25.889974,top,38.193661,top,4.441508,3.809501,0.383875,24.712712,5.462918,-7.390235
2007-01-17,2778.9,23.63187,top,36.208532,top,6.823257,0.267015,4.44092,26.231721,7.061427,-5.986541
2007-01-18,2756.98,22.084989,top,34.947768,top,3.576224,1.026638,8.214369,22.395425,8.561179,-5.239066
2007-01-19,2832.21,24.005811,top,37.149497,top,1.762146,-5.777733,5.704483,23.547797,5.870327,-7.756134
2007-01-22,2933.19,26.669865,top,40.122443,top,0.410653,-11.576764,3.59643,23.518117,3.661883,-10.931784
2007-01-23,2949.14,26.371091,top,40.125589,top,-0.632007,-9.730257,-6.202028,23.235253,3.101243,-11.413497
2007-01-24,2975.13,26.392952,top,40.450309,top,-6.556242,-9.106125,-3.212598,22.985614,2.200576,-12.187367
2007-01-25,2857.36,21.592703,top,35.89028,top,-2.549586,-4.276901,-2.128278,28.063508,6.412913,-8.568049
2007-01-26,2882.56,21.717482,top,36.234477,top,-7.539879,-5.423433,-1.786159,26.570559,5.482627,-9.367368
2007-01-29,2945.26,23.089589,top,37.829481,top,-11.987417,-4.802024,-5.583792,26.560594,3.237066,-11.296796
2007-01-30,2930.56,21.822827,top,36.781497,top,-9.09825,-3.425626,-3.13261,29.852458,3.754914,-10.851851
2007-01-31,2786.33,16.127314,,31.236339,top,-2.549884,4.173905,3.880887,36.483371,9.125624,-6.237237
2007-02-01,2785.43,15.46506,,30.699297,top,-1.727315,7.187731,4.992075,37.424054,9.160884,-6.206941
2007-02-12,2807.17,12.310626,,28.354337,top,7.987801,-0.781768,7.123722,37.20139,8.315492,-1.260344
2007-02-13,2831.87,12.5906,,28.747285,top,-2.144395,0.293016,6.835116,37.257821,7.370748,-2.121566
2007-02-14,2905.09,14.522258,,30.788571,top,-0.830262,-0.293019,5.109397,36.234096,5.242178,-4.588498
2007-02-15,2993.01,16.85859,,33.228351,top,-6.766423,-2.195656,2.579856,32.710102,2.613423,-7.391222
2007-02-16,2998.47,16.409496,,32.874391,top,-5.728496,-2.040371,2.497182,33.215645,2.528623,-7.559856
2007-02-26,3040.6,17.152431,,33.71976,top,-8.769569,-2.858667,2.667837,34.005299,2.703743,-8.840689
2007-03-29,3197.54,11.269546,,27.995045,top,3.732395,9.920785,16.815144,20.22292,18.311577,-0.424076
2007-04-02,3252.59,12.151236,,28.673282,top,4.401496,10.049287,16.635144,16.505415,18.098807,1.190128
2007-04-03,3291.3,12.916461,,29.327315,top,4.543516,9.294302,18.243549,16.962213,20.013672,0.007292
2007-04-04,3291.54,12.569399,,28.813461,top,6.004078,9.301683,19.820349,14.789176,21.921046,0.838513
2007-04-05,3319.14,13.058552,,29.13184,top,6.18839,3.838442,19.893709,8.562678,22.010521,0.13377
2007-04-06,3323.58,12.802619,,28.749875,top,5.692688,7.549278,19.065721,12.903857,21.847526,2.267735
2007-04-09,3398.95,14.65153,,30.455962,top,5.647791,8.780518,17.435857,13.319815,19.145618,1.333941
2007-04-10,3444.29,15.615955,,31.228694,top,4.750786,7.714834,12.404849,11.213947,17.577207,0.137329
2007-04-11,3495.22,16.705724,,32.132577,top,3.297605,6.874755,13.140194,10.075163,15.863951,-1.321805
2007-04-12,3531.03,17.29716,top,32.575024,top,-2.349948,6.894359,13.670496,10.347856,14.688915,-2.322552
2007-04-13,3518.27,16.459217,,31.641171,top,1.856591,6.641499,13.58615,10.669267,15.104867,-1.968297
2007-04-16,3596.44,18.209975,top,33.252364,top,3.132727,6.585857,12.424629,6.080845,13.229471,-4.099054
2007-04-17,3611.87,18.199358,top,33.094255,top,2.964049,8.949247,12.928984,7.577351,13.801992,-4.508745
2007-04-18,3612.4,17.75371,top,32.525343,top,3.57715,10.518665,14.443296,8.428232,15.538423,-4.522755
2007-04-20,3584.2,16.177482,,30.639983,top,4.784909,11.516443,15.372332,12.436439,16.616818,3.53468
2007-04-23,3710.89,19.226893,top,33.513956,top,3.45313,8.655339,14.083611,12.698869,15.123596,0.259776
2007-04-24,3720.53,19.067311,top,33.175539,top,5.985198,4.690014,15.283702,12.36749,16.513507,0.629749
2007-04-25,3743.96,19.279194,top,33.200664,top,6.941515,6.265438,7.933568,14.403009,15.784357,0.424951
2007-04-26,3783.06,19.819664,top,33.629266,top,6.81096,6.776136,8.280466,13.882851,14.587662,-0.612996
2007-04-27,3759.87,18.734657,top,32.423546,top,6.731534,6.944651,6.209496,14.472423,15.294412,2.164968
2007-04-30,3841.27,20.398648,top,33.958642,top,5.202208,5.838772,-4.550239,14.502474,12.851218,-4.448268
2007-05-08,3950.01,22.649208,top,36.112781,top,-1.295184,3.979737,-4.741264,12.39007,9.744532,-7.078716
2007-05-09,4013.08,23.586209,top,37.049097,top,-0.676077,3.92463,-6.080904,6.918622,8.019775,-8.539077
2007-05-10,4049.7,23.832057,top,37.308887,top,-0.034823,2.473778,-4.002801,8.471701,7.042991,-9.366126
2007-05-11,4021.68,22.435901,top,35.979447,top,0.213116,3.855889,-2.735961,12.579174,7.788785,-8.734658
2007-05-14,4046.39,22.307518,top,35.946872,top,0.636564,5.428272,-1.261135,13.432345,7.130553,-9.291986
2007-05-15,3899.18,17.973728,top,31.651869,top,5.274921,10.593688,4.340239,17.636543,11.17517,-5.867388
2007-05-16,3986.04,19.529361,top,33.240248,top,4.600707,1.66813,4.667053,15.689507,8.752546,-7.918636
2007-05-17,4048.29,20.415041,top,34.155112,top,2.508602,1.50433,1.63953,16.071283,7.080273,-9.334559
2007-05-18,4030.26,19.314463,top,33.090214,top,3.642772,-0.735155,2.514119,16.418109,7.559314,-8.928952
2007-05-21,4072.23,19.717843,top,33.509394,top,4.791709,-10.389011,4.351615,16.859562,6.450765,-9.867566
2007-05-22,4110.38,20.015022,top,33.823284,top,5.318767,-8.721001,3.798593,17.015119,5.462755,-10.70412
2007-05-23,4173.71,20.917593,top,34.728138,top,-2.932578,-10.005534,0.182166,15.426397,3.862511,-12.059055
2007-05-24,4151.13,19.806673,top,33.584523,top,-1.004272,-6.476579,1.901524,13.801138,4.427469,-11.580702
2007-05-25,4179.78,19.917958,top,33.672436,top,-4.377927,-6.591849,-2.135918,10.802051,3.711679,-12.186766
2007-05-28,4272.11,21.505381,top,35.236481,top,-15.18072,-6.689407,-8.065305,13.811666,1.470234,-14.084609
2007-05-29,4334.92,22.211623,top,36.067438,top,-14.039768,-6.25345,-8.708855,13.373639,-1.508678,-15.329464
2007-05-30,4053.09,14.928154,,28.794517,top,-7.072956,2.998923,0.627424,20.59664,5.339876,-9.441932
2007-05-31,4109.65,15.689354,,29.616416,top,-5.472307,0.1352,-4.87269,20.257702,3.890112,-10.688258
2007-08-23,5032.49,17.611653,top,26.359708,,2.654765,6.93093,8.337469,-0.965001,8.694901,1.493893
2007-08-24,5107.67,18.658258,top,27.353168,,2.152991,3.264853,6.572879,-1.489998,7.095016,0.034458
2007-08-27,5150.12,18.905728,top,27.674911,,3.265252,3.906484,6.29989,-3.784616,6.502567,-0.790079
2007-08-28,5194.69,19.210835,top,28.035413,top,1.894471,-1.566094,4.354315,-6.637014,5.588784,-1.641291
2007-08-30,5167.88,17.683681,top,26.576961,,4.276164,2.02488,4.567563,-3.235886,6.136559,-1.043174
2007-08-31,5218.83,18.163463,top,27.079401,,1.111863,1.772906,6.193902,-6.881387,6.389746,-2.009263
2007-09-03,5321.06,19.597102,top,28.525226,top,0.641233,1.867971,6.75209,-8.886406,6.985262,-3.891894
2007-09-04,5294.04,18.623514,top,27.532113,,-3.460565,2.447495,7.666836,-7.410884,7.968395,-3.401372
2007-09-05,5310.72,18.508836,top,27.349494,,-2.634616,1.579522,8.319766,-5.179568,8.67566,-3.704771
2007-09-06,5393.66,19.576881,top,28.396725,top,-2.251284,1.40654,9.196802,-6.879676,9.632976,-5.185533
2007-09-10,5355.29,18.022292,top,26.72532,,1.226738,2.393406,11.867708,-3.677625,12.600625,-4.506199
2007-10-11,5913.23,18.218448,top,28.828847,top,-1.498515,-6.116434,-10.383722,-9.202735,3.024235,-9.862799
2007-10-12,5903.26,17.379364,top,28.212684,top,-1.453959,-5.459165,-10.487013,-9.160335,3.198233,-9.955855
2007-10-15,6030.09,18.766055,top,29.883914,top,-6.204383,-4.790997,-15.046571,-10.375339,1.02768,-13.969277
2007-10-16,6092.06,19.058954,top,30.445284,top,-5.372685,-3.251032,-16.641411,-11.017139,-0.915618,-15.330447
2007-10-17,6036.28,17.444333,top,29.076895,top,-3.252474,-1.359535,-10.904173,-9.582918,-1.350335,-14.548033
2008-01-28,4419.29,-15.325071,bottom,-17.198747,,5.564458,3.312926,0.428561,-22.654978,5.722186,-5.131141
2008-01-30,4417.85,-14.533602,bottom,-17.181614,,1.635989,3.320995,-2.874889,-16.096561,5.756646,-5.100218
2008-01-31,4383.39,-14.93977,bottom,-17.922134,,3.78146,3.227683,-0.51233,-16.047627,6.588052,-4.354164
2008-02-01,4320.77,-15.958288,bottom,-19.306585,,4.000579,1.139574,-0.469768,-18.830829,8.13281,-2.96799
2008-02-25,4192.53,-16.255956,bottom,-21.735958,bottom,5.696029,-1.1088,-14.512186,-18.465557,5.861377,-13.508311
2008-02-26,4238.18,-14.904373,bottom,-20.513843,bottom,2.269148,-1.720639,-15.500597,-19.908924,4.72113,-14.439925
2008-03-10,4146.3,-15.213643,bottom,-21.366699,bottom,-8.195286,-13.403386,-13.780524,-21.276361,0.472228,-19.707691
2008-03-11,4165.88,-14.422367,bottom,-20.715037,bottom,-12.703565,-13.779958,-19.906928,-22.405434,-2.298674,-20.085072
2008-03-12,4070.12,-16.369018,bottom,-22.831342,bottom,-7.882808,-12.08349,-15.901657,-28.123625,-2.428921,-18.204869
2008-03-13,3971.26,-18.408529,bottom,-25.103869,bottom,-4.301714,-15.193428,-12.835395,-27.24236,-0.216304,-16.168672
2008-03-14,3962.67,-18.228777,bottom,-25.12268,bottom,-4.281738,-10.151334,-18.400517,-29.256358,-3.599088,-16.80685
2008-03-17,3820.05,-21.494561,bottom,-28.550083,bottom,-5.2081,-9.532824,-13.179582,-28.636969,-0.418843,-13.700868
2008-03-18,3668.9,-25.0594,bottom,-32.317437,bottom,-1.076393,-9.717187,-10.851812,-24.415231,3.683665,-10.283736
2008-03-19,3761.6,-22.169077,bottom,-29.548926,bottom,-4.200681,-11.651709,-15.461247,-29.710174,1.128509,-14.325287
2008-03-20,3804.05,-20.679839,bottom,-28.159113,bottom,-10.891714,-9.878251,-20.638501,-25.727923,-0.19637,-18.64802
2008-03-21,3796.58,-20.467556,bottom,-28.091059,bottom,-5.869596,-5.327238,-19.723608,-32.291074,-4.397642,-18.487955
2008-03-24,3626.19,-24.551039,bottom,-32.376803,bottom,-4.324724,-0.377138,-14.148189,-24.729115,0.09459,-14.657809
2008-03-25,3629.62,-23.925755,bottom,-31.978385,bottom,-8.640794,-6.12697,-10.179381,-27.374512,-0.470573,-14.738457
2008-03-26,3606.86,-23.964789,bottom,-32.293741,bottom,-7.451028,-3.818168,-0.662878,-25.214018,0.157478,-14.20044
2008-03-27,3411.49,-28.880749,bottom,-37.525052,bottom,1.013464,2.358033,4.197918,-16.071231,5.893319,-9.286851
2008-03-28,3580.15,-23.44829,bottom,-32.403929,bottom,0.542359,-8.249183,-2.98908,-21.005623,0.904711,-13.560326
2008-03-31,3472.71,-25.81681,bottom,-35.124316,bottom,3.947586,-3.646758,1.4494,-23.390543,4.026538,-10.886023
2008-04-01,3329.16,-29.319355,bottom,-38.969665,bottom,2.513824,-1.134625,10.37489,-19.618647,10.932187,-7.043518
2008-04-02,3347.88,-28.037249,bottom,-38.010623,bottom,3.63286,-3.809538,11.636023,-23.316408,12.340048,-7.563294
2008-04-03,3446.24,-24.434421,bottom,-34.727923,bottom,1.344569,-10.76025,8.006235,-26.207152,9.133723,-10.201553
2008-04-07,3599.62,-19.410344,bottom,-30.001693,bottom,-8.791542,-14.39637,-0.570294,-28.626996,4.483529,-14.02787
2008-04-08,3612.54,-18.370682,bottom,-29.248057,bottom,-7.594344,-13.771051,1.218826,-30.237385,4.109851,-14.335343
2008-04-09,3413.91,-23.265736,bottom,-34.473806,bottom,-3.648449,-4.052412,5.68158,-20.095682,10.167228,-9.351155
2008-04-10,3471.74,-20.823248,bottom,-32.350666,bottom,-7.442398,3.15529,4.374444,-20.971141,8.332133,-10.861124
2008-04-11,3492.89,-19.447471,bottom,-31.290838,bottom,-12.10482,1.839885,1.909848,-17.895752,7.676165,-11.400874
2008-04-14,3296.67,-24.3659,bottom,-36.593352,bottom,-5.604828,5.260103,10.384785,-13.670368,14.085122,-6.127395
2008-04-15,3348.35,-21.955042,bottom,-34.60268,bottom,-6.176707,5.096158,8.277946,-15.882508,12.324279,-7.576269
2008-04-16,3291.6,-22.800614,bottom,-35.866222,bottom,-0.403962,11.509515,9.626808,-13.418782,14.260846,-5.982805
2008-04-17,3222.74,-24.077732,bottom,-37.547101,bottom,10.597688,15.445561,11.202326,-14.797886,16.702247,-3.973948
2008-04-18,3094.67,-27.293138,bottom,-41.125197,bottom,13.944705,18.766485,10.670838,-13.425779,21.53186,0.720917
2008-04-21,3116.98,-25.725322,bottom,-39.919107,bottom,10.864932,13.826076,12.844506,-14.92658,20.661987,0.988457
2008-04-22,3147.79,-24.00867,bottom,-38.501488,bottom,11.272865,14.989877,10.194818,-12.483619,19.480969,4.147036
2008-04-23,3278.33,-19.410227,bottom,-34.020915,bottom,11.913478,9.733992,5.771054,-13.601614,14.72335,5.027865
2008-04-24,3583.03,-10.05271,,-24.741058,bottom,4.847873,1.219153,-6.291756,-23.025215,4.967304,-6.097912
2008-04-25,3557.75,-10.271597,,-25.023356,bottom,4.821781,0.069964,-5.261152,-22.60816,5.713161,-5.43068
2008-04-28,3474.72,-12.087512,,-26.93147,bottom,2.961144,5.124681,-0.45257,-17.726117,8.239225,-3.170903
2008-04-29,3523.41,-10.31446,,-25.10095,bottom,3.717012,3.181788,-3.52304,-20.682602,6.743467,-4.508984
2008-05-07,3579.15,-7.537296,,-22.088675,bottom,2.163537,-0.98157,-6.02393,-25.421517,2.187111,-5.996116
2008-05-09,3613.49,-5.714298,,-20.501705,bottom,0.296779,-3.962938,-8.180086,-27.608131,1.215999,-7.854456
2008-05-13,3560.24,-6.387196,,-21.39114,bottom,-3.34383,-5.331116,-16.316814,-26.942772,2.729872,-15.055165
2008-05-20,3443.16,-7.574965,,-23.078848,bottom,-1.987286,-0.196524,-15.760259,-34.181298,2.934223,-18.831829
2008-05-22,3485.63,-5.658756,,-21.242245,bottom,-2.444993,-3.919604,-20.775744,-35.231183,-0.359763,-21.137068
2008-05-23,3473.09,-5.672865,,-21.300803,bottom,-1.150823,-4.217149,-22.966185,-40.353354,-0.404539,-20.852325
2008-05-26,3364.54,-8.407649,,-24.166519,bottom,2.769984,-9.085502,-18.259385,-36.123189,2.808705,-18.298787
2008-05-27,3375.41,-7.663356,,-23.554564,bottom,1.790761,-10.985698,-15.007997,-29.095716,2.477625,-18.561893
2008-05-28,3459.03,-4.808576,,-20.844831,bottom,-2.610217,-15.663374,-17.563974,-35.238938,0.000289,-20.530611
2008-05-29,3401.44,-6.010249,,-22.209966,bottom,-1.474611,-17.030505,-21.316903,-34.655334,1.6934,-19.198046
2008-05-30,3433.35,-4.659387,,-20.993588,bottom,-3.066326,-17.779688,-22.700291,-35.251235,0.748249,-20.308154
2008-06-03,3436.4,-3.75262,,-20.334733,bottom,-12.776459,-15.563735,-25.921215,-38.33551,-1.934874,-22.837854
2008-06-04,3369.91,-5.270784,,-21.957019,bottom,-13.053158,-20.369612,-22.032771,-36.041114,-0.541854,-21.315406
2008-06-05,3351.65,-5.44058,,-22.165565,bottom,-15.555894,-16.85614,-22.741549,-33.508046,-0.655796,-20.886727
2008-06-06,3329.67,-5.703958,,-22.47189,bottom,-14.713362,-18.749036,-17.597176,-35.909295,-7.728694,-20.364481
2008-06-10,3072.33,-13.274785,,-30.096993,bottom,-9.469357,-9.173882,-8.749173,-28.740328,-1.565262,-13.694167
2008-06-11,3024.24,-14.40154,bottom,-31.241932,bottom,-2.787276,-4.022299,-3.488787,-28.394597,-2.205843,-12.321773
2008-06-12,2957.53,-16.151283,bottom,-33.040484,bottom,-7.316454,-1.9006,-2.814528,-26.131563,-0.555193,-10.344105
2008-06-13,2868.8,-18.740193,bottom,-35.662607,bottom,-1.300246,-4.286398,-0.425122,-26.432345,2.520566,-7.57111
2008-06-16,2874.1,-18.172042,bottom,-35.043183,bottom,-4.035674,-4.920603,0.144636,-29.33369,2.331512,-7.741554
2008-06-17,2794.75,-20.503133,bottom,-37.416754,bottom,0.295475,-5.257943,-0.548959,-26.423953,5.236962,-5.122104
2008-06-18,2941.11,-14.978591,bottom,-31.922869,bottom,-1.235023,-10.35748,-8.336357,-31.296579,-0.699056,-9.843562
2008-06-19,2748.87,-21.22587,bottom,-38.230028,bottom,5.415855,-1.663159,-2.359113,-27.931253,6.245475,-3.538545
2008-06-20,2831.74,-17.865401,bottom,-34.801346,bottom,-2.986152,-5.885409,-1.902694,-30.868214,3.136234,-6.36146
2008-06-23,2760.42,-19.98745,bottom,-36.864499,bottom,-0.884929,1.15186,3.593516,-32.893807,5.800929,-3.942154
2008-06-24,2803.02,-18.057792,bottom,-34.824092,bottom,-5.553418,0.424709,1.525926,-37.366975,4.192978,-5.402031
2008-06-25,2905.01,-14.232135,bottom,-30.767084,bottom,-9.122458,0.533512,-2.339011,-42.677482,0.534938,-8.723206
2008-06-26,2901.85,-14.00287,,-30.383023,bottom,-7.079014,-0.913928,0.290427,-33.534394,0.644416,-8.623809
2008-06-27,2748.43,-19.072446,bottom,-35.270771,bottom,-2.899257,3.861277,4.157341,-20.615794,6.262484,-3.523102
2008-06-30,2736.1,-19.224444,bottom,-35.180806,bottom,2.036789,5.06524,5.921458,-21.739006,6.741347,-3.088337
2008-07-01,2651.6,-22.010908,bottom,-37.75469,bottom,5.978127,4.708984,7.226453,-17.909401,10.142933,0.004903
2008-07-02,2651.73,-21.604474,bottom,-37.173283,bottom,9.65597,2.021123,6.741857,-14.339068,10.137533,0.684836
2008-07-03,2703.53,-19.215056,bottom,-34.661028,bottom,6.165086,-0.695954,2.635185,-16.435721,8.027283,-1.244299
2008-07-04,2669.89,-19.986475,bottom,-35.317789,bottom,6.760534,3.982715,4.823193,-20.558809,9.388402,0.557701
2008-07-07,2792.4,-15.181863,bottom,-30.260983,bottom,3.02845,2.441656,-1.830869,-25.779372,4.589242,-3.854032
2008-07-08,2814.95,-14.040195,bottom,-28.877086,bottom,-1.269143,1.101216,-4.512453,-29.67188,3.751399,-4.624238
2008-07-09,2920.55,-10.062535,,-24.630303,bottom,-7.634847,-2.872523,-7.137172,-34.201323,-0.351304,-8.072795
2008-07-10,2875.45,-11.401209,,-25.602913,bottom,-6.86104,1.204355,-5.279441,-36.277704,1.211636,-6.630962
2008-07-11,2856.63,-11.803243,,-25.665246,bottom,-2.777818,0.296065,-9.193358,-32.037085,1.878437,-8.783427
2008-07-14,2878.26,-10.83437,,-24.330229,bottom,-0.586794,0.856218,-15.293945,-35.541605,1.112825,-14.181832
2008-07-15,2779.45,-14.097061,bottom,-27.251855,bottom,2.37036,2.517469,-12.323058,-33.177444,4.707406,-11.59402
2008-07-16,2705.87,-16.577328,bottom,-29.374881,bottom,4.762324,4.720734,-10.084681,-34.835166,7.554687,-9.592848
2008-07-17,2684.78,-17.133999,bottom,-29.582727,bottom,8.065394,3.331139,-9.679819,-32.974205,8.399571,-9.226082
2008-07-18,2778.37,-13.51403,,-25.661713,bottom,3.073883,0.840478,-12.552745,-34.179742,4.748108,-12.283821
2008-07-21,2861.42,-10.349953,,-22.32148,bottom,1.443012,-4.272525,-20.980686,-37.912381,1.707893,-18.925918
2008-07-22,2846.12,-10.498318,,-22.42407,bottom,0.14711,-5.61367,-19.38973,-40.63052,2.254648,-18.490085
2008-07-23,2837.85,-10.409035,,-22.274239,bottom,-0.041589,-4.264649,-11.748708,-41.413944,2.552637,-18.25255
2008-07-25,2865.1,-8.804155,,-20.515005,bottom,-2.233405,-9.489423,-17.495772,-50.833318,1.323165,-19.030051
2008-07-29,2850.31,-8.411579,,-20.29006,bottom,-5.76078,-14.840527,-19.297839,-50.521394,-0.478544,-18.609906
2008-07-30,2836.67,-8.408008,,-20.399906,bottom,-4.223059,-14.805415,-19.156152,-47.526798,-1.228553,-18.218545
2008-07-31,2775.72,-10.145147,,-22.201153,bottom,-1.74954,-13.010957,-16.643527,-47.348843,0.940297,-16.422766
2008-08-01,2801.82,-8.744301,,-20.81451,bottom,-7.256018,-13.393223,-15.58969,-48.807865,-2.14432,-17.201319
2008-08-04,2741.74,-10.435671,,-22.53238,bottom,-10.434627,-16.708161,-16.48125,-47.403107,-0.51646,-15.386944
2008-08-05,2690.75,-11.798907,,-23.971985,bottom,-9.079747,-13.77606,-15.478701,-42.415963,1.368763,-14.34024
2008-08-06,2719.37,-10.276932,,-22.466287,bottom,-10.582356,-7.484059,-17.768639,-45.940241,0.301908,-16.279506
2008-08-07,2727.58,-9.459917,,-21.730738,bottom,-11.261417,-11.481594,-18.037594,-44.510841,-4.467697,-16.531504
2008-08-08,2605.72,-13.455387,,-25.817686,bottom,-6.137206,-8.00635,-16.813865,-32.920704,-3.163809,-15.476337
2008-08-11,2470.07,-18.154265,bottom,-30.620406,bottom,-6.273534,-2.322238,-14.184381,-29.252088,2.15419,-13.224322
2008-08-12,2457.2,-18.02881,bottom,-30.617377,bottom,-4.696313,-4.457312,-13.551937,-27.892461,2.68924,-12.769819
2008-08-13,2446.3,-17.907187,bottom,-30.541019,bottom,3.098296,-4.350737,-12.875541,-23.829579,3.146793,-12.381147
2008-08-14,2437.08,-17.652189,bottom,-30.432213,bottom,-0.220178,-3.63257,-15.892321,-20.445651,3.53702,-14.693814
2008-08-15,2450.61,-16.503498,bottom,-29.438257,bottom,-1.869144,-2.196467,-16.412775,-18.806475,2.965384,-15.164796
2008-08-18,2319.87,-21.318873,bottom,-34.433679,bottom,3.951296,0.22691,-15.506638,-19.837913,8.768164,-14.364167
2008-08-19,2344.47,-19.670146,bottom,-32.871078,bottom,0.239001,-1.702641,-19.503171,-15.021511,7.626884,-17.719143
2008-08-20,2523.28,-11.821272,,-25.065533,bottom,-7.449033,-10.284579,-28.589763,-24.056561,-3.62861,-24.866047
2008-08-21,2431.72,-14.912628,bottom,-28.267704,bottom,-3.412393,-6.555999,-15.85943,-21.087498,-0.75461,-22.037077
2008-08-22,2405.23,-15.418026,bottom,-28.836496,bottom,-0.327323,-8.807516,-7.277363,-23.734021,0.338429,-21.178432
2008-08-25,2413.37,-14.472533,bottom,-27.998276,bottom,-3.724386,-11.862143,-9.188062,-24.513005,-0.662973,-21.444287
2008-08-26,2350.08,-16.465147,bottom,-30.147497,bottom,-1.941642,-9.094625,-5.838014,-21.37119,2.012272,-19.328704
2008-08-27,2342.15,-16.14275,bottom,-29.954544,bottom,-2.835546,-8.524804,-1.924774,-19.985933,2.357663,-19.055569
2008-08-28,2350.14,-15.182788,bottom,-29.098339,bottom,-3.143607,-12.259751,-2.427379,-22.791634,2.009668,-19.330763
2008-08-29,2397.37,-12.609927,,-26.64394,bottom,-8.480193,-14.216308,-9.792312,-23.535929,-3.012885,-20.920008
2008-09-01,2325.14,-15.05161,bottom,-29.211752,bottom,-8.137757,-15.733548,-7.467253,-20.739392,-0.870915,-18.463404
2008-09-02,2304.89,-15.451983,bottom,-29.612967,bottom,-7.152983,-17.80053,-9.680725,-15.933208,-0.320623,-17.747051
2008-09-03,2276.67,-16.219644,bottom,-30.388192,bottom,-5.689258,-18.305184,-9.295513,-12.881695,0.914933,-16.727501
2008-09-04,2277.41,-15.762903,bottom,-29.899445,bottom,-9.116144,-9.303431,-12.960669,-12.060491,0.882142,-16.754559
2008-09-05,2202.45,-18.692343,bottom,-32.806392,bottom,-5.736115,1.530152,-6.029862,-5.203796,4.315648,-13.921315
2008-09-08,2143.42,-20.949398,bottom,-35.106535,bottom,-7.595791,2.67408,-6.063279,-5.056133,7.188512,-11.550699
2008-09-09,2145.78,-20.429269,bottom,-34.55329,bottom,-10.647547,3.25661,-7.30245,-3.15584,7.070622,-11.647979
2008-09-10,2150.76,-19.695749,bottom,-33.865954,bottom,-12.615926,6.600031,-11.874944,-5.695823,6.822705,-11.852554
2008-09-11,2078.98,-22.662918,bottom,-36.784895,bottom,-0.187286,9.832372,-7.402066,-6.189137,10.510924,-8.809128
2008-09-12,2079.67,-22.147921,bottom,-36.321677,bottom,7.266267,4.423996,-5.214222,-5.703764,10.474258,-8.839383
2008-09-16,1986.64,-26.22621,bottom,-40.439231,bottom,10.269872,8.266295,-1.425058,-0.587131,15.647525,-4.570531
2008-09-17,1929.05,-28.602263,bottom,-42.91014,bottom,13.904157,8.119805,-1.737619,2.446184,19.100075,-1.72261
2008-09-18,1895.84,-29.681657,bottom,-44.219491,bottom,19.215956,9.009671,-1.075473,6.129956,21.186387,-1.069711
2008-09-19,2075.09,-20.105783,bottom,-34.759197,bottom,10.019659,-3.657239,-12.04455,-2.766968,10.718089,-11.34746
2008-09-22,2236.41,-12.282137,,-26.921133,bottom,-2.842272,-7.560014,-26.060183,-11.786353,2.73161,-22.941232
2008-09-23,2201.51,-13.502004,,-28.172443,bottom,-2.003577,-8.737359,-21.713622,-14.875383,4.360189,-21.719638
2008-09-24,2216.81,-12.521429,,-27.156322,bottom,-5.784352,-10.55906,-25.385541,-17.345181,3.639915,-22.419603
2008-09-25,2297.5,-8.71094,,-23.251409,bottom,-10.206285,-18.474975,-26.445873,-21.532868,-0.161915,-25.144287
2008-09-26,2293.78,-8.600168,,-23.037367,bottom,-13.676897,-17.234438,-28.277937,-21.419419,-5.233283,-25.022888
2008-10-06,2173.74,-13.644017,,-27.996534,bottom,-4.717743,-9.638218,-23.425863,-16.100412,-0.731458,-20.884282
2008-10-07,2157.84,-13.952778,,-28.36607,bottom,-6.733782,-9.691353,-23.454604,-16.320285,-3.041004,-20.907018
2008-10-08,2092.22,-16.554275,bottom,-31.052288,bottom,-4.774708,-9.857424,-17.256536,-13.894425,-0.843124,-18.426361
2008-10-09,2074.58,-16.828249,bottom,-31.484008,bottom,-8.26869,-10.085144,-18.876089,-9.810404,-0.048685,-17.732746
2008-10-10,2000.57,-19.865141,bottom,-34.735934,bottom,-3.557541,-8.387311,-13.512578,-3.221432,3.64896,-14.689314
2008-10-13,2073.57,-15.744913,bottom,-30.776083,bottom,-4.920475,-18.500169,-10.076977,-7.486021,-2.712713,-17.692675
2008-10-14,2017.32,-17.902159,bottom,-33.14911,bottom,-2.957571,-12.976263,-9.004429,-7.146668,-1.122777,-15.397656
2008-10-15,1994.67,-18.487719,bottom,-33.913404,bottom,-5.082716,-14.82648,-7.038074,-4.607011,-1.03576,-14.436975
2008-10-16,1909.94,-22.274074,bottom,-37.90086,bottom,-1.816455,-7.970898,0.920907,-0.503375,3.354556,-10.641172
2008-10-17,1930.65,-20.667519,bottom,-36.467414,bottom,-4.829771,-11.043499,2.848736,-3.547006,2.8897,-11.59972
2008-10-20,1974.01,-17.880165,bottom,-33.893942,bottom,-13.579694,-13.787645,2.820521,-2.313267,2.860674,-13.541471
2008-10-21,1958.53,-18.027904,bottom,-34.283444,bottom,-10.018692,-13.763251,-2.906218,-1.975964,3.673674,-12.858113
2008-10-22,1895.82,-20.604605,bottom,-37.026889,bottom,-9.743764,-7.399112,6.219279,3.045224,7.102995,-9.975631
2008-10-23,1875.56,-20.988191,bottom,-37.589387,bottom,-6.154444,-8.790945,5.608675,5.755259,8.259933,-9.003178
2008-10-24,1839.62,-22.148727,bottom,-39.024098,bottom,-6.213729,-5.125267,6.816482,8.063881,10.374969,-7.225405
2008-10-27,1723.35,-27.845271,bottom,-44.999517,bottom,-0.207951,8.423192,9.603525,14.135892,17.821685,-0.966142
2008-10-28,1771.82,-24.240008,bottom,-41.631646,bottom,-3.744559,3.971834,6.388679,12.361186,14.598548,-3.675317
2008-10-29,1719.81,-26.381351,bottom,-43.975865,bottom,2.344652,7.788406,9.852365,14.625242,18.064205,-0.762294
2008-10-30,1763.61,-23.064475,bottom,-40.844177,bottom,-2.636501,8.891805,8.384714,13.160735,15.13203,-3.226904
2008-10-31,1728.79,-24.269893,bottom,-42.255442,bottom,1.088462,13.892235,7.913682,17.567737,17.450934,-1.277772
2008-11-03,1719.77,-23.971272,bottom,-42.16474,bottom,8.631143,16.608166,9.682245,20.343047,18.066951,-0.759985
2008-11-04,1706.7,-23.941751,bottom,-42.319701,bottom,7.716392,10.857033,10.182465,20.643236,18.971114,0.645691
2008-11-05,1760.61,-20.11439,bottom,-38.611194,bottom,5.443754,13.618391,11.004054,21.423318,15.32821,-2.436087
2008-11-06,1717.72,-21.802183,bottom,-40.482918,bottom,11.528306,14.39962,15.289907,25.862874,18.207857,1.745919
2008-11-07,1747.71,-19.303889,bottom,-38.132101,bottom,12.803773,11.941749,14.412757,25.933904,16.179458,5.48718
2008-11-10,1874.8,-11.708006,,-30.53693,bottom,7.977023,1.180333,10.903043,18.722559,11.519629,-1.663644
2008-11-11,1843.61,-12.889031,,-31.629664,bottom,3.140641,2.416845,10.011574,19.835536,13.406306,0.840742
2008-11-12,1859.11,-11.575368,,-30.21568,bottom,8.174637,2.06396,11.184685,22.180977,12.460801,0.64816
2008-11-13,1927.61,-7.542035,,-26.093934,bottom,2.871314,-0.507091,5.258214,21.475721,8.464368,-2.928497
2008-11-14,1986.44,-4.17373,,-22.567496,bottom,-0.862024,-5.978553,-1.635807,15.498169,5.252109,-5.803347
2008-11-18,1902.43,-7.818643,,-25.870618,bottom,-0.723796,-0.674568,3.744145,15.758174,9.89997,-1.643687
2008-11-20,1983.76,-2.927924,,-20.753904,bottom,-3.378405,0.890287,1.596753,15.042498,5.394302,-5.67609
2008-11-21,1969.39,-3.277009,,-20.97114,bottom,-5.116529,2.471007,2.461099,11.102892,6.16333,-4.987839
2008-11-24,1897.06,-6.601801,,-24.195516,bottom,-0.129231,9.72271,4.670306,15.113395,10.211063,-1.36527
2008-11-25,1888.71,-6.6105,,-24.102516,bottom,0.049228,7.594729,0.44956,11.611148,10.698307,-0.929206
2008-11-26,1897.88,-5.751946,,-23.07542,bottom,3.49634,9.120725,-1.812006,9.299967,10.163446,-1.795688
2008-11-27,1917.86,-4.352302,,-21.497391,bottom,4.268692,5.765306,-3.471709,8.760344,9.015778,-3.412136
2008-11-28,1871.16,-6.418131,,-23.435895,bottom,7.587537,4.342746,-1.055164,10.168063,11.73657,-1.049616
2008-12-01,1894.61,-4.751825,,-21.675796,bottom,9.851941,3.615857,-2.356795,14.858489,10.353582,-2.329239
2008-12-02,1889.64,-4.648498,,-21.427202,bottom,7.545502,4.418713,-3.048147,16.160723,10.643826,-3.002159
2009-02-16,2389.39,18.244059,top,16.06565,,-3.561909,-13.222468,-10.40412,10.870431,-2.927525,-13.307162
2009-07-27,3435.21,17.950207,top,28.33261,top,0.79388,-5.549691,-13.765817,-12.83379,1.054666,-18.910925
2009-07-28,3438.37,17.485895,top,27.996956,top,0.957197,-5.182046,-16.48533,-12.599605,0.961793,-18.98545
2010-05-17,2559.93,-15.672472,bottom,-18.496835,,4.337864,1.250773,0.0125,0.605601,4.433324,-1.882864
2010-05-18,2594.78,-14.084369,bottom,-16.948081,,1.06759,-1.026532,-3.193694,0.458332,3.0307,-3.200657
2010-05-19,2587.81,-14.121206,bottom,-17.021536,,1.456984,-0.635368,-0.061847,2.815682,3.308203,-2.939938
2010-05-20,2555.94,-15.121528,bottom,-18.047897,,3.837105,-0.128411,1.273576,4.436603,4.596352,-1.729696
2010-06-30,2398.37,-14.071377,bottom,-19.728705,,0.94409,2.960693,9.358517,9.142235,9.810413,-1.435141
2010-07-01,2373.79,-14.633393,bottom,-20.505003,bottom,1.727356,2.105499,10.936212,9.53795,11.556625,-0.414527
2010-07-05,2363.95,-14.09209,bottom,-20.41177,bottom,5.223788,4.607613,12.26879,11.635926,13.053153,1.923476
2014-12-04,2899.46,18.048201,top,24.18584,,0.902293,5.307962,14.459104,13.012799,15.55669,-1.489588
2014-12-05,2937.65,18.923375,top,25.17061,,0.0177,5.656252,13.178315,11.208238,14.086089,-2.770242
2014-12-08,3020.26,21.222154,top,27.598051,,-2.23791,3.487506,11.074124,8.581816,11.710581,-5.429665
2014-12-10,2940.01,17.746603,top,24.309213,,4.033521,1.100046,11.107847,13.736289,14.759814,-0.485372
2014-12-16,3021.52,18.76341,top,25.712373,,0.366362,4.664893,9.915035,17.023666,11.663997,-1.621369
2014-12-17,3061.02,19.562314,top,26.645533,,-2.933475,5.518181,9.809148,16.698523,10.306368,-2.890866
2014-12-18,3057.52,18.958083,top,26.165055,,0.490045,9.151143,1.905832,18.740696,10.432638,-2.779704
2014-12-19,3108.6,20.102855,top,27.443783,,1.563978,7.522062,2.052081,17.183603,8.618027,-4.377212
2014-12-22,3127.45,20.159853,top,27.664267,,1.288881,7.586619,6.083357,15.744461,7.963357,-4.953556
2014-12-26,3157.6,19.253217,top,27.22315,,5.958084,2.430941,6.003129,17.138344,7.144033,-1.306372
2014-12-29,3168.02,19.065499,top,27.169208,,6.297738,1.703205,4.255356,18.459851,6.791624,-1.630987
2014-12-30,3165.81,18.486505,top,26.718441,,3.952974,5.250142,3.002352,18.935342,6.866173,-1.562317
2014-12-31,3234.68,20.10051,top,28.468822,top,1.556145,4.290967,-0.754692,17.77548,4.590871,-3.658167
2015-01-05,3350.52,23.015405,top,31.53909,top,-3.684397,-7.245311,-6.862583,16.747689,0.974774,-6.989064
2015-01-06,3351.45,22.433311,top,31.12015,top,-3.527143,-5.469982,-4.470908,17.560293,0.946754,-7.014874
2015-01-07,3373.95,22.477075,top,31.33986,top,-4.594533,-1.503262,-6.105059,15.953593,0.273567,-7.634968
2015-01-08,3293.46,19.48654,top,28.51163,top,1.297168,1.503162,-4.882159,20.28966,2.724187,-5.377627
2015-01-09,3285.41,18.682727,top,27.858871,top,2.734822,1.999413,-6.589066,22.677667,2.975884,-6.376677
2015-01-15,3336.46,18.029476,top,27.809175,,0.205994,-2.24779,-5.010049,25.07468,1.400287,-7.809175
2015-01-16,3376.5,18.596265,top,28.573892,top,-0.735409,-5.045659,-5.24927,22.230328,0.197838,-8.902414
2015-04-13,4121.71,18.644567,top,29.358851,top,2.287482,9.38797,6.561365,-16.145298,9.842759,-0.91103
2015-04-14,4135.56,18.539444,top,29.213042,top,3.750745,7.915396,5.645747,-10.877148,9.474896,-1.242879
2015-04-16,4194.82,19.082611,top,29.674026,top,5.104641,5.71755,2.678348,-5.49861,7.92835,-1.969334
2015-04-17,4287.3,20.807114,top,31.33547,top,2.451226,4.406856,-0.088907,-8.842076,5.600261,-4.083922
2015-04-20,4217.08,18.754146,top,29.18261,top,7.100488,1.917203,4.64423,-10.2643,7.358646,-2.486792
2015-04-21,4293.62,19.993184,top,30.455901,top,4.164651,-1.51008,3.493984,-11.604766,5.444823,-4.225106
2015-04-22,4398.49,21.827015,top,32.318833,top,1.7607,-6.73007,2.93326,-10.568669,2.976703,-6.508597
2015-04-23,4414.51,21.677697,top,32.127968,top,0.612909,-4.840379,5.360345,-10.057693,5.506613,-6.847872
2015-04-24,4393.69,20.713619,top,31.121533,top,1.95563,-1.377543,9.131737,-8.94648,9.561667,-6.40646
2015-04-27,4527.4,23.164364,top,33.563135,top,-5.183285,-2.826605,8.13094,-11.736456,8.470645,-9.170606
2015-04-28,4476.21,21.521271,top,31.890594,top,-5.67473,-2.269649,9.893472,-8.197254,10.399423,-8.131879
2015-04-29,4476.62,21.012925,top,31.374483,top,-8.49077,-2.220549,3.158485,-9.500174,10.389312,-8.140293
2015-04-30,4441.65,19.708249,top,30.079081,top,-5.453287,-3.039202,3.75793,-17.580875,11.258429,-7.417063
2015-05-04,4480.46,20.023099,top,30.430871,top,-3.333173,-4.495762,7.485984,-20.144324,10.294702,-8.219022
2015-05-25,4813.8,19.297203,top,30.619015,top,0.309877,6.398527,-5.055446,-25.022174,7.323736,-6.968299
2015-05-26,4910.9,20.62437,top,32.075183,top,-0.007535,4.043274,-4.599266,-25.800736,5.201694,-8.807754
2015-05-27,4941.71,20.582369,top,32.161554,top,-0.644156,3.271273,-8.747967,-29.907683,4.545795,-9.376309
2015-06-01,4828.74,16.516136,,28.478083,top,6.08865,4.737165,-12.12823,-48.771865,6.991679,-16.064439
2015-06-02,4910.53,17.518411,top,29.669974,top,4.050809,-0.471528,-19.175183,-51.73048,5.209621,-17.462474
2015-06-03,4909.98,16.859227,,29.200779,top,3.915428,1.172735,-22.702431,-46.517537,5.221406,-20.309859
2015-06-04,4947.1,16.947244,,29.498284,top,3.466339,-3.324029,-29.401013,-42.559212,4.431889,-25.473105
2015-06-05,5023.1,17.782847,top,30.570749,top,2.811917,-11.479037,-28.540586,-44.902634,2.851825,-26.600705
2015-06-08,5131.88,19.221247,top,32.202016,top,-1.351485,-11.453974,-31.983625,-48.280729,0.671684,-28.156543
2015-06-09,5113.53,18.180275,top,31.357957,top,-4.522337,-8.64254,-37.707482,-48.126414,1.032946,-31.413525
2015-06-10,5106.04,17.388135,top,30.72637,top,-2.742694,-12.01924,-31.957289,-50.53582,1.18115,-31.312916
2015-06-11,5121.59,17.065462,,30.547095,top,-6.790368,-20.007947,-27.819696,-47.95914,0.873947,-31.521461
2015-06-12,5166.35,17.324153,top,30.929732,top,-14.290954,-24.270169,-26.330212,-46.563986,-2.000639,-32.114743
2015-06-15,5062.99,14.736802,,28.461166,top,-10.102489,-16.865395,-25.472081,-45.9466,-1.878139,-30.728878
2015-07-02,3912.77,-14.179753,bottom,-0.728303,,-5.33943,-2.316303,-5.43545,-23.259832,5.396433,-10.365547
2015-07-03,3686.92,-20.011293,bottom,-6.744621,,5.047656,7.078319,-0.630967,-19.354594,11.852712,-4.874801
2015-07-06,3775.91,-17.55906,bottom,-4.444513,,5.022291,5.56785,-4.136384,-21.258876,9.216586,-7.116695
2015-07-07,3727.12,-18.745798,bottom,-5.836578,,5.160059,7.50688,0.78625,-17.034353,10.64629,-5.900803
2015-07-08,3507.19,-24.599782,bottom,-11.965409,,8.16848,13.796812,5.204903,-9.694387,17.584733,3.299508
2015-07-09,3709.33,-18.837665,bottom,-6.462938,,3.023127,10.59529,-1.296744,-12.06752,11.176951,-2.329801
2015-07-10,3877.8,-14.319163,bottom,-2.156484,,2.030663,4.859858,-3.505734,-16.339914,6.346898,-6.573057
2015-07-15,3805.7,-15.82333,bottom,-4.403843,,5.628332,-0.435295,2.096275,-11.527187,8.361668,-4.803059
2015-07-16,3823.18,-15.189043,bottom,-4.09358,,7.572163,-3.119147,3.378681,-12.122654,7.866227,-5.238309
2015-07-27,3725.56,-16.564235,bottom,-7.654517,,-2.793961,5.302013,-14.897428,-9.876259,7.196502,-13.840872
2015-07-28,3663,-17.947349,bottom,-9.430975,,2.521584,6.982499,-21.141557,-7.824639,9.0273,-19.056238
2015-07-29,3789.17,-14.366958,bottom,-6.164281,,-2.528282,2.53157,-25.806992,-11.351418,5.39696,-22.745878
2015-07-30,3705.77,-16.392905,bottom,-8.509211,,-1.200724,6.497828,-18.379656,-10.839733,7.768966,-21.00724
2015-07-31,3663.73,-17.362483,bottom,-9.744857,,2.172889,7.910733,-12.527233,-9.951144,9.005576,-20.100826
2015-08-03,3622.91,-18.259708,bottom,-10.957832,,8.095974,9.743304,-12.225664,-4.611303,10.233762,-19.200587
2015-08-04,3756.54,-14.416233,bottom,-7.463487,,4.460916,-0.223327,-17.083355,-6.423652,6.312458,-22.074835
2015-08-05,3694.57,-15.80785,bottom,-9.254191,,5.059852,2.658569,-15.623835,-2.870362,8.095665,-20.767775
2015-08-06,3661.54,-16.430423,bottom,-10.268626,,7.698552,0.075077,-17.281787,-0.401182,9.070773,-20.053038
2015-08-21,3507.74,-17.506086,bottom,-15.892454,,-8.176253,-10.109842,-9.632502,3.042691,-7.544744,-16.547692
2015-08-24,3209.91,-25.818324,bottom,-24.751249,bottom,-0.122196,1.028368,-2.972807,12.791698,1.033674,-8.804608
2015-08-25,2964.97,-33.005598,bottom,-32.631367,bottom,6.579786,7.56243,5.821221,20.389349,9.380196,-1.270839
2015-08-26,2927.29,-33.479929,bottom,-33.846669,bottom,7.654874,8.91456,5.485424,16.031823,10.788135,2.660481
2015-08-27,3083.59,-27.531402,bottom,-28.60051,bottom,-0.102855,1.007044,0.555274,11.094841,5.172542,-2.54314
2015-08-28,3232.35,-22.11366,bottom,-23.878111,bottom,-1.933589,-7.287529,-6.196394,6.699212,0.332266,-7.028323
2015-08-31,3205.99,-22.178617,bottom,-24.679718,bottom,1.150564,-1.690128,-4.896828,9.823253,1.157209,-6.2639
2015-09-01,3166.62,-22.592427,bottom,-25.878224,bottom,0.982644,-2.576958,-0.737248,12.404349,2.414878,-5.098496
2015-09-02,3160.17,-21.972744,bottom,-26.038889,bottom,1.259686,-1.989491,0.724545,10.925178,2.623909,-4.904799
2015-09-07,3080.42,-23.667463,bottom,-28.519875,bottom,1.109899,2.441054,6.511011,13.819317,6.727654,-2.442849
2015-09-08,3170.45,-19.95003,bottom,-25.571484,bottom,-5.353939,0.47734,3.799531,9.030123,3.872636,-5.21314
2015-09-09,3243.09,-16.853099,bottom,-23.238132,bottom,-2.840692,-4.001175,0.59488,6.833094,1.546056,-7.336213
2015-09-10,3197.89,-17.443497,bottom,-24.563349,bottom,-3.559602,-1.74121,4.290158,7.747595,4.383515,-6.026474
2015-09-11,3200.23,-16.629033,bottom,-24.405149,bottom,-3.249176,-3.429136,5.800539,7.067197,5.972071,-6.095187
2015-09-14,3114.8,-18.514213,bottom,-26.993972,bottom,1.331155,-0.45177,8.369105,12.248637,8.87858,-3.519648
2015-09-15,3005.17,-21.302593,bottom,-30.436792,bottom,5.831279,1.091135,13.086368,15.538161,13.981239,1.097109
2015-09-16,3152.26,-15.927921,bottom,-25.554187,bottom,-1.160483,-3.206701,5.204993,10.925836,8.662674,-3.62026
2015-09-17,3086.06,-17.376107,bottom,-27.554524,bottom,1.818392,1.83971,8.764359,14.84676,10.993629,-1.552789
2015-09-18,3097.92,-16.267163,bottom,-27.049278,bottom,-0.17996,2.714035,9.669373,14.434134,10.568704,-1.929682
2015-09-21,3156.54,-13.763665,,-25.045326,bottom,-1.782925,4.069957,8.296131,14.318553,8.649978,-3.750942
2015-09-22,3185.62,-12.382097,,-24.012659,bottom,-4.740145,3.322191,7.517783,13.656505,7.807585,-4.629554
2015-09-23,3115.89,-14.16117,bottom,-26.082895,bottom,-2.046217,4.596056,7.993976,15.43941,10.220194,-2.495274
2015-09-24,3142.69,-12.776627,,-25.08562,bottom,0.021317,6.031367,7.495698,13.931816,9.280266,-3.326768
2015-09-25,3092.35,-13.941713,,-26.54107,bottom,2.893995,9.229675,8.97015,15.972541,11.059227,-1.753036
2015-09-28,3100.76,-13.288703,,-26.09146,bottom,5.852882,8.820875,6.984649,13.072088,10.758008,-2.019505
2015-09-29,3038.14,-15.023084,bottom,-27.933379,bottom,8.062336,11.995233,8.772483,15.956507,13.040874,0.481874
2015-09-30,3052.78,-14.200423,bottom,-27.264802,bottom,6.642273,8.411693,12.511189,15.731934,13.327524,2.967132
2015-10-08,3143.36,-10.999563,,-24.155498,bottom,6.01005,6.92465,11.396951,11.860277,12.071796,1.265843
2015-10-09,3183.15,-9.587631,,-22.701983,bottom,6.33568,6.955337,12.028929,3.491722,12.782307,2.490929
2016-01-11,3016.7,-14.641058,bottom,-14.150949,,-3.469172,-2.626087,-9.394538,0.230119,0.204197,-11.968045
2016-01-12,3022.86,-14.263282,bottom,-13.754868,,-0.501444,-9.468249,-6.360783,1.43791,-0.500189,-12.147437
2016-01-13,2949.6,-16.488977,bottom,-15.965846,,0.914238,-7.53334,-2.82848,4.402597,1.971115,-9.965419
2016-01-14,3007.65,-14.389927,bottom,-13.779526,,-4.32021,-12.446583,-4.932744,2.315998,0.002992,-11.703157
2016-01-15,2900.97,-17.776592,bottom,-17.12097,,0.535968,-5.796354,-1.421655,4.472465,3.680493,-8.456137
2016-01-18,2913.84,-17.093843,bottom,-16.408726,,0.843085,-8.035821,0.45677,4.331292,3.222552,-8.860473
2016-01-20,2976.69,-14.534916,bottom,-13.736777,,-8.447578,-8.312778,-1.618502,-0.802759,-1.282633,-10.784798
2016-01-21,2880.48,-17.580604,bottom,-16.815847,,-8.126374,-3.513918,-4.954293,2.697553,2.014595,-7.804949
2016-01-22,2916.56,-16.107087,bottom,-15.388367,,-6.332322,-5.391047,-5.256525,1.027088,0.752599,-8.94547
2016-01-25,2938.51,-15.14107,bottom,-14.42998,,-8.878906,-6.768451,-8.911267,0.88732,-0.327036,-9.625627
2016-01-26,2749.78,-21.498398,bottom,-20.833199,bottom,-0.007637,3.107467,-0.60588,7.152756,6.513976,-3.422819
2016-01-27,2735.56,-21.732372,bottom,-21.123025,bottom,0.134799,4.70486,4.087054,7.397297,7.067657,-2.920791
2016-01-28,2655.66,-24.301735,bottom,-23.848488,bottom,4.612456,7.513839,7.404449,10.114478,10.288968,1.217023
2016-01-29,2737.6,-20.875666,bottom,-20.557432,bottom,0.941275,4.374699,4.867535,8.907432,6.987873,-1.812537
2016-02-01,2688.85,-22.226199,bottom,-22.104668,bottom,2.110454,8.492591,7.467948,10.658445,8.927608,-0.032356
2016-02-02,2749.57,-19.546764,bottom,-19.64473,,3.115104,5.441382,5.37454,8.644749,6.522111,-2.239987
2016-02-03,2739.25,-19.472492,bottom,-19.770197,,4.570061,6.694277,4.403217,6.158514,6.923428,-1.87168
2016-02-04,2781.02,-17.522886,bottom,-17.96998,,2.901384,-1.440375,0.848951,1.820425,5.317473,-3.345535
2016-02-05,2763.49,-17.716978,bottom,-18.310365,,3.433424,0.134522,1.680042,2.469711,5.985547,-2.732414
2016-02-15,2746.2,-17.922066,bottom,-18.651298,,6.382136,-2.142816,4.042865,3.254312,6.652829,-2.12002
2016-02-16,2836.57,-14.292722,bottom,-15.131629,,2.326278,-3.713347,0.975285,-0.025033,3.254988,-5.238369
2016-02-25,2741.25,-15.024531,bottom,-17.076263,,4.232368,2.289326,7.71029,3.667442,10.124943,-1.943274
2016-02-29,2687.98,-16.137537,bottom,-18.926594,,7.500309,6.18568,9.566253,4.620425,12.307383,1.681188
2016-03-01,2733.17,-14.09381,bottom,-17.169436,,5.972782,4.688632,6.606329,3.213965,10.450503,2.618205
2024-10-08,3489.78,19.018579,top,16.004201,,-8.628484,-6.020724,-2.989708,-4.035312,-2.945458,-9.181095
