date,close,deviation60Pct,signal60,deviation120Pct,signal120,forwardReturn5Pct,forwardReturn10Pct,forwardReturn20Pct,forwardReturn60Pct,maxForwardGain20Pct,maxForwardDrawdown20Pct
1950-06-12,19.4,6.713522,top,9.888096,top,-2.505348,-6.880874,-11.341116,-4.534244,-0.773194,-10.721649
1950-07-12,16.870001,-8.48099,bottom,-5.552775,,2.86318,2.343397,9.816216,16.468012,10.314165,-1.126263
1950-07-13,16.690001,-9.432014,bottom,-6.617081,,5.365719,4.739111,10.187927,18.690462,11.503895,-0.059917
1950-07-14,16.870001,-8.25201,bottom,-5.542961,,4.179362,4.746259,8.027066,17.019533,10.314165,-1.126263
1950-07-17,16.68,-9.270887,bottom,-6.664398,,4.684693,6.723272,9.21441,17.046095,11.570745,2.278172
1950-07-18,17.059999,-6.936278,bottom,-4.421135,,0.991551,5.474577,7.125683,15.197118,9.085587,0.996483
1950-09-18,19.370001,6.637814,top,6.046495,,0.257795,1.63854,2.649154,0.309276,3.871967,-1.187411
1950-09-21,19.370001,6.387107,top,5.779031,,0.257795,2.649154,3.00047,3.00047,3.871967,-1.187411
1950-09-22,19.440001,6.625927,top,6.052739,,0.051428,3.438156,2.63974,2.689829,3.497944,-1.543216
1950-10-02,19.690001,6.958255,top,6.874805,,1.562135,1.010614,-0.815914,3.68935,2.183851,-0.812594
1950-10-03,19.66,6.618108,top,6.646191,,0.608525,1.764605,-0.509947,5.492355,2.339781,-0.661237
1950-10-04,20,8.090279,top,8.268438,,-0.702458,0.099952,-1.359198,3.391824,0.600004,-2.349997
1950-10-05,19.889999,7.266256,top,7.625989,,-0.201304,0.351316,-0.201304,4.80957,1.156367,-1.809948
1950-10-06,20.120001,8.107389,top,8.681262,,-2.058831,-0.798416,-3.850527,3.659837,-0.198812,-3.777337
1950-10-09,20,7.228398,top,7.994999,,-0.551521,0.399202,-2.224564,4.879016,0.4,-3.199997
1951-01-16,21.459999,6.987526,top,9.90551,top,-0.936331,1.296318,3.029152,2.893433,3.448284,-2.00372
1951-01-17,21.549999,7.27869,top,10.138968,top,-1.826318,0.509145,2.066667,2.248324,3.016248,-2.412986
1951-01-18,21.4,6.460496,top,9.263888,,-1.744088,1.714199,3.354321,3.173412,3.738323,-1.728967
1951-01-29,21.67,6.861388,top,9.506486,,2.41635,2.326218,0.598112,2.236004,2.445781,-0.046148
1951-01-30,21.74,7.00448,top,9.688262,top,1.732834,1.732834,0.504707,2.946053,2.11592,-0.367985
1951-01-31,21.66,6.477246,top,9.184549,,1.512056,1.557522,1.238834,3.493213,2.493079,0.461682
1951-02-01,21.77,6.826312,top,9.557933,,1.459213,1.640122,0.091829,3.431489,1.975197,-0.045936
1951-02-02,21.959999,7.482394,top,10.280437,top,0.951745,-0.593741,-0.777138,2.961193,1.092904,-0.910742
1951-02-05,22.200001,8.35367,top,11.202686,top,-0.090133,-1.864113,-1.543381,2.710669,-0.090092,-1.981984
1951-02-06,22.120001,7.802674,top,10.680993,top,0,-1.18237,-0.771504,2.896169,0.271245,-1.627489
1951-02-07,21.99,7.046377,top,9.937823,top,0.045466,-0.318833,-0.182062,2.868863,0.864032,-1.045928
1951-02-08,22.09,7.331086,top,10.234711,top,0.180909,-0.726945,-1.781273,2.326729,0.407425,-1.765502
1951-02-09,22.17,7.505218,top,10.444628,top,-1.545486,-1.866659,-3.488193,2.09782,0.045107,-3.428057
1951-02-13,22.18,7.359252,top,10.343788,top,-1.77398,-1.728106,-4.28341,1.476867,-0.225433,-4.192968
1951-02-14,22.120001,6.894447,top,9.930515,top,-1.18237,-1.228128,-3.824469,0.944885,0.0452,-3.933096
1951-02-16,22.129999,6.589905,top,9.700233,top,-0.907854,-1.548293,-2.609439,-1.686068,-0.813368,-3.976499
1953-09-14,22.709999,-6.243789,bottom,-7.106376,,0.745781,3.206521,3.716939,8.642414,4.183183,0.748569
1954-09-28,32.689999,6.082694,,9.692151,top,-0.183704,-1.262137,-2.321002,7.879479,0.214132,-2.997857
1954-11-26,34.549999,6.820755,top,10.397324,top,-0.173805,0.028946,1.493853,6.444805,3.965265,-1.620832
1954-11-29,34.540001,6.559682,top,10.202591,top,0.634915,0.144653,2.544083,6.392307,3.99536,-1.592354
1954-12-06,34.759998,6.229575,,10.061956,top,-0.490262,1.626526,4.665077,6.649656,5.724976,-1.179516
1954-12-07,34.919998,6.480833,top,10.365431,top,-1.64577,1.308704,1.703625,6.566554,5.240555,-1.632302
1954-12-08,34.860001,6.118597,,10.037415,top,-0.864307,1.367541,0.515023,7.353408,5.421685,-1.463001
1954-12-17,35.919998,7.976894,top,11.992981,top,-2.394814,2.284403,-3.801866,-0.586346,2.310696,-3.730502
1954-12-20,35.330002,6.162556,,10.182613,top,0.282641,3.038551,-1.511515,1.82307,4.019242,-2.122842
1954-12-21,35.380001,6.154573,,10.163031,top,1.012384,0.394921,-1.194219,2.069998,3.872241,-2.261162
1954-12-22,35.34,5.900772,,9.890203,top,1.125509,-0.852518,-0.595997,2.349102,3.989813,-2.150533
1954-12-23,35.369999,5.851638,,9.824703,top,1.709924,-0.113146,0.197711,1.626513,3.901615,-2.233523
1954-12-28,35.43,5.737262,,9.718017,top,2.75591,0.703139,0.225537,3.35816,3.725655,-2.399092
1954-12-29,35.740002,6.436697,top,10.438951,top,-0.617463,-0.448682,0.585855,3.275368,2.82596,-3.245663
1954-12-30,35.740002,6.274201,,10.294116,top,-1.978026,-0.871163,0.697061,3.356567,2.82596,-3.245663
1954-12-31,35.98,6.777269,top,10.812047,top,-1.82307,-1.964702,0.581958,2.334956,2.140079,-3.891044
1955-01-03,36.75,8.69718,top,12.756027,top,-2.646968,-6.086269,-0.327062,0.271735,-0.326528,-5.904757
1955-01-04,36.419998,7.610797,top,11.691073,top,-2.052771,-4.550066,0.820357,0.274204,0.823732,-5.052159
1955-01-31,36.630001,5.053686,,9.821984,top,0.896862,0.707289,0.544517,3.960912,1.419603,-0.518707
1955-02-01,36.720001,5.107357,,9.916909,top,-0.710585,0.46189,1.164221,2.580786,1.171025,-0.762534
1955-02-04,36.959999,5.250916,,10.127034,top,0.512759,-0.189573,0.862074,1.982389,1.515155,-1.352814
1955-02-07,36.959999,5.085192,,9.981433,top,-0.189573,-0.298064,-1.033453,1.823108,1.515155,-1.352814
1955-02-10,37.080002,4.949704,,9.887171,top,-0.649357,-1.384957,-3.45714,2.266457,1.18662,-3.398064
1955-02-11,37.150002,4.972199,,9.923311,top,-0.702332,-1.055356,-6.075929,1.866713,0.995959,-5.895027
1955-06-07,39.959999,6.481437,top,8.259624,,-0.728374,1.366988,7.74985,7.74985,8.058061,-2.377379
1955-06-23,40.75,6.524444,top,9.052228,,0.684764,4.533693,5.374428,10.27559,5.963191,0.049081
1955-06-24,40.959999,6.844805,top,9.464652,,0.559952,4.277324,5.970509,9.695128,6.152345,-0.463864
1955-06-27,40.990002,6.726055,top,9.415614,,1.693308,4.204102,6.12702,10.196363,6.318614,-0.536719
1955-07-01,41.189999,6.525846,top,9.413459,,3.717372,2.800906,4.137541,5.64029,6.239378,1.213887
1955-07-05,41.689999,7.544717,top,10.484313,top,2.510794,0.978645,3.163626,6.094916,4.965219,0.983449
1955-07-06,43.18,10.809186,top,13.824042,top,-2.200975,-2.224657,-0.208648,1.949376,1.34321,-2.501162
1955-07-07,42.580002,9.198556,top,12.26313,top,-0.778035,0.140806,-0.518017,2.527662,2.771246,-1.127298
1955-07-08,42.639999,9.128023,top,12.225773,top,-0.564437,0.840735,-0.187789,-0.352397,2.626639,-1.266419
1955-07-11,42.75,9.173491,top,12.307994,top,-0.916466,1.693186,-1.03457,0.163608,2.362569,-1.520471
1955-07-12,42.75,8.969014,top,12.136401,top,-1.532149,1.922918,-2.366974,0.559837,2.362569,-2.339181
1955-07-13,42.240002,7.599707,top,10.779891,top,-0.023682,3.535244,-1.190774,1.083126,3.598477,-1.183712
1955-07-14,42.25,7.451954,top,10.654026,top,0.918841,2.915658,-0.284425,0.307222,3.573961,-1.207097
1955-07-15,42.400002,7.631412,top,10.857589,top,1.405172,2.607221,-0.449126,-2.992443,3.207539,-1.556603
1955-07-18,42.360001,7.365774,top,10.613244,top,2.609652,1.336635,-0.449551,-3.752247,3.304999,-1.463642
1955-07-19,42.099998,6.577018,top,9.863117,top,3.455067,2.184981,-0.571697,-1.387245,3.942993,-0.855099
1955-07-20,42.23,6.711293,top,10.035207,top,3.558926,2.01601,-0.784499,-2.009157,3.623014,-1.160308
1955-07-21,42.639999,7.494899,top,10.860782,top,1.996817,-0.658823,-1.893994,-3.386916,2.626639,-2.110689
1955-07-22,43,8.129835,top,11.562839,top,1.20205,-1.028524,-2.305441,-3.912773,1.767438,-2.930229
1955-07-25,43.48,8.996379,top,12.525974,top,-1.273016,-2.727755,-3.510775,-4.299965,0.643971,-4.001835
1955-07-26,43.580002,8.990685,top,12.604408,top,-1.270085,-4.289892,-2.391853,-3.526348,0.413025,-4.22212
1955-07-27,43.759998,9.163812,top,12.857933,top,-1.542916,-4.726018,-2.663114,-2.710063,-0.548441,-4.61608
1955-07-28,43.5,8.326085,top,12.120484,top,-2.65564,-3.200084,-1.622285,-2.114145,0.045978,-4.045973
1955-07-29,43.52,8.127504,top,12.024688,top,-2.230574,-3.056347,-1.225304,-1.411572,-0.988052,-4.090071
1955-08-01,42.93,6.550492,top,10.520093,top,-1.454739,-1.786187,0.069854,-0.701263,0.372699,-2.771951
1955-08-02,43.029999,6.570322,top,10.617421,top,-3.019807,-2.756679,-0.255964,-1.734685,0.139441,-2.997902
1955-08-03,43.09,6.496461,top,10.627419,top,-3.183101,-2.800509,0.208648,-1.755869,0.208866,-3.132974
1955-09-13,44.799999,5.360249,,10.837223,top,0.733912,-2.760975,-9.352606,2.251255,1.852683,-8.928572
1955-09-14,44.990002,5.593279,,11.093491,top,0.885152,-1.522986,-8.026503,1.980693,1.422537,-9.313186
1955-09-15,44.75,4.892425,,10.397518,top,1.420036,-1.622025,-7.805215,1.486105,1.966483,-8.826817
1955-09-16,45.09,5.473874,,10.983897,top,1.190492,-3.199917,-8.973689,0.795234,1.197607,-9.514307
1955-09-19,45.16,5.456967,,10.967755,top,-5.812275,-6.094294,-8.813935,-0.199491,1.040747,-9.654563
1955-09-20,45.130001,5.228121,,10.724166,top,-3.494887,-5.254196,-8.024583,-0.155227,1.10791,-9.594509
1955-09-21,45.389999,5.631509,,11.117692,top,-2.408139,-5.432423,-7.595691,-0.574457,0.528755,-10.11236
1955-09-22,45.389999,5.452201,,10.944667,top,-3.042061,-6.109286,-6.367232,-0.818496,0.528755,-10.11236
1955-09-23,45.630001,5.792061,,11.291942,top,-4.390409,-7.388884,-6.894593,-1.501464,-2.892833,-10.585145
1955-11-14,46.41,6.985127,top,9.371535,,-2.597546,-1.848478,-2.090211,-6.10826,-0.430943,-2.5641
1955-11-15,46.209999,6.392026,top,8.770015,,-1.197357,-1.526416,-2.497938,-5.722206,-0.649208,-2.466997
1956-03-15,47.990002,6.795156,top,7.771568,,1.509696,1.015864,-0.083387,-4.867562,1.83371,-0.125029
1956-03-16,48.139999,6.988723,top,8.036544,,1.42315,1.156563,-0.374611,-3.767639,1.51641,-0.436226
1956-03-19,48.59,7.817108,top,8.85486,,0.06172,-0.123561,-1.367613,-4.568739,0.576248,-1.358304
1956-03-20,48.869999,8.263454,top,9.330378,,-1.276786,-0.143339,-2.339403,-5.380574,-0.040926,-2.312251
1956-03-21,48.23,6.844134,top,7.938777,,0.57887,0.702483,-1.377892,-3.932855,1.285505,-1.368443
1956-03-22,48.720001,7.725544,top,8.861927,,-0.493832,0.26647,-1.990121,-5.375945,0.266825,-2.36043
1956-03-23,48.830002,7.811472,top,8.991062,,-0.266587,-0.451563,-2.446225,-5.493228,0.040952,-2.580385
1956-03-26,48.619999,7.252496,top,8.445675,,-0.185281,-1.429333,-2.837071,-4.652,0.473055,-2.797204
1956-03-27,48.25,6.38654,top,7.580544,,1.133447,0.124278,-2.433516,-3.200948,1.24352,-2.404145
1956-03-28,48.509998,6.800678,top,8.015162,,0.123612,-1.015233,-2.125073,-4.0384,0.700887,-2.927228
1956-03-29,48.48,6.610923,top,7.845782,,0.760301,-1.099252,-1.015864,-4.363638,0.763199,-2.86716
1956-04-02,48.700001,6.926059,top,8.18112,,-0.184976,-1.531173,-0.659252,-4.150668,0.308004,-3.305956
1956-04-03,48.529999,6.452109,top,7.694474,,-1.244052,-1.244052,-0.765334,-3.054629,0.659385,-2.967234
1956-04-04,48.799999,6.849898,top,8.10104,,-1.009169,-2.196064,-1.299391,-3.482053,0.102457,-3.504097
1956-04-06,48.849998,6.628048,top,7.935117,,-1.859553,-2.256591,-0.698442,-4.009721,-0.491296,-3.602863
1956-05-24,44.599998,-6.338528,bottom,-3.256743,,2.173524,1.203493,4.36521,7.8662,4.775787,-1.121076
1956-05-25,44.619999,-6.261421,bottom,-3.192374,,2.7193,2.413491,3.933278,7.072454,4.728823,-1.165398
1956-05-28,44.099998,-7.373649,bottom,-4.335668,,3.913354,4.997728,5.771262,7.258429,5.963721,2.290254
1956-10-01,44.700001,-7.209864,bottom,-5.879814,,3.797229,4.719093,3.732597,4.076831,5.145412,1.834451
1957-02-11,42.57,-6.629878,bottom,-7.973729,,2.069118,2.04611,2.734184,8.420818,3.899459,-0.422834
1957-02-12,42.389999,-6.920884,bottom,-8.291482,,2.561859,2.377735,3.818586,8.952456,4.340647,1.415434
1957-08-23,44.509998,-6.583308,bottom,-4.240604,,1.582565,-0.518077,-4.174918,-11.159567,2.089419,-4.088968
1957-08-26,43.889999,-7.861857,bottom,-5.637238,,3.470625,-0.04558,-2.095161,-9.480908,3.531554,-2.73411
1957-08-27,44.610001,-6.13777,bottom,-4.017259,,0.98149,-0.787677,-3.722318,-9.715005,1.860565,-4.303972
1957-08-29,44.459999,-6.282909,bottom,-4.376505,,0.493609,0.761823,-4.391005,-7.663718,2.204228,-4.295996
1957-09-10,43.869999,-6.824648,bottom,-5.810334,,1.739961,-2.049581,-4.475224,-5.505544,2.165491,-4.376563
1957-09-20,43.689999,-6.390534,bottom,-6.282402,,-2.643937,-2.081476,-8.002356,-10.284596,-1.258868,-7.69054
1957-09-23,42.689999,-8.542313,bottom,-8.566863,bottom,-0.634476,-1.10706,-8.656421,-8.070657,1.054113,-8.292334
1957-09-24,42.98,-7.70781,bottom,-7.861886,,-0.513183,-2.425643,-9.76862,-7.686799,0.372266,-9.306654
1957-09-25,42.98,-7.547922,bottom,-7.835715,,0.278808,-2.330335,-5.376997,-8.494068,0.372266,-9.306654
1957-09-26,42.57,-8.31459,bottom,-8.759799,bottom,1.330085,-3.855381,-4.467603,-7.535557,1.33897,-8.433169
1957-09-27,42.549999,-8.148433,bottom,-8.773789,bottom,0.562461,-3.857229,-4.71581,-7.387295,1.386604,-8.390129
1957-09-30,42.419998,-8.227795,bottom,-9.037256,bottom,-0.472583,-2.821121,-4.829524,-6.07425,1.697316,-8.109379
1957-10-01,42.759998,-7.207049,bottom,-8.199091,,-1.91246,-2.582165,-4.962072,-7.22388,0.888684,-8.840035
1957-10-02,43.099998,-6.204487,bottom,-7.373339,,-2.609143,-4.193429,-4.94632,-8.519898,0.09281,-9.559163
1957-10-04,42.790001,-6.491819,bottom,-8.023322,,-4.419691,-5.92088,-5.648509,-5.92088,-1.332086,-8.903953
1957-10-07,42.220001,-7.582141,bottom,-9.314022,bottom,-2.348537,-7.549361,-4.480716,-3.24978,-0.544764,-7.674092
1957-10-08,41.950001,-7.960617,bottom,-9.899283,bottom,-0.669705,-7.342977,-3.690636,-3.074187,0.095354,-7.07986
1957-10-09,41.990002,-7.612197,bottom,-9.742421,bottom,-1.584286,-3.046662,-3.194086,-2.385947,-0.762095,-7.168378
1957-10-10,40.959999,-9.815077,bottom,-12.144569,bottom,-0.759708,-0.612222,-1.897778,0.073222,1.733396,-4.833983
1957-10-11,40.939999,-9.58356,bottom,-12.108507,bottom,-1.501189,-0.858581,-1.873818,-0.465171,1.783096,-4.787492
1957-10-14,41.240002,-8.581571,bottom,-11.297568,bottom,-5.200824,-2.008403,-4.057962,-2.132179,1.042668,-5.480121
1957-10-15,41.669998,-7.291768,bottom,-10.190066,bottom,-6.673272,-2.379907,-5.221573,-2.872633,-0.815926,-6.455481
1957-10-16,41.330002,-7.841838,bottom,-10.933996,bottom,-1.462376,-0.752891,-4.680818,-1.6098,-0.65328,-5.685948
1957-10-17,40.650002,-9.203593,bottom,-12.501115,bottom,0.147487,1.003557,-0.691197,0.83293,1.00861,-4.108246
1957-10-18,40.330002,-9.683801,bottom,-13.193516,bottom,0.642608,0.272371,-0.721668,1.793879,1.810066,-3.34739
1957-10-21,39.150002,-12.303854,bottom,-16.03855,bottom,3.192421,3.068645,1.671771,4.860762,4.878671,-0.434232
1957-10-22,38.98,-12.401938,bottom,-16.339283,bottom,4.293365,3.652341,2.382872,5.90237,5.336075,1.18009
1957-10-23,40.73,-7.73838,bottom,-11.845754,bottom,0.709485,-0.147424,-0.61569,1.389757,0.810218,-3.167201
1957-10-24,40.709999,-7.51444,bottom,-11.793771,bottom,0.856071,-1.285557,0.392253,1.196453,0.859745,-3.119628
1957-10-25,40.59,-7.535837,bottom,-11.988133,bottom,-0.370237,-1.015237,1.443097,1.879251,1.45356,-2.833214
1957-10-28,40.419998,-7.678697,bottom,-12.300519,bottom,-0.123776,-2.049559,-0.819774,3.141622,1.880263,-2.424541
1957-10-29,40.689999,-6.761733,bottom,-11.531331,bottom,-0.641024,-2.841665,1.366878,2.187743,1.376263,-3.072008
1957-10-30,41.02,-5.737462,,-10.621886,bottom,-0.856909,-3.927927,1.69209,1.476132,1.706486,-3.851784
1957-10-31,41.060001,-5.410692,,-10.418041,bottom,-2.141627,-1.694754,0.72798,1.977397,1.607403,-3.945452
1957-11-01,40.439999,-6.683484,bottom,-11.825554,bottom,-0.644999,-0.994038,2.273659,3.020204,3.16519,-2.472799
1957-11-04,40.369999,-6.603915,bottom,-11.880457,bottom,-1.925783,-1.396874,2.856993,3.241424,3.344073,-2.303692
1957-11-06,40.43,-6.227122,bottom,-11.61107,bottom,-2.200642,-1.269469,2.660316,3.904948,3.190702,-2.448681
1957-11-07,40.669998,-5.416949,,-10.900219,bottom,-3.071018,-0.468266,1.561396,4.307176,2.581763,-3.024341
1957-11-08,40.189999,-6.388908,bottom,-11.955824,bottom,0.446873,1.67781,1.800072,4.856502,3.806924,-1.866136
1957-11-11,40.18,-6.196863,bottom,-11.84907,bottom,-0.349039,2.458334,0.941303,4.667834,3.832755,-1.841716
1957-11-12,39.599998,-7.407704,bottom,-13.164097,bottom,0.528909,1.229785,2.271974,5.23912,5.353542,-0.40404
1957-11-13,39.549999,-7.324342,bottom,-13.150133,bottom,0.931173,4.208544,2.497009,4.76457,5.486731,-0.27813
1957-11-14,39.439999,-7.373485,bottom,-13.285004,bottom,2.602752,5.620016,3.218442,4.147092,5.78094,0.938141
1957-11-15,40.369999,-4.841658,,-10.835704,bottom,1.230936,2.422734,-0.621197,1.377639,3.344073,-1.387163
1957-11-18,40.040001,-5.460861,,-11.533246,bottom,2.807373,3.267698,-1.560572,2.222857,4.195805,-1.548458
1957-11-19,39.810001,-5.851529,,-11.973853,bottom,0.700876,4.253867,-1.086007,3.74705,4.797789,-1.080131
1957-11-20,39.919998,-5.418723,,-11.558368,bottom,3.277371,3.929784,-0.301051,2.937401,4.509026,-1.352698
1957-11-21,40.48,-3.862195,,-10.037095,bottom,3.017265,2.029662,-2.501381,1.690178,3.063245,-2.717388
1957-11-22,40.869999,-2.753918,,-8.958841,bottom,1.191797,0.122262,-3.460207,0.682769,2.079771,-3.645701
1957-11-26,40.09,-4.346652,,-10.628176,bottom,3.552991,1.042189,-0.424952,1.951404,4.065854,-1.771013
1957-12-10,40.560001,-1.960839,,-8.32578,bottom,-2.850914,-2.597551,0.467345,3.488723,1.084809,-2.909271
1957-12-16,40.119999,-2.388578,,-8.9124,bottom,-1.608073,-0.324547,2.145324,5.550924,2.193422,-1.844461
1957-12-17,39.419998,-3.975399,,-10.526733,bottom,0.253363,2.28224,4.076119,7.428918,4.160333,-0.101464
1957-12-18,39.380001,-3.942332,,-10.478198,bottom,1.361931,3.713817,4.274998,7.2238,4.367693,0.253932
1957-12-19,39.799999,-2.751985,,-9.272959,bottom,-0.050265,2.186969,3.820549,5.475467,3.894471,-0.804019
1957-12-20,39.48,-3.416565,,-9.928397,bottom,0.252978,3.777786,4.506828,5.925292,4.736573,0
1957-12-23,39.48,-3.290421,,-9.767338,bottom,1.283526,3.753397,4.264407,6.401598,4.736573,0.101319
1957-12-24,39.52,-3.065304,,-9.49478,bottom,2.028877,3.064896,4.550736,6.347837,4.655871,0.151825
1957-12-27,39.779999,-2.185187,,-8.495389,bottom,2.237234,1.769083,4.449551,6.802046,4.851685,-0.502758
1957-12-30,39.580002,-2.544818,,-8.819914,bottom,3.524808,2.716669,5.04971,6.976729,5.381499,1.035876
1958-10-06,51.07,6.208303,,10.270068,top,1.071194,0.390856,0.954897,8.606452,1.076952,-1.272766
1958-10-07,51.07,6.002594,,10.110708,top,0.371345,0.390856,1.862322,8.48061,1.879771,-1.272766
1958-10-08,51.060001,5.777036,,9.940495,top,-0.944516,0.01958,2.685891,7.232973,2.722286,-1.253434
1958-10-09,51.049999,5.557067,,9.774637,top,-0.215709,-0.156828,2.34257,8.177409,2.742412,-1.234086
1958-10-10,51.389999,6.019518,,10.283941,top,0.13612,-1.135038,2.270202,8.179251,2.296167,-1.887529
1958-10-13,51.619999,6.264783,,10.57211,top,-0.680338,-2.352129,2.60053,7.750619,2.634639,-2.324682
1958-10-14,51.259998,5.395611,,9.726664,top,0.019511,-1.335441,3.432416,7.893167,3.492003,-1.638705
1958-10-17,51.459999,5.322135,,9.697676,top,-1.271158,-0.252938,3.400524,8.11483,3.459002,-2.020989
1958-11-06,52.450001,5.588296,,9.862199,top,0.72189,1.438598,0.019061,4.856318,1.506198,-2.726407
1958-11-10,52.57,5.51117,,9.775943,top,1.266442,-1.032516,0.474429,3.36669,1.274495,-2.948448
1958-11-11,52.98,6.104644,,10.388131,top,0.282729,-3.769675,0.901922,1.126142,0.906001,-3.699508
1958-11-12,53.049999,6.041924,,10.358528,top,0.282356,-2.191603,0.56391,2.365763,0.772856,-3.826576
1958-11-13,52.830002,5.441978,,9.78698,top,0.716709,-0.664711,0.735504,2.836534,1.192499,-3.426086
1958-11-14,53.09,5.740886,,10.117307,top,-0.737312,-0.756293,0.526018,1.699546,0.696928,-3.899039
1958-11-17,53.240002,5.83668,,10.235459,top,-2.298957,-1.475907,0.617918,2.192167,0.619831,-4.169799
1958-11-18,53.130001,5.450808,,9.867853,top,-4.052404,-1.135735,1.475967,2.545894,1.486913,-3.971392
1958-11-19,53.200001,5.401763,,9.841934,top,-2.473959,-1.229333,1.769959,2.028165,1.785716,-4.097745
1958-11-20,53.209999,5.245123,,9.707015,top,-1.38142,-1.419537,1.603317,2.027788,1.76659,-4.115765
1958-12-31,55.209999,5.323672,,9.740422,top,0.343554,1.116731,-0.018111,0.433765,1.503354,-0.579605
1959-01-02,55.439999,5.578106,,9.989572,top,0.593477,0.665176,0.01804,0,1.082255,-0.992062
1959-01-05,55.66,5.828352,,10.220643,top,0.215361,0.035927,-0.811767,0.053882,0.682718,-1.3834
1959-01-06,55.59,5.559144,,9.921659,top,-0.216098,0.233584,-0.559217,0.734836,0.809499,-1.259221
1959-01-09,55.77,5.485118,,9.747064,top,0.071699,0.411559,-2.542359,1.265049,0.484132,-2.510313
1959-09-21,55.27,-6.493139,bottom,-5.255673,,3.344914,3.327411,3.099639,6.479859,4.052828,-0.235211
1959-09-22,55.139999,-6.648339,bottom,-5.472562,,4.208342,3.475358,2.71931,6.528636,4.298148,1.233225
1960-03-08,53.470001,-6.760502,bottom,-6.76997,,2.347396,3.347131,3.491714,4.854968,4.694218,0.673276
1960-09-28,52.48,-6.106093,bottom,-6.418714,,1.719132,3.132587,1.080271,9.030876,4.535063,-0.533534
1961-01-27,61.240002,6.795536,top,8.700101,,1.587591,0.423658,3.308472,6.419148,3.36381,-0.163296
1961-01-30,61.970001,7.746885,top,9.789381,top,-0.339454,-1.348411,2.344414,5.616284,2.372111,-1.339361
1961-01-31,61.779999,7.22035,top,9.394253,,-0.210641,-0.600698,2.635727,5.785959,2.686954,-1.035933
1961-02-01,61.900002,7.198027,top,9.501959,,0.499554,0.0323,3.101635,5.362492,3.150237,-1.22779
1961-02-02,62.299999,7.62826,top,10.056996,top,-0.450449,0,2.614013,4.50378,2.648478,-1.861958
1961-02-03,62.220001,7.294695,top,9.8463,top,-1.163934,-0.193055,2.898756,5.350875,2.941179,-1.735779
1961-02-06,61.759998,6.368106,top,9.028153,,-1.008957,0.902652,2.731149,6.912243,3.707909,-1.003884
1961-02-08,62.209999,6.762171,top,9.602145,,-0.467254,0.608978,2.052416,6.698686,2.95773,-1.71998
1961-02-24,62.84,5.822706,,9.846641,top,1.750972,1.013307,2.48323,6.185946,3.214514,0.732016
1961-02-27,63.299999,6.33414,,10.483843,top,1.177876,0.56711,1.645159,5.201975,2.464457,0.126385
1961-02-28,63.439999,6.326986,,10.60321,top,0.047282,-0.094618,1.470843,4.349187,2.238339,-0.094574
1961-03-01,63.43,6.086458,,10.475928,top,0.015762,0.220472,2.337283,3.986934,2.364812,-0.078826
1961-03-02,63.849998,6.508228,top,11.017644,top,-0.549665,0.562239,1.877332,3.961221,1.895065,-0.736096
1961-03-03,63.950001,6.428767,top,11.059966,top,-0.737665,0.078154,2.547413,4.000222,2.580137,-0.891321
1961-03-06,64.050003,6.362096,,11.09505,top,-0.610766,1.256703,2.482589,3.843968,2.513662,-1.046061
1961-03-07,63.470001,5.249643,,10.074377,top,-0.1419,1.981184,3.087188,5.00873,3.450453,-0.1418
1961-03-08,63.439999,5.014628,,9.910993,top,0.20471,1.96666,3.363358,5.579141,3.499377,-0.094574
1961-03-09,63.5,4.925641,,9.885504,top,1.111904,1.609031,3.800858,5.200956,3.874014,-0.188975
1961-03-10,63.48,4.712331,,9.732819,top,0.815819,1.469923,4.692807,3.346037,4.804662,-0.157528
1961-03-13,63.66,4.807961,,9.874273,top,1.867469,1.078049,4.544845,4.619863,4.649706,-0.439835
1961-03-16,64.209999,5.116214,,10.327606,top,0.497127,1.315094,3.308624,2.446094,3.753315,-0.32705
1961-03-17,64,4.600031,,9.854784,top,0.654103,2.469259,7.057496,3.046863,7.3125,0.546873
1961-03-20,64.860001,5.735706,,11.020171,top,-0.78942,1.225886,2.044931,1.271563,5.889608,-0.786312
1961-03-21,64.739998,5.350699,,10.665853,top,-0.557623,1.106004,1.639255,0.677346,6.085886,-0.602409
1961-03-22,64.699997,5.091912,,10.4292,top,0.354862,1.396698,1.716258,-0.185636,6.151474,-0.540956
1961-03-23,64.529999,4.638988,,9.995988,top,0.817967,2.191827,1.903354,0.956211,6.43112,-0.278941
1961-03-24,64.419998,4.2889,,9.66994,top,1.815156,3.222884,-0.031046,1.111467,6.612857,-0.108661
1961-03-29,64.93,4.540687,,9.976333,top,1.041836,2.027666,0.812948,-0.710975,5.77545,-0.816262
1961-03-30,65.059998,4.560891,,10.015664,top,1.37386,1.993531,0.383524,-0.910987,5.564099,-1.014442
1961-04-03,65.599998,5.199153,,10.678568,top,1.407728,4.588237,-0.657646,-1.551613,4.695125,-1.829264
1961-04-04,65.660004,5.096476,,10.607297,top,1.451491,0.819045,-0.030471,-1.751477,4.599446,-1.91898
1961-04-05,65.459999,4.613938,,10.143734,top,1.290142,0.533251,1.093905,-1.260585,4.919036,-1.619306
1961-04-06,65.610001,4.665939,,10.211286,top,0.98583,0.319561,1.257119,-0.611532,4.679164,-1.84423
1961-04-07,65.959999,5.016618,,10.583228,top,0.61967,-0.288473,0.845412,-0.501562,4.123713,-2.365066
1961-04-10,66.529999,5.685695,,11.279912,top,3.180509,-3.25393,-0.180525,-1.088119,3.231627,-3.201559
1961-04-11,66.620003,5.63491,,11.247129,top,-0.632446,-2.001279,-0.225414,-1.284112,3.092161,-3.332334
1961-04-12,66.309998,4.990522,,10.613436,top,-0.756891,-1.152742,0.150702,-0.908957,3.574126,-2.880404
1961-04-13,66.260002,4.740345,,10.370319,top,-0.666269,-1.214717,0.196,-0.863969,3.652276,-2.807124
1961-04-14,66.370003,4.729931,,10.36182,top,-0.908143,-1.610006,0.195676,-1.594693,3.480484,-2.96821
1961-04-17,68.68,7.916908,top,13.574979,top,-6.434438,-5.245883,-2.730593,-5.722693,-2.693649,-6.231798
1961-04-18,66.199997,4.075377,,9.709773,top,-1.368833,-0.849516,1.320555,-1.399472,1.329313,-2.719026
1962-04-30,65.239998,-6.385814,bottom,-7.164913,,1.188493,-3.3352,-16.168972,-14.454034,1.977316,-14.929488
1962-05-09,64.260002,-7.137199,bottom,-8.232645,,0.015552,-5.026186,-9.562147,-10.042757,0.046683,-13.632122
1962-05-10,63.57,-8.050485,bottom,-9.216028,bottom,0.564708,-4.75168,-8.396996,-9.601831,1.132612,-12.694667
1962-05-11,62.650002,-9.320147,bottom,-10.566531,bottom,1.850291,-5.20917,-8.022897,-8.82165,2.617716,-11.412612
1962-05-14,63.099998,-8.419113,bottom,-9.747613,bottom,0.773548,-12.833772,-11.331598,-9.276193,1.885899,-12.044372
1962-05-15,64.290001,-6.397693,bottom,-7.789506,,-3.080084,-10.158271,-14.702109,-11.040252,-0.031116,-13.672423
1962-05-16,64.269997,-6.279392,bottom,-7.731496,,-5.041738,-7.493409,-16.801631,-11.043879,-0.529013,-15.465996
1962-05-17,63.93,-6.645772,bottom,-8.166936,,-5.316389,-7.383125,-13.440328,-10.374546,-0.172064,-15.016422
1962-05-18,63.82,-6.659298,bottom,-8.242639,,-7.059461,-10.828968,-13.536856,-9.132252,-0.360388,-14.869943
1962-05-21,63.59,-6.859685,bottom,-8.50551,bottom,-13.607321,-9.945463,-13.535273,-8.069817,-1.965718,-14.562035
1962-05-22,62.34,-8.663233,bottom,-10.378083,bottom,-7.078187,-6.545864,-12.927814,-6.118623,-1.97305,-12.84889
1962-05-23,61.110001,-10.440521,bottom,-12.247753,bottom,-2.451671,-4.535961,-13.131304,-3.496864,-0.801835,-12.305679
1962-05-24,60.619999,-11.015847,bottom,-12.918088,bottom,-2.066737,-3.645315,-14.038897,-2.083582,-1.633121,-13.097985
1962-05-25,59.470001,-12.666547,bottom,-14.681763,bottom,-3.769507,-2.813727,-12.561165,-0.590275,0.269043,-11.804272
1962-05-28,55.5,-19.212817,bottom,-21.391673,bottom,3.661857,1.502174,-5.900432,7.428812,7.441443,-5.72973
1962-05-29,58.080002,-14.372906,bottom,-16.679057,bottom,0.532323,-4.543838,-9.910531,2.751063,2.668731,-9.917359
1962-05-31,59.630001,-11.486574,bottom,-13.898631,bottom,-2.084291,-9.308223,-9.161086,-0.083884,-0.419252,-12.258932
1962-06-01,59.380001,-11.649481,bottom,-14.164679,bottom,-1.578579,-6.057202,-8.118012,0.28588,-1.566184,-11.889527
1962-06-04,57.27,-14.944255,bottom,-17.598397,bottom,0.95578,-2.707888,-2.492836,2.619485,2.060416,-8.64327
1962-06-05,57.57,-14.09922,bottom,-16.891864,bottom,-2.159683,-3.58981,-1.893793,1.875647,1.528576,-9.119333
1962-06-06,58.389999,-12.38249,bottom,-15.304544,bottom,-5.076161,-6.381949,-2.743224,0.495433,0.10276,-10.395615
1962-06-07,58.400002,-12.057211,bottom,-15.120969,bottom,-7.223932,-8.595343,-3.893314,1.225334,0.085615,-10.410962
1962-06-08,58.450001,-11.655932,bottom,-14.868912,bottom,-4.478624,-10.393582,-3.304651,0.188019,-1.077846,-10.487598
1962-06-11,57.82,-12.40307,bottom,-15.781176,bottom,-3.663668,-9.747438,-1.078082,0.517509,-1.072291,-9.51228
1962-06-12,56.34,-14.623618,bottom,-18.190362,bottom,-1.430127,-7.402606,2.43722,3.522597,2.467163,-7.135251
1962-06-13,55.5,-15.73271,bottom,-19.499739,bottom,-1.305788,-5.366693,4.457708,5.059036,4.558556,-5.72973
1962-06-14,54.330002,-17.44347,bottom,-21.425946,bottom,-1.371411,0.147136,6.243111,7.309511,6.810228,-3.699617
1962-06-15,55.889999,-14.235168,bottom,-18.408935,bottom,-5.914958,-2.060809,3.412224,4.717857,3.828949,-6.387546
1962-06-18,55.740002,-14.124025,bottom,-18.487975,bottom,-6.08377,0.215052,1.848608,5.412385,4.108355,-6.135633
1962-06-19,55.540001,-14.095633,bottom,-18.647034,bottom,-5.97248,1.696016,1.181327,5.533624,4.483251,-5.797625
1962-06-20,54.779999,-15.078877,bottom,-19.814089,bottom,-4.060905,3.638725,2.949853,7.234615,5.932822,-4.490688
1962-06-21,53.59,-16.852715,bottom,-21.785998,bottom,1.518547,4.702029,5.83499,9.753,8.285125,-2.369846
1962-06-22,52.68,-18.108164,bottom,-23.269786,bottom,3.854149,7.088931,7.530043,11.380989,10.155654,-0.683372
1962-06-25,52.450001,-18.081103,bottom,-23.472917,bottom,6.298822,8.669356,7.189935,11.682929,10.6387,-0.247857
1962-06-26,52.32,-17.871276,bottom,-23.490642,bottom,7.668496,9.839826,7.615371,11.23316,10.913607,0.535166
1962-06-27,52.599998,-16.889749,bottom,-22.741833,bottom,7.69963,9.824401,7.629193,9.236773,10.323195,3.441067
1962-06-28,54.41,-13.120451,bottom,-19.172831,bottom,3.183482,6.095975,5.000595,3.999094,6.653187,0.624885
1962-06-29,54.75,-12.127701,bottom,-18.367655,bottom,3.234782,5.473034,5.473034,3.957188,5.990865,2.027398
1962-07-02,55.860001,-9.768071,bottom,-16.194462,bottom,2.370534,1.633556,4.155211,0.517814,4.242748,0.554954
1962-07-03,56.490002,-8.311813,bottom,-14.909401,bottom,2.17133,-0.514689,2.205969,-1.282756,3.080187,-0.566478
1962-07-05,56.810001,-7.43422,bottom,-14.181726,bottom,2.124771,-0.688872,2.038572,-0.955085,2.499557,-1.126568
1962-07-06,56.169998,-8.229162,bottom,-15.145245,bottom,2.912493,1.132962,3.412705,-1.217992,3.667441,0.053414
1962-07-09,56.549999,-7.230285,bottom,-14.311235,bottom,2.238251,0.441112,2.099816,-0.79894,2.970823,-0.618919
1962-07-10,57.200001,-5.793623,,-13.026246,bottom,-0.736978,-1.479421,0.27933,-1.834915,1.800697,-1.748252
1962-07-11,57.73,-4.591278,,-11.967513,bottom,-2.686019,-2.224455,-0.381814,-1.800274,0.866101,-2.650266
1962-07-12,58.029999,-3.808728,,-11.311815,bottom,-2.813642,-2.195207,-0.79585,-1.668152,0.344651,-3.153538
1962-07-13,57.830002,-3.875169,,-11.516142,bottom,-1.779531,-1.095379,-0.485358,-1.322912,0.691679,-2.818608
1962-07-16,57.830002,-3.585304,,-11.381719,bottom,-1.797139,0,-0.346442,-1.095379,0.691679,-2.818608
1962-07-17,56.779999,-5.088743,,-13.064533,bottom,-0.742443,2.521655,2.555996,0.806885,2.588942,-1.021483
1962-07-18,56.200001,-5.770919,,-13.934666,bottom,0.461564,2.720658,4.284129,1.501129,4.377223,0.284697
1962-07-19,56.419998,-5.042624,,-13.392811,bottom,0.618435,2.727444,3.859337,0.935003,3.970226,-0.106341
1962-07-20,56.810001,-4.047127,,-12.560567,bottom,0.684152,2.279743,3.79945,0.806454,3.872552,-0.792115
1962-07-23,56.799999,-3.775534,,-12.43097,bottom,1.797139,1.658704,4.425272,0.491751,4.524647,-0.774645
1962-07-24,56.360001,-4.27194,,-13.046805,bottom,3.264098,1.758751,4.780956,0.935987,5.340664,0.177428
1962-07-25,56.459999,-3.845577,,-12.703285,bottom,2.259094,1.842641,5.713873,-0.212764,5.880269,0.549064
1962-07-26,56.77,-3.044029,,-11.986074,bottom,2.109009,1.399357,5.032401,-2.100469,5.302093,0.757443
1962-07-27,57.200001,-2.038805,,-11.066242,bottom,1.595591,0.610021,4.076607,-3.994828,4.510486,0.27972
1962-07-30,57.830002,-0.694736,,-9.812531,bottom,-0.138435,-0.346442,2.930858,-7.801295,3.371947,-0.812729
1962-07-31,58.23,0.224075,,-8.963866,bottom,-1.505347,0.034341,0.957111,-5.32566,2.661857,-1.494073
1962-08-01,57.75,-0.36614,,-9.62359,bottom,-0.416453,1.563471,1.563471,-5.44425,3.515149,-0.675324
1962-08-02,57.98,0.238296,,-9.062153,bottom,-0.709652,1.131893,1.200084,-6.116372,3.104518,-1.069332
1962-08-03,58.119999,0.656542,,-8.658857,bottom,-0.98557,1.519707,1.705944,-4.217065,2.856159,-1.307637
1962-08-06,57.75,0.186031,,-9.130374,bottom,-0.208007,2.766568,1.392854,-2.117498,3.515149,-0.675324
1962-08-07,57.360001,-0.338512,,-9.635829,bottom,1.539689,3.022205,1.316261,-1.475264,4.218965,0.261502
1962-08-08,57.509998,0.084656,,-9.199965,bottom,1.979924,3.871232,1.467192,-0.680452,3.947141,0.069555
1962-08-09,57.57,0.384037,,-8.923458,bottom,1.841545,3.633044,1.397179,0.312176,3.838803,-0.034741
1962-08-10,57.549999,0.544775,,-8.787802,bottom,2.505277,3.466586,1.551758,1.380521,3.874891,0.139013
1962-08-13,57.630001,0.867307,,-8.475932,bottom,2.974575,3.2773,1.652075,1.856677,3.730692,0.850248
1962-10-23,53.490002,-7.661994,bottom,-8.079882,,5.545362,9.31153,12.825952,19.919094,13.6848,1.962982
1962-11-23,61.540001,6.46382,top,7.097091,,1.163175,2.439929,1.771666,7.299303,2.469939,-0.292493
1962-11-27,61.73,6.606099,top,7.301758,,1.463401,0.951237,2.068211,6.567183,2.154547,0.34019
1962-11-28,62.119999,7.149402,top,7.877545,,0.433702,0.817643,1.295502,5.237127,1.513204,-0.289762
1962-11-29,62.41,7.504267,top,8.285838,,0.829749,0.016019,0.877407,4.786652,1.041502,-0.753086
1962-11-30,62.259998,7.144525,top,7.980814,,1.276754,0.496679,1.340161,4.3222,1.349181,-0.513973
1962-12-03,61.939999,6.526348,top,7.384367,,0.531362,0.691822,1.203577,3.723796,1.87278,0.209882
1962-12-04,62.639999,7.527854,top,8.404786,,-0.512165,-0.914127,1.709446,2.30403,1.724141,-0.909961
1962-12-05,62.389999,7.014985,top,7.888322,,0.383942,0.304077,2.750723,3.66653,2.788905,-0.512902
1962-12-06,62.93,7.752501,top,8.648424,,-0.813729,-0.174951,1.873337,2.835621,1.906876,-1.366599
1962-12-07,63.060001,7.838167,top,8.749158,,-0.780075,-0.668263,2.629254,2.799021,2.664124,-1.569936
1962-12-10,62.27,6.475481,top,7.391446,,0.16046,0.576464,3.657977,4.689955,3.966593,-0.321183
1962-12-11,62.32,6.457845,top,7.363122,,-0.401962,1.116975,3.763334,4.716898,3.883181,-0.401155
1962-12-12,62.630001,6.852825,top,7.72929,,-0.079865,0.477859,3.483247,4.495842,3.544623,-0.894142
1962-12-13,62.419998,6.42039,top,7.253506,,0.638778,0.861388,4.357371,5.075646,4.453699,-0.560715
1962-12-14,62.57,6.557398,top,7.348363,,0.111812,0.843482,3.979223,5.200431,4.203288,-0.799105
1962-12-20,62.82,6.38836,top,7.235846,,0.22261,2.048288,3.84122,4.131855,3.915949,-0.302449
1963-01-04,64.129997,6.740691,top,8.516311,,1.116466,1.624045,3.342845,4.153905,3.399346,-0.015585
1963-01-07,64.120003,6.532906,top,8.411764,,1.670305,1.792932,3.147079,4.154528,3.415463,0.732991
1963-01-08,64.739998,7.287299,top,9.261581,,0.569894,1.075451,2.094082,3.967216,2.425085,-0.231698
1963-01-09,64.589996,6.846766,top,8.911208,,0.123784,1.582103,2.763754,4.923982,2.8023,0.123861
1963-01-10,64.709999,6.818188,top,8.97997,,0.64695,1.594394,2.231143,5.370115,2.611656,-0.061816
1963-01-11,64.849998,6.825516,top,9.082882,,0.507579,1.636497,2.015027,5.504874,2.390136,-0.277564
1963-01-14,65.199997,7.140591,top,9.503001,,0.122627,1.582506,0.855236,4.864409,1.840498,-0.812882
1963-01-15,65.110001,6.777043,top,9.241966,,0.505557,1.705543,1.099753,4.76852,1.981264,-0.675783
1963-01-28,66.239998,6.004779,,9.968881,top,-0.105732,-0.727269,-1.169244,5.120276,0.422703,-1.177534
1963-01-29,66.230003,5.730592,,9.830581,top,-0.181355,-0.605789,-1.859245,5.192723,0.437858,-1.842067
1965-06-28,81.599998,-7.019424,bottom,-6.525538,,4.070433,4.773917,2.743877,10.04219,5.232848,0.992653
1966-05-16,84.410004,-6.185451,bottom,-7.745121,,2.098422,2.017183,3.102647,-1.552088,3.459303,-0.924069
1966-05-17,83.629997,-6.950721,bottom,-8.597531,bottom,3.685863,2.910712,3.639761,-0.732077,4.424255,1.434897
1966-08-18,80.160004,-6.169245,bottom,-8.442617,bottom,-2.654695,-3.116946,-0.212308,1.498201,-0.099803,-7.023459
1966-08-19,79.620003,-6.699441,bottom,-9.018755,bottom,-4.115173,-2.802023,-0.037694,2.566627,0.577743,-6.392871
1966-08-22,78.239998,-8.274868,bottom,-10.662795,bottom,-4.857929,-1.64952,1.017307,5.144033,2.351743,-4.741819
1966-08-23,78.110001,-8.260188,bottom,-10.720268,bottom,-2.922855,-2.252811,-0.513416,4.615918,2.522086,-4.583282
1966-08-24,79.07,-6.899849,bottom,-9.401206,bottom,-2.523027,-3.894247,-1.43942,2.732038,1.277352,-5.741749
1966-08-25,78.059998,-8.027133,bottom,-10.590997,bottom,-0.462251,-2.293585,-0.500867,2.567323,2.587759,-4.522161
1966-08-26,76.410004,-9.975191,bottom,-12.61432,bottom,1.31315,1.944074,1.879872,4.177945,4.803034,-2.460417
1966-08-29,74.529999,-12.238506,bottom,-14.966691,bottom,3.208408,4.960128,4.678832,7.344647,7.44667,1.784519
1966-08-30,75.860001,-10.280385,bottom,-13.071715,bottom,0.670044,4.220249,1.634344,6.370602,5.562881,0.250465
1966-08-31,77.099998,-8.505658,bottom,-11.33702,bottom,-1.37122,3.79229,-1.02993,4.575921,3.865115,-1.361862
1966-09-01,77.699997,-7.586812,bottom,-10.463828,bottom,-1.831334,2.904638,-1.47805,3.440766,3.063069,-2.123544
1966-09-02,77.419998,-7.787039,bottom,-10.728873,bottom,0.630924,2.764329,-3.309121,3.839071,3.43581,-3.254969
1966-09-06,76.959999,-8.194,bottom,-11.219361,bottom,1.75172,2.666827,-2.446526,3.974036,4.054058,-2.676712
1966-09-07,76.370003,-8.75466,bottom,-11.874665,bottom,3.550205,1.739395,-2.224374,4.80603,4.857927,-2.199817
1966-09-08,76.050003,-8.953973,bottom,-12.173553,bottom,5.16351,2.454827,-2.665048,5.363106,5.299143,-2.629849
1966-09-09,76.290001,-8.429471,bottom,-11.733143,bottom,4.735972,1.792718,-4.13465,5.792997,4.967887,-4.050339
1966-09-12,77.910004,-6.156187,bottom,-9.519636,bottom,2.133405,-0.064201,-4.435265,4.774442,2.785263,-6.045445
1966-09-13,78.32,-5.466446,,-8.889592,bottom,0.915107,-0.281296,-4.451555,4.652586,2.247194,-6.537286
1966-09-21,77.709999,-5.36479,,-9.08382,bottom,-0.775096,-3.963769,0.436575,4.860022,1.248232,-5.803632
1966-09-22,77.940002,-4.912,,-8.670702,bottom,-2.113537,-5.119875,-0.128394,4.183757,0.949446,-6.081608
1966-09-23,77.669998,-5.112539,,-8.889313,bottom,-1.439434,-5.927368,0.667273,4.148614,1.300376,-5.75512
1966-09-26,77.860001,-4.727836,,-8.512864,bottom,-3.875844,-4.371064,0.716662,4.421716,1.053172,-5.985106
1966-09-28,77.110001,-5.364052,,-9.20411,bottom,-3.188673,-0.09082,3.152985,5.500189,3.203218,-5.070683
1966-09-29,76.309998,-6.186495,bottom,-10.094312,bottom,-3.006338,0.757186,5.009359,5.96452,5.136949,-4.075483
1966-09-30,76.559998,-5.637032,,-9.620137,bottom,-4.487934,0.052234,4.69474,5.1548,4.806688,-4.388716
1966-10-03,74.900002,-7.567246,bottom,-11.647573,bottom,-0.49522,3.373687,6.836957,7.04871,7.129501,-2.269699
1966-10-04,75.099998,-7.045476,bottom,-11.214704,bottom,-0.25331,4.656846,7.328015,6.732263,7.603195,-2.529962
1966-10-05,74.690002,-7.340463,bottom,-11.590385,bottom,3.097853,4.400344,7.962029,7.341911,8.287581,-1.99492
1966-10-06,74.050003,-7.9467,bottom,-12.276618,bottom,3.763524,4.991481,8.426164,8.413757,9.223489,-1.147881
1966-10-07,73.199997,-8.817687,bottom,-13.248125,bottom,4.540168,6.594641,9.890531,10.863386,10.491804,1.816942
1966-10-10,74.529999,-6.755081,bottom,-11.272333,bottom,3.868907,5.087726,7.990858,9.771025,8.520057,0.509868
1966-10-11,74.910004,-5.993697,,-10.588696,bottom,4.910156,5.189381,8.284207,10.026136,8.637022,2.256034
1968-03-04,87.919998,-6.221128,bottom,-6.873277,,2.482575,1.881638,5.056515,10.772351,5.186539,-0.227476
1968-03-05,87.720001,-6.307682,bottom,-7.040646,,2.821207,1.437404,5.457107,11.773236,5.608753,0.683993
1968-04-29,97.970001,6.570465,top,5.120736,,0.387121,0.224308,-1.005346,-1.149795,0.95948,-1.5515
1968-05-01,97.970001,6.377533,top,5.019529,,0.954906,0.102018,-0.051052,-0.953805,0.95948,-1.5515
1968-05-02,98.589996,6.89385,top,5.586807,,-0.203063,-1.009232,0.09125,-1.615571,0.324584,-2.170605
1968-05-03,98.660004,6.841932,top,5.590597,,-0.162308,-1.80001,1.339053,-0.66101,1.348058,-2.240023
1968-05-06,98.349998,6.410613,top,5.215524,,-0.162813,-1.950782,2.043043,0.182853,2.064056,-1.931878
1968-05-07,98.900002,6.844775,top,5.713494,,-0.791801,-2.012018,0.996032,-0.842775,1.496457,-2.477254
1968-05-08,98.910004,6.710445,top,5.661711,,-0.852888,-1.764545,1.743878,-0.232809,1.759173,-2.487116
1969-07-14,94.550003,-6.752022,bottom,-6.568223,,-1.095355,-5.511365,-2.051579,-2.008405,1.279745,-5.362242
1969-07-15,94.239998,-6.965034,bottom,-6.83513,,-1.195568,-4.68131,-1.647626,-1.292269,1.612908,-5.050928
1969-07-22,93.519997,-7.335298,bottom,-7.362206,,-4.416011,-0.117684,1.643818,2.325199,1.657403,-4.319925
1969-07-23,93.120003,-7.621399,bottom,-7.713981,,-3.485742,0.855432,2.072445,3.430596,2.094069,-3.908934
1969-07-24,92.800003,-7.812439,bottom,-7.978568,,-1.050761,1.27417,2.710764,3.660621,2.74784,-3.577586
1969-07-25,92.059998,-8.43467,bottom,-8.692503,bottom,1.520003,2.021579,4.107398,4.668789,4.192918,-2.802514
1969-07-28,90.209999,-10.240138,bottom,-10.620071,bottom,3.035166,3.432272,5.099951,7.46304,6.329674,-0.809218
1969-07-29,89.480003,-10.818394,bottom,-11.320125,bottom,4.298327,3.459786,5.246605,8.921612,7.197133,0.502902
1969-07-30,89.93,-10.081277,bottom,-10.710646,bottom,4.341174,3.033685,4.946239,8.041043,6.660734,2.112756
1969-07-31,91.830002,-7.780193,bottom,-8.527529,bottom,2.324931,1.630964,3.277926,6.625219,4.453878,0.87117
1969-08-04,92.989998,-6.136786,bottom,-7.103106,,0.397106,1.684836,2.705308,4.900016,3.150877,-0.387139
1970-01-28,86.790001,-6.530515,bottom,-7.717224,,-0.635734,0.172684,2.402074,-4.742578,2.949646,-2.03941
1970-01-29,85.690002,-7.599669,bottom,-8.919392,bottom,0.244769,1.206372,4.350246,-5.062407,4.446257,-0.781895
1970-01-30,85.019997,-8.164651,bottom,-9.630147,bottom,1.52907,1.772026,5.369575,-5.749057,5.516352,0.858625
1970-02-02,85.75,-7.094652,bottom,-8.713924,bottom,1.458699,0.836146,5.092592,-4.703663,5.224494,0.174929
1970-02-04,86.239998,-6.109018,bottom,-8.027997,,0.808417,1.381879,4.267559,-5.72675,4.62663,-0.394244
1970-02-05,85.900002,-6.2778,bottom,-8.350762,bottom,0.961604,2.142199,4.038419,-7.906335,5.040747,0.232825
1970-04-24,82.769997,-5.641471,,-8.496921,bottom,-1.619905,-4.106359,-13.593331,-6.205274,-1.159839,-12.818646
1970-04-27,81.459999,-7.156289,bottom,-9.94707,bottom,-2.599159,-3.574041,-14.805178,-5.65664,0.429657,-13.761354
1970-04-28,80.269997,-8.537393,bottom,-11.261678,bottom,-2.102423,-3.061203,-14.70953,-4.120097,1.918526,-13.678829
1970-04-29,81.809998,-6.561898,bottom,-9.214377,bottom,-2.901985,-6.671665,-11.709572,-4.769063,-0.354481,-15.303749
1970-04-30,81.519997,-6.816796,bottom,-9.419349,bottom,-2.094895,-7.751068,-8.857379,-4.644988,-0.098128,-15.002449
1970-05-01,81.440002,-6.823262,bottom,-9.360918,bottom,-2.486453,-5.736069,-6.192242,-4.765501,-1.976916,-14.91896
1970-05-04,79.370003,-9.272971,bottom,-11.758699,bottom,-0.974882,-3.08347,-1.946511,-2.036479,0.579563,-12.700014
1970-05-05,78.599998,-10.099798,bottom,-12.551671,bottom,-0.95878,-4.076898,-0.971629,-0.715015,1.56489,-11.844781
1970-05-06,79.470001,-8.854378,bottom,-11.278474,bottom,-3.76968,-7.782217,-1.202628,-1.777375,0.453002,-12.809866
1970-05-07,79.830002,-8.281973,bottom,-10.661581,bottom,-5.656173,-10.101347,-3.142954,-2.254971,-0.488537,-13.203057
1970-05-08,79.440002,-8.627467,bottom,-10.985753,bottom,-3.249615,-9.486972,-4.203439,-3.093697,-1.057407,-12.77694
1970-05-11,78.599998,-9.533911,bottom,-11.881259,bottom,-2.108589,-11.231137,-2.98298,-1.810173,-0.101784,-11.844781
1970-05-12,77.849998,-10.325041,bottom,-12.665342,bottom,-3.118118,-11.648327,-2.076646,-0.864352,0.860627,-10.995501
1970-05-13,76.529999,-11.843037,bottom,-14.192605,bottom,-4.012537,-5.037907,-1.381504,0.716106,2.600285,-9.46034
1970-05-14,75.440002,-13.065879,bottom,-15.442992,bottom,-4.445174,-1.106312,-1.320995,2.40975,4.082707,-8.152176
1970-05-15,76.900002,-10.944512,bottom,-13.361142,bottom,-6.237357,-0.456173,-4.006378,-0.914447,2.106626,-9.895969
1970-05-18,76.959999,-10.656497,bottom,-13.128679,bottom,-9.122549,1.13696,-3.14134,-1.492369,2.027024,-9.966214
1970-05-19,75.459999,-12.379804,bottom,-14.930861,bottom,-8.530209,3.105269,0.91024,-0.053023,4.055125,-8.176515
1970-05-20,73.519997,-14.70155,bottom,-17.347356,bottom,-1.02537,6.579589,3.317591,1.672558,6.800871,-5.753531
1970-05-21,72.160004,-16.231722,bottom,-19.007977,bottom,3.338863,6.958393,5.853555,4.099932,8.813737,-3.977276
1970-05-22,72.25,-15.779603,bottom,-18.682888,bottom,5.781183,5.283533,6.432227,4.174616,8.678196,-4.096885
1970-05-25,70.25,-18.206846,bottom,-21.275526,bottom,10.259508,8.248157,8.705882,8.130111,11.772237,-1.366547
1970-05-26,69.290001,-19.178179,bottom,-22.436855,bottom,11.635478,9.571681,7.59824,10.498519,13.320819,5.022364
1970-05-27,72.769997,-13.930581,bottom,-17.35206,bottom,7.604959,3.656403,1.635589,6.735165,7.901608,1.525355
1970-05-28,74.610001,-11.125584,bottom,-14.690022,bottom,3.61953,-0.214684,-0.793927,6.020664,5.240579,-0.978426
1970-05-29,76.550003,-8.289445,bottom,-11.985164,bottom,-0.49765,-3.550204,-4.106699,5.63815,2.573473,-4.023516
1970-06-01,77.839996,-6.385584,bottom,-10.191231,bottom,-2.011351,-4.278299,-6.570394,4.127418,0.873587,-6.359195
1970-06-02,77.839996,-6.171026,bottom,-10.068947,bottom,-2.063798,-2.195029,-6.803892,4.238299,0.873587,-6.577589
1970-06-03,78.519997,-5.09509,,-9.082923,bottom,-3.948556,-3.261999,-7.371611,3.208302,-1.477326,-7.386648
1970-06-04,77.360001,-6.35463,bottom,-10.440833,bottom,-3.834214,-1.104838,-5.910693,5.654062,-0.400721,-5.997931
1970-06-05,76.169998,-7.658699,bottom,-11.851507,bottom,-3.052554,1.148694,-5.936179,6.788069,1.155317,-5.763423
1970-06-08,76.290001,-7.266505,bottom,-11.563491,bottom,-2.266948,0.457725,-6.862775,5.928976,0.996202,-6.632583
1970-06-09,76.25,-7.102155,bottom,-11.489849,bottom,-0.131232,-1.97344,-4.355797,5.993778,1.049184,-6.583602
1970-06-10,75.480003,-7.876386,bottom,-12.357298,bottom,0.686558,-2.020814,-1.899222,8.39484,2.080021,-5.63063
1970-06-11,74.449997,-8.982887,bottom,-13.565979,bottom,2.729376,-0.579244,0,10.666262,3.492285,-4.325042
1970-06-12,73.879997,-9.473992,bottom,-14.171193,bottom,4.201248,-0.556494,0.902796,11.688031,4.29075,-3.58689
1970-06-15,74.580002,-8.274546,bottom,-13.074846,bottom,2.724673,-2.292095,-0.21477,10.443489,3.311881,-4.491819
1970-06-16,76.150002,-5.968019,,-10.84411,bottom,-1.842209,-4.608863,-1.215497,7.766605,1.18188,-6.46093
1970-06-17,76,-5.917878,,-10.885145,bottom,-2.707372,-4.109612,0.446366,8.230731,1.381583,-6.276311
1970-06-18,76.510002,-4.974608,,-10.071273,bottom,-3.30862,-4.805855,1.53051,7.015106,1.542282,-6.901057
1970-06-19,77.050003,-4.004189,,-9.224565,bottom,-4.757743,-7.084873,0.95583,5.442916,0.960413,-7.553536
1970-06-22,76.639999,-4.267414,,-9.605918,bottom,-5.016768,-7.3205,0.442657,6.503587,1.500524,-7.058972
1970-06-23,74.760002,-6.440681,bottom,-11.909202,bottom,-2.766654,-2.382357,2.991193,9.596659,4.052968,-4.721775
1970-06-24,73.970001,-7.165914,bottom,-12.778496,bottom,-1.40224,0.121592,5.30492,11.059219,5.448153,-3.704201
1970-06-25,74.019997,-6.767047,bottom,-12.524365,bottom,-1.497236,0.579244,5.006318,10.128585,5.37693,-3.769243
1970-06-26,73.470001,-7.177289,bottom,-13.079679,bottom,-2.327131,1.459291,5.533439,10.81333,6.16578,-3.048861
1970-06-29,72.889999,-7.634221,bottom,-13.675111,bottom,-2.303732,2.077325,6.480426,11.666968,7.010565,-2.277399
1970-06-30,72.720001,-7.532437,bottom,-13.712177,bottom,0.384297,3.393367,7.060506,11.594786,7.315731,-2.048952
1970-07-01,72.940002,-6.899283,bottom,-13.222492,bottom,1.523832,4.555978,6.796864,12.715312,7.033174,-2.344391
1970-07-02,72.919998,-6.593251,bottom,-13.059553,bottom,2.076479,6.336366,6.798676,14.038191,7.062537,-2.317601
1970-07-06,71.779999,-7.816128,bottom,-14.435785,bottom,3.786421,8.040703,7.045922,15.554288,8.762888,-0.766224
1970-07-07,71.230003,-8.232302,bottom,-14.999246,bottom,4.381057,7.763157,8.035582,16.846778,9.60269,2.484903
1970-07-08,73,-5.478001,,-12.364103,bottom,3.009069,5.37355,5.568092,14.415964,6.945205,1.452051
1970-07-09,74.059998,-3.762166,,-10.7651,bottom,3.032146,5.183328,3.996832,13.965634,5.414532,0.486093
1970-07-10,74.449997,-2.988915,,-10.084365,bottom,4.259886,4.427075,3.730746,14.966983,4.862328,-0.040294
1970-07-13,74.550003,-2.61278,,-9.794168,bottom,4.254282,4.074149,2.189134,15.271239,4.721659,-0.174386
1970-07-14,74.419998,-2.538501,,-9.810267,bottom,3.382099,4.403101,1.863741,15.491825,4.904598,1.088424
1970-07-15,75.230003,-1.234096,,-8.584081,bottom,2.364481,3.66714,0.252234,13.321556,3.775085,0.252552
1970-08-24,80.989998,6.395643,top,1.7699,,0.652268,2.499677,1.068481,3.016164,2.531181,-0.04939
1970-08-25,81.120003,6.484103,top,2.017465,,-0.209793,2.037772,0.969155,2.037772,2.366862,-0.209573
1970-08-26,81.209999,6.521134,top,2.204895,,-0.308319,1.333276,0.552595,2.071735,2.253419,-0.32016
1970-08-28,81.860001,7.163808,top,3.154329,,1.177986,0.256206,2.473436,2.865936,2.504279,-1.111659
1970-08-31,81.519997,6.630648,top,2.809689,,1.847408,-0.196459,2.83004,3.92113,2.931805,-0.699215
1970-09-03,82.089996,6.978931,top,3.696529,,0.522449,0.643565,3.671572,6.038813,3.739807,-0.889263
1970-09-04,82.830002,7.694078,top,4.643573,,-0.92178,-1.116921,4.300721,5.450555,4.394542,-1.774721
1970-09-08,83.040001,7.748431,top,4.942953,,-2.043867,-1.431195,4.486004,6.345415,4.588147,-2.023122
1970-09-09,82.790001,7.26902,top,4.686472,,-1.215229,-1.068616,4.833565,7.120487,4.952287,-1.727262
1970-09-10,82.300003,6.542352,top,4.142342,,-0.012154,-0.780681,4.339455,8.342044,5.577152,-1.142166
1970-09-11,82.519997,6.668437,top,4.466933,,0.121117,0.374969,3.055136,8.610216,5.295689,-1.405715
1970-09-28,83.910004,6.492371,top,6.967521,,3.005271,0.30937,-0.717628,7.050919,3.551419,-0.905735
1970-09-30,84.300003,6.424441,top,7.513463,,3.026104,-0.130572,-1.037394,7.218269,3.072356,-1.399763
1970-10-02,85.160004,6.967883,top,8.57259,,-0.093987,-1.038731,-2.268375,7.81259,2.031465,-2.395492
1970-10-05,86.470001,8.242547,top,10.092866,top,-2.695901,-3.915132,-3.483114,6.492148,0.485715,-3.874174
1970-10-06,86.849998,8.423926,top,10.51878,top,-3.265167,-3.766061,-3.075004,5.923523,0.046057,-4.294756
1970-10-07,86.889999,8.209977,top,10.553529,top,-3.156677,-3.788193,-2.919404,4.786357,-1.08183,-4.338815
1970-10-08,85.949997,6.899283,top,9.459729,,-1.524057,-3.035726,-2.175915,6.584663,-1.012211,-3.292605
1970-12-03,88.900002,5.590202,,9.893101,top,1.140821,1.274187,2.499436,8.699265,3.790771,0.629919
1970-12-04,89.459999,6.076295,,10.383398,top,0.890283,0.845956,2.582074,8.040376,3.141066,0.011181
1970-12-07,89.940002,6.464627,top,10.774563,top,-0.15578,0,2.644288,8.500799,2.67956,-0.522572
1970-12-08,89.470001,5.794506,,10.116969,top,0.212139,0.635064,3.200709,10.081233,3.252482,0.078238
1970-12-09,89.540001,5.711375,,10.066541,top,0.200826,0.623468,2.916623,10.42654,3.171763,0.134021
1970-12-10,89.919998,5.97477,,10.35344,top,0.133366,0.764422,2.265083,10.083518,2.735764,-0.28914
1970-12-11,90.260002,6.195479,,10.571657,top,-0.044327,0.915357,2.688979,9.545118,2.725459,-0.664745
1970-12-14,89.800003,5.543583,,9.898399,top,0.15578,2.507278,3.027205,10.146649,3.251668,-0.155901
1970-12-17,90.040001,5.345842,,9.664122,top,0.631056,1.225249,3.674442,11.694353,3.742784,-0.11106
1970-12-18,90.220001,5.378545,,9.685594,top,0.959684,1.736119,3.84872,11.405681,3.923743,-0.310351
1970-12-28,91.089996,5.705505,,9.734509,top,0.776434,1.773622,4.822019,8.951499,4.940169,0.065875
1970-12-29,92.080002,6.652526,top,10.633943,top,0.292791,0.519927,3.006054,7.860478,3.811897,-1.009992
1970-12-30,92.269997,6.74651,top,10.66086,top,0.119145,0.572765,3.136594,7.995101,3.598136,-1.213824
1970-12-31,92.150002,6.514015,top,10.354048,top,0.043399,0.950431,3.967968,8.205243,4.047744,-1.085187
1971-01-06,92.349998,6.395875,top,10.077498,top,0.227137,1.536591,4.530353,8.34769,4.634541,-0.400644
1971-01-07,92.379997,6.270524,,9.963472,top,0.45362,1.940357,4.487531,8.484406,4.600563,-0.432988
1971-01-12,92.720001,6.178133,,9.882495,top,1.115414,3.048396,5.037075,9.519254,5.166092,-0.172567
1971-01-14,92.800003,5.922129,,9.676097,top,1.486737,2.56383,5.360205,10.311656,5.506466,0.24784
1971-01-15,93.029999,5.990892,,9.771604,top,1.96909,3.017537,5.642363,10.161282,5.804581,0.408476
1971-01-18,93.410004,6.213248,,10.024888,top,1.982147,3.171518,5.468119,10.131637,5.620383,0.374691
1971-01-19,93.760002,6.390355,top,10.243968,top,1.932983,2.807901,4.626784,9.902645,5.226111,0.021327
1971-01-20,93.779999,6.222181,,10.110722,top,1.176672,2.993762,3.951595,9.852337,5.203673,0.437197
1971-01-21,94.190002,6.452863,top,10.388412,top,1.077092,2.547174,2.67129,9.917302,4.745728,0.732556
1971-01-22,94.879997,6.961035,top,10.943139,top,1.048447,2.137617,0.881437,8.802095,3.983987,0.010542
1971-01-25,95.279999,7.15882,top,11.186738,top,1.189372,2.251948,0.84653,8.139813,3.547444,-0.409319
1971-01-26,95.589996,7.254103,top,11.331651,top,0.874919,1.988678,1.185545,8.008296,3.211641,-0.732291
1971-01-27,94.889999,6.301136,,10.422923,top,1.81709,2.600521,2.158019,9.215326,3.973026,0.337232
1971-01-28,95.209999,6.419173,top,10.584979,top,1.470082,2.796376,1.604536,8.772886,3.623574,0.53566
1971-01-29,95.879997,6.903009,top,11.09492,top,1.089169,2.624826,1.16136,8.695053,2.899464,-0.166871
1971-02-01,96.419998,7.240824,top,11.456693,top,1.062576,2.2966,0.579118,8.305381,2.323175,-0.725987
1971-02-02,96.43,7.022324,top,11.263647,top,1.11376,1.818882,0.537799,8.161293,2.312562,-0.736284
1971-02-03,96.629997,6.99968,top,11.259527,top,0.783431,0.957832,1.326158,7.302076,2.100804,-0.941732
1971-02-04,96.620003,6.768524,top,11.042463,top,1.326294,0.124116,2.392993,6.675479,2.421855,-0.931486
1971-02-05,96.93,6.865027,top,11.15496,top,1.535657,-1.25618,2.496179,6.838056,2.527594,-1.248323
1971-02-08,97.449997,7.171588,top,11.48595,top,1.234024,-1.405418,2.041615,6.293387,2.062598,-1.775265
1971-02-09,97.510002,6.987964,top,11.35058,top,0.705123,-0.803133,1.819064,5.700458,1.999792,-1.83571
1971-02-10,97.389999,6.608173,top,11.040452,top,0.174402,-0.442502,2.032797,5.474255,2.125475,-1.714753
1971-02-11,97.910004,6.872848,top,11.39473,top,-1.202178,-1.191839,1.681218,4.444729,1.69543,-2.23675
1971-02-12,98.43,7.130138,top,11.758209,top,-2.791836,-1.463466,2.289945,4.168723,2.316366,-2.753225
1971-02-16,98.660004,7.075374,top,11.824721,top,-2.639442,-1.717483,2.551792,4.207802,2.584629,-2.979933
1971-02-17,98.199997,6.331181,,11.195987,top,-1.508256,-1.281083,2.930177,4.470858,3.065175,-2.525454
1971-02-18,97.559998,5.427383,,10.385827,top,-0.616904,0.368325,3.653241,4.656196,3.741289,-1.886015
1971-03-05,98.959999,4.961229,,10.26965,top,0.614519,2.050382,1.603882,1.245244,2.273646,0.343577
1971-03-08,99.379997,5.210742,,10.525148,top,1.329423,1.240021,1.408829,1.577353,1.841419,-0.080493
1971-03-09,99.459999,5.122802,,10.441138,top,1.744201,0.821072,2.040179,1.5464,2.061133,-0.160865
1971-03-10,99.300003,4.802488,,10.122064,top,1.816236,0.321737,2.663115,1.994084,2.698892,0.090631
1971-03-11,99.389999,4.724341,,10.057049,top,1.794846,0.221107,2.690121,1.695967,2.726632,0.181105
1971-03-12,99.57,4.731214,,10.074388,top,1.435863,0.380912,3.270232,0.750416,3.324292,0.040174
1971-03-15,100.709999,5.676948,,11.038474,top,-0.089402,-0.677496,2.228974,-0.417909,2.254001,-1.092244
1971-03-16,101.209999,5.976734,,11.355542,top,-0.92313,-0.943072,2.111725,-0.564777,2.13418,-1.58087
1971-03-17,101.120003,5.697405,,11.087247,top,-1.494498,-0.804259,2.345684,-0.049461,2.373412,-1.493277
1971-03-18,101.190002,5.570504,,10.987544,top,-1.573739,-0.793737,2.247501,-0.963218,2.302593,-1.561421
1971-03-19,101.010002,5.20161,,10.652446,top,-1.054951,-0.4465,2.926753,-0.685447,2.970003,-1.386003
1971-03-22,100.620003,4.632082,,10.111905,top,-0.588094,0.168808,2.928278,-0.099439,3.369111,-1.003779
1971-04-07,101.980003,4.211635,,9.789699,top,1.498805,1.537438,1.218279,-2.1809,2.735824,0.117665
1971-04-08,102.099998,4.166744,,9.74683,top,1.352226,1.891887,0.751337,-2.318539,2.615081,0.754167
1971-04-12,102.879997,4.756398,,10.330519,top,1.092384,1.02506,-0.506722,-2.799312,1.837091,-0.50544
1971-04-13,102.980003,4.684656,,10.254125,top,0.609903,1.551308,-0.350195,-2.597044,1.738195,-0.602061
1971-04-14,103.370003,4.89387,,10.455559,top,-0.009677,1.345263,-0.455715,-2.62683,1.354352,-0.977075
1971-04-15,103.519997,4.873749,,10.420464,top,0.038633,1.066549,-0.805003,-2.642805,1.207496,-1.120553
1971-04-16,103.489998,4.680762,,10.215456,top,0.539661,0.443502,-1.244546,-3.931732,1.236833,-1.236833
1971-04-19,104.010002,5.016383,,10.532225,top,-0.067324,-0.694649,-3.244055,-4.714745,0.730694,-3.192
1971-04-20,103.610001,4.484083,,9.96467,top,0.941405,0.173578,-2.719791,-4.268973,1.119579,-2.818259
1971-04-23,104.050003,4.484628,,9.848495,top,-0.09616,-1.14055,-2.98501,-4.652462,0.691969,-3.229217
1971-04-27,104.589996,4.71052,,10.006191,top,-0.767827,-1.901504,-5.019181,-5.381756,0.172101,-4.895301
1971-04-28,104.769997,4.743093,,9.998836,top,-0.949418,-1.800978,-5.070572,-5.725381,-0.133625,-5.058696
1971-04-29,104.629997,4.472691,,9.684818,top,-1.347075,-1.871553,-5.127816,-6.403527,-0.64991,-4.998562
1971-11-15,91.809998,-6.154386,bottom,-6.596116,,-1.117204,2.346717,6.187323,13.946361,6.709513,-1.797183
1971-11-22,90.790001,-6.574592,bottom,-7.363383,,3.463921,6.482074,11.446098,15.129862,12.126888,-0.693906
1971-11-23,90.160004,-7.109896,bottom,-7.964671,,5.691189,7.229997,11.53152,15.797772,12.91038,0.188552
1971-11-24,90.330002,-6.771622,bottom,-7.684416,,5.921044,7.082886,10.907327,15.31538,12.697887,1.782354
1972-01-05,103.059998,6.673251,top,5.658265,,0.512945,0.792504,1.559676,3.93849,1.571903,-0.54337
1972-01-06,103.510002,7.040853,top,6.054776,,-0.503637,0.356811,1.085763,3.763657,1.130324,-0.975753
1972-01-07,103.470001,6.925524,top,5.980634,,-0.077349,0.173813,1.334441,4.396002,1.343384,-0.937471
1972-01-10,103.32,6.690894,top,5.801021,,0.367112,-0.728548,1.173882,5.351692,1.490516,-0.793651
1972-01-11,103.650002,6.908765,top,6.081113,,0.385173,-0.920777,1.046121,5.517862,1.167389,-1.109505
1972-01-12,103.589996,6.743399,top,5.983483,,0.27956,-1.057797,1.874404,5.65791,1.892081,-1.052222
1972-01-17,103.699997,6.474509,top,5.943763,,-1.09566,0.231175,0.854582,6.061331,1.822565,-1.157181
1972-01-18,104.050003,6.666158,top,6.212255,,-1.305949,-0.038451,0.937443,5.47903,1.480051,-1.489671
1973-05-18,103.860001,-6.371224,bottom,-9.210874,bottom,3.85317,-0.860615,-0.250653,-1.113437,4.265357,-1.088
1973-05-21,102.730003,-7.308022,bottom,-10.198382,bottom,4.547967,1.823054,1.21905,0.272187,5.412243,0.23362
1973-05-22,103.580002,-6.354089,bottom,-9.278074,bottom,2.224543,0.702293,0.826849,-1.253235,4.547209,-0.588917
1973-05-23,104.07,-5.778956,,-8.715163,bottom,0.842027,1.686474,-0.829801,-1.705635,4.054964,-1.056979
1973-06-01,103.93,-5.324446,,-8.360164,bottom,2.939156,1.119466,0.31702,-1.463561,4.195132,-1.616473
1973-06-04,102.970001,-6.081083,,-9.172814,bottom,3.558343,0.609962,-0.068004,0.048542,5.166553,-0.699234
1973-06-25,102.25,-5.158983,,-8.498141,bottom,0.633686,1.2344,5.600588,3.488556,5.760391,-0.948656
1973-07-06,101.279999,-5.227747,,-8.445484,bottom,2.736693,5.624744,5.016212,6.618483,8.46169,0.849132
1973-11-20,98.660004,-7.933916,bottom,-7.01103,,-1.028996,-6.81534,-3.969928,-6.696061,1.114939,-6.588283
1973-11-21,99.760002,-6.774263,bottom,-5.876981,,-2.486559,-5.501443,-5.36385,-7.967522,-0.32077,-7.618282
1973-11-23,99.440002,-7.023861,bottom,-6.157457,,-3.562304,-2.990782,-6.116531,-6.223493,-1.498396,-7.320996
1973-11-26,96.580002,-9.82802,bottom,-9.014804,bottom,-2.81413,1.408541,-3.884804,-1.955212,1.418508,-4.576515
1973-11-27,95.699997,-10.609539,bottom,-9.850166,bottom,-2.229477,0.354651,0.04179,-0.324452,2.351097,-3.699053
1973-11-28,97.650002,-8.484896,bottom,-7.758981,,-5.786344,-4.267986,0.09212,-2.719705,0.307215,-5.622118
1973-11-29,97.309998,-8.718695,bottom,-8.033596,,-3.014884,-5.199126,0.236083,-1.355354,0.657691,-5.292358
1973-11-30,95.959999,-9.971362,bottom,-9.33314,bottom,0.571522,-2.82185,1.643367,0.457479,2.073779,-3.959979
1973-12-03,93.900002,-11.970599,bottom,-11.394812,bottom,4.222671,-1.23227,3.946643,2.440685,4.313094,-1.853033
1973-12-04,93.589996,-12.139595,bottom,-11.624009,bottom,2.584128,1.221277,6.424471,2.051682,6.635332,-1.527933
1973-12-05,92.160004,-13.504727,bottom,-13.061108,bottom,1.518358,2.845412,7.058302,3.591408,8.28993,0.238708
1973-12-06,94.419998,-10.945456,bottom,-10.565572,bottom,-2.184242,0.137593,3.792861,3.025162,5.697951,-2.16056
1973-12-07,96.510002,-8.647644,bottom,-8.316781,,-3.393372,-3.125749,-0.404921,1.511676,3.408974,-4.279354
1973-12-10,97.949997,-7.063752,bottom,-6.784154,,-5.454941,-5.293345,-4.735168,-1.036486,1.888725,-5.686575
1973-12-11,96.040001,-8.904318,bottom,-8.696372,bottom,-1.362851,-0.312862,-3.874604,1.795526,3.915038,-3.810916
1973-12-12,93.57,-11.347754,bottom,-11.221259,bottom,1.327054,4.360105,0.096143,5.519715,6.658121,-1.271778
1973-12-13,92.379997,-12.412791,bottom,-12.422591,bottom,2.321835,5.435208,1.119496,7.07234,8.032048,0.010827
1973-12-14,93.290001,-11.217665,bottom,-11.362565,bottom,0.267623,4.465217,1.002571,6.685385,6.978242,-0.964735
1973-12-17,92.75,-11.56716,bottom,-11.85638,bottom,0.161596,5.178913,3.099705,7.175636,7.601081,-0.388141
1973-12-18,94.739998,-9.242095,bottom,-9.654089,bottom,1.049989,5.203194,2.666275,4.680785,5.340939,-2.480471
1973-12-19,94.82,-8.945265,bottom,-9.494259,bottom,3.033052,4.21289,0.777394,3.349723,5.25206,-2.562751
1973-12-20,94.550003,-9.00063,bottom,-9.712652,bottom,3.113373,3.655268,0.894977,2.795051,5.552617,-2.284509
1973-12-21,93.540001,-9.823932,bottom,-10.719974,bottom,4.197594,2.720828,3.167188,4.21809,6.692326,-1.229422
1973-12-24,92.900002,-10.259349,bottom,-11.33543,bottom,5.017317,0.558177,4.39087,4.66863,7.427343,-0.54898
1973-12-26,95.739998,-7.045992,bottom,-8.279801,,4.153205,-3.561742,1.121742,1.585442,4.240657,-3.499058
1974-01-09,93.419998,-7.679817,bottom,-10.182346,bottom,2.379932,3.832693,-0.171412,0.969386,4.153292,-1.102546
1974-01-10,92.389999,-8.496286,bottom,-11.172108,bottom,5.178028,4.683484,0.98014,0.66883,5.314432,0.660245
1974-01-11,93.660004,-6.856757,bottom,-9.694997,bottom,2.008305,3.121798,-1.430211,-1.755665,3.886397,-1.420032
1974-01-14,93.419998,-6.83797,bottom,-9.832638,bottom,2.097316,2.817978,-2.998915,-0.87083,4.153292,-2.954394
1974-01-15,94.230003,-5.711387,,-8.844652,bottom,2.43224,1.871374,-3.553866,-1.961164,3.257985,-3.788602
1974-02-04,93.290001,-3.734032,,-8.648562,bottom,-2.859664,-1.262083,4.229158,-1.153589,4.319861,-2.819163
1974-02-05,93,-3.803791,,-8.877863,bottom,-2.239952,0.472005,5.216392,-0.983317,5.354842,-2.516125
1974-02-06,93.260002,-3.316676,,-8.524614,bottom,-2.475158,1.542827,3.870094,-2.135005,5.061121,-2.787903
1974-02-07,93.300003,-3.081017,,-8.407773,bottom,-2.551027,2.21536,4.68999,-2.364279,5.016077,-2.829581
1974-02-08,92.330002,-3.917522,,-9.376642,bottom,-0.065011,2.882348,6.853783,-0.946743,7.094114,-1.808728
1974-02-11,90.660004,-5.53795,,-11.117823,bottom,1.597582,5.723191,8.951758,1.075157,9.364656,0.308845
1974-02-12,90.940002,-5.029532,,-10.730549,bottom,2.711957,5.830624,9.23668,2.196931,9.676705,0.01099
1974-02-13,90.980003,-4.76048,,-10.596565,bottom,4.017984,5.599751,9.102432,0.537132,9.628483,-0.032981
1974-02-14,90.949997,-4.622839,,-10.541608,bottom,4.766387,4.913045,8.763426,-0.319359,9.664652,1.286428
1974-02-15,92.269997,-3.070054,,-9.016962,bottom,2.947359,3.47213,6.075856,-1.72719,8.095807,-0.16256
1974-02-19,92.120003,-3.098828,,-9.089659,bottom,4.125609,5.491241,5.398724,-1.829493,8.271814,1.432913
1974-05-17,88.209999,-6.549106,bottom,-6.924188,,0.418579,1.003899,2.05337,-11.674912,5.543589,-1.496429
1974-05-20,87.860001,-6.81333,bottom,-7.252621,,0.578793,2.561936,1.793513,-13.545184,5.964031,-1.104031
1974-05-21,87.910004,-6.630187,bottom,-7.109769,,-1.167066,2.693456,1.052335,-14.164063,5.903759,-1.160282
1974-05-22,87.089996,-7.409134,bottom,-7.956656,,0.389645,5.441167,1.27783,-14.056027,6.90091,-0.229644
1974-05-23,87.290001,-7.017723,bottom,-7.650622,,-0.011459,5.851315,0.194562,-15.749764,6.655971,-0.458244
1974-05-29,86.889999,-7.058928,bottom,-7.970005,,3.860523,5.779757,0.825221,-17.692695,7.146966,0.448843
1974-05-30,87.43,-6.262445,bottom,-7.288529,,5.051521,5.46389,-1.289304,-20.044193,6.485186,-1.281028
1974-05-31,87.279999,-6.242385,bottom,-7.37842,,5.862774,4.502949,-1.477403,-19.02354,6.668194,-1.466543
1974-07-02,84.300003,-6.765492,bottom,-9.644003,bottom,-5.24803,-0.714296,-6.101771,-23.778165,0.818499,-5.919342
1974-07-03,84.25,-6.680968,bottom,-9.618831,bottom,-5.313789,-0.559427,-6.751029,-26.032476,0.878336,-6.52819
1974-07-05,83.660004,-7.217977,bottom,-10.233864,bottom,-0.611479,-0.143544,-6.251659,-27.509137,1.589761,-6.060252
1974-07-08,81.089996,-10.128271,bottom,-13.23578,bottom,3.26347,3.29927,-2.244757,-24.625349,4.809473,-3.082994
1974-07-09,81.480003,-9.45065,bottom,-12.628148,bottom,1.619117,3.816749,-1.185207,-25.120926,4.307799,-3.546891
1974-07-10,79.989998,-11.07156,bottom,-14.317595,bottom,4.533734,6.063198,3.271324,-25.026127,6.250782,-1.750221
1974-07-11,79.889999,-10.939481,bottom,-14.301114,bottom,4.754362,4.992803,2.081086,-24.80474,6.383776,-1.627241
1974-07-12,83.150002,-6.730077,bottom,-10.190746,bottom,0.467935,-0.906077,-2.792695,-24.702853,2.212864,-5.484071
1974-07-15,83.779999,-5.768922,,-9.32029,bottom,0.0358,-3.448613,-4.929756,-25.627166,1.444258,-6.194799
1974-07-16,82.809998,-6.727827,bottom,-10.355539,bottom,2.197633,-2.829161,-5.35776,-19.969167,2.632533,-5.216761
1974-07-17,83.699997,-5.476499,,-9.167413,bottom,1.529464,-5.387475,-8.694613,-18.174819,1.54122,-8.327352
1974-07-18,83.779999,-5.229474,,-8.955079,bottom,0.238441,-6.191602,-9.352132,-16.354454,1.444258,-8.92814
1974-07-19,83.540001,-5.388638,,-9.127748,bottom,-1.374011,-6.108115,-9.894381,-13.843416,1.735692,-9.42064
1974-07-22,83.809998,-4.957019,,-8.693932,bottom,-3.484413,-5.544027,-11.681403,-15.969433,1.407947,-11.024935
1974-07-26,82.400002,-6.147328,bottom,-9.968422,bottom,-4.734104,-1.886618,-14.118891,-11.430005,0.303398,-13.167474
1974-07-29,80.940002,-7.722752,bottom,-11.645696,bottom,-2.059614,-1.481143,-11.482224,-10.146953,2.112675,-11.601185
1974-07-30,80.5,-8.06197,bottom,-12.073795,bottom,0.024837,-2.528598,-12.64227,-12.515488,2.670809,-11.875773
1974-07-31,79.309998,-9.32544,bottom,-13.434659,bottom,4.125065,-3.307138,-11.407029,-12.173101,4.211328,-10.780476
1974-08-01,78.75,-9.790421,bottom,-14.018421,bottom,3.518327,-3.16053,-11.792593,-11.607018,4.952383,-11.123812
1974-08-02,78.589996,-9.743061,bottom,-14.110727,bottom,2.847485,-3.786266,-8.549711,-11.446434,5.166059,-10.942867
1974-08-05,79.290001,-8.592966,bottom,-13.116635,bottom,0.578471,-6.137375,-11.721572,-8.498405,4.237609,-11.729099
1974-08-06,80.519997,-6.842174,bottom,-11.480815,bottom,-2.553436,-7.168438,-15.89019,-8.026006,2.645312,-14.691995
1974-08-07,82.650002,-4.076293,,-8.793274,bottom,-7.432203,-11.719336,-15.376759,-11.190199,-1.306717,-16.890501
1974-08-08,81.57,-5.214904,,-10.009752,bottom,-6.678857,-11.374555,-13.288363,-9.901943,-0.870417,-15.790116
1974-08-09,80.860001,-5.902969,,-10.779848,bottom,-6.633752,-12.232272,-14.823203,-10.116452,-1.372744,-15.050703
1974-08-12,79.75,-7.091314,bottom,-12.035351,bottom,-6.715846,-10.001082,-14.131804,-5.994303,-1.57994,-13.868335
1974-08-13,78.489998,-8.49446,bottom,-13.477523,bottom,-4.615002,-10.113672,-13.540775,-4.882199,-2.242317,-12.664027
1974-08-14,76.730003,-10.544974,bottom,-15.572077,bottom,-4.287133,-8.099891,-13.993796,-2.000862,-0.560407,-13.058783
1974-08-15,76.300003,-10.879755,bottom,-15.959823,bottom,-4.695698,-8.632063,-15.721356,-1.838554,-0.825694,-14.547845
1974-08-16,75.669998,-11.484888,bottom,-16.59948,bottom,-5.598521,-4.763445,-13.279533,-0.689562,-0.951502,-13.836397
1974-08-19,74.57,-12.699157,bottom,-17.859983,bottom,-3.285235,-5.584197,-10.139008,-1.214264,0.509585,-12.565379
1974-08-20,74.949997,-11.922201,bottom,-17.152675,bottom,-5.49867,-8.721752,-10.143961,-2.15787,-1.921274,-13.008673
1974-08-21,73.510002,-13.568436,bottom,-18.886194,bottom,-3.812758,-3.657423,-4.76414,-0.614049,-0.965854,-11.304591
1974-08-22,72.800003,-14.25967,bottom,-19.643185,bottom,-3.936365,-1.913808,-3.722276,-1.230061,-0.87912,-10.439568
1974-08-23,71.550003,-15.675879,bottom,-21.132458,bottom,0.835076,-2.590931,-3.022156,-3.238469,0.852551,-8.874921
1974-08-26,72.160004,-14.525387,bottom,-20.039786,bottom,-2.298962,-4.130723,-5.90842,-5.644141,-0.013861,-9.645242
1974-08-27,70.940002,-15.86714,bottom,-21.498894,bottom,-3.223082,-3.427103,-4.867039,-4.379843,1.705665,-8.091352
1974-08-28,70.760002,-15.731933,bottom,-21.496622,bottom,0.155335,-5.893905,-6.269365,-3.714263,1.964386,-7.857554
1974-08-29,69.989998,-16.416308,bottom,-22.315978,bottom,2.022557,-7.089292,-7.488854,-1.569614,3.08616,-7.21531
1974-08-30,72.150002,-12.975693,bottom,-19.018975,bottom,-3.426007,-8.516088,-12.707766,-4.710758,-1.011786,-11.933473
1974-09-03,70.519997,-14.812825,bottom,-21.024646,bottom,-1.831761,-4.554811,-10.65902,-1.500129,1.276236,-10.110604
1974-09-04,68.690002,-16.943371,bottom,-23.356988,bottom,-0.204021,-1.422209,-8.045529,1.80341,3.974371,-7.730385
1974-09-05,70.870003,-13.37953,bottom,-19.959384,bottom,-6.04924,-1.106717,-12.920692,-1.278066,0.776062,-12.12079
1974-09-06,71.419998,-12.18095,bottom,-18.929513,bottom,-9.111849,-1.808468,-13.597464,-4.745386,-1.792213,-12.797535
1974-09-09,69.720001,-14.121596,bottom,-21.072596,bottom,-5.090081,-0.431225,-7.086954,-3.726055,0.602407,-10.67126
1974-09-10,69.239998,-14.353502,bottom,-21.488795,bottom,-2.72305,-1.777697,-6.565606,-2.678527,1.299829,-10.051992
1974-09-11,68.550003,-14.905903,bottom,-22.210431,bottom,-1.218188,-1.439936,-1.070632,-3.594099,2.319469,-9.146614
1974-09-12,66.709999,-17.149307,bottom,-24.633334,bottom,4.942523,-0.37546,4.513589,-2.581372,5.141658,-6.640684
1974-09-13,65.199997,-18.94007,bottom,-26.605617,bottom,7.303381,-0.399562,8.719034,0.611625,9.110434,-4.478525
1974-09-16,66.260002,-16.862008,bottom,-24.682015,bottom,4.658855,-4.191679,9.330498,1.527657,9.779649,-6.006645
1974-09-17,67.379997,-14.758211,bottom,-22.71841,bottom,0.945353,-6.104209,5.850977,0.429473,7.954884,-7.56901
1974-09-18,67.720001,-13.827774,bottom,-21.947665,bottom,-0.221748,-6.62332,3.78169,-0.399504,7.412871,-8.033081
1974-09-19,70.089996,-9.982236,bottom,-18.271488,bottom,-5.317983,-11.813975,1.529128,-4.404323,3.780856,-11.142813
1974-09-20,70.139999,-9.534259,bottom,-17.971028,bottom,-7.702943,-11.788996,3.005421,-5.389299,3.70687,-11.20616
1974-09-23,69.419998,-10.200574,bottom,-18.765024,bottom,-8.850534,-6.655729,5.711042,-2.686288,5.877272,-10.28522
1974-09-24,68.019997,-11.847327,bottom,-20.540212,bottom,-7.049562,-4.787909,7.243691,-0.176567,8.056459,-8.438692
1974-09-25,67.57,-12.108717,bottom,-20.936649,bottom,-6.401572,0.369304,4.993821,0.118328,8.776085,-7.82892
1974-09-26,66.459999,-13.374486,bottom,-22.327095,bottom,-6.495992,4.88905,5.503294,0.674824,10.592839,-6.289498
1974-09-27,64.940002,-15.263601,bottom,-24.368662,bottom,-4.086053,9.118595,7.674429,1.558468,13.181394,-4.096094
1974-09-30,63.540001,-16.998754,bottom,-26.255289,bottom,2.194805,13.522177,9.811044,5.123028,15.675164,-1.983006
1974-10-01,63.389999,-16.842642,bottom,-26.1986,bottom,2.261653,11.955186,13.882187,6.193224,15.948889,-1.751066
1974-10-02,63.380001,-16.455481,bottom,-25.92321,bottom,6.770876,10.405011,15.909713,5.763161,17.245182,-1.735567
1974-10-03,62.279999,-17.810455,bottom,-27.371518,bottom,11.385042,13.343103,17.107252,7.543756,19.315991,0.096341
1974-10-04,62.34,-17.320354,bottom,-26.955987,bottom,13.204648,14.794417,16.983884,9.510596,19.201151,4.01026
1974-10-07,64.949997,-12.808876,bottom,-22.553847,bottom,11.327371,12.366771,11.793706,7.815792,14.411087,-0.169362
1974-10-08,64.839996,-12.549881,bottom,-22.416303,bottom,9.693533,12.0316,14.703107,8.666435,15.838996,4.595934
1974-10-09,67.82,-7.71599,bottom,-17.656165,bottom,3.634134,4.624517,9.729208,4.680817,10.749043,2.90475
1974-10-10,69.790001,-4.535675,,-14.549563,bottom,1.958061,0.614244,7.479344,1.747073,7.766153,0.429854
1974-10-11,71.139999,-2.330884,,-12.420042,bottom,1.589769,-1.444166,5.163768,-1.558324,5.721113,-1.475967
1974-10-14,72.739998,0.14078,,-10.014038,bottom,1.0394,-3.711133,3.259473,-2.182005,3.395658,-3.643115
1974-10-15,71.440002,-1.378332,,-11.629294,bottom,2.338067,1.927001,3.073767,1.624469,5.277151,-1.889706
1974-10-16,70.330002,-2.61423,,-12.988905,bottom,0.990383,5.504702,4.204401,2.776392,6.938713,-0.341256
1974-10-17,71.169998,-1.107379,,-11.605487,bottom,-1.343817,3.764149,2.620963,0.714042,5.676551,-1.517496
1974-10-18,72.279999,0.711572,,-9.869719,bottom,-3.033935,2.189467,-0.513206,-0.193878,4.053681,-3.029887
1974-10-23,71.029999,-0.423104,,-11.007172,bottom,4.514319,5.104691,-4.506625,0.070372,5.884838,-4.406585
1974-10-24,70.220001,-1.357401,,-11.934198,bottom,5.107966,6.8651,-2.948192,0.681234,7.106234,-3.303902
1974-10-25,70.120003,-1.297634,,-11.851692,bottom,5.223402,6.607934,-1.75519,2.284034,7.258979,-3.166003
1974-10-28,70.089996,-1.140807,,-11.66675,bottom,4.177468,6.970606,-1.814036,2.785779,7.304898,-3.124547
1974-11-05,75.110001,6.757691,top,-3.655353,,-1.935808,-9.650919,-10.816028,2.459198,0.133136,-10.571165
1974-11-07,75.209999,7.015695,top,-3.242627,,-2.90032,-9.813292,-14.574305,3.14121,-0.079773,-13.562022
1974-11-08,74.910004,6.649067,top,-3.502759,,-4.087205,-8.363124,-13.271177,5.252726,0.320382,-13.21586
1974-11-11,75.150002,6.981302,top,-3.054553,,-8.147427,-8.784641,-11.062314,4.43765,-1.969399,-13.493013
1974-11-18,69.269997,-1.020477,,-10.367117,bottom,-0.637214,-3.078517,-2.469976,15.656077,1.010545,-6.149841
1974-11-19,68.199997,-2.482854,,-11.716705,bottom,1.84505,-1.165109,-0.440846,17.81585,2.595314,-4.677412
1974-11-20,67.900002,-2.851205,,-11.926884,bottom,2.960171,-2.64136,-0.368868,17.554853,3.0486,-4.256258
1974-11-21,68.18,-2.378116,,-11.275864,bottom,2.591533,-4.761013,-1.880278,17.771531,2.625405,-4.649455
1974-11-22,68.900002,-1.301601,,-9.991317,bottom,-1.153215,-4.908053,-4.360772,17.662074,1.552975,-5.645863
1974-11-25,68.830002,-1.323946,,-9.839491,bottom,-2.441303,-2.277673,-2.87398,18.261209,1.656254,-5.549905
1974-11-26,69.470001,-0.373323,,-8.660392,bottom,-3.010159,-2.62521,-2.965667,15.897156,0.719735,-6.420036
1974-12-02,68.110001,-2.279645,,-9.870908,bottom,-3.754838,-2.452381,0.658518,17.048151,0.660691,-4.551459
1974-12-03,67.169998,-3.60837,,-10.981243,bottom,0.163631,0.608542,4.454893,19.447997,4.555613,-3.215715
1974-12-04,67.410004,-3.207889,,-10.358652,bottom,0.384949,0.724263,4.779356,20.840854,4.895409,-3.560305
1974-12-05,66.129997,-5.067025,,-12.0089,bottom,1.976408,2.272492,7.204284,23.394245,7.470139,-1.693626
1974-12-06,65.010002,-6.734421,bottom,-13.44353,bottom,3.119571,2.880735,8.842034,25.508449,9.321639,0.907547
1974-12-09,65.599998,-5.840554,,-12.279307,bottom,1.302458,0.547281,6.549085,24.354385,8.338417,0.548781
1974-12-10,67.279999,-3.336263,,-9.515142,bottom,0.444911,-0.596307,5.620836,22.55189,5.781807,-1.96195
1974-12-11,67.669998,-2.765218,,-8.714029,bottom,0.339313,-0.340457,7.045974,22.741989,7.300137,-2.526968
1974-12-12,67.449997,-3.084388,,-8.810957,bottom,0.296084,-0.460655,6.957586,22.370683,7.650117,-2.209041
1974-12-13,67.07,-3.576974,,-9.127755,bottom,-0.238836,0.134104,6.647493,22.018701,8.260028,-1.654988
1974-12-16,66.459999,-4.402361,,-9.801265,bottom,-0.755177,3.110899,8.200842,23.111649,9.253689,-0.752332
1974-12-23,65.959999,-5.147699,,-9.517925,bottom,3.866075,6.001804,8.399996,23.711465,10.08187,1.394782
1975-01-27,75.370003,7.222268,top,6.820544,,3.198911,3.890425,5.372494,13.333235,9.619212,0.875675
1975-01-28,76.029999,8.043516,top,7.770798,,2.056831,3.298925,5.551302,12.368433,8.667637,0.236749
1975-01-29,77.260002,9.568088,top,9.426709,,2.163832,3.384973,4.442918,11.435438,6.937614,-1.359051
1975-01-30,76.209999,8.125445,top,8.113467,,3.036996,6.107995,6.821398,12.352551,8.410975,1.010372
1975-01-31,76.980003,9.086398,top,9.151623,,2.120758,5.705733,7.565628,10.660677,7.859178,0.818391
1975-02-03,77.82,10.098912,top,10.244848,top,0.691514,3.918612,7.116644,11.495203,7.375993,-0.269852
1975-02-04,77.610001,9.771849,top,9.964192,top,1.242094,4.817029,7.792934,12.677622,8.104627,0.96637
1975-02-05,78.949997,11.388071,top,11.644602,top,1.221141,4.046224,5.830482,12.229054,6.269797,-0.747304
1975-02-06,78.559998,10.812227,top,11.115129,top,3.071,5.038918,7.051927,13.683555,7.306525,-0.254579
1975-02-07,78.629997,10.784117,top,11.156075,top,3.584975,3.511331,7.730954,11.982995,8.037645,-0.343376
1975-02-10,78.360001,10.321934,top,10.771711,top,3.227099,1.482069,7.377976,12.822126,8.409898,0.280757
1975-02-11,78.580002,10.472209,top,10.992042,top,3.574935,2.252377,6.180661,13.079153,8.106382,1.208955
1975-02-12,79.919998,11.974627,top,12.598685,top,2.825083,1.057946,4.669062,12.465516,6.293792,-0.487987
1975-02-13,81.010002,13.053686,top,13.841515,top,1.967918,0.713403,4.525113,11.199196,4.863591,-1.826939
1975-02-14,81.5,13.345427,top,14.334273,top,-0.073644,1.859895,5.386057,11.660991,5.533745,-2.417179
1975-02-18,80.93,12.339542,top,13.514609,top,-1.745029,3.198032,5.059488,13.113444,6.277032,-1.729892
1975-02-19,81.440002,12.659278,top,14.017003,top,-1.322558,2.975905,3.498962,11.548834,5.611493,-2.345289
1975-02-20,82.209999,13.291642,top,14.814286,top,-1.767137,1.784259,1.68862,9.529914,4.622312,-3.259944
1975-02-21,82.620003,13.470328,top,15.188772,top,-1.254515,2.013009,0.927658,9.142946,4.103122,-3.740019
1975-02-24,81.440002,11.7559,top,13.622121,top,1.933539,4.219623,-0.024566,10.072056,5.611493,-2.345289
1975-02-25,79.529999,9.162172,top,11.121866,top,4.943061,5.895907,3.131636,11.317598,8.147873,1.05621
1975-02-26,80.370003,9.974269,top,12.061345,top,4.298463,3.928285,3.928285,10.636781,7.017543,0.497691
1975-02-27,80.769997,10.181073,top,12.448486,top,3.551396,3.611117,3.74239,11.462789,6.487564,0.804756
1975-02-28,81.589996,10.862281,top,13.31999,top,3.267524,3.81171,2.146192,10.187363,5.417338,-0.208357
1975-03-03,83.029999,12.256757,top,14.908736,top,2.286084,3.526162,-0.470816,7.738026,3.589068,-1.939059
1975-03-04,83.559998,12.498335,top,15.370314,top,0.952846,1.861456,-1.361546,7.068287,2.93203,-2.561033
1975-03-05,83.900002,12.478381,top,15.576669,top,-0.370178,0.523057,-2.889989,8.288089,2.514899,-2.955904
1975-03-06,83.690002,11.821481,top,15.111682,top,0.059721,-0.095639,-3.415298,10.095363,2.772135,-3.357635
1975-03-07,84.300003,12.166962,top,15.629203,top,0.544186,-1.085351,-4.798983,9.703409,2.028469,-4.685652
1975-03-10,84.949997,12.549957,top,16.194433,top,1.240078,-4.244189,-4.773715,8.622631,1.247799,-5.414948
1975-03-11,84.360001,11.477592,top,15.305743,top,0.90861,-2.764271,-1.818237,9.416726,1.955905,-4.75344
1975-03-12,83.589996,10.195236,top,14.233499,top,0.893235,0,0.215106,10.106859,2.89509,-3.876059
1975-03-13,83.739998,9.993731,top,14.256588,top,-0.15536,0.131273,0.524063,8.54478,2.710777,-4.048244
1975-03-14,84.760002,10.827277,top,15.291399,top,-1.629537,-1.665517,0.986151,6.486292,1.474752,-5.20293
1975-03-17,86.010002,11.895221,top,16.549499,top,-5.484267,-3.996978,0.336604,5.143862,0.337171,-6.580634
1975-03-18,85.129997,10.486028,top,15.320532,top,-3.672881,-3.223002,1.712033,5.651872,1.726772,-5.614941
1975-03-19,84.339996,9.17545,top,14.184409,top,-0.893235,-3.413047,3.392136,7.071458,3.450325,-4.730849
1975-03-20,83.610001,7.924568,top,13.102743,top,0.286633,-3.31966,3.16665,8.973857,4.353545,-3.899058
1975-03-21,83.389999,7.305478,top,12.613982,top,-0.035981,-3.713632,4.501996,8.270507,4.628853,-3.645522
1975-03-24,81.419998,4.614595,,10.019043,top,1.48729,-0.529526,6.73211,10.451271,7.160405,-1.314173
1975-03-25,82.059998,5.078243,,10.590902,top,0.449879,0.946034,4.829105,11.455525,6.324644,-2.08384
1975-03-26,83.589996,6.575095,top,12.197926,top,-2.519811,0.215106,2.888846,10.247328,4.378519,-3.876059
1975-03-27,83.849998,6.560606,top,12.266522,top,-3.606293,0.39279,3.25013,11.02146,4.054862,-4.174121
1975-03-31,83.360001,5.696227,,11.473804,top,-3.677651,2.651668,3.38496,12.214546,4.666506,-3.610847
1975-04-01,82.639999,4.576564,,10.406948,top,-2.016815,4.333582,3.565864,13.537508,5.578413,-2.771056
1975-04-02,82.43,4.082579,,9.989161,top,0.496154,4.935035,5.740105,13.992541,5.908046,-2.523355
1975-04-09,82.839996,3.543243,,9.915736,top,4.438881,3.883071,7.262387,13.020627,8.739746,1.122646
1975-04-10,83.769997,4.407938,,10.892263,top,4.070265,2.673741,6.683386,11.031425,7.532536,0.48944
1975-04-11,84.18,4.646157,,11.248593,top,2.487227,2.85734,7.272391,10.38269,7.543358,1.686859
1975-04-14,85.599998,6.038308,,12.787429,top,1.886308,0.733292,5.687932,10.208418,5.852806,0.04673
1975-04-15,86.300003,6.535981,top,13.45627,top,0.911239,-0.767718,5.938329,9.404523,6.118191,-0.764778
1975-04-16,86.599998,6.563534,top,13.631431,top,-0.555809,0.80507,6.341923,8.899177,6.547342,-1.108544
1975-04-17,87.25,6.971766,top,14.191574,top,-1.396525,0.969495,4.657736,8.709736,5.753578,-1.845273
1975-04-18,86.300003,5.579206,,12.918839,top,0.370113,3.327561,4.674644,10.244779,6.917721,-0.764778
1975-04-21,87.230003,6.34198,,13.802556,top,-1.153016,3.214984,3.713293,8.121484,5.777821,-1.822772
1975-04-22,87.089996,5.894514,,13.485653,top,-1.678957,1.764119,3.364512,7.240879,5.947871,-1.664941
1975-04-23,86.120003,4.556503,,12.236384,top,1.360879,3.379316,3.356857,7.900598,7.141191,-0.557366
1975-04-24,86.040001,4.261016,,12.010771,top,2.36602,4.009645,3.81965,7.17475,7.240813,-0.464902
1975-04-25,86.620003,4.743837,,12.543573,top,2.957448,4.415051,4.470269,5.426157,6.522736,-1.131382
1975-04-28,86.230003,4.09062,,11.949,top,4.368,4.954641,4.656211,4.478949,7.004515,-0.684221
1975-04-29,85.639999,3.229828,,11.147814,top,3.443076,6.706047,4.642978,5.043469,7.741706,1.938351
1975-04-30,87.300003,4.959264,,12.93119,top,2.018437,5.536853,2.689728,2.253901,5.693005,0.916375
1975-05-01,88.099998,5.661238,,13.703461,top,1.643625,3.688241,3.4034,0.667466,4.733256,0.612941
1975-05-02,89.220001,6.719118,top,14.811617,top,1.457603,1.347083,3.696791,-1.161164,3.765972,-0.650081
1975-05-05,90.080002,7.448522,top,15.60933,top,0.58664,0.498309,3.071781,-1.397373,3.119447,-1.598582
1975-05-06,88.639999,5.637697,,13.83608,top,3.262971,1.600393,4.370591,0.124021,4.794675,0.473825
1975-05-07,89.080002,5.919834,,14.161562,top,3.518416,-0.022459,3.972576,-1.231172,4.277052,-0.022457
1975-05-08,89.559998,6.2395,,14.521272,top,2.044616,-0.189995,3.208368,-2.727797,3.71818,-0.558285
1975-05-09,90.529999,7.106812,top,15.398392,top,-0.11052,0.055218,0.748326,-4.866309,2.606871,-1.623772
1975-05-12,90.610001,7.005569,top,15.257848,top,-0.088331,-0.29843,-0.187791,-4.931453,2.516277,-1.710631
1975-05-13,91.580002,7.871735,top,16.072528,top,-1.662578,-2.063069,-1.131071,-5.938329,1.430441,-2.751697
1975-05-14,92.269997,8.399315,top,16.563055,top,-3.540875,-2.847124,-2.402084,-7.013924,0.671944,-3.47892
1975-05-15,91.410004,7.26723,top,15.379357,top,-2.234611,-0.28484,-0.978414,-5.46326,1.619074,-2.570841
1975-05-16,90.43,6.028303,,14.072826,top,0.165738,2.349708,1.132563,-3.728956,2.720335,-1.514987
1975-05-19,90.529999,5.984099,,13.953422,top,-0.210098,2.573472,0.055218,-5.168286,2.606871,-1.623772
1975-05-20,90.07,5.306151,,13.226228,top,-0.400491,2.770198,0.354649,-5.090188,3.130898,-1.121352
1975-05-21,89.059998,3.992683,,11.896831,top,0.693751,3.995035,3.269564,-3.078566,4.300474,0.370539
1975-05-22,89.389999,4.187015,,12.062225,top,1.949771,3.398363,3.538832,-3.633867,3.915427,0.324422
1975-05-23,90.580002,5.318934,,13.148638,top,2.18397,0.693107,3.301061,-6.417065,3.35615,-0.993598
1975-05-27,90.339996,4.883966,,12.640499,top,2.78357,0.110638,4.173376,-8.209257,4.261685,-0.730569
1975-05-28,89.709999,4.054838,,11.707544,top,3.170689,0.931998,5.328666,-7.689861,5.473196,-0.03344
1975-05-29,89.68,3.903058,,11.428469,top,3.301284,0.44504,5.562708,-6.210321,5.720336,0.446032
1975-05-30,91.150002,5.388928,,12.782404,top,1.448592,-0.693573,3.936835,-6.914966,4.015355,-1.173889
1975-06-02,92.580002,6.774186,top,14.059164,top,-1.490863,-1.217145,2.780176,-9.773267,2.819184,-2.700367
1975-06-03,92.889999,6.943127,top,14.128479,top,-2.672932,-2.518253,2.088069,-9.54932,2.47605,-3.025081
1975-06-04,92.599998,6.483421,top,13.558532,top,-2.238691,-2.415549,1.691872,-6.930143,2.796981,-2.721379
1975-06-05,92.690002,6.420727,top,13.395895,top,-2.856243,-0.725471,1.785664,-6.473279,2.697163,-2.815838
1975-06-06,92.480003,6.023602,,12.908221,top,-2.142166,0.140469,1.139672,-7.870997,2.930362,-2.595157
1975-06-09,91.209999,4.497931,,11.272001,top,0.273718,2.607954,2.361974,-5.846847,4.36356,-1.238896
1975-06-10,90.440002,3.54164,,10.190709,top,0.154678,4.062737,4.708277,-4.801653,5.252101,-0.398055
1975-06-11,90.550003,3.576551,,10.081438,top,-0.176858,4.396668,4.597265,-5.598329,5.12424,-0.519052
1975-06-16,91.459999,4.215086,,10.355806,top,2.334236,3.997321,4.437572,-8.758803,4.537504,-1.16991
1975-06-19,92.019997,4.33026,,10.245973,top,2.986895,2.511135,1.274178,-10.461216,3.90133,0.641169
1975-06-20,92.610001,4.798928,,10.630079,top,2.347773,0.999203,-0.183732,-12.058097,3.239391,-0.183564
1975-06-23,93.620003,5.699321,,11.464297,top,1.663085,-0.24598,-2.345172,-12.802274,2.125612,-2.317887
1975-06-24,94.190002,6.102418,,11.8324,top,0.698264,0.64554,-4.350637,-11.378324,1.507589,-4.257354
1975-06-25,94.620003,6.332835,,12.050057,top,-0.466105,0.200596,-4.928176,-9.691796,1.046288,-4.808712
1975-06-26,94.809998,6.30138,,12.015074,top,-0.47576,-0.15833,-5.998535,-10.840042,0.843796,-5.822167
1975-06-27,94.809998,6.052682,,11.779554,top,-1.34857,0.400006,-6.672769,-10.992971,0.843796,-6.45501
1975-06-30,95.190002,6.185792,,11.931177,top,-1.909065,0.44025,-7.638131,-10.455548,0.441221,-7.353713
1975-07-01,94.849998,5.558253,,11.34005,top,-0.052724,-0.25335,-6.557223,-10.214422,0.801267,-7.021609
1975-07-02,94.18,4.604653,,10.419126,top,0.666702,-0.585703,-5.938442,-8.865366,1.518369,-6.360159
1975-07-03,94.360001,4.58235,,10.393771,top,0.31743,-1.236957,-6.989411,-10.411314,1.324714,-6.750745
1975-07-09,94.800003,4.527843,,10.215717,top,-0.200626,-4.996177,-9.451939,-12.30978,0.854428,-9.040084
1975-07-10,94.809998,4.381965,,9.994327,top,-1.252405,-5.128772,-9.404523,-9.810917,0.843796,-9.049672
1975-07-14,95.190002,4.488538,,9.928498,top,-2.931511,-7.072775,-9.51526,-9.261402,0.441221,-9.633371
1975-07-15,95.610001,4.758443,,10.138234,top,-4.448508,-8.078382,-9.299091,-8.362263,-1.045916,-10.030336
1975-08-05,86.230003,-6.172955,bottom,-2.054683,,1.026833,-1.495537,-0.232213,3.599063,1.032123,-3.664622
1975-08-08,86.019997,-6.127638,bottom,-2.441663,,0.394482,-2.043521,-0.151239,2.377919,1.27878,-3.429432
1975-08-14,85.599998,-6.303149,bottom,-3.096707,,-3.000164,0.930243,-2.723668,4.265213,1.495326,-2.955606
1975-08-19,84.949997,-6.854575,bottom,-4.017768,,-1.172233,1.263325,-3.084149,7.088246,2.271925,-3.366687
1975-08-20,83.220001,-8.781564,bottom,-6.090636,,1.443507,3.518242,1.004308,8.981126,4.397976,-1.357853
1975-08-21,83.07,-8.840098,bottom,-6.271423,,3.930407,3.023531,3.326732,9.084617,4.58649,-1.179732
1975-08-22,84.279999,-7.294778,bottom,-4.832111,,3.038325,1.892283,0.932987,8.175713,3.084953,-2.598484
1975-08-25,85.059998,-6.261527,bottom,-3.92181,,0.492561,-0.542261,-0.141171,6.750265,2.139666,-3.491654
1975-08-26,83.959999,-7.404389,bottom,-5.225992,,2.435557,-0.20268,2.097895,6.924698,3.477844,-2.227254
1975-08-27,84.43,-6.690085,bottom,-4.668985,,2.074735,-1.167518,1.422966,5.987885,2.901809,-2.771531
1975-09-10,83.790001,-6.502324,bottom,-5.527815,,-1.709235,2.300576,4.834111,4.720326,4.95286,-2.028887
1975-09-11,83.449997,-6.775947,bottom,-5.934987,,0.728319,2.590484,5.728496,3.958939,5.895753,-1.629719
1975-09-12,83.300003,-6.823438,bottom,-6.13258,,3.050236,3.41056,5.727174,4.42638,6.086434,-1.452589
1975-09-15,82.879997,-7.157965,bottom,-6.645779,,2.60807,2.561038,7.639784,5.195675,7.939192,-0.953186
1975-09-16,82.089996,-7.918592,bottom,-7.589424,,3.412899,2.145185,8.396132,7.042935,8.977955,0.341097
1975-09-17,82.370003,-7.366833,bottom,-7.23498,,4.009811,0.677556,7.999602,6.384021,8.607498,0.679856
1976-01-12,96.330002,6.837022,top,9.055759,,2.044765,3.418524,3.358316,7.043823,5.79259,-0.788957
1976-01-14,97.129997,7.396355,top,9.764962,top,1.136318,1.43108,3.67904,4.183869,4.921246,-0.535362
1976-01-15,96.610001,6.734179,top,9.158941,,1.469331,3.558733,3.69848,3.79818,5.485978,0.403684
1976-01-16,97,7.018283,top,9.483289,,2.252783,3.902244,2.715373,3.245718,5.061859,1.072166
1976-01-19,98.32,8.229767,top,10.739298,top,1.37376,2.560512,0.739734,2.738801,3.651347,-0.284783
1976-01-20,98.860001,8.63734,top,11.192419,top,0.212195,2.31964,0.996433,1.456065,3.085174,-0.829455
1976-01-21,98.239998,7.853759,top,10.473863,top,0.294762,3.667666,3.17583,2.443438,3.735755,-0.20358
1976-01-22,98.040001,7.497587,top,10.175456,top,2.089402,2.368703,4.057714,3.409195,4.141164,0.499794
1976-01-23,99.209999,8.524624,top,11.248355,top,1.649462,0.251674,2.390316,3.622728,2.913012,-0.685415
1976-01-26,99.68,8.809178,top,11.594634,top,1.186753,-0.060208,2.330182,3.586591,2.427767,-1.153693
1976-01-27,99.07,8.017281,top,10.860516,top,2.107444,1.403252,2.610233,3.870816,3.058442,-0.54507
1976-01-28,98.529999,7.297891,top,10.199345,top,3.372905,2.24796,1.590853,3.745087,3.623262,0.527762
1976-01-29,100.110001,8.670268,top,11.658321,top,0.279301,0.139748,-0.400362,2.291005,1.987811,-1.058833
1976-01-30,100.860001,9.192673,top,12.270946,top,-1.397788,-1.186871,-0.836329,0.98659,1.229425,-1.794564
1976-02-02,100.870003,8.990499,top,12.152506,top,-1.246961,-1.820778,-0.287914,1.24139,1.219387,-1.804302
1976-02-03,101.18,9.087334,top,12.317565,top,-0.704192,-1.323207,-1.193091,0.934537,0.909269,-2.105156
1976-02-04,101.910004,9.579556,top,12.88464,top,-1.124945,-0.491837,-2.977868,-0.265295,0.186434,-2.933967
1976-02-05,100.389999,7.87812,top,11.251472,top,-0.139553,1.689012,-1.283224,0.526551,1.703356,-1.46429
1976-02-06,99.459999,6.7753,top,10.197664,top,0.210917,2.138642,0.731286,1.990908,2.654333,-0.542933
1976-02-09,99.620003,6.784992,top,10.22239,top,-0.573817,2.39039,0.959047,1.256869,2.489456,-0.702675
1976-02-10,100.470001,7.465914,top,10.912309,top,-0.619014,1.206981,0.466712,0.684427,1.622372,-1.542752
1976-02-11,100.769997,7.589043,top,11.046853,top,0.633108,-0.657107,1.105314,1.095496,1.319839,-1.835862
1976-02-12,100.25,6.914963,top,10.382111,top,1.828564,-0.54011,0.606636,2.803231,1.845385,-1.326685
1976-02-13,99.669998,6.180388,,9.667233,top,1.927725,0.350542,0.13035,3.237869,2.438046,-0.752483
1976-02-19,101.410004,7.358349,top,10.979594,top,-1.290215,-2.486032,-0.951168,-0.069058,0.680401,-2.455384
1976-02-20,102.099998,7.817332,top,11.518203,top,-2.368675,-2.972236,-1.499926,-0.994154,-0.06856,-3.114594
1976-02-23,101.610001,7.144044,top,10.889514,top,-1.577183,-1.407355,-0.889687,-0.345047,0.413343,-2.64738
1976-02-24,102.029999,7.361351,top,11.155795,top,-1.431343,-1.431343,0.205609,-0.836576,0.205821,-3.048124
1976-02-25,101.690002,6.84399,top,10.680661,top,-1.695879,-0.740269,1.686936,0.304382,1.701245,-2.723969
1978-04-24,95.769997,6.588939,top,4.761248,,1.964498,0.437598,3.407904,2.42418,3.999167,0.093979
1978-04-25,96.639999,7.343559,top,5.617312,,0.629225,-0.768673,1.448486,1.428081,3.062913,-0.807118
1978-04-26,96.82,7.39091,top,5.747682,,-0.58007,-0.933909,0.268182,0.955962,2.871306,-0.99153
1978-04-28,96.830002,7.151151,top,5.663704,,-0.310305,1.272462,-0.258518,1.649037,2.86068,-0.960446
1978-05-01,97.669998,7.875602,top,6.478471,,-1.5269,1.109826,-0.832779,1.433319,1.976042,-1.812221
1978-05-02,97.25,7.303887,top,6.003932,,-1.397898,2.136397,-0.010286,2.32746,2.416451,-1.388173
1978-05-11,97.199997,6.444705,top,5.876097,,1.450343,-0.412365,2.769926,6.328394,3.209879,-0.637855
1978-05-12,98.07,7.166947,top,6.74227,,0.050974,-1.530981,1.497855,5.880556,2.29428,-1.519321
1978-05-15,98.760002,7.673266,top,7.411487,,0.333581,-1.942604,0.816823,5.649439,1.579584,-2.207372
1978-05-16,99.349998,8.061561,top,7.977495,,-1.317137,-2.146683,0.13077,4.246739,0.976347,-2.788119
1978-05-17,99.599998,8.094728,top,8.200566,,-2.562675,-2.284943,-1.273132,4.284405,0.722893,-3.032125
1978-05-18,98.620003,6.905447,top,7.194235,,-1.862708,-0.487908,-1.22426,5.28283,1.723785,-2.068547
1978-05-22,99.089996,6.999892,top,7.60958,,-2.276185,1.233658,-2.638184,5.459297,1.241299,-2.603688
1978-06-06,100.32,6.396452,top,8.476383,,-0.750416,-3.871842,-6.22021,3.120654,-0.10965,-6.030705
1978-08-09,104.5,6.203321,,9.699669,top,0.143439,0.39158,0.876528,-8.890965,0.880381,-1.157894
1978-09-11,106.980003,6.374702,top,8.953929,,-3.587619,-4.904261,-2.259402,-9.34051,0.009342,-4.972892
1978-10-26,96.029999,-7.229888,bottom,-4.491899,,-0.438321,-1.690773,-0.250232,4.649161,0.8539,-3.686349
1978-10-27,94.589996,-8.59666,bottom,-5.99192,,1.666972,0.190114,1.469227,5.721722,2.389261,-2.220106
1978-10-30,95.059998,-7.957652,bottom,-5.489132,,0.136667,-2.051191,0.094636,6.249172,1.883022,-2.703555
1978-10-31,93.150002,-9.81883,bottom,-7.485232,,0.748663,-0.711061,0.642055,8.938821,3.972085,-0.708539
1978-11-02,95.610001,-6.951545,bottom,-4.842319,,-1.252453,-2.007253,0.698318,5.533805,0.700762,-3.26326
1978-11-03,96.18,-6.235435,bottom,-4.22159,,-1.476857,-1.846854,-0.031195,3.82485,0.10397,-3.836559
1978-11-06,95.190002,-7.1272,bottom,-5.219605,,-2.187858,0.063009,2.336191,4.889518,2.363694,-2.836437
1978-11-07,93.849998,-8.37978,bottom,-6.59768,,-1.459724,1.228442,3.805204,5.84599,3.878529,-1.449122
1978-11-08,94.449997,-7.588866,bottom,-5.929887,,-1.859423,1.084627,2.746484,3.781483,3.218635,-2.075171
1978-11-09,94.419998,-7.453166,bottom,-5.922815,,-0.7548,1.440541,2.313633,3.772469,3.25143,-2.044059
1978-11-10,94.769997,-6.914109,bottom,-5.52553,,-0.369997,1.279113,2.439149,2.490627,2.870108,-2.405823
1978-11-13,93.129997,-8.469206,bottom,-7.238312,,2.250868,2.145827,3.647884,4.739334,4.681629,-0.687211
1978-11-14,92.489998,-8.971164,bottom,-7.892015,,2.688166,1.353116,3.787246,5.653959,5.40599,0.237865
1978-11-15,92.709999,-8.542303,bottom,-7.622205,,2.94405,2.123764,3.528845,5.752985,5.155861,1.078632
1978-11-16,93.709999,-7.284416,bottom,-6.523108,,2.195341,2.70557,1.713968,5.420764,4.03372,0.042686
1978-11-17,94.419998,-6.353188,bottom,-5.744812,,1.64911,1.815659,-1.043335,4.605299,3.25143,-1.037911
1979-10-22,100.709999,-6.305421,bottom,-3.476657,,0,1.096145,3.435494,9.457872,3.495188,-0.834074
1979-10-23,100.279999,-6.6887,bottom,-3.892311,,2.355368,0.913247,3.343944,10.219437,3.938975,-0.408851
1979-10-24,100.440002,-6.47687,bottom,-3.730883,,1.364599,-0.569119,3.377208,10.983076,3.773398,-0.567503
1979-10-25,100,-6.851031,bottom,-4.177753,,2.53753,0.299554,4.564234,10.894411,4.669998,-0.129997
1979-10-26,100.57,-6.227697,bottom,-3.620561,,1.910638,0.930334,6.010396,12.042008,6.194694,-0.69603
1979-11-07,99.870003,-6.40111,bottom,-4.496118,,3.463887,3.946327,7.826186,13.556946,8.14058,0.43056
1980-01-28,114.849998,6.953253,top,7.06984,,-0.418809,1.957216,-0.760389,-10.183551,3.12582,-1.323462
1980-01-30,115.199997,6.881925,top,7.235601,,0.450377,2.77368,-2.505074,-9.118669,2.812505,-2.473957
1980-02-01,115.120003,6.406302,top,7.045984,,2.428569,0.251595,-2.302186,-8.385761,2.883947,-2.406189
1980-02-07,116.279999,6.550676,top,7.824591,,0.377685,-1.072116,-8.410723,-8.89835,1.857588,-8.066733
1980-02-08,117.949997,7.747204,top,9.179909,,-2.176974,-3.995685,-10.202188,-10.446597,0.415435,-9.699021
1980-02-11,117.120003,6.831616,top,8.410177,,-2.175128,-2.717605,-8.310697,-8.868941,1.127049,-9.059085
1980-02-12,117.900002,7.285803,top,9.005016,,-1.220308,-4.795086,-9.822365,-10.517209,0.458016,-9.660729
1980-02-13,118.440002,7.520273,top,9.386143,,-2.704258,-5.278754,-11.455875,-12.311639,-1.452213,-10.824045
1980-03-17,102.260002,-8.61083,bottom,-5.747426,,-2.957448,-0.166387,0.361165,12.624395,2.004689,-3.950715
1980-03-18,104.099998,-6.765268,bottom,-3.918994,,-4.831473,-1.861599,-2.489914,10.409169,0.201728,-5.648412
1980-03-19,104.309998,-6.514653,bottom,-3.672043,,-5.548492,-1.574985,-3.175174,10.458368,-0.220493,-5.838363
1980-03-20,103.120003,-7.594047,bottom,-4.771669,,-4.868351,-0.945105,-2.523824,11.847234,0.930953,-4.751747
1980-03-21,102.309998,-8.300669,bottom,-5.512102,,-1.606022,-2.093899,-2.483918,12.584137,1.73004,-3.997651
1980-03-24,99.279999,-11.176774,bottom,-8.438924,bottom,2.791061,1.91546,4.095093,15.788495,4.834814,-1.067685
1980-03-25,99.190002,-11.137524,bottom,-8.449351,bottom,2.969874,3.875916,4.475417,14.493403,4.929932,-0.977922
1980-03-26,98.68,-11.513725,bottom,-8.876094,bottom,3.973506,5.327756,5.63474,14.484231,5.796515,-0.466152
1980-03-27,98.220001,-11.867405,bottom,-9.242441,bottom,3.923246,5.515976,6.827316,15.34523,7.065773,1.608636
1980-03-28,100.68,-9.325235,bottom,-6.697521,,-0.487877,2.122717,4.808991,13.42016,4.926499,-0.874054
1980-03-31,102.089996,-7.86765,bottom,-5.271614,,-0.875601,0.527552,3.626273,13.392317,3.692824,-2.243112
1980-04-01,102.18,-7.709635,bottom,-5.159329,,0.906042,-0.628315,3.943525,12.849084,4.022314,-2.32922
1980-04-02,102.68,-7.126769,bottom,-4.652831,,1.354249,-1.600188,2.671437,12.197283,3.515778,-2.804828
1980-04-03,102.150002,-7.539923,bottom,-5.152204,,1.59273,-1.578719,3.302664,11.185914,4.052863,-2.300537
1980-04-07,100.190002,-9.330438,bottom,-7.065032,,2.610594,-0.390019,5.994916,13.725484,6.178256,-0.38926
1980-04-08,101.199997,-8.195183,bottom,-6.046576,,1.403153,2.179633,4.869608,13.372903,5.118578,-1.383393
1980-04-09,103.110001,-6.215047,bottom,-4.17464,,-1.534357,0.599502,3.871328,13.030146,3.94724,-3.210162
1980-04-14,102.839996,-6.139769,bottom,-4.473967,,-3.000613,2.686273,1.868856,13.73408,4.220152,-2.956042
1980-04-15,102.629997,-6.215459,bottom,-4.696583,,0.77648,3.098721,3.513505,13.061621,4.433405,-2.757473
1980-04-16,101.540001,-7.121917,bottom,-5.772849,,2.133858,4.57184,5.097315,14.887492,5.554461,-1.713608
1980-04-17,101.050003,-7.445637,bottom,-6.264717,,3.261422,4.271625,5.711988,17.195962,6.066301,-1.237011
1980-04-18,100.550003,-7.744128,bottom,-6.760595,,4.482789,4.881383,6.543936,17.098621,6.7628,-0.745898
1980-04-21,99.800003,-8.279364,bottom,-7.502239,,5.686887,6.384935,7.590276,18.123541,7.885766,3.637272
1980-05-28,112.059998,6.693612,top,3.518322,,0.489611,3.472814,4.074349,11.295256,4.15849,-1.597359
1980-06-04,112.610001,7.033532,top,3.875609,,2.983203,3.189855,2.689723,8.074606,3.649765,0.150962
1980-06-05,112.779999,7.105017,top,3.987156,,2.400464,1.653225,4.065883,8.169193,4.149672,0.372405
1980-06-06,113.199997,7.376348,top,4.325963,,2.279476,0.756847,4.398311,8.902643,4.49647,0.450532
1980-06-09,113.709999,7.697721,top,4.74182,,2.071438,0.701083,3.56764,10.358252,4.027792,0.307799
1980-06-10,114.660004,8.383709,top,5.52495,,1.187751,0.417751,2.854389,8.969683,3.165879,-0.523292
1980-06-11,116.019997,9.345572,top,6.644035,,0.206652,0.601535,0.798391,7.359069,1.956563,-1.689363
1980-06-12,115.519997,8.73372,top,6.156431,,-0.747239,0.578316,1.988409,6.525784,2.397857,-1.26385
1980-06-13,115.809998,8.80355,top,6.344113,,-1.522629,0.163929,3.562419,6.889502,3.626634,-1.511096
1980-06-16,116.089996,8.841406,top,6.520984,,-1.370355,-1.606424,2.727563,7.242684,3.376696,-1.748642
1980-06-17,116.029999,8.57476,top,6.406097,,-0.769999,-0.952552,3.055486,7.973111,3.43015,-1.697838
1980-06-18,116.260002,8.507405,top,6.540594,,0.394883,-0.500132,4.359125,7.679536,4.455531,-1.892314
1980-06-19,114.660004,6.880447,top,5.102636,,1.325554,2.412658,6.237761,9.168815,6.436418,-0.523292
1980-06-24,115.139999,6.582473,top,5.330965,,-0.182552,2.436637,5.729834,10.900157,6.400906,-0.781658
1980-06-25,116.720001,7.719463,top,6.616044,,-0.895015,0.196855,4.252034,10.19706,4.96059,-2.124746
1980-06-26,116.190002,7.048479,top,6.089408,,1.087104,1.410094,3.87439,11.53798,5.439366,-1.678289
1980-06-27,116,6.680008,top,5.872023,,1.954905,3.39849,4.574778,10.954995,5.612071,-1.517243
1980-07-03,117.459999,7.079449,top,6.947186,,0.32299,3.825103,3.142673,5.046716,4.299339,-0.434192
1980-07-07,118.290001,7.567402,top,7.596965,,1.443585,3.505343,2.248603,5.884773,3.567505,-1.132813
1980-07-08,117.839996,6.972958,top,7.164218,,1.231361,3.624949,2.431171,7.588242,3.963006,-0.755261
1980-07-09,117.980003,6.862366,top,7.227668,,1.388848,3.293197,2.981058,8.221797,3.839633,-0.873035
1980-07-14,120.010002,7.821007,top,8.781013,,2.061759,1.176288,3.897709,8.762223,3.974666,-0.591617
1980-07-15,119.300003,6.946451,top,8.143224,,2.393588,2.565303,3.694523,9.850548,4.593458,0.276609
1980-07-16,119.629997,6.926157,top,8.374524,,1.904349,2.150092,3.005456,9.109895,4.304942,0.927861
1980-07-17,121.440002,8.159282,top,9.816905,top,0.287792,0.189211,3.089141,7.034235,3.13735,-0.57642
1980-07-18,122.040001,8.379853,top,10.255345,top,-1.037817,-0.68243,2.970835,7.868029,3.015405,-1.065227
1980-07-21,122.510002,8.495653,top,10.575891,top,-0.885471,-1.256741,0.715739,7.476078,2.620193,-1.444783
1980-07-22,122.190002,7.982201,top,10.26151,top,0.171715,-1.193777,0.334978,9.002123,2.888942,-1.18668
1980-07-23,121.93,7.52882,top,9.989797,top,0.245743,-0.312139,1.497787,8.10201,3.108342,-0.975972
1980-07-24,121.790001,7.179436,top,9.824549,top,-0.098581,1.232218,2.968872,7.686071,3.226866,-0.862142
1980-07-28,121.43,6.436542,top,9.429077,,-0.37127,2.721421,3.025498,8.225107,3.779953,-0.568231
1980-07-29,122.400002,6.986278,top,10.174356,top,-1.365493,1.129221,1.973851,7.490128,2.957512,-1.356212
1980-07-30,122.230003,6.616122,top,9.990534,top,-0.557882,0.855364,1.049852,5.800796,3.100706,-1.219018
1980-08-07,123.300003,6.126303,,10.667106,top,1.569131,1.736654,1.273282,3.326062,2.287104,-0.989458
1980-08-08,123.610001,6.136834,,10.850481,top,1.692577,1.930915,-0.242996,4.299093,2.030582,-1.237763
1980-08-11,124.779999,6.824182,top,11.730129,top,-1.120211,0.304077,-0.570626,5.116108,1.073893,-2.163806
1980-08-12,123.790001,5.792805,,10.869684,top,-0.965958,0.84463,0.820597,4.052793,1.882221,-1.381371
1980-08-13,123.279999,5.157509,,10.395023,top,0.39668,0.194488,1.91217,4.674854,2.303702,-0.973391
1980-08-14,125.25,6.492218,top,11.891017,top,0.167524,-2.563516,0.23127,3.321466,0.694613,-2.530937
1980-08-15,125.720001,6.611505,top,12.17763,top,0.238338,-2.692629,-0.039781,4.312283,0.318169,-2.895322
1980-08-18,123.389999,4.537332,,10.224518,top,1.424288,0.283251,2.678766,8.688303,2.714968,-1.061672
1980-08-20,123.769997,4.501244,,10.379817,top,-0.202192,1.324311,3.672537,10.26502,4.120545,-1.365432
1980-08-21,125.459999,5.668872,,11.639261,top,-2.731039,-0.463372,2.976154,9.345347,3.020884,-2.694084
1980-08-22,126.019997,5.893045,,11.985874,top,-2.930966,-2.173911,3.4166,10.305665,3.475637,-3.126484
1980-08-25,125.160004,5.013198,,11.196573,top,-1.141038,-0.874703,3.354719,10.531253,4.186633,-2.460852
1980-08-26,124.839996,4.560253,,10.820074,top,1.020097,-0.024033,4.334364,11.746256,4.453699,-2.210826
1980-09-03,126.120003,4.814339,,11.21614,top,-1.04413,2.157025,0.797631,10.8116,3.393586,-2.228041
1980-09-04,125.419998,4.108668,,10.511912,top,0.191179,2.348225,2.106502,8.984456,3.970655,-1.682348
1980-09-05,124.879997,3.554584,,9.913613,top,0.527119,3.439526,3.501404,9.240868,4.420241,-1.257207
1980-09-11,125.660004,3.702654,,9.919154,top,2.157047,2.405964,4.192269,3.863591,4.830489,-1.687094
1980-09-16,126.739998,4.105679,,10.18497,top,2.100241,-1.015075,4.081573,0.488,4.1739,-2.524852
1980-09-17,128.869995,5.575758,,11.628721,top,1.157242,-1.359394,3.679435,0.278962,3.747965,-4.135947
1980-09-18,128.399994,5.029222,,11.062192,top,0.248917,-0.241723,2.931687,0.814434,4.127728,-3.785041
1980-09-19,129.25,5.518153,,11.525312,top,-2.269269,0.061878,1.741045,1.039075,3.442938,-4.417794
1980-09-22,130.399994,6.210518,,12.207155,top,-5.404161,1.014774,1.680589,1.891511,2.530677,-5.260731
1980-09-23,129.429993,5.281388,,11.267552,top,-3.115316,1.205719,1.84489,2.720899,3.299084,-4.550716
1980-09-24,130.369995,5.786296,,11.788032,top,-2.516636,0.977032,1.181914,2.522194,2.55427,-5.238931
1980-09-25,128.720001,4.325974,,10.30936,top,-0.49064,1.786306,0.627299,5.339641,3.868859,-4.024239
1980-10-03,129.330002,4.048486,,9.76638,top,0.739539,1.679167,-1.448624,4.852129,3.378949,-2.350577
1980-10-06,131.729996,5.70097,,11.390829,top,0.227482,0.665815,-2.063196,3.43974,1.495484,-4.129655
1980-10-07,131,4.998172,,10.623028,top,0.775614,0.639172,0.251593,5.183896,2.061066,-3.595419
1980-10-08,131.649994,5.328082,,10.898211,top,1.545162,0.204882,-2.103232,4.7976,1.557162,-4.071396
1980-10-09,131.039993,4.711418,,10.213511,top,0.896464,-1.159006,-1.429584,3.036464,2.029917,-3.624842
1980-10-13,132.029999,5.21321,,10.578419,top,0.438333,-3.193686,-0.584911,1.092246,1.264863,-4.347495
1980-10-14,132.020004,5.079247,,10.377255,top,-0.136442,-3.053262,1.927963,1.129785,1.946669,-4.340254
1980-10-15,133.699997,6.190987,,11.442106,top,-1.34028,-4.427154,2.065293,-0.307131,2.086768,-5.542256
1980-10-16,132.220001,4.941491,,10.143401,top,-2.055471,-4.588635,3.660796,0.940953,3.728629,-4.48495
1980-10-20,132.610001,4.95089,,10.076,top,-3.632019,-2.729011,5.208475,1.615716,5.346502,-4.765855
1980-11-13,136.490005,6.222314,,10.255531,top,2.824406,2.909847,-5.465766,-5.458021,2.952596,-6.689138
1980-11-14,137.149994,6.530972,top,10.563866,top,1.418982,0.043747,-5.778049,-6.717162,2.457171,-7.138165
1980-11-17,137.75,6.808197,top,10.827058,top,0.405708,-0.567852,-5.330118,-7.748093,2.010892,-7.542649
1980-11-18,139.699997,8.036855,top,12.034535,top,-0.265201,-2.16353,-4.997553,-9.546762,0.586977,-8.833212
1980-11-19,139.059998,7.39813,top,11.38836,top,0.795048,-1.872742,-4.455635,-8.436071,1.049911,-8.413632
1980-11-20,140.399994,8.156518,top,12.148509,top,0.085441,-4.64318,-4.889699,-8.872223,0.085477,-9.287745
1980-11-21,139.110001,7.03288,top,11.033966,top,-1.375234,-6.30492,-2.422907,-9.415349,1.013589,-8.446553
1980-11-24,138.309998,6.247732,,10.285452,top,-0.973559,-5.82776,-2.200297,-8.862299,1.597865,-7.916996
1980-11-25,139.330002,6.765319,top,10.843084,top,-1.898329,-8.278582,-2.507305,-8.990604,0.854089,-8.591115
1980-11-26,140.169998,7.156321,top,11.264536,top,-2.667791,-9.583823,-2.60186,-9.560272,0.249701,-9.138901
1980-11-28,140.520004,7.221957,top,11.33569,top,-4.728621,-8.375613,-3.985289,-8.926529,-2.355535,-9.365217
1981-09-03,121.239998,-6.815086,bottom,-8.140971,,0.304717,-4.194295,-1.562789,4.128379,0.305182,-6.986144
1981-09-04,120.07,-7.608977,bottom,-9.022891,bottom,0.49018,-2.385181,-0.467484,4.900033,1.282586,-6.079789
1981-09-08,117.980003,-9.165236,bottom,-10.675826,bottom,1.505806,-1.108,1.188029,5.531553,3.07679,-4.416008
1981-09-09,118.400002,-8.613635,bottom,-10.224819,bottom,0.396175,-2.350033,2.42805,5.520456,2.711148,-4.755072
1981-09-10,120.139999,-6.999509,bottom,-8.677303,bottom,-2.520255,-4.363862,1.790106,4.968557,1.806225,-6.134512
1981-09-14,120.660004,-6.273687,bottom,-8.066598,,-2.875361,-4.344648,0.454787,3.389599,1.367474,-6.539041
1981-09-15,119.769997,-6.851743,bottom,-8.696409,bottom,-2.613806,-3.250037,0.839749,4.65732,2.120732,-5.844536
1981-09-16,118.870003,-7.435909,bottom,-9.339638,bottom,-2.746208,-2.288977,-0.058905,5.594718,2.893913,-5.131661
1981-09-17,117.150002,-8.682355,bottom,-10.685363,bottom,-1.843608,-0.05977,2.161697,6.42984,4.404606,-3.738801
1981-09-18,116.260002,-9.23082,bottom,-11.332713,bottom,-3.047876,2.631506,2.48898,5.456505,5.203849,-3.001897
1981-09-21,117.239998,-8.187685,bottom,-10.373178,bottom,-1.469287,1.917697,1.473234,4.787994,4.324462,-3.812693
1981-09-22,116.68,-8.458263,bottom,-10.724445,bottom,-0.636231,2.296029,3.03872,4.802259,4.82516,-3.351049
1981-09-23,115.650002,-9.131551,bottom,-11.478418,bottom,0.457231,4.778083,3.775631,6.259111,5.758751,-2.490277
1981-09-24,115.010002,-9.473165,bottom,-11.901693,bottom,1.783838,6.153969,3.946813,7.526247,6.34727,-1.947661
1981-09-25,112.769997,-11.215703,bottom,-13.732362,bottom,5.679383,7.415231,5.040616,8.959442,8.459698,2.447461
1981-09-28,115.529999,-8.624361,bottom,-11.195907,bottom,3.386984,4.799435,2.250944,6.167802,5.868605,0.354889
1981-09-29,115.940002,-8.118718,bottom,-10.723105,bottom,2.93226,4.089786,2.848467,5.348595,5.494217,0.207002
1981-09-30,116.18,-7.751956,bottom,-10.39686,bottom,4.320852,2.230072,2.775713,5.32968,5.276293,0.774661
1981-10-01,117.080002,-6.830951,bottom,-9.512444,bottom,4.370131,2.221467,1.677007,4.337421,4.467027,0.922448
1982-01-13,114.879997,-6.091408,bottom,-6.75704,,0.338909,0.74582,-0.191682,1.159688,4.805018,-1.044566
1982-02-22,111.589996,-6.828969,bottom,-7.062424,,1.5296,-3.883007,1.051891,3.737849,1.684743,-3.808585
1982-02-23,111.510002,-6.725598,bottom,-7.05401,,1.043765,-2.432724,1.8129,2.986085,1.829433,-3.73958
1982-03-03,110.919998,-6.175536,bottom,-7.273293,,-1.370688,-1.672763,0.933245,1.556526,2.371083,-3.227553
1982-03-04,109.879997,-6.901069,bottom,-8.133352,,-0.474364,0.381512,3.496582,1.803801,3.558431,-2.311614
1982-03-05,109.339996,-7.174342,bottom,-8.546833,bottom,-0.669877,1.154825,5.151283,2.117538,5.286269,-1.829157
1982-03-08,107.339996,-8.762738,bottom,-10.305913,bottom,1.946646,4.934898,6.658024,4.285463,7.248003,1.18316
1982-03-09,108.830002,-7.143772,bottom,-8.857004,bottom,0.412634,4.245625,5.827063,2.746105,6.000183,-0.202151
1982-03-10,109.410004,-6.390706,bottom,-8.271219,,-0.302075,3.201998,5.382181,0.619585,5.529655,-0.731197
1982-03-11,109.360001,-6.244461,bottom,-8.268537,,0.855876,3.45993,6.083976,0.692551,6.272861,-0.685808
1982-03-12,108.610001,-6.726532,bottom,-8.896147,bottom,1.824702,3.019955,6.58267,0.934754,7.006722,0.432742
1982-03-17,109.080002,-5.694217,,-8.327151,bottom,3.504073,2.606008,6.45213,1.960844,6.66483,1.118446
1982-06-17,107.599998,-6.296027,bottom,-6.360801,,2.05131,1.026314,3.174,12.756567,3.224908,-0.371749
1982-06-18,107.279999,-6.511076,bottom,-6.549643,,1.718923,0.344301,3.165261,13.755479,3.532812,-0.074573
1982-06-21,107.199997,-6.498155,bottom,-6.518914,,2.814501,0.083924,3.968706,14.792133,4.048511,0.018661
1982-08-06,103.709999,-6.222019,bottom,-7.872754,,0.1349,8.596623,16.798081,26.715169,18.291391,-1.243854
1982-08-09,103.080002,-6.602441,bottom,-8.403236,bottom,0.975047,11.903262,16.333835,28.804582,19.014356,-0.640283
1982-08-10,102.839996,-6.605675,bottom,-8.554697,bottom,5.854045,11.479662,17.248467,32.876074,19.292109,-0.4084
1982-08-11,102.599998,-6.625034,bottom,-8.709308,bottom,5.628086,13.628105,17.29372,32.393229,19.571152,-0.175439
1982-08-12,102.419998,-6.596394,bottom,-8.81661,bottom,6.373274,14.625285,16.64606,32.787122,19.781295,1.396212
1982-08-23,116.110001,6.491793,top,3.910934,,1.326112,4.430573,7.281523,15.384302,7.553179,-0.654554
1982-08-25,117.580002,7.606471,top,5.066758,,0.568206,3.665615,5.162914,16.259543,6.208535,-0.399729
1982-08-26,118.550003,8.328537,top,5.804801,,1.457066,2.020775,3.944776,14.479209,5.339514,-1.214679
1982-08-27,117.110001,7.026233,top,4.521021,,4.646567,4.287264,5.40987,13.636658,6.634785,0.469647
1982-08-30,117.660004,7.379271,top,4.928167,,3.104461,4.519788,4.633452,12.202348,6.136319,0.501442
1982-08-31,119.510002,8.79627,top,6.412768,,2.225895,3.921748,1.758356,11.354385,4.493344,-1.054307
1982-09-01,118.25,7.605185,top,5.281219,,3.09741,4.562395,1.818459,13.15845,5.606763,1.725159
1982-09-02,120.290001,9.143928,top,6.911165,,0.563709,1.861363,1.386962,10.94257,3.815775,0.10807
1982-09-03,122.68,10.913079,top,8.779124,,-0.359303,-0.138666,-0.958276,12.150756,1.793281,-1.842193
1982-09-07,121.370003,9.686148,top,7.614464,,1.415327,2.85095,0.501337,13.361377,2.891979,-0.782734
1982-09-08,122.199997,10.18267,top,8.207859,,1.695853,1.454188,3.038477,12.751916,3.08511,-1.456628
1982-09-09,121.970001,9.809014,top,7.935409,,1.464985,1.497299,5.448571,12.846612,5.599739,-1.270807
1982-09-10,120.970001,8.803545,top,7.051522,,1.297654,1.924001,8.003636,15.866347,8.332646,-0.454661
1982-09-13,122.239998,9.627894,top,8.031678,,0.220637,1.122606,9.535483,15.489837,10.004911,-1.488874
1982-09-14,123.099998,10.091752,top,8.657944,,1.435623,0.113664,8.8121,14.156168,9.236396,-2.177092
1982-09-15,124.290001,10.798178,top,9.53824,,-0.241665,-2.163393,9.524439,11.902487,9.992763,-3.113688
1982-09-16,123.769997,10.148088,top,9.031765,,0.032314,-2.743936,8.365959,12.014134,10.454884,-2.706632
1982-09-17,122.550003,8.972715,top,7.965674,,0.626347,-0.474401,8.61066,13.276606,11.55447,-1.73807
1982-09-20,122.510002,8.751612,top,7.857652,,0.901969,-0.81961,10.981547,11.470366,11.60721,-1.705986
1982-09-21,124.879997,10.434225,top,9.678686,top,-1.32196,-2.349613,8.955728,7.969776,9.489109,-3.571428
1982-09-22,123.989998,9.515801,top,8.888496,,-1.921727,1.584289,11.592631,8.729366,12.291312,-2.879264
1982-09-23,123.809998,9.169663,top,8.679404,,-2.77625,3.951272,11.615736,10.480311,12.454566,-2.738066
1982-09-24,123.32,8.571036,top,8.219813,,-1.100748,6.079635,11.846758,9.970883,12.901392,-2.351607
1982-09-27,123.620003,8.594712,top,8.402209,,-1.721578,8.412877,7.553994,11.445187,12.627401,-2.588582
1982-09-28,123.239998,8.058052,top,8.037312,,-1.027653,8.698436,8.72818,11.911652,12.974682,-2.288218
1982-09-29,121.629997,6.533065,top,6.682674,,3.506017,11.687832,10.643695,13.86568,14.470113,-0.99482
1982-10-01,121.970001,6.408716,top,6.885673,,7.180383,9.085062,9.197295,14.335226,14.151016,-0.377141
1982-10-06,125.970001,9.031198,top,9.962826,top,8.181815,10.008342,12.58913,11.015964,13.415888,2.246568
1982-10-07,128.800003,10.987381,top,12.096139,top,4.382373,7.664464,9.650937,7.145356,10.923907,1.746894
1982-10-08,131.050003,12.422401,top,13.714032,top,1.904679,5.767122,8.137426,7.573088,9.019452,1.732167
1982-10-11,134.470001,14.662227,top,16.153589,top,1.666701,-0.858883,4.343923,5.420424,6.246742,-0.855205
1982-10-12,134.440002,14.300216,top,16.005714,top,1.579252,0.029744,6.186649,7.747609,6.38203,-0.833082
1982-10-13,136.710007,15.61525,top,17.548743,top,1.826527,-1.044137,3.203208,6.011236,4.615608,-2.479701
1982-10-14,134.570007,13.70813,top,15.859841,top,3.282091,-0.730918,5.198038,8.685029,6.279257,-0.928885
1982-10-15,133.570007,12.648955,top,15.001033,top,3.862444,0.112233,4.365388,8.747289,7.074939,-0.187168
1982-10-18,136.729996,14.625911,top,17.198241,top,-2.525584,-0.925792,0.219172,7.031339,4.600314,-2.493958
1982-10-19,136.580002,14.146888,top,16.940635,top,-1.549508,0.664069,-0.852949,6.484503,4.715187,-2.386875
1982-10-20,139.229996,15.650524,top,18.697718,top,-2.870664,2.580788,-0.938095,5.192154,2.722121,-4.244767
1982-10-21,139.059998,15.090872,top,18.415192,top,-4.01301,1.986473,-0.519108,5.362054,2.847697,-4.127708
1982-10-22,138.830002,14.492683,top,18.095824,top,-3.750211,2.370303,-1.312324,5.309238,3.018081,-3.968879
1982-10-25,133.320007,10.079554,top,13.933526,top,1.599791,5.202806,0.672795,8.58418,7.275725,0.202512
1982-10-26,134.479996,10.593901,top,14.68638,top,2.213577,6.156905,-1.159284,8.417545,6.350393,-1.15259
1982-10-27,135.289993,10.816771,top,15.173416,top,5.451452,4.247345,-1.047666,6.135056,5.713661,-1.744401
1982-10-28,133.589996,9.176167,top,13.799918,top,5.999482,5.928956,0.961015,4.665274,7.058918,-0.494052
1982-10-29,133.720001,8.88364,top,13.794836,top,6.120514,4.253155,0.358313,5.831687,6.954833,-0.590793
1982-11-01,135.470001,9.752161,top,14.978513,top,3.603015,1.144965,2.233668,4.383209,5.573192,-1.87496
1982-11-02,137.490005,10.766641,top,16.321017,top,3.943328,-1.517018,0.890629,4.813535,4.02211,-3.316614
1982-11-03,142.869995,14.066074,top,19.98217,top,-1.204107,-3.518883,-2.875691,1.141358,0.104997,-6.957376
1982-11-04,141.850006,12.823938,top,19.086771,top,-0.070526,-2.505581,-2.252896,2.403039,0.824814,-6.288342
1982-11-05,142.160004,12.512831,top,19.118105,top,-1.867359,-3.682628,-0.274715,0.561171,0.604953,-6.492692
1982-11-08,140.440002,10.810568,top,17.719659,top,-2.45805,-4.530011,1.610431,1.967133,1.837085,-5.347486
1982-11-09,143.020004,12.117557,top,19.338875,top,-5.460346,-7.316189,-0.842581,0.863268,-0.209763,-7.054965
1982-11-10,141.160004,10.386873,top,17.844274,top,-2.314777,-5.295011,-0.82516,3.467104,1.105127,-5.830271
1982-11-11,141.75,10.369882,top,18.071297,top,-2.435055,-4.967941,-1.549862,3.589129,0.684304,-6.222227
1982-11-12,139.529999,8.396031,top,16.315923,top,-1.815269,-3.894842,0.300557,4.327007,2.286248,-4.73017
1982-11-15,137.029999,6.276626,,14.33991,top,-2.071962,1.088703,0.269646,5.653387,4.152377,-2.99205
1982-11-16,135.419998,4.844978,,12.9984,top,-1.855843,2.407648,-0.133003,8.544713,5.390639,-1.838728
1982-11-17,137.929993,6.390227,top,14.652532,top,-2.980234,0.643193,-1.92517,6.809831,3.472782,-3.625027
1982-11-18,138.339996,6.419993,top,14.76303,top,-2.532887,0.252685,-0.616317,7.376195,3.166116,-3.910658
1982-11-19,137.020004,5.224254,,13.630023,top,-2.079573,3.407912,-0.56355,7.911034,4.159974,-2.984974
1982-11-22,134.220001,2.940544,,11.409628,top,3.160665,6.140442,3.218398,9.387318,6.332886,-0.961115
1982-11-23,132.929993,1.779698,,10.285045,top,4.26349,6.473608,4.342756,10.359871,7.364785,0.714671
1982-11-24,133.880005,2.308591,,10.832225,top,3.623427,4.469851,4.269652,10.026836,6.602925,0.239014
1982-11-26,134.880005,2.841115,,11.401391,top,2.785571,3.418079,5.263798,7.565306,5.812571,-0.504158
1982-11-29,134.199997,2.159004,,10.721544,top,5.487485,4.195399,4.779618,8.967175,6.348737,0.774969
1982-11-30,138.529999,5.133634,,13.697407,top,2.979778,-0.819056,1.937371,7.687821,3.024617,-2.374932
1982-12-01,138.720001,5.051202,,13.645074,top,2.210118,-2.54065,1.153928,7.644297,2.883506,-2.508647
1982-12-02,138.820007,4.91346,,13.51862,top,0.846424,-2.568362,1.302525,6.44394,2.809389,-2.57888
1982-12-03,138.690002,4.609139,,13.225839,top,0.632508,-0.869002,-0.252685,8.424361,2.90576,-2.48756
1982-12-06,141.770004,6.544214,top,15.196939,top,-1.292086,-3.971462,-0.289622,7.164622,0.670097,-4.606051
1982-12-07,142.720001,6.955357,top,15.62477,top,-3.798834,-2.922044,-0.53393,7.268556,-0.385372,-5.241028
1982-12-08,141.820007,6.088677,,14.756666,top,-4.750768,-2.130852,2.403541,8.024873,2.432659,-4.639685
1982-12-09,140,4.601028,,13.241908,top,-3.414786,-0.200199,3.633188,9.316501,3.764289,-3.399996
1982-12-10,139.570007,4.096659,,12.722039,top,-1.501509,1.845719,5.036854,8.043385,5.16586,-3.102387
1982-12-13,139.949997,4.152311,,12.791996,top,-2.679376,0.584219,4.081343,8.830266,4.880316,-3.365482
1982-12-14,137.399994,2.128752,,10.766716,top,0.87679,2.756427,6.54252,9.966755,6.826787,-1.572044
1982-12-17,137.490005,1.757175,,10.303917,top,3.347228,0.616317,6.497479,9.617591,6.75685,-0.901888
1982-12-21,138.610001,2.22462,,10.736053,top,1.879637,2.388114,4.692987,7.623396,5.894234,-0.194794
1982-12-22,138.830002,2.191723,,10.686162,top,1.074663,4.534393,5.234073,7.671819,5.726426,-0.352954
1982-12-23,139.720001,2.60901,,11.108805,top,0.6563,3.833387,2.91307,7.889691,5.052961,-0.987693
1982-12-27,142.169998,4.081367,,12.61444,top,-2.730912,3.191135,-1.559539,5.800215,3.242597,-2.693959
1982-12-28,140.770004,2.862443,,11.404038,top,0.418245,3.497124,0.693756,8.206792,4.269372,-1.726226
1982-12-29,141.240005,2.955674,,11.522554,top,0.508477,3.786092,0.212171,8.239266,3.922397,-2.053249
1982-12-30,140.330002,2.086512,,10.672728,top,3.45973,3.775876,2.768977,8.428191,4.596306,-1.41809
1982-12-31,140.639999,2.129427,,10.687524,top,3.177087,4.184532,2.714524,7.66898,4.365756,-1.635383
1983-01-04,141.360001,2.400058,,10.811273,top,3.07888,3.503273,1.125509,8.167386,3.834181,-0.983305
1983-01-05,141.960007,2.7332,,11.032142,top,3.277616,2.304873,0.890632,7.463112,3.395317,-1.401807
1983-01-06,145.270004,4.907487,,13.110866,top,0.316146,0.69968,-0.697692,5.197455,1.03944,-3.648381
1983-01-07,145.179993,4.743495,,12.829119,top,1.007445,-0.920317,0.659076,4.524807,1.102084,-3.588643
1983-01-10,146.779999,5.692679,,13.694691,top,-0.040884,-4.750674,0.102137,2.86098,0.10219,-4.639595
1983-01-11,145.779999,4.862399,,12.788,top,0.424393,-2.803368,-0.054894,4.020166,0.788856,-3.985456
1983-01-12,146.690002,5.365217,,13.179812,top,-0.972742,-3.573922,-1.158779,4.113556,0.163604,-4.58109
1983-01-13,145.729996,4.59899,,12.294236,top,0.383534,-1.006899,1.207261,6.257237,1.214578,-3.952511
1983-01-14,146.649994,5.139494,,12.683165,top,-1.927762,-1.470008,0.679581,6.065279,0.681896,-4.555058
1983-01-17,146.720001,5.095616,,12.479751,top,-4.709789,-0.972543,1.495033,6.625377,1.506265,-4.6006
1983-01-18,146.399994,4.786824,,12.012821,top,-3.227762,-2.377764,1.289471,7.701165,1.728141,-4.392072
1983-01-19,145.270004,3.869368,,10.993208,top,-2.601179,-1.414241,1.475933,8.873653,2.519438,-3.648381
1983-01-20,146.289993,4.428306,,11.454276,top,-1.390433,-1.397372,0.783042,8.795662,1.804634,-4.320181
1983-03-03,153.479996,6.367129,,10.21838,top,-1.100635,-2.567204,-0.339374,6.909718,0.123796,-2.534532
1983-03-04,153.669998,6.353802,,10.158428,top,-1.593942,-2.483907,-0.423877,5.519341,0,-2.655041
1983-03-07,153.669998,6.195939,,9.982224,top,-1.865405,-1.627009,-1.158506,5.617823,-0.182208,-2.655041
1983-04-18,159.740005,6.420196,top,9.764229,top,-0.583902,1.472759,2.265362,3.518199,3.98147,-0.644797
1983-04-20,160.710007,6.630313,top,10.079351,top,0.453203,1.604868,1.580376,2.203158,3.353867,-1.182259
1983-04-26,161.809998,6.550499,top,10.237848,top,0.327009,2.526373,2.279002,4.383087,2.651263,-0.22866
1983-04-27,161.440002,6.144236,,9.897222,top,1.151665,2.156949,2.911852,4.511404,2.954661,0.340686
1983-04-28,162.949997,6.856008,top,10.709794,top,0.81289,0.794627,1.540693,3.958651,2.00062,-0.589133
1983-04-29,164.429993,7.528206,top,11.477484,top,1.010515,0.291499,0.018252,3.642632,1.082536,-1.483906
1983-05-02,162.110001,5.912343,,9.94805,top,2.256742,0.792602,0.172572,3.324538,2.529151,-0.074021
1983-05-03,162.339996,5.877577,,9.969633,top,2.199364,0.840373,0.129279,1.649495,2.383892,-0.215591
1983-05-04,163.309998,6.295124,,10.443166,top,1.005284,-0.024492,0.409422,-0.460307,1.77577,-0.808274
1983-05-05,164.279999,6.685595,top,10.895275,top,-0.018262,-1.403764,0.085184,-1.37291,1.174828,-1.393957
1983-05-06,166.100006,7.558767,top,11.832751,top,-0.719016,-2.41299,-0.76754,-2.493203,0.066226,-2.474413
1983-05-09,165.809998,7.186062,top,11.486526,top,-1.464139,-1.445782,-1.850435,-1.439657,0.241245,-2.303837
1983-05-10,165.949997,7.073004,top,11.413084,top,-1.358991,-0.24737,-2.804862,-2.823455,0.15668,-2.765891
1983-05-11,164.960007,6.302016,,10.665014,top,-1.029776,0.754903,-1.915665,-1.971292,0.757759,-2.182351
1983-05-12,164.25,5.69919,,10.080751,top,-1.385502,0.746066,-0.960462,-3.135407,1.193307,-1.759513
1983-05-13,164.910004,5.912615,,10.309699,top,-1.693974,-0.273247,-0.042461,-2.941388,0.788311,-2.152691
1983-05-25,166.210007,5.380229,,9.875316,top,-1.350765,-2.670568,2.589372,-1.350765,2.875879,-2.917999
1983-06-21,170.529999,5.442672,,9.911851,top,-2.885305,-1.20942,-0.729805,-3.673038,0.269751,-3.85856
1983-06-22,170.990005,5.514728,,10.017607,top,-2.576931,-2.026363,-1.135144,-2.811243,-0.245627,-4.117205
1984-08-09,165.539993,7.644319,top,6.208381,,-1.074979,0.949927,-0.709286,1.12928,1.383357,-1.655183
1984-08-10,165.419998,7.49109,top,6.078142,,-0.776796,1.255533,-0.703718,1.892274,1.4569,-1.583844
1984-08-13,165.429993,7.400967,top,6.024672,,-0.296631,0.60868,-0.594155,2.965922,1.45077,-1.58979
1984-08-14,164.419998,6.69488,top,5.358091,,2.052745,1.7962,0.158003,2.848,2.073959,-0.985279
1984-08-20,164.940002,6.549341,top,5.540478,,0.905311,-0.036382,1.629665,0.622527,2.38268,-0.412276
1984-08-21,167.830002,8.111589,top,7.225991,,-0.256545,-2.131846,-0.531709,-1.102399,0.619671,-2.127157
1984-08-22,167.059998,7.471287,top,6.724405,,0.017955,-0.847592,0.245122,-0.70281,1.083442,-1.676046
1984-08-23,167.119995,7.327073,top,6.711081,,-0.311632,-1.659213,-0.871424,-1.823605,1.047152,-1.711346
1984-08-24,167.509995,7.378333,top,6.884147,,-0.496726,-1.959251,-1.340202,-2.674084,0.811892,-1.940183
1984-08-27,166.440002,6.596228,top,6.180096,,-0.941693,-1.202834,-0.493892,-1.367156,1.459981,-1.309786
1984-08-28,167.399994,7.031753,top,6.690209,,-1.8753,-1.638197,-0.671301,-1.74148,0.878137,-1.875746
1984-08-29,167.089996,6.702941,top,6.437067,,-0.865548,0.507422,-0.077826,-0.101792,1.065293,-1.693699
1985-01-29,179.179993,6.937161,top,7.415008,,0.794917,0.767227,0.850273,2.344224,2.327276,-0.306947
1985-01-30,179.389999,6.935029,top,7.462796,,0.578065,2.183472,0.992877,1.543297,2.207485,-0.423655
1985-01-31,179.630005,6.958755,top,7.525396,,1.211802,1.535771,1.984296,0.555156,2.070924,-0.5567
1985-02-04,180.350006,7.165993,top,7.779824,,0.088671,0.541914,1.037016,-1.103942,1.663432,-0.62102
1985-02-05,180.610001,7.191681,top,7.83497,,-0.027689,0.315096,0.022141,-0.889837,1.517084,-0.76408
1985-02-06,180.429993,6.964822,top,7.652154,,1.605408,-0.133099,-0.511196,-0.194164,1.618364,-0.665076
1985-02-07,181.820007,7.589158,top,8.33148,,0.323969,-1.362226,-1.507288,-1.01159,0.841491,-1.495986
1985-02-08,182.190002,7.63217,top,8.448874,,-0.324361,-1.638024,-1.883822,-0.787996,0.6367,-1.866189
1985-02-11,180.509995,6.562514,top,7.459387,,0.453244,0.364966,-0.471995,0.06092,1.573327,-0.952857
1985-02-12,180.559998,6.445679,top,7.419956,,0.342785,0.083045,-1.321271,0.75039,1.545197,-1.31258
1985-02-13,183.350006,7.789721,top,8.872694,,-1.738506,-1.190596,-3.051268,0.505941,-0.065454,-3.005187
1985-02-14,182.410004,7.086052,top,8.284716,,-1.686196,0.448525,-3.276609,1.198857,0.449532,-3.22351
1985-02-15,181.600006,6.470303,top,7.764462,,-1.313663,0.252979,-2.633494,1.242246,0.897571,-2.791854
1985-11-21,201.410004,6.800481,top,6.31178,,0.376627,0.781409,4.623109,8.719337,5.267862,-0.526288
1985-11-22,201.520004,6.742745,top,6.3158,,-0.527389,1.345608,3.43861,9.777923,5.210401,-0.580587
1985-11-27,202.539993,6.911187,top,6.676912,,0.659424,2.047621,3.43113,9.977072,4.680563,-1.026951
1985-11-29,202.169998,6.597926,top,6.438398,,0.404783,3.771287,4.123144,10.271566,4.87214,-0.845819
1985-12-04,204.229996,7.244379,top,7.260832,,1.013309,2.695556,3.204249,9.871853,3.814331,-0.607154
1985-12-05,203.880005,6.923992,top,7.015716,,1.388196,2.967118,3.266635,9.580946,3.992544,-0.436531
1985-12-09,204.25,6.768406,top,7.050827,,3.73359,2.093002,1.804911,9.73333,4.675644,0.068543
1985-12-10,204.389999,6.649552,top,7.041623,,3.016803,1.336496,0.838008,9.860063,4.603945,0.841529
1985-12-11,206.309998,7.380562,top,7.891,,1.682247,0.647406,-0.169787,9.371821,3.630462,-0.169643
1985-12-12,206.729996,7.363525,top,8.019568,,1.578921,1.383509,-0.004835,11.398671,3.419923,-0.372461
1985-12-13,209.940002,8.659664,top,9.469628,,0.475196,0.351857,-1.584364,10.224044,1.838621,-1.895778
1985-12-16,212.020004,9.398008,top,10.358337,top,-1.640588,-0.349637,-1.789336,9.517295,0.839543,-2.85822
1985-12-17,210.649994,8.50307,top,9.62035,,-1.680307,-0.504474,-0.705065,11.596166,1.495376,-2.226436
1985-12-18,209.809998,7.884002,top,9.139896,,-1.034841,0.508693,-0.659913,11.197792,1.901723,-1.834989
1985-12-19,210.020004,7.74881,top,9.160896,,-0.195412,0.299517,-1.192688,11.569638,1.799828,-1.933148
1985-12-20,210.940002,7.926588,top,9.517533,,-0.123338,1.346727,-2.471755,11.056173,1.355836,-2.441457
1985-12-23,208.570007,6.563636,top,8.315705,,1.290951,-0.288091,-2.465786,12.584255,2.507549,-2.435634
1985-12-27,209.610001,6.438439,top,8.602735,,0.49493,-1.388344,-1.064759,11.314466,1.998952,-2.919706
1985-12-30,210.679993,6.724662,top,9.026888,,1.470065,-1.936221,-0.413801,11.898482,1.480924,-3.412753
1985-12-31,211.279999,6.771913,top,9.229448,,-1.579042,-1.439699,-0.469676,12.315376,1.192732,-3.687047
1986-01-07,213.800003,6.984184,top,10.1074,top,-3.406287,-3.818481,-0.473528,8.372018,0.074838,-4.822263
1986-02-14,219.759995,5.3928,,10.433296,top,2.062673,2.54293,6.564425,7.303158,7.640157,0
1986-02-18,222.449997,6.421829,top,11.502133,top,0.600574,0.863872,5.819682,6.563366,6.338506,-1.209262
1986-02-19,219.759995,5.058701,,10.152528,top,1.928856,2.062673,6.959946,6.462099,7.640157,1.119406
1986-02-20,222.220001,6.006889,,11.125668,top,2.026842,1.301015,6.244941,4.633997,6.448565,0.706503
1986-02-21,224.619995,6.887997,top,12.050408,top,1.018746,0.42205,3.808654,3.748638,5.311196,-0.369514
1986-02-24,224.339996,6.575288,top,11.776338,top,0.480258,0.993535,4.782605,5.113506,5.442635,-0.245165
1986-02-25,223.789993,6.161364,,11.381047,top,0.263298,3.46922,4.768524,5.079048,5.701779,0.111712
1986-02-26,224.039993,6.099937,,11.339805,top,0.133816,3.723765,5.75006,6.93142,5.918591,0.133906
1986-02-27,226.770004,7.103291,top,12.386548,top,-0.725827,2.791728,5.240172,6.231188,5.379899,-1.071574
1986-02-28,226.919998,6.963994,top,12.291915,top,-0.596696,4.156209,5.14475,7.563976,5.310243,-1.136965
1986-03-03,225.419998,6.134053,,11.474458,top,0.513277,4.021494,4.221576,8.992394,6.011003,-0.479106
1986-03-04,224.380005,5.5106,,10.85675,top,3.205922,4.95581,4.92612,10.000702,6.50236,-0.017831
1986-03-05,224.339996,5.325338,,10.676313,top,3.589948,4.897274,3.559845,9.764162,6.521354,0.352148
1986-03-06,225.130005,5.513395,,10.856712,top,3.517555,4.943926,1.568935,8.47434,6.147557,0.195444
1986-03-07,225.570007,5.543099,,10.876102,top,4.752905,3.386604,1.347443,8.470709,5.940503,0.447752
1986-03-10,226.580002,5.831672,,11.143024,top,3.508217,3.78907,3.016965,7.382421,5.468267,0.904759
1986-03-11,231.690002,7.867455,top,13.16653,top,1.749888,1.299304,0.885189,5.850745,3.142129,-1.320729
1986-03-12,232.539993,8.057923,top,13.32439,top,1.307325,2.026295,1.663226,5.492694,2.765119,-1.681426
1986-03-13,233.190002,8.172732,top,13.399833,top,1.426372,2.448444,1.18511,2.861869,2.478665,-1.955486
1986-03-14,236.550003,9.402658,top,14.607994,top,-1.366301,0.988541,0.308126,1.272778,1.023039,-3.348129
1986-03-17,234.669998,8.412483,top,13.604913,top,0.280853,0.200081,1.295529,2.715596,1.832362,-2.573824
1986-03-18,235.779999,8.685562,top,13.860749,top,-0.450584,-0.02969,2.694725,2.392893,2.731361,-3.032485
1986-03-19,235.600006,8.419242,top,13.561581,top,0.71897,-1.337429,3.104941,4.209788,3.153647,-2.958405
1986-03-20,236.539993,8.602412,top,13.736207,top,1.022073,-3.374991,2.438946,3.974257,2.743724,-3.344038
1986-03-21,233.339996,7.039355,top,12.167171,top,2.354843,-2.03916,4.769984,4.610505,4.885579,-2.01851
1986-03-24,235.330002,7.676671,top,12.813877,top,-0.080771,-0.772105,2.968296,4.022862,3.998642,-2.847065
1986-03-25,234.720001,7.225283,top,12.350619,top,0.420894,-0.414115,2.951081,3.902077,4.268918,-2.594579
1986-03-26,237.300003,8.115492,top,13.231368,top,-2.056399,-0.363069,1.969521,4.240859,3.135273,-3.653602
1986-03-27,238.970001,8.606079,top,13.709427,top,-4.397064,-1.263334,1.37973,2.598082,2.414531,-4.326901
1986-03-31,238.899994,8.354236,top,13.452291,top,-4.394003,-0.680416,1.734559,3.346475,2.444542,-4.298865
1986-04-01,235.139999,6.584015,top,11.653549,top,-0.691333,1.095448,2.258057,5.699062,4.082677,-2.768561
1986-04-02,235.710007,6.636601,top,11.684088,top,-0.83501,2.724414,-0.080641,5.380593,3.830978,-3.003692
1986-04-03,232.470001,5.111522,,10.102727,top,1.69333,4.44237,1.150496,7.109847,5.278102,-1.651824
1986-04-08,233.520004,5.029386,,10.022942,top,1.786781,3.740401,1.580457,7.893526,4.804728,0.098491
1986-04-09,233.75,4.925166,,9.940995,top,3.559424,3.365197,0.991857,7.434321,4.701607,0.444917
1986-04-10,236.440002,5.846442,,10.893331,top,2.74904,2.33259,0.291405,3.167865,3.510406,-0.697855
1986-04-11,235.970001,5.440588,,10.502234,top,2.680208,2.643064,0.793557,2.353738,3.716576,-0.500067
1986-04-14,237.279999,5.784783,,10.858663,top,3.095557,2.414974,0.126354,2.307959,3.143968,-1.049395
1986-04-15,237.729996,5.756428,,10.853791,top,1.953619,1.162609,-0.556796,2.196701,2.948728,-1.236698
1986-04-16,242.220001,7.370231,top,12.517498,top,-0.194227,-2.805056,-1.951041,0,1.040378,-3.067463
1986-04-17,243.029999,7.428618,top,12.63895,top,-0.41645,-3.291874,-3.602788,-2.045213,0.70362,-3.53866
1986-04-18,242.380005,6.873949,top,12.157911,top,-0.037143,-3.181529,-4.049891,-3.663968,0.973678,-3.968979
1986-04-21,244.740005,7.545129,top,12.905893,top,-0.680583,-2.906089,-4.83,-4.05684,-0.678272,-4.894995
1986-04-22,242.419998,6.328711,,11.747576,top,-0.791011,-2.159944,-2.637395,-2.654335,0.272256,-3.984821
1986-04-23,241.75,5.800603,,11.271215,top,-2.610828,-2.37334,-2.640557,-2.254807,0.550156,-3.71872
1986-04-24,242.020004,5.677181,,11.181636,top,-2.875424,-2.041185,-0.788161,-2.417212,0.437979,-3.826134
1986-04-25,242.289993,5.555707,,11.097865,top,-3.144386,-1.849508,-0.388714,-1.710867,0.326059,-3.933303
1986-04-28,243.080002,5.636113,,11.224404,top,-2.225506,-2.28862,0.684667,-1.830878,0.687016,-4.245519
1986-04-29,240.509995,4.365026,,9.977039,top,-1.368934,-1.719404,2.512761,-1.070109,2.544597,-3.222319
1986-05-29,247.979996,4.723639,,9.972074,top,-0.944035,-2.651999,0.306012,0.887256,0.383094,-3.387368
1987-01-15,265.48999,6.992685,top,8.549044,,3.122246,3.242646,3.744595,9.685331,5.902299,0.297566
1987-01-16,266.279999,7.085354,top,8.742729,,1.42439,2.88716,4.916926,7.011386,5.588105,0.585849
1987-01-19,269.339996,8.005961,top,9.766588,top,0.100191,2.605551,5.823246,3.58106,5.996137,-0.556917
1987-01-20,269.040009,7.695215,top,9.544508,,1.735518,2.55045,5.910173,5.566224,6.114325,-0.446035
1987-01-21,267.839996,7.050476,top,8.989444,,2.783479,4.311334,6.409743,6.877882,6.619628,0.660838
1987-01-22,273.910004,9.057097,top,11.09776,top,0.1204,2.612432,4.137241,4.350684,4.256874,-1.569865
1987-01-23,270.100006,7.451134,top,9.581141,,1.46277,3.61402,4.446142,8.161923,5.727509,-0.181422
1987-01-26,269.609985,7.079134,top,9.28899,,2.50536,3.122008,4.804638,6.316761,5.91967,1.535557
1987-01-27,273.75,8.403896,top,10.687765,top,0.814932,0.481036,3.675896,4.663959,4.317811,0.120543
1987-01-28,275.399994,8.796976,top,11.158832,top,1.527855,0.774053,2.708095,2.197889,3.692815,-0.479306
1987-01-29,274.23999,8.187116,top,10.610423,top,2.492032,0.501949,3.567466,2.73004,4.131424,-0.058344
1987-01-30,274.079987,7.94503,top,10.439271,top,2.15125,2.029766,3.202691,3.0294,4.192214,0.361216
1987-02-02,276.450012,8.609568,top,11.188589,top,0.616648,3.217695,2.736665,2.894928,3.298967,-0.499188
1987-02-03,275.98999,8.245307,top,10.919883,top,-0.333896,3.359723,4.474633,4.384505,4.576255,-0.333339
1987-02-04,279.640015,9.337289,top,12.121346,top,-0.753802,2.098409,3.816927,2.956152,3.890707,-1.634247
1987-02-05,281.160004,9.650418,top,12.54908,top,-1.990083,1.52481,3.32303,2.874762,3.378859,-2.166025
1987-02-06,280.040009,9.036329,top,12.040253,top,-0.121484,0.832122,2.906908,5.319474,3.792314,-1.774747
1987-02-09,278.160004,8.157609,top,11.260477,top,2.601047,1.68263,4.46455,6.037081,4.565711,-1.11087
1987-02-10,275.070007,6.832381,top,10.058597,top,3.693619,3.19486,5.392367,6.896616,5.740349,0.199945
1987-02-11,277.540009,7.512209,top,10.859219,top,2.852211,1.934042,4.81139,5.54695,4.929016,-0.691797
1987-02-12,275.619995,6.608417,top,10.07994,top,3.514892,3.065517,5.04785,5.625705,5.659969,1.480305
1987-02-13,279.700012,7.80099,top,11.442808,top,0.953606,1.172925,3.004117,4.747829,4.118694,0.958167
1987-02-17,285.48999,9.542265,top,13.38273,top,-0.918417,-0.48103,2.415513,2.930481,2.444923,-1.08935
1987-02-18,285.420013,9.239597,top,13.251091,top,-0.498759,1.11491,2.545964,3.04339,2.578651,-1.0651
1987-02-19,285.570007,9.038132,top,13.194587,top,-0.918169,1.718517,2.936458,0.649212,2.979998,-1.117065
1987-02-20,285.480011,8.763958,top,13.054743,top,-0.449375,1.79822,4.349183,0.408993,4.445146,-1.085893
1987-02-23,282.380005,7.454348,top,11.850353,top,0.21932,2.074786,6.4388,-0.982218,6.650612,0.177066
1987-02-24,282.880005,7.414587,top,11.918348,top,0.437387,2.78192,6.421151,-1.66466,6.631791,0.028276
1987-02-25,284,7.589288,top,12.213414,top,1.613669,2.197507,5.607412,-1.357763,6.211273,-0.3662
1987-02-26,282.959991,7.007952,top,11.738881,top,2.636687,2.877348,6.157214,-0.283122,6.601648,0.014139
1987-02-27,284.200012,7.254614,top,12.0568,top,2.247595,1.982333,4.11203,1.712893,6.136524,-0.422242
1987-03-02,283,6.647836,top,11.516863,top,1.855466,1.831191,2.167163,2.004514,6.586578,0.395758
1987-03-03,284.119995,6.847384,top,11.789466,top,2.344533,2.896543,2.632925,2.310155,6.166416,1.446577
1987-03-04,288.619995,8.183832,top,13.184694,top,0.583838,1.431054,1.294342,0.511479,4.511129,-0.13512
1987-03-05,290.519989,8.59361,top,13.643874,top,0.240662,1.217941,1.064811,-0.237789,3.827628,-0.788234
1987-03-06,290.660004,8.383434,top,13.499187,top,-0.265262,2.550963,3.299401,-0.759781,3.777613,-0.836026
1987-03-09,288.299988,7.335606,top,12.498433,top,-0.024275,4.364013,4.625992,1.777386,4.73466,-0.024272
1987-03-10,290.859985,7.954426,top,13.188831,top,0.55201,3.63923,1.984583,1.443838,3.81284,-0.904206
1987-03-11,290.309998,7.498964,top,12.81014,top,0.847216,3.409905,2.36579,1.0758,4.009512,-0.716471
1987-03-12,291.220001,7.546138,top,12.930756,top,0.977279,3.279866,0.561563,1.870994,3.684503,-1.026712
1987-03-13,289.890015,6.84276,top,12.294196,top,2.816225,2.129697,0.892885,2.517286,4.160198,-0.572632
1987-03-16,288.230011,6.01841,,11.549206,top,4.388289,0.335972,-0.909657,3.155457,4.760088,-0.905532
1987-03-17,292.470001,7.198544,top,12.827356,top,3.08722,-0.263618,-4.657699,2.117809,3.241362,-4.550893
1987-03-18,292.779999,7.041193,top,12.736054,top,2.562689,-0.136713,-2.889913,2.974646,3.132049,-4.651955
1987-03-19,294.079987,7.20774,top,12.979333,top,2.302586,-0.153131,-2.46832,3.0343,2.676151,-5.073444
1987-03-20,298.170013,8.273747,top,14.140543,top,-0.686528,0.748438,-4.13574,2.186077,1.267733,-6.375561
1987-03-23,301.160004,8.941711,top,14.913743,top,-4.052316,0.261978,-2.723018,1.204693,0.262322,-7.305087
1987-03-24,301.640015,8.770364,top,14.85469,top,-3.350838,-1.654647,-4.909028,1.333722,0.102771,-7.452596
1987-03-25,300.380005,8.016299,top,14.22331,top,-2.699401,-1.044115,-4.619349,2.170167,0.522674,-7.064385
1987-03-26,300.929993,7.853797,top,14.191481,top,-2.455717,-2.718303,-6.66742,2.856495,0.338956,-7.234237
1987-03-27,296.130005,5.92314,,12.387969,top,1.434966,-1.236812,-4.949456,4.069633,1.965355,-5.730592
1987-03-30,289.200012,3.300177,,9.845601,top,4.314295,-1.245629,-2.340455,5.927304,4.408714,-3.471649
1987-03-31,291.700012,3.925855,,10.531548,top,1.696191,-4.394081,-2.474662,5.748587,3.513884,-4.29894
1987-04-01,292.380005,3.923655,,10.58512,top,1.655287,-2.7532,-1.384469,4.931445,3.27314,-4.521513
1987-04-02,293.630005,4.123467,,10.82766,top,-0.262586,-2.31519,-1.925585,4.745455,2.8335,-4.927971
1987-04-03,300.410004,6.15145,,12.906655,top,-2.671778,-4.884179,-3.747668,1.187948,0.512636,-7.073666
1987-04-06,301.950012,6.408104,top,13.208065,top,-5.559924,-2.984997,-2.213426,0.327329,-1.553238,-7.54761
1987-04-07,296.690002,4.436814,,11.26854,top,-6.090272,-3.25438,-0.412052,2.968741,0.192122,-5.908524
1987-04-08,297.26001,4.409893,,11.279151,top,-4.408487,-3.575234,-0.861542,2.544228,-0.602169,-6.088948
1987-08-10,328,7.649865,top,9.87872,top,1.845663,1.611934,-4.502289,-26.827803,2.673777,-4.40244
1987-08-11,333.329987,9.010342,top,11.356804,top,-1.231561,1.026722,-5.999473,-29.184068,1.032011,-5.931056
1987-08-12,332.390015,8.477995,top,10.943116,top,-0.773169,0.653712,-4.699722,-26.708679,1.317721,-5.665037
1987-08-13,334.649994,8.855718,top,11.47464,top,0.05676,-0.981942,-3.859573,-28.99856,0.633496,-6.302106
1987-08-14,333.98999,8.355234,top,11.134577,top,0.570246,-2.102851,-3.321109,-31.735024,0.83236,-6.116948
1987-08-17,334.109985,8.098957,top,11.030842,top,-0.233729,-1.298386,-5.023683,-33.500668,0.796146,-6.150666
1987-08-18,329.25,6.379273,top,9.436714,,2.258283,-1.792741,-4.468929,-30.829295,2.283975,-4.765377
1987-08-20,334.839996,7.595425,top,10.849516,top,-1.038703,-4.467579,-6.152475,-30.978575,0.576393,-6.355274
1987-08-21,335.899994,7.669372,top,11.022051,top,-2.673096,-5.885849,-7.850073,-30.83973,0.259004,-7.549862
1987-08-24,333.329987,6.669991,top,10.130229,top,-1.064658,-6.114223,-4.237568,-31.590694,1.032011,-6.837062
1987-08-25,336.769989,7.446136,top,11.02908,top,-4.051024,-7.026195,-4.736732,-31.589957,-0.653259,-7.788693
1987-08-26,334.570007,6.545198,top,10.252427,top,-3.928891,-5.353435,-4.540053,-33.19989,-0.953463,-7.182353
1987-10-15,298.079987,-7.483235,bottom,-3.846311,,-18.292556,-19.704285,-18.183852,-19.439084,-5.15968,-24.570583
1987-10-16,282.700012,-12.65043,bottom,-9.144378,bottom,-13.007085,-11.579093,-14.051926,-13.982744,-8.602761,-20.466931
1987-10-19,224.839996,-35.110582,bottom,-31.883293,bottom,1.250818,12.881138,9.302716,8.945461,14.917279,1.258674
1987-10-20,236.830002,-29.5293,bottom,-26.548992,bottom,-1.548901,5.739299,2.588342,6.22849,9.099355,-3.867755
1987-10-21,258.380005,-20.537428,bottom,-17.760078,bottom,-10.219194,-3.713912,-5.093078,-2.547859,-1.017883,-11.885597
1987-10-22,248.25,-24.182265,bottom,-21.648511,bottom,-1.411729,2.478593,-3.358906,0.430094,3.021148,-8.290031
1987-10-23,248.220001,-23.825559,bottom,-21.53313,bottom,1.427993,0.878413,-2.537773,-2.277779,3.033599,-8.278947
1987-10-26,227.669998,-31.984793,bottom,-29.991262,bottom,11.63032,6.586358,6.512311,6.57402,12.333642,2.424564
1987-10-27,233.190002,-29.13953,bottom,-27.428653,bottom,7.2882,2.460997,5.506206,5.550841,9.674513,0.038594
1987-10-28,233.279999,-28.656959,bottom,-27.226707,bottom,6.505282,3.628495,4.533856,7.786401,9.632202,2.45199
1987-10-29,244.770004,-23.452975,bottom,-22.291336,bottom,3.890322,1.520433,-1.826444,1.942045,4.485842,-2.357317
1987-10-30,251.789993,-20.246011,bottom,-19.35055,bottom,-0.549579,-2.472833,-8.921256,-0.961752,1.572742,-8.534887
1987-11-02,255.75,-18.321287,bottom,-17.685727,bottom,-5.043963,-3.578422,-9.746303,-0.966535,-0.49658,-9.951123
1987-11-03,250.820007,-19.848126,bottom,-19.513593,bottom,-4.827203,-3.150957,-7.176767,2.461287,1.459209,-8.181167
1987-11-04,248.960007,-20.131696,bottom,-20.152714,bottom,-2.876788,-1.379166,-10.025894,2.41281,2.217219,-9.539685
1987-11-05,254.479996,-17.511325,bottom,-17.871651,bottom,-2.369889,-5.837498,-12.793339,0.427414,-1.599337,-12.008802
1987-11-06,250.410004,-18.659426,bottom,-19.403885,bottom,-1.923254,-3.416186,-9.042619,0.716251,-0.754762,-10.578653
1987-11-09,243.169998,-21.090464,bottom,-22.241678,bottom,1.46554,-0.074047,-3.45583,3.650132,2.200109,-7.916273
1987-11-10,239,-22.290865,bottom,-23.858384,bottom,1.676246,3.045209,-0.046036,4.883004,3.983265,-6.309624
1987-11-11,241.899994,-20.596167,bottom,-22.541659,bottom,1.497621,0.905361,-3.504254,2.933005,2.736672,-7.432822
1987-11-12,248.520004,-17.439288,bottom,-19.730091,bottom,-3.467609,-3.346877,-5.457702,1.279402,-0.708196,-9.898602
1987-11-13,245.639999,-18.101176,bottom,-20.777033,bottom,-1.492932,-6.448423,-1.414449,4.388522,0.45595,-8.842209
1987-11-16,246.759995,-17.140312,bottom,-20.20078,bottom,-1.539587,-6.167881,-1.613695,3.656592,-0.149941,-9.255956
1987-11-17,243.039993,-18.144228,bottom,-21.589856,bottom,1.368963,-4.02581,2.052527,5.829845,2.073736,-7.867016
1987-11-18,245.550003,-16.593654,bottom,-20.439977,bottom,-0.59226,-8.646727,-1.052149,5.652691,1.03034,-8.808798
1987-11-19,240.050003,-18.314048,bottom,-22.571303,bottom,0.120732,-6.955841,3.724803,7.679126,3.795043,-6.719435
1987-11-20,242,-16.986946,bottom,-21.619578,bottom,-4.955491,-5.626433,3.068147,6.367297,3.1157,-7.471075
1987-11-23,242.990005,-16.089066,bottom,-21.066688,bottom,-4.628294,-3.381784,2.824057,7.383448,2.864312,-7.848062
1987-11-24,246.389999,-14.211258,bottom,-19.546334,bottom,-5.394774,-3.091245,2.710607,7.522642,2.747678,-9.119689
1987-11-25,244.100006,-14.678586,bottom,-20.333619,bottom,-8.054467,-4.409615,3.197012,8.222725,3.711593,-8.267107
1987-11-27,240.339996,-15.750222,bottom,-21.727216,bottom,-7.076574,-2.110825,2.15275,9.552197,5.334113,-6.831987
1987-11-30,230.300003,-19.483341,bottom,-25.806798,bottom,-0.670943,5.033973,6.02005,12.735729,9.926183,-2.770302
1987-12-01,232,-18.242153,bottom,-24.88463,bottom,1.246511,4.554186,6.61267,12.336129,9.120691,-3.482759
1987-12-02,233.449997,-17.138408,bottom,-24.070474,bottom,2.303528,6.078337,5.674427,13.734723,8.442924,-4.082244
1987-12-03,225.210007,-20.196861,bottom,-27.445021,bottom,3.644852,7.594579,12.790972,17.103896,13.64504,-0.572802
1987-12-04,223.919998,-20.206066,bottom,-27.791877,bottom,4.965748,10.680644,14.410965,17.962355,15.501075,2.161485
1987-12-07,228.759995,-17.499091,bottom,-25.43884,bottom,5.704916,8.69458,12.372992,15.786574,13.171018,2.102646
1987-12-08,234.910004,-14.305471,bottom,-22.585805,bottom,3.307676,6.205841,10.558612,12.91691,11.136181,-0.57043
1987-12-09,238.889999,-12.139355,bottom,-20.712863,bottom,3.774809,5.801852,1.870296,11.266769,9.284611,-2.226963
1987-12-10,233.570007,-13.887919,bottom,-22.749021,bottom,3.949727,7.606627,5.788835,14.282674,11.773772,0.74924
1987-12-11,235.320007,-12.645838,bottom,-21.794589,bottom,5.714895,4.263575,4.20247,13.398807,10.942546,2.919427
1987-12-14,242.190002,-9.313634,bottom,-18.73263,bottom,2.989664,0.986077,1.483632,8.562029,7.795534,0.255995
1987-12-15,242.809998,-8.632417,bottom,-18.288055,bottom,2.898165,2.058484,1.25644,8.722416,7.520287,0.070013
1987-12-16,248.080002,-6.03451,,-15.971831,bottom,2.027043,-0.40391,1.587621,7.113502,5.236216,-2.055791
1987-12-17,242.979996,-7.615833,bottom,-17.862991,bottom,3.656901,5.196393,3.597369,9.100581,7.445062,0.172853
1987-12-18,249.160004,-4.654709,,-15.193937,bottom,-1.451321,3.730321,0.064197,7.531412,4.780062,-2.311771
1987-12-21,249.539993,-4.050395,,-14.888002,bottom,-2.003587,3.678412,-2.808153,8.331111,4.620507,-2.769091
1987-12-22,249.949997,-3.415305,,-14.563484,bottom,-0.839681,4.352771,-2.762348,8.130062,4.448894,-2.928583
1987-12-23,253.160004,-1.696629,,-13.138109,bottom,-2.430954,-3.931556,-2.665972,5.972262,3.124508,-4.159424
1987-12-24,252.029999,-1.69117,,-13.425517,bottom,1.539493,-1.817792,0.055533,6.456827,3.586878,-3.729712
1987-12-28,245.570007,-3.754748,,-15.840629,bottom,5.181642,-0.061105,1.61574,9.07947,6.311846,-1.197216
1987-12-29,244.589996,-3.607434,,-16.058071,bottom,5.681999,0.497555,1.939453,7.390064,6.737811,-0.801338
1987-12-30,247.860001,-1.750703,,-14.554265,bottom,5.192453,-0.802044,2.167098,4.207034,5.329624,-2.11006
1987-12-31,247.080002,-1.588086,,-14.693297,bottom,-1.500602,1.991531,3.963627,4.347993,5.662136,-1.801035
1988-01-04,255.940002,2.35148,,-11.010688,bottom,-3.357285,-1.599025,-0.352268,1.60078,2.004378,-5.200437
1988-01-05,258.630005,3.767922,,-9.813985,bottom,-5.242747,-3.666125,-1.190211,-0.216759,0.943434,-6.186444
1988-01-06,258.890015,4.218187,,-9.556204,bottom,-5.184445,-6.486565,-2.614122,0,0.842054,-6.280663
1988-01-07,261.070007,5.381717,,-8.56098,bottom,-5.994497,-7.115119,-3.45265,-1.925967,-1.532156,-7.06324
1988-01-08,243.399994,-1.146243,,-15.369808,bottom,3.492134,1.265584,3.058744,6.022826,5.616275,-0.316347
1988-01-11,247.490005,0.911792,,-13.523974,bottom,1.75826,1.873326,0.648425,7.020694,3.870864,-1.963716
1988-01-12,245.419998,0.430392,,-14.178276,bottom,1.576622,1.676845,2.534634,8.112662,4.746968,-1.136824
1988-01-13,245.809998,0.841097,,-13.83663,bottom,-1.30212,1.441899,4.31934,9.174972,4.580778,-1.293679
1988-01-14,245.880005,0.725814,,-13.620846,bottom,-1.120623,2.969142,4.013847,9.417076,4.551001,-1.321783
1988-01-15,252.050003,3.100336,,-10.968994,bottom,-2.22655,1.972096,2.189697,7.385569,2.213847,-3.737353
1988-01-18,251.880005,3.077211,,-10.857204,bottom,0.115065,1.246757,3.107472,7.53039,3.156258,-3.672384
1988-01-19,249.320007,2.048354,,-11.681695,bottom,0.100222,2.475913,3.890127,4.098239,4.215458,-2.683299
1988-01-20,242.630005,-0.633455,,-14.177108,bottom,2.744019,3.872443,6.107303,6.825891,7.088976,0.210194
1988-01-21,243.139999,-0.52902,,-13.741785,bottom,4.089764,3.662469,7.321738,6.40011,7.596441,1.38192
1988-01-22,246.5,0.752724,,-12.156792,bottom,4.198646,1.79316,7.478007,4.528752,7.764712,1.054769
1988-01-25,252.169998,2.898266,,-9.690686,bottom,1.131691,-1.224901,4.97018,1.558169,5.341641,-1.21743
1988-01-26,249.570007,1.829215,,-10.52027,bottom,2.375691,0.85779,5.783707,2.707731,6.439078,-0.188324
1988-01-27,249.380005,1.769447,,-10.377652,bottom,1.128424,2.877441,4.776226,4.224215,6.520174,-0.112278
1988-01-28,253.289993,3.341902,,-8.611729,bottom,-0.427295,1.044705,3.556361,3.575416,4.875843,-1.654225
1988-02-08,249.100006,1.378861,,-8.594715,bottom,4.217307,6.195081,7.845414,4.405722,8.161375,1.051784
1988-02-22,265.640015,6.961762,top,-0.096163,,0.817308,0.652882,1.160227,-3.935028,2.100582,-1.528395
1988-02-23,265.019989,6.587461,top,-0.14671,,0.826704,1.650334,1.431114,-5.295884,2.339451,-1.298016
1988-02-29,267.820007,6.834302,top,1.584345,,-0.164425,-0.542884,-3.712303,-5.491189,1.269507,-3.644242
1989-01-31,297.470001,6.921081,top,8.304635,,0.723501,-1.921049,-3.544802,3.990311,0.726125,-3.482709
1989-02-01,297.089996,6.668561,top,8.072332,,0.523719,-0.963938,-2.432657,4.137527,0.854963,-3.359255
1989-02-02,296.839996,6.447083,top,7.883932,,-0.263113,-0.686219,-1.925165,4.053627,0.939903,-3.277864
1989-02-07,299.630005,6.961468,top,8.477931,,-2.64455,-2.953444,-1.86966,2.680432,-0.327074,-4.178493
1989-02-08,298.649994,6.450769,top,8.0365,,-1.487657,-2.234732,-1.593068,2.95604,-0.632843,-3.864058
1989-05-19,321.23999,6.756136,top,9.421624,,0.108895,0.245623,0.202144,7.051498,1.777494,-0.908972
1989-05-22,321.980011,6.792975,top,9.506259,,-0.914167,0.699449,-0.226983,7.096618,1.543574,-1.136718
1989-06-02,325.519989,6.578664,top,9.571778,,0.358785,-1.289298,-2.343535,7.846294,0.89703,-2.316287
1989-06-07,326.950012,6.520147,top,9.602241,,-0.958865,-1.998739,-1.665428,7.22602,0.455724,-2.743539
1989-07-27,341.98999,5.808264,,9.931758,top,0.800901,1.813914,2.748511,1.500431,2.786631,-0.385969
1989-07-28,342.149994,5.679639,,9.854521,top,0.515989,0.754126,2.416852,0.780228,2.738564,-0.432553
1989-07-31,346.079987,6.624384,top,10.87182,top,0.95761,-0.876457,1.721689,-0.69007,1.736596,-1.563215
1989-08-01,343.75,5.763065,,10.075297,top,1.615965,0.278881,1.756125,-0.364299,2.426181,-0.895996
1989-08-02,344.339996,5.737828,,10.117419,top,0.752233,0.382611,1.815903,-1.879078,2.250682,-1.065802
1989-08-03,344.73999,5.651394,,10.092443,top,1.013013,-0.08415,1.927701,-2.848087,2.132043,-1.180593
1989-08-04,343.920013,5.218439,,9.717011,top,0.238137,0.611636,2.812483,-2.606962,2.852407,-0.944987
1989-08-07,349.410004,6.585577,top,11.147011,top,-1.834068,-2.533172,0.897479,-2.624219,1.236372,-2.501357
1989-08-08,349.350006,6.387657,top,10.983011,top,-1.337084,-2.363479,-0.031497,-2.360545,1.253758,-2.484612
1989-08-09,346.940002,5.539005,,10.152078,top,-0.369622,-0.647735,0.405588,-2.468682,1.957113,-1.807226
1989-08-10,348.25,5.748615,,10.392155,top,-1.097164,0.934596,0.146342,-3.099962,1.573585,-2.176593
1989-08-24,351.519989,5.422569,,9.900811,top,-0.019909,-0.788254,-1.279775,-2.859688,0.628704,-2.378239
1989-08-28,352.089996,5.309069,,9.763175,top,0.1334,-0.967483,-2.228635,-3.614782,0.465794,-2.536281
1990-06-04,367.399994,6.63581,top,7.431797,,-1.582955,-2.905155,-2.16257,-13.395141,-0.206853,-4.175285
1990-08-06,334.429993,-6.953131,bottom,-3.896759,,1.310044,-1.786026,-3.449666,-9.520253,1.683463,-8.184073
1990-08-07,334.829987,-6.753745,bottom,-3.783984,,1.352703,-3.950628,-3.167636,-9.65952,1.56199,-8.293758
1990-08-10,335.519989,-6.318619,bottom,-3.62175,,-2.318639,-7.425006,-4.22797,-6.441134,1.353126,-8.482353
1990-08-16,332.390015,-6.906168,bottom,-4.665514,,-7.926586,-4.202745,-4.794371,-5.774444,-1.167305,-7.620571
1990-08-17,327.829987,-8.140228,bottom,-6.041087,,-5.106367,-1.620598,-3.116732,-2.580043,0.207432,-6.335598
1990-08-20,328.51001,-7.792787,bottom,-5.825782,,-2.17564,-1.66364,-3.063089,-3.355416,-1.254146,-6.529485
1990-08-21,321.859985,-9.684181,bottom,-7.84481,,-0.161688,0.782992,-1.647746,-0.454643,0.786065,-4.598269
1990-08-22,316.549988,-11.140229,bottom,-9.462887,bottom,2.38486,1.227627,-1.6146,0.148366,2.476711,-2.997944
1990-08-23,307.059998,-13.930307,bottom,-12.442773,bottom,3.723841,5.184677,1.377819,3.223708,5.643854,1.387354
1990-08-24,311.51001,-12.256422,bottom,-10.940609,bottom,3.485769,3.197036,-2.246487,2.482488,4.1347,-2.221442
1990-08-27,321.440002,-8.920817,bottom,-7.765467,,0.512,-0.124516,-4.186729,-1.925463,0.917749,-5.242038
1990-08-28,321.339996,-8.733256,bottom,-7.751164,,0.94468,0.372744,-5.199127,-1.66626,0.949156,-5.212548
1990-08-29,324.190002,-7.64829,bottom,-6.835181,,-1.157233,-1.723647,-7.431918,-2.84397,0.061696,-7.162467
1990-08-30,318.709991,-9.132602,bottom,-8.492072,bottom,1.460836,-0.591626,-4.053312,-0.69267,1.782192,-5.566186
1990-08-31,322.559998,-7.73792,bottom,-7.259028,,-0.288733,-1.496134,-2.390701,-1.392334,0.567342,-6.693327
1990-09-04,323.089996,-7.403255,bottom,-7.061739,,-0.636516,-1.399449,-2.469185,-1.603673,0.40237,-6.846388
1990-09-05,324.390015,-6.823138,bottom,-6.627292,,-0.571935,-2.430737,-4.08683,-2.487605,-0.305195,-7.219708
1990-09-06,320.459991,-7.822061,bottom,-7.794619,,-0.566413,-2.842227,-2.454514,0.547711,0.917432,-6.081879
1990-09-07,323.399994,-6.709017,bottom,-6.832937,,-2.052462,-3.806858,-3.749059,0.21622,-0.26592,-6.935681
1990-09-10,321.630005,-7.058741,bottom,-7.333748,,-1.207402,-5.443523,-2.566623,1.456861,0.282935,-6.423531
1990-09-11,321.040009,-7.039964,bottom,-7.47232,,-0.762934,-4.062214,-5.092614,2.728449,0.467231,-6.25156
1990-09-12,322.540009,-6.407527,bottom,-6.974496,,-1.858802,-5.571872,-7.114551,2.004333,-1.206056,-6.867363
1990-09-13,318.649994,-7.427737,bottom,-8.143128,,-2.275814,-5.708271,-7.555987,2.815782,-0.015687,-7.277578
1990-09-14,316.829987,-7.795063,bottom,-8.665772,bottom,-1.754396,-3.461686,-5.448284,3.735808,0.558665,-6.744941
1990-09-17,317.769989,-7.290819,bottom,-8.312271,,-4.236122,-0.894566,-4.683619,2.691836,0.261201,-7.020801
1990-09-18,318.600006,-6.850211,bottom,-7.994925,,-3.29928,-1.069736,-6.376039,3.573184,-0.627746,-7.26303
1990-09-19,316.600006,-7.305345,bottom,-8.566222,bottom,-3.71307,-1.656093,-5.799856,3.945147,-0.439044,-6.6772
1990-09-20,311.480011,-8.736973,bottom,-10.127838,bottom,-3.432457,0.387713,-1.860013,4.807442,1.197502,-5.143193
1990-09-21,311.320007,-8.573269,bottom,-10.113001,bottom,-1.70729,0.057799,0.371916,4.613735,1.249513,-5.094442
1990-09-24,304.589996,-10.497781,bottom,-12.203957,bottom,3.341555,2.8769,3.284388,8.027752,3.486653,-2.997474
1990-09-25,308.26001,-9.054634,bottom,-10.926723,bottom,2.229544,-1.0304,1.321271,6.875495,2.254584,-4.152345
1990-09-26,305.059998,-9.828728,bottom,-11.883753,bottom,2.056977,-1.542679,2.441597,7.894774,3.327212,-3.146924
1990-09-27,300.970001,-10.884978,bottom,-13.138629,bottom,3.82017,-1.847716,3.010998,9.737108,4.731365,-1.83075
1990-09-28,306.049988,-8.9644,bottom,-11.379053,bottom,1.765089,-1.986598,-0.438797,7.504111,2.992976,-3.460218
1990-10-01,314.940002,-5.884317,,-8.449735,bottom,-0.464656,-3.789052,-4.235255,4.928297,0.085727,-6.185309
1990-10-03,311.399994,-6.56764,bottom,-9.434975,bottom,-3.599656,-4.143763,-2.405054,5.412809,1.079003,-5.118819
1990-10-04,312.690002,-5.910658,,-8.943493,bottom,-5.667886,-2.247726,-1.829944,5.454681,0.662,-5.510253
1990-10-05,311.5,-6.020581,,-9.243895,bottom,-3.751687,0.314116,0.112298,4.68775,1.046552,-5.14928
1990-10-08,313.480011,-5.1154,,-8.543808,bottom,-3.324397,0.407488,0.353459,2.653642,0.408319,-5.748379
1990-10-09,305.100006,-7.501937,bottom,-11.172857,bottom,-2.046359,2.351671,2.114487,5.080151,3.166176,-3.159625
1990-10-10,300.390015,-8.716944,bottom,-12.643783,bottom,-0.544107,3.984276,1.853613,4.888682,4.783779,-1.641207
1990-10-11,295.459991,-10.021499,bottom,-14.211563,bottom,3.42016,4.858714,4.029926,6.372167,6.532193,1.116909
1990-10-12,300.029999,-8.152864,bottom,-12.602421,bottom,4.065804,1.547801,4.468212,3.748474,4.909513,-0.423287
1990-10-15,303.230011,-6.792589,bottom,-11.470959,bottom,3.731884,-0.446203,5.220308,3.658783,5.358968,-1.474129
1990-10-16,298.920013,-7.934143,bottom,-12.819173,bottom,4.39803,1.704902,6.083713,5.312654,6.878093,-0.053527
1990-10-17,298.76001,-7.693528,bottom,-12.798257,bottom,4.528383,1.738709,6.992959,4.493183,7.243267,1.044315
1990-10-18,305.73999,-5.118484,,-10.427292,bottom,1.438554,0.417782,3.622979,2.579774,4.794925,-1.262506
1990-10-25,310.170013,-2.564334,,-8.696447,bottom,-1.020772,-0.828788,1.576949,5.68377,3.298185,-2.67273
1990-10-26,304.709991,-4.095092,,-10.380548,bottom,2.316185,2.920411,3.799439,8.036831,5.149159,-0.928748
1990-10-29,301.880005,-4.802271,,-11.212561,bottom,4.124059,5.66651,5.233621,10.344399,6.134884,0.702264
1990-10-30,304.059998,-3.922789,,-10.394854,bottom,2.455944,4.378811,4.466913,10.009445,5.373938,-0.019732
1990-10-31,304,-3.779901,,-10.295953,bottom,0.659011,5.254249,4.004279,10.017274,5.394735,0.661187
1990-11-01,307.019989,-2.625855,,-9.189329,bottom,0.191984,3.205197,4.832169,8.972199,4.950822,-0.328962
1990-11-07,306.01001,-2.37402,,-9.088777,bottom,4.595238,3.221933,7.26527,12.956119,7.813471,0.522851
1990-11-08,307.609985,-1.679791,,-8.441909,bottom,3.013213,2.405737,6.341842,13.269402,7.2527,1.992785
1991-02-04,348.339996,6.950357,top,8.749742,,5.647874,5.867403,7.832321,8.775514,8.147214,0.838265
1991-02-05,351.26001,7.561499,top,9.555274,,3.973956,3.875416,6.851449,8.001199,7.24819,1.49746
1991-02-06,358.070007,9.255076,top,11.408445,top,3.012229,1.908664,4.862124,6.154575,5.208477,-0.432881
1991-02-07,356.519989,8.63231,top,10.899813,top,2.136778,2.528627,5.040241,6.399141,5.665885,0.793789
1991-02-08,359.350006,9.210777,top,11.610113,top,2.666236,2.177321,3.717429,4.879679,4.833726,0.962847
1991-02-11,368.579987,11.502147,top,14.024594,top,0.219529,-1.577847,0.392633,2.658477,2.20848,-1.565465
1991-02-12,365.5,10.41736,top,13.058193,top,-0.09854,0.610986,2.451244,4.742124,3.069768,-0.735979
1991-02-13,369.019989,11.113512,top,13.855802,top,-1.103565,-0.529823,1.206719,1.804658,2.086611,-1.682833
1991-02-14,364.220001,9.577969,top,12.409901,top,0.391849,1.701439,2.540085,3.385032,3.431992,-0.38713
1991-02-15,369.059998,10.627767,top,13.606741,top,-0.488916,0.073129,0.823024,0.691259,2.075544,-1.693492
1991-02-19,369.390015,10.449513,top,13.571889,top,-1.797376,1.964917,-0.760899,-0.222236,1.984349,-1.78132
1991-02-20,365.140015,9.041964,top,12.308919,top,0.709526,2.976032,0.758468,1.91236,3.171383,-0.638116
1991-02-21,364.970001,8.753559,top,12.143013,top,0.573742,2.95346,0.440158,2.012657,3.219443,-0.59183
1991-02-22,365.649994,8.702975,top,12.218126,top,1.30959,2.511614,0.499235,1.796968,3.027487,-0.776698
1991-02-25,367.26001,8.897428,top,12.543793,top,0.562045,1.540108,0.697333,2.178887,2.575829,-1.211679
1991-02-26,362.809998,7.4485,top,11.225934,top,3.762293,1.970481,3.650739,3.621507,3.833964,1.039108
1991-02-27,367.73999,8.573162,top,12.454196,top,2.266506,1.840258,2.04828,1.944319,2.441946,-0.315441
1991-02-28,367.070007,8.17885,top,12.159818,top,2.379718,1.736542,2.195994,2.799147,2.628925,-0.133495
1991-03-01,370.470001,8.883677,top,12.95667,top,1.202024,0.838646,0.223786,3.049106,1.687046,-1.050021
1991-03-04,369.329987,8.3819,top,12.524901,top,0.978064,0.749895,2.716408,3.579604,2.753639,-0.744592
1991-03-05,376.720001,10.129513,top,14.367606,top,-1.791813,-2.725816,0.587568,2.68191,0.737948,-2.691658
1991-03-06,376.170013,9.746639,top,14.074715,top,-0.426248,-2.217564,0.952457,3.566951,0.957008,-2.549386
1991-03-07,375.910004,9.448103,top,13.855024,top,-0.643176,-2.513302,-0.146424,3.18102,1.026838,-2.481982
1991-03-08,374.950012,8.956288,top,13.453828,top,-0.363379,-2.012379,0.9846,3.354227,1.285499,-2.232304
1991-03-11,372.959991,8.21642,top,12.783553,top,-0.228168,-0.842775,0.160748,3.200591,1.825932,-1.710641
1991-03-12,370.029999,7.230503,top,11.859275,top,-0.934003,1.680259,0.839639,3.609448,2.632216,-0.93236
1991-03-13,374.570007,8.219034,top,12.918894,top,-1.791316,0.208022,0.813617,1.289139,1.388254,-2.133118
1991-03-14,373.5,7.703863,top,12.475532,top,-1.870126,0.459452,1.830531,1.348301,1.847388,-1.852748
1991-03-15,373.589996,7.518328,top,12.325372,top,-1.649,-0.61486,2.013902,1.977164,2.034317,-1.876391
1991-03-18,372.109985,6.920016,top,11.76745,top,-0.614607,1.966513,4.0836,1.212689,4.168125,-1.486119
1991-03-19,366.589996,5.250575,,10.118024,top,2.614262,3.313384,6.30559,2.967085,6.508638,-0.002731
1991-03-20,367.920013,5.439568,,10.311922,top,1.999338,3.170022,5.432462,3.831395,6.123613,-0.364217
1991-03-21,366.579987,4.899392,,9.795164,top,2.329578,2.366878,4.694654,3.629657,6.511546,0.245519
1991-03-22,367.480011,4.969861,,9.90874,top,1.03414,2.996979,3.599924,2.978489,6.25068,0.639484
1991-03-25,369.829987,5.409505,,10.409518,top,2.581119,1.003522,3.174876,1.412258,5.575542,0.39748
1991-03-26,376.299988,6.917745,top,11.981694,top,0.699122,-0.84062,1.702152,-0.234123,3.760304,-1.328727
1991-03-27,375.350006,6.451,top,11.572617,top,1.170684,0.605595,1.033668,0.637366,4.022914,-1.078998
1991-03-28,375.220001,6.185641,,11.379277,top,0.0373,1.371079,1.007642,-1.147219,4.058955,-1.044724
1991-04-01,371.299988,4.902312,,10.185271,top,1.962839,2.628762,0.633597,-0.175212,5.157561,0.498251
1991-04-02,379.5,6.811334,top,12.184984,top,-1.577597,2.117087,-1.102232,-2.106351,2.885379,-1.673256
1991-04-03,378.940002,6.365575,,11.842665,top,-1.539742,2.992206,0.355625,-1.205316,3.037423,-1.527949
1991-04-04,379.769989,6.28076,,11.852954,top,-0.565088,2.262441,0.197293,-2.293253,2.812235,-1.743159
1991-04-05,375.359985,4.814708,,10.499003,top,1.333779,2.327776,1.438874,0.679704,4.020148,-0.588766
1991-04-08,378.660004,5.391679,,11.188496,top,0.665923,0.602945,0.374301,-0.314762,3.113613,-1.455134
1991-04-11,377.630005,4.273304,,10.373841,top,2.827529,0.428073,1.477262,0.082057,3.394859,-1.051294
1991-04-12,380.399994,4.708728,,10.938556,top,0.993997,-0.363437,-1.232593,-1.13417,2.641961,-1.771817
1991-04-15,381.190002,4.672071,,10.983802,top,-0.062978,-1.995164,-1.168954,-1.440056,2.429237,-1.975393
1991-04-16,387.619995,6.091381,,12.473093,top,-1.52333,-3.219319,-4.215365,-2.785985,0.730101,-4.127754
1991-04-17,390.450012,6.547797,top,13.011119,top,-1.989176,-2.636581,-5.766928,-2.647102,-0.509674,-5.603792
1991-04-18,388.459991,5.763066,,12.310011,top,-2.399456,-2.065147,-4.27857,-1.574911,-1.096633,-5.120214
1991-04-19,384.200012,4.415293,,11.014645,top,-1.357434,-0.888901,-3.122155,-0.694757,-0.24727,-4.068195
1991-04-22,380.950012,3.356673,,9.973843,top,-1.932186,-0.228644,-2.302191,0.060352,0.603751,-3.249771
1991-04-23,381.76001,3.362567,,9.998622,top,-1.695989,-1.169851,-1.693322,0.941173,0.390295,-3.455051
1991-04-24,382.76001,3.413404,,10.070403,top,-0.647404,-1.116567,-1.731385,0.380712,0.128015,-3.707284
1991-12-30,415.140015,7.120761,top,7.10188,,0.542913,1.268594,-0.043374,-1.852586,1.356163,-0.602206
1991-12-31,417.089996,7.43499,top,7.484072,,0.241864,0.878432,-1.631594,-2.237807,0.882302,-1.618356
1992-01-02,417.26001,7.313343,top,7.445166,,0.08384,0.227413,-1.360897,-3.353306,0.841197,-1.658442
1992-01-03,419.339996,7.64455,top,7.862947,,-1.016257,-0.114534,-2.550493,-3.974548,0.34101,-2.518242
1992-01-06,417.959991,7.138487,top,7.455049,,-0.869883,-0.383548,-2.037556,-3.473845,0.672313,-2.196381
1992-01-07,417.399994,6.846721,top,7.243201,,0.725681,-1.14694,-0.854138,-3.206093,0.807378,-2.065164
1992-01-08,418.100006,6.857698,top,7.340539,,0.636569,0.007175,-1.024124,-4.300689,0.638599,-2.229134
1992-01-09,417.609985,6.607571,top,7.151674,,0.143573,-0.636584,-0.911683,-3.921592,0.756688,-2.11441
1992-01-14,420.440002,6.967309,top,7.593826,,-1.872621,-1.311968,-1.601567,-6.368265,0.078486,-2.773286
1992-01-15,420.769989,6.925685,top,7.587187,,-0.629394,-2.510026,-0.86884,-4.902303,-0.453931,-2.849536
1994-04-04,438.920013,-6.601439,bottom,-6.177506,,2.464145,0.803285,3.164115,1.964981,3.214705,0.692604
1995-06-22,551.070007,5.558956,,9.659364,top,-1.315162,0.957168,0.461667,5.593077,2.114062,-1.567862
1996-02-08,656.070007,6.536039,top,9.467721,,-0.726642,0.457745,-3.50075,-2.35345,0.820035,-3.440183
1996-02-09,656.369995,6.4,top,9.376327,,-1.286485,-0.904481,-2.522519,-2.797891,0.773956,-3.484315
1996-02-12,661.450012,6.988445,top,10.005272,top,-3.195109,-2.171726,-3.752344,-2.554072,-0.142112,-4.225567
1996-02-13,660.51001,6.675685,top,9.719227,top,-1.896731,-2.414963,-3.381232,-2.308002,-0.216498,-4.089266
1996-11-19,742.159973,6.50601,top,9.235315,,1.842368,0.395359,-1.441295,8.55911,2.003619,-2.853831
1996-11-20,743.950012,6.561224,top,9.382337,,1.47439,0.057782,0.243,9.279581,1.758185,-3.087577
1996-11-22,748.72998,6.797569,top,9.850106,top,1.040343,0.137476,-0.242035,6.972719,1.10855,-3.706276
1996-11-25,757.030029,7.650067,top,10.84944,top,-1.162564,-1.261514,-0.795728,5.741889,-0.001322,-4.762037
1996-11-26,755.960022,7.268305,top,10.606642,top,-1.447009,-2.035233,-0.018523,6.939141,0.140219,-4.627234
1996-11-27,755,6.905862,top,10.378082,top,-1.416609,-3.46326,0.236803,7.281957,0.267552,-4.505963
1996-11-29,757.02002,6.918917,top,10.539968,top,-2.328023,-3.82099,-0.419632,6.229693,-0.030388,-4.760778
1996-12-02,756.559998,6.620404,top,10.372188,top,-0.902867,-4.817047,-2.113217,4.964833,0.030398,-4.702868
1997-01-21,782.719971,5.439095,,9.772836,top,-2.287299,0.832081,3.73286,-2.71303,4.288891,-2.261339
1997-01-22,786.22998,5.694907,,10.060493,top,-1.761734,-1.016295,2.085626,-2.562338,3.823308,-2.697679
1997-02-12,802.77002,5.68048,,10.094477,top,0.003733,-0.96381,-1.659245,2.704845,1.684163,-1.645555
1997-02-13,811.820007,6.63728,top,11.049386,top,-1.245684,-2.620826,-2.32411,3.133361,0.550611,-2.741988
1997-02-14,808.47998,6.079614,,10.471477,top,0.222399,-1.642394,-1.592109,3.003378,0.96601,-2.340192
1997-02-18,816.289978,6.882638,top,11.261445,top,-0.523234,-3.153489,-3.316722,2.390678,-0.323409,-3.274569
1997-02-19,812.48999,6.263611,,10.626246,top,-0.841696,-1.300747,-3.343944,3.55339,0.142775,-3.288652
1997-02-24,810.280029,5.657379,,9.84106,top,-1.864793,0.415043,-2.422099,3.79962,0.415905,-3.409933
1997-02-25,812.030029,5.749064,,9.879453,top,-2.630255,-0.085009,-2.868228,3.309043,0.199499,-3.618093
1997-04-11,737.650024,-6.280302,bottom,-3.122333,,3.815648,3.688988,11.164723,21.954456,12.558795,0.824233
1997-05-15,841.880005,6.472542,top,8.13079,,-0.741569,0.757331,5.925142,10.704579,6.104197,-1.440823
1997-05-23,847.030029,6.662798,top,8.209069,,-0.079136,1.857422,3.661634,8.91489,6.100136,-0.816977
1997-05-27,849.710022,6.854914,top,8.416699,,-0.499065,1.814648,5.342469,10.029298,5.765495,-1.129802
1997-05-28,847.210022,6.4513,top,8.013171,,-0.841581,2.605022,4.813735,8.789915,6.077595,-0.838049
1997-05-30,848.280029,6.369118,top,7.917568,,1.140496,5.16781,4.497233,8.133673,5.94379,-0.963131
1997-06-06,858.01001,7.090423,top,8.48824,,4.027314,4.633352,6.124351,7.79633,6.865884,0.571085
1997-06-09,862.909973,7.50705,top,8.907753,,3.528357,1.804212,6.270368,7.257048,6.47113,0.273499
1997-06-10,865.27002,7.630174,top,9.034001,,3.313382,3.527822,4.7696,7.307801,6.180727,0.496953
1997-06-11,869.570007,7.972466,top,9.384326,,2.216588,2.208713,4.959103,6.61637,5.655668,1.040743
1997-06-12,883.460022,9.362673,top,10.824205,top,1.631288,0.024896,3.69124,5.262805,3.994519,-0.547849
1997-06-13,893.27002,10.244501,top,11.776829,top,0.606038,-0.670578,2.772234,4.418059,2.852439,-1.640044
1997-06-16,893.900024,10.085306,top,11.693196,top,-1.724145,-0.98481,3.502109,2.772486,3.564155,-1.709367
1997-06-17,894.419983,9.916198,top,11.601203,top,0.214439,-0.379731,4.60702,2.01113,4.714792,-1.766507
1997-06-18,889.059998,9.113329,top,10.860818,top,-0.007875,1.669786,4.674953,3.844991,5.346099,-1.174274
1997-06-19,897.98999,9.889331,top,11.712813,top,-1.606392,2.086129,1.909295,2.396474,4.298493,-2.157039
1997-06-20,898.700012,9.746919,top,11.640839,top,-1.276616,1.490999,1.572088,5.091267,4.216091,-2.23434
1997-06-23,878.619995,7.273338,top,9.237627,,0.739335,4.466156,6.110251,7.071379,6.59785,0.575903
1997-06-24,896.340027,8.986463,top,11.068757,top,-0.594171,1.241778,4.389375,5.528542,4.490483,-1.412414
1997-06-25,888.98999,7.900293,top,10.099087,top,1.67766,2.75039,5.611298,6.691272,5.771718,-0.597307
1997-06-26,883.679993,7.030561,top,9.359025,,3.692521,3.666344,6.049679,7.80665,6.407296,0.165221
1997-06-27,887.299988,7.162588,top,9.629099,,2.767615,3.442812,5.391301,7.030836,5.973177,-0.243432
1997-06-30,885.140015,6.66244,top,9.244076,,3.726821,4.486919,6.256722,6.488865,6.456601,0.665433
1997-07-01,891.030029,7.066572,top,9.766777,top,1.835949,4.986752,6.649146,5.127584,6.875183,1.458986
1997-07-02,904.030029,8.238551,top,11.066293,top,1.07273,3.005168,5.412599,4.45551,5.561759,0.388256
1997-07-03,916.919983,9.341863,top,12.320108,top,-0.026177,-0.176834,3.242672,3.895143,4.077784,-1.022991
1997-07-07,912.200012,8.519187,top,11.65677,top,0.675198,0.081089,4.091843,3.773547,4.616311,-0.510857
1997-07-08,918.75,8.875003,top,12.216804,top,0.760098,1.644095,3.593956,3.912649,3.870476,-1.220138
1997-07-09,907.539978,7.323146,top,10.848041,top,3.150803,3.147597,5.652895,5.667474,5.815725,0.595018
1997-07-10,913.780029,7.694562,top,11.392529,top,1.932438,2.860909,4.012396,5.456934,5.093127,-0.091929
1997-07-11,916.679993,7.710196,top,11.566427,top,-0.150657,2.383335,1.822535,5.930699,4.76066,-0.407993
1997-07-14,918.380005,7.588386,top,11.613356,top,-0.594109,1.948489,2.007203,6.811993,4.566737,-0.592348
1997-07-15,925.76001,8.077127,top,12.271635,top,0.883997,1.769803,0.083142,5.063201,3.733149,-1.384809
1997-07-16,936.590027,8.896838,top,13.272984,top,-0.003206,1.662394,-1.567871,3.568939,2.533657,-2.52512
1997-07-17,931.609985,8.058786,top,12.576304,top,0.92847,2.407431,-0.736918,3.726354,3.081764,-2.004056
1997-07-18,915.299988,6.018223,,10.65774,top,2.533992,3.419507,-1.595751,5.60835,4.918608,-1.583086
1997-07-21,912.940002,5.486285,,10.249862,top,2.542598,4.010755,-0.049305,6.091456,5.189827,-1.328675
1997-07-22,933.97998,7.440122,top,12.36517,top,0.885806,1.949861,-0.856996,3.34189,2.820192,-3.551466
1997-07-23,936.559998,7.401984,top,12.487282,top,1.6656,2.505298,0.297454,1.97595,2.536945,-3.817161
1997-07-24,940.299988,7.520657,top,12.730548,top,1.47896,1.151487,-1.635118,0.409665,2.12911,-4.199723
1997-07-25,938.789978,7.097628,top,12.41689,top,0.885514,-0.5608,-1.63777,1.775808,2.293381,-4.045631
1997-07-28,936.450012,6.585543,top,12.019505,top,1.468157,0.058714,-1.75486,3.754772,2.548988,-3.805864
1997-07-29,942.289978,6.961709,top,12.476742,top,1.064055,-1.68666,-3.155525,2.742509,1.913427,-4.40204
1997-07-30,952.289978,7.786285,top,13.360078,top,0.839698,-3.230265,-4.136728,-0.168155,0.843234,-5.405914
1997-07-31,954.309998,7.759051,top,13.407334,top,-0.327473,-3.144348,-5.452433,-1.336551,0.629775,-5.606145
1997-08-01,947.140015,6.756969,top,12.49183,top,-1.446314,-5.015258,-5.164126,-7.695135,1.391557,-5.033051
1997-08-04,950.299988,6.84552,top,12.664823,top,-1.409443,-4.06006,-2.419865,-3.039522,1.054406,-5.348839
1997-08-05,952.369995,6.823771,top,12.733624,top,-2.750715,-2.806857,-2.607277,-3.549343,0.834761,-5.554566
1997-08-06,960.320007,7.425514,top,13.417445,top,-4.069963,-2.207845,-3.114694,-6.079126,-0.950725,-6.336433
1997-08-07,951.190002,6.249793,,12.32065,top,-2.816876,-2.786606,-2.355129,-3.920516,-1.244759,-5.437403
1997-08-08,933.539978,4.195097,,10.331522,top,-3.568943,-1.07697,-0.25097,0.582103,0.622362,-3.64955
1997-08-11,937,4.388107,,10.578305,top,-2.650617,-1.813574,-0.361378,0.400479,0.250798,-4.005339
1997-08-20,939.349976,3.574602,,10.008139,top,-2.768582,-0.906849,0.841713,-2.445152,0.845266,-4.24549
1997-10-27,876.98999,-6.991926,bottom,-4.010849,,6.830924,4.91056,7.645497,8.792416,9.817676,3.043365
1998-02-26,1048.670044,6.702874,top,8.61908,,-1.307295,2.006118,4.85145,5.726059,5.433547,-1.298787
1998-02-27,1049.339966,6.640086,top,8.578803,,0.603316,1.819736,4.299469,4.169764,5.366236,-1.361801
1998-03-03,1052.02002,6.638736,top,8.630832,,1.155818,2.666543,4.618768,4.241381,5.097812,-1.613084
1998-03-06,1055.689941,6.650954,top,8.649279,,1.21642,4.035176,6.154193,3.493292,6.347509,-0.320159
1998-03-10,1064.25,7.170435,top,9.240931,,1.510725,3.816309,4.168425,2.832873,5.492126,0.396521
1998-03-11,1068.469971,7.375344,top,9.528968,,1.583146,3.083555,3.058139,4.160376,5.07548,0.013104
1998-03-12,1069.920044,7.315474,top,9.559441,,1.835521,2.845331,3.737956,4.191599,4.93307,-0.122445
1998-03-13,1068.609985,7.016763,top,9.33576,,2.818756,2.479733,3.772192,4.554934,5.061713,0.997561
1998-03-16,1079.27002,7.823463,top,10.22241,top,1.497166,1.319008,3.324192,3.012708,4.02401,0.109327
1998-03-17,1080.449951,7.741024,top,10.221823,top,2.305584,1.952225,3.534373,1.299311,3.910408,0.469255
1998-03-18,1085.52002,7.992376,top,10.569564,top,1.500408,2.063283,2.065089,1.219589,3.42508,0.388751
1998-03-19,1089.73999,8.142898,top,10.828094,top,1.009811,2.73985,2.981516,-1.175043,3.026408,0.354212
1998-03-20,1099.160034,8.762562,top,11.557714,top,-0.339023,2.119017,2.203605,-1.058208,2.228064,-0.505846
1998-03-23,1095.550049,8.175022,top,11.107788,top,-0.178158,2.330351,2.800985,1.049644,2.840582,-0.177999
1998-03-24,1105.650024,8.807592,top,11.890947,top,-0.353359,0.352115,2.226201,0.065096,2.251166,-1.089861
1998-03-25,1101.930054,8.198547,top,11.429629,top,0.562874,-0.025416,1.589034,-0.11623,2.596352,-0.755953
1998-03-26,1100.800049,7.854167,top,11.208116,top,1.730039,0.892624,0.642912,0.218684,2.701671,-0.654076
1998-03-27,1095.439941,7.162192,top,10.609627,top,2.45804,1.292459,-0.815768,2.171716,3.204201,-0.81245
1998-03-30,1093.599976,6.792975,top,10.339297,top,2.508509,2.005184,-0.779363,3.528808,3.377841,-0.776334
1998-03-31,1101.75,7.328991,top,10.981588,top,0.705475,1.582149,-0.649256,2.468046,2.613119,-1.510326
1998-04-01,1108.150024,7.695064,top,11.447487,top,-0.58829,0.001807,0.324337,2.235347,2.020486,-2.079144
1998-04-02,1120.01001,8.510721,top,12.386164,top,-0.837415,0.241666,0.088352,1.636519,0.940173,-3.116046
1998-04-03,1122.699951,8.493796,top,12.494993,top,-1.165581,0.084588,-0.056131,0.987362,0.698324,-3.348176
1998-04-06,1121.380005,8.109322,top,12.248523,top,-0.503325,0.470634,-0.525734,2.394896,0.816854,-3.234409
1998-04-07,1109.550049,6.756076,top,11.071059,top,0.876674,1.874086,-0.41816,3.268951,1.891757,-2.2027
1998-04-08,1101.650024,5.78081,,10.242532,top,0.590097,1.61445,-0.592686,4.930651,2.622431,-1.501388
1998-04-09,1110.670044,6.342429,,10.92781,top,1.079081,-0.249712,-0.228053,3.884248,1.78901,-2.301319
1998-04-13,1109.689941,6.011814,,10.701085,top,1.250169,-2.108227,-0.275223,4.98243,1.878912,-2.215029
1998-04-14,1115.75,6.293574,,11.111951,top,0.973959,-2.784547,0.003588,3.765108,1.325569,-2.746136
1998-04-15,1119.319946,6.362293,,11.308746,top,0.997412,-2.231404,-0.041101,3.942447,1.002403,-3.056317
1998-04-16,1108.170044,5.155775,,10.191244,top,1.024353,0.32253,0.826766,5.017407,2.018643,-2.080913
1998-04-17,1122.719971,6.21993,,11.352527,top,-1.328793,-0.153314,-1.253909,4.770716,0.696529,-3.349899
1998-04-20,1123.650024,6.049331,,11.284109,top,-3.358397,-0.140719,-1.599524,4.452415,0.613182,-3.429897
1998-04-21,1126.670044,6.051664,,11.345442,top,-3.758507,-0.996368,-1.533891,4.962366,0.34349,-3.688752
1998-04-22,1130.540039,6.122128,,11.515592,top,-3.228816,-2.292246,-1.020633,4.852305,-0.749208,-4.018438
1998-04-23,1119.579956,4.912249,,10.375782,top,-0.701823,-2.207135,-0.442208,5.60294,0.222404,-3.078831
1998-08-27,1042.589966,-7.080118,bottom,-6.367592,,-5.96072,-3.268877,0.206965,10.976775,2.254002,-8.182501
1998-08-28,1027.140015,-8.472227,bottom,-7.832728,,-5.323516,0.250864,2.076346,14.566968,3.792078,-6.801408
1998-08-31,957.280029,-15.282279,bottom,-14.793036,bottom,6.684838,8.064682,9.151573,21.170444,11.366573,1.735123
1998-09-01,994.26001,-11.310336,bottom,-10.945934,bottom,1.19374,5.023262,2.262349,17.707611,7.224464,-2.048759
1998-09-02,990.47998,-11.499548,bottom,-11.268132,bottom,-1.044322,2.825979,-0.413783,18.547496,7.633671,-1.674942
1998-09-03,982.26001,-12.137702,bottom,-12.028545,bottom,2.691843,3.779011,2.049583,16.944366,8.534396,-0.852116
1998-09-04,973.890015,-12.811928,bottom,-12.804122,bottom,5.57438,5.006602,1.495096,18.796335,9.467183,0.646889
1998-09-08,1023.460022,-7.733778,bottom,-7.792793,,1.379844,0.601045,-3.871901,13.488249,4.165277,-4.227817
1998-09-09,1006.200012,-9.327811,bottom,-9.430671,bottom,3.829522,5.781685,-3.59393,13.370282,5.952092,-3.530115
1998-09-10,980.190002,-11.784598,bottom,-11.95994,bottom,3.870301,6.18415,-2.139665,18.275674,8.763603,-2.116937
1998-09-11,1009.059998,-8.733498,bottom,-8.991871,bottom,1.087168,3.475842,-2.475231,16.299942,5.651792,-4.917447
1998-09-14,1029.719971,-6.590646,bottom,-6.907771,,-0.567778,1.825482,-3.15795,13.739636,3.532028,-6.825153
1998-09-17,1018.869995,-7.313983,bottom,-7.818796,,2.313849,-3.239762,2.770265,13.527932,4.634543,-5.832932
1998-09-18,1020.090027,-7.022674,bottom,-7.643506,,2.388674,-1.729428,3.499499,11.218941,4.5094,-5.945556
1998-09-21,1023.890015,-6.490209,bottom,-7.212741,,2.39326,-3.511506,3.691199,12.724754,4.121532,-6.294623
1998-10-01,986.390015,-8.847397,bottom,-10.473776,bottom,-2.770205,6.010027,9.614026,21.704421,10.091347,-2.732186
1998-10-02,1002.599976,-6.975894,bottom,-8.757646,bottom,-1.832971,5.228927,9.15038,21.397344,9.582094,-4.304805
1998-10-05,988.559998,-8.113274,bottom,-10.06828,bottom,0.921334,7.202704,11.730634,22.008803,12.446384,-2.945698
1998-10-06,984.590027,-8.234524,bottom,-10.376439,bottom,1.031636,7.749959,12.06464,22.191788,12.89978,-2.554365
1998-10-07,970.679993,-9.334306,bottom,-11.68322,bottom,3.527322,9.734235,14.189895,23.522667,15.246019,-1.15795
1998-10-08,959.440002,-10.161607,bottom,-12.722418,bottom,8.780231,11.695812,16.70244,26.036433,18.17831,2.600477
1998-10-09,984.390015,-7.280648,bottom,-10.046304,bottom,7.061898,8.401777,14.764695,25.65908,15.91036,1.057505
1998-10-12,997.710022,-5.638566,,-8.600503,bottom,6.28137,7.211708,12.468717,24.109687,14.362889,-0.291671
1998-10-13,994.799988,-5.631329,,-8.796922,bottom,6.718323,6.850754,12.589021,24.823032,14.697429,1.078613
1998-11-02,1111.599976,6.687876,top,2.717439,,1.659417,2.159848,5.570605,14.07784,7.262503,-0.068371
1998-11-03,1110.839966,6.575088,top,2.654075,,1.556018,2.531509,5.29551,13.625986,7.335889,0.616648
1998-11-04,1118.670044,7.197906,top,3.348824,,0.205384,2.280985,2.774317,12.054931,6.584597,-0.087613
1998-11-05,1133.849976,8.466315,top,4.675073,,-1.43549,1.641002,3.7129,11.502655,5.157647,-1.425236
1998-11-06,1141.01001,8.99012,top,5.280319,,-1.349104,1.956187,4.010478,9.002097,4.497765,-2.043809
1998-11-09,1130.199951,7.930458,top,4.319814,,0.500431,5.005338,4.428869,9.223285,5.497258,-1.106885
1998-11-10,1128.26001,7.687508,top,4.137536,,0.975491,4.736849,4.779106,9.747047,5.678651,-0.936847
1998-11-11,1120.969971,7.007747,top,3.481225,,2.075601,5.712523,3.854392,8.148756,6.365914,-0.292606
1998-11-12,1117.689941,6.683413,top,3.169972,,3.076492,6.464534,4.270948,9.049251,6.678061,0.718449
1998-11-13,1125.719971,7.344912,top,3.860082,,3.305291,3.312163,1.365749,10.794757,5.917101,0.901647
1998-11-16,1135.869995,8.155511,top,4.728248,,4.504907,3.410757,2.345778,7.972099,4.970636,0.303728
1998-11-17,1139.319946,8.377334,top,4.994217,,3.761358,2.764001,1.965943,8.618676,4.652776,0.165011
1998-11-18,1144.47998,8.747122,top,5.404972,,3.636922,0.493332,3.05471,6.719835,4.180936,-0.286596
1998-11-19,1152.609985,9.346291,top,6.067193,,3.388042,2.071897,3.026757,7.088652,3.446089,-0.98993
1998-11-20,1163.550049,10.099112,top,6.949804,,0.006871,2.05429,3.320968,6.300641,3.376728,-1.920854
1998-11-23,1188.209961,11.941425,top,8.97536,,-1.09415,-0.576469,1.284416,6.825259,1.2927,-3.956372
1998-11-24,1182.98999,11.145026,top,8.482056,,-0.997357,0.042257,3.778138,7.190052,3.850417,-3.532578
1998-11-25,1186.869995,11.169578,top,8.75496,,-3.14359,-1.858131,3.265747,5.454828,3.510919,-3.84794
1998-11-27,1192.329956,11.31211,top,9.157302,,-1.316144,-2.193585,2.743142,4.324227,3.036918,-4.288243
1998-11-30,1163.630005,8.592135,top,6.681488,,2.047419,-1.946414,6.502561,6.221923,6.718635,-1.927593
1998-12-01,1175.280029,9.274498,top,7.615922,,0.517681,-1.064979,4.707565,5.050339,5.660781,-2.899741
1998-12-02,1171.25,8.701324,top,7.217043,,1.039614,-0.798058,4.831639,4.527737,6.024338,-2.565639
1998-12-03,1150.140015,6.659342,top,5.342346,,1.285458,2.561379,6.558455,6.525877,7.970338,-0.777302
1998-12-04,1176.73999,8.641792,top,7.560652,,-0.877441,0.95486,5.621094,5.770405,5.782079,-3.020212
1998-12-07,1187.699951,9.293391,top,8.42619,,-3.993833,1.266678,6.883908,7.129609,7.12638,-3.91513
1998-12-08,1181.380005,8.52658,top,7.835413,,-1.58266,1.860884,7.212101,8.230735,7.699467,-3.401112
1998-12-09,1183.48999,8.48126,top,7.95068,,-1.837672,3.735881,7.454905,7.826735,7.739818,-3.573333
1998-12-10,1165.02002,6.725241,top,6.330625,,1.27592,5.123879,8.144809,9.94513,9.447902,-2.044606
1998-12-11,1166.459961,6.623188,top,6.41836,,1.832301,4.936727,6.074266,10.660461,9.312793,-2.165527
1998-12-17,1179.97998,7.005685,top,7.4854,,3.847958,3.997077,5.92448,9.518842,8.060305,0.682219
1998-12-18,1188.030029,7.465692,top,8.124066,,3.104426,4.666233,5.612908,10.271822,7.328092,1.246596
1998-12-21,1202.839966,8.465894,top,9.321668,,3.188464,5.61723,2.651515,7.713259,6.006618,0.060688
1998-12-22,1203.569946,8.293273,top,9.338885,,2.328999,5.351217,1.780379,7.476953,5.942323,0.716202
1998-12-23,1228.540039,10.076989,top,11.33821,top,0.056144,3.719023,0.44182,2.69822,3.789044,-1.330856
1998-12-24,1226.27002,9.578551,top,11.098874,top,0.149118,3.02093,2.101284,3.392896,3.981174,-1.148204
1998-12-28,1225.48999,9.157923,top,10.99037,top,1.561807,1.137539,1.432385,5.12937,4.047359,-1.085284
1998-12-29,1241.810059,10.124959,top,12.250132,top,2.428766,-0.5985,1.879453,3.247519,2.679951,-2.385237
1998-12-30,1231.930054,8.965379,top,11.400074,top,3.022218,-1.61535,3.799671,6.157484,3.872782,-1.602373
1998-12-31,1229.22998,8.384603,top,11.13212,top,3.66288,1.134903,3.498838,5.655308,4.100944,-1.386237
1999-01-04,1228.099976,7.913799,top,11.001875,top,2.871812,1.927403,2.722159,4.635605,4.19673,-1.2955
1999-01-05,1244.780029,8.844606,top,12.297948,top,-0.424268,0.946674,2.168662,3.856294,2.800494,-2.61814
1999-01-06,1272.339966,10.61418,top,14.42097,top,-3.027266,-2.965715,-1.892288,3.762216,0.57375,-4.727512
1999-01-07,1269.72998,10.013394,top,14.152867,top,-4.637567,-3.570838,-2.417685,3.722772,0.780484,-4.531675
1999-01-08,1275.089966,10.028805,top,14.505342,top,-2.527977,-3.277204,-2.486963,3.982113,0.356841,-4.932987
1999-01-11,1263.880005,8.773151,top,13.547674,top,-0.944409,-0.919647,-3.850444,6.144899,1.246955,-4.089792
1999-01-12,1239.51001,6.550077,top,11.543719,top,1.370942,0.294846,-1.295964,8.416546,3.23757,-2.204102
1999-01-13,1234.400024,5.881778,,11.059213,top,0.06155,2.477952,1.578533,9.58918,3.664938,-1.799261
1999-01-15,1243.26001,6.12677,,11.648275,top,-0.749227,2.363935,-0.111867,6.626831,2.926178,-2.181361
1999-01-19,1252,6.568125,top,12.257152,top,0.024762,0.794756,-2.259356,5.504621,2.207669,-2.864216
1999-01-20,1256.619995,6.683536,top,12.526658,top,-1.076097,1.221988,-1.551013,4.84483,1.8319,-3.221338
1999-01-21,1235.160034,4.72806,,10.734869,top,2.416402,1.073427,0.328158,4.303848,3.601151,-1.539883
1999-01-22,1225.189941,3.701566,,9.845926,top,4.348291,1.153153,3.760465,6.400334,4.444215,-0.738655
1999-01-25,1233.97998,4.178673,,10.469628,top,3.113162,0.79024,2.970094,7.952519,3.700225,-1.445726
1999-01-26,1252.310059,5.394095,,11.809121,top,0.769994,-2.930797,0.087797,8.162674,2.182363,-2.888266
1999-01-27,1243.170044,4.440945,,10.955547,top,2.298085,-1.59081,0.148701,8.750121,2.933627,-2.174283
1999-01-28,1265.369995,5.977577,,12.594186,top,-1.342975,-0.899419,-2.16009,7.214957,1.127735,-3.89056
1999-01-29,1279.640015,6.86431,top,13.573646,top,-3.195139,-3.945894,-3.456897,6.296264,-0.518897,-4.962333
1999-02-01,1273,6.118106,,12.911882,top,-2.322921,-2.475802,-3.80274,5.940215,-0.067556,-4.466613
1999-02-02,1261.98999,5.050176,,11.899574,top,-3.700791,-3.054111,-2.754737,6.208946,0.804287,-3.633149
1999-02-03,1272.069946,5.653925,,12.555515,top,-3.888894,-2.773001,-2.019351,4.84207,0.005508,-4.396765
1999-02-04,1248.48999,3.63396,,10.55561,top,0.443556,-0.745269,2.13799,8.159354,2.161009,-2.591128
1999-02-05,1239.400024,2.752163,,9.69392,top,-0.750755,2.607312,3.436319,7.205416,3.496043,-1.876715
1999-02-08,1243.77002,2.944595,,9.927356,top,-0.15288,2.179854,2.858794,7.996295,3.132409,-2.221472
1999-02-11,1254.040039,3.313429,,10.452029,top,-1.188824,-1.260671,3.182365,6.652314,3.479954,-2.393066
1999-02-22,1272.140015,4.033743,,11.129134,top,-2.869071,0.829007,1.936109,4.69715,3.490971,-3.666264
1999-02-23,1271.180054,3.838031,,10.824078,top,-3.659672,0.67894,-0.713694,5.58757,3.569124,-3.593516
1999-03-05,1275.469971,3.436123,,9.718886,top,1.48793,1.850328,3.516514,1.46244,3.579075,-1.045102
1999-03-08,1282.72998,3.866742,,10.104463,top,1.894275,1.107102,2.704138,0.937341,2.992837,-1.605168
1999-03-09,1279.839966,3.511146,,9.705011,top,2.052491,-1.392634,3.610283,1.527534,3.676245,-1.382982
1999-03-10,1286.839966,3.892425,,10.077442,top,0.849632,-1.428355,4.344577,3.129621,4.440336,-1.919427
1999-03-11,1297.680054,4.554736,,10.716798,top,1.443662,-0.594364,3.830351,2.79936,3.904654,-2.738737
1999-03-12,1294.589966,4.110355,,10.282365,top,0.362398,-0.914879,4.828283,1.741291,4.946743,-2.506581
1999-03-15,1307.26001,4.890733,,11.054343,top,-0.787173,0.222358,3.203786,0.866756,3.929593,-3.451494
1999-03-16,1306.380005,4.630199,,10.790158,top,-3.445125,-0.431894,1.674532,-0.272885,3.999602,-3.386456
1999-03-17,1297.819946,3.815453,,9.968225,top,-2.277987,-0.88616,1.910259,-0.322593,4.685554,-2.74922
1999-03-18,1316.550049,5.077017,,11.207039,top,-2.038026,-1.749295,0.185916,-1.727652,3.196229,-4.132774
1999-03-19,1299.290039,3.628968,,9.707306,top,-1.277276,1.666187,-0.757897,0.143821,4.567107,-2.859256
1999-04-08,1343.97998,6.003991,,10.361727,top,-1.584686,1.098129,-0.89162,3.454569,1.400324,-4.05512
1999-04-09,1348.349976,6.185395,,10.479653,top,-2.200773,0.628421,-0.248759,2.906871,1.071686,-4.366077
1999-04-12,1358.630005,6.781696,top,11.031977,top,-5.223782,0.10373,-1.358334,2.703386,0.30693,-5.089688
1999-04-13,1349.819946,5.950614,,10.184746,top,-3.287199,0.957023,0.428032,3.250738,0.961617,-4.470223
1999-11-16,1420.069946,6.829781,top,6.2507,,-1.092508,-1.586381,-0.475754,-2.347648,0.931651,-2.194252
1999-11-18,1424.939941,7.058652,top,6.443524,,-0.585592,0.584985,-0.274769,-1.619418,0.586699,-2.528521
1999-11-19,1422,6.776848,top,6.157688,,-1.001485,0.093483,-0.275346,-2.443822,0.794659,-2.327002
1999-11-22,1420.939941,6.61117,top,6.00748,,-2.279929,-0.831767,0.875163,-2.326741,0.879004,-2.254135
1999-12-03,1433.300049,6.751813,top,6.385709,,-1.14093,-0.859753,1.517756,-3.848318,2.508194,-2.102142
1999-12-23,1458.339966,6.598453,top,7.499149,,0.745329,-1.163537,-3.973426,2.407129,0.748113,-4.040205
2000-03-23,1527.349976,7.754548,top,9.26398,,-2.615499,-1.717617,-6.268992,-2.744625,0.007201,-11.182108
2000-03-24,1527.459961,7.686308,top,9.137873,,-1.908824,-0.730008,-6.602967,-3.430438,-0.235684,-11.188503
2000-03-27,1523.859985,7.380391,top,8.76899,,-1.180939,-1.281258,-3.093576,-2.97925,-0.492828,-10.978694
2000-10-11,1364.589966,-7.181752,bottom,-6.60852,,-1.659608,0.022719,3.222496,-5.167944,4.953867,-2.550945
2000-10-12,1329.780029,-9.592661,bottom,-9.135341,bottom,4.339773,2.573051,5.155871,-2.203404,7.701267,0.928723
2000-10-13,1374.170044,-6.170687,bottom,-5.792616,,1.642707,0.392913,-0.597784,-4.532972,4.222177,-2.331592
2000-10-17,1349.969971,-7.696397,bottom,-7.454095,,3.505328,5.717244,2.413652,-2.354966,6.090504,-0.580751
2000-10-18,1342.130005,-8.127443,bottom,-7.973322,,1.682328,5.725773,3.490918,-1.160092,6.710225,0.680262
2000-10-25,1364.900024,-6.162666,bottom,-6.160571,,4.043445,3.199777,-3.166318,-0.330239,4.930025,-3.116715
2000-10-26,1364.439941,-6.111085,bottom,-6.15999,,4.575485,2.58282,-1.675439,-0.010253,4.965407,-3.084046
2000-11-13,1351.26001,-6.098343,bottom,-7.054031,,-0.641457,-1.129009,1.463422,-2.738335,2.852896,-2.687126
2000-11-22,1322.359985,-7.072934,bottom,-8.944835,bottom,-0.56194,1.589739,-3.658165,-5.20673,4.373995,-4.357361
2000-11-30,1314.949951,-6.623798,bottom,-9.154571,bottom,2.15168,1.956484,0.404525,-5.873566,4.962166,-3.818393
2000-12-01,1315.22998,-6.380099,bottom,-9.044058,bottom,4.071891,-0.234451,-2.460002,-5.790873,4.939818,-3.838872
2000-12-15,1312.150024,-5.21225,,-8.626105,bottom,-0.473632,-2.225551,1.311331,-11.162512,2.698627,-3.613157
2000-12-19,1305.599976,-5.399431,,-8.969772,bottom,1.770393,2.102436,2.790068,-10.896682,3.245251,-3.129595
2000-12-20,1264.73999,-8.38235,bottom,-12.038537,bottom,5.348027,2.622765,5.996491,-10.154269,6.580798,0.800164
2000-12-21,1274.859985,-7.401354,bottom,-11.127767,bottom,3.50075,1.63382,6.494243,-12.759877,6.70976,0.659683
2000-12-22,1305.949951,-4.806797,,-8.636259,bottom,-1.751918,-0.395121,4.37108,-15.576511,4.468019,-1.736662
2001-01-02,1283.27002,-5.841049,,-9.917001,bottom,1.356797,3.536882,6.248257,-11.143382,7.049176,0.981085
2001-01-05,1298.349976,-4.404386,,-8.432402,bottom,1.543848,3.373726,4.219793,-15.992851,5.805831,-0.191781
2001-01-08,1295.859985,-4.51189,,-8.507562,bottom,2.348243,4.860424,4.260272,-16.091419,6.009136,0.381219
2001-02-21,1255.27002,-5.90279,,-9.142049,bottom,-1.228776,0.52599,-11.211311,2.612028,0.986242,-10.605687
2001-02-22,1252.819946,-5.986769,,-9.185981,bottom,-0.929416,0.946959,-11.423137,3.076345,1.183736,-10.794847
2001-02-23,1245.859985,-6.414578,bottom,-9.578,bottom,-0.941922,-1.003521,-8.894695,5.235904,1.748996,-10.296504
2001-02-28,1239.939941,-6.605123,bottom,-9.594636,bottom,1.754766,-6.087516,-7.244418,4.203366,2.000101,-9.868219
2001-03-01,1241.22998,-6.407984,bottom,-9.330987,bottom,1.876375,-5.606089,-7.812511,2.910748,1.89409,-9.961895
2001-03-02,1234.180054,-6.863175,bottom,-9.741256,bottom,-0.061599,-7.018409,-6.170242,2.697887,2.476133,-9.447576
2001-03-05,1241.410034,-6.108548,bottom,-9.005219,bottom,-5.059781,-5.855199,-8.008369,0.535848,1.879311,-9.974954
2001-03-09,1233.420044,-6.208092,bottom,-9.097434,bottom,-6.95681,-7.891174,-8.89635,3.985438,-2.899256,-10.553586
2001-03-12,1180.160034,-10.379295,bottom,-13.348308,bottom,-0.795418,-2.355176,-3.673809,7.339049,1.48285,-6.516916
2001-03-13,1197.660034,-8.700471,bottom,-11.71418,bottom,-4.704581,-1.301791,-2.47515,6.411254,-1.293355,-7.882874
2001-03-14,1166.709961,-11.09617,bottom,-14.15606,bottom,-3.89502,-1.156903,-0.070303,8.085268,1.325101,-5.439223
2001-03-15,1173.560059,-10.333415,bottom,-13.399704,bottom,-4.887632,-2.206421,0.843424,6.66075,0.84699,-5.991177
2001-03-16,1150.530029,-12.094531,bottom,-15.196262,bottom,-0.934364,0.848168,2.502053,8.758988,2.865633,-4.109413
2001-03-19,1170.810059,-10.174053,bottom,-13.281925,bottom,-1.559758,-2.15317,1.777734,5.870498,1.79363,-5.770369
2001-03-20,1142.619995,-12.454107,bottom,-15.541602,bottom,3.40279,-3.215817,8.030257,6.542042,8.361488,-3.44559
2001-03-21,1122.140015,-14.065863,bottom,-17.159982,bottom,2.738117,-1.697722,11.085357,7.897959,11.723129,-1.683392
2001-03-22,1117.579956,-14.229699,bottom,-17.35383,bottom,2.681211,2.984769,10.634611,7.815645,12.178993,-1.282231
2001-03-23,1139.829956,-12.031262,bottom,-15.196329,bottom,1.782532,-1.005176,7.153916,6.187119,9.989208,-3.209247
2001-03-26,1152.689941,-10.680606,bottom,-13.896178,bottom,-0.593412,-1.318633,4.808393,5.932304,8.762113,-4.289093
2001-03-27,1182.170044,-7.957485,bottom,-11.217016,bottom,-6.618608,-1.173359,3.864562,4.536969,6.049882,-6.675862
2001-03-28,1153.290039,-10.213129,bottom,-13.513077,bottom,-4.435839,1.0866,6.806349,6.060774,8.705521,-4.338895
2001-03-29,1147.949951,-10.500508,bottom,-13.795012,bottom,0.303558,3.049845,8.760292,5.972494,9.211202,-3.893894
2001-03-30,1160.329956,-9.182801,bottom,-12.564968,bottom,-2.787708,1.653885,7.400702,4.748719,8.045986,-4.919287
2001-04-02,1145.869995,-10.190872,bottom,-13.656612,bottom,-0.725221,3.930904,10.00456,5.534005,10.522131,-3.719444
2001-04-03,1106.459961,-13.438339,bottom,-16.978309,bottom,5.445248,11.246074,13.582558,10.275422,14.548208,-0.290111
2001-04-04,1103.25,-13.474903,bottom,-17.10261,bottom,5.522439,12.783079,12.37465,10.417423,14.881491,2.282352
2001-04-05,1151.439941,-9.002225,bottom,-12.713722,bottom,2.746287,7.649842,9.533075,7.144941,10.073483,-1.998358
2001-04-06,1128.430054,-10.776004,bottom,-14.575578,bottom,4.441593,8.159091,11.306624,8.979815,12.317999,0.811739
2001-04-09,1137.589966,-9.71629,bottom,-13.615698,bottom,4.656125,6.127026,10.315165,6.931575,11.413611,2.48772
2001-04-10,1168.380005,-6.845827,bottom,-10.828919,bottom,5.800826,5.037921,7.194761,1.883078,8.477554,-0.213115
2001-04-11,1165.890015,-6.844793,bottom,-10.929397,bottom,7.26064,5.719749,7.379427,2.781964,8.70923,1.182791
2001-04-12,1183.5,-5.150601,,-9.298649,bottom,4.903556,5.710447,5.119742,-0.167439,7.091682,-0.322767
2001-04-16,1179.680054,-5.248539,,-9.482452,bottom,3.717499,5.746817,5.703595,0.042375,7.438458,1.028245
2001-04-17,1191.810059,-4.023276,,-8.328321,bottom,1.470901,6.073656,4.722219,1.360879,6.34497,1.481772
2001-05-18,1291.959961,6.566692,top,1.715906,,-1.095012,-1.942171,-6.683837,-8.495881,1.615375,-6.465363
2001-05-21,1312.829956,8.076944,top,3.34209,,-3.479939,-2.253986,-7.943479,-10.835,-0.262787,-7.952279
2001-05-22,1309.380005,7.756394,top,3.096489,,-4.794741,-3.05132,-6.813241,-10.263349,-1.237988,-7.709752
2001-05-24,1293.170044,6.394735,top,1.899797,,-2.545324,-2.205613,-5.38701,-9.888842,-0.742369,-6.552888
2001-08-30,1129.030029,-6.369491,bottom,-6.926898,,-3.906023,-13.693966,-5.404608,0.918676,0.402994,-14.457547
2001-09-06,1106.400024,-7.632995,bottom,-8.824971,bottom,-8.513978,-9.409621,-2.323424,5.34105,-1.25271,-12.707884
2001-09-07,1085.780029,-9.29657,bottom,-10.647607,bottom,-9.787942,-6.385971,1.067248,6.466345,1.072964,-11.050124
2001-09-10,1092.540039,-8.497647,bottom,-9.992382,bottom,-12.330381,-4.83812,-0.081496,4.246161,0.447582,-11.600495
2001-09-17,1038.77002,-13.2981,bottom,-14.981618,bottom,-3.459327,-0.021178,4.812199,9.014478,5.647067,-7.024657
2001-09-18,1032.73999,-13.633195,bottom,-15.505198,bottom,-2.00201,1.784053,6.085589,9.623928,6.274575,-6.481787
2001-09-19,1016.099976,-14.980509,bottom,-17.044032,bottom,-0.895643,5.38155,5.829118,9.680322,8.014966,-4.950299
2001-09-20,984.539978,-17.798275,bottom,-20.082922,bottom,3.401971,8.289357,8.19395,13.166456,11.477448,-1.903426
2001-09-21,965.799988,-19.335007,bottom,-21.854767,bottom,7.492261,10.374606,10.570421,16.086712,13.640511,3.898325
2001-09-24,1003.450012,-15.194641,bottom,-17.926546,bottom,3.438148,5.712402,8.26419,13.014235,9.376653,0.357762
2001-09-25,1012.27002,-14.024687,bottom,-16.957188,bottom,3.786063,4.300281,6.918188,12.718396,8.423644,-0.516665
2001-09-26,1007.039978,-14.242128,bottom,-17.368625,bottom,6.277194,7.086197,7.474894,12.395159,8.98674,1.148912
2001-09-27,1018.609985,-12.823141,bottom,-16.137705,bottom,4.887386,7.453219,7.695303,11.686964,7.999134,1.957576
2001-09-28,1040.939941,-10.387625,bottom,-13.923565,bottom,2.882345,4.756624,5.936822,9.497484,6.116591,-0.22959
2001-10-01,1038.550049,-10.348939,bottom,-14.108345,bottom,2.274254,4.833377,3.756022,10.138841,6.360785,1.230553
2001-10-02,1051.329956,-8.857271,bottom,-12.815519,bottom,0.514217,4.301536,0.801482,9.588682,5.067869,0.515542
2001-10-03,1072.280029,-6.648572,bottom,-10.803231,bottom,0.809003,0.447568,-1.172588,7.95117,3.015067,-1.448318
2001-10-04,1069.630005,-6.678196,bottom,-11.003258,bottom,2.565833,-0.095407,1.343733,7.077814,3.270288,-1.204155
2001-10-05,1071.380005,-6.340821,bottom,-10.772063,bottom,1.874279,0.195815,1.4658,7.486709,3.101605,-1.365529
2001-10-08,1062.439941,-6.979504,bottom,-11.537734,bottom,2.559124,2.551788,3.732055,9.238474,3.96917,-0.535554
2001-10-09,1056.75,-7.333797,bottom,-11.986105,bottom,3.787319,2.617907,5.711214,10.39486,5.877453,0.286731
2001-10-10,1080.98999,-4.920403,,-9.649135,bottom,-0.361435,0.388698,3.16944,7.47494,3.50327,-1.962087
2001-10-12,1091.650024,-3.593958,,-8.499066,bottom,-1.678465,1.180198,2.591515,5.653123,2.625387,-2.919433
2001-10-15,1089.97998,-3.58127,,-8.537312,bottom,-0.007336,-1.077356,2.567713,5.928215,2.782627,-2.770689
2001-10-17,1077.089966,-4.405079,,-9.521265,bottom,0.750133,-1.620156,5.782614,5.536965,5.953077,-1.607102
2001-10-18,1068.609985,-4.978475,,-10.212552,bottom,2.903324,1.43914,6.663251,7.008462,6.89026,-0.826303
2001-10-19,1073.47998,-4.319725,,-9.648467,bottom,2.858663,1.269985,5.893768,4.915914,6.405337,-1.276219
2001-10-23,1084.780029,-2.992635,,-8.380516,bottom,-2.330642,3.093307,5.198168,3.869648,6.109997,-2.304615
2001-10-29,1078.300049,-2.940193,,-8.509682,bottom,2.250287,3.645069,6.394129,4.973034,7.337475,-1.71752
2001-10-30,1059.790039,-4.444141,,-10.094274,bottom,5.423948,7.215886,6.283624,6.685118,9.212203,-0.000945
2001-10-31,1059.780029,-4.209916,,-9.950298,bottom,5.151031,7.40277,7.314228,3.783048,9.213234,2.294811
2001-12-05,1170.349976,7.212012,top,2.383675,,-2.88481,-1.792352,0.184393,-2.090304,0.184563,-4.355105
2001-12-06,1167.099976,6.841068,top,2.170333,,-4.174705,-2.355511,-0.189534,-0.371691,0.463545,-4.088765
2002-05-06,1052.670044,-6.318966,bottom,-7.065968,,2.058149,3.657115,-1.144594,-14.386188,5.122205,-1.139007
2002-05-07,1049.48999,-6.552037,bottom,-7.317727,,4.453009,2.854561,0.039062,-17.085624,5.440736,-0.839449
2002-06-03,1040.680054,-6.408118,bottom,-7.278703,,-0.959742,-0.434313,-7.17263,-10.727567,0.885956,-6.921438
2002-06-04,1040.689941,-6.221305,bottom,-7.203837,,-2.637557,-0.341696,-9.318971,-12.558341,0.884998,-8.897935
2002-06-06,1029.150024,-6.952199,bottom,-8.173667,,-1.921865,-2.246296,-3.976383,-11.639573,0.776368,-7.876402
2002-06-07,1027.530029,-6.918357,bottom,-8.262643,,-1.991417,-3.807728,-5.044701,-15.724378,0.935251,-7.731161
2002-06-10,1030.73999,-6.421165,bottom,-7.881753,,0.525428,-3.758364,-7.859574,-14.299782,0.620916,-8.018507
2002-06-11,1013.599976,-7.866421,bottom,-9.468345,bottom,2.295861,-3.765757,-9.637923,-14.230805,2.322419,-9.188043
2002-06-12,1020.26001,-6.99043,bottom,-8.72165,bottom,-0.026469,-4.688411,-9.546017,-13.219652,1.654481,-9.780844
2002-06-13,1009.559998,-7.799586,bottom,-9.671088,bottom,-0.324431,-1.891866,-9.138645,-11.159159,2.731885,-8.824639
2002-06-14,1007.27002,-7.805653,bottom,-9.798716,bottom,-1.816311,-1.747588,-9.287787,-10.201603,2.965441,-8.869521
2002-06-20,1006.289978,-7.176395,bottom,-9.52298,bottom,-1.567434,-1.730086,-17.143978,-12.156893,-1.348519,-15.7549
2002-06-21,989.140015,-8.655455,bottom,-11.112454,bottom,0.068722,-1.236973,-18.771453,-12.430485,0.361926,-17.114871
2002-06-24,992.719971,-8.054891,bottom,-10.63399,bottom,-2.454525,-4.10121,-21.871602,-13.257627,-0.209521,-19.645012
2002-06-25,976.140015,-9.474858,bottom,-12.18341,bottom,-2.915657,-5.872166,-14.612913,-14.625954,1.485443,-18.280165
2002-06-26,973.530029,-9.488767,bottom,-12.306129,bottom,-2.027549,-4.857605,-14.909945,-14.113059,1.75752,-18.061078
2002-06-27,990.640015,-7.53647,bottom,-10.426126,bottom,-0.162652,-7.24678,-14.977923,-17.247757,-0.082776,-19.476298
2002-06-28,989.820007,-7.406043,bottom,-10.376159,bottom,-1.305695,-7.540199,-9.628455,-18.908503,-0.07981,-19.409589
2002-07-01,968.650024,-9.326806,bottom,-12.392268,bottom,-1.646685,-7.246471,-7.042445,-14.290636,2.10396,-17.648274
2002-07-02,948.090027,-11.19407,bottom,-14.38017,bottom,-2.956509,-4.536603,-3.922623,-10.340646,4.318156,-15.862419
2002-07-03,953.98999,-10.315897,bottom,-13.605484,bottom,-2.830056,-7.896012,-7.544982,-14.240119,3.672999,-16.382769
2002-07-05,989.030029,-6.485615,bottom,-9.878891,bottom,-7.084128,-15.413891,-13.48742,-19.319305,-1.21837,-19.345218
2002-07-08,976.97998,-7.511151,bottom,-10.981446,bottom,-6.234503,-17.534479,-15.751362,-14.169169,-2.4719,-18.350424
2002-07-09,952.830017,-9.763482,bottom,-13.336523,bottom,-5.599786,-17.770392,-10.300425,-14.05321,-2.672042,-16.280974
2002-07-10,920.469971,-12.929414,bottom,-16.6331,bottom,-1.580095,-8.740748,-4.863965,-11.686133,0.74962,-13.337747
2002-07-11,927.369995,-11.862274,bottom,-15.723999,bottom,-5.065956,-10.05234,-2.390949,-14.701613,-0.644832,-13.982551
2002-07-12,921.390015,-12.181956,bottom,-16.212471,bottom,-8.329763,-7.731143,-1.393442,-15.984304,-0.375522,-13.424283
2002-07-15,917.929993,-12.226884,bottom,-16.433704,bottom,-11.299976,-2.088256,-1.551304,-13.932356,-0.687416,-13.097947
2002-07-16,900.940002,-13.734206,bottom,-18.126762,bottom,-12.170606,0.204026,-1.874405,-14.830723,1.185428,-11.459142
2002-07-17,906.039978,-12.843808,bottom,-17.387664,bottom,-7.160653,0.61398,1.487711,-11.958369,1.498832,-11.957526
2002-07-18,881.559998,-15.22727,bottom,-19.931942,bottom,-4.986384,0.35103,5.37603,-5.387817,5.523164,-9.51268
2002-07-19,847.75,-18.7388,bottom,-23.621462,bottom,0.598621,1.926472,9.127537,-0.747107,9.731643,-5.903862
2002-07-22,819.849976,-21.641489,bottom,-26.749721,bottom,9.21172,1.783117,14.80772,7.22427,15.960242,-2.701709
2002-07-23,797.700012,-23.923139,bottom,-29.242586,bottom,12.374632,7.469967,16.140948,7.522307,19.180143,4.625795
2002-07-24,843.429993,-17.982863,bottom,-23.444284,bottom,7.774633,3.876782,11.831116,4.153551,12.718307,-1.046918
2002-07-25,838.679993,-18.153564,bottom,-23.787224,bottom,5.337414,7.661391,13.791263,5.306894,14.787526,-0.486481
2002-07-26,852.840027,-16.091347,bottom,-21.923528,bottom,1.327851,6.3377,9.822235,5.351158,12.881664,-2.138742
2002-07-29,898.960022,-10.515413,bottom,-16.506821,bottom,-7.428603,0.536952,5.306321,-0.983737,7.090414,-7.159389
2002-07-30,902.780029,-9.806166,bottom,-15.940641,bottom,-4.904665,-2.078431,3.487508,-0.738226,6.637274,-7.552233
2002-07-31,911.619995,-8.59538,bottom,-14.833463,bottom,-3.897851,0.87373,0.683253,-3.246444,5.603214,-8.448698
2002-08-01,884.659973,-11.320454,bottom,-17.66858,bottom,2.323977,5.025001,3.677613,1.45769,8.821473,-5.658671
2002-08-02,864.23999,-13.277159,bottom,-19.808135,bottom,5.00985,7.201065,5.824229,2.962934,11.392671,-3.429605
2002-08-05,834.599976,-16.363539,bottom,-23.081842,bottom,7.965554,13.024603,5.071686,5.54096,15.348675,2.991856
2002-08-06,859.570007,-13.083676,bottom,-19.928402,bottom,2.826234,8.670981,3.860216,3.558665,11.99786,2.001002
2002-08-07,876.77002,-10.765391,bottom,-17.756572,bottom,4.771581,7.954334,0.271084,1.020132,9.800745,0.142569
2002-08-08,905.460022,-7.217594,bottom,-14.37846,bottom,2.701024,6.129872,-1.282686,-0.498224,6.321647,-3.030504
2002-08-09,908.640015,-6.554105,bottom,-13.888525,bottom,2.191216,3.484534,-0.627071,-0.031925,5.949551,-3.369871
2002-08-12,903.799988,-6.75363,bottom,-14.267502,bottom,5.059048,4.769369,0.637489,1.274214,6.516931,-2.852398
2002-08-13,884.210022,-8.560938,bottom,-16.301444,bottom,5.844746,5.565939,2.814542,4.375769,8.876849,-0.70006
2002-08-14,919.619995,-4.335844,,-12.238465,bottom,3.182752,-0.190477,-3.621705,-1.862563,4.684545,-4.523605
2002-08-15,930.25,-2.926549,,-10.945414,bottom,3.428848,-1.347388,-4.444541,-3.89202,3.488311,-5.614618
2002-08-16,928.77002,-2.811787,,-10.959511,bottom,1.293318,-1.376836,-4.140452,-5.827819,3.653218,-5.464216
2002-08-19,950.700012,-0.222325,,-8.497682,bottom,-0.28968,-7.952917,-8.466752,-7.392998,1.262228,-8.118228
2002-08-20,937.429993,-1.37158,,-9.766928,bottom,-0.278808,-4.810764,-7.526973,-6.034926,2.69567,-7.250672
2002-08-21,949.359985,0.112804,,-8.355148,bottom,-3.373229,-7.68325,-11.844157,-4.866005,1.40516,-11.169628
2002-08-23,940.859985,-0.3837,,-8.933928,bottom,-2.670155,-4.111606,-12.092069,-4.399967,0.753569,-11.389577
2002-08-27,934.820007,-0.629809,,-9.222916,bottom,-4.531957,-2.751397,-10.735699,-2.235931,-1.813185,-12.358532
2002-08-28,917.869995,-2.241799,,-10.852209,bottom,-4.31002,-3.431228,-7.101276,1.716369,-0.007627,-10.740085
2002-08-29,917.799988,-2.014601,,-10.655621,bottom,-2.636322,-3.097153,-10.37275,1.379631,-0.188492,-10.733276
2002-08-30,916.070007,-2.001818,,-10.640434,bottom,-1.441451,-2.763616,-11.656114,1.817306,-0.70846,-11.002432
2002-09-03,878.02002,-5.977179,,-14.656732,bottom,3.531358,-0.513835,-3.489493,3.940597,3.594451,-7.145622
2002-09-04,893.400024,-3.994798,,-12.707171,bottom,1.78056,-2.716208,-7.613002,4.964258,1.811058,-8.744123
2002-09-05,879.150024,-5.361397,,-14.079013,bottom,0.878792,-4.160907,-7.093251,6.299106,3.461297,-7.264971
2002-09-06,893.919983,-3.468059,,-12.189032,bottom,-0.460831,-5.581819,-11.027978,4.442749,1.751838,-10.441647
2002-09-09,902.960022,-2.269698,,-10.961973,bottom,-1.322165,-7.980464,-13.96379,1.951028,0.733144,-13.032691
2002-09-10,909.580017,-1.362805,,-10.030928,bottom,-4.045193,-10.454489,-13.018541,0.875681,-0.014293,-13.665646
2002-09-11,909.450012,-1.147784,,-9.842691,bottom,-4.496768,-7.984302,-15.77086,-0.319386,-2.017707,-14.590137
2002-09-12,886.909973,-3.384897,,-12.134716,bottom,-5.039699,-3.670048,-9.824374,2.814865,0.472427,-12.41952
2002-09-13,889.809998,-2.82168,,-11.606618,bottom,-5.120988,-7.275596,-6.319306,0.245818,0.144972,-12.704958
2002-09-16,891.099976,-2.466837,,-11.255239,bottom,-6.658299,-8.892498,-5.734191,1.487041,-1.972838,-12.831329
2002-09-17,873.52002,-4.248192,,-13.021035,bottom,-6.409296,-2.975658,0.883302,3.535972,0.887215,-11.077023
2002-09-18,869.460022,-4.48841,,-13.253861,bottom,-3.487534,-4.896793,-1.091669,3.627644,1.358314,-10.661791
2002-09-19,843.320007,-7.297272,bottom,-16.051577,bottom,1.369651,-2.932344,4.166593,5.329051,4.500073,-7.892615
2002-09-20,845.390015,-6.816413,bottom,-15.560894,bottom,-2.154609,-5.446159,4.510008,7.408601,4.613255,-8.118147
2002-09-23,833.700012,-7.919422,bottom,-16.706931,bottom,-2.234199,-5.983326,7.620993,7.983783,7.918911,-6.829795
2002-09-24,819.289978,-9.347527,bottom,-18.190456,bottom,3.433638,-2.564052,8.296311,8.404101,9.817036,-5.191076
2002-09-25,839.659973,-6.652362,bottom,-15.494239,bottom,-1.40926,-7.786558,6.509965,5.174281,7.152895,-7.491123
2002-09-26,854.950012,-4.674636,,-13.459584,bottom,-4.301996,-6.154326,3.171579,4.662953,5.236559,-9.145564
2002-09-27,827.369995,-7.717896,bottom,-16.490941,bottom,-3.29155,0.95629,8.152828,8.122742,8.744573,-6.116971
2002-09-30,815.280029,-8.865396,bottom,-17.693414,bottom,-3.749127,3.158306,8.794819,9.046122,10.35717,-4.724759
2002-10-01,847.909973,-4.699351,,-13.549845,bottom,-5.99769,3.85896,3.958767,4.806487,6.110318,-8.391217
2002-10-02,827.909973,-6.851808,bottom,-15.693578,bottom,-6.377299,3.805125,7.31145,5.577653,8.673648,-6.178204
2002-10-03,818.950012,-7.748927,bottom,-16.53742,bottom,-1.852331,7.098937,7.8423,7.120546,9.862624,-5.151719
2002-10-04,800.580017,-9.778503,bottom,-18.522969,bottom,4.247841,9.956167,11.81244,9.438086,12.53841,-2.975344
2002-10-07,785.280029,-11.450823,bottom,-20.157393,bottom,6.907433,13.604319,14.558936,14.633775,15.67211,-1.084966
2002-10-08,798.549988,-9.548892,bottom,-18.198549,bottom,9.85665,10.860362,13.655265,12.909641,14.631523,-2.728693
2002-10-09,776.76001,-12.079653,bottom,-20.661612,bottom,10.182423,14.296523,17.332087,17.898808,18.924764,3.496572
2002-10-10,803.919983,-8.44845,bottom,-16.959247,bottom,8.951268,9.325905,11.583517,13.805364,14.90696,3.905864
2002-10-11,835.320007,-4.528799,,-12.895056,bottom,5.708326,7.196537,6.871827,8.555277,10.587559,0.732653
2002-10-14,841.440002,-3.786784,,-11.944107,bottom,6.696886,5.636512,4.046825,9.745356,9.78323,2.208121
2002-10-16,860.02002,-1.838398,,-9.384462,bottom,4.1141,3.506325,2.583715,7.419932,7.411454,1.880187
2002-11-21,933.76001,6.703078,top,3.023524,,0.272716,-2.332733,-4.154693,-10.927595,0.547248,-5.30222
2002-11-25,932.869995,6.551333,top,3.126707,,-1.30773,-3.093881,-4.427298,-11.373652,0.643176,-5.211873
2002-11-27,938.869995,7.038513,top,3.957952,,-3.503085,-4.052822,-6.999607,-12.620751,-0.272668,-6.760251
2002-11-29,936.309998,6.656663,top,3.756309,,-2.605449,-5.130962,-6.271811,-11.178804,-0.190105,-6.505321
2002-12-02,934.530029,6.389144,top,3.645276,,-4.657763,-2.615967,-6.032641,-10.527373,-1.474541,-6.327245
2003-01-27,847.47998,-6.469322,bottom,-5.06013,,1.50372,-1.367452,-1.056915,8.104069,1.991788,-3.552885
2003-01-30,844.609985,-6.605713,bottom,-5.329886,,-0.767785,-3.27831,-0.410493,7.987425,1.860033,-3.225156
2003-02-05,843.590027,-6.277902,bottom,-5.255528,,-2.997335,-0.772312,-2.580461,9.7604,0.898536,-3.108149
2003-02-06,838.150024,-6.819798,bottom,-5.81612,,-2.510525,1.188396,-1.110964,10.027089,1.553416,-2.479273
2003-02-07,829.690002,-7.747888,bottom,-6.737629,,0.624786,0.347719,-2.713388,11.884179,2.588916,-2.676906
2003-02-10,835.969971,-6.906457,bottom,-5.87579,,1.801916,0.310538,-4.306891,10.61832,1.818249,-4.215461
2003-02-11,829.200012,-7.620309,bottom,-6.587136,,1.902907,-0.199188,-3.062583,10.420573,2.649538,-3.433434
2003-02-12,818.679993,-8.737583,bottom,-7.740913,,2.225023,2.24653,1.601899,13.115124,3.968582,-2.192555
2003-02-13,817.369995,-8.725095,bottom,-7.764049,,3.69892,2.867817,1.926588,14.520944,4.135213,-2.0358
2003-02-14,834.890015,-6.481863,bottom,-5.543217,,-0.277066,-0.009585,3.28713,12.102369,3.341753,-4.091561
2003-02-26,827.549988,-6.27385,bottom,-5.928642,,0.277542,-2.863395,4.996624,11.87238,8.246026,-3.240893
2003-03-04,821.98999,-6.238157,bottom,-6.364872,,-2.620443,5.26762,4.343514,14.435476,8.97821,-2.586407
2003-03-10,807.47998,-7.394448,bottom,-7.870616,,6.625304,6.792065,8.592409,19.998146,10.936494,-0.835934
2003-03-11,800.72998,-8.033896,bottom,-8.640604,bottom,7.888063,8.84029,9.245302,21.232257,11.871667,0.432108
2003-03-12,804.190002,-7.415481,bottom,-8.147103,,8.326772,7.860019,7.403779,20.56042,11.39034,3.445706
2003-04-22,911.369995,6.626405,top,3.637303,,0.707416,2.494497,0.913117,7.436735,3.873288,-1.378145
2003-04-23,919.02002,7.322606,top,4.438242,,-0.22877,1.146799,0.477624,7.774497,3.008636,-2.199084
2003-04-24,911.429993,6.390143,top,3.589291,,0.532902,0.965234,2.217853,7.131253,3.866451,-1.384637
2003-04-28,914.840027,6.559741,top,3.937215,,1.271878,3.255209,3.926943,7.755069,4.005067,0.159586
2003-04-29,917.840027,6.766322,top,4.255614,,1.787081,2.630057,3.782258,6.716076,3.854696,-0.167789
2003-04-30,916.919983,6.556119,top,4.153874,,1.375569,2.409345,3.506277,8.541419,3.958905,-0.067617
2003-05-02,930.080017,7.681575,top,5.559998,,0.35739,1.517328,3.892787,6.170681,3.969549,-1.112811
2003-05-05,926.549988,7.130402,top,5.149609,,1.983331,-0.62577,4.743503,6.369836,4.857807,-0.736065
2003-05-06,934.390015,7.770946,top,5.937106,,0.842976,-1.58138,5.40058,5.81241,5.549072,-1.568942
2003-05-07,929.619995,7.078764,top,5.381144,,1.033776,-0.669174,6.307047,5.292975,6.510189,-1.063877
2003-05-09,933.409973,7.090376,top,5.724759,,1.159938,-0.020358,4.454634,3.376018,6.07772,-1.465593
2003-05-12,945.109985,8.091506,top,6.937091,,-2.609101,0.671734,4.117791,2.297993,4.764528,-2.685402
2003-05-13,942.299988,7.588577,top,6.5997,,-2.424355,1.152201,5.69084,3.321081,5.855884,-2.395204
2003-05-14,939.280029,7.099587,top,6.238518,,-1.702951,1.096933,6.115052,3.997673,6.305892,-2.081387
2003-05-15,946.669983,7.690033,top,6.991502,,-1.575723,1.771538,4.334936,3.520391,5.47604,-2.845765
2003-05-16,944.299988,7.235758,top,6.730888,,-1.180296,2.37546,6.799411,4.761449,7.0359,-2.601928
2003-05-27,951.47998,6.945315,top,7.49398,,2.088438,3.446057,3.304816,5.003658,6.324883,-0.193379
2003-05-28,953.219971,6.905935,top,7.646038,,3.405403,4.538638,2.291993,5.117427,6.130799,-0.375565
2003-05-30,963.590027,7.499445,top,8.644013,,2.477384,2.563398,1.302202,3.077951,4.988631,0.353882
2003-06-02,967,7.582923,top,8.945641,,0.919236,4.423951,0.772602,3.028141,4.618405,0.471561
2003-06-03,971.559998,7.788458,top,9.341143,,1.357619,4.044477,1.10141,2.563707,4.12738,0.302606
2003-06-04,986.23999,8.957183,top,10.76382,top,1.133236,2.389502,0.758594,1.669156,2.577464,-1.190379
2003-06-05,990.140015,9.002377,top,11.078363,top,0.841782,0.459483,-0.44943,1.788702,2.173426,-1.579576
2003-06-06,987.76001,8.424183,top,10.756707,top,0.086014,0.79962,1.672576,3.406721,2.419612,-1.342432
2003-06-09,975.929993,6.955256,top,9.470632,,3.504715,0.58338,3.217388,5.029531,3.661121,-0.146526
2003-06-10,984.840027,7.586985,top,10.309615,top,2.686858,-0.141241,1.748364,4.286202,2.723279,-1.049919
2003-06-11,997.47998,8.616668,top,11.496304,top,1.256266,-2.246645,-0.884112,2.368766,1.421582,-2.303804
2003-06-12,998.51001,8.479654,top,11.498916,top,-0.382298,-1.279039,-0.037062,3.264088,1.316959,-2.404584
2003-06-13,988.609985,7.275248,top,10.404826,top,0.713607,-1.261196,1.530793,3.436101,2.331555,-1.427255
2003-06-16,1010.73999,9.244464,top,12.511146,top,-2.921335,-3.651349,-1.026283,0.017806,0.091021,-3.585491
2003-06-17,1011.659973,9.126092,top,12.495403,top,-2.828099,-2.943067,-1.752003,0.469411,-0.155185,-3.673168
2003-06-18,1010.090027,8.707873,top,12.230376,top,-3.502911,-1.630908,-2.847844,0.841913,-0.222752,-3.523451
2003-06-19,994.700012,6.956806,top,10.597136,top,-0.896741,-0.908914,-0.138832,2.001548,1.321003,-2.030764
2003-06-20,995.690002,6.830676,top,10.584634,top,-1.974803,0.872956,-1.710865,3.321765,1.220262,-2.128173
2003-07-02,993.75,5.038681,,9.845185,top,-0.50947,-1.216936,-0.346764,0.311462,1.417864,-1.504404
2003-07-07,1004.419983,5.673986,,10.787136,top,-0.055769,-2.58382,-2.173952,-0.844842,0.340499,-2.550725
2003-07-08,1007.840027,5.774893,,11.056679,top,-0.738956,-1.977072,-4.296004,1.024652,-0.394908,-4.205033
2003-07-09,1002.210022,4.980369,,10.418955,top,-0.813509,-1.366296,-3.568162,1.78303,0.164632,-3.666896
2003-07-11,998.140015,4.205656,,9.854848,top,-0.484069,0.054084,-2.080318,3.56349,0.573063,-3.274089
2003-07-14,1003.859985,4.561457,,10.319234,top,-2.528051,-0.73386,-2.345337,3.464674,-0.342678,-3.825231
2003-07-15,1000.419983,4.032703,,9.863691,top,-1.238116,-1.119774,-1.011678,3.280212,-0.173926,-3.494528
2004-01-26,1155.369995,6.467936,top,9.601928,,-1.755893,-1.3559,-1.419097,-2.744685,0.206861,-2.497033
2007-08-15,1406.699951,-6.858141,bottom,-5.006841,,3.997369,3.976197,5.346092,4.725556,5.880436,0.324879
2007-08-16,1411.27002,-6.408868,bottom,-4.661018,,3.565728,3.232868,5.041957,2.962197,5.537567,1.494396
2007-11-26,1407.219971,-6.622762,bottom,-6.280268,,4.529123,7.443277,6.14795,-3.921047,7.727292,1.493015
2008-01-08,1390.189941,-6.340915,bottom,-6.636769,,-0.666875,-3.781611,-4.693422,-1.43377,2.16805,-5.732306
2008-01-15,1380.949951,-6.21398,bottom,-6.949509,,-3.114736,-1.837253,-0.999949,-3.546716,1.047836,-5.101557
2008-01-16,1373.199951,-6.632135,bottom,-7.45066,,-1.550704,0.388851,-1.788397,-3.32288,1.618125,-4.565974
2008-01-17,1333.25,-9.38777,bottom,-10.332248,bottom,-0.19821,4.557591,1.247761,0.08847,4.663045,-1.706357
2008-01-18,1325.189941,-9.772662,bottom,-10.854758,bottom,2.14778,4.112169,1.76447,2.938612,5.299625,-1.108516
2008-01-22,1310.5,-10.652839,bottom,-11.887758,bottom,3.876574,1.975027,3.709804,4.11559,6.479973,1.217089
2008-01-23,1338.599976,-8.330098,bottom,-9.694354,bottom,1.277483,-0.911811,0.293164,3.791682,4.244738,-0.907667
2008-01-24,1352.069946,-7.118754,bottom,-8.625211,bottom,1.939555,-1.127571,0.076892,2.634965,3.206202,-1.894872
2008-01-25,1330.609985,-8.476886,bottom,-10.167192,bottom,4.7558,0.051095,3.048631,3.349962,4.870703,-0.312641
2008-01-28,1353.959961,-6.533312,bottom,-8.363229,bottom,1.964388,-1.101345,1.998427,1.899921,3.062135,-2.031819
2008-02-05,1336.640015,-6.828821,bottom,-9.338366,bottom,0.910077,1.734777,-0.220202,5.296247,3.340467,-0.762364
2008-02-06,1326.449951,-7.421223,bottom,-10.058069,bottom,3.026597,1.204975,-1.680902,6.38457,4.13435,-1.666854
2008-02-07,1336.910034,-6.499396,bottom,-9.230329,bottom,0.889877,1.204463,-3.31098,5.144696,3.319595,-3.256767
2008-02-08,1331.290039,-6.794537,bottom,-9.586403,bottom,1.394875,2.997536,-4.44815,6.328235,3.755756,-4.350671
2008-02-11,1339.130005,-6.041225,,-8.938687,bottom,0.718035,3.099772,-1.389609,3.913077,3.148315,-4.910652
2008-02-29,1330.630005,-5.276473,,-8.780924,bottom,-2.840131,-3.245319,-0.597745,4.030028,1.680406,-4.303226
2008-03-03,1331.339966,-5.066826,,-8.658517,bottom,-4.4519,-4.198565,2.875623,4.372193,2.917368,-4.354258
2008-03-04,1326.75,-5.223674,,-8.920758,bottom,-0.460828,0.300283,3.027387,5.249627,3.273417,-4.023366
2008-03-06,1304.339966,-6.480337,bottom,-10.441726,bottom,0.850446,1.911332,4.940555,6.048667,5.064635,-2.374379
2008-03-07,1293.369995,-7.057999,bottom,-11.176399,bottom,-0.405188,4.276449,5.941186,6.312796,6.121222,-1.546348
2008-03-10,1273.369995,-8.370825,bottom,-12.617633,bottom,0.253335,6.065003,6.988306,7.838549,7.787999,0.253656
2008-03-11,1320.650024,-4.52516,,-8.856984,bottom,0.761111,1.538849,2.530093,6.123689,3.929127,-3.335482
2008-03-12,1308.77002,-5.211876,,-9.633327,bottom,-0.793961,1.289811,3.880129,3.889683,4.872515,-2.458036
2008-03-13,1315.47998,-4.51602,,-9.004334,bottom,1.060886,-0.019767,1.310287,3.457638,4.337585,-2.955576
2008-03-14,1288.140015,-6.425014,bottom,-10.966906,bottom,4.681637,2.647574,3.071562,5.313761,6.552085,-0.895868
2008-03-17,1276.599976,-7.108249,bottom,-11.726923,bottom,5.811668,7.074188,4.4304,4.509798,7.51528,1.709233
2008-03-19,1298.420044,-5.067575,,-9.791807,bottom,2.083771,5.315883,5.041647,4.635861,5.708476,1.293875
2008-06-26,1283.150024,-6.899111,bottom,-5.884158,,-1.590733,-3.461801,-1.998564,-6.110554,0.137163,-5.318161
2008-06-27,1278.380005,-7.161251,bottom,-6.172179,,-2.060376,-3.996252,-3.503294,-7.313729,0.510805,-4.964875
2008-06-30,1280,-6.924836,bottom,-5.977984,,-0.493407,-5.219005,-1.321193,-7.63834,0.383596,-5.085154
2008-07-01,1284.910034,-6.435449,bottom,-5.518913,,-3.180225,-3.126407,-0.050602,-6.074622,-0.050589,-5.447852
2008-07-02,1261.52002,-8.145988,bottom,-7.258534,,-0.646547,-0.095174,0.463442,-3.899815,1.802587,-3.694748
2008-07-03,1262.900024,-7.925055,bottom,-7.064314,,-1.871069,-0.175938,-0.205291,-13.228107,1.691344,-3.799983
2008-07-07,1252.310059,-8.635085,bottom,-7.805544,,-1.935875,0.612183,-0.263865,-7.110212,2.551281,-2.986483
2008-07-08,1273.699951,-6.869262,bottom,-6.0459,,-4.725598,0.258756,0.873932,-9.259258,0.877762,-4.61568
2008-07-09,1244.689941,-9.070998,bottom,-8.270678,,0.053818,2.968305,3.512761,-11.067797,3.575188,-2.392556
2008-07-10,1253.390015,-8.275301,bottom,-7.5249,,0.551372,-0.067837,1.006568,-13.124198,2.856248,-3.070072
2008-07-11,1239.48999,-9.237089,bottom,-8.587227,bottom,1.69513,1.463237,4.482944,-15.936935,4.584947,-1.98307
2008-07-14,1228.300049,-9.975553,bottom,-9.443383,bottom,2.548058,0.492958,6.081704,-20.940828,6.270447,-1.090126
2008-07-15,1214.910034,-10.856005,bottom,-10.46311,bottom,4.984355,3.897812,5.965428,-20.984458,7.441696,1.601761
2008-07-16,1245.359985,-8.204631,bottom,-7.921704,,2.914487,3.075805,3.197976,-31.382325,4.814669,-0.882475
2008-07-17,1260.319946,-6.867885,bottom,-6.684144,,-0.619209,0.558617,2.554539,-33.759321,3.570522,-2.058997
2008-07-18,1260.680054,-6.691977,bottom,-6.597869,,-0.231893,-0.029353,2.932735,-22.830692,3.540937,-2.086973
2008-07-21,1260,-6.586527,bottom,-6.588503,,-2.055101,-0.876048,1.465399,-23.310369,3.596821,-2.034127
2008-07-24,1252.540039,-6.716818,bottom,-6.98519,,1.177826,1.074405,1.99037,-28.6464,4.21383,-1.450656
2008-07-25,1257.76001,-6.141762,bottom,-6.492926,,0.20254,3.019707,2.701379,-24.403997,3.78132,-1.859656
2008-07-28,1234.369995,-7.800647,bottom,-8.306572,,1.179053,5.588747,2.596487,-25.655231,5.747867,1.186031
2008-09-15,1192.699951,-6.194798,bottom,-10.374168,bottom,1.199287,-7.508999,-17.287523,-29.424894,5.230151,-24.606355
2008-09-16,1213.599976,-4.320519,,-8.566347,bottom,-2.113476,-3.970335,-19.55831,-29.979646,3.417929,-25.904747
2008-09-17,1156.390015,-8.936538,bottom,-13.294991,bottom,2.517358,0.403034,-24.199019,-28.044719,8.534313,-22.239041
2008-09-18,1206.51001,-4.551497,,-8.978777,bottom,0.221059,-7.952342,-24.279018,-31.587216,4.025656,-25.469332
2008-09-22,1207.089966,-4.314577,,-8.756596,bottom,-8.708286,-13.288183,-20.292008,-27.903475,0.51198,-25.505141
2008-09-23,1188.219971,-5.770887,,-10.217605,bottom,-1.856859,-17.623351,-21.844796,-27.291781,2.1082,-24.322096
2008-09-24,1185.869995,-5.84415,,-10.29866,bottom,-2.114325,-18.565123,-27.942135,-29.232795,2.310542,-24.37788
2008-09-29,1106.420044,-12.406369,bottom,-16.875368,bottom,-4.579897,-9.778524,-26.491996,-24.828485,5.417467,-23.273264
2008-09-30,1166.359985,-7.016123,bottom,-11.475927,bottom,-15.766492,-15.587975,-21.522076,-29.527852,-0.454399,-27.216297
2008-10-01,1161.060059,-7.321394,bottom,-11.821883,bottom,-16.450798,-24.602053,-22.180733,-28.538229,-4.029079,-26.884059
2008-10-02,1114.280029,-11.259754,bottom,-15.797789,bottom,-20.26071,-16.326676,-15.520573,-24.813746,-1.350652,-23.814485
2008-10-03,1099.22998,-12.41337,bottom,-17.007339,bottom,-20.083751,-15.59004,-12.635862,-21.042487,-3.851784,-22.771395
2008-10-06,1056.890015,-16.096457,bottom,-20.738208,bottom,-5.198627,-7.003825,-8.961159,-15.708656,-5.06581,-19.677547
2008-10-07,996.22998,-21.695197,bottom,-26.412039,bottom,0.178517,-4.221445,0.951068,-6.685995,0.955605,-14.786746
2008-10-08,984.940002,-22.524758,bottom,-27.291049,bottom,-8.151255,-9.377013,-3.320718,-6.014183,2.112819,-13.80998
2008-10-09,909.919983,-29.992997,bottom,-34.904988,bottom,3.934034,-0.199116,-0.555432,2.686897,10.531697,-6.703886
2008-10-10,899.219971,-30.684669,bottom,-35.779454,bottom,4.493711,-2.528297,3.472084,0.822883,11.846938,-5.593736
2008-10-13,1003.349976,-19.375932,bottom,-24.577941,bottom,-1.805198,-16.713472,-8.758503,-9.795183,0.239201,-15.391438
2008-10-14,998.01001,-19.550387,bottom,-24.857395,bottom,-4.399962,-5.934101,-10.453588,-11.414869,0.775542,-14.938731
2008-10-15,907.840027,-28.511593,bottom,-34.007298,bottom,-1.225758,2.42132,-6.312962,-4.227615,10.784937,-6.490135
2008-10-16,946.429993,-23.88414,bottom,-29.550034,bottom,-4.13315,0.806103,-3.783585,-8.214846,6.267765,-10.302929
2008-10-17,940.549988,-24.073735,bottom,-29.877708,bottom,-7.022008,2.954178,-7.419713,-10.994872,6.932116,-9.742173
2008-10-20,985.400024,-19.035359,bottom,-24.95608,bottom,-14.908274,-1.957334,-14.692936,-15.52033,2.065149,-13.850217
2008-10-21,955.049988,-21.772451,bottom,-27.784696,bottom,-1.534139,5.172513,-10.585508,-11.638617,5.308624,-11.112508
2008-10-22,896.780029,-27.552098,bottom,-33.737662,bottom,3.647078,6.056295,-10.600749,-10.769511,12.151249,-10.058209
2008-10-23,908.109985,-25.764473,bottom,-32.150459,bottom,4.939253,-0.356316,-18.804424,-7.767795,10.752003,-17.142195
2008-10-24,876.77002,-28.720946,bottom,-35.301603,bottom,9.976186,6.00038,-9.159546,-5.783562,14.710811,-14.180459
2008-10-27,848.919983,-31.360406,bottom,-38.165894,bottom,12.95094,7.95497,0.339856,-2.019258,18.474064,-11.365026
2008-10-28,940.51001,-20.671058,bottom,-27.613296,bottom,6.706652,-4.519486,-9.252938,-11.711208,6.936661,-19.996598
2008-10-29,930.090027,-21.272528,bottom,-28.418892,bottom,2.409217,-8.734282,-4.667008,-9.510485,8.134694,-19.100304
2008-10-30,954.090027,-18.238266,bottom,-25.567663,bottom,-5.295569,-4.589688,-6.254981,-8.757466,5.414581,-21.135325
2008-10-31,968.75,-16.279684,bottom,-23.748631,bottom,-3.975806,-10.373892,-17.133488,-13.650427,3.819355,-22.328774
2008-11-03,966.299988,-16.049265,bottom,-23.70132,bottom,-4.99597,-12.735602,-12.963897,-15.702484,4.082584,-22.131842
2008-11-04,1005.75,-11.606764,bottom,-19.415176,bottom,-11.226138,-15.758021,-14.41454,-19.757223,-5.267709,-25.186179
2008-11-05,952.77002,-16.520059,bottom,-24.503715,bottom,-11.143499,-16.657044,-11.977664,-12.774703,-2.285969,-21.026062
2008-11-06,904.880005,-21.110664,bottom,-29.303026,bottom,0.705881,-18.448108,-3.235634,-8.369352,2.885464,-16.846433
2008-11-07,930.98999,-17.72481,bottom,-26.126434,bottom,-6.398086,-15.159926,-2.313364,-9.590652,-1.265316,-19.178508
2008-11-10,919.210022,-18.42831,bottom,-27.07429,bottom,-7.739632,-7.615114,-3.378869,-5.663194,-0.861614,-18.142755
2008-11-11,898.950012,-20.082873,bottom,-28.959829,bottom,-4.531883,-4.733452,0.032252,-3.286065,1.372709,-16.297904
2008-11-12,852.299988,-24.781279,bottom,-33.924694,bottom,-5.513546,4.067275,2.467263,-2.994045,6.921271,-11.71653
2008-11-13,911.289978,-17.533058,bottom,-26.901728,bottom,-19.153989,-1.665293,-3.524613,-8.893956,-0.174474,-17.431331
2008-11-14,873.289978,-21.16976,bottom,-30.798777,bottom,-8.76184,-6.759596,-0.541947,-4.460842,4.169295,-13.83847
2008-11-17,850.75,-23.100599,bottom,-33.029005,bottom,0.124518,-0.228295,7.081469,-2.850707,7.33823,-11.555686
2008-11-18,859.119995,-21.485559,bottom,-31.6682,bottom,-0.20157,1.343481,5.138523,-8.492687,6.292485,-12.417357
2008-11-19,806.580017,-27.065884,bottom,-37.56867,bottom,9.58082,4.679381,9.31009,-2.277219,13.216293,-6.712293
2008-11-20,752.440002,-33.176327,bottom,-44.07222,bottom,17.488696,15.212474,16.551534,3.461276,21.362499,6.32476
2008-11-21,800.030029,-26.244499,bottom,-37.527187,bottom,2.002244,12.846562,8.571576,-3.819383,14.143215,2.022423
2008-11-24,851.809998,-19.280025,bottom,-30.85974,bottom,-0.352813,4.236245,1.323655,-13.622338,7.204658,-4.179333
2008-11-25,857.390015,-17.94679,bottom,-29.844507,bottom,1.545051,4.765704,1.247163,-10.343274,6.506954,-4.802948
2008-11-26,887.679993,-13.843781,bottom,-26.030197,bottom,-4.90144,-1.600012,-1.690489,-14.886617,2.872657,-8.051322
2008-11-28,896.23999,-12.325731,bottom,-24.735484,bottom,-2.276222,-1.85932,-3.038192,-17.436876,1.890119,-8.929524
2008-12-01,816.210022,-20.976421,bottom,-33.711398,bottom,10.844319,6.217649,8.726862,-10.467872,11.880517,3.554226
2008-12-02,848.809998,-16.363988,bottom,-29.436504,bottom,4.589058,7.309764,6.2164,-19.158428,7.583558,-0.422948
2008-12-03,870.73999,-13.221655,bottom,-26.52718,bottom,3.220654,3.795042,6.777477,-22.35197,7.012426,-2.930843
2008-12-04,845.219971,-15.545485,bottom,-29.123138,bottom,3.301427,4.63071,9.284198,-17.029785,10.243489,2.122525
2008-12-05,876.070007,-11.329005,bottom,-25.187723,bottom,0.416902,1.33906,6.477963,-24.961024,6.692388,-1.47363
2008-12-08,909.700012,-6.979478,bottom,-21.10378,bottom,-4.62667,-4.274986,-0.335837,-28.606381,2.748159,-5.115977
2008-12-09,888.669983,-8.797555,bottom,-23.105224,bottom,2.720706,-2.91259,2.342189,-27.274911,5.179654,-2.870583
2008-12-10,899.23999,-7.073772,bottom,-21.610716,bottom,0.574388,-3.518541,-0.993533,-22.285448,3.943332,-4.012279
2008-12-11,873.590027,-9.478102,bottom,-24.172244,bottom,1.329282,-0.090477,-0.381916,-19.147289,6.99527,-1.19393
2008-12-12,879.72998,-8.209039,bottom,-23.145806,bottom,0.922158,-1.178872,-0.906648,-15.855565,6.248512,-1.883533
2008-12-15,868.570007,-8.808895,bottom,-24.081162,bottom,0.351684,2.509213,-3.033211,-13.807958,7.613664,-2.987671
2008-12-16,913.179993,-3.282657,,-18.793295,bottom,-5.633296,-1.093364,-7.908863,-19.168652,2.356602,-7.726844
2008-12-17,904.419983,-3.744071,,-19.474018,bottom,-4.09293,2.982435,-6.191633,-15.041309,3.348005,-6.833107
2008-12-18,885.280029,-5.348053,,-21.313213,bottom,-1.419759,4.653489,-9.478852,-10.837987,5.582412,-9.043473
2008-12-19,887.880005,-4.47975,,-20.717502,bottom,-2.10103,5.138903,-5.514905,-12.437659,5.273236,-9.30982
2008-12-22,871.630005,-5.711812,,-22.266754,bottom,2.157529,3.939149,-5.195592,-12.587245,7.235869,-7.619062
2008-12-23,863.159973,-6.248022,bottom,-22.936897,bottom,4.539933,5.254779,-3.682769,-4.774107,8.288155,-6.712545
2008-12-24,868.150024,-5.129169,,-22.065145,bottom,7.075365,2.525008,-3.705433,-7.413193,7.665724,-7.248753
2008-12-26,872.799988,-4.067864,,-21.221854,bottom,6.073248,-0.291439,-3.152988,-6.989348,7.09212,-7.742898
2008-12-29,869.419983,-4.005928,,-21.319655,bottom,7.239933,0.272224,0.535707,-4.296076,7.508457,-7.384235
2008-12-30,890.640015,-1.209624,,-18.626923,bottom,1.781619,-5.542424,-5.243801,-8.75995,4.947004,-9.590861
2008-12-31,903.25,0.480737,,-16.959538,bottom,0.714846,-6.815499,-8.954988,-13.709787,3.481872,-10.853034
2009-01-02,931.799988,3.712148,,-13.616512,bottom,-4.550357,-9.174068,-12.120161,-15.517252,0.311228,-13.584462
2009-01-05,927.450012,3.350995,,-13.859833,bottom,-6.364687,-14.13234,-10.081238,-13.407218,0.781713,-13.179151
2009-01-06,934.700012,4.083631,,-12.837855,bottom,-6.967709,-10.653808,-11.611681,-11.35367,-2.671449,-13.852577
2009-01-07,906.650024,1.022919,,-15.607056,bottom,-7.324044,-9.134741,-6.94145,-7.338285,0.339707,-11.187344
2009-01-08,909.72998,1.53607,,-14.991584,bottom,-7.530345,-8.937547,-4.626514,-8.514144,-2.130303,-11.488025
2009-01-09,890.349976,-0.416759,,-16.853013,bottom,-4.623711,-6.230441,-2.324783,-8.77519,-1.826242,-9.561409
2009-01-12,870.26001,-2.628939,,-18.813104,bottom,-7.767653,-2.861549,-5.079391,-5.321475,0.4401,-7.473633
2009-01-13,871.789978,-2.313954,,-18.31133,bottom,-3.686099,0.263483,-4.462695,-1.762418,0.263831,-7.636014
2009-01-14,842.619995,-5.534095,,-21.38777,bottom,-1.810697,0.298623,-0.885683,1.893845,3.734783,-4.43854
2009-01-15,843.73999,-5.135801,,-20.923778,bottom,-1.407202,-2.139489,-2.023314,-0.265837,3.597084,-4.56539
2009-01-16,850.119995,-4.185398,,-19.86213,bottom,-1.60673,-2.946093,-7.439577,0.227943,2.819606,-7.169578
2009-01-20,805.219971,-9.439305,bottom,-24.919587,bottom,4.906104,4.051102,-2.108457,7.196076,8.552949,-2.086385
2009-01-21,840.23999,-5.054192,,-20.303574,bottom,3.949582,-0.957873,-7.575353,3.434575,4.028615,-7.295533
2009-01-22,827.5,-6.48908,bottom,-21.474682,bottom,2.10932,2.19329,-7.195368,0.589199,5.630215,-6.9426
2009-01-23,831.950012,-5.920718,,-20.589737,bottom,-0.732287,4.311033,-11.263224,2.155813,5.06521,-10.652082
2009-01-26,836.570007,-5.170485,,-19.699135,bottom,-1.339363,3.905658,-7.885004,0.830895,4.484983,-11.14551
2009-01-27,845.710022,-3.924089,,-18.252605,bottom,-0.855002,-2.217842,-10.04314,0.731607,3.355761,-12.105805
2009-01-28,874.090027,-0.471698,,-14.610555,bottom,-4.907455,-4.726178,-14.934391,-0.903294,-0.480501,-14.959559
2009-01-29,845.140015,-3.604945,,-17.631306,bottom,0.08397,-1.184306,-13.950933,1.453054,2.928509,-13.02151
2009-01-30,825.880005,-5.642759,,-19.546944,bottom,5.04332,0.116175,-16.41984,3.483906,5.328862,-15.142635
2009-02-02,825.440002,-5.351546,,-19.201202,bottom,5.24502,-4.493484,-17.009287,5.675183,5.385008,-15.641353
2009-02-03,838.51001,-3.561629,,-17.253665,bottom,-1.36284,-6.15956,-16.232745,4.009137,3.742353,-16.956267
2009-02-04,832.22998,-4.173952,,-17.625353,bottom,0.181277,-6.61748,-19.827305,5.299095,4.525196,-17.985412
2009-02-05,845.849976,-2.386963,,-15.625997,bottom,-1.268276,-9.388658,-21.329093,7.0065,2.842116,-19.306023
2009-02-06,868.599976,0.364522,,-12.609256,bottom,-4.927145,-15.574258,-24.990586,3.972539,0.148519,-22.112589
2009-02-09,869.890015,0.568911,,-12.114586,bottom,-9.738505,-11.790662,-18.967132,5.549592,-3.989011,-22.228096
2009-02-10,827.159973,-4.419502,,-16.777737,bottom,-4.796719,-7.825298,-13.685982,9.257425,0.970795,-18.210497
2009-02-11,833.73999,-3.477541,,-15.609186,bottom,-6.798757,-10.208213,-10.486222,10.843467,0.173917,-18.855994
2009-02-12,835.190002,-3.230188,,-15.056311,bottom,-8.120381,-12.766627,-9.889064,8.494983,-0.99977,-18.996872
2009-02-13,826.840027,-4.188782,,-15.660889,bottom,-10.647112,-16.536015,-9.236475,9.40185,-4.555905,-18.178849
2009-02-17,789.169983,-8.716425,bottom,-19.911356,bottom,-2.052157,-12.515803,-1.410099,11.33848,-0.095037,-14.273218
2009-02-18,788.419983,-8.77635,bottom,-19.587536,bottom,-3.028578,-10.073185,0.749322,12.463405,0.752136,-14.191669
2009-02-19,778.940002,-10.037339,bottom,-20.359432,bottom,-3.409456,-13.209826,0.652599,12.525527,1.978326,-13.147351
2009-02-20,770.049988,-11.12716,bottom,-21.043102,bottom,-4.646245,-11.940435,-0.196285,16.667046,3.155638,-12.144661
2009-02-23,743.330017,-14.448405,bottom,-24.100467,bottom,-5.888903,-9.416328,10.171886,20.024743,10.707218,-8.986586
2009-02-24,773.140015,-10.352778,bottom,-19.723066,bottom,-10.463645,-7.17647,4.177245,15.578271,6.438674,-12.495794
2009-02-25,764.900024,-11.185348,bottom,-20.342166,bottom,-7.044607,-5.860684,6.20678,14.959818,7.5853,-11.553143
2009-02-26,752.830017,-12.496112,bottom,-21.501562,bottom,-9.800369,-0.278009,10.102608,16.400552,10.63055,-10.135088
2009-02-27,735.090027,-14.722141,bottom,-23.432349,bottom,-7.29419,2.877563,10.434785,21.381421,13.300406,-7.966371
2009-03-02,700.820007,-19.206307,bottom,-27.696762,bottom,-3.527425,7.29954,11.665041,24.240268,18.840783,-3.465937
2009-03-03,696.330017,-19.506162,bottom,-27.862251,bottom,3.287176,11.105704,13.612196,26.413131,19.607078,-2.843478
2009-03-04,712.869995,-16.897644,bottom,-25.043378,bottom,1.183923,10.822507,12.906765,25.41394,16.83196,-5.097699
2009-03-05,682.549988,-20.861141,bottom,-28.872854,bottom,9.522361,13.862424,20.085317,32.309264,22.244527,-0.881981
2009-03-06,683.380005,-20.290022,bottom,-28.230109,bottom,10.171753,11.74415,20.932258,32.385867,23.284263,-1.002367
2009-03-09,676.530029,-20.874185,bottom,-28.761782,bottom,10.826965,19.588213,21.102955,32.009845,24.532536,6.366302
2009-03-10,719.599976,-14.342497,bottom,-22.132472,bottom,7.818528,11.353714,12.516725,26.979803,17.078937,0.244582
2009-03-11,721.359985,-13.792276,bottom,-21.483608,bottom,9.638584,12.067464,13.443898,26.483735,16.793282,4.072863
2009-03-12,750.73999,-9.540202,bottom,-17.065869,bottom,4.340064,10.380617,13.186499,22.39052,14.095427,0.419589
2009-03-13,756.549988,-8.542963,bottom,-15.827297,bottom,1.572397,7.557222,12.668592,21.969303,13.506046,-0.351593
2009-03-16,753.890015,-8.572476,bottom,-15.752477,bottom,8.761248,4.365501,10.993953,21.972875,13.906533,1.943249
2009-03-17,778.119995,-5.152441,,-12.201052,bottom,3.535186,2.506492,9.07762,19.418779,10.359583,-1.231175
2009-03-18,794.349976,-2.902947,,-9.764882,bottom,2.42888,2.084257,8.555211,17.494042,8.931833,-3.249197
2009-03-19,784.039978,-3.997497,,-10.665963,bottom,6.040553,6.222893,10.35733,16.394895,10.912709,-1.97694
2009-03-20,768.539978,-5.783463,,-12.236932,bottom,5.984824,9.188108,7.980852,17.111448,13.149608,2.470926
2009-04-09,856.559998,7.153449,top,1.380985,,1.510894,1.122607,8.14319,2.816735,8.483934,-2.82175
2009-04-13,858.72998,7.372801,top,1.714743,,-3.115343,-0.142168,5.715454,2.396725,8.209798,-3.067316
2009-04-15,852.059998,6.593669,top,1.179014,,-1.003778,2.501146,3.67096,3.127584,9.056872,-2.308521
2009-04-16,865.299988,8.010149,top,2.752103,,-1.558365,0.864164,3.158872,4.048448,7.388188,-3.803302
2009-04-17,869.599976,8.444606,top,3.285938,,-0.388287,0.906646,1.515599,4.082941,6.857176,-4.278974
2009-04-24,866.22998,7.997214,top,3.201354,,1.294933,7.020583,2.369454,9.712103,7.272895,-1.277952
2009-04-27,857.51001,6.959677,top,2.300153,,5.637416,5.857622,5.977434,10.67042,8.363747,-0.274054
2009-04-28,855.159973,6.624255,top,2.136304,,5.531953,6.034119,4.336521,13.24711,8.661538,2.063944
2009-04-29,873.640015,8.661918,top,4.405894,,5.119429,1.169813,3.728661,11.412879,6.363029,-0.095007
2009-04-30,872.809998,8.495536,top,4.39058,,3.885447,2.294708,5.172058,11.805669,6.464177,0.539639
2009-05-01,877.52002,8.939616,top,4.956067,,5.72565,0.608953,7.182864,11.006497,7.447121,0.610811
2009-05-04,907.23999,12.142921,top,8.310494,,0.220206,0.271888,4.050273,7.218432,4.133416,-2.685065
2009-05-05,903.799988,11.690041,top,7.945983,,0.502166,0.477946,3.04672,8.780863,4.529764,-2.31467
2009-05-06,919.530029,13.312664,top,9.650903,,-3.949616,-1.761983,2.46308,7.129352,2.741614,-3.985734
2009-05-07,907.390015,11.817643,top,8.266899,,-1.590739,-2.122905,3.540328,9.980947,4.116199,-2.701155
2009-05-08,929.22998,13.998833,top,10.627396,top,-5.116697,-4.651128,1.060831,7.903314,1.669125,-4.987998
2009-05-11,909.23999,11.671457,top,8.416828,,0.051682,0.119811,3.585256,9.786248,3.90436,-2.899123
2009-05-12,908.349976,11.405757,top,8.261484,,-0.024219,-1.697597,3.33455,9.320128,4.006167,-2.803982
2009-05-13,883.919983,8.484773,top,5.510456,,2.187633,2.558848,6.670199,13.381418,6.897687,-0.117655
2009-05-14,893.070007,9.300052,top,6.454177,,-0.532166,2.877349,5.779958,12.016519,5.950263,-1.141008
2009-05-15,882.880005,7.93983,top,5.176863,,0.465569,6.573911,4.521967,11.889994,7.173117,0.466654
2009-05-18,909.710022,10.648465,top,8.061557,,0.06813,3.778386,0.248117,10.042257,4.012268,-2.496402
2009-05-19,908.130005,10.13934,top,7.831815,,-1.673378,2.568774,0.283699,10.901737,4.193234,-2.32676
2009-05-20,903.469971,9.360507,top,7.271629,,0.371215,4.225063,1.635748,10.559409,4.730655,-1.822968
2009-05-21,888.330017,7.420825,top,5.581028,,3.409515,5.663233,3.63664,9.793369,6.515597,-0.149721
2009-05-22,887,7.00024,top,5.440361,,6.108343,5.71196,0.678637,10.952655,6.675313,0.680945
2009-05-26,910.330017,9.243933,top,7.943256,,3.710256,3.465445,-1.687177,9.040183,3.941428,-1.899315
2009-05-27,893.059998,6.943287,top,5.984067,,4.242152,5.032147,0.87849,12.044448,5.951451,-0.002242
2009-05-28,906.830017,8.053207,top,7.478446,,3.853848,4.111351,1.470123,12.359471,4.342601,-1.520686
2009-05-29,919.140015,8.991496,top,8.753613,,2.253718,2.902609,-0.026114,10.956532,2.945145,-2.839615
2009-06-01,942.869995,11.025374,top,11.236525,top,-0.396383,-2.051945,-1.672678,8.644204,0.35424,-5.28493
2009-06-02,944.73999,10.708989,top,11.400013,top,-0.244811,-3.530268,-2.727547,8.457742,0.155602,-5.472406
2009-06-03,931.76001,8.825634,top,9.973977,top,0.789996,-2.285074,-0.908856,10.118978,1.55083,-4.15558
2009-06-04,942.460022,9.532984,top,11.073099,top,0.257503,-2.589315,-5.008447,8.778126,0.397895,-5.243728
2009-06-05,940.090027,8.856605,top,10.75565,top,0.648891,-2.026593,-4.500415,8.218992,0.651001,-5.004845
2009-06-08,939.140015,8.39122,top,10.595917,top,-1.655561,-5.033323,-6.387287,6.082876,0.752817,-6.187574
2009-06-09,942.429993,8.382817,top,10.872785,top,-3.285458,-5.152622,-6.903986,5.402981,0.401094,-6.671052
2009-06-10,939.150024,7.678533,top,10.498547,top,-3.07507,-4.153657,-6.201251,6.601479,0.751743,-6.345102
2009-06-11,944.890015,7.968793,top,11.068,top,-2.846818,-2.641228,-7.213575,7.295374,0.1397,-6.959541
2009-06-12,946.210022,7.818734,top,11.147594,top,-2.675484,-2.928723,-4.890382,8.036377,-2.005902,-7.089337
2009-07-16,940.73999,3.754103,,9.811662,top,3.709286,4.774993,7.373813,13.013868,7.652485,-0.038266
2009-07-17,940.380005,3.537876,,9.672002,top,4.051314,4.887217,6.555291,13.48982,7.693696,1.143155
2009-07-20,951.130005,4.492546,,10.705819,top,3.212383,5.273107,2.962625,12.073999,6.476504,0.309106
2009-07-21,954.580017,4.692819,,10.989431,top,2.589327,5.211793,3.610007,13.451302,6.09168,-0.053428
2009-07-22,954.070007,4.462842,,10.829905,top,2.185428,4.973451,4.347197,13.919629,6.148393,2.209483
2009-07-23,976.289978,6.544087,top,12.985869,top,1.065706,2.107137,3.13386,10.804266,3.732498,-0.116764
2009-07-24,979.26001,6.655523,top,13.140232,top,0.835903,3.138353,4.675253,11.436649,4.786267,-0.419703
2009-07-27,982.179993,6.754506,top,13.298639,top,2.060725,2.505558,4.32292,10.513045,4.474741,-0.715752
2009-07-28,979.619995,6.308332,,12.894916,top,2.622467,1.49245,4.820571,9.884706,4.93865,-0.456296
2009-07-29,975.150024,5.728005,,12.312524,top,2.788023,3.095713,5.289584,11.400784,5.431982,0.469667
2009-07-30,986.75,6.760526,top,13.38093,top,1.041431,2.59882,4.384835,8.992914,4.48239,-0.711428
2009-07-31,987.47998,6.711754,top,13.34142,top,2.30245,1.668074,4.111853,7.740312,4.405153,-0.784826
2009-08-03,1002.630005,8.062557,top,14.69491,top,0.444834,-2.310483,1.778373,5.885421,2.827561,-2.283996
2009-08-04,1005.650024,8.22571,top,14.830304,top,-1.130017,-1.601786,-0.759607,3.611225,2.518765,-2.577442
2009-08-05,1002.719971,7.76586,top,14.377632,top,0.307691,-0.626254,-0.798011,6.130022,2.818335,-2.292763
2009-08-06,997.080017,7.042541,top,13.650354,top,1.557389,1.026722,0.615901,3.847472,3.399924,-1.740085
2009-08-07,1010.47998,8.150782,top,14.77353,top,-0.634376,1.5369,0.584155,3.156068,2.028739,-3.043108
2009-08-10,1007.099976,7.611883,top,14.229638,top,-2.755316,1.817361,1.799815,3.73343,2.371165,-2.717704
2009-08-11,994.349976,6.138924,,12.750256,top,-0.47177,3.328121,3.849135,5.111731,3.924174,-1.470307
2009-08-12,1005.809998,7.113719,top,13.671978,top,-0.933944,2.19387,3.740041,5.871097,3.810861,-2.592937
2009-08-13,1012.72998,7.613431,top,14.102046,top,-0.530667,1.786015,2.919262,5.435464,3.101521,-3.258519
2009-08-14,1004.090027,6.578104,top,13.02667,top,2.171276,2.443779,4.407968,8.491767,4.506562,-2.426082
2009-08-17,979.72998,3.960211,,10.367778,top,4.572678,4.088856,7.177007,10.941364,7.440828,1.014566
2009-08-18,989.669983,4.788117,,11.154023,top,3.799891,0.84218,7.688285,10.433847,7.991556,0.513304
2009-08-19,996.460022,5.319818,,11.592023,top,3.127815,-0.171757,6.698104,8.718862,7.255684,-0.17161
2009-08-20,1007.369995,6.207304,,12.393484,top,2.316682,-0.410822,5.872568,8.202228,6.094088,-1.252767
2009-08-21,1026.130005,7.842653,top,13.930289,top,0.272503,-0.952745,3.686108,7.793478,4.154445,-3.058093
2009-08-24,1025.569946,7.601264,top,13.584213,top,-0.483822,-0.017546,4.396038,7.939971,4.494095,-3.005153
2009-08-25,1028,7.68877,top,13.499856,top,-2.957711,0.521013,3.147415,7.65647,4.247085,-3.234436
2009-08-26,1028.119995,7.554563,top,13.192189,top,-3.299572,1.546171,2.180089,6.293117,4.234918,-3.24573
2009-08-27,1030.97998,7.659038,top,13.142704,top,-2.727503,1.133247,1.291363,5.693317,3.945766,-3.51413
2009-08-28,1028.930054,7.309208,top,12.658932,top,-1.225248,1.964188,3.255679,7.244739,4.152856,-3.321903
2009-08-31,1020.619995,6.358052,,11.57331,top,0.466276,3.088152,3.843392,8.002314,5.000886,-2.534733
2009-09-04,1016.400024,5.515129,,10.27089,top,3.189437,4.638853,2.339589,8.706545,5.436837,0.866778
2009-09-08,1025.390015,6.258628,,10.941798,top,2.621876,4.413584,2.820226,7.860205,4.512431,-0.01756
2009-09-09,1033.369995,6.844298,top,11.491219,top,3.367381,2.626402,2.315794,6.241219,3.705356,-0.789653
2009-09-10,1044.140015,7.653117,top,12.279044,top,2.024118,0.633918,2.023179,5.753821,2.635664,-1.81298
2009-09-11,1042.72998,7.290749,top,11.945755,top,2.422639,0.158116,2.720794,5.641811,2.774453,-1.680207
2009-09-14,1049.339966,7.697742,top,12.358864,top,1.449417,1.29149,2.526561,3.979451,2.558749,-2.299541
2009-09-15,1052.630005,7.785637,top,12.457592,top,1.791708,0.75524,1.934367,4.032972,2.238197,-2.604908
2009-09-16,1068.76001,9.006068,top,13.767015,top,-0.740979,-1.098876,2.15301,3.094514,2.176355,-4.07482
2009-09-17,1065.48999,8.409303,top,13.237533,top,-1.3902,-3.402164,2.874328,3.768579,2.916036,-3.780423
2009-09-18,1068.300049,8.388339,top,13.250559,top,-2.264523,-4.117121,1.797839,4.198722,2.645325,-4.033519
2009-09-21,1064.660034,7.802335,top,12.671932,top,-0.157927,-2.299265,3.075287,3.983793,3.123063,-3.705415
2009-09-22,1071.660034,8.19946,top,13.096018,top,-1.036468,-1.593358,1.794087,3.441217,2.449471,-4.334404
2009-09-23,1060.869995,6.962159,top,11.883499,top,-0.357897,-0.310608,1.91672,3.265082,3.491478,-3.361395
2009-09-24,1050.780029,5.785329,,10.743761,top,-2.011964,1.389261,3.931112,4.802032,4.48524,-2.433437
2009-09-25,1044.380005,4.971164,,9.948534,top,-1.852598,2.562678,3.316717,6.457866,5.125532,-1.835543
2009-09-28,1062.97998,6.457488,top,11.495975,top,-2.141338,1.235071,0.37278,5.048301,3.28605,-3.55322
2009-09-29,1060.609985,5.963885,,11.065912,top,-0.55689,1.179127,0.263656,5.50111,3.516849,-3.337704
2009-09-30,1057.079956,5.33728,,10.556695,top,0.047289,3.251886,-1.376398,6.358736,3.862535,-3.014909
2009-10-06,1054.719971,4.107981,,9.693361,top,1.736017,3.387445,-0.886612,5.566876,4.094932,-1.756867
2009-10-07,1057.579956,4.129251,,9.800648,top,3.204597,2.227328,-1.053197,6.887691,3.813431,-2.022543
2009-10-08,1065.47998,4.655598,,10.342489,top,2.875268,2.541851,0.107877,6.45456,3.043704,-2.748999
2009-10-09,1071.48999,5.004037,,10.713116,top,1.499684,0.754039,-0.204592,5.946616,2.465729,-3.294482
2009-10-12,1076.189941,5.219873,,10.949605,top,1.998143,-0.862291,1.557239,5.90826,2.01824,-3.716816
2009-10-13,1073.189941,4.741761,,10.479473,top,1.651429,-0.915471,1.82999,6.475169,2.303422,-3.447666
2009-10-14,1092.02002,6.257575,,12.02434,top,-0.977269,-4.628284,0.592551,4.910317,0.594311,-5.112551
2009-10-15,1096.560059,6.441213,top,12.233706,top,-0.333417,-2.816156,-0.853569,3.552888,0.177824,-5.505409
2009-10-16,1087.680054,5.447707,,11.221103,top,-0.745646,-4.849657,0.531822,5.195136,0.995693,-4.733939
2009-10-19,1097.910034,6.19204,,11.965194,top,-2.860434,-5.142228,1.032083,4.501348,1.037427,-5.621598
2009-10-20,1091.060059,5.390488,,11.152792,top,-2.5669,-4.274057,1.749846,4.039,1.765245,-5.029065
2009-10-21,1081.400024,4.337212,,10.089527,top,-3.651015,-3.280526,2.592334,6.170538,2.674304,-4.180699
2009-10-22,1092.910034,5.206591,,10.990122,top,-2.48274,-2.433974,0.181916,4.046362,1.592987,-5.189823
2009-11-16,1109.300049,4.810911,,10.077111,top,-0.276236,-0.039678,-0.123577,-3.093425,0.433601,-1.615437
2009-11-17,1110.319946,4.76929,,10.010289,top,-0.421479,-0.097313,-0.102716,-1.401258,0.341347,-1.705809
2009-11-18,1109.800049,4.593753,,9.825073,top,0.074756,-0.894237,-1.243972,-0.931523,0.388353,-1.659762
2010-04-14,1210.650024,6.812612,top,8.095289,,-0.389813,-1.606193,-3.272731,-11.60871,0.54764,-8.241029
2010-04-15,1211.670044,6.806325,top,8.082324,,-0.247899,-0.404393,-4.578899,-11.619665,0.462996,-8.318274
2010-04-23,1217.280029,6.394564,top,7.936829,,-2.545102,-9.146639,-11.256276,-11.644082,-0.429645,-11.968492
2010-05-20,1071.589966,-8.291414,bottom,-5.825046,,2.894469,-0.628137,4.195951,0.724331,4.285225,-1.970903
2010-05-21,1087.689941,-6.778317,bottom,-4.330995,,0.158017,-3.481847,2.318258,0.444917,2.741596,-3.421928
2010-05-24,1073.650024,-8.033352,bottom,-5.614072,,-0.274214,-1.091016,1.99734,1.89229,4.085129,-2.158995
2010-05-25,1074.030029,-7.93824,bottom,-5.553124,,2.241842,-1.722343,1.662959,0.148859,4.048302,-2.193613
2010-05-26,1067.949951,-8.433738,bottom,-6.090521,,3.213869,1.753349,0.536038,0.349591,4.640672,-1.636779
2010-05-28,1089.410034,-6.373469,bottom,-4.091118,,-3.639864,0.02019,-1.371577,-3.506677,2.579376,-3.574418
2010-06-01,1070.709961,-8.007263,bottom,-5.798657,,-0.816802,4.07387,-2.790964,-1.446847,4.370936,-2.752377
2010-06-04,1064.880005,-8.325293,bottom,-6.326901,,2.478237,4.824088,-4.053326,-1.510102,4.942341,-3.972277
2010-06-07,1050.469971,-9.543958,bottom,-7.648246,,3.660054,5.800105,-2.156407,-0.108583,6.381909,-2.654998
2010-06-08,1062,-8.325354,bottom,-6.518317,,4.890672,3.088356,-0.163031,1.707564,5.226931,-3.711863
2010-06-09,1055.689941,-8.784279,bottom,-7.075844,,5.431003,3.385302,1.369774,3.207489,5.855893,-3.13633
2010-06-29,1041.23999,-8.596437,bottom,-8.166277,,1.811131,5.049734,6.045514,7.721957,7.084824,-1.792091
2010-06-30,1030.709961,-9.379467,bottom,-9.100833,bottom,3.764442,6.185718,6.64523,10.835694,8.178833,-0.788771
2010-07-01,1027.369995,-9.475462,bottom,-9.33855,bottom,4.80682,3.585999,6.976151,10.59191,8.530521,-0.466237
2010-07-02,1022.580017,-9.700704,bottom,-9.713927,bottom,5.34741,4.649733,9.621831,11.543103,10.09994,0.535903
2010-07-06,1028.060059,-8.919926,bottom,-9.099439,bottom,6.33912,5.250448,8.606569,10.74952,9.513056,3.133082
2010-11-04,1221.060059,7.566229,top,9.538039,,-0.617764,-2.016002,0.298467,6.846634,0.392275,-3.498607
2010-11-05,1225.849976,7.748548,top,9.85071,top,-2.197149,-2.153795,-0.222949,6.182503,-0.092998,-3.875679
2010-11-08,1223.25,7.324895,top,9.557253,,-2.106645,-2.099134,0.040866,6.629967,0.119351,-3.67137
2010-11-10,1218.709961,6.572336,top,8.981121,,-3.347411,-1.68473,1.165733,7.911893,1.172555,-3.312519
2011-01-14,1293.23999,5.359127,,9.831216,top,-0.185755,-0.552076,2.977105,1.604701,3.021864,-1.306797
2011-01-18,1295.02002,5.340755,,9.834562,top,-0.296958,0.965957,2.515543,1.486177,2.880259,-1.442453
2011-02-07,1319.050049,5.359428,,9.817787,top,1.000993,-0.274065,0.209772,2.120558,1.816456,-0.981773
2011-02-08,1324.569946,5.629126,,10.074936,top,0.259375,-1.304739,-0.344094,0.791834,1.392155,-1.394413
2011-02-11,1329.150024,5.44777,,9.89461,top,1.037371,-0.145315,-2.495617,2.085465,1.042771,-2.561038
2011-02-14,1332.319946,5.482625,,9.938886,top,-1.275058,-1.97001,-3.86018,0.729887,0.802365,-3.786624
2011-02-16,1336.319946,5.428999,,9.851318,top,-2.287395,-0.401155,-4.79778,0.108454,0.500633,-5.94468
2011-02-17,1340.430054,5.548511,,9.968772,top,-1.544967,-1.448791,-4.674783,-0.821015,0.192472,-6.233078
2011-02-18,1343.01001,5.527737,,9.959265,top,-1.182686,-2.4787,-3.379603,-1.050165,-0.896497,-6.413206
2011-08-04,1200.069946,-8.61965,bottom,-9.157963,bottom,-2.312221,-5.078155,0.361832,6.844888,1.568248,-6.717107
2011-08-05,1199.380005,-8.495177,bottom,-9.1312,bottom,-1.729926,-6.532922,-2.141362,4.397535,1.626675,-6.663446
2011-08-08,1119.459961,-15.098039,bottom,-15.894693,bottom,7.320984,0.388716,4.008067,8.459366,8.881966,0.116132
2011-08-09,1172.530029,-10.254534,bottom,-11.158887,bottom,1.710613,-0.872004,2.200706,5.425258,3.953842,-4.41524
2011-08-10,1120.76001,-14.502103,bottom,-15.534831,bottom,6.320986,4.947141,5.649497,11.801699,8.755666,0.247155
2011-08-11,1172.640015,-9.775735,bottom,-10.901262,bottom,-2.765933,-1.146712,-1.582419,6.646657,3.944092,-4.187985
2011-08-12,1178.810059,-9.042091,bottom,-10.289369,bottom,-4.802996,-0.170657,-1.41305,6.749471,3.400035,-4.689477
2011-08-15,1204.48999,-6.707179,bottom,-8.068638,,-6.932268,0.46302,-2.66025,5.761129,1.195529,-6.721514
2011-08-16,1192.76001,-7.503829,bottom,-8.974903,bottom,-2.582616,1.676075,-0.342646,3.001222,2.190718,-5.804184
2011-08-17,1193.890015,-7.248939,bottom,-8.799709,bottom,-1.373845,2.072372,1.266764,3.765248,2.093995,-5.893339
2011-08-18,1140.650024,-11.582503,bottom,-13.242242,bottom,1.619222,5.439986,6.397672,10.25643,6.859246,-1.500898
2011-08-19,1123.530029,-12.838162,bottom,-14.637463,bottom,4.632339,4.39156,6.924853,10.809102,8.487533,0.025804
2011-08-22,1123.819946,-12.548635,bottom,-14.493304,bottom,7.395289,3.619352,6.732813,11.263861,8.459546,2.705953
2011-08-23,1162.349976,-8.956618,bottom,-11.014055,bottom,4.258691,3.072709,0.378689,6.217256,4.864287,-0.698584
2011-08-24,1177.599976,-7.433182,bottom,-9.618364,bottom,3.446217,0.702355,-4.165022,3.219524,3.506287,-4.079477
2011-08-25,1159.27002,-8.797741,bottom,-11.090144,bottom,3.820765,-0.435708,-1.98987,4.748842,5.142891,-2.562816
2011-08-26,1176.800049,-7.117496,bottom,-9.495955,bottom,-0.240779,-1.242393,-1.183909,1.365543,3.576645,-4.014275
2011-09-02,1173.969971,-6.803364,bottom,-9.428829,bottom,-1.001614,2.533292,-6.578123,1.791398,3.581015,-6.366431
2011-09-06,1165.23999,-7.409429,bottom,-10.116022,bottom,0.652667,3.113461,-3.607784,6.778149,4.357044,-5.664928
2011-09-09,1154.22998,-7.977718,bottom,-10.863156,bottom,5.214158,-1.554162,0.106506,8.53581,5.352489,-4.765082
2011-09-12,1162.27002,-7.142978,bottom,-10.083796,bottom,3.534906,0.058483,2.767914,7.952167,4.62371,-5.423872
2011-09-13,1172.869995,-6.103336,bottom,-9.095077,bottom,2.460795,0.213777,1.914427,7.245926,3.678158,-6.278617
2011-09-21,1166.76001,-5.946437,,-9.14891,bottom,-1.354738,-1.967354,3.62905,4.113049,5.024169,-5.787825
2011-09-22,1129.560059,-8.961501,bottom,-12.256853,bottom,2.693657,3.086708,7.32368,7.674393,8.482944,-2.685123
2011-09-23,1136.430054,-8.124219,bottom,-11.522206,bottom,-0.44183,1.660668,8.580728,5.887814,8.959632,-3.273415
2011-09-26,1162.949951,-5.60397,,-9.104459,bottom,-5.634992,2.70943,7.553006,6.519942,7.845565,-5.479167
2011-09-28,1151.060059,-6.154722,bottom,-9.907722,bottom,-0.612617,4.766174,7.603968,8.565513,8.959557,-4.502813
2011-09-29,1160.400024,-5.102811,,-8.989509,bottom,0.393052,3.660215,10.167478,8.656813,10.702339,-5.271462
2011-09-30,1131.420044,-7.328759,bottom,-11.391844,bottom,2.102498,7.912437,12.735521,11.193851,13.58204,-2.845103
2011-10-03,1099.22998,-9.879747,bottom,-14.136845,bottom,8.344423,8.842804,13.117019,12.82456,16.908198,2.248844
2011-10-04,1123.949951,-7.386866,bottom,-11.787482,bottom,6.174878,8.640178,8.059083,11.665647,14.336939,1.786563
2011-10-05,1144.030029,-5.382201,,-9.904275,bottom,5.37879,5.596404,7.885927,9.464798,12.33009,0.999094
2011-10-07,1155.459961,-3.964515,,-8.709122,bottom,5.809939,6.920059,8.12257,10.025001,11.218909,3.412498
2011-10-27,1284.589966,8.315678,top,3.017717,,-1.841555,-3.55702,-10.316674,3.177261,0.038923,-9.802344
2011-10-28,1285.089966,8.234793,top,3.104829,,-2.510453,-1.666613,-7.473482,2.561295,-0.713563,-9.837437
2011-11-08,1275.920044,6.687287,top,2.797801,,-1.429536,-7.13626,-1.175453,5.222819,-0.945989,-9.189447
2012-02-03,1344.900024,6.469354,top,9.221876,,-0.168184,1.206901,1.434375,4.430105,2.170417,-0.168043
2012-02-07,1347.050049,6.383013,top,9.181956,,0.255784,0.78456,0.41338,3.251552,2.007343,-0.327385
2012-02-08,1349.959961,6.453493,top,9.291965,,-0.499779,0.995062,1.174596,1.407864,1.787461,-0.542234
2012-02-09,1351.949951,6.484844,top,9.296233,,0.449455,1.014844,1.389761,1.295613,1.637636,-0.68863
2012-03-13,1395.949951,5.783953,,9.850856,top,0.68322,1.18002,-1.970649,-5.97461,1.654077,-2.676313
2012-03-15,1402.599976,5.802976,,9.996896,top,-0.702587,0.048473,-2.332713,-6.911759,1.172113,-3.137745
2012-03-16,1404.170044,5.664799,,9.933129,top,-0.504061,0.305758,-2.494963,-5.865297,1.058988,-3.246051
2012-03-19,1409.75,5.850027,,10.168093,top,0.478372,0.656823,-1.354762,-6.966697,0.658985,-3.629015
2012-03-20,1405.52002,5.346918,,9.717102,top,0.4968,0.557665,-1.460613,-5.590535,0.961923,-3.338982
2012-03-26,1416.51001,5.40922,,9.801096,top,0.178451,-4.174873,-3.194846,-4.38856,0.17861,-4.088926
2012-05-18,1295.219971,-6.249674,bottom,-2.937396,,1.729827,-1.324331,3.754991,8.059494,3.826382,-1.32641
2012-06-01,1278.040039,-7.038119,bottom,-4.702608,,3.658279,4.945906,6.374402,9.857399,6.581953,0.010955
2012-06-04,1278.180054,-6.920475,bottom,-4.705954,,2.377282,5.079322,6.609076,9.765593,6.832367,0.572685
2012-06-05,1285.5,-6.245496,bottom,-4.165395,,2.964569,5.485054,6.659302,9.278941,6.886038,1.822641
2015-08-24,1893.209961,-9.837788,bottom,-9.969873,bottom,4.086578,3.946024,2.582556,7.97806,5.392962,-1.352199
2015-08-25,1867.609985,-11.00425,bottom,-11.238256,bottom,2.445738,3.907946,3.738907,10.942807,6.83762,2.475891
2015-08-26,1940.51001,-7.039856,bottom,-7.356973,,0.429375,0.605223,-0.427088,7.001304,2.824002,-1.373867
2015-09-01,1913.849976,-8.006555,bottom,-8.593744,bottom,1.462208,4.168255,0.322392,8.75064,4.256346,-1.6762
2015-09-04,1921.219971,-7.241267,bottom,-8.05438,,1.642164,2.353389,3.369077,9.02285,3.856408,-2.05338
2015-09-28,1881.77002,-7.567911,bottom,-9.366937,bottom,5.443832,6.962644,9.590563,8.023193,10.276489,0.123285
2015-09-29,1884.089966,-7.292947,bottom,-9.160184,bottom,4.961153,6.154552,9.211615,9.134143,10.140701,1.907556
2016-01-08,1922.030029,-6.726092,bottom,-5.547224,,-2.193466,-2.366458,-3.633859,7.25518,0.947434,-3.568627
2016-01-11,1923.670044,-6.583571,bottom,-5.381696,,-2.225589,-1.047225,-3.785534,5.965082,0.861372,-3.714779
2016-01-13,1890.280029,-8.149426,bottom,-6.973552,,-1.132681,0.162804,-3.29119,7.719984,2.642993,-3.237619
2016-01-14,1921.839966,-6.402702,bottom,-5.25284,,-0.780414,0.952863,-3.013994,7.025753,0.957417,-4.826625
2016-01-15,1880.329956,-8.46383,bottom,-7.359324,,-0.172992,3.092107,0.807757,10.208337,3.186145,-2.725585
2016-01-19,1881.329956,-8.298525,bottom,-7.218862,,1.178364,1.146842,2.3892,10.17246,3.131297,-2.777291
2016-01-20,1859.329956,-9.317168,bottom,-8.292374,,1.262349,2.82108,3.097813,11.25026,4.351569,-1.62693
2016-01-21,1868.98999,-8.63047,bottom,-7.675269,,1.295485,2.455438,2.577011,11.384034,3.812219,-2.13538
2016-01-22,1906.900024,-6.487924,bottom,-5.58584,,1.733277,-1.41805,2.004011,9.683935,2.024226,-4.080973
2016-01-25,1877.079956,-7.909302,bottom,-7.070637,,3.265098,-1.267401,2.326908,11.336215,3.645026,-2.557163
2016-01-26,1903.630005,-6.351479,bottom,-5.587618,,-0.031522,-2.738309,1.36538,9.410935,2.199482,-3.916205
2016-01-27,1882.949951,-7.273991,bottom,-6.590084,,1.558732,-1.664914,3.586109,10.508013,3.651186,-2.860936
2016-01-28,1893.359985,-6.569454,bottom,-5.95991,,1.159954,-3.453994,2.847588,9.775309,3.081293,-3.395024
2016-02-05,1880.050049,-6.361406,bottom,-6.234799,,-0.81553,3.422062,6.27284,9.304223,6.473762,-2.711103
2016-02-08,1853.439941,-7.596833,bottom,-7.556553,,2.24815,3.59431,6.56797,10.13427,8.002421,-1.314312
2016-02-09,1852.209961,-7.477361,bottom,-7.520868,,3.949145,4.10369,7.138322,10.176751,8.074141,-1.248779
2016-02-10,1851.859985,-7.334045,bottom,-7.444675,,3.500378,5.251023,7.172798,10.512608,8.094566,-1.230116
2016-02-11,1829.079956,-8.409439,bottom,-8.596062,bottom,4.73552,6.301581,10.036797,11.825675,10.557766,1.951805
2016-02-12,1864.780029,-6.31848,bottom,-6.618689,,4.237591,3.553167,7.977619,11.13331,8.441205,1.651665
2018-01-22,2832.969971,6.490255,top,9.530218,,0.723121,-6.716608,-4.206968,-4.4879,1.408421,-8.894198
2018-01-23,2839.129883,6.530597,top,9.630103,,-0.589943,-5.204751,-4.975335,-5.279358,1.188401,-9.091866
2018-01-26,2872.870117,7.189878,top,10.449181,top,-3.930949,-9.2309,-3.30045,-8.659536,-0.673197,-10.159531
2018-10-24,2656.100098,-7.352082,bottom,-5.538013,,2.073157,5.770891,-0.232572,-0.657257,5.940657,-0.559094
2018-10-26,2658.689941,-7.093398,bottom,-5.446406,,2.392277,4.498068,0.553626,0.22805,5.83746,-0.98281
2018-10-29,2641.25,-7.635187,bottom,-6.087743,,3.608867,3.166373,1.537385,0.098394,6.536295,-0.329009
2018-11-20,2641.889893,-6.474814,bottom,-6.111256,,3.784566,2.02561,-6.832149,5.26456,5.620228,-6.603983
2018-11-23,2632.560059,-6.515255,bottom,-6.401754,,4.733546,0.195812,-11.307343,5.904132,5.994547,-10.691492
2018-12-17,2545.939941,-7.887857,bottom,-9.349381,bottom,-7.961657,-1.420519,2.718479,10.311601,2.755766,-7.652963
2018-12-18,2546.159912,-7.64693,bottom,-9.294981,bottom,-3.129978,-3.935992,3.466112,10.672871,3.526882,-7.660941
2018-12-19,2506.959961,-8.948081,bottom,-10.784071,bottom,-0.72581,0.991494,6.327349,12.21136,6.531816,-6.217086
2018-12-20,2467.419922,-10.265061,bottom,-12.298934,bottom,0.739736,3.279872,6.491282,13.506272,8.238972,-4.714229
2018-12-21,2416.620117,-12.046633,bottom,-14.286595,bottom,3.665711,6.325043,8.791643,16.665985,10.514265,-2.711225
2018-12-24,2351.100098,-14.450542,bottom,-16.926946,bottom,6.541137,9.482667,11.677779,17.49896,13.594056,4.116787
2018-12-26,2467.699951,-9.336053,bottom,-12.006124,bottom,-0.806014,5.093174,7.682748,12.574705,8.226689,-0.802774
2018-12-27,2488.830078,-8.214994,bottom,-11.072309,bottom,1.717303,4.22592,6.042347,12.437787,7.307847,-1.644957
2018-12-28,2485.73999,-8.068877,bottom,-11.107055,bottom,2.540136,3.823016,6.020852,12.096508,7.441244,-1.522689
2018-12-31,2506.850098,-6.963931,bottom,-10.175257,bottom,2.659332,4.043815,6.71815,11.609151,6.948958,-2.351964
2019-01-02,2510.030029,-6.59404,bottom,-9.969191,bottom,2.94153,4.138998,7.447446,12.153552,7.731783,-2.475673
2019-01-03,2447.889893,-8.828427,bottom,-12.370673,bottom,5.899188,7.402104,10.0441,15.810605,10.56584,3.433571
2019-01-04,2531.939941,-5.232529,,-8.913669,bottom,2.508617,5.335856,7.343498,12.436411,7.619856,0.701043
2020-02-27,2978.76001,-8.647458,bottom,-5.132523,,1.505349,-18.299056,-12.449662,-0.78562,5.081313,-24.888212
2020-02-28,2954.219971,-9.392744,bottom,-5.953261,,0.612501,-8.590969,-15.0492,1.263055,5.954199,-24.264275
2020-03-03,3003.370117,-7.684982,bottom,-4.339303,,-4.117074,-17.183596,-15.016811,0.873847,4.220259,-25.50369
2020-03-05,3023.939941,-6.946253,bottom,-3.694881,,-19.804405,-22.718704,-17.956738,1.045791,-1.705385,-26.010439
2020-03-06,2972.370117,-8.582198,bottom,-5.405674,,-9.20347,-25.431372,-17.76193,3.583616,-3.032601,-24.726739
2020-03-09,2746.560059,-16.284425,bottom,-13.23992,bottom,-14.067648,-20.503481,-3.064064,12.840325,4.939631,-18.538104
2020-03-10,2882.22998,-11.329076,bottom,-8.385593,bottom,-13.066522,-16.356663,-8.046003,7.681381,-4.886845,-22.37261
2020-03-11,2741.379883,-16.118555,bottom,-13.325308,bottom,-13.37846,-10.199474,0.313223,15.279071,0.313714,-18.384172
2020-03-12,2480.639893,-25.756309,bottom,-23.179708,bottom,-2.914299,5.849394,11.746055,26.470522,12.463727,-9.805534
2020-03-13,2711.02002,-16.625664,bottom,-14.223958,bottom,-16.227902,-6.458231,1.849609,16.806707,2.906657,-17.470181
2020-03-16,2386.129883,-28.970187,bottom,-26.827562,bottom,-6.435832,9.603648,17.626284,29.039201,19.275153,-6.233105
2020-03-17,2529.189941,-22.800885,bottom,-20.888046,bottom,-3.29014,2.166785,9.57598,17.141301,12.528522,-11.536897
2020-03-18,2398.100098,-27.698704,bottom,-26.053262,bottom,3.178986,2.974376,15.478191,23.761157,18.679786,-6.701146
2020-03-19,2409.389893,-26.800397,bottom,-25.431301,bottom,8.763693,4.761966,17.652608,24.119266,19.306554,-7.138321
2020-03-20,2304.919922,-30.74567,bottom,-29.687733,bottom,9.769671,7.669442,20.281086,30.430514,24.714097,-2.929387
2020-03-23,2237.399902,-33.193196,bottom,-32.462041,bottom,16.03948,17.439417,20.138724,33.042985,28.477706,9.382774
2020-03-24,2447.330078,-23.800338,bottom,-23.36093,bottom,5.456926,8.310659,13.437531,24.134066,17.456982,0.946743
2020-03-25,2475.560059,-22.242251,bottom,-22.102893,bottom,-0.20461,10.512698,12.236675,22.420615,16.117565,-0.204401
2020-03-26,2630.070068,-15.868699,bottom,-15.972767,bottom,-4.001727,5.896661,7.564501,17.013642,9.29595,-6.067141
2020-03-27,2541.469971,-18.922071,bottom,-19.288614,bottom,-2.100229,8.30784,12.451973,20.870243,13.260436,-2.792477
2020-03-30,2626.649902,-15.28225,bottom,-15.907525,bottom,1.399937,8.022637,8.629697,14.954057,9.587501,-5.944831
2020-03-31,2584.590088,-16.541722,bottom,-17.438248,bottom,2.853734,7.409195,12.867598,17.658271,13.732155,-4.414243
2020-04-01,2470.5,-20.631467,bottom,-21.831236,bottom,10.717307,12.503815,16.45672,19.720387,18.984417,0.734665
2020-04-02,2526.899902,-17.983594,bottom,-19.4624,bottom,9.898389,12.890642,11.353433,18.92101,16.328708,-1.513713
2020-04-03,2488.649902,-19.086799,bottom,-20.856859,bottom,10.408069,12.611644,13.302802,21.975531,18.116655,6.861552
2020-04-06,2663.679932,-11.9513,bottom,-13.977785,bottom,6.6227,2.699308,7.405971,15.679663,10.355226,-0.160305
2020-04-07,2659.409912,-11.774738,bottom,-14.046698,bottom,4.555461,5.126872,6.866017,16.293194,10.532415,2.901025
2020-04-08,2749.97998,-8.125552,bottom,-10.63247,bottom,1.786508,1.723978,4.660975,14.51995,6.892051,-0.488001
2020-04-09,2789.820068,-6.411168,bottom,-9.137398,bottom,2.992254,1.66784,4.895708,11.993855,5.365577,-1.909084
2020-04-13,2761.629883,-7.130682,bottom,-10.091763,bottom,2.203575,4.144133,5.92462,13.78916,6.441128,-0.907791
2020-04-15,2783.360107,-5.773728,,-9.206099,bottom,0.571411,5.458403,1.307802,13.480599,5.610122,-1.681423
2020-04-16,2799.550049,-4.898703,,-8.570129,bottom,-0.06253,3.952905,1.87371,11.959951,4.999373,-2.250004
2020-04-21,2736.560059,-6.315613,bottom,-10.671372,bottom,4.530452,4.706663,6.588826,16.130298,7.942448,2.237846
2020-04-22,2799.310059,-3.794114,,-8.339196,bottom,4.886992,1.739145,5.973095,14.147624,6.15509,-0.053942
2020-04-23,2797.800049,-3.573444,,-8.324943,bottom,4.015435,2.936997,5.246655,15.038761,6.212383,0.793479
2020-05-18,2953.909912,6.39856,top,-1.891448,,1.273551,4.206613,5.622139,13.48496,9.427504,-1.04844
2020-05-20,2971.610107,7.27279,top,-1.188882,,1.936957,4.627417,4.723439,12.665418,8.775707,-0.77736
2020-05-21,2948.51001,6.593705,top,-1.912421,,3.197433,7.995215,4.937285,13.716433,9.62791,0.235371
2020-05-22,2955.449951,6.842875,top,-1.62587,,3.33676,8.957086,5.3496,13.711412,9.370483,1.228918
2020-05-26,2991.77002,8.04163,top,-0.370563,,2.933063,6.952683,4.557988,12.048572,8.042726,0.345283
2020-05-27,3036.129883,9.546142,top,1.11712,,2.816885,4.948113,0.466617,10.892092,6.464151,-1.120828
2020-05-28,3029.72998,9.31921,top,0.929154,,2.69046,-0.916142,1.767613,11.446626,6.689042,-0.911959
2020-05-29,3044.310059,9.851118,top,1.429535,,4.797782,-0.098593,-1.164986,11.965908,6.178077,-1.38652
2020-06-01,3055.72998,10.206336,top,1.829001,,5.620326,0.354771,-0.081519,11.950477,5.781267,-1.75506
2020-06-02,3080.820068,10.958581,top,2.662048,,4.019621,1.415526,0.629985,12.147146,4.919788,-2.555163
2020-06-03,3122.870117,12.087351,top,4.020395,,2.131228,-0.300821,-0.224726,10.958644,3.507023,-3.867276
2020-06-04,3112.350098,11.611414,top,3.691091,,-3.606602,0.096022,0.56581,11.967083,3.856886,-3.542339
2020-06-05,3193.929932,13.927006,top,6.271447,,-4.896375,-3.05793,-0.445898,9.159944,1.204158,-6.006075
2020-06-08,3232.389893,14.674085,top,7.450749,,-5.265554,-3.607486,-2.730611,8.712662,-0.779917,-7.124444
2020-06-09,3207.179932,13.595287,top,6.663406,,-2.604095,-2.394695,-1.167938,11.020541,-0.531309,-6.394398
2020-06-10,3190.139893,12.585039,top,6.131341,,-2.432049,-4.481496,-1.201172,7.977507,-0.326629,-5.894406
2020-06-12,3041.310059,7.148264,top,1.451818,,1.838445,-1.066393,3.676985,9.123637,4.725923,-1.060727
2020-06-15,3066.590088,7.589958,top,2.322602,,1.658068,-0.436291,4.180929,10.290327,4.269561,-1.876352
2020-06-16,3124.73999,8.988894,top,4.228702,,0.2094,-0.785541,3.20655,6.637717,3.258513,-3.702386
2020-06-17,3113.48999,8.118281,top,3.898599,,-2.049447,0.076095,3.226038,7.051689,3.631618,-3.354433
2020-06-18,3115.340088,7.790605,top,3.992676,,-1.018869,0.469788,3.45109,8.258419,3.570075,-3.411828
2020-06-19,3097.73999,6.864873,top,3.465742,,-2.904838,2.612032,4.854821,9.345549,4.974598,-2.863053
2020-06-22,3117.860107,7.231583,top,4.141961,,-2.094358,0.876875,4.375174,8.235175,4.472296,-3.489895
2020-06-23,3131.290039,7.323037,top,4.599498,,-0.99494,1.226757,4.51842,6.960563,4.622056,-3.903822
2020-07-06,3179.719971,6.619812,top,6.507041,,-0.773492,2.242788,3.54947,4.782046,3.613216,-1.081853
2020-07-15,3226.560059,6.662248,top,8.236939,,1.52127,0.983196,4.656271,6.603842,4.766378,-0.34061
2020-07-20,3251.840088,6.695437,top,9.05194,,-0.382983,1.306682,3.924327,7.694471,4.002346,-1.11353
2020-07-21,3257.300049,6.632989,top,9.22422,,-1.200189,1.499461,3.986638,6.862191,4.067172,-1.279285
2020-07-22,3276.02002,6.988929,top,9.799426,top,-0.538074,1.567314,2.972163,6.136235,3.472507,-1.8434
2020-07-31,3271.120117,5.441866,,9.775343,top,2.42099,3.062564,6.991646,3.892821,7.241859,0.718102
2020-08-03,3294.610107,5.935227,,10.508618,top,1.9793,2.617646,6.056372,2.874264,6.477243,0.361193
2020-08-04,3306.51001,6.093752,,10.889656,top,0.818653,2.487178,6.445513,-1.078833,6.657772,0.642974
2020-08-05,3327.77002,6.5219,top,11.543547,top,1.567687,1.404849,7.329502,-0.532096,7.604794,0.177895
2020-08-06,3349.159912,6.90685,top,12.192973,top,0.722047,1.079502,3.11303,-2.39318,6.917561,-0.461906
2020-08-07,3351.280029,6.687243,top,12.2616,top,0.641574,1.359739,2.233119,-1.232168,6.849922,-0.524877
2020-08-10,3360.469971,6.691358,top,12.542665,top,0.638345,2.085254,-0.855611,0.258259,6.557717,-0.851961
2020-08-11,3333.689941,5.642334,,11.753676,top,1.668525,3.24435,1.938971,3.239117,7.413711,-0.05549
2020-08-12,3380.350098,6.806965,top,13.13165,top,-0.162838,2.8688,-1.225104,3.776494,5.931042,-1.435059
2020-08-13,3373.429932,6.364563,,12.885255,top,0.357455,3.240891,-0.966884,3.952645,6.148346,-1.232865
2020-08-14,3372.850098,6.136333,,12.799345,top,0.718165,3.929081,0.31644,5.133033,6.166595,-1.215886
2020-08-17,3381.98999,6.179454,,12.995408,top,1.446909,3.438726,0.566401,4.722337,5.879677,-1.482852
2020-08-18,3389.780029,6.182102,,13.110217,top,1.575825,3.958335,-0.126638,5.254536,5.636356,-1.709254
2020-08-19,3374.850098,5.540528,,12.550982,top,3.031637,5.924653,-0.530021,4.693083,6.103678,-1.274427
2020-08-20,3385.51001,5.673689,,12.783719,top,2.883436,2.033528,-1.969944,5.729572,5.769591,-1.950667
2020-08-21,3397.159912,5.825949,,13.017152,top,3.210917,0.87338,-3.47732,6.544126,5.406875,-3.417556
2020-08-24,3431.280029,6.624274,top,13.932403,top,1.991817,-2.940865,-3.43038,5.06442,4.358725,-4.377957
2020-08-25,3443.620117,6.782154,top,14.174299,top,2.382511,-1.305379,-6.190104,3.542309,3.984759,-6.00241
2020-08-26,3478.72998,7.590669,top,15.047603,top,2.893016,-4.093903,-6.906204,2.921776,2.93527,-6.951102
2020-08-27,3484.550049,7.571061,top,15.009484,top,-0.849908,-4.207775,-5.488324,2.073038,2.763342,-7.106517
2020-08-28,3508.01001,8.038141,top,15.506744,top,-2.337537,-3.612642,-4.561106,1.964049,2.076108,-7.727746
2020-08-31,3500.310059,7.660782,top,15.076702,top,-4.932682,-2.872326,-4.823796,3.787032,2.300654,-7.524766
2020-09-01,3526.649902,8.259312,top,15.537252,top,-3.687889,-4.084973,-4.751495,2.878781,1.536591,-8.215445
2020-09-02,3580.840088,9.592608,top,16.822361,top,-6.986919,-6.454673,-5.748505,1.593287,-3.512584,-9.604455
2020-09-03,3455.060059,5.881222,,12.952699,top,-3.357866,-4.003472,-3.135127,4.708433,-0.813303,-6.313642
2020-09-04,3426.959961,4.847469,,11.889895,top,-1.275105,-4.3507,-0.537188,6.645875,-0.535748,-5.545441
2020-09-09,3398.959961,3.709579,,10.54413,top,-0.397084,-4.884725,0.600729,7.582803,0.602537,-4.767342
2020-10-12,3534.219971,4.981649,,9.994391,top,-3.083074,-3.843194,0.459582,7.350533,0.46064,-7.477181
2020-12-04,3699.120117,6.72846,top,9.360191,,-0.968694,0.277783,0.74711,1.857409,1.539554,-1.395741
2020-12-08,3702.25,6.490816,top,9.156886,,-0.2063,-0.405711,2.705721,3.166305,2.742658,-1.479101
2021-04-15,4170.419922,6.161492,,10.030374,top,-0.853424,0.979507,-1.398562,5.008849,1.490981,-2.574798
2021-04-16,4185.470215,6.380023,top,10.22904,top,-0.126716,-0.102796,-0.278016,4.296315,1.126036,-2.925124
2022-01-25,4356.450195,-6.63487,bottom,-4.441819,,4.270896,3.71951,-3.051995,0.850508,5.346777,-3.005892
2022-01-26,4349.930176,-6.693149,bottom,-4.577107,,5.358512,5.31057,-1.417609,-1.812924,5.504679,-2.86051
2022-01-27,4326.509766,-7.130058,bottom,-5.096836,,3.429028,4.022251,1.334862,-0.704884,6.075801,-2.334671
2022-02-22,4304.759766,-6.324702,bottom,-5.609893,,0.034839,-3.16374,4.693271,-9.269136,4.805148,-3.114217
2022-02-23,4225.5,-8.048833,bottom,-7.413603,,3.740317,1.231994,5.316782,-7.995849,6.77103,-1.296883
2022-02-24,4288.700195,-6.430728,bottom,-5.883522,,1.728855,-0.682722,5.256372,-9.465846,5.396972,-2.751416
2022-03-07,4201.089844,-7.825458,bottom,-7.747906,,-0.668245,6.006937,8.69313,-2.405705,10.247585,-0.723375
2022-03-08,4170.700195,-8.369058,bottom,-8.416987,bottom,2.176022,7.857011,8.156019,0.146622,11.0509,0.057776
2022-03-11,4204.310059,-7.09733,bottom,-7.518294,,5.97379,7.74906,6.53593,-1.043164,10.163143,-0.7421
2022-03-14,4173.109863,-7.643805,bottom,-8.229864,,6.675182,9.205883,5.578664,-1.383559,10.986776,2.140857
2022-04-29,4131.930176,-6.275659,bottom,-8.932956,bottom,-0.208118,-2.649558,0.634731,-2.656512,4.071699,-5.593999
2022-05-06,4123.339844,-5.849385,,-8.685462,bottom,-2.441441,-5.533824,-0.046324,0.768985,1.297006,-5.397319
2022-05-09,3991.23999,-8.909831,bottom,-11.813393,bottom,0.41929,-0.439172,4.157661,3.947372,4.649679,-2.266212
2022-05-10,4001.050049,-8.504703,bottom,-11.43798,bottom,2.170694,-1.500056,2.82691,3.539177,4.393091,-2.505842
2022-05-11,3935.179932,-9.98609,bottom,-12.957931,bottom,-0.292664,1.100606,2.078288,5.075369,6.140504,-0.873909
2022-05-12,3930.080078,-9.908205,bottom,-12.943436,bottom,-0.74807,3.199103,-0.746273,4.779275,6.278237,-0.745278
2022-05-13,4023.889893,-7.375864,bottom,-10.458854,bottom,-3.092383,3.284289,-7.059193,4.527064,3.80055,-6.815793
2022-05-16,4008.01001,-7.627962,bottom,-10.7283,bottom,-0.858463,3.050297,-7.041854,4.851912,4.211811,-6.799634
2022-05-17,4088.850098,-5.530836,,-8.61894,bottom,-3.67075,0.302314,-7.59004,4.572425,2.151454,-8.642286
2022-05-18,3923.679932,-9.507133,bottom,-12.596788,bottom,1.39327,6.252018,-6.77188,9.091975,6.451594,-6.547678
2022-05-19,3900.790039,-9.966723,bottom,-13.051872,bottom,3.947173,5.188864,-5.966949,9.864453,7.076253,-5.999298
2022-05-20,3901.360107,-9.8022,bottom,-12.895807,bottom,6.376673,5.4875,-3.563314,9.123429,7.060607,-6.013033
2022-05-23,3973.75,-7.804427,bottom,-10.945858,bottom,3.90876,4.596833,-5.532056,7.511628,5.110282,-7.725196
2022-05-24,3941.47998,-8.451917,bottom,-11.653761,bottom,3.973064,4.326966,-3.767954,7.02863,5.97085,-6.969716
2022-05-25,3978.72998,-7.383925,bottom,-10.600465,bottom,4.858748,0.977682,-1.698038,3.924755,4.97872,-7.840692
2022-05-26,4057.840088,-5.287136,,-8.541073,bottom,1.241691,-3.945376,-3.964605,1.731901,2.932095,-9.637395
2022-06-09,4017.820068,-5.829745,,-8.594875,bottom,-9.142831,-2.67572,-4.151637,-2.766515,-2.64024,-8.737326
2022-06-10,3900.860107,-8.60499,bottom,-11.412029,bottom,-5.968745,-0.019228,-2.126082,2.005212,0.27891,-6.000986
2022-06-13,3749.629883,-12.299108,bottom,-15.209924,bottom,0.403496,1.899898,1.381225,6.618101,4.323363,-2.209814
2022-06-14,3735.47998,-12.390782,bottom,-15.413432,bottom,0.651335,2.206779,1.458993,8.511785,4.718537,-1.839388
2022-06-15,3789.98999,-10.677159,bottom,-13.791221,bottom,0.151337,-0.121713,1.91221,8.115944,3.21241,-3.251195
2022-06-16,3666.77002,-13.647922,bottom,-16.893379,bottom,6.467111,4.233359,4.377557,7.001248,6.680811,0.220087
2022-06-17,3674.840088,-13.117736,bottom,-16.459031,bottom,5.949517,4.171802,6.883064,7.119533,7.125476,2.314381
2022-06-21,3764.790039,-10.398566,bottom,-13.844089,bottom,1.496402,2.110234,5.052665,3.563058,5.18249,-0.130157
2022-06-22,3759.889893,-10.215852,bottom,-13.775008,bottom,1.555444,3.725848,6.164214,2.972495,6.358166,0.677945
2022-06-23,3795.72998,-8.954564,bottom,-12.636287,bottom,-0.27305,2.694079,4.277878,2.707157,5.35391,-0.272677
2022-06-24,3911.73999,-5.654582,,-9.460276,bottom,-2.233753,-1.475917,1.398754,-1.437008,2.229442,-3.230279
2022-06-27,3900.110107,-5.669138,,-9.584139,bottom,-1.777715,-2.106854,0.53547,-2.865725,2.534283,-2.941718
2022-06-28,3821.550049,-7.417367,bottom,-11.430124,bottom,0.613832,-0.518673,5.152342,-1.677187,5.287385,-0.946479
2022-06-29,3818.830078,-7.193726,bottom,-11.329669,bottom,2.170404,-0.747787,6.429574,-3.34427,6.640773,-0.875928
2022-06-30,3785.379883,-7.749187,bottom,-12.03186,bottom,2.967129,2.033923,8.720138,-3.50392,9.111639,0.132087
2022-07-01,3825.330078,-6.413793,bottom,-10.815628,bottom,0.757836,0.144198,7.38758,-4.766032,7.972121,-0.913652
2022-07-05,3831.389893,-5.989644,,-10.493189,bottom,-0.329138,2.711262,6.560823,-2.976205,7.80135,-1.070369
2022-07-06,3845.080078,-5.364188,,-9.966382,bottom,-1.132504,2.942432,7.755889,-5.468164,8.064587,-1.422602
2022-07-11,3854.429932,-4.444545,,-9.253212,bottom,-0.613638,2.874671,7.148718,-1.661176,7.802451,-1.661726
2022-07-12,3818.800049,-5.113237,,-10.03233,bottom,3.0404,2.642324,7.65163,-0.934488,8.808261,-0.744217
2022-07-13,3801.780029,-5.314624,,-10.334625,bottom,4.074936,5.671015,10.205032,-1.517594,10.74392,-0.299863
2022-07-14,3790.379883,-5.36466,,-10.497985,bottom,5.356557,7.177361,10.434774,-4.0576,11.076999,1.067709
2022-07-15,3863.159912,-3.212775,,-8.490149,bottom,2.517005,6.686215,10.250255,-6.711591,10.794013,-0.836357
2022-07-18,3830.850098,-3.789684,,-9.215171,bottom,3.488309,7.243382,11.486298,-6.525768,12.171973,2.354567
2022-08-12,4280.149902,7.731144,top,3.292011,,-1.214545,-5.33816,-4.046521,-11.719908,0.585267,-8.690349
2022-08-15,4297.140137,7.970323,top,3.689713,,-3.77395,-6.403196,-8.862606,-11.557848,0.187568,-9.051373
2022-08-16,4305.200195,7.987994,top,3.861069,,-4.185379,-7.69953,-8.71187,-13.844919,-0.498466,-9.221644
2022-08-17,4274.040039,7.105432,top,3.137607,,-3.167776,-7.757892,-9.123685,-7.723256,0.226956,-8.719851
2022-08-18,4283.740234,7.202432,top,3.38461,,-1.995151,-7.685416,-10.071189,-7.030123,-1.29,-9.58065
2022-09-22,3757.98999,-6.410032,bottom,-7.761302,,-3.177145,-0.359079,-2.484309,2.480174,0.876531,-4.815339
2022-09-23,3693.22998,-8.096057,bottom,-9.32448,bottom,-2.956997,-1.461116,1.59875,3.313624,2.64538,-3.146296
2022-09-26,3655.040039,-9.081233,bottom,-10.173066,bottom,0.637896,-1.173747,3.81938,4.45674,3.893256,-2.134313
2022-09-27,3647.290039,-9.21933,bottom,-10.204382,bottom,3.862692,-1.615538,5.645218,6.144856,5.807601,-1.926362
2022-09-28,3719.040039,-7.224386,bottom,-8.098908,,1.712579,-3.893273,2.955589,2.741027,3.766296,-3.818459
2022-09-29,3640.469971,-9.274325,bottom,-10.056373,bottom,2.818066,0.805433,4.48075,5.461402,6.005822,-1.742631
2022-09-30,3585.620117,-10.6601,bottom,-11.387476,bottom,1.495881,-0.071144,8.431689,6.573753,8.797361,-0.23957
2022-10-03,3678.429932,-8.012282,bottom,-8.679653,bottom,-1.811644,-0.013049,5.127999,2.808948,6.052314,-2.756608
2022-10-06,3744.52002,-6.16616,bottom,-6.499744,,-2.012633,-2.12523,-0.659937,2.104013,4.18051,-4.472936
2022-10-07,3639.659912,-8.943387,bottom,-9.18311,bottom,-1.567025,3.059866,3.533065,5.695403,7.181994,-1.720762
2022-10-10,3612.389893,-9.590391,bottom,-9.757518,bottom,1.798595,4.993127,5.241938,5.276083,7.991113,-0.97885
2022-10-11,3588.840088,-10.142945,bottom,-10.229236,bottom,3.588923,7.260756,6.454218,8.188518,8.699746,-0.329077
2022-10-12,3577.030029,-10.321535,bottom,-10.387524,bottom,3.249098,6.848862,4.68416,8.441346,9.058633,0.168856
2022-10-13,3669.909912,-7.636168,bottom,-7.697636,,-0.112597,3.675317,7.515985,6.573319,7.805647,-2.366266
2022-10-14,3583.070068,-9.855743,bottom,-9.942318,bottom,4.626891,8.502833,10.830529,10.244789,11.43879,2.308355
2022-10-17,3677.949951,-7.12255,bottom,-7.224008,,3.194533,5.141048,7.319382,7.972245,8.564009,-0.330889
2022-10-19,3695.159912,-6.45602,bottom,-6.534272,,3.599764,1.731266,6.89146,7.701047,8.05838,-0.795091
2022-10-20,3665.780029,-7.102869,bottom,-7.234015,,3.787914,1.465292,7.380318,6.930819,8.924428,1.47608
2022-11-30,4080.110107,6.423458,top,4.443744,,-3.648761,-2.100028,-5.823785,-2.732012,-0.086763,-7.276523
2023-06-15,4425.839844,6.457331,top,8.479243,,-1.766817,0.55294,2.166901,0.811461,2.190549,-2.192127
2023-07-18,4554.97998,6.422183,top,9.123485,,0.273611,0.476363,-2.604889,-3.986896,0.745996,-2.571254
2023-07-19,4565.720215,6.489207,top,9.248925,,0.022552,-1.152771,-3.59881,-4.849012,0.509005,-3.534823
2023-10-27,4117.370117,-6.135962,bottom,-5.913583,,5.687658,6.984761,10.000713,17.282805,10.734272,1.201002
2023-12-13,4707.089844,6.914187,top,6.024553,,-0.185845,1.607131,1.617165,9.482167,1.630312,-0.391105
2023-12-14,4719.549805,7.058206,top,6.215467,,0.574676,1.059727,0.978976,9.025172,1.362,-0.65408
2023-12-15,4719.189941,6.903199,top,6.143832,,0.748169,0.499686,0.423328,8.745275,1.369729,-0.646504
2023-12-18,4740.560059,7.196017,top,6.527374,,0.718633,-0.756988,0.848188,7.64306,0.912762,-1.094383
2023-12-19,4768.370117,7.618267,top,7.042534,,0.27665,-1.685342,1.487092,7.687952,1.498205,-1.67122
2023-12-21,4746.75,6.826035,top,6.487053,,0.485051,0.353092,2.452434,9.592192,2.482753,-1.22336
2023-12-22,4754.629883,6.821031,top,6.595277,,-0.248484,0.039325,2.367726,9.749454,2.395979,-1.387063
2023-12-26,4774.75,7.060825,top,6.949587,,-1.475621,0.182047,2.470107,9.186861,2.500867,-1.802604
2023-12-27,4781.580078,7.019192,top,7.02097,,-1.961992,-0.028025,2.261964,8.737954,2.354453,-1.94287
2023-12-28,4783.350098,6.849311,top,6.988117,,-1.816601,0.010034,2.97779,8.420571,3.022569,-1.979155
2023-12-29,4769.830078,6.377606,top,6.643329,,-0.131958,-0.08075,3.200755,9.562978,3.314586,-1.701316
2024-02-07,4995.060059,5.867267,,9.732068,top,0.111249,1.824469,3.197536,2.622534,3.249206,-0.838631
2024-02-08,4997.910156,5.718358,,9.67378,top,0.634644,1.802215,2.485501,3.592809,3.190328,-0.895179
2024-02-09,5026.609863,6.074009,,10.12579,top,-0.419452,0.85023,1.800623,3.15447,2.601157,-1.461023
2024-02-12,5021.839844,5.793864,,9.916796,top,-0.926854,1.115659,3.009515,3.248827,3.055258,-1.367426
2024-02-15,5029.72998,5.439284,,9.747483,top,1.167571,2.111854,1.721959,3.740308,2.893595,-1.077995
2024-02-22,5087.029785,5.927426,,10.479545,top,0.181478,1.373067,2.991928,4.162949,3.037136,-0.344012
2024-02-23,5088.799805,5.775232,,10.408672,top,0.944283,0.683286,2.816822,4.219758,3.001297,-0.378675
2024-02-26,5069.529785,5.217424,,9.928698,top,1.20428,0.950393,2.890252,4.849027,3.39282,0.004537
2024-02-27,5078.180176,5.205335,,9.993706,top,0.009249,1.893855,2.43939,4.407558,3.216696,-0.165816
2024-02-28,5069.759766,4.865986,,9.718228,top,0.687996,1.86717,3.464703,3.832695,3.525423,0.175356
2024-02-29,5096.27002,5.214547,,10.122978,top,1.191589,1.058101,3.054742,4.008813,3.101878,-0.345745
2024-03-01,5137.080078,5.816872,,10.797683,top,-0.260997,-0.389895,2.055587,3.236096,2.282815,-1.13742
2024-03-04,5130.950195,5.503799,,10.562065,top,-0.253886,0.359321,1.448446,2.616062,2.405011,-1.01931
2024-03-06,5104.759766,4.632854,,9.824206,top,1.179174,2.32087,0.828142,3.328096,2.930409,0.241541
2024-03-07,5157.359863,5.469064,,10.731944,top,-0.133488,1.618861,0.906807,2.414502,1.880618,-0.780826
2024-03-08,5123.689941,4.643127,,9.955895,top,-0.128898,2.133536,1.524329,3.219662,2.550118,-0.128815
2024-03-11,5117.939941,4.369375,,9.724305,top,0.613207,1.939858,1.781061,4.509751,2.665333,-0.01661
2024-03-12,5175.27002,5.32418,,10.707104,top,0.062581,0.545535,-0.283089,3.375816,1.528038,-1.124196
2024-03-13,5165.310059,4.980251,,10.377794,top,1.141696,1.597533,0.651272,3.45687,1.723808,-0.93354
2024-03-14,5150.47998,4.546568,,9.943534,top,1.752349,1.996641,-0.526965,4.002145,2.016708,-0.648292
2024-03-19,5178.509766,4.671029,,10.038,top,0.482954,0.634852,-3.064726,4.811038,1.46452,-3.018239
2024-03-20,5224.620117,5.396482,,10.755582,top,0.455837,-1.492728,-4.172262,3.885168,0.569036,-4.086422
2024-03-21,5241.529785,5.555812,,10.911572,top,0.244292,-0.712054,-5.375106,4.325553,0.244591,-5.233201
2024-03-22,5234.180176,5.261182,,10.603631,top,0.183048,-0.609207,-4.365454,4.717686,0.38535,-5.100134
2024-03-25,5218.189941,4.80879,,10.133209,top,-0.237527,-0.158798,-2.870133,4.770737,0.692964,-4.80933
2024-03-26,5203.580078,4.387685,,9.680828,top,0.151898,-0.828624,-2.568462,4.894774,0.975675,-4.542067
2024-03-27,5248.490234,5.086985,,10.366606,top,-1.948565,-0.946261,-3.886515,3.728427,0.111649,-5.358879
2024-03-28,5254.350098,5.027806,,10.302903,top,-0.956346,-2.523606,-2.982363,4.009428,-0.201358,-5.464427
2024-04-01,5243.77002,4.646634,,9.937047,top,-0.792255,-3.531464,-2.463461,4.368109,-0.615584,-5.273687
2025-03-10,5614.560059,-6.29083,bottom,-5.197588,,1.07285,2.688758,-10.355219,6.151937,2.886955,-9.837103
2025-03-11,5572.069824,-6.921395,bottom,-5.948655,,0.761447,3.605733,-11.178062,6.382466,3.671528,-10.575959
2025-03-12,5599.299805,-6.29847,bottom,-5.456186,,1.348012,1.996272,-2.576071,6.917789,3.167362,-11.010837
2025-03-13,5521.52002,-7.549144,bottom,-6.841389,,2.52812,3.063862,-4.699295,8.408578,4.620646,-9.757277
2025-04-03,5396.52002,-8.524456,bottom,-8.966682,bottom,-2.409407,-2.131694,5.237052,13.847393,5.376611,-7.666978
2025-04-04,5074.080078,-14.448286,bottom,-15.027872,bottom,5.544538,1.644248,10.757754,20.481687,12.072924,-1.799539
2025-04-07,5062.25,-14.438067,bottom,-15.154854,bottom,6.569289,4.358362,10.218875,21.545544,12.33483,-1.570052
2025-04-08,4982.77002,-15.779692,bottom,-16.613206,bottom,7.97887,7.593257,12.235077,22.338715,14.126679,3.520736
2025-04-09,5456.899902,-6.58179,bottom,-7.472946,,-3.376944,0.509432,3.723891,13.177613,4.210633,-5.473799
2025-04-10,5268.049805,-9.939323,bottom,-10.913569,bottom,0.277713,4.766101,7.174778,17.304054,7.946396,-2.085204
2025-04-11,5363.359863,-7.978132,bottom,-9.052697,bottom,-3.90029,3.037113,8.585738,15.78526,8.965091,-3.825208
2025-04-14,5405.970215,-7.034223,bottom,-8.196242,,-2.210927,2.824345,8.516612,14.663631,8.889794,-4.583266
2025-04-15,5396.629883,-7.034577,bottom,-8.304195,,-0.385613,3.145163,8.791928,14.977201,9.189998,-4.418122
2025-04-16,5275.700195,-9.077986,bottom,-10.488702,bottom,3.886375,6.039423,11.470635,16.847112,12.154405,-2.227193
2025-04-17,5282.700195,-8.713263,bottom,-10.282871,bottom,4.488388,7.368746,12.036124,17.033373,12.790423,-2.356749
2025-04-21,5158.200195,-10.820092,bottom,-12.57504,bottom,6.937403,9.113506,14.508662,19.954276,15.613971,2.51172
2025-04-22,5287.759766,-8.10323,bottom,-10.020185,bottom,5.035272,5.860512,11.639189,17.464531,12.781222,1.666114
2025-04-23,5375.859863,-6.26569,bottom,-8.303955,,3.530775,4.64182,8.360131,15.951961,10.932953,2.025911
2025-06-10,6038.810059,6.629121,top,4.042788,,-0.933163,0.879574,3.923624,7.074498,4.001615,-1.175235
2025-06-12,6045.259766,6.506774,top,4.157753,,-1.288943,2.09218,3.627222,7.446582,3.890655,-1.280672
2025-06-24,6092.180176,6.662949,top,4.878294,,1.722222,2.769477,4.285099,8.489437,4.378235,-0.000329
2025-06-25,6092.160156,6.513239,top,4.851367,,2.195938,3.04405,4.355226,8.977118,4.451458,0.802012
2025-06-26,6141.02002,7.15766,top,5.612942,,2.227563,1.914939,3.953058,8.61834,4.032231,0.521897
2025-06-27,6173.069824,7.520894,top,6.089782,,0.917686,1.535042,3.450202,7.546065,3.510412,0.404012
2025-06-30,6204.950195,7.880699,top,6.567245,,0.330958,0.623514,2.638705,6.745883,2.978587,-0.111853
2025-07-01,6198.009766,7.536119,top,6.423405,,1.047254,1.054286,2.6256,6.355634,3.0939,0.443856
2025-07-02,6227.419922,7.675652,top,6.851155,,0.848111,1.116837,1.782046,6.470696,2.60702,-0.030509
2025-07-03,6279.350098,8.154983,top,7.629858,,-0.312624,0.27735,-0.66053,5.903466,1.758461,-0.857256
2025-07-07,6229.97998,7.007128,top,6.782824,,0.617355,1.206502,1.591763,7.101053,2.564856,-0.071589
2025-07-08,6225.52002,6.715207,top,6.655497,,0.292555,1.34185,1.176407,7.512083,2.638334,0.200622
2025-07-09,6263.259766,7.035054,top,7.199757,,0.007032,1.515622,1.297579,6.969519,2.019879,-0.403145
2025-07-10,6280.459961,7.047811,top,7.426749,,0.268726,1.311176,0.943555,6.701826,1.740479,-0.675909
2025-07-11,6259.75,6.474694,top,7.050384,,0.589974,2.038119,2.050798,7.396119,2.07708,-0.347302
2025-09-19,6664.359863,4.22807,,9.700748,top,-0.310484,0.768757,-0.005253,2.257367,1.340869,-1.678332
2025-09-22,6693.75,4.524009,,9.991829,top,-0.487311,0.692718,0.616284,1.578656,0.895914,-2.110032
2026-03-27,6368.850098,-7.02357,bottom,-6.637548,,3.744155,7.810632,11.903192,14.439915,12.640587,-0.394575
2026-03-30,6343.720215,-7.296445,bottom,-6.984336,,4.215406,9.377386,11.807929,14.825349,13.086799,2.913114
2026-05-06,7365.120117,7.236214,top,7.200833,,1.068656,0.917018,2.932629,3.145868,3.321869,-0.38031
2026-05-07,7337.109863,6.75906,top,6.760698,,2.212336,1.469439,0.63353,5.300696,3.716312,0.224884
2026-05-08,7398.930176,7.486981,top,7.519391,,0.129257,1.002403,0.09186,4.293866,2.849731,-0.612525
2026-05-11,7412.839844,7.534073,top,7.62483,,-0.132156,1.423551,-0.353931,3.929938,2.656741,-0.799019
2026-05-12,7400.959961,7.236856,top,7.376089,,-0.641839,1.600427,-1.826751,4.706847,2.821523,-1.810167
2026-05-13,7444.25,7.674674,top,7.859121,,-0.151638,1.59093,-0.673252,4.065211,2.223593,-2.381164
2026-05-14,7501.240234,8.287566,top,8.517789,,-0.742897,1.045275,-0.934604,2.980763,1.446955,-3.122817
2026-05-15,7408.5,6.911672,top,7.168594,,0.873146,2.551499,1.948763,4.487129,2.716876,-1.9101
2026-05-18,7403.049805,6.719173,top,6.998365,,1.555707,2.754218,1.452317,5.210222,2.792497,-1.837885
2026-05-20,7432.970215,6.867919,top,7.243015,,1.742568,2.015611,0.905482,4.112969,2.37872,-2.233024
2026-05-21,7445.720215,6.919392,top,7.338118,,1.788172,-0.835908,0.362903,3.25102,2.203408,-2.400439
2026-05-22,7473.470215,7.15605,top,7.634949,,1.678353,-0.910542,-1.455794,3.089671,1.823913,-2.762839
2026-05-26,7519.120117,7.611763,top,8.158925,,1.198511,-1.777482,-2.163104,1.610032,1.205722,-3.353183
2026-05-27,7520.359863,7.475587,top,8.092355,,0.442089,-3.427178,-2.189512,2.027223,1.189038,-3.369116
2026-05-28,7563.629883,7.871068,top,8.580338,,0.273043,-2.264181,-2.810411,1.17282,0.610155,-3.921922
2026-05-29,7580.060059,7.918806,top,8.710579,,-2.624081,-1.979879,-1.859246,1.274417,0.392078,-4.130176
2026-06-01,7599.959961,7.998082,top,8.885297,,-2.588896,-0.602736,-1.332531,0.991654,0.129209,-4.381204
2026-06-02,7609.779785,7.9208,top,8.922995,,-2.975993,-1.301901,-1.676972,1.580272,-0.334697,-4.504592
2026-06-03,7553.680176,7.001401,top,8.09771,,-3.869268,-1.784234,-0.9369,2.071152,0.405496,-3.795368
2026-06-04,7584.310059,7.216272,top,8.418965,,-2.537224,-1.110129,-0.620035,1.333708,-0.395817,-4.183898
