date,open,high,low,close,adjustedClose,volume,amount,logReturnPct,simpleReturnPct,realizedVol20Pct,realizedVol60Pct,downsideVol20Pct,changeInVol20Pct,forwardVol20Pct,forwardReturn5Pct,forwardReturn20Pct,forwardReturn60Pct
,994.77,994.77,980.66,982.79,982.79,7412868,4431977400,,,,,,,18.50357,1.449572,-2.768986,0.197203
,981.58,997.32,979.88,992.56,992.56,7119108,4529208200,0.9892,0.994109,,,,,26.284489,0.421252,1.435405,1.091188
,993.33,993.79,980.33,983.17,983.17,6288029,3921015400,-0.950542,-0.946039,,,,,26.541024,1.384836,1.017015,1.238271
,983.05,995.71,979.81,983.96,983.96,7298694,4737469400,0.08032,0.080352,,,,,27.771193,0.441117,3.288948,-0.536009
,983.76,993.96,979.79,993.88,993.88,5791697,3762932900,1.003123,1.008171,,,,,27.659922,-2.695273,2.944509,0.70384
,994.19,999.55,991.09,997.14,997.14,5849079,3704076700,0.327471,0.328007,,,,,27.693488,-2.277171,2.326459,-1.025154
,996.65,996.98,989.26,996.75,996.75,5014525,3093299700,-0.03912,-0.039112,,,,,28.236667,-3.008435,0.928706,-2.300655
,996.08,999.47,992.7,996.88,996.88,6044065,3842173300,0.013042,0.013042,,,,,29.013717,-4.162147,2.843194,-3.377772
,996.62,1006.46,987.23,988.31,988.31,7297842,4162921200,-0.863399,-0.859682,,,,,29.503266,-0.579429,5.743944,-2.294646
,979.11,981.53,965.08,967.45,967.45,7288188,4249807800,-2.133267,-2.110674,,,,,28.187179,3.121978,7.609355,-1.728639
,967.37,974.87,960.29,974.69,974.69,7311847,4117944100,0.745573,0.748359,,,,,28.164562,2.341334,7.009279,-3.201449
,974.33,974.33,965.26,967.21,967.21,6338091,3427951300,-0.770383,-0.767423,,,11.957565,,27.869838,2.32186,7.903932,-2.949367
,963.21,963.21,952.23,956.24,956.24,7727106,4399350600,-1.140671,-1.13419,,,10.765324,,27.563357,1.904898,8.395745,-2.774908
,954.46,984.27,943.44,982.6,982.6,14450059,8152086100,2.719319,2.75663,,,10.765324,,26.304205,-1.372081,5.285273,-4.743346
,1001.85,1001.85,986.24,998.13,998.13,14359461,8360161500,1.568141,1.580501,,,10.765324,,26.477922,-4.429785,2.296766,-7.436156
,995.64,997.95,985.24,997.78,997.78,9862529,6157022400,-0.035072,-0.035066,,,11.354217,,26.53166,-4.28272,2.955549,-5.745323
,995.78,999.47,988.48,989.93,989.93,7663290,4719440400,-0.789858,-0.786747,,,10.516938,,26.382872,1.700728,3.351525,-5.987233
,987.34,987.7,973.77,974.63,974.63,6945364,4094398900,-1.557632,-1.545564,,,10.544597,,25.612619,1.889428,5.512995,-6.952582
,974.63,975.62,965.21,969.21,969.21,5748807,3280950300,-0.557661,-0.556108,,,10.106564,,25.988902,4.799342,7.910177,-5.965781
,965.79,965.79,953.14,954.88,954.88,6788706,3863573600,-1.489563,-1.478524,,,10.016782,,25.14955,6.947589,9.165909,-5.713747
,953.33,965.48,952.74,955.95,955.95,7433066,4275706800,0.111993,0.112056,18.50357,,10.016782,,27.023335,6.545016,6.721225,-7.619184
,956.7,1006.93,956.7,1006.91,1006.91,17057338,10202904300,5.19359,5.330823,26.284489,,10.016782,7.780919,20.073596,-0.085446,2.01743,-12.618792
,1005.56,1014.19,992.16,993.22,993.22,16974539,10057310300,-1.368932,-1.359605,26.541024,,10.227076,0.256536,19.317331,3.211015,3.736139,-12.641978
,992.25,1021.03,989.94,1016.86,1016.86,15736214,9549870600,2.352254,2.380137,27.771193,,10.227076,1.230169,18.651325,2.896112,-0.329003,-14.28951
,1023.32,1033.25,1018.49,1023.58,1023.58,12131293,7438168200,0.658684,0.660858,27.659922,,10.227076,-0.111271,18.807419,1.969573,-2.024099,-14.750989
,1024.43,1024.43,1010.48,1020.61,1020.61,8968297,5513063300,-0.29058,-0.290158,27.693488,,10.245753,0.033566,19.082964,2.405649,-2.75661,-14.350641
,1020.12,1021.2,1005.63,1006.05,1006.05,8139939,4817732100,-1.436872,-1.426598,28.236667,,9.466269,0.54318,19.086278,3.966791,-2.760276,-13.073369
,1006.69,1025.66,1006.69,1025.63,1025.63,9886094,6052394900,1.927529,1.946225,29.013717,,9.466269,0.77705,17.575683,1.390404,-4.358305,-17.225375
,1026.84,1048.68,1024.53,1046.74,1046.74,17937842,10922776800,2.037351,2.058247,29.503266,,9.8869,0.489549,16.317134,-1.0381,-8.232381,-18.671432
,1046.81,1049.61,1036.63,1043.94,1043.94,18696929,11231940700,-0.267856,-0.267497,28.187179,,8.706252,-1.316087,16.312298,-2.190611,-8.485579,-18.404728
,1042.25,1045.96,1034.73,1045.46,1045.46,14681788,8993752200,0.145496,0.145602,28.164562,,8.706252,-0.022617,16.601647,-1.712395,-8.029143,-19.838935
,1046.27,1059.48,1045.98,1046.76,1046.76,18170003,11489961200,0.12427,0.124347,27.869838,,9.156161,-0.294724,16.506697,-2.230547,-8.344308,-20.879525
,1046.21,1048.28,1035.04,1039.99,1039.99,12971046,8190101300,-0.648858,-0.646758,27.563357,,9.117146,-0.306481,16.495039,-0.977852,-7.930419,-19.515171
,1039.35,1042.74,1031.17,1035.93,1035.93,9962090,6288790700,-0.391152,-0.390388,26.304205,,8.917067,-1.259152,16.507176,1.252822,-8.114458,-19.084289
,1036.37,1045.76,1021,1021.32,1021.32,14225135,8971307900,-1.420367,-1.410327,26.477922,,8.960305,0.173717,17.001762,2.439358,-8.613589,-19.83941
,1019.88,1028.4,1014.75,1027.71,1027.71,9203085,5582812000,0.623712,0.625661,26.53166,,8.357939,0.053738,16.943218,-0.517044,-8.687074,-22.776153
,1027.93,1031.85,1022.18,1023.67,1023.67,8173641,5383868100,-0.393882,-0.393107,26.382872,,8.730676,-0.148789,22.523556,0.366633,-4.548646,-22.425048
,1024.48,1031.34,1024.48,1029.87,1029.87,7932949,5316473200,0.603837,0.605664,25.612619,,8.431487,-0.770253,22.836811,0.112572,-6.799671,-20.497715
,1033.79,1049.29,1032.85,1048.99,1048.99,14295793,9851274600,1.839522,1.856545,25.988902,,8.800298,0.376283,21.351114,-3.439838,-9.324366,-22.542453
,1051.26,1054.64,1041.98,1046.54,1046.54,15327488,9877624300,-0.233831,-0.233558,25.14955,,8.456431,-0.839352,22.908587,-4.242419,-7.217233,-14.445935
,1046.69,1046.69,1019.63,1022.41,1022.41,13295953,8380547700,-2.33269,-2.305693,27.023335,,11.373436,1.873785,22.24288,-2.93282,-3.755037,-11.36202
,1021.08,1028.12,1016.93,1027.43,1027.43,11476381,7654557000,0.489795,0.490997,20.073596,,11.373436,-6.949739,23.329214,-4.863153,-2.361648,-13.848384
,1027.18,1041.57,1014.93,1031.03,1031.03,14466089,10229428900,0.349776,0.350389,19.317331,,11.709234,-0.756264,23.381558,-4.88343,-3.514882,-14.377179
,1030.86,1030.94,1011.64,1013.52,1013.52,12007492,8091209200,-1.712888,-1.698302,18.651325,,11.907258,-0.666006,23.365145,-5.007266,-3.495954,-13.724813
,1011.85,1012.2,995.97,1003.07,1003.07,10622782,7153745900,-1.036412,-1.03106,18.807419,,11.311676,0.156093,24.626877,-4.491907,-0.21657,-14.59777
,1001.97,1004.82,992.12,992.86,992.86,9969011,6535061300,-1.023091,-1.017875,19.082964,,10.810031,0.275545,24.868635,-2.866884,-0.595002,-12.153177
,991.89,996.4,975.71,978.66,978.66,9652059,6314991200,-1.440538,-1.430212,19.086278,,10.813858,0.003314,24.777744,-1.617241,-0.469085,-10.587609
,977.3,983.18,973,981.89,981.89,7252564,4594520000,0.3295,0.330043,17.575683,,10.813858,-1.510596,25.00718,-2.18171,-1.862661,-8.015305
,981.71,982.14,959.56,964.02,964.02,11375717,6955307700,-1.836724,-1.819959,16.317134,,11.014857,-1.258548,24.156392,-0.920177,0.193791,-7.298191
,962.82,975.36,955.99,959.01,959.01,10930053,7092055400,-0.521054,-0.519699,16.312298,,10.65204,-0.004836,24.73968,-2.31862,-0.852415,-6.278478
,957.43,965.06,948.53,964.8,964.8,9260714,6446642600,0.601932,0.603748,16.601647,,10.65204,0.289348,24.730274,-2.370326,-2.181585,-7.669615
,964.25,966.97,959.06,962.96,962.96,7107322,4258127200,-0.190895,-0.190713,16.506697,,10.928162,-0.09495,24.771913,1.565116,-2.50899,-6.950779
,961.65,961.65,948.81,960.7,960.7,6669246,4141656400,-0.234969,-0.234693,16.495039,,11.361923,-0.011659,24.95014,0.152896,-3.240233,-4.760215
,960.42,968.12,954.74,955.19,955.19,7577378,4842151100,-0.575191,-0.57354,16.507176,,11.188447,0.012137,25.102435,0.042914,-1.914162,-5.53907
,952.71,952.71,936.38,937.03,937.03,8950164,5459378800,-1.919497,-1.901192,17.001762,,11.785566,0.494586,24.487543,3.835714,-1.119333,-4.154351
,934.85,942.37,928.34,942.2,942.2,7859445,4555322800,0.550227,0.551743,16.943218,,11.785566,-0.058544,25.155846,4.414993,-0.013798,-6.97854
,941.43,989.9,937.55,978.15,978.15,16347504,10109402800,3.744547,3.815538,22.523556,,11.888393,5.580338,21.112759,2.553631,-4.790113,-12.932384
,968.49,974.06,956.13,962.17,962.17,11435093,7296500000,-1.647188,-1.633696,22.836811,,11.645353,0.313255,22.093339,3.397361,-5.665905,-11.700255
,960.54,967.75,953.59,955.6,955.6,9534536,6069514000,-0.685173,-0.682832,21.351114,,11.347357,-1.485697,22.178413,2.388574,-4.551592,-11.747961
,955.6,977.86,948.95,973.67,973.67,14282421,9727656100,1.873302,1.890959,22.908587,,11.070372,1.557473,20.986977,2.758244,-7.662423,-14.462756
,975.97,1000.27,974.31,984.73,984.73,20754211,13260560600,1.129505,1.135908,22.24288,22.782573,9.995257,-0.665707,20.756236,0.227215,-10.585372,-15.335044
,984.66,1003.7,979.53,1003.45,1003.45,14762526,9151349808,1.883185,1.901029,23.329214,23.020241,9.995257,1.086334,18.93875,-2.970591,-12.274575,-19.038829
,1003.88,1008.73,992.77,995.42,995.42,15936066,10436232248,-0.803458,-0.800239,23.381558,22.995765,9.640686,0.052345,19.131258,-3.231208,-12.863235,-18.887288
,993.71,993.71,978.2,978.7,978.7,10226193,6479563495,-1.69396,-1.679693,23.365145,23.26204,9.613604,-0.016414,19.277991,-1.31752,-10.464554,-13.884992
,987.95,1006.5,987.95,1000.9,1000.9,16071687,10029602129,2.242971,2.268315,24.626877,23.628326,10.040949,1.261732,16.560846,-5.127752,-12.51032,-16.786368
,1004.64,1006.42,985.58,986.97,986.97,12945710,7813424514,-1.401523,-1.391747,24.868635,23.794746,10.168695,0.241759,16.490321,-4.453466,-10.999029,-14.988576
,982.61,982.61,971.93,974.08,974.08,10408955,6541675456,-1.314621,-1.306017,24.777744,23.942912,10.082189,-0.090891,16.288392,-3.657147,-9.844007,-14.690178
,970.91,970.91,958.65,963.77,963.77,8598400,5329138712,-1.064076,-1.058435,25.00718,24.034621,9.652982,0.229435,17.317073,-3.559282,-11.004409,-14.583104
,962.92,968.87,957.91,965.89,965.89,9212623,5768907755,0.219728,0.219969,24.156392,23.981713,9.327256,-0.850787,17.584352,-3.02813,-10.632843,-14.488796
,964.15,964.15,946.2,950.87,950.87,8850705,5300003714,-1.56726,-1.555042,24.73968,23.797869,9.317652,0.583288,17.236317,-2.585538,-9.066734,-12.083753
,948.86,955.55,938.59,943.98,943.98,9946145,6140646108,-0.727238,-0.7246,24.730274,23.784582,9.063974,-0.009406,17.468321,-0.20254,-9.628207,-11.196433
,942.91,947.91,934.96,939.1,939.1,10691884,6373550345,-0.518301,-0.51696,24.771913,23.757719,8.499106,0.041639,17.536471,-0.716006,-10.026226,-8.835011
,935.99,935.99,920.16,930.07,930.07,11470478,6667303132,-0.966212,-0.961559,24.95014,23.726154,7.50877,0.178227,17.956151,-2.272776,-8.344519,-8.198531
,928.43,939.7,924.66,937.08,937.08,11690471,7029373085,0.750881,0.753707,25.102435,23.080314,7.31109,0.152295,17.514572,-2.594516,-9.055669,-6.685477
,938.57,938.91,925.9,926.6,926.6,10780611,6432845906,-1.124668,-1.118368,24.487543,22.918674,6.343407,-0.614892,18.422861,-2.707376,-10.106489,-3.580501
,923.53,945.5,914.83,942.07,942.07,14343486,8315813742,1.655761,1.669545,25.155846,23.206822,6.343407,0.668304,17.616889,-6.156581,-14.075281,-5.585862
,940.81,942.45,929.81,932.4,932.4,11235419,6853192443,-1.031767,-1.026463,21.112759,23.242993,6.087546,-4.043087,17.722131,-4.930832,-13.08629,-4.861
,934.65,937.39,909.17,909.17,909.17,8529115,4889696446,-2.522981,-2.49142,22.093339,23.583313,8.447448,0.98058,19.631747,-3.799969,-8.032139,-1.950328
,905.54,913.39,892.31,913.08,913.08,10494331,5960910722,0.42914,0.430063,22.178413,23.591066,8.462584,0.085074,19.403523,-3.524388,-8.666496,-1.043672
,911.84,917.22,900.44,901.85,901.85,9042047,5128333208,-1.237529,-1.229903,20.986977,23.533217,8.102416,-1.191436,35.011729,-2.089653,0.43372,0.852375
,899.97,900.06,883.51,885.82,885.82,10228720,6107327165,-1.793444,-1.777457,20.756236,23.784202,8.144893,-0.23074,34.422201,-0.186442,2.97839,2.048151
,883.51,898.51,875.58,887.54,887.54,11244906,6228419643,0.193982,0.19417,18.93875,21.057964,8.144893,-1.817486,35.252386,-0.540023,0.787839,4.004201
,885.39,885.39,869.33,875.27,875.27,8224288,4630088469,-1.392118,-1.382473,19.131258,21.063465,7.870858,0.192508,34.859839,-1.372382,2.000938,5.792804
,873.08,888.28,868.21,881.46,881.46,8772273,4635198616,0.704721,0.70721,19.277991,20.469473,7.987385,0.146733,35.016524,-1.48581,0.235694,5.692204
,881.14,890.4,871.82,883.2,883.2,7878610,4615409280,0.197205,0.1974,16.560846,20.40486,7.987385,-2.717145,35.661045,-1.684166,-1.87088,6.272174
,882.84,888.02,871.29,884.17,884.17,8149583,4263472583,0.109768,0.109828,16.490321,20.417603,8.321158,-0.070525,36.061955,-3.082644,-0.559145,7.600384
,883.51,891.02,879.18,882.76,882.76,7226676,3835476288,-0.159599,-0.159472,16.288392,20.26481,9.746026,-0.201928,36.062328,-3.839365,-0.274517,6.103768
,880.28,880.28,862.1,863.34,863.34,7279795,3725791093,-2.224477,-2.199918,17.317073,20.173579,10.832434,1.028681,36.482638,-0.899392,4.851765,10.037906
,861.2,871.77,855.59,868.46,868.46,9206929,4777971875,0.591294,0.593046,17.584352,19.673398,10.832434,0.267278,36.770095,-1.450956,3.14086,8.452689
,867.66,876.3,861.66,868.45,868.45,7238556,3742173189,-0.001151,-0.001151,17.236317,19.683497,12.151997,-0.348035,36.784374,-3.625293,3.640671,9.291538
,867.76,872.84,854.96,857.33,857.33,6622786,3470051082,-1.28871,-1.280442,17.468321,19.762049,11.984613,0.232004,36.561544,-4.649613,4.140177,7.127876
,855.59,864.96,848.4,849.51,849.51,7749983,4240678764,-0.91632,-0.912134,17.536471,19.774798,11.607638,0.06815,36.331707,-3.77607,5.584438,8.301286
,847.63,858.46,842.1,855.61,855.61,6971583,3712116331,0.715495,0.718061,17.956151,19.883517,12.100339,0.419681,36.79295,-1.960396,6.824537,8.516401
,856.56,863.2,853.29,855.95,855.95,7047821,3601006687,0.03973,0.039738,17.514572,19.897021,12.100339,-0.441579,37.273917,-2.205342,5.430761,7.586138
,855.21,857.66,836.04,837.53,837.53,7902302,4274074912,-2.175488,-2.151995,18.422861,20.134466,12.858956,0.908289,36.28724,7.832833,7.071471,10.542618
,835.47,835.49,812.99,818.38,818.38,9508657,5220786229,-2.313031,-2.286485,17.616889,20.437158,13.045686,-0.805972,36.249407,10.897089,7.110539,12.798683
,816.55,823.86,807.97,818.03,818.03,7936056,4164754479,-0.042777,-0.042767,17.722131,20.448774,14.43555,0.105242,37.363779,8.943297,4.944018,12.641286
,816.73,839.15,807.78,839,839,9009185,4685006534,2.53117,2.563476,19.631747,21.209637,13.808857,1.909615,36.426985,6.233108,1.997789,8.930017
,841.58,858.09,835.18,837.28,837.28,13067068,7248577634,-0.205216,-0.205006,19.403523,20.719816,13.980727,-0.228223,36.533601,5.377802,1.470127,8.863437
,848.54,908.83,844.47,905.77,905.77,32907839,17414544247,7.862687,8.180059,35.011729,26.72917,14.655224,15.608206,22.155633,-4.394253,-7.234053,2.416011
,907.57,925.36,895.04,912.6,912.6,33141840,17782386004,0.751226,0.754055,34.422201,26.443964,15.012889,-0.589528,21.89436,-3.723977,-7.728062,3.442154
,911.94,911.94,889.1,894.56,894.56,22391502,12006754528,-1.996569,-1.97677,35.252386,26.661257,14.914295,0.830185,21.731019,-1.602378,-7.552092,5.788538
,895,900.18,877.69,892.96,892.96,15628002,7944060172,-0.179019,-0.178859,34.859839,26.634085,15.547029,-0.392547,21.738534,1.478445,-8.024991,6.477926
,895.39,905.41,882.86,883.54,883.54,14343570,7692070462,-1.060522,-1.054918,35.016524,26.513237,14.823667,0.156684,25.232045,1.419356,-3.656133,5.833041
,881.21,881.25,865.14,866.83,866.83,11454056,6272310250,-1.909369,-1.891256,35.661045,26.686611,14.69178,0.644521,24.476124,3.827385,-2.405169,9.452016
,866.66,879.49,861.83,879.24,879.24,11049685,6115269193,1.421502,1.431653,36.061955,26.851265,14.69178,0.40091,23.882952,1.616678,-3.430402,8.294659
,883.6,888.08,876.04,880.34,880.34,14963009,8285455982,0.12503,0.125108,36.062328,26.734402,14.591096,0.000372,24.03807,2.019589,-4.571654,7.517436
,881.62,906.48,872.56,906.26,906.26,18992082,10290889580,2.901804,2.944317,36.482638,27.452438,14.315216,0.42031,21.095533,1.073379,-8.43046,4.661982
,906.31,906.31,894.39,896.17,896.17,12774784,6890936652,-1.119611,-1.113367,36.770095,27.301338,13.649352,0.287457,21.080109,0.838945,-6.996813,7.272255
,894.77,901.24,891.93,900.65,900.65,10478134,5882401451,0.49866,0.499905,36.784374,27.317596,13.1035,0.014279,21.294433,-0.194493,-6.65769,7.43752
,900.06,904.9,892.83,893.57,893.57,9509308,5465028353,-0.789205,-0.786099,36.561544,27.31268,13.236296,-0.22283,21.291235,-1.679251,-5.708403,8.165894
,892.06,898.67,888.4,898.3,898.3,8918739,4732186046,0.527941,0.529337,36.331707,27.345301,13.889157,-0.229837,22.438505,-4.41649,-4.393223,7.4201
,904.21,920.65,904.21,916.04,916.04,16545402,8903493734,1.955594,1.974841,36.79295,27.67111,13.889157,0.461242,20.914731,-6.787143,-6.678549,5.841061
,913.48,913.48,901.21,903.72,903.72,10402219,5536098456,-1.354045,-1.344919,37.273917,27.776558,13.202997,0.480967,22.460069,-6.165977,-3.060569,6.241171
,906.75,907.57,898.08,898.9,898.9,10806746,5751998008,-0.534778,-0.533351,36.28724,27.531385,12.446259,-0.986677,23.636607,-6.472692,-0.545483,4.93886
,897.1,897.1,876.88,878.69,878.69,10855472,5597946269,-2.273963,-2.248303,36.249407,27.866319,12.347032,-0.037832,22.150938,-3.941511,1.37888,4.948955
,875.93,875.93,858.37,859.49,859.49,10094597,5086726820,-2.209297,-2.185071,37.363779,27.000953,12.281766,1.114372,20.525515,-3.552814,3.281272,6.384092
,855.32,856.1,842.81,855.93,855.93,8840277,4026099534,-0.415059,-0.414199,36.426985,26.839507,12.304207,-0.936794,20.422646,-3.789672,4.084022,7.053153
,853.68,856.74,845.36,849.68,849.68,7992688,4529674417,-0.732879,-0.7302,36.533601,26.843406,11.571601,0.106616,20.483737,0.251543,6.152698,6.220183
,850.25,854.45,838.61,842.56,842.56,6898314,3627265630,-0.841493,-0.837963,22.155633,26.524306,11.20004,-14.377967,20.055183,0.434631,7.652708,7.00747
,841.75,848.02,839.28,844.73,844.73,5962465,2901826588,0.257217,0.257548,21.89436,26.391703,11.20004,-0.261274,20.35345,0.573683,6.797823,8.096656
,842.62,842.62,827.23,829.49,829.49,7221000,3447787083,-1.8206,-1.804127,21.731019,26.200552,10.956697,-0.163341,19.630515,1.378061,10.768454,10.072163
,837.86,850.66,822.52,824.1,824.1,8439006,4092653674,-0.651917,-0.649797,21.738534,26.190381,10.230155,0.007515,19.133811,1.072976,11.816857,9.620332
,821.91,854.29,818.86,851.82,851.82,14989871,7519245269,3.308336,3.363669,25.232045,27.057318,10.659528,3.493511,16.226837,-1.921324,9.112642,7.669404
,850.47,851.95,841.86,846.23,846.23,9398842,4674024437,-0.658405,-0.656242,24.476124,26.573054,10.34575,-0.755921,15.711594,-0.425137,10.548222,8.735795
,844.94,856.09,843.18,849.59,849.59,9361968,4742557429,0.396269,0.397055,23.882952,26.504238,10.34575,-0.593173,16.028205,-0.661323,11.589931,7.580819
,849.87,854.6,837.78,841,841,8889563,4203939701,-1.016222,-1.011076,24.03807,26.460053,9.915189,0.155118,17.004533,2.19802,10.949938,7.315542
,839.22,840.01,829.68,832.99,832.99,8500006,3767754660,-0.957002,-0.952438,21.095533,26.4468,9.548019,-2.942537,16.50244,2.825291,13.616601,7.472518
,831.5,840.14,829.28,835.61,835.61,7891818,3622924794,0.314036,0.31453,21.080109,26.454553,9.93737,-0.015424,17.510342,4.775189,12.308642,7.686264
,835.3,844.71,832.14,842.64,842.64,8526473,3953440082,0.837782,0.841302,21.294433,26.39885,9.93737,0.214324,17.510328,5.917714,12.308558,6.445396
,842.75,843.99,835.76,843.99,843.99,8366101,4118496717,0.160083,0.160211,21.291235,26.385987,10.265705,-0.003198,22.686406,5.408032,8.696102,6.415411
,847.54,867.16,842.99,859.69,859.69,21630000,10210013616,1.843121,1.860212,22.438505,26.701121,10.265705,1.147271,22.070755,3.258005,7.110071,5.071094
,858.33,860.95,854.28,856.86,856.86,11816080,5762385031,-0.329731,-0.329188,20.914731,26.649551,10.429497,-1.523775,22.005088,3.975427,8.370413,5.648194
,856.19,880.03,856.19,876.48,876.48,21826776,10513580671,2.263934,2.289756,22.460069,27.042283,10.79511,1.545339,21.335058,3.04729,5.215945,2.009386
,876.94,894.03,876.04,894.01,894.01,20409537,9688109273,1.980307,2.000046,23.636607,27.292886,11.011812,1.176537,20.459827,1.7255,4.016631,-2.055637
,893.88,901,888.5,890.89,890.89,20622527,10326374188,-0.3496,-0.348989,22.150938,27.06299,9.514758,-1.485668,20.381629,1.477431,4.309265,-1.702612
,889.41,892.29,883.38,888.16,888.16,13397406,6409062024,-0.306906,-0.306435,20.525515,26.996295,6.97289,-1.625423,20.348843,3.934369,4.415996,-2.32713
,887.72,897.28,885.85,891.61,891.61,11808309,5451576867,0.387691,0.388444,20.422646,26.52669,7.133028,-0.102869,20.930961,3.943163,2.848206,-1.734314
,892.13,903.65,888.4,903.6,903.6,14292547,6441958706,1.335797,1.344758,20.483737,26.65883,7.563107,0.061091,20.48848,3.211487,1.240612,-3.461161
,905.18,919.28,903.76,909.57,909.57,25786298,11911777040,0.658518,0.660691,20.055183,26.571225,8.072565,-0.428554,20.95154,3.330145,1.997356,-3.023583
,907.42,909.83,901.62,904.15,904.15,14519256,6682690057,-0.597668,-0.595886,20.35345,26.335732,7.600671,0.298267,21.589248,5.365791,4.372393,-3.32515
,904.04,923.81,903.94,923.8,923.8,19123765,9585685726,2.150032,2.173312,19.630515,26.689164,4.359339,-0.722935,20.364148,1.559544,2.572176,-5.043907
,926.57,933.15,923.57,927.47,927.47,21608944,11135756693,0.396485,0.397272,19.133811,26.522782,4.698976,-0.496704,20.388015,2.872719,2.68606,-5.563424
,926.97,933.39,919.11,933.09,933.09,19532907,9704541246,0.604121,0.60595,16.226837,26.513729,4.698976,-2.906975,21.309528,1.274676,0.376531,-5.685397
,933.26,940.37,926.28,940.37,940.37,21515763,10214864206,0.777176,0.780203,15.711594,26.549907,5.129408,-0.515242,21.99563,1.335198,1.308962,-6.720414
,940.78,953.99,939.39,953.99,953.99,27073666,14042061872,1.437977,1.448366,16.028205,26.690191,5.129408,0.316611,21.411025,-3.555152,0.13513,-10.027326
,954.72,959.27,933.98,938.32,938.32,29168144,14457553256,-1.656215,-1.642575,17.004533,26.933875,8.415793,0.976328,20.660195,-1.641847,1.139152,-8.160434
,937.71,954.5,936.11,954.5,954.5,20430813,10503460782,1.70966,1.724358,16.50244,26.688243,9.138924,-0.502094,19.717584,-2.420897,-0.524158,-10.175837
,955.27,959.34,939.92,945.06,945.06,23861818,12606079730,-0.993923,-0.988999,17.510342,26.778256,8.475911,1.007902,20.069526,-2.317508,1.960426,-9.823066
,943.41,953.34,930.33,953.01,953.01,21457769,10910460911,0.837698,0.841216,17.510328,26.814411,8.475911,-0.000014,19.993918,-2.374213,1.786653,-9.907167
,954.16,956.84,919.12,920.67,920.67,31855327,15916423709,-3.452373,-3.393459,22.686406,27.665067,18.206164,5.176079,15.03526,1.021194,5.178195,-6.508103
,918.09,927.32,910.08,923.04,923.04,22242679,10881501177,0.25709,0.257421,22.070755,27.581935,18.206164,-0.615652,15.13024,0.56393,4.703252,-4.520844
,923.11,933.35,919.22,931.67,931.67,16031010,7745835021,0.93061,0.934954,22.005088,27.604674,19.053767,-0.065667,14.918815,-1.546779,4.149196,-5.266868
,931.81,931.81,915.03,923.41,923.41,15406488,7508824639,-0.890534,-0.88658,21.335058,27.685103,17.509782,-0.670029,14.982266,-0.928043,4.085795,-6.0017
,923.56,935.23,923.56,930.65,930.65,15959747,7736512283,0.780993,0.78405,20.459827,27.295426,17.509782,-0.875231,16.455463,-0.293774,1.467713,-6.025465
,930.97,933.2,920.61,930.12,930.12,16292057,7604864624,-0.056966,-0.056949,20.381629,26.803995,18.167078,-0.078198,18.433133,1.54056,-0.739189,-5.369995
,930.25,930.33,921.84,928.26,928.26,15429804,7186198527,-0.200174,-0.199974,20.348843,26.812358,18.381765,-0.032786,18.612272,2.09055,-1.313176,-4.874169
,928.34,928.34,913.77,917.37,917.37,15462261,7137708170,-1.180099,-1.173163,20.930961,26.517635,17.021427,0.582118,18.164128,3.781017,0.120925,-4.139581
,916.09,920.21,912.84,914.88,914.88,12438170,5858436210,-0.271797,-0.271428,20.48848,26.521783,16.554844,-0.442481,18.988747,2.347406,-1.173127,-4.879508
,915.12,928.21,911.51,927.92,927.92,14623630,7034282250,1.415261,1.425324,20.95154,21.285777,16.554844,0.463059,18.174913,2.641751,-2.642594,-6.005967
,928.52,944.95,926.06,944.56,944.56,22306384,10558677965,1.777369,1.793258,21.589248,21.534596,17.479377,0.637709,17.630611,1.128528,-3.07356,-7.870347
,945.98,947.92,941.31,947.87,947.87,18614438,8864773608,0.349815,0.350428,20.364148,21.111454,17.479377,-1.225101,17.570258,0.12652,-3.268468,-8.579312
,949.08,952.98,944.63,952.72,952.72,17843318,8242226133,0.510369,0.511674,20.388015,21.120303,17.479377,0.023867,17.683104,-0.337499,-4.882585,-10.284225
,953.41,956.3,934.97,936.61,936.61,21222255,10583985179,-1.705408,-1.690948,21.309528,21.313163,16.673909,0.921513,17.668301,2.85857,-1.81977,-7.828969
,934.99,952.9,932.65,952.76,952.76,19608466,9956808193,1.709606,1.724304,21.99563,21.147703,16.673909,0.686102,16.472599,1.812889,-3.121389,-8.646574
,954.27,958.87,947.71,955.28,955.28,22424393,11753260243,0.264146,0.264495,21.411025,20.984633,16.673909,-0.584605,16.526569,1.487912,-4.144242,-8.885547
,955.11,959.9,946.02,949.07,949.07,16219310,7924193974,-0.652193,-0.650071,20.660195,21.047082,16.571939,-0.75083,16.898093,1.922253,-4.773548,-6.72318
,949.78,952.55,945.4,949.51,949.51,11672613,5610130326,0.04635,0.046361,19.717584,20.236086,16.571939,-0.942611,16.975641,2.252458,-5.619925,-6.63889
,949.58,963.92,948.13,963.77,963.77,16579431,7999031246,1.490661,1.501827,20.069526,20.283452,17.713185,0.351942,15.956292,-0.192139,-6.582804,-8.064296
,964.97,970.26,961.64,970.19,970.19,19958291,9942627972,0.663925,0.666134,19.993918,20.299409,17.713185,-0.075607,15.51905,-2.693153,-7.649815,-7.715484
,970.58,970.96,965.66,969.6,969.6,16377679,8098160518,-0.060831,-0.060813,15.03526,20.214165,9.473163,-4.958659,15.58619,-4.89619,-7.458886,-7.846341
,969.62,970.37,964.28,967.49,967.49,13978571,6989327513,-0.217853,-0.217616,15.13024,20.2102,9.122291,0.09498,15.885496,-5.452498,-6.742229,-6.946992
,967.44,971.99,964.26,971.14,971.14,14737421,7427481654,0.376555,0.377265,14.918815,19.854822,9.122291,-0.211425,15.814981,-5.575051,-6.871415,-7.284776
,971.38,971.65,957.12,961.92,961.92,18636604,9189438331,-0.953935,-0.9494,14.982266,19.746534,9.195765,0.063452,16.098495,-6.186965,-7.292354,-5.843609
,961.37,961.37,943.82,944.41,944.41,18541895,8760459022,-1.837089,-1.820318,16.455463,20.103616,10.697346,1.473196,16.419691,-4.404082,-7.53998,-4.468281
,942.73,942.73,914.23,923.27,923.27,18115525,8625589892,-2.263868,-2.238435,18.433133,20.098572,12.490488,1.977671,14.862577,-0.79381,-5.272687,-1.585169
,921.51,927.42,914.81,916.15,916.15,11547644,5549882042,-0.774161,-0.771172,18.612272,19.60885,11.862408,0.179139,14.944482,0.135258,-5.42995,-0.028384
,915.84,919.65,913.61,918.48,918.48,8836241,4398425669,0.254002,0.254325,18.164128,19.580775,12.532531,-0.448144,15.495647,-1.222493,-4.703446,0.423716
,918.87,921.13,903.39,904.21,904.21,11086056,5576097392,-1.56585,-1.553654,18.988747,19.808386,12.122974,0.824619,14.698197,1.700764,-3.528646,1.661614
,903.33,910.33,901.38,903.72,903.72,8850310,4331475905,-0.054206,-0.054191,18.174913,19.713419,12.608387,-0.813834,15.376565,2.162956,-2.378345,1.885359
,904.28,915.97,904.28,915.97,915.97,11938978,5798238295,1.346404,1.355508,17.630611,19.872293,12.608387,-0.544302,14.583971,0.057845,-4.623984,1.738139
,916.59,918.66,913.45,917.39,917.39,9001433,4529466676,0.154907,0.155027,17.570258,19.449891,12.608387,-0.060353,14.713435,-1.37856,-4.347615,0.658397
,917.21,917.21,906.88,907.32,907.32,7158451,3665624376,-1.103748,-1.097679,17.683104,19.553,11.970044,0.112847,14.336849,-1.074838,-3.366899,3.69048
,906.63,919.8,904.04,919.72,919.72,7758295,4032539378,1.357408,1.366662,17.668301,18.596839,12.025562,-0.014803,13.407975,-1.904464,-4.242159,4.195735
,920.45,926.09,917.38,923.48,923.48,12208852,6653231000,0.407987,0.40882,16.472599,18.532578,12.025562,-1.195702,13.206348,-2.715536,-4.907987,4.917786
,923.43,926.01,916.28,916.5,916.5,10828904,6021814326,-0.758708,-0.755837,16.526569,18.616819,11.444511,0.053971,14.319758,-1.826731,-6.018214,6.213178
,916.34,917.89,902.81,904.83,904.83,10123940,5568049025,-1.281499,-1.273322,16.898093,18.694135,11.454359,0.371524,13.939044,-0.046428,-4.526038,7.791595
,903.27,903.27,892.36,897.62,897.62,10552506,5516482064,-0.800026,-0.796835,16.975641,18.658172,10.955344,0.077548,13.778713,1.000967,-4.031755,8.113046
,897.37,903,895.62,902.37,902.37,11366317,5849997730,0.527782,0.529177,15.956292,18.672581,10.955344,-1.019349,13.581373,-0.901689,-5.200688,8.631667
,902.04,907.88,897.04,898.74,898.74,11033048,5474099406,-0.403085,-0.402274,15.51905,18.644293,10.784541,-0.437242,14.032899,-2.583319,-4.044005,8.534377
,898.89,900.13,889.57,899.91,899.91,12608725,6082545635,0.130098,0.130182,15.58619,18.644033,10.401003,0.06714,13.990333,-2.709991,-4.227412,6.61374
,899.65,907.79,897.99,904.41,904.41,11364588,5645096184,0.498804,0.50005,15.885496,18.309895,10.105986,0.299306,16.340252,-4.140219,-2.481867,6.410928
,905.13,908.45,900.23,906.65,906.65,9218982,4674775354,0.247369,0.247675,15.814981,18.292317,10.105986,-0.070514,16.322833,-3.407081,-2.54465,8.148316
,905.97,905.97,893.61,894.27,894.27,11213401,5687104900,-1.374875,-1.365466,16.098495,17.96593,10.182208,0.283514,16.598661,-2.423257,-2.795141,10.292876
,892.62,892.62,873.9,875.82,875.82,12167123,5911800808,-2.084715,-2.063135,16.419691,18.015939,10.684024,0.321196,15.187431,0.757554,0.046802,12.591241
,873.47,879.67,869.72,875.85,875.85,11908588,5881848405,0.003425,0.003425,14.862577,18.004069,9.351663,-1.557113,15.334181,-0.145107,0.641881,12.871304
,875.86,880.21,859.69,867.73,867.73,11973376,5565266453,-0.931424,-0.927099,14.944482,18.09062,9.268821,0.081904,14.924704,1.217593,1.868957,14.096426
,866.62,878.41,866.15,876.28,876.28,10443651,4954801462,0.980507,0.98533,15.495647,18.190828,9.268821,0.551166,14.65655,0.114054,0.44294,14.162382
,875.96,875.96,862.69,872.86,872.86,10082745,4762514458,-0.39105,-0.390286,14.698197,17.980529,9.263935,-0.79745,15.048967,0.987251,-0.177735,16.866992
,873.39,884.94,873.39,882.48,882.48,13104973,6115386842,1.096095,1.102124,15.376565,18.077078,8.391243,0.678368,14.526543,-0.366685,-0.985028,15.45197
,882.19,885.68,872.11,874.58,874.58,12179182,5843191842,-0.899235,-0.895204,14.583971,18.12657,7.932416,-0.792594,14.178138,-1.336384,-0.172804,16.654646
,873.35,878.36,869.68,878.36,878.36,9567310,4570236086,0.431276,0.432207,14.713435,17.566982,7.932416,0.129464,14.130392,-1.556983,-0.963229,14.910914
,877.62,877.62,870.08,877.28,877.28,7713259,3758294613,-0.123032,-0.122956,14.336849,17.538523,9.034302,-0.376586,14.70587,-1.739694,-2.034741,16.275714
,876.43,881.9,870.96,881.52,881.52,10128761,4617261094,0.482148,0.483312,13.407975,17.519594,9.034302,-0.928873,14.876552,-2.862993,-1.767041,15.722828
,881.51,884.94,878.68,879.25,879.25,11774405,5544780425,-0.257842,-0.25751,13.206348,17.427745,9.112871,-0.201627,15.257821,-1.851554,-0.617198,16.649226
,878.62,878.62,862.09,862.97,862.97,10853771,5071603818,-1.868934,-1.851578,14.319758,17.489162,10.315054,1.11341,13.625482,-0.035929,1.27691,18.819095
,861.22,867.33,857.79,864.79,864.79,9219720,4221479222,0.210677,0.2109,13.939044,17.226764,10.713263,-0.380715,14.559969,1.997742,2.576406,16.518884
,864.08,864.25,858.34,862.15,862.15,6271674,2924317719,-0.305743,-0.305276,13.778713,16.794212,11.138651,-0.160331,14.469339,2.488072,3.012789,16.849132
,862.07,867.46,853.86,856.64,856.64,8252478,4158739868,-0.641151,-0.6391,13.581373,16.735714,10.620745,-0.19734,14.170831,1.503857,3.719195,17.61467
,855.45,863.17,847.49,863.12,863.12,9066138,4185382359,0.753597,0.756444,14.032899,16.715095,10.924883,0.451526,14.337383,1.507488,3.978336,18.5287
,863.08,865.79,859,862.66,862.66,8811637,4120494742,-0.053309,-0.053295,13.990333,15.246991,11.107254,-0.042566,14.378027,2.159302,3.839957,18.492445
,862.58,886.58,862.4,882.24,882.24,17597803,8353934317,2.244349,2.269724,16.340252,15.976954,11.107254,2.349919,12.34583,0.210605,2.277104,16.582831
,882.79,886.11,880.3,883.87,883.87,10259963,4897254555,0.184587,0.184757,16.322833,15.848968,11.107254,-0.017419,12.3456,-0.419492,2.131289,17.170197
,883.93,883.93,869.53,869.62,869.62,10597236,4500600972,-1.625366,-1.612228,16.598661,16.077834,11.485447,0.275829,10.563717,0.194149,4.243886,18.642985
,868.01,876.82,866.19,876.23,876.23,9916920,3944070407,0.757228,0.760102,15.187431,16.072344,9.922061,-1.41123,10.615606,-0.274276,3.024897,18.37794
,875.83,885.74,874.88,881.49,881.49,14629008,6102429919,0.598504,0.600299,15.334181,16.135925,9.922061,0.146749,10.627444,-0.959792,3.045637,18.121676
,881.25,884.16,877.26,884.1,884.1,13003546,5127946933,0.295652,0.29609,14.924704,16.153386,10.441872,-0.409476,10.852767,-1.614593,3.532609,16.112615
,883.24,886.74,877.64,880.17,880.17,9739735,4239101597,-0.445511,-0.44452,14.65655,16.009459,9.917872,-0.268154,10.746517,-2.363627,4.684222,16.8475
,879.25,879.25,870.56,871.31,871.31,8414994,3597357382,-1.011724,-1.006624,15.048967,16.120921,9.934043,0.392417,9.93881,-0.602054,5.367995,17.589104
,870.45,873.93,866.98,873.83,873.83,8040738,3676845309,0.288802,0.28922,14.526543,15.837059,9.934043,-0.522423,9.944577,0.001144,5.248732,14.972849
,873.47,877.31,870.7,873.07,873.07,7069235,3355702993,-0.087011,-0.086973,14.178138,15.346344,10.358681,-0.348405,10.383462,0.113329,6.534927,14.496684
,872.93,875.83,866.37,869.94,869.94,8492021,3937214093,-0.359149,-0.358505,14.130392,15.320194,9.919899,-0.047746,11.05172,1.982652,5.969241,14.366164
,869.43,869.43,858.86,859.61,859.61,10286897,4606548004,-1.194545,-1.187438,14.70587,15.407826,9.903093,0.575478,11.015535,3.307836,9.09212,16.013711
,858.11,867.19,855.72,866.08,866.08,10303514,4737134619,0.749849,0.752667,14.876552,15.183746,9.903093,0.170682,12.06899,2.623243,10.204934,16.344336
,865.72,874,865.02,873.84,873.84,9842955,4368779146,0.892001,0.895991,15.257821,14.849311,10.127619,0.38127,12.197743,2.74398,10.442971,15.29631
,874.13,877.97,870.12,874.06,874.06,10259174,5018813137,0.025173,0.025176,13.625482,14.829311,8.502372,-1.632339,12.055639,2.527119,10.954483,16.315484
,873.69,887.57,871.26,887.36,887.36,12719526,5793086795,1.510174,1.521635,14.559969,15.173508,8.502372,0.934487,11.528694,1.698441,9.741227,14.674997
,887.06,890.69,884.26,888.52,888.52,10699280,5082260512,0.130639,0.130725,14.469339,15.178249,8.843171,-0.09063,11.972762,1.606572,9.132012,14.193418
,888,889.22,880.74,889.1,889.1,10547238,5148218278,0.065256,0.065277,14.170831,14.812651,9.548447,-0.298508,12.053679,2.028548,10.113159,15.451374
,888.6,899.01,884.37,898.15,898.15,13868376,6757243552,1.012738,1.017883,14.337383,14.909876,9.548447,0.166552,12.401057,0.554049,8.600046,14.73694
,898.38,904.01,895.17,896.43,896.43,16259782,7498123901,-0.191688,-0.191505,14.378027,14.909748,9.19511,0.040644,14.572672,1.364982,7.001195,15.590372
,895.83,902.75,894.1,902.56,902.56,11452107,5418465602,0.681496,0.683824,12.34583,15.000955,9.19511,-2.032197,14.520538,1.46611,6.615691,14.991883
,902.05,904.47,898.79,902.91,902.91,9936327,4380561278,0.038771,0.038779,12.3456,14.969544,9.19511,-0.00023,15.604063,2.133441,8.561676,14.384999
,902.75,907.32,899.66,907.32,907.32,10294659,4665761570,0.487232,0.488421,10.563717,14.918489,7.165356,-1.781883,15.650405,1.318258,8.844131,14.672621
,907.05,910.93,902.11,903.14,903.14,10273976,4892864878,-0.461762,-0.460697,10.615606,14.493681,6.561608,0.051889,15.312981,1.949559,9.519542,15.634694
,902.37,909.06,900.66,908.75,908.75,8947026,4441384591,0.619245,0.621166,10.627444,13.82233,6.561608,0.011839,15.317696,2.529497,9.183786,15.893231
,908.96,915.89,908.51,915.89,915.89,11906999,5799046691,0.782624,0.785695,10.852767,13.830831,6.561608,0.225323,15.279041,0.822039,8.694859,14.199675
,916.67,925.01,916.41,922.38,922.38,15342650,7501782773,0.706102,0.7086,10.746517,13.897235,7.154376,-0.10625,15.40645,2.044271,9.035221,14.009467
,922.44,922.44,916.01,919.36,919.36,12050359,5640640118,-0.327951,-0.327414,9.93881,13.525394,6.250241,-0.807707,16.451206,4.234885,11.676732,16.040872
,919.05,920.98,915.12,920.92,920.92,12131032,5731256513,0.169539,0.169683,9.944577,13.52738,6.250241,0.005767,16.703792,5.195383,11.188266,16.798166
,921.14,932.03,921.14,932.03,932.03,17254959,8798040548,1.199183,1.206402,10.383462,13.469495,6.290512,0.438885,16.550677,4.532885,10.292523,16.567318
,933.45,934,921.83,923.45,923.45,15600251,8517980122,-0.924835,-0.920571,11.05172,13.607434,6.720039,0.668258,17.047546,5.754638,9.904902,17.788993
,926.56,941.43,926.41,941.43,941.43,21126899,11442608327,1.928334,1.947046,11.015535,13.960747,,-0.036185,16.445626,3.347728,9.218335,15.852501
,943.85,959.62,942.31,959.13,959.13,27311743,14693493720,1.862663,1.880119,12.06899,14.197459,,1.053455,15.673798,2.531468,7.284934,15.318953
,961.91,975.63,956.04,970.03,970.03,30286368,16170989866,1.130038,1.136447,12.197743,14.347219,,0.128753,15.45888,0.901055,6.823453,14.670796
,971.09,976.27,966.05,975.25,975.25,24329552,12626400277,0.536685,0.538128,12.055639,14.268421,,-0.142104,15.441975,-1.426169,6.587703,13.577062
,975.28,978.28,964.43,978.15,978.15,22735302,12344022953,0.296918,0.29736,11.528694,13.977713,,-0.526945,17.671127,-1.427095,4.201251,11.186896
,977.64,983.39,963.39,973.48,973.48,26524138,13488346780,-0.478575,-0.477432,11.972762,13.901692,4.379242,0.444068,17.500511,1.036236,4.704331,13.896484
,972.39,984.08,968.54,983.72,983.72,21896680,11028175836,1.046402,1.051896,12.053679,14.004494,4.379242,0.080917,17.237738,0.75952,3.782315,13.367243
,985.04,988.11,973.68,978.81,978.81,22281861,11215633222,-0.500376,-0.499126,12.401057,14.022131,3.919851,0.347378,17.796363,1.473545,5.950318,14.476747
,977.89,977.89,960.88,961.44,961.44,20305215,9896151721,-1.790539,-1.774604,14.572672,14.570948,8.72502,2.171615,16.091987,3.547573,7.651292,16.880633
,959.4,965.98,952.23,964.29,964.29,16037276,8076118846,0.295992,0.29643,14.520538,14.553765,8.72502,-0.052134,16.08981,3.545279,7.690035,16.244945
,964.16,984.67,963.08,983.62,983.62,20823518,10389841771,1.984756,2.004584,15.604063,15.05242,8.72502,1.083524,15.031072,2.606985,6.477232,15.554688
,985.23,992.27,978.28,991.22,991.22,26455609,12714862349,0.769686,0.772656,15.650405,14.772158,8.72502,0.046342,15.024764,4.150859,5.554967,14.221265
,991.57,994.5,987.06,993.34,993.34,26147062,12929890431,0.213649,0.213878,15.312981,14.00374,9.433554,-0.337424,15.041525,3.618282,5.833501,13.940209
,993.74,997.33,989.34,996.16,996.16,22546019,11459294356,0.283489,0.283891,15.317696,13.997868,9.433554,0.004715,15.042546,3.638234,5.892253,14.857957
,997.79,1006.15,993.39,999.09,999.09,24197991,13914239772,0.293698,0.294129,15.279041,13.793164,9.433554,-0.038656,16.645892,2.032081,3.885146,14.52445
,998.83,1009.65,989.51,1009.6,1009.6,21800758,11644197379,1.046463,1.051957,15.40645,13.809044,9.433554,0.12741,16.346044,2.227386,3.128058,14.945607
,1013.42,1033.35,1012.81,1033.23,1033.23,25038771,13466978183,2.313561,2.340531,16.451206,14.38486,,1.044755,14.263988,-0.156913,0.544377,16.488153
,1034.68,1038.5,1019.94,1029.94,1029.94,32954787,17669257813,-0.318927,-0.318419,16.703792,14.334666,9.462444,0.252586,16.514666,0.83057,-1.464149,19.493017
,1028.44,1033.4,1022.94,1033.07,1033.07,26986729,13692515175,0.30344,0.303901,16.550677,14.130582,9.462444,-0.153115,16.539004,0.828064,-2.330765,20.327208
,1033.19,1033.19,1017.05,1019.6,1019.6,23839601,12115067169,-1.312456,-1.303881,17.047546,14.496704,10.152732,0.496869,15.998971,0.050987,-1.507978,20.775705
,1019.42,1032.6,1018.48,1032.34,1032.34,22024453,11411753871,1.241768,1.24951,16.445626,14.616633,10.152732,-0.60192,15.37033,-1.166276,-2.296744,22.765512
,1034.38,1034.64,1021.84,1031.61,1031.61,22157298,11454695538,-0.070738,-0.070713,15.673798,14.626476,10.487146,-0.771828,15.946547,-0.971151,-1.145533,27.058263
,1032.65,1038.81,1030.46,1038.53,1038.53,18556220,9730559347,0.668556,0.670796,15.45888,14.609042,10.487146,-0.214919,15.715703,0.02792,-1.970114,24.822195
,1040.33,1048.34,1038.74,1041.66,1041.66,24784628,12747811508,0.300934,0.301388,15.441975,13.907314,10.487146,-0.016905,16.180971,-0.362579,-1.226701,24.850513
,1041.67,1041.67,1019.21,1020.12,1020.12,26159892,13407183725,-2.089533,-2.067853,17.671127,14.753264,12.518142,2.229152,14.310214,2.061689,0.732518,26.616052
,1020.06,1028.57,1015.99,1020.37,1020.37,21026875,10774127956,0.024504,0.024507,17.500511,14.71318,13.254098,-0.170616,14.376336,2.809138,0.357075,29.179466
,1020.74,1030.05,1020.02,1021.64,1021.64,18818883,10303300141,0.124387,0.124465,17.237738,14.59143,13.254098,-0.262774,15.105473,2.532172,1.5559,29.607681
,1020.98,1038.94,1014.66,1038.82,1038.82,23678039,13180216400,1.667627,1.68161,17.796363,14.832753,14.13023,0.558625,13.9303,1.356728,0.186576,23.776439
,1039.65,1046.45,1036.38,1037.89,1037.89,25380704,13435059019,-0.089565,-0.089525,16.091987,14.836719,14.177847,-1.704376,14.113632,1.788533,0.937884,23.149292
,1038.25,1041.59,1029.25,1041.37,1041.37,19785037,10259755542,0.334735,0.335296,16.08981,14.277972,14.177847,-0.002177,14.07377,-0.259611,0.686157,22.773271
,1041.97,1049.69,1041.97,1049.44,1049.44,19676104,10286380796,0.771953,0.774941,15.031072,14.312544,14.177847,-1.058739,13.94549,-0.742189,-0.65391,23.768888
,1055.95,1057.22,1045.97,1047.84,1047.84,22872099,12520438962,-0.152579,-0.152462,15.024764,13.780781,13.309595,-0.006307,14.225507,-0.859732,0.273522,26.536813
,1046.71,1053.72,1033.66,1053.01,1053.01,19353267,10427830678,0.492183,0.493396,15.041525,13.754781,13.309595,0.01676,14.229162,-3.679367,0.281652,26.953181
,1051.76,1057.69,1049.64,1056.62,1056.62,19425730,10518419421,0.34224,0.342827,15.042546,13.741549,13.309595,0.001022,14.517044,-4.584784,0.817193,25.640891
,1055.86,1056.05,1034.68,1038.67,1038.67,24877861,13748692907,-1.713409,-1.698813,16.645892,14.348942,13.66169,1.603345,13.472784,-3.361044,1.61967,30.058622
,1037.99,1043.42,1029.56,1041.68,1041.68,21200539,11437141697,0.289375,0.289794,16.346044,14.271573,13.66169,-0.299847,13.543064,-3.197417,1.846189,28.855528
,1041.66,1044.42,1036.11,1038.87,1038.87,17870963,9091203924,-0.270121,-0.269757,14.263988,14.064122,13.020711,-2.082057,14.612245,-1.846822,3.819763,30.059325
,1037.93,1037.98,1013.14,1014.97,1014.97,19336516,9676508800,-2.327453,-2.300577,16.514666,15.054729,15.295853,2.250678,11.382179,0.324605,7.074049,32.099871
,1012.58,1014.97,999.93,1009.27,1009.27,17463055,8818082801,-0.563176,-0.561593,16.539004,15.131626,14.496203,0.024338,11.038983,1.932129,8.605561,26.857867
,1006.97,1010.91,1002.2,1004.34,1004.34,12735099,6640051345,-0.489669,-0.488472,15.998971,15.156104,14.50972,-0.540033,10.510016,2.291484,9.39207,27.78212
,1004.75,1011.76,1004.69,1008.9,1008.9,11887983,6337829115,0.453002,0.45403,15.37033,14.863587,14.50972,-0.628641,10.646274,1.487543,8.93091,24.902439
,1008.8,1020.88,1008.51,1019.86,1019.86,11765911,6101943506,1.080473,1.086332,15.946547,14.92479,14.669437,0.576217,10.876728,1.730282,9.179551,24.090499
,1020.47,1021.65,1012.11,1018.27,1018.27,11348030,5861599356,-0.156025,-0.155904,15.715703,14.89347,14.369384,-0.230844,10.631266,2.184611,9.817458,24.29352
,1018.15,1028.96,1017.08,1028.96,1028.96,14842068,7822300458,1.044347,1.04982,16.180971,14.972564,14.369384,0.465268,11.037438,1.802007,8.21606,22.133816
,1028.96,1029.81,1025.52,1027.62,1027.62,14784339,7936360041,-0.130313,-0.130229,14.310214,14.769168,12.795533,-1.870757,14.09077,2.015327,6.253127,22.381673
,1027.64,1029.56,1021.08,1024.02,1024.02,15001924,7945174864,-0.350939,-0.350324,14.376336,14.817932,12.159735,0.066121,15.397985,1.798154,8.835079,25.238697
,1024.5,1037.91,1019.65,1037.66,1037.66,15389912,8246315688,1.323212,1.332005,15.105473,14.979207,12.159735,0.729137,15.047838,1.249795,8.029028,25.188071
,1037.95,1047.05,1036.23,1040.76,1040.76,19077662,10271579935,0.298304,0.298749,13.9303,14.896689,12.159735,-1.175173,15.060023,1.451803,8.339852,25.138916
,1041.14,1047.94,1036.71,1047.67,1047.67,18640575,10034541922,0.661744,0.663938,14.113632,14.892357,12.503306,0.183332,15.050568,1.667841,8.291456,24.126091
,1047.35,1049.32,1042.82,1048.54,1048.54,20467885,10825049824,0.083007,0.083041,14.07377,14.870473,12.503306,-0.039862,15.247581,0.673902,7.868753,23.894496
,1049.12,1051.76,1041.23,1042.6,1042.6,20098237,11031900342,-0.568113,-0.566502,13.94549,14.959018,11.802512,-0.12828,15.122622,1.757909,9.731365,25.054149
,1042.63,1050.71,1037.08,1050.71,1050.71,17134070,9201788180,0.774853,0.777863,14.225507,14.990921,12.135165,0.280017,15.525278,2.686509,8.392776,26.052279
,1050.07,1056.52,1048.64,1055.98,1055.98,22273999,10630507500,0.500312,0.501566,14.229162,14.926838,12.135165,0.003656,15.61667,3.11303,7.825057,25.5879
,1058.74,1074.04,1057.68,1065.29,1065.29,30526345,15882110482,0.877782,0.881645,14.517044,14.962732,12.135165,0.287882,15.791551,3.203584,8.148512,24.636038
,1065.84,1067.99,1055.14,1055.63,1055.63,22012494,12089930817,-0.910932,-0.906795,13.472784,15.114212,10.750429,-1.04426,15.115241,4.411356,9.019634,27.884269
,1053.85,1061.47,1050.22,1061.09,1061.09,22276190,12045672446,0.515894,0.517227,13.543064,15.093992,10.750429,0.07028,15.540982,3.887304,9.97136,27.285194
,1061.96,1079.37,1061.96,1079.32,1079.32,27729761,15703156870,1.703453,1.718045,14.612245,15.343325,11.248053,1.06918,19.201844,3.512966,12.124014,27.455803
,1080.86,1089.37,1076.2,1089.37,1089.37,31148757,17525218334,0.926833,0.931142,11.382179,15.401089,4.294791,-3.230065,20.558754,3.068014,13.883118,25.870621
,1091.18,1100.56,1089.55,1099.97,1099.97,32936914,18539588008,0.968336,0.973039,11.038983,15.34942,4.627864,-0.343196,20.597446,1.542628,14.052412,23.618397
,1102.54,1109.68,1097.32,1103.24,1103.24,36167049,19687813538,0.29684,0.297281,10.510016,15.143975,5.15169,-0.528967,21.300877,-0.847459,12.891614,25.147556
,1102.94,1105.1,1091.89,1103.15,1103.15,32570860,17760103659,-0.008158,-0.008158,10.646274,14.768057,5.335643,0.136258,23.019126,1.391712,16.131347,24.57249
,1104.32,1118.08,1100.69,1117.91,1117.91,32067520,17246470925,1.329115,1.337987,10.876728,14.560417,5.335643,0.230454,25.988976,0.579758,19.024244,23.363125
,1120.16,1126.09,1112.01,1123.31,1123.31,35607520,19796708290,0.481881,0.483044,10.631266,14.454309,5.71147,-0.245462,27.456532,0.707005,16.974852,23.336964
,1123.78,1123.78,1116.15,1117.07,1117.07,30333845,15991141463,-0.55705,-0.555501,11.037438,14.533463,5.217042,0.406172,27.031615,1.877402,17.861154,23.938415
,1116.84,1122.39,1093.51,1093.93,1093.93,33824146,17190084945,-2.093247,-2.071491,14.09077,15.289653,11.469441,3.053332,25.099739,3.630953,19.630407,20.742738
,1091.69,1118.67,1091.67,1118.61,1118.61,33527962,16782531968,2.231013,2.256086,15.397985,15.786592,12.349567,1.307215,25.365947,2.69444,19.987312,19.328533
,1120.19,1129.15,1114.53,1124.41,1124.41,35704548,18349161711,0.517161,0.518501,15.047838,15.70698,12.349567,-0.350147,25.357322,1.613543,20.022754,19.919327
,1127.51,1135.45,1119.27,1131.28,1131.28,32317223,17403457422,0.609128,0.610987,15.060023,15.653288,12.349567,0.012185,31.299197,0.937008,15.250011,19.395424
,1135.61,1140.41,1125.2,1138.24,1138.24,34322898,19364959974,0.613347,0.615232,15.050568,15.085512,12.349567,-0.009455,31.736293,1.524897,13.919951,16.067579
,1139.64,1142.54,1127.09,1134.38,1134.38,37885651,21561233693,-0.339696,-0.33912,15.247581,15.139034,11.489275,0.197012,31.624611,1.824784,14.218362,17.044902
,1133.2,1152.89,1127.65,1149.16,1149.16,40772910,22750697130,1.294499,1.302914,15.122622,14.868925,12.751732,-0.124959,31.784573,1.997904,14.691432,16.553007
,1156.91,1160.58,1135.75,1142.7,1142.7,45936219,26245896335,-0.563736,-0.56215,15.525278,14.924422,11.492729,0.402656,32.064254,6.417747,17.870515,17.270751
,1139.49,1149.54,1123.1,1141.93,1141.93,38611125,22885232669,-0.067407,-0.067384,15.61667,14.937411,11.252587,0.091393,31.862841,9.171091,18.846473,18.51301
,1142.9,1162.02,1142.07,1155.73,1155.73,41824301,25476171649,1.201237,1.20848,15.791551,15.068668,11.252587,0.174881,32.553506,9.107485,16.675187,17.102702
,1157.38,1159.9,1145.26,1155.27,1155.27,31980451,18862520936,-0.03981,-0.039802,15.115241,15.079811,11.607919,-0.676311,33.030644,8.283336,19.419318,15.987319
,1143.59,1173.88,1133.19,1172.35,1172.35,40801858,24343009251,1.46762,1.478442,15.540982,15.199986,11.607919,0.425741,33.631868,10.047291,17.037979,13.469611
,1179.58,1218.86,1179.58,1218.44,1218.44,44912821,26536314891,3.856107,3.93142,19.201844,16.377936,11.607919,3.660862,31.714727,10.413196,14.115548,6.042183
,1226.31,1252.76,1222.68,1251.61,1251.61,55993861,33111916341,2.685937,2.722333,20.558754,17.056354,11.607919,1.35691,31.000445,6.159748,11.142704,2.403744
,1257.98,1273.68,1243.47,1265.93,1265.93,55667043,33568258225,1.137631,1.144126,20.597446,17.137359,11.607919,0.038692,38.229208,5.35137,4.199893,0.720973
,1267.22,1294.87,1254.35,1255.04,1255.04,61133725,37299607468,-0.863959,-0.860237,21.300877,16.976678,10.914752,0.703431,38.0227,5.891335,5.498436,1.32186
,1255.23,1296.38,1252.68,1296.26,1296.26,54920331,34261843942,3.231575,3.284357,23.019126,17.890174,11.136256,1.718249,37.488044,5.247677,-0.159818,-4.283268
,1312.14,1352.41,1301.8,1352.16,1352.16,73534005,45768188032,4.222012,4.312406,25.988976,19.517865,11.136256,2.969851,34.039474,1.578268,-4.113297,-9.949743
,1368.13,1387.4,1322.14,1331.13,1331.13,79658170,50916396723,-1.567511,-1.555289,27.456532,19.944696,11.533636,1.467556,33.663121,-1.017836,-2.498789,-6.097448
,1331.69,1356.13,1306.87,1335.52,1335.52,61823287,39133826398,0.329252,0.329795,27.031615,19.944096,12.37692,-0.424917,33.794909,-2.063801,-3.943399,-6.513772
,1322.65,1340.52,1301.11,1331.2,1331.2,52056363,31832852065,-0.323994,-0.32347,25.099739,19.315752,8.50331,-1.931876,33.809273,-1.781092,-3.501862,-4.590708
,1334.07,1371.22,1329.32,1366.1,1366.1,67123869,36222359895,2.587917,2.621695,25.365947,19.786854,8.50331,0.266209,33.721708,-2.60144,-3.583694,-6.850411
,1366.32,1387.57,1360.35,1373.67,1373.67,66262172,38198875541,0.552603,0.554132,25.357322,19.772855,8.50331,-0.008625,34.024421,-0.538695,-2.86371,-9.777231
,1365.1,1365.1,1316.55,1317.65,1317.65,56872388,32747751170,-4.163614,-4.078126,31.299197,21.801185,21.818413,5.941875,30.53532,4.53347,1.549053,-4.009811
,1325.68,1351.31,1277.33,1308.24,1308.24,51176632,31096815588,-0.716712,-0.71415,31.736293,21.898548,20.46088,0.437095,30.436618,4.280132,1.914684,-1.903746
,1304.69,1316.47,1285.73,1307.7,1307.7,34046436,20482556624,-0.041285,-0.041277,31.624611,21.915847,20.804233,-0.111682,30.445407,7.02574,1.807381,-2.797033
,1312.24,1331.45,1309.46,1331.02,1331.02,36385665,21741991960,1.76757,1.783284,31.784573,22.086306,20.804233,0.159962,29.866832,4.344451,0.631352,-4.860724
,1339.9,1366.84,1330.63,1366.29,1366.29,44480011,27100627303,2.615347,2.649847,32.064254,22.516847,22.119812,0.279681,29.038496,2.66278,-0.211012,-7.264129
,1375.3,1384.68,1360.55,1378.76,1378.76,44761027,28992430923,0.908551,0.912691,31.862841,22.536948,23.053544,-0.201413,28.836677,1.467322,-1.08363,-7.021573
,1377.45,1386.94,1355.01,1365.45,1365.45,47335883,29359692213,-0.97005,-0.96536,32.553506,22.72325,21.356358,0.690665,28.633922,-3.367808,-0.18766,-6.019628
,1364.18,1403.27,1362.94,1402.88,1402.88,53493453,31383492665,2.704322,2.741221,33.030644,22.749221,21.899461,0.477138,28.198914,-5.637546,-0.554683,-8.202631
,1406.62,1411.78,1382,1390.12,1390.12,64109162,37407323630,-0.913719,-0.909557,33.631868,22.929915,20.355139,0.601223,28.006266,-7.150506,0.275854,-7.053967
,1391.46,1403.3,1362.72,1403.16,1403.16,55101819,29784741526,0.933676,0.938049,31.714727,22.894194,20.355139,-1.91714,28.608389,-7.815649,1.21624,-5.66429
,1400.27,1413.11,1391.9,1399.14,1399.14,46835278,26497855270,-0.286907,-0.286496,31.000445,22.188495,19.637599,-0.714282,28.698508,-7.481745,0.8448,-5.055853
,1398.18,1398.18,1319.7,1320.23,1320.23,52047647,31076290204,-5.80518,-5.639893,38.229208,25.630348,30.034316,7.228763,19.490376,-2.791922,5.366091,1.087811
,1309.07,1331.89,1286.9,1325.98,1325.98,45677509,26462585864,0.434584,0.43553,38.0227,25.555866,31.584841,-0.206508,20.25848,-3.108963,6.757505,0.953972
,1320.81,1329.83,1293.05,1294.19,1294.19,37392623,21631040581,-2.426679,-2.397472,37.488044,26.233145,30.037069,-0.534656,17.83362,1.823801,8.600961,1.830629
,1283.83,1308.12,1275.4,1297.67,1297.67,25033331,15025360038,0.268533,0.268894,34.039474,26.197926,30.037069,-3.44857,17.859294,2.827854,8.452177,3.003744
,1296.41,1312.13,1284.62,1298.28,1298.28,27823031,16716170449,0.046996,0.047007,33.663121,26.182772,31.846084,-0.376353,17.804126,3.030006,8.860901,3.213664
,1291.69,1291.69,1269.52,1283.88,1283.88,28801661,15982326444,-1.115357,-1.10916,33.794909,26.331167,30.187385,0.131788,16.911285,3.794282,10.020659,4.752534
,1283.72,1300.11,1280.5,1285.39,1285.39,23241302,12947893429,0.117543,0.117612,33.809273,26.315992,31.002865,0.014363,26.63242,3.52815,4.614192,3.289798
,1290,1318.02,1290,1318.01,1318.01,28408032,16152374694,2.506085,2.537751,33.721708,26.629783,31.002865,-0.087565,25.362997,1.613606,2.924915,1.067116
,1306.26,1341.99,1294.9,1334.89,1334.89,30726258,18672646769,1.272587,1.280719,34.024421,26.622655,31.002865,0.302713,25.2726,2.114002,2.760284,0.289492
,1333.62,1341.24,1323.78,1338.22,1338.22,27797058,16416714736,0.249148,0.249459,30.53532,26.623804,29.619161,-3.489101,25.269738,1.900787,2.596361,0.701454
,1336.84,1347,1320.41,1333.53,1333.53,32445479,18271592334,-0.351081,-0.350466,30.436618,26.665239,30.050526,-0.098702,27.186188,2.177788,0.232944,0.363784
,1331.93,1341.73,1326.15,1331.55,1331.55,25953157,14642393269,-0.148588,-0.148478,30.445407,26.681296,29.869946,0.008789,27.267848,4.663676,1.019159,0.504153
,1329.11,1340.27,1319.51,1339.45,1339.45,25651644,15125536432,0.59154,0.593294,29.866832,26.607646,29.869946,-0.578574,27.333559,3.988954,1.230223,1.693005
,1341.61,1363.57,1341.61,1363.41,1363.41,29595920,18564767865,1.772983,1.788794,29.038496,26.743176,29.869946,-0.828336,26.582873,4.090032,-0.388752,0.887201
,1365.04,1368.41,1354.09,1363.9,1363.9,26454734,16022196955,0.035933,0.035939,28.836677,26.755204,29.869946,-0.201819,26.919619,3.395752,0.750167,1.050987
,1361.79,1366.34,1353.63,1362.89,1362.89,25791657,14836163873,-0.07408,-0.074052,28.633922,26.757739,30.851731,-0.202755,26.931302,2.185943,0.615175,1.135949
,1365.25,1395.24,1365.25,1395.12,1395.12,42439201,24225652463,2.337299,2.364828,28.198914,26.900213,30.851731,-0.435008,25.793388,1.674643,-2.877316,-0.557056
,1402.59,1408.79,1384.99,1393.96,1393.96,38396745,22942443838,-0.083182,-0.083147,28.006266,26.923354,31.655184,-0.192648,25.990811,1.1746,-3.844223,-1.380398
,1398.74,1420.33,1393.92,1420.33,1420.33,38297385,24423131531,1.874062,1.891733,28.608389,26.959397,31.655184,0.602123,27.39845,-0.579712,-9.289605,-3.432821
,1423.08,1426.1,1401.15,1411.01,1411.01,42749803,28116073765,-0.658348,-0.656186,28.698508,27.037175,31.299632,0.090119,27.445911,0.534356,-9.58376,-3.85505
,1409.9,1409.9,1377.22,1393.01,1393.01,33446005,21154127198,-1.283889,-1.275682,19.490376,27.239288,12.949483,-9.208132,27.283426,1.862646,-8.845011,-1.583895
,1391.64,1418.76,1390.19,1418.68,1418.68,32480734,21637516912,1.825999,1.842772,20.25848,27.3959,12.949483,0.768104,25.95532,-5.252277,-10.934082,-2.258372
,1423.72,1426.4,1405.99,1410.43,1410.43,33556176,22529571028,-0.583224,-0.581526,17.83362,27.459484,7.384819,-2.42486,26.754429,-3.852245,-12.724411,-0.50894
,1410.5,1413.58,1397.44,1412.12,1412.12,27607369,18616784852,0.11975,0.119822,17.859294,27.398286,7.384819,0.025674,26.74437,-2.864039,-14.288624,1.681809
,1414.14,1418.82,1406.5,1418.57,1418.57,28537379,18958953195,0.45572,0.45676,17.804126,27.397961,7.384819,-0.055168,28.533982,-3.234534,-12.45956,1.307529
,1419.07,1430.94,1416.74,1419.2,1419.2,36293417,24831173387,0.044401,0.044411,16.911285,27.33692,6.897906,-0.892841,28.496991,-5.993433,-12.591032,1.170546
,1415.88,1418.14,1344.16,1346.09,1346.09,48970673,31700087656,-5.288924,-5.151494,26.63242,29.295621,27.873861,9.721135,23.633669,-0.066883,-5.703038,5.80198
,1333.74,1367.74,1327.59,1357.13,1357.13,32659105,21065092098,0.816808,0.820153,25.362997,29.049227,27.873861,-1.269423,23.393935,-0.081086,-6.191632,5.291746
,1354.14,1372.25,1348.43,1372.25,1372.25,24205552,16046823874,1.107955,1.114116,25.2726,29.091369,27.873861,-0.090397,23.856258,-1.035034,-9.673805,3.316235
,1370.9,1373.59,1359.91,1373.42,1373.42,22724544,14797115329,0.085225,0.085261,25.269738,29.089865,27.873861,-0.002862,24.921778,0.054593,-8.155225,2.943678
,1370.29,1370.29,1330.28,1336.64,1336.64,25227647,15923621350,-2.714498,-2.677986,27.186188,29.740323,28.852274,1.91645,24.128564,2.560019,-4.051374,7.28091
,1335.41,1346.85,1329.18,1345.19,1345.19,18450621,11505538297,0.637626,0.639664,27.267848,29.722496,30.023519,0.08166,24.04771,0.767201,-5.623572,6.76772
,1344.6,1357.34,1344.57,1356.03,1356.03,20393648,12442432415,0.802605,0.805834,27.333559,29.668118,30.023519,0.065711,23.704768,-1.085492,-6.722299,6.020679
,1340.28,1359.56,1327.9,1358.12,1358.12,19966190,12517728783,0.154008,0.154126,26.582873,29.617782,30.023519,-0.750686,23.721541,-4.81082,-6.664364,3.6573
,1359.32,1378.84,1359.32,1374.17,1374.17,22023509,14089738586,1.174852,1.181781,26.919619,29.663523,30.023519,0.336746,23.70166,-6.938175,-6.68811,4.682792
,1377.78,1380.8,1367.05,1371.3,1371.3,19633442,12059952444,-0.209072,-0.208853,26.931302,29.623027,29.758985,0.011684,23.733973,-7.274243,-6.447143,5.360885
,1370.75,1379.25,1347.29,1355.55,1355.55,23818755,14751696304,-1.155192,-1.148545,25.793388,29.763133,27.638583,-1.137915,23.69976,-6.382123,-4.770632,7.154749
,1354.92,1359.74,1327.66,1341.39,1341.39,21557505,13809393177,-1.050089,-1.044594,25.990811,29.776393,26.361181,0.197423,23.554647,-7.705587,-3.485598,7.027678
,1338.04,1338.04,1293.53,1294.33,1294.33,22181211,13115400910,-3.57132,-3.508301,27.39845,29.797912,26.73745,1.407639,21.481645,-5.578731,2.409075,11.09739
,1292.71,1302.89,1278.54,1282.06,1282.06,17443887,10137959452,-0.952503,-0.947981,27.445911,29.379665,26.372513,0.047461,21.110469,-2.341443,3.683108,13.302524
,1281.89,1288.61,1258.01,1275.09,1275.09,17813284,10180840409,-0.545139,-0.543656,27.283426,29.313488,27.165395,-0.162485,20.937901,-1.883375,4.566731,14.86266
,1277.63,1281.79,1261.69,1271.74,1271.74,12940473,8115991949,-0.263072,-0.262727,25.95532,29.262615,26.727802,-1.328106,20.857891,-0.021233,5.130548,15.142629
,1272.36,1278.25,1239.38,1241.91,1241.91,16053628,9762333439,-2.373552,-2.345605,26.754429,28.889055,26.26536,0.799109,19.650503,2.680534,5.954079,18.097729
,1233.49,1241.85,1221.99,1224.1,1224.1,15116519,8515702534,-1.444464,-1.434081,26.74437,27.597327,24.979642,-0.010059,18.913461,1.75078,8.840191,20.850544
,1225.04,1252.39,1225.04,1252.39,1252.39,14250481,8387431317,2.284785,2.311086,28.533982,27.889335,24.979642,1.789612,17.618372,1.069801,6.812322,19.108752
,1254.37,1258.21,1245.39,1251.3,1251.3,12859474,7485120544,-0.087071,-0.087034,28.496991,27.87491,25.047241,-0.036992,17.547058,2.546225,7.322907,18.006135
,1251.16,1271.47,1251.08,1271.47,1271.47,17699006,10020038303,1.59907,1.611924,23.633669,28.089214,17.990252,-4.863322,17.911803,0.012583,4.378644,18.163052
,1273.27,1277.97,1265.52,1275.65,1275.65,15303227,9033367272,0.328214,0.328753,23.393935,27.550284,17.990252,-0.239735,17.908883,-0.611753,4.333833,16.471227
,1275.14,1279.31,1241.95,1245.72,1245.72,16444469,9870530858,-2.374218,-2.346255,23.856258,27.898491,17.837867,0.462324,15.075238,1.974407,7.203014,16.947299
,1243.16,1265.86,1239.91,1265.86,1265.86,14319360,8592504024,1.603806,1.616736,24.921778,26.850113,17.837867,1.065519,14.400034,1.521708,6.260318,16.555809
,1266.82,1283.57,1262.54,1283.57,1283.57,20802743,12267020733,1.389353,1.399049,24.128564,26.978989,17.382344,-0.793214,14.228206,0.16425,4.182214,17.872876
,1280.28,1280.28,1263.93,1271.63,1271.63,15457904,8843865980,-0.934572,-0.930218,24.04771,27.042378,16.646703,-0.080854,13.607016,1.620141,5.108567,18.711621
,1270.22,1280.83,1265.82,1267.87,1267.87,13964524,7951341069,-0.296122,-0.295683,23.704768,26.780502,16.478334,-0.342942,14.460301,2.151208,7.18508,20.867994
,1235.43,1270.67,1229.17,1270.56,1270.56,15064766,8661631085,0.211942,0.212167,23.721541,26.193465,16.478334,0.016773,14.606024,4.262618,7.940317,22.626172
,1270.1,1289.02,1269.1,1285.27,1285.27,17200942,11224121514,1.151106,1.157757,23.70166,26.238866,16.478334,-0.019881,14.342589,3.433042,6.98893,22.666191
,1284.82,1294.82,1282.84,1285.68,1285.68,19092875,12215591075,0.031895,0.0319,23.733973,26.180019,16.526746,0.032312,14.348952,3.739631,6.967917,23.362295
,1284.83,1292.4,1274.56,1292.4,1292.4,15081306,9416605611,0.521319,0.522681,23.69976,25.555965,17.325663,-0.034213,14.375223,3.519057,7.090891,23.50868
,1293.5,1301.75,1292.45,1295.44,1295.44,18557937,11586280956,0.234945,0.235221,23.554647,25.515185,18.224616,-0.145112,15.056081,1.73409,5.949423,23.375829
,1298.46,1325.89,1298.36,1325.89,1325.89,26183290,16640986510,2.323353,2.350553,21.481645,25.915539,13.804784,-2.073002,13.080655,0.852386,3.44771,21.978167
,1328.61,1349.2,1327,1330.16,1330.16,31766376,20558598283,0.32153,0.322048,21.110469,25.926231,14.749675,-0.371176,13.795899,0.787771,2.045603,21.183914
,1328.37,1336.39,1319.82,1334.67,1334.67,21139949,12994582488,0.338483,0.339057,20.937901,23.031603,15.558527,-0.172568,14.131363,0.872801,2.694385,22.242551
,1335.59,1342.79,1331.29,1338.69,1338.69,23188274,13932000999,0.300745,0.301198,20.857891,23.022899,15.756306,-0.08001,14.579521,-0.773137,3.545162,24.734831
,1339.31,1340.12,1314.57,1318.1,1318.1,25033688,14832251927,-1.550022,-1.538071,19.650503,22.693388,13.550491,-1.207388,13.456255,1.060287,6.261392,27.147913
,1315.71,1337.24,1315.61,1337.24,1337.24,21095340,12470373587,1.441648,1.45209,18.913461,22.872585,14.875628,-0.737041,14.717112,0.113602,7.130243,28.642122
,1339.59,1345.71,1334.72,1340.68,1340.68,26868110,15959669593,0.256916,0.257246,17.618372,22.876511,14.875628,-1.295089,14.746015,0.517797,6.954766,29.139901
,1341.4,1346.37,1331.85,1346.37,1346.37,23153112,13799604057,0.423513,0.424411,17.547058,22.75774,,-0.071314,14.824427,-0.594468,6.438671,27.886977
,1348.17,1348.28,1323.98,1328.38,1328.38,21886449,13054999552,-1.345193,-1.336185,17.911803,22.943889,12.192942,0.364745,13.975355,0.742505,7.126374,29.024019
,1327.56,1334.73,1326.25,1332.15,1332.15,17230273,10157793916,0.283402,0.283804,17.908883,22.37475,12.192942,-0.00292,13.973993,2.239495,7.149546,25.062274
,1331.89,1338.76,1319.21,1338.76,1338.76,20947266,12839285596,0.494963,0.49619,15.075238,22.244861,,-2.833645,14.618303,2.711711,5.787026,29.042711
,1338.81,1350.53,1337.3,1347.64,1347.64,27301891,15787258083,0.66111,0.6633,14.400034,22.28018,,-0.675204,14.685913,2.25032,4.838585,29.098055
,1348.85,1356.86,1337.46,1338.39,1338.39,32821191,18701751194,-0.688752,-0.686385,14.228206,22.314384,7.98242,-0.171829,15.031052,2.949953,7.15007,29.846141
,1338.35,1345.59,1323.8,1338.28,1338.28,22217284,13679517835,-0.008219,-0.008219,13.607016,22.312083,10.501378,-0.62119,14.995577,3.602466,7.282726,31.628033
,1338.41,1362.4,1338.14,1362.32,1362.32,36057148,19594629097,1.780392,1.796336,14.460301,22.576256,,0.853286,14.055401,0.915551,5.557898,31.548647
,1367.65,1375.58,1362.14,1375.56,1375.56,31454851,18187622927,0.967179,0.971872,14.606024,22.369721,,0.145723,16.328309,-0.229989,2.381347,33.143617
,1377.72,1385.62,1371.43,1378.31,1378.31,26648301,15942860310,0.199719,0.199919,14.342589,22.3729,,-0.263436,17.925549,-1.510285,4.381972,33.221679
,1376.12,1381.81,1365.72,1378.46,1378.46,23445880,14017239840,0.010882,0.010883,14.348952,22.372092,,0.006363,17.928735,-0.533901,4.840111,33.994111
,1378.46,1390.62,1378.46,1387.37,1387.37,26094121,16026131513,0.644293,0.646373,14.375223,21.886524,,0.026272,17.927073,-0.026673,4.834489,31.91592
,1389.87,1393.53,1373.94,1374.85,1374.85,28265042,18173169466,-0.906523,-0.902427,15.056081,21.963306,9.592808,0.680857,18.180925,2.046059,4.563854,32.121188
,1372.81,1383.77,1361.61,1372.4,1372.4,24584780,15493803707,-0.17836,-0.178201,13.080655,21.605985,9.77108,-1.975426,18.138865,4.534918,5.240605,34.566292
,1370.86,1371.58,1351.18,1357.65,1357.65,19703278,11953758768,-1.080577,-1.07476,13.795899,21.673384,9.100809,0.715244,17.734577,5.696934,7.573814,35.602508
,1357.28,1371.12,1355.39,1371.12,1371.12,17580323,10897805770,0.987266,0.992156,14.131363,21.62724,9.100809,0.335464,17.747466,4.617087,7.601544,36.892241
,1372.13,1389.56,1369.4,1387,1387,21687792,14070853853,1.151522,1.158177,14.579521,21.42371,9.100809,0.448158,17.549215,2.808075,6.466919,35.591835
,1389.07,1405.56,1389.04,1403.27,1403.27,27166742,17347640073,1.166209,1.173035,13.456255,21.53314,8.262525,-1.123265,17.297691,1.948441,5.882258,37.465915
,1420.36,1436.07,1418.21,1436.07,1436.07,39191862,23762250623,2.310499,2.337398,14.717112,22.050698,8.262525,1.260856,16.070537,-1.229614,4.880111,36.423161
,1437.69,1443.5,1426.97,1437.24,1437.24,38400486,24024747915,0.081439,0.081472,14.746015,22.033025,8.262525,0.028903,16.09211,-1.598384,5.341664,36.621434
,1436.68,1440.21,1421.81,1435.91,1435.91,31617987,18592012045,-0.092581,-0.092538,14.824427,22.034213,8.380286,0.078412,16.869764,0.116931,4.244557,39.505531
,1436.2,1438.8,1423.63,1426.5,1426.5,37956237,21048271007,-0.65749,-0.655334,13.975355,19.12008,6.710754,-0.849072,17.386845,0.898857,6.658034,43.327438
,1424.3,1436.1,1420.96,1430.88,1430.88,28295156,16770803951,0.306575,0.307045,13.973993,19.066521,6.710754,-0.001362,18.401541,0.647847,4.987848,45.52904
,1432.31,1434.53,1415.49,1418.52,1418.52,28492186,17341289788,-0.867557,-0.863804,14.618303,19.045061,6.518613,0.64431,19.558482,-0.693968,3.957259,45.311819
,1416.95,1426.29,1410.67,1414.45,1414.45,24224403,15151115999,-0.287331,-0.286919,14.685913,19.057858,6.265991,0.06761,19.788122,1.793707,5.456906,42.971302
,1413.91,1437.59,1413.55,1437.59,1437.59,24290308,15015405334,1.622734,1.635972,15.031052,18.434208,6.62172,0.345139,21.099077,0.639994,6.540592,46.442147
,1438.84,1445.62,1433.94,1439.38,1439.38,23820267,14441180899,0.124436,0.124514,14.995577,18.402795,6.251208,-0.035475,21.141572,1.15423,6.320329,49.184832
,1440.67,1447.95,1436.65,1440.18,1440.18,26560143,16526648077,0.055564,0.055579,14.055401,18.346791,6.251208,-0.940176,21.806757,-0.078493,8.125016,47.201611
,1439.54,1444.92,1403.01,1408.71,1408.71,28950377,17710776103,-2.209371,-2.185144,16.328309,18.946786,10.815275,2.272908,20.140716,2.629269,12.304507,49.76377
,1408.58,1440.05,1408.58,1440.05,1440.05,26189972,16151232545,2.200344,2.22473,17.925549,19.317232,10.815275,1.59724,19.391927,1.681557,11.295288,50.916041
,1443.11,1459.73,1434.81,1446.82,1446.82,32204895,21177150676,0.469021,0.470123,17.928735,19.324169,10.815275,0.003186,19.396757,2.227532,11.554267,54.344063
,1447.09,1457.37,1435.28,1456.09,1456.09,38466362,21300294417,0.638672,0.640716,17.927073,19.179879,10.815275,-0.001662,19.39824,1.605757,11.5833,54.378269
,1455.98,1460.45,1433.35,1439.05,1439.05,37379304,21496189402,-1.177159,-1.170257,18.180925,19.214704,11.029317,0.253852,18.366073,3.364464,12.862552,56.677441
,1436.66,1446.24,1428.33,1446.24,1446.24,35320452,19874454982,0.498391,0.499635,18.138865,17.622108,11.055862,-0.04206,18.384032,4.174424,13.289852,52.827537
,1447.06,1464.48,1447.06,1464.47,1464.47,36952283,21463617498,1.252632,1.26051,17.734577,17.593615,12.040497,-0.404288,18.669852,3.464785,11.564498,53.995202
,1465.67,1479.41,1461.32,1479.41,1479.41,38926925,23518429064,1.014996,1.020164,17.747466,17.593697,12.040497,0.012889,18.836945,1.2601,11.946622,55.495153
,1480.55,1480.55,1464.6,1479.66,1479.66,42373136,24757963551,0.016897,0.016899,17.549215,17.568318,12.040497,-0.19825,20.22854,2.99919,14.72275,54.501801
,1481.58,1497.47,1480.77,1488.29,1488.29,39372027,23319284127,0.581548,0.583242,17.297691,16.70434,12.040497,-0.251524,20.224687,1.054031,15.004263,47.170967
,1477.44,1507.97,1472,1507.89,1507.89,42033510,25221678236,1.308351,1.316948,16.070537,16.425655,12.040497,-1.227155,21.598804,-2.152466,16.631769,46.274289
,1512.65,1516.8,1491.33,1516.1,1516.1,43038328,27894549966,0.542993,0.544469,16.09211,15.928575,12.040497,0.021573,21.574345,-1.483143,16.843471,41.589793
,1512.36,1513.04,1497.01,1498.17,1498.17,28722405,19140307948,-1.189688,-1.18264,16.869764,16.206343,10.403628,0.777654,21.158206,2.412965,17.203749,41.632811
,1491.8,1527.38,1489.2,1524.71,1524.71,34030133,22283038119,1.755986,1.771495,17.386845,16.263154,11.079454,0.517081,21.203917,0.561153,15.239611,41.80546
,1525.23,1535.2,1493.2,1504.06,1504.06,53922867,31931185346,-1.363611,-1.354356,18.401541,16.617558,10.00941,1.014696,25.44859,3.785015,12.92488,45.463323
,1498.06,1512.95,1465.63,1475.78,1475.78,41653301,25176222093,-1.898145,-1.880244,19.558482,16.319414,10.587,1.15694,27.005509,7.65328,19.298426,49.068902
,1475.44,1493.88,1453.26,1493.78,1493.78,36307885,22029308293,1.212316,1.219694,19.788122,16.203335,7.352159,0.229641,27.002621,7.63209,18.802564,47.301243
,1494.11,1534.85,1490.87,1534.76,1534.76,40589216,26135569100,2.70642,2.743376,21.099077,16.80359,7.352159,1.310955,26.332604,5.65367,16.15548,48.205557
,1540.26,1558.41,1531.29,1533.29,1533.29,57760948,34127308461,-0.095826,-0.09578,21.141572,16.627836,11.585323,0.042495,26.317922,6.4172,18.024979,49.788625
,1528.01,1562.24,1521.55,1562.08,1562.08,44446191,26950444425,1.860251,1.877662,21.806757,16.876473,11.585323,0.665185,26.246934,4.659043,17.865734,50.500234
,1567.34,1593.19,1567.34,1593.16,1593.16,53412359,32990614478,1.97012,1.989655,20.140716,17.197613,10.406026,-1.666042,26.650117,3.614614,18.457762,51.584577
,1591.47,1612.46,1568.95,1612.25,1612.25,48601842,32628579472,1.191125,1.198248,19.391927,17.2055,10.406026,-0.748789,26.725285,1.950766,17.544419,50.696892
,1610.05,1639.41,1600.38,1624.03,1624.03,57065495,38065264000,0.728,0.730656,19.396757,17.204874,10.406026,0.00483,26.72191,2.619887,17.599732,51.118147
,1623.71,1642.81,1618.04,1634.91,1634.91,51360679,31474406048,0.667704,0.669938,19.39824,17.212283,10.406026,0.001484,27.956136,4.745208,15.498131,40.755275
,1629.89,1640.75,1611.55,1636.58,1636.58,49712096,32398044934,0.102094,0.102146,18.366073,17.219606,,-1.032168,28.355154,5.506174,14.694781,44.135298
,1632.66,1651.8,1627.92,1651.8,1651.8,47267270,32057818416,0.92569,0.929988,18.384032,16.781882,,0.01796,28.86984,7.516341,16.035835,40.378472
,1649.68,1656.19,1629.82,1644.01,1644.01,44762916,29502974821,-0.472722,-0.471607,18.669852,16.869643,11.420635,0.28582,28.658289,8.743758,16.464197,42.263827
,1617.69,1672.91,1604.81,1667.14,1667.14,45578411,30895012009,1.39712,1.406926,18.836945,17.004705,11.420635,0.167093,29.059376,6.517227,17.344075,39.537725
,1671.67,1714.49,1671.67,1714.36,1714.36,60216088,39869047599,2.793025,2.832396,20.22854,17.713231,11.420635,1.391595,28.340976,3.516051,14.402166,38.533414
,1719.28,1741.8,1715.79,1729.22,1729.22,58413581,41045221076,0.863061,0.866796,20.224687,17.255895,11.420635,-0.003853,29.516013,-1.025352,16.579394,40.37712
,1731.9,1780.8,1731.9,1780.74,1780.74,71434333,46947580844,2.935857,2.979378,21.598804,17.882088,11.420635,1.374116,28.513653,0.514192,14.911281,38.905329
,1785.44,1811.66,1777.43,1794.23,1794.23,67202576,47255774605,0.754695,0.75755,21.574345,17.884976,11.420635,-0.024459,28.561443,0.47595,14.436298,37.530669
,1794.26,1806.65,1717.72,1779.41,1779.41,81276700,53383291513,-0.829411,-0.825981,21.158206,18.086758,11.3377,-0.416139,28.843734,1.364696,18.057226,38.542957
,1774.19,1820.72,1770.57,1775.71,1775.71,80487502,51388011540,-0.208151,-0.207934,21.203917,17.74769,11.173072,0.045711,29.595319,3.34652,21.429793,39.664297
,1752.77,1772.16,1710,1711.58,1711.58,66257746,41980241160,-3.678342,-3.611513,25.44859,19.689617,21.880083,4.244673,24.055127,8.725868,27.616312,41.707862
,1705.91,1790.11,1705.91,1789.92,1789.92,51335975,33169358578,4.475401,4.577057,27.005509,21.374103,23.691091,1.556919,22.622155,6.812616,22.056133,39.070806
,1798.46,1819.8,1772.11,1802.79,1802.79,57833543,38702468004,0.716454,0.719027,27.002621,21.376362,23.691091,-0.002888,26.2099,6.373944,18.711832,36.780158
,1805.42,1813.28,1779.56,1803.86,1803.86,48004458,33154391167,0.059335,0.059352,26.332604,21.255558,23.691091,-0.670016,29.820681,7.097923,23.746076,38.817548
,1807.08,1836.19,1805.2,1836.14,1836.14,47206227,33323930871,1.773673,1.789496,26.317922,21.387788,,-0.014682,30.353677,3.890353,24.839524,37.544985
,1842.88,1867.78,1832.51,1867.64,1867.64,49414441,36957407983,1.701006,1.715555,26.246934,21.368529,,-0.070988,32.296569,1.488091,21.210861,36.953867
,1875.01,1918.29,1875.01,1916.11,1916.11,61892990,46530167681,2.562149,2.595254,26.650117,21.755737,,0.403184,31.88368,1.192686,19.0015,34.713851
,1924.8,1936.75,1882.54,1921.44,1921.44,67788935,48969821687,0.277782,0.278168,26.725285,21.75092,,0.075168,32.876467,0.870544,22.076334,34.618471
,1912.9,1936.8,1893.42,1936.55,1936.55,56348502,39745359733,0.783313,0.786389,26.72191,21.726177,,-0.003375,34.300887,2.364229,25.190064,35.578172
,1935.78,1945.47,1905.72,1908.98,1908.98,60225164,43437770784,-1.433897,-1.423666,27.956136,22.10851,22.12404,1.234226,32.89309,3.649242,27.296839,37.732686
,1896.48,1918.49,1880.57,1895.64,1895.64,46230501,34870781835,-0.701256,-0.698803,28.355154,22.055405,20.196361,0.399018,31.998682,7.390787,29.120107,38.922327
,1898.82,1957.47,1898.82,1939.1,1939.1,56251742,41951575108,2.266744,2.292629,28.86984,22.285497,20.196361,0.514686,36.066695,6.391787,23.501851,36.141333
,1941.8,1959.98,1914.97,1938.24,1938.24,56967383,39106900197,-0.04436,-0.04435,28.658289,22.056486,21.163496,-0.211551,36.022491,6.71586,25.966508,36.131067
,1940.41,1983.11,1939.55,1982.88,1982.88,56005647,38961689252,2.276999,2.30312,29.059376,22.311758,21.163496,0.401087,36.118008,7.230377,26.204455,36.280726
,1988.02,2010.37,1964.97,1979.93,1979.93,63192834,45224328165,-0.148884,-0.148774,28.340976,22.337314,20.230422,-0.7184,36.67657,10.543678,25.376885,37.754082
,1991.88,2052.86,1991.88,2041.05,2041.05,73851947,55716388327,3.040289,3.086978,29.516013,22.866572,20.230422,1.175037,45.745934,10.011565,15.58731,35.531393
,2073.25,2139.49,2054.24,2067.09,2067.09,106719707,82381072591,1.267744,1.275814,28.513653,22.636875,20.230422,-1.002361,45.725641,7.659044,14.731239,35.398058
,2051.15,2083.4,2030.76,2072.88,2072.88,92743447,68026060235,0.279712,0.280104,28.561443,22.620853,20.230422,0.04779,48.894855,4.751484,10.310023,36.029955
,2072,2131.74,2071.72,2131.56,2131.56,84767909,66303936118,2.791516,2.830844,28.843734,23.006963,22.119754,0.282291,48.45987,7.053546,6.371836,35.440125
,2137.49,2201.36,2128.06,2200.09,2200.09,81577629,65456192715,3.164416,3.215016,29.595319,23.403149,23.660437,0.751585,47.689758,6.756251,5.136056,33.694094
,2210.76,2255.97,2194.77,2255.97,2255.97,84904979,68822624817,2.508177,2.539896,24.055127,23.669597,,-5.540192,47.561685,2.320418,4.922131,32.467595
,2257.01,2289.95,2224.37,2231.63,2231.63,86276548,68730011815,-1.084778,-1.078915,22.622155,23.737436,9.454148,-1.432972,47.558116,3.757983,7.714342,35.302881
,2215.86,2249.54,2159.77,2173.75,2173.75,76525720,61742830353,-2.627847,-2.59362,26.2099,24.64381,15.179805,3.587745,46.37048,9.738446,9.786846,37.703487
,2170.94,2287.68,2170.94,2287.34,2287.34,66403097,57043453710,5.093578,5.225532,29.820681,26.168534,15.179805,3.610782,44.685812,8.541911,8.304002,35.310988
,2310.96,2354.43,2297.24,2353.87,2353.87,76364254,67843434156,2.867121,2.908619,30.353677,26.479548,15.179805,0.532995,43.943886,6.347667,6.924123,33.28796
,2360.41,2393.22,2266.34,2308.93,2308.93,89015540,80008901771,-1.927657,-1.909196,32.296569,27.030207,14.918002,1.942893,43.757994,9.397337,11.423639,35.850096
,2292.17,2325.53,2240.21,2317.09,2317.09,78648606,69894972894,0.352787,0.35341,31.88368,26.317846,14.918002,-0.412889,44.621505,5.693037,14.125314,30.71856
,2320.87,2396.09,2320.87,2396.09,2396.09,83334022,73538873546,3.352615,3.409449,32.876467,26.677704,14.918002,0.992787,43.522191,4.760718,11.076139,31.683045
,2424.81,2491.71,2424.81,2491.31,2491.31,93892993,81870488111,3.897043,3.973974,34.300887,27.385034,14.918002,1.42442,41.780752,3.378621,8.32835,32.013635
,2508.26,2516.59,2415.11,2508.13,2508.13,102337616,92812872354,0.672878,0.675147,32.89309,27.383699,16.18398,-1.407797,55.041368,1.729289,-2.039695,31.74445
,2508.52,2556.1,2489.93,2536.43,2536.43,84433697,80277493989,1.122013,1.128331,31.998682,27.039767,17.777169,-0.894407,56.359237,-6.14201,0.32041,30.711798
,2512.46,2529.43,2449.05,2452.83,2452.83,81055151,77241720261,-3.351512,-3.295971,36.066695,28.426673,21.290941,4.068012,55.975809,-2.378825,0.840786,35.368454
,2415.75,2524.24,2356.98,2512.92,2512.92,78654008,73275675715,2.420296,2.449823,36.022491,28.59221,19.989569,-0.044204,55.520403,-8.940624,-0.166877,32.285902
,2529.94,2582.41,2521.5,2576.92,2576.92,85452085,79544859355,2.514946,2.546838,36.118008,28.782605,19.989569,0.095517,54.876244,-12.602242,-4.010806,32.280323
,2586.52,2599.45,2531.78,2551.88,2551.88,78211528,73485012977,-0.976454,-0.971703,36.67657,28.987718,16.093429,0.558562,55.234325,-9.697151,-1.245637,36.771966
,2544.3,2548.18,2367.67,2385.33,2385.33,80909137,71945032667,-6.749286,-6.526561,45.745934,32.961593,34.015792,9.069364,50.001543,-0.653614,8.210416,43.934123
,2350.6,2410.42,2310.57,2395.17,2395.17,65078095,57578101142,0.411673,0.412522,45.725641,32.952145,34.015792,-0.020294,50.141214,0.642147,9.262809,44.148109
,2397.06,2403.62,2293.28,2298,2298,59377154,53535112102,-4.141503,-4.056915,48.894855,34.454961,32.099057,3.169215,47.331399,4.228307,12.784347,47.69988
,2282.77,2304.32,2247.93,2271.8,2271.8,47587506,42358010146,-1.146671,-1.140122,48.45987,34.445032,31.448613,-0.434985,46.899356,8.985712,14.113895,49.702005
,2271.37,2316.7,2198.9,2316.04,2316.04,67010648,61206502550,1.928636,1.947355,47.689758,34.469579,31.448613,-0.770112,46.686193,8.544318,13.098448,44.236307
,2330.43,2390.87,2330.43,2369.79,2369.79,70106390,66203343445,2.294251,2.320772,47.561685,34.350658,31.448613,-0.128073,46.938842,8.821926,9.16942,44.560985
,2376.63,2415.96,2354.7,2410.6,2410.6,62656540,58367504085,1.707434,1.722094,47.558116,33.952427,31.947374,-0.003569,46.987317,10.168955,9.30033,44.947789
,2412.64,2417.64,2376.02,2397.25,2397.25,55515532,51302933998,-0.555343,-0.553804,46.37048,34.0578,35.18645,-1.187636,47.417972,11.027739,8.28148,45.450983
,2397.85,2485.76,2396.79,2485.39,2485.39,54992320,51709436972,3.610734,3.676713,44.685812,34.324707,35.18645,-1.684668,46.356928,8.566259,6.76747,43.281112
,2498.34,2526.23,2489.66,2522.63,2522.63,51528862,48227864862,1.487242,1.498356,43.943886,34.30088,35.18645,-0.741926,46.164543,-2.61615,5.781338,42.807911
,2527.56,2594.66,2520.53,2588.35,2588.35,62777279,58462267865,2.57186,2.605218,43.757994,34.422973,38.09586,-0.185892,45.492499,-1.705893,4.319367,41.989358
,2607.63,2669.18,2607.63,2668.63,2668.63,71631329,67415688269,3.054463,3.10159,44.621505,34.645809,38.09586,0.863511,44.248211,-7.591491,1.587037,38.446264
,2692.67,2717.57,2660.49,2676.74,2676.74,75908785,71597577014,0.30344,0.303901,43.522191,34.657305,38.09586,-1.099314,44.242166,-6.482299,1.465998,39.800041
,2679.26,2710.3,2641.12,2707.68,2707.68,74531560,70981612303,1.149254,1.155884,41.780752,34.661986,38.09586,-1.741439,44.483233,-8.960535,2.059758,40.818453
,2717.81,2719.52,2454.92,2457.49,2457.49,107736807,101102755625,-9.695168,-9.240014,55.041368,40.85094,53.953628,13.260616,25.269708,2.523347,12.475542,52.836538
,2413.42,2554.23,2413.33,2544.57,2544.57,82822571,77148246135,3.482117,3.543453,56.359237,41.232485,53.953628,1.317869,22.901884,1.747996,9.48181,42.353704
,2550.26,2550.33,2439.5,2473.54,2473.54,82159655,74299578237,-2.831135,-2.791434,55.975809,41.872363,54.225881,-0.383428,19.723047,6.043198,11.798695,46.246734
,2468.67,2523.86,2455.82,2508.73,2508.73,57946805,54222099462,1.412633,1.422657,55.520403,41.830276,54.225881,-0.455406,19.598579,4.0106,10.331436,41.626335
,2503.82,2541.82,2409.72,2475.61,2475.61,68517488,63071754494,-1.328982,-1.32019,54.876244,42.010156,51.977539,-0.64416,19.441322,5.522459,14.087076,34.953653
,2467.74,2539.45,2452.14,2520.29,2520.29,52633153,50261314068,1.788714,1.804808,55.234325,41.842334,53.511143,0.358081,19.165779,4.646933,13.622833,36.613334
,2532.98,2594.46,2532.15,2589.44,2589.44,59720949,57623239829,2.706766,2.743732,50.001543,42.053964,54.01034,-5.232782,17.629137,0.305391,11.733668,35.081329
,2597.72,2628.45,2565.11,2627.63,2627.63,55386559,53907621543,1.464066,1.474836,50.141214,41.823238,54.01034,0.139671,17.449453,0.679668,11.40401,36.952385
,2632.8,2643.81,2587.49,2611.39,2611.39,70411326,67933045137,-0.619965,-0.618047,47.331399,41.903126,55.975639,-2.809815,16.902266,-0.27456,12.935584,38.503488
,2612.96,2619.5,2563.37,2616.17,2616.17,62468921,60438197476,0.182877,0.183044,46.899356,41.804241,61.115212,-0.432043,17.669079,1.639288,14.954394,40.740118
,2620.72,2641.63,2605.23,2640.17,2640.17,65788908,62061191754,0.913189,0.917372,46.686193,41.769948,61.115212,-0.213163,17.822166,1.227208,15.45959,42.443805
,2609.93,2625.12,2546.65,2597.36,2597.36,68952088,66581939459,-1.634776,-1.621486,46.938842,41.067209,55.38086,0.252649,15.444442,3.971873,18.376044,46.093763
,2595.54,2645.88,2595.54,2645.55,2645.55,63778489,63266778524,1.838344,1.855345,46.987317,40.380264,55.38086,0.048475,15.378086,2.455662,18.288209,43.219297
,2656.01,2665.39,2576.32,2604.23,2604.23,75331850,74777024467,-1.574194,-1.561868,47.417972,40.636512,53.688135,0.430655,13.054824,4.212257,19.635161,45.36987
,2533.71,2674.8,2523.3,2659.41,2659.41,73983566,72943661095,2.096725,2.11886,46.356928,40.732346,53.688135,-1.061044,13.88902,3.858547,20.239515,46.352307
,2669.64,2674.47,2645.25,2672.77,2672.77,61249726,61741482419,0.501109,0.502367,46.164543,40.665432,53.688135,-0.192384,13.774585,4.078054,20.582499,46.450923
,2685.93,2703,2666.89,2702.6,2702.6,64612957,68369315608,1.109888,1.116071,45.492499,40.616689,53.688135,-0.672044,13.840826,3.456551,20.10709,43.072371
,2720.46,2740.28,2702.41,2711.32,2711.32,83308074,86036277732,0.322133,0.322652,44.248211,40.417175,53.688135,-1.244288,24.73566,2.620167,15.006209,43.70011
,2710.36,2726.62,2653.79,2716.27,2716.27,73911919,76304490420,0.182401,0.182568,44.242166,40.420679,53.688135,-0.006045,27.658125,2.383139,19.140908,39.981029
,2725.4,2764.4,2713.93,2764.03,2764.03,76074773,77796101199,1.743014,1.758294,44.483233,40.489396,53.688135,0.241066,29.909151,3.066783,21.625527,33.852407
,2770.35,2789.97,2753.02,2784.02,2784.02,80725127,84018394699,0.720617,0.723219,25.269708,40.26889,12.678418,-19.213525,29.980909,3.670638,21.308603,34.428793
,2787.24,2806.08,2689.11,2797.65,2797.65,112209970,112146081864,0.488385,0.48958,22.901884,40.174746,12.678418,-2.367823,30.115924,3.999854,20.909578,36.758372
,2802.38,2830.08,2782.93,2783.3,2783.3,106567239,113233436267,-0.51425,-0.51293,19.723047,40.100551,8.440723,-3.178837,29.553375,5.648513,22.728972,32.664642
,2768.71,2801.95,2753.15,2781.78,2781.78,62950706,66536969255,-0.054626,-0.054611,19.598579,40.101263,10.294074,-0.124469,29.954165,6.614748,22.121343,30.241246
,2793.96,2850.15,2793.96,2850.11,2850.11,69247883,76680507856,2.426658,2.456341,19.441322,40.129123,11.038845,-0.157256,30.003926,6.389777,22.204053,27.643883
,2861.9,2888.33,2852.57,2888.11,2888.11,77014495,87091853081,1.324472,1.333282,19.165779,40.12455,11.038845,-0.275544,31.195473,6.48369,24.394769,28.284457
,2893.38,2924.68,2875.69,2911.82,2911.82,75506658,88456071223,0.817601,0.820952,17.629137,39.811433,11.038845,-1.536641,31.297585,6.947767,23.990039,25.126406
,2909.5,2950.66,2895.42,2945.04,2945.04,74138991,85195598382,1.134408,1.140867,17.449453,39.802706,11.038845,-0.179684,31.363649,7.563867,23.48129,18.32809
,2921.73,2977.46,2911.05,2972.01,2972.01,79102328,93049572083,0.911609,0.915777,16.902266,39.802735,,-0.547187,31.977046,6.425016,21.979948,22.186885
,2988.38,3043.06,2988.38,3038.17,3038.17,90901705,106218793512,2.201687,2.226103,17.669079,39.68223,,0.766814,31.717335,6.924409,20.633716,22.933532
,3053.35,3081.62,2993.11,3081.57,3081.57,100888342,119702215987,1.418385,1.428491,17.822166,39.35855,,0.153087,35.56078,6.350117,15.67827,20.31254
,3092.08,3121.54,3059.28,3121.32,3121.32,101669935,124218923127,1.281678,1.289927,15.444442,39.179312,,-2.377724,36.121431,5.702919,17.015521,19.407573
,3129.25,3176.69,3114.91,3176.44,3176.44,92535186,118434112266,1.750508,1.76592,15.378086,39.107572,,-0.066357,36.255346,-0.826339,17.35925,18.368274
,3182.78,3211.61,3154.11,3169.23,3169.23,100653116,129728360741,-0.227242,-0.226984,13.054824,38.570087,,-2.323262,36.190464,3.718004,17.534342,18.679318
,3177.3,3256.57,3177.29,3256,3256,87928940,112706594206,2.701079,2.737889,13.88902,37.688656,,0.834196,35.619852,5.244558,16.274126,12.728457
,3273.43,3288.17,3182.95,3283.6,3283.6,105307105,133823425844,0.844093,0.847666,13.774585,37.393132,,-0.114435,35.626883,4.804158,16.444073,14.333329
,3294.21,3311.98,3244.93,3304.5,3304.5,101426707,129242252479,0.634479,0.636497,13.840826,37.03356,,0.066241,35.769761,4.259038,17.562901,14.170601
,3297.95,3297.95,3065.28,3150.3,3150.3,115270009,143830321586,-4.778749,-4.666364,24.73566,38.636885,,10.894834,29.455388,10.342931,21.853019,18.934379
,3165.67,3297.41,3165.67,3289.28,3289.28,94469869,118620474966,4.317101,4.411643,27.658125,38.988715,,2.922465,27.004767,5.363574,19.193135,18.857084
,3330.8,3433.52,3330.8,3431.32,3431.32,109958991,137583437710,4.227633,4.31827,29.909151,39.116403,,2.251026,24.579502,3.645309,17.133168,19.178127
,3462.48,3490.81,3418.3,3445.2,3445.2,114643006,149412298461,0.403693,0.404509,29.980909,39.116199,,0.071757,25.050002,6.756804,19.052392,18.885758
,3432.02,3467.83,3376.08,3448.28,3448.28,100580669,129089171524,0.08936,0.0894,30.115924,39.106588,,0.135016,37.725994,7.080315,11.962316,21.032731
,3465.11,3493.91,3438.88,3493.58,3493.58,78997690,107807045971,1.305144,1.313698,29.553375,38.297769,,-0.562549,37.675377,6.40083,11.719066,20.842961
,3499.94,3503.89,3436,3470.52,3470.52,80698636,113722809802,-0.662256,-0.660068,29.954165,38.189243,,0.40079,39.816581,6.473354,9.173556,21.596967
,3487.36,3568.68,3478.93,3558.71,3558.71,94302864,138081371497,2.509368,2.541118,30.003926,38.188012,,0.049761,49.047522,4.81944,-1.337476,21.454459
,3643.81,3699.37,3618.78,3686.03,3686.03,106788732,153677419723,3.515188,3.577701,31.195473,38.535047,,1.191546,48.983355,-2.232809,-1.404268,19.072432
,3699.3,3717.34,3556.61,3701.28,3701.28,140648358,189060473164,0.412871,0.413724,31.297585,35.354848,,0.102112,49.157363,-0.026751,-0.642378,14.771991
,3703.52,3742.23,3671.81,3724.51,3724.51,115419922,153159215466,0.625659,0.627621,31.363649,35.34928,,0.066064,50.559086,1.441827,2.067085,17.48606
,3696.29,3715.37,3629.71,3702.61,3702.61,88961761,133773914663,-0.589732,-0.587997,31.977046,33.979035,,0.613398,50.570785,1.97941,3.587955,21.666609
,3648.27,3769.16,3620.86,3734.42,3734.42,91098049,137156727352,0.855454,0.859124,31.717335,33.737255,,-0.259712,51.149543,2.564819,5.152008,23.081644
,3739.05,3751.64,3600.21,3604.64,3604.64,93578568,138220188526,-3.537061,-3.475238,35.56078,34.818112,32.722948,3.843445,49.739363,7.115921,11.305945,27.055041
,3598,3700.65,3557.2,3700.29,3700.29,86229268,126693808241,2.618929,2.653524,36.121431,34.886416,32.722948,0.560651,49.454097,6.2503,10.702198,23.23388
,3716.44,3794.16,3705.27,3778.6,3778.6,90256478,135459100312,2.094238,2.116321,36.255346,34.941067,32.722948,0.133915,49.39344,3.667431,7.571838,23.451987
,3771.27,3805.21,3746.24,3776.63,3776.63,82418898,120741772539,-0.052149,-0.052136,36.190464,34.875986,33.324797,-0.064882,49.371125,5.376797,8.200367,22.439098
,3650.8,3843.84,3643.08,3831.44,3831.44,98478650,145129793994,1.440863,1.451294,35.619852,34.398003,33.324797,-0.570611,50.160992,6.103599,9.838665,20.882017
,3849.04,3893.19,3849.04,3870.49,3870.49,109618184,161323370263,1.01404,1.019199,35.626883,34.366657,33.324797,0.00703,50.125342,7.412477,9.42435,21.431146
,3879.76,3939.49,3853.91,3938.95,3938.95,98523171,147494467235,1.753308,1.768768,35.769761,34.218221,33.324797,0.142878,50.789634,-1.341547,5.402379,19.744128
,3953.89,3972.58,3858.51,3919.75,3919.75,113814264,172374226755,-0.488631,-0.48744,29.455388,33.946205,22.248722,-6.314373,50.761279,0.208979,6.840882,18.619186
,3907.73,3996.85,3888.31,3985.25,3985.25,95416615,150809050028,1.657217,1.671025,27.004767,34.002076,22.248722,-2.450622,52.301187,-4.656004,1.646986,14.921789
,4033.92,4091.94,4027.36,4072.58,4072.58,114041851,183212932635,2.167666,2.191331,24.579502,34.128062,22.248722,-2.425264,53.981727,-14.825334,-4.906288,18.19806
,4090.9,4168.53,4079.87,4168.29,4168.29,113267227,179476688188,2.322917,2.350107,25.050002,26.573896,22.248722,0.4705,53.454627,-13.699856,-5.932203,17.645908
,3906.04,4104.2,3849.7,3886.46,3886.46,132739140,210318902841,-7.000716,-6.761286,37.725994,30.573657,43.304704,12.675992,48.228742,-5.524379,3.886478,26.222412
,3828.72,3991.73,3683.56,3927.95,3927.95,126078248,193671975961,1.061894,1.067552,37.675377,29.677869,43.304704,-0.050617,50.995945,-3.251151,-1.783397,26.814328
,3953.1,4014.15,3780.03,3803.95,3803.95,119937939,193980269332,-3.207766,-3.156863,39.816581,30.742551,42.309072,2.141204,50.467101,0.887752,-1.053653,31.599369
,3804.96,3822.41,3503.94,3511.43,3511.43,90531019,131296201550,-8.001664,-7.689901,49.047522,35.318638,50.887834,9.230941,40.845999,11.308923,6.777306,40.08991
,3407,3635.15,3246.73,3634.63,3634.63,113768038,150764921394,3.448396,3.508542,48.983355,35.722201,50.887834,-0.064167,39.670727,10.477404,5.293956,36.805785
,3652.89,3712.53,3550.74,3677.58,3677.58,95951510,135938464230,1.174761,1.181688,49.157363,35.475285,50.887834,0.174007,40.55369,11.317825,1.778745,34.096973
,3694.55,3802.3,3684.46,3802.3,3802.3,94190581,137228579079,3.335122,3.391361,50.559086,35.878332,50.887834,1.401723,43.475065,6.946581,-7.220285,32.095006
,3814.19,3861.21,3769.15,3837.87,3837.87,89074742,136650655463,0.931138,0.935486,50.570785,35.790845,51.823057,0.011699,46.982973,6.591822,-3.381018,32.218723
,3876.07,3937.79,3870.23,3931.86,3931.86,90982277,140519100272,2.419507,2.449015,51.149543,35.961484,51.823057,0.578759,47.405012,7.251476,-2.852192,32.083007
,3953.96,4036.35,3834.02,4036.11,4036.11,99389774,158102391031,2.616876,2.651417,49.739363,36.177718,57.919357,-1.41018,46.383913,5.234326,-6.671675,28.374418
,4071.74,4146.52,4064.15,4118.27,4118.27,109452945,165908854362,2.015182,2.035623,49.454097,35.940968,57.919357,-0.285266,45.642193,0.950481,-8.310145,26.413696
,4103.52,4132,4022.78,4075.82,4075.82,86609180,133792269965,-1.036122,-1.030773,49.39344,36.058002,54.709227,-0.060657,45.748377,2.936474,-6.562814,28.355415
,4043.11,4115.73,4025.1,4099.38,4099.38,68779600,109234266882,0.576379,0.578043,49.371125,35.741458,54.26753,-0.022315,45.652519,-1.176584,-7.055391,25.588758
,4178.76,4246.4,4177.19,4227.57,4227.57,87872913,141848326711,3.079162,3.127058,50.160992,35.954916,54.26753,0.789867,44.862983,-8.641353,-13.384334,24.054415
,4227.59,4254.71,4186.18,4253,4253,81540471,130523272510,0.599726,0.601528,50.125342,35.952305,54.26753,-0.03565,46.021966,-7.944076,-11.535095,18.632833
,4268.65,4292.2,4138.33,4157.6,4157.6,86863015,141060757569,-2.268663,-2.243123,50.789634,36.480417,49.742087,0.664292,45.712752,-2.857449,-8.794679,22.427049
,4140.69,4208.87,4110.96,4197.28,4197.28,73739471,121783095857,0.949871,0.954397,50.761279,36.474014,48.259773,-0.028355,45.451294,-8.415301,-9.759522,24.265426
,4203.13,4220.92,3970.35,4051.43,4051.43,79552374,127747673843,-3.536679,-3.474869,52.301187,37.493872,43.449603,1.539909,46.892408,-7.356643,-1.983037,28.682522
,4066.45,4105.99,3850.84,3877.59,3877.59,70031044,113432698719,-4.385608,-4.290831,53.981727,38.822364,39.683953,1.680539,46.784455,-3.14174,6.951248,34.933606
,3804.41,3929.37,3752.93,3928.21,3928.21,58885114,87867741985,1.297002,1.30545,53.454627,38.850243,39.683953,-0.5271,46.654445,-2.473697,5.765569,33.234444
,3946.88,4053.41,3912.2,4040.48,4040.48,65290520,102131620083,2.817965,2.858045,48.228742,39.120768,37.81932,-5.225885,46.280346,-7.632112,5.183937,29.359762
,4038.38,4067.81,3857.85,3858.52,3858.52,66857980,98372047260,-4.607981,-4.503425,50.995945,40.499732,34.915269,2.767204,42.61072,-8.688039,10.907292,35.354034
,3769.33,3867.75,3718.16,3764.08,3764.08,58920870,88527586075,-2.478021,-2.447571,50.467101,40.954795,35.755312,-0.528845,41.143487,-1.439613,13.477064,37.342773
,3746.18,3801.9,3644.19,3757.66,3757.66,49747310,71995865464,-0.170705,-0.17056,40.845999,40.77954,26.371197,-9.621101,41.437565,1.679426,16.014629,38.347575
,3782.78,3835.29,3744.01,3832.23,3832.23,46409126,68887494467,1.965046,1.98448,39.670727,40.858545,26.371197,-1.175272,41.232252,-1.488227,15.182744,35.301608
,3840.41,3848.08,3727.56,3743.58,3743.58,38233716,59055648042,-2.340451,-2.313275,40.55369,41.254929,24.473008,0.882963,43.098294,1.228934,13.635624,35.911188
,3688.31,3706.6,3535.04,3537.44,3537.44,43225527,61324055987,-5.663907,-5.506494,43.475065,43.064154,28.042708,2.921375,36.923246,7.604051,22.63926,42.81048
,3517.6,3712.74,3475.27,3710.28,3710.28,51366512,71894989944,4.770404,4.886019,46.982973,44.011828,28.042708,3.507907,35.595095,2.917449,21.459672,40.822658
,3743.87,3840.99,3722.23,3821.3,3821.3,54073113,79270989350,2.948333,2.992227,47.405012,44.170879,28.042708,0.42204,35.200569,-3.280666,20.781828,39.162046
,3832.76,3852.93,3764.25,3775.62,3775.62,51907868,77184567956,-1.202607,-1.195405,46.383913,44.234826,27.845241,-1.021099,34.285088,0.370906,22.420771,40.766982
,3751.49,3797.81,3732.29,3789.87,3789.87,33628907,51532285679,0.376711,0.377421,45.642193,44.191271,27.845241,-0.74172,35.186004,0.465947,20.841828,40.563309
,3799.19,3839.21,3780.03,3816.92,3816.92,31368119,45968043226,0.71121,0.713745,45.748377,44.099157,27.697794,0.106184,35.44437,-0.260234,22.442963,41.150755
,3825.03,3829.68,3773.93,3820.12,3820.12,26893242,38615513802,0.083802,0.083837,45.652519,44.087694,27.697794,-0.095858,36.11892,3.89577,21.294122,40.669294
,3824.91,3830.37,3697.22,3697.97,3697.97,29931857,44462951258,-3.249782,-3.197544,44.862983,44.395678,26.153764,-0.789536,32.705812,11.694228,24.427687,45.376535
,3684.33,3812.25,3650.25,3789.65,3789.65,32553850,50158226605,2.448965,2.479198,46.021966,44.614543,26.153764,1.158983,32.414691,9.356587,23.541891,43.880679
,3776.94,3861.51,3756.7,3807.57,3807.57,45975823,69467831664,0.471752,0.472867,45.712752,44.609627,27.409636,-0.309214,32.563322,11.121167,23.136428,42.501672
,3796.92,3836.39,3778.51,3807,3807,30258467,45728488495,-0.014971,-0.01497,45.451294,43.373432,30.051731,-0.261458,33.79733,12.251513,21.537825,38.873367
,3808.08,3971.89,3808.08,3971.88,3971.88,55271121,81556214966,4.239806,4.330969,46.892408,43.343253,31.546103,1.441114,33.350972,8.103458,15.25784,34.603463
,4009.06,4157.39,4009.06,4156.72,4156.72,85276186,125824176741,4.548677,4.653716,46.784455,43.471861,31.928228,-0.107953,34.817966,5.921641,16.1531,27.504214
,4187.33,4241.58,4143.59,4161.35,4161.35,76090735,112024884957,0.111324,0.111386,46.654445,43.473576,31.928228,-0.13001,34.876013,6.943478,17.812542,28.617121
,4163.36,4256.05,4163.35,4255.46,4255.46,64597766,101771761398,2.236332,2.261526,46.280346,43.648341,31.928228,-0.3741,34.615816,0.819575,17.151998,27.242037
,4282.68,4325.93,4244.08,4303.19,4303.19,65490243,103986605581,1.115374,1.121618,42.61072,43.632344,31.130319,-3.669626,34.721597,3.043929,17.690433,21.470545
,4277.55,4318.34,4225.03,4307.14,4307.14,65021109,105910068484,0.09175,0.091792,41.143487,43.58516,34.014285,-1.467233,34.672111,6.542996,19.175958,22.516327
,4305.18,4426.31,4303.73,4410.3,4410.3,75441583,121083501332,2.36686,2.395093,41.437565,43.556112,34.099142,0.294078,34.299405,6.446624,17.297975,22.232422
,4402.52,4467.65,4359.59,4460.56,4460.56,71375042,118858591415,1.13316,1.139605,41.232252,43.089607,34.099142,-0.205312,34.37125,5.7498,16.329084,22.679025
,4479.3,4496.25,4271.06,4290.48,4290.48,79361665,128911216769,-3.88757,-3.812974,43.098294,43.941989,35.403226,1.866041,30.943524,8.435138,18.682604,28.205501
,4311.6,4449.4,4303.98,4436.19,4436.19,62887538,108357964805,3.339729,3.396124,36.923246,44.391823,,-6.175048,29.668008,7.407754,16.67603,23.390419
,4472.89,4599.25,4472.89,4598.38,4598.38,78190473,141287524336,3.590817,3.656065,35.595095,44.861668,,-1.32815,27.85245,2.751899,14.140069,17.411005
,4642.78,4704.19,4623.49,4703.98,4703.98,76164271,136599019538,2.270489,2.296461,35.200569,45.021712,,-0.394526,27.862392,0.365193,14.153371,13.061285
,4715.39,4771.58,4634.87,4724.55,4724.55,83847133,154638115713,0.436336,0.437289,34.285088,44.273587,,-0.915481,28.578507,1.492026,12.625322,11.824035
,4679.22,4741.45,4579.4,4668.09,4668.09,88988001,135476625298,-1.202232,-1.195034,35.186004,44.166821,,0.900917,27.847972,2.760547,13.882014,13.646432
,4666.42,4779.14,4666.2,4777.29,4777.29,72025786,117191335497,2.312345,2.339287,35.44437,44.20507,,0.258366,27.204008,-1.165371,12.475266,6.412515
,4765.85,4771.61,4631.04,4726.68,4726.68,74962881,123598269748,-1.065039,-1.059387,36.11892,44.29707,25.729961,0.67455,28.397533,-2.140512,11.350026,6.42862
,4724.52,4767.08,4663.2,4721.19,4721.19,85763167,137189538115,-0.116217,-0.116149,32.705812,44.251809,24.852315,-3.413108,28.479086,3.419642,13.011063,5.301754
,4721.45,4803.57,4704.15,4795.57,4795.57,61157911,105536840149,1.563169,1.57545,32.414691,44.30139,24.852315,-0.291121,34.207766,3.627239,6.626037,2.95189
,4804.68,4836.59,4697.97,4798.75,4798.75,63466427,109902913351,0.066289,0.066311,32.563322,44.209126,24.852315,0.14863,34.44915,5.136737,8.085301,6.984287
,4772.36,4772.97,4665.21,4721.94,4721.94,63594794,110214697826,-1.613574,-1.600625,33.79733,44.35786,22.276008,1.234008,34.572689,8.40412,12.487122,7.331001
,4694.2,4774.99,4616.97,4626.58,4626.58,63652120,111565219727,-2.04018,-2.019509,33.350972,44.525226,20.149188,-0.446358,33.110703,12.021576,15.407719,7.915081
,4749.2,4885.83,4747.27,4885.43,4885.43,67812204,119259346490,5.443937,5.594845,34.817966,45.6211,20.149188,1.466995,28.531338,7.066516,11.829258,2.206398
,4915.52,4995.53,4909.84,4972.71,4972.71,74440593,132902401512,1.770766,1.786537,34.876013,45.530642,20.149188,0.058047,28.382297,5.46002,9.656333,1.925356
,4899.93,5075.89,4887.14,5051.69,5051.69,74028925,138722276010,1.575788,1.588269,34.615816,42.982918,20.149188,-0.260197,28.575355,2.350182,7.023828,-1.076104
,5075.51,5154.85,5028.12,5135.93,5135.93,68051882,130873214318,1.65381,1.667561,34.721597,43.036755,20.149188,0.105781,28.429015,2.029527,6.756309,-7.336552
,5161.15,5231.15,5158.03,5217.58,5217.58,73769875,134546099482,1.577276,1.58978,34.672111,42.413926,20.149188,-0.049487,28.179324,1.507106,4.689751,-7.178569
,5250.62,5296.57,5191.28,5243.15,5243.15,82631454,149375480466,0.488877,0.490074,34.299405,38.511849,20.149188,-0.372705,28.247221,3.30202,5.034971,-8.828988
,5220.64,5270.3,5136.61,5251.77,5251.77,75066789,140419665162,0.16427,0.164405,34.37125,38.084961,20.149188,0.071845,28.641426,2.046038,3.789779,-10.863312
,5215.65,5283.33,5138.34,5171.82,5171.82,72929456,138983549273,-1.534051,-1.522344,30.943524,38.318317,10.42984,-3.427726,28.806558,3.634548,3.59296,-10.662629
,5193.73,5247.57,5176,5241.23,5241.23,67298490,123820181450,1.333155,1.342081,29.668008,37.918455,10.42984,-1.275515,28.75668,3.20699,3.49519,-7.921389
,5255.09,5307.42,5219.99,5296.81,5296.81,66780357,122862402252,1.054855,1.060438,27.85245,37.924824,10.42984,-1.815559,30.081442,-0.038143,5.222917,-11.161418
,5335.05,5433.75,5335.05,5419.17,5419.17,82849166,149612423441,2.283791,2.31007,27.862392,37.89706,10.42984,0.009942,29.393058,-0.777116,4.226848,-12.703677
,5421.25,5429.21,5333.49,5360.33,5360.33,79914832,147686666917,-1.091713,-1.085775,28.578507,37.788746,9.575687,0.716116,28.99026,-4.507259,5.720889,-10.434265
,5357.55,5389.33,5265.06,5363.25,5363.25,65364902,122740698495,0.054459,0.054474,27.847972,37.660377,10.486139,-0.730536,28.98075,-3.036166,5.839467,-7.696552
,5389.49,5448.84,5365.5,5412.04,5412.04,70608574,128581017849,0.905597,0.90971,27.204008,37.545321,10.486139,-0.643964,29.124361,-1.153515,6.232526,-8.4993
,5382.91,5402.71,5284.65,5294.79,5294.79,79298880,145930428783,-2.190278,-2.166466,28.397533,37.938722,11.954099,1.193525,27.744347,1.91718,8.025145,-4.904941
,5226.74,5380.46,5182.1,5377.22,5377.22,65095672,116768981158,1.544819,1.556813,28.479086,37.609384,6.923792,0.081554,27.698284,2.237838,7.937786,-4.637214
,5384.56,5414,5104.35,5124.09,5124.09,68806690,127249654110,-4.821856,-4.707451,34.207766,39.098731,21.19595,5.728679,19.69659,6.657534,13.712751,0.310013
,5102.58,5212.65,5059.46,5202.86,5202.86,61572253,113773908567,1.525553,1.537249,34.44915,38.801778,21.19595,0.241385,20.207098,4.075265,11.279944,-2.441112
,5230.65,5351.58,5212.03,5349.97,5349.97,59746929,118934715196,2.788248,2.827483,34.572689,39.100119,23.113086,0.123539,23.453189,2.673308,4.84842,-9.106497
,5362.46,5405.85,5274.22,5397.28,5397.28,60295626,118739158220,0.880417,0.884304,33.110703,38.236852,,-1.461986,23.347135,1.303608,3.937904,-8.093723
,5389.5,5504.77,5387.68,5498.91,5498.91,69403132,131402296810,1.865477,1.882986,28.531338,36.965684,,-4.579366,24.39974,0.272229,-0.478145,-12.406922
,5524.1,5533.53,5405.18,5476.84,5476.84,71621810,140263032451,-0.40216,-0.401352,28.382297,36.989362,27.026258,-0.149041,24.745858,-0.406534,1.148245,-12.570046
,5487.38,5498.59,5385.42,5419.27,5419.27,55880065,110132780632,-1.056717,-1.051154,28.575355,36.828389,24.946808,0.193058,24.536191,-1.080686,3.066211,-9.132332
,5436.64,5501.4,5430.31,5494.92,5494.92,56712136,113725795104,1.386291,1.395944,28.429015,35.302016,24.946808,-0.14634,29.401257,-1.231593,-2.976197,-8.697564
,5508.5,5516.11,5357.5,5468.1,5468.1,61106356,121125874981,-0.489282,-0.488087,28.179324,34.795624,24.191375,-0.249691,29.71679,2.040272,-1.349383,-6.932799
,5481.38,5541.13,5400.68,5513.9,5513.9,54184817,116678459265,0.834097,0.837585,28.247221,34.758719,24.191375,0.067897,30.538597,2.493897,-0.100524,-5.724334
,5524.02,5540.87,5423.52,5454.62,5454.62,45326230,95494833346,-1.080922,-1.075101,28.641426,34.822918,22.627553,0.394205,30.754994,3.977147,2.560161,-4.457685
,5433.63,5489.86,5338.31,5361.02,5361.02,39171156,84077769516,-1.73087,-1.715977,28.806558,34.625788,22.63907,0.165132,30.377404,5.881055,5.929937,-1.806741
,5364.53,5429.05,5338.04,5427.66,5427.66,33759056,71569513515,1.235385,1.243047,28.75668,32.090213,22.63907,-0.049878,30.787354,5.944326,3.219199,-1.114026
,5479.85,5590.85,5479.85,5580.81,5580.81,48514620,104224265195,2.782583,2.821658,30.081442,31.264817,22.63907,1.324762,30.416852,2.764085,-1.951981,-4.44323
,5703.28,5715.91,5617.1,5653.14,5653.14,66449703,128709142343,1.287722,1.296048,29.393058,30.933778,22.63907,-0.688384,30.729403,2.933823,-5.318933,-4.857526
,5638.63,5682.97,5582.77,5675.93,5675.93,53633490,107594055433,0.402328,0.403139,28.99026,30.696593,24.189986,-0.402798,30.679124,3.484603,-6.522176,-4.576414
,5694.99,5776.21,5653.79,5685.76,5685.76,63994455,128506102704,0.173038,0.173187,28.98075,30.708009,24.189986,-0.009509,30.816357,2.404311,-6.075049,-3.619387
,5695.13,5761.22,5650.1,5760.08,5760.08,65141101,137428901787,1.298656,1.307125,29.124361,30.734469,24.189986,0.143611,34.24559,-2.537621,-12.295277,-3.596675
,5777.9,5796.28,5485.56,5737.22,5737.22,78001064,160588747295,-0.397659,-0.396869,27.744347,30.790539,24.985258,-1.380014,34.268851,-2.170061,-12.946552,-3.713964
,5761.87,5824.98,5690.07,5821.45,5821.45,70682111,155052082135,1.45746,1.468133,27.698284,29.718488,24.985258,-0.046063,33.398618,-6.178093,-15.647095,-3.632864
,5851.54,5885.48,5815.61,5877.2,5877.2,64692049,135092342876,0.953109,0.957665,19.69659,29.511979,8.420155,-8.001694,32.764527,-5.906971,-17.386898,-3.551222
,5862.38,5891.72,5797.61,5824.12,5824.12,48869768,108328401236,-0.907254,-0.903151,20.207098,29.698516,7.69183,0.510508,37.205231,-4.138468,-12.380958,-2.169087
,5813.24,5813.24,5593.99,5615.75,5615.75,48595630,106494804569,-3.643277,-3.577708,23.453189,30.979225,17.135007,3.246091,35.563266,-5.15131,-10.004541,2.044749
,5651.03,5711.5,5563.78,5614.06,5614.06,38466457,84971542142,-0.030098,-0.030094,23.347135,30.087732,17.208163,-0.106055,35.673301,-3.983679,-11.430543,1.456901
,5543.79,5594.5,5465.85,5472.68,5472.68,35867499,74730406208,-2.550572,-2.51832,24.39974,29.598514,17.820369,1.052605,34.905886,0.64985,-9.144715,0.601911
,5467.83,5541.96,5373.05,5540.09,5540.09,41896800,90014313511,1.22423,1.231755,24.745858,29.630632,18.257597,0.346119,35.087759,1.005382,-8.879222,-3.199881
,5564.48,5644.97,5553.33,5588.01,5588.01,44661238,99449964402,0.861248,0.864968,24.536191,29.415122,19.445736,-0.209667,34.897997,1.783039,-11.166143,-3.154823
,5549.66,5556.55,5312.85,5333.79,5333.79,50821706,103890714029,-4.656118,-4.549383,29.401257,31.185675,25.223576,4.865066,34.821296,4.963804,-11.116663,-3.589481
,5279.1,5428.58,5266.37,5394.81,5394.81,35895965,77283751807,1.137533,1.144027,29.71679,31.221188,25.801309,0.315533,35.268589,1.437674,-10.518938,-12.647836
,5428.68,5509.35,5428.68,5508.36,5508.36,35233977,72353863135,2.082956,2.104801,30.538597,31.149175,25.801309,0.821807,33.94078,-2.724513,-13.763435,-10.181946
,5529.96,5597.27,5467.52,5596.07,5596.07,39193921,79727986835,1.579763,1.592307,30.754994,31.209265,27.320738,0.216396,33.081586,-5.105189,-17.213253,-10.719941
,5663.76,5691.87,5590.54,5688.54,5688.54,50329469,103782288703,1.638906,1.65241,30.377404,30.015344,29.86336,-0.37759,31.75894,-6.123931,-20.185526,-11.36484
,5701.49,5702.21,5604.79,5605.23,5605.23,46612479,96342741683,-1.475353,-1.464523,30.787354,29.669233,27.464368,0.40995,36.443014,-9.57015,-14.635778,-16.93775
,5514.85,5565.66,5448.99,5472.93,5472.93,43289500,93671082512,-2.388597,-2.360296,30.416852,29.443623,25.545145,-0.370502,36.327324,-8.230487,-14.432355,-13.912957
,5438.81,5494.62,5333.38,5360.31,5360.31,33695018,74190195900,-2.079231,-2.057764,30.729403,29.543343,23.898427,0.312551,36.309039,-7.394339,-11.611591,-12.919591
,5331.31,5406.1,5295.79,5317.55,5317.55,27057854,56491531386,-0.800914,-0.797715,30.679124,29.612962,23.340391,-0.050279,36.825397,-7.38012,-9.632978,-14.053139
,5348.56,5388.64,5231.61,5350.63,5350.63,30061349,59639210961,0.620164,0.622091,30.816357,29.480375,23.340391,0.137233,38.458201,-3.901597,-7.460969,-15.727669
,5321.86,5321.86,5090.96,5093.67,5093.67,36054893,72978743527,-4.921572,-4.802425,34.24559,30.984518,26.465773,3.429233,34.509324,-0.246885,-2.43655,-2.858677
,5042.76,5129.11,4962.3,5040.52,5040.52,34583826,67968651438,-1.048934,-1.043452,34.268851,30.981934,25.535,0.023261,34.733051,-0.654051,0.016465,-2.382884
,4916.82,5018.11,4795.43,4978.25,4978.25,38413922,75901043266,-1.243083,-1.235388,33.398618,31.10247,24.761031,-0.870233,34.97435,0.324287,3.072095,-3.31181
,5024.52,5082.64,4866.16,4939.24,4939.24,36862079,74714823662,-0.786695,-0.783609,32.764527,30.99921,24.450004,-0.634092,34.798524,2.600705,3.984161,-1.201503
,5013.78,5147.01,4924.82,5145.89,5145.89,35231542,73449657338,4.098686,4.183842,37.205231,32.091007,24.904884,4.440705,31.896454,-2.923654,-1.340099,-6.681334
,5129.81,5170.97,5069.52,5081.11,5081.11,31759464,66609044829,-1.26686,-1.258869,35.563266,32.01896,23.972114,-1.641966,34.442905,-6.263432,-3.950376,-3.405419
,4999.84,5021.71,4917.49,5007.66,5007.66,23310991,47079247224,-1.4561,-1.44555,35.673301,31.872522,22.198031,0.110035,34.868891,-3.072074,-0.601085,0.261058
,5017.4,5033.95,4968.73,4994.42,4994.42,25548101,48969993127,-0.264745,-0.264395,34.905886,29.894605,23.466948,-0.767414,35.90924,-3.96887,-2.784062,-1.730807
,4962.63,5099.52,4916.47,5069.38,5069.38,33562714,66536134961,1.489723,1.500875,35.087759,29.830458,23.466948,0.181873,35.410286,-7.328648,-4.839069,-3.888716
,5087.25,5135.25,4993.29,4997.62,4997.62,26803122,53059452232,-1.425672,-1.415558,34.897997,29.801229,22.551258,-0.189762,36.289713,-7.236343,-1.0324,-6.092281
,4902.63,4949.33,4759.91,4772.62,4772.62,26507716,53714123123,-4.606638,-4.502143,34.821296,31.037418,22.421806,-0.076702,32.571017,1.444689,5.395297,-5.44321
,4733.37,4857.05,4711.79,4856.16,4856.16,20146305,41174112142,1.735258,1.750401,35.268589,31.076032,22.421806,0.447294,32.336687,-2.475743,4.935522,-7.272544
,4931.6,4954.18,4795.35,4800.08,4800.08,23622276,48427046818,-1.161542,-1.154822,33.94078,31.122032,21.726965,-1.327809,32.485677,-0.572669,8.139626,-3.396779
,4759.01,4806.83,4708.8,4711.15,4711.15,20886840,44831910258,-1.870054,-1.852677,33.081586,31.313745,20.939851,-0.859194,31.375114,2.475085,10.195406,-1.909155
,4724.47,4760.66,4619.51,4648.75,4648.75,22482368,45167305963,-1.333367,-1.324517,31.75894,31.279391,20.309555,-1.322646,30.63015,6.600625,12.448848,0.553454
,4708.38,4847.58,4637.48,4842.07,4842.07,36872990,72895752103,4.074395,4.158537,36.443014,32.331722,20.985851,4.684075,28.279285,2.629078,10.302552,-1.065743
,4841.08,4841.08,4723.79,4737.41,4737.41,29383696,57402977557,-2.185174,-2.161472,36.327324,32.505094,20.895497,-0.11569,26.761523,6.218333,11.941106,-1.408528
,4714.92,4809.27,4689.52,4772.67,4772.67,22255934,43698299024,0.741532,0.744289,36.309039,32.156374,21.636451,-0.018286,26.775059,7.289348,12.072998,-3.062552
,4786.64,4886.58,4786.64,4829.21,4829.21,22643592,43927028873,1.1777,1.184662,36.825397,32.227377,22.0719,0.516358,26.691864,6.237019,11.578739,-3.031057
,4829.95,4970.17,4815.61,4965.95,4965.95,31769165,61090180313,2.792173,2.831519,38.458201,32.793654,22.0719,1.632805,25.488894,2.219273,9.916632,-7.184418
,4986.25,4999.93,4928.13,4971.06,4971.06,23711591,47436272917,0.102848,0.102901,34.509324,32.726757,17.077774,-3.948877,25.606439,-1.760712,11.135151,-11.487466
,4979.84,5041.78,4977.87,5041.35,5041.35,27198223,50380400719,1.404081,1.413984,34.733051,32.594486,17.714421,0.223728,25.670189,-1.271601,9.216123,-12.67538
,4961.67,5138.69,4944.83,5133.56,5133.56,42780691,82898155954,1.812547,1.829074,34.97435,32.656111,18.567282,0.241299,25.49667,-5.531871,8.942135,-17.494268
,5162.09,5181.41,5068.03,5140,5140,40586457,82034387462,0.12537,0.125449,34.798524,31.124047,19.042309,-0.175826,25.548756,-6.222525,9.851516,-20.22162
,5108.58,5130.72,5033.72,5077.39,5077.39,39828251,83753500021,-1.225573,-1.218093,31.896454,31.06065,18.13097,-2.90207,24.732008,-2.615955,11.551969,-19.979443
,5051.78,5067.39,4881.34,4884.3,4884.3,36819590,77125151925,-3.877137,-3.802938,34.442905,31.468786,20.978679,2.546451,18.3126,3.082241,15.999666,-20.844951
,4827.39,4979.19,4800.24,4977.65,4977.65,30727925,61162569184,1.893191,1.911226,34.868891,31.678423,22.06586,0.425986,18.492827,2.464533,13.488528,-27.948895
,4976.24,4977.57,4855.17,4857.29,4857.29,37014522,76935382730,-2.447722,-2.418008,35.90924,31.748297,19.556411,1.04035,20.805577,6.954817,12.530688,-22.236461
,4827.26,4883,4799,4829.91,4829.91,22930076,47447352486,-0.565284,-0.563689,35.410286,31.754344,20.25789,-0.498954,23.398932,7.705827,10.51841,-18.807608
,4877.77,4961.59,4865.35,4946.29,4946.29,32101858,60379853503,2.380997,2.409569,36.289713,32.141778,21.146102,0.879427,22.413039,6.244904,9.04372,-20.293038
,4968.03,5048.06,4935.4,5037.19,5037.19,31319917,59927497294,1.821059,1.837741,32.571017,32.242855,16.275757,-3.718696,29.211525,6.351945,2.131886,-26.693537
,5016.46,5103.77,5014.7,5101.85,5101.85,37251494,73549811301,1.275483,1.283652,32.336687,32.364972,16.275757,-0.23433,40.42001,4.529841,-7.06442,-26.714827
,5142.16,5239.22,5129.6,5207.13,5207.13,50319967,103969755944,2.042562,2.063565,32.485677,32.610249,16.952707,0.14899,43.26894,3.360704,-4.558136,-28.537444
,5217.56,5244.03,5180.59,5216.81,5216.81,38973705,79333659585,0.185726,0.185899,31.375114,32.550013,18.565224,-1.110563,43.483643,3.858418,-3.702095,-33.041831
,5231.97,5273.14,5194.75,5265.03,5265.03,41468115,83694909415,0.920074,0.92432,30.63015,32.42692,20.077377,-0.744964,43.509349,4.068409,-3.628162,-29.546469
,5286.98,5367.53,5260.1,5367.53,5367.53,52345018,109216836244,1.9281,1.946808,28.279285,32.573133,20.077377,-2.350865,49.051149,3.461677,-12.604525,-34.786199
,5379.52,5391.67,5323.82,5338.27,5338.27,45361415,95056654641,-0.546621,-0.54513,26.761523,32.060839,22.640924,-1.517762,49.257147,3.49335,-11.421708,-39.874306
,5349.76,5404.93,5283.45,5385.1,5385.1,45668710,98886433471,0.873425,0.87725,26.775059,31.996857,22.640924,0.013536,48.985309,4.158485,-13.380998,-41.725745
,5381.15,5422.67,5315.95,5422.03,5422.03,64645878,135983354875,0.68344,0.685781,26.691864,32.02017,22.640924,-0.083196,48.907996,4.509795,-15.9989,-39.555135
,5430.63,5499.08,5422.46,5483.65,5483.65,51746420,118866230641,1.130065,1.136475,25.488894,32.111934,22.640924,-1.20297,48.376458,3.85461,-18.183332,-35.478409
,5480.44,5569.15,5455.5,5556.59,5556.59,53485409,123189549972,1.321367,1.330136,25.606439,32.116073,22.640924,0.117545,57.31953,3.103803,-11.557279,-35.6303
,5575.95,5630.62,5485.23,5528.05,5528.05,64899501,147975753744,-0.514948,-0.513624,25.670189,32.122239,21.733568,0.06375,57.319055,3.000804,-11.615472,-40.471829
,5507.12,5614.68,5490.31,5613.76,5613.76,46796872,108368103243,1.53856,1.550456,25.49667,32.139049,21.733568,-0.173519,57.011874,-1.943317,-15.326041,-40.220701
,5631.65,5707.67,5602.59,5672.15,5672.15,64229893,144316455605,1.034751,1.040123,25.548756,32.150481,21.733568,0.052086,57.141978,-5.55563,-15.037179,-40.485794
,5688.56,5702.57,5629.64,5699.15,5699.15,56167079,122241534840,0.474881,0.47601,24.732008,32.119523,24.1547,-0.816748,56.993103,-5.124204,-16.893204,-47.722757
,5717.52,5756.92,5679.29,5731.76,5731.76,49846010,109356397974,0.57056,0.572191,18.3126,31.247369,,-6.419408,57.691321,-10.785539,-15.454709,-46.973848
,5743.43,5754.11,5652.04,5696.45,5696.45,50886608,119673141932,-0.617947,-0.616041,18.492827,31.275737,13.406119,0.180226,58.657431,-18.088415,-12.626385,-48.879024
,5642.57,5642.57,5498.39,5505.72,5505.72,55774469,126634977042,-3.405562,-3.348226,20.805577,31.623532,20.201686,2.312751,58.075602,-10.134007,-11.477434,-48.595223
,5445.8,5533.65,5226.64,5365.62,5365.62,61936933,136052424646,-2.577562,-2.544626,23.398932,31.958102,21.656189,2.593355,57.595375,-6.514677,-9.568057,-49.445771
,5358.18,5419.57,5307.5,5414.47,5414.47,43913005,95080872876,0.906307,0.910426,22.413039,31.963742,21.656189,-0.985893,58.39373,-6.426977,-14.103601,-50.503453
,5424.64,5434.35,5122.46,5145.73,5145.73,47833617,101540050167,-5.090775,-4.963367,29.211525,32.242321,30.115772,6.798486,57.394928,-8.384466,-12.970392,-44.537268
,5015.43,5032.25,4708.39,4753.87,4753.87,60772692,126029341672,-7.920822,-7.615246,40.42001,35.938028,44.326721,11.208485,50.558786,0.172552,-5.143646,-31.950422
,4787.17,4976.27,4751.5,4975.11,4975.11,55776385,111006127504,4.548846,4.653893,43.26894,36.951283,44.326721,2.84893,48.628297,-5.462158,-6.978268,-27.617956
,5034.53,5079.8,4926.37,5027.21,5027.21,56605987,114169075408,1.041768,1.047213,43.483643,36.858824,44.326721,0.214702,48.35008,-8.438388,-8.402467,-27.905652
,5022.9,5121.41,4966.52,5077.43,5077.43,47142108,100680076889,0.994007,0.998964,43.509349,36.74652,44.326721,0.025707,48.404891,-10.486761,-8.267233,-30.86249
,5038.51,5038.51,4711.28,4731.88,4731.88,41425283,81460742897,-7.048264,-6.805608,49.051149,39.267872,47.03549,5.5418,42.525378,4.508923,1.23623,-22.540843
,4742.9,4845.66,4688.73,4762.08,4762.08,29062256,58040616586,0.636196,0.638224,49.257147,39.063649,46.606434,0.205998,43.432101,3.299586,-1.927925,-18.466277
,4817.16,4858.1,4606.14,4710.65,4710.65,34098976,72219233312,-1.085864,-1.07999,48.985309,38.915769,45.914891,-0.271838,43.384048,2.213442,-1.754553,-14.968288
,4693.61,4733.7,4614.28,4620.4,4620.4,30852580,64311666805,-1.934462,-1.915871,48.907996,39.057702,43.774181,-0.077313,43.042974,5.471517,1.389104,-14.146812
,4623.62,4660.99,4414.12,4571.94,4571.94,35125528,67941469336,-1.054366,-1.048827,48.376458,39.052012,42.856355,-0.531538,43.162836,5.144737,1.082282,-17.934171
,4695.55,4951.25,4695.55,4950.12,4950.12,40953145,85660385508,7.94742,8.271762,57.31953,41.332855,42.856355,8.943072,34.334716,-0.793627,-11.065338,-23.203528
,4942.88,4995.57,4878.12,4921.83,4921.83,32796356,70626096586,-0.573141,-0.571501,57.319055,41.295109,42.758002,-0.000475,34.442801,1.989891,-10.276031,-23.812365
,4858.81,4883.24,4785.8,4816.08,4816.08,21475659,43271699299,-2.172009,-2.148591,57.011874,41.454303,40.822608,-0.307181,35.096674,1.90529,-11.110362,-20.972302
,4858.85,4913.32,4842.85,4880.25,4880.25,19837789,40152820965,1.323613,1.332411,57.141978,41.520799,40.822608,0.130104,35.075196,-0.086508,-15.035957,-23.668444
,4846.02,4846.02,4742.1,4813.31,4813.31,24262601,47298764901,-1.381145,-1.371651,56.993103,40.709909,39.66148,-0.148875,35.008894,-2.334601,-14.638207,-19.116404
,4875.21,4944.88,4845.31,4910.99,4910.99,30590078,61844630483,2.009055,2.029373,57.691321,40.866046,39.66148,0.698218,36.181469,-8.301223,-21.389908,-21.824363
,4926.84,5020.75,4885.69,5020.75,5020.75,36176965,74207768895,2.210377,2.234987,58.657431,41.020319,39.831166,0.96611,36.842374,-10.605676,-28.811039,-24.338386
,5032.78,5062.26,4901.66,4908.72,4908.72,39557722,84980855908,-2.256611,-2.23134,58.075602,41.278432,39.997844,-0.581829,40.273457,-5.634842,-23.289716,-22.643546
,4878.57,4924.45,4796.1,4876.03,4876.03,33403616,67932116459,-0.668185,-0.665958,57.595375,41.17613,41.531088,-0.480227,42.727163,-5.349087,-19.757961,-27.307849
,4850.88,4850.88,4649.81,4702.24,4702.24,37918627,77110349593,-3.629237,-3.56417,58.39373,41.731092,39.76523,0.798355,42.030353,-0.590609,-15.233157,-21.750843
,4704.32,4722.64,4510.69,4519.78,4519.78,33652001,65323658083,-3.957567,-3.880278,57.394928,41.452074,38.659499,-0.998801,42.709989,5.822157,-15.855031,-19.704338
,4637.6,4668.83,4394.59,4515.53,4515.53,33276390,67625962769,-0.094075,-0.094031,50.558786,41.277056,30.774188,-6.836142,43.267027,3.388273,-14.506762,-20.592862
,4543.1,4660.41,4500.89,4639.77,4639.77,29592393,60311456890,2.714223,2.751394,48.628297,41.622617,30.774188,-1.930489,41.507233,-0.238442,-17.00104,-26.512338
,4651.16,4670.17,4582.82,4622.06,4622.06,25398171,50332555405,-0.38243,-0.3817,48.35008,41.457111,30.47962,-0.278217,43.234795,1.353183,-20.937269,-25.653971
,4616.24,4683.16,4597.63,4674.55,4674.55,23350858,47275050938,1.129241,1.135641,48.404891,41.434076,30.47962,0.054811,46.850916,-1.137246,-17.651075,-24.024513
,4648.73,4803.9,4611.7,4790.74,4790.74,39258411,79684960724,2.455199,2.485587,42.525378,40.884785,19.635138,-5.879513,45.863415,-7.792645,-23.417904,-29.10791
,4813.4,4836.66,4657.38,4671.15,4671.15,45129777,88557686654,-2.527959,-2.496274,43.432101,40.968351,19.238903,0.906723,48.341548,-5.048519,-26.524672,-25.732917
,4650.52,4689.97,4519.74,4628.72,4628.72,39417993,73479598041,-0.912492,-0.908342,43.384048,40.976665,19.364283,-0.048053,48.33467,-7.142368,-26.590194,-24.419714
,4645.07,4746.58,4592.62,4685.03,4685.03,44402268,85710623021,1.209195,1.216535,43.042974,40.98075,20.178116,-0.341074,49.81063,-10.953544,-24.945339,-25.952669
,4641.75,4693.21,4597.01,4621.69,4621.69,28690945,60552444836,-1.361188,-1.351966,43.162836,40.632698,20.024569,0.119862,54.816004,-10.575752,-18.377359,-26.468082
,4588.73,4588.77,4406.23,4431.59,4431.59,31780355,61147375746,-4.2002,-4.113214,34.334716,41.480144,22.196443,-8.82812,53.85824,-11.118197,-13.007682,-23.25329
,4393.28,4441.18,4315.18,4441.18,4441.18,26276592,52344309140,0.216167,0.216401,34.442801,41.356236,22.28643,0.108084,56.248554,-16.545117,-18.580326,-24.116165
,4534.81,4553.34,4308.35,4309.65,4309.65,27145644,55702634312,-3.006341,-2.9616,35.096674,41.527822,22.788907,0.653874,56.475166,-10.274064,-13.784298,-29.565798
,4266.27,4296.36,4121.27,4198.96,4198.96,34451307,65769466347,-2.601982,-2.568422,35.075196,41.786212,21.962836,-0.021478,56.228179,-4.808512,-10.412658,-29.051854
,4179.44,4212.41,4092.79,4157.87,4157.87,23427885,45564248765,-0.983395,-0.978576,35.008894,41.76716,22.294165,-0.066303,60.442522,-2.92955,-16.191346,-29.857121
,4138.88,4138.88,3958.29,3965.28,3965.28,28180961,52376089129,-4.742645,-4.631939,36.181469,42.117046,24.286063,1.172575,59.024384,-2.766346,-10.129231,-28.594852
,3924.87,3996.96,3700.35,3763.95,3763.95,34523751,58459478155,-5.210753,-5.077321,36.842374,43.009681,26.385683,0.660906,56.916689,3.698601,-7.4416,-24.290473
,3837.6,3954.47,3776.3,3888.86,3888.86,37898477,68823708412,3.264712,3.318588,40.273457,43.476132,27.369554,3.431082,56.011773,0.653834,-13.828073,-31.336879
,3833.21,4044.69,3658.04,4001.83,4001.83,46212944,82432595360,2.86357,2.904964,42.727163,43.975578,27.200002,2.453707,55.161446,-6.528396,-20.119754,-29.105371
,3998.2,4083.16,3958.97,4037.83,4037.83,42615163,74985408749,0.895566,0.899588,42.030353,43.691286,27.929496,-0.69681,54.806813,-3.008526,-21.166695,-37.57488
,4086.07,4103.57,3857.09,3857.09,3857.09,35842438,63943570220,-4.579441,-4.476167,42.709989,44.304943,28.805445,0.679635,53.565016,-1.740716,-15.711845,-30.270982
,3780.46,3937.67,3747.02,3905.77,3905.77,32245863,58292419115,1.254193,1.262091,43.267027,44.301433,27.329163,0.557039,56.572871,-8.629637,-12.300014,-33.643486
,3926.86,4001.55,3888.02,3914.37,3914.37,28036763,52026059303,0.219945,0.220187,41.507233,44.02085,27.329163,-1.759794,65.860192,-9.827597,-3.638647,-31.666195
,3847.44,3873.61,3745.88,3748.92,3748.92,32000668,55151411007,-4.31866,-4.226734,43.234795,44.694559,25.049427,1.727562,64.071476,-2.654887,1.434084,-23.306074
,3712.98,3925.86,3661.38,3918.16,3918.16,42096777,72726088760,4.415436,4.514367,46.850916,45.747487,25.049427,3.61612,62.31233,-1.863531,-4.944183,-27.339353
,3802.21,3891.66,3780.12,3790.53,3790.53,29440841,51166599954,-3.31163,-3.257396,45.863415,45.823573,23.897973,-0.987501,61.441048,2.617576,-0.359169,-29.718131
,3776.27,3815.16,3566.21,3582.85,3582.85,35303462,58962080537,-5.634728,-5.478917,48.341548,46.979699,26.187283,2.478134,59.851254,2.895827,9.986321,-24.946486
,3621.39,3698.53,3493.18,3547.98,3547.98,42765884,70102758265,-0.978015,-0.973248,48.33467,46.873922,26.045735,-0.006879,59.951077,5.663529,13.37646,-27.373795
,3518.22,3665.65,3457.62,3650.7,3650.7,32989493,54233901216,2.85405,2.895169,49.81063,47.355256,26.045735,1.47596,59.686425,3.579137,9.409423,-30.181532
,3611.96,3854.07,3578.38,3845.82,3845.82,40484982,70525926871,5.206791,5.344728,54.816004,48.730235,25.114485,5.005374,59.768373,-8.389738,-0.639093,-33.153517
,3852.01,3935.33,3820.1,3891.06,3891.06,44067922,76485916343,1.169477,1.176342,53.85824,48.70576,26.260528,-0.957765,60.407051,-8.239745,0.869493,-35.004874
,3857.27,3911.7,3687.6,3688.12,3688.12,38997168,64555767429,-5.356477,-5.215545,56.248554,49.673312,26.391559,2.390315,57.18939,-5.406391,5.043992,-24.636867
,3641.66,3754.72,3608.32,3754.72,3754.72,28804396,47152258251,1.789687,1.805798,56.475166,49.723741,27.549799,0.226612,56.927439,-10.317839,3.922358,-25.76687
,3794.3,3825.29,3755.01,3783.73,3783.73,26328590,44418993019,0.769658,0.772628,56.228179,49.687869,28.389628,-0.246987,57.148606,-14.515608,1.780172,-22.706735
,3699.14,3710.79,3525.19,3536.33,3536.33,33427046,54637417005,-6.762083,-6.538522,60.442522,51.164262,26.048671,4.214343,51.999694,-7.9049,11.713149,-17.327241
,3513.07,3583.86,3417.25,3583.3,3583.3,30656886,48997126630,1.31947,1.328213,59.024384,51.272565,27.818441,-1.418137,52.115354,-8.34896,9.694775,-19.329326
,3573.66,3583.81,3483.19,3494.02,3494.02,26528120,42087715038,-2.523123,-2.491558,56.916689,51.394903,29.453956,-2.107695,50.999924,-1.159813,11.914253,-16.05165
,3493.24,3559.1,3340.88,3386.63,3386.63,29530618,46829953187,-3.121761,-3.073537,56.011773,51.337054,28.118128,-0.904916,49.306431,10.84326,14.474243,-17.147126
,3356.56,3390.55,3248.53,3272.5,3272.5,27888162,42184118932,-3.428111,-3.370017,55.161446,51.491501,26.702182,-0.850327,51.831977,15.025442,12.569866,-17.555459
,3516.43,3516.43,3223.89,3267.55,3267.55,41362307,64657686523,-0.151375,-0.151261,54.806813,51.3852,31.325401,-0.354632,51.942375,13.213986,14.649009,-18.41184
,3207.88,3301.55,3122.39,3296.28,3296.28,32537969,47706441787,0.875409,0.879252,53.565016,50.728541,32.61572,-1.241797,52.775707,13.61196,11.862538,-15.76689
,3267.36,3467.43,3245.3,3453.73,3453.73,44272553,67718617064,4.666025,4.776597,56.572871,49.668283,32.61572,3.007855,50.764469,13.656697,6.213914,-17.094097
,3739.32,3781.48,3659.73,3774.5,3774.5,96574896,149394569187,8.881312,9.28764,65.860192,52.286059,32.61572,9.28732,40.863924,7.18751,-5.87265,-26.192404
,3781.91,3915.84,3737.98,3803.07,3803.07,84814491,147098326810,0.754071,0.756921,64.071476,52.254073,34.300714,-1.788716,40.781186,5.320453,-6.150785,-27.686623
,3740.95,3791.77,3711.19,3729.15,3729.15,48831235,85070654687,-1.962831,-1.943693,62.31233,52.252786,33.217028,-1.759145,41.673472,2.441559,-1.429256,-22.514332
,3704.93,3797.53,3702.02,3776.94,3776.94,44540440,78895825483,1.273383,1.281525,61.441048,50.564126,35.231914,-0.871282,42.300065,3.846238,-5.330837,-25.077672
,3793.85,3970.57,3793.85,3959.12,3959.12,69909777,122637220696,4.710762,4.823481,59.851254,51.591467,34.675906,-1.589795,38.304922,-2.046501,-9.194565,-29.054539
,4015.21,4061.47,3972.56,4055.78,4055.78,62534073,111004387244,2.412125,2.441452,59.951077,51.863475,34.635693,0.099824,36.94611,-3.790573,-11.20598,-33.349279
,4021.07,4075.57,3961.34,4010.89,4010.89,58459280,106198405592,-1.112986,-1.106815,59.686425,51.776733,34.394738,-0.264653,36.8957,-4.050115,-10.416753,-32.970319
,3986.13,4042.41,3821.11,3821.32,3821.32,54457706,98465318595,-4.841725,-4.726382,59.768373,52.607595,33.537681,0.081948,33.648434,3.962504,-7.451629,-30.911751
,3774.04,3926,3761.28,3925.04,3925.04,44055668,77839103296,2.678063,2.714245,60.407051,50.129698,33.537681,0.638678,31.69961,0.585538,-11.1151,-32.329436
,3960.89,3973.06,3806.52,3878.92,3878.92,53655929,96377859470,-1.181978,-1.17502,57.18939,50.15489,32.542784,-3.217661,31.616194,1.46387,-10.57983,-33.557291
,3804.99,3952.79,3766.58,3904.92,3904.92,45382660,81691485405,0.668053,0.67029,56.927439,50.063196,32.542784,-0.261951,41.937932,0.234046,-19.703859,-36.784543
,3786.53,3923.17,3778.72,3851.69,3851.69,50338012,79847321451,-1.372528,-1.363152,57.148606,49.983188,31.492927,0.221167,42.102165,-3.725914,-20.419368,-34.7259
,3843.47,3975.79,3843.47,3975.78,3975.78,50606901,85230874948,3.170894,3.221703,51.999694,50.46762,22.863988,-5.148912,39.128516,-4.969039,-25.378924,-37.942732
,4006.66,4038.85,3948.06,3948.09,3948.09,50772975,81795877187,-0.698904,-0.696467,52.115354,50.23878,22.816503,0.11566,39.830426,-6.181198,-28.160396,-42.101049
,3948.03,3982.22,3882.9,3936.12,3936.12,39721752,66279363920,-0.303645,-0.303185,50.999924,49.95197,24.179003,-1.11543,39.665895,-6.860152,-28.763126,-47.133171
,3926.31,3936.28,3865.5,3914.07,3914.07,29709581,49755651499,-0.561771,-0.560196,49.306431,49.804271,23.723566,-1.693493,40.362908,-9.503633,-31.983048,-47.087625
,3911.1,3946.44,3698.55,3710.82,3710.82,39702629,64572032482,-5.332488,-5.192804,51.831977,50.827413,29.210529,2.525546,44.345862,-3.695209,-21.555483,-41.734273
,3668.18,3801.07,3591.57,3783.05,3783.05,43596162,69179112266,1.927769,1.94647,51.942375,50.620631,29.499818,0.110398,48.441532,-2.864279,-31.057195,-43.709503
,3732.64,3783.85,3704.16,3711.44,3711.44,40742717,66281212014,-1.911062,-1.892917,52.775707,50.171605,27.812856,0.833332,50.727564,-3.581415,-26.421674,-41.63079
,3697.89,3741.06,3629.01,3675.15,3675.15,33440431,52530762851,-0.982599,-0.977788,50.764469,50.186922,26.770783,-2.011238,50.787208,-1.751782,-27.557386,-46.287564
,3643.01,3643.01,3555.76,3559.22,3559.22,28180190,45524374429,-3.205253,-3.154429,40.863924,50.112797,26.278271,-9.900545,51.819073,1.854181,-22.154897,-41.577737
,3549.99,3594.66,3533.47,3576.2,3576.2,24762693,39856280158,0.475936,0.477071,40.781186,50.148009,26.278271,-0.082738,54.728279,1.054484,-18.589373,-34.49201
,3583.28,3698,3561.73,3676.23,3676.23,31034914,49994772624,2.758699,2.797103,41.673472,50.474194,27.560857,0.892286,53.233855,-3.580815,-20.965915,-40.825991
,3666.2,3677.02,3578.73,3580.87,3580.87,29422740,46589022223,-2.628198,-2.593962,42.300065,50.320706,26.458713,0.626592,55.500715,-1.938025,-24.028125,-39.808499
,3585.6,3620.23,3552.66,3611.33,3611.33,28590847,46886682679,0.847034,0.850631,38.304922,50.210739,26.458713,-3.995143,54.993222,-3.431767,-25.738241,-40.837825
,3600.23,3650.48,3580.58,3625.83,3625.83,28253358,41966896768,0.40071,0.401514,36.94611,50.228837,26.458713,-1.358812,55.103487,-12.288452,-29.544275,-44.155852
,3624.57,3641.43,3585.12,3614.11,3614.11,34735141,48796407585,-0.32376,-0.323236,36.8957,50.116282,27.30605,-0.05041,55.221762,-14.052729,-29.174202,-44.100087
,3601.06,3605.06,3513.64,3546.92,3546.92,29417653,42963714390,-1.876601,-1.859102,33.648434,50.168179,23.168009,-3.247266,56.717315,-13.964791,-25.062795,-41.769949
,3529.98,3542.24,3487.79,3512.14,3512.14,23989279,36565913535,-0.985408,-0.980569,31.69961,49.568351,22.402602,-1.948824,56.746544,-16.459758,-24.759266,-38.424622
,3519.12,3532.3,3470.56,3489.5,3489.5,20944229,30298595287,-0.646708,-0.644621,31.616194,49.555005,22.755305,-0.083415,60.928731,-16.719426,-19.101029,-41.287031
,3344.45,3352.32,3188.8,3206.56,3206.56,32949961,45818267251,-8.455975,-8.108325,41.937932,51.977636,36.379978,10.321738,54.272928,-12.045144,-9.985369,-33.865327
,3155.94,3181.82,3097.4,3140.3,3140.3,29409735,40596532584,-2.088037,-2.066389,42.102165,51.89917,36.232115,0.164233,56.012584,-4.862029,-4.067539,-33.518529
,3123.64,3148.74,3022.88,3084.63,3084.63,31454109,42817386727,-1.788662,-1.772761,39.128516,51.958458,34.944314,-2.973649,55.878539,-10.64731,-3.661466,-31.499052
,3087.34,3108.99,2975.66,2979.12,2979.12,25319837,33193994622,-3.480376,-3.420507,39.830426,51.581005,34.768579,0.701909,54.555753,-4.442476,-0.863705,-31.073092
,2981.08,3012.99,2900.07,2952.24,2952.24,26813794,33731835264,-0.906375,-0.90228,39.665895,50.639339,34.227734,-0.164531,54.525764,-5.654411,0.797223,-32.807736
,2950.4,2977.89,2820.64,2842.68,2842.68,26463778,32031255853,-3.781694,-3.71108,40.362908,50.517313,33.749443,0.697013,54.950896,0.324518,0.361679,-28.433872
,2820.24,3007.18,2759.11,2991.27,2991.27,42560095,52826656390,5.095078,5.22711,44.345862,51.356165,32.664099,3.982954,53.121426,-0.729099,-8.569842,-33.340734
,2967.4,2967.4,2768.23,2773.08,2773.08,36319039,45264911721,-7.573943,-7.294226,48.441532,53.280789,38.041891,4.09567,46.04955,7.227001,-2.003655,-29.138155
,2795.47,2946.94,2691.87,2849.67,2849.67,51675905,65259567858,2.724458,2.761911,50.727564,53.068348,39.310104,2.286031,46.777958,-1.187866,-1.207754,-31.586949
,2798.43,2845.48,2771.36,2789.94,2789.94,26631493,32382379598,-2.118311,-2.096032,50.787208,53.041045,38.600239,0.059644,47.59736,0.067362,4.249375,-33.254796
,2775.69,2865.9,2770.99,2851.92,2851.92,31792456,38885761934,2.197236,2.221553,51.819073,53.319407,40.140282,1.031865,47.030226,-5.535198,1.835143,-39.091814
,2844.92,2973.17,2834.95,2969.54,2969.54,42425261,51619342913,4.041461,4.124239,54.728279,53.532949,40.140282,2.909207,44.709635,-9.530344,-2.946465,-44.866593
,2964.52,3010.28,2922.79,2980.91,2980.91,42599312,52508562502,0.382156,0.382888,53.233855,52.617373,40.140282,-1.494424,46.253446,-7.677695,-0.119162,-36.317873
,2886.18,2899.84,2787.25,2816.02,2816.02,40886556,49324841031,-5.690408,-5.531532,55.500715,53.38903,42.052408,2.266859,41.470883,-2.669167,4.281289,-24.341406
,2782.84,2834.27,2747.61,2791.82,2791.82,25295406,31502446060,-0.863083,-0.859369,54.993222,52.311831,41.459167,-0.507493,41.307849,3.205446,5.878268,-27.363746
,2799.2,2809.38,2690.18,2698.35,2698.35,28851585,35242551782,-3.405324,-3.347995,55.103487,52.658631,40.00502,0.110265,39.826301,7.270454,7.400976,-23.237217
,2702.63,2745.94,2670.06,2699.6,2699.6,27916365,35126248114,0.046314,0.046325,55.221762,52.21729,39.776682,0.118275,40.006349,11.053933,6.620636,-19.400759
,2654.48,2807.68,2617.26,2760.61,2760.61,45660305,58808144277,2.234806,2.259964,56.717315,51.174046,40.977377,1.495553,40.796662,7.436539,1.602673,-20.734321
,2751.21,2783.85,2716.02,2741.85,2741.85,37905010,47363589936,-0.681879,-0.67956,56.746544,51.048454,41.344215,0.029229,40.897919,7.435803,3.544931,-25.312141
,2747.61,2890.99,2747.61,2882.76,2882.76,52732024,63284782084,5.011529,5.139231,60.928731,51.329215,41.280772,4.182187,37.615442,3.178826,-3.876431,-31.564484
,2900.57,2939.14,2841.07,2901.84,2901.84,54248078,67887147510,0.659685,0.661866,54.272928,51.17433,34.242582,-6.655804,38.374419,-1.698096,-7.095315,-36.082278
,2927,3015.27,2927,3015.13,3015.13,69356968,85846257404,3.829793,3.904075,56.012584,51.860276,35.781284,1.739656,35.329407,-9.364332,-10.238994,-41.284853
,2970.98,3056.91,2950.2,2973.73,2973.73,61649554,77643542657,-1.382589,-1.373075,55.878539,50.176493,36.230666,-0.134045,35.21092,-8.989499,-8.902343,-44.430671
,2962.86,2988.2,2913.87,2953.5,2953.5,44287101,55085357605,-0.682615,-0.68029,54.555753,50.070053,37.852779,-1.322786,38.544689,-4.786525,-13.076948,-39.712517
,2927.24,2996.59,2917.02,2975.87,2975.87,34575043,43920558758,0.754553,0.757406,54.525764,49.904973,38.707283,-0.029989,41.539377,-2.202259,-19.167267,-43.062551
,2987.06,2997.67,2849.2,2852.98,2852.98,47292759,57118257308,-4.217237,-4.129549,54.950896,50.222071,39.083434,0.425132,39.726198,1.797982,-15.466256,-39.89807
,2818.76,2824.88,2702.66,2745.6,2745.6,39403115,45361333542,-3.836443,-3.763784,53.121426,50.338032,37.11158,-1.82947,38.108056,4.894278,-11.608949,-41.066875
,2790.26,2812.99,2705.81,2718.07,2718.07,32687335,38054364882,-1.007756,-1.002695,46.04955,50.358362,28.25789,-7.071876,38.117691,9.111493,-10.648654,-39.382627
,2746.54,2818.06,2690.07,2815.46,2815.46,40203402,47213298888,3.520359,3.583057,46.777958,50.912271,28.25789,0.728408,35.130551,4.301178,-14.001362,-39.499431
,2792.83,2915.29,2780.28,2911.05,2911.05,45119577,54938055539,3.338818,3.395182,47.59736,50.43389,29.929344,0.819403,35.887616,1.696255,-22.979554,-43.649235
,2905.28,2931.45,2890.25,2904.74,2904.74,38814976,47781613233,-0.216996,-0.21676,47.030226,46.678061,30.304806,-0.567134,36.984127,0.030635,-21.257983,-46.021535
,2923.05,2941.97,2879.19,2883.32,2883.32,38821233,46949545125,-0.740148,-0.737415,44.709635,46.615678,29.584819,-2.320591,48.034297,0.036756,-12.956172,-45.201782
,2905.04,2979.75,2902.98,2977.36,2977.36,48538665,60255656982,3.209459,3.261518,46.253446,47.106747,29.584819,1.543811,46.830516,-5.95586,-19.740914,-51.352516
,2939.32,2967.72,2916.68,2939.2,2939.2,40571081,47706187738,-1.289957,-1.281672,41.470883,47.016409,22.693845,-4.782563,46.871855,-3.405525,-20.061664,-57.453584
,2959.11,2997.6,2946.49,2960.85,2960.85,39308640,47089423706,0.733895,0.736595,41.307849,45.855592,23.502912,-0.163034,46.533142,-6.549253,-20.977851,-55.143046
,2921.25,2921.25,2881.05,2905.63,2905.63,36036275,42192023708,-1.882616,-1.865005,39.826301,45.540571,21.664056,-1.481548,46.92234,-7.225837,-22.012553,-56.09055
,2940.02,2949.94,2866.03,2884.38,2884.38,29810800,34223911942,-0.734026,-0.731339,40.006349,45.527389,20.960291,0.180048,46.999728,-5.805696,-21.546521,-53.005914
,2894.25,2899.07,2804.7,2805.21,2805.21,27940966,31179208420,-2.783157,-2.744784,40.796662,44.889448,20.81182,0.790314,46.845661,-3.068477,-18.309827,-52.245841
,2786.12,2868.68,2748.75,2840.79,2840.79,34031491,39748408655,1.260378,1.268354,40.897919,44.551456,21.264637,0.101257,47.678216,-9.186076,-17.210286,-54.116374
,2816.94,2832.9,2767.53,2773.15,2773.15,22782324,27440272999,-2.409832,-2.381028,37.615442,44.697988,20.529487,-3.282477,48.307521,-12.11201,-18.309571,-53.277902
,2780.76,2792.74,2695.37,2703.08,2703.08,30469235,34770819668,-2.559199,-2.52673,38.374419,44.808682,19.963878,0.758977,47.921049,-10.069036,-16.784642,-46.882345
,2723.52,2749.1,2679.66,2721.69,2721.69,27404022,31744599201,0.686115,0.688474,35.329407,44.858245,19.963878,-3.045012,47.670238,-10.734287,-19.211996,-50.061107
,2717.66,2747.88,2683.41,2720.44,2720.44,23370439,26661008775,-0.045938,-0.045927,35.21092,44.189201,21.403323,-0.118487,47.750721,-10.73581,-18.935244,-48.329234
,2719.38,2719.38,2581.81,2591.46,2591.46,30894581,33617694686,-4.857221,-4.741145,38.544689,45.029694,24.767252,3.333769,46.196079,-5.710939,-17.132439,-36.350741
,2579.8,2580.72,2442.79,2456.81,2456.81,32120206,32454532457,-5.335766,-5.195913,41.539377,46.009961,27.589785,2.994687,43.650862,-6.014546,-14.437692,-32.148664
,2431.38,2474.32,2413.6,2444.16,2444.16,24191944,24459629832,-0.516225,-0.514895,39.726198,46.011002,27.013844,-1.813179,43.896744,-3.993745,-13.329295,-30.490424
,2427.5,2466.09,2369.58,2444.67,2444.67,27551711,27480615871,0.020864,0.020866,38.108056,45.048973,26.749974,-1.618142,43.9355,3.547054,-13.161944,-26.579227
,2429.98,2461.24,2410.49,2443.51,2443.51,20157236,21156177499,-0.047461,-0.04745,38.117691,44.738489,27.720513,0.009635,44.896513,0.019233,-16.485847,-22.886788
,2440.39,2479.15,2412.95,2447.61,2447.61,20422261,21296936036,0.167651,0.167791,35.130551,44.706618,27.720513,-2.98714,44.929789,-1.759124,-16.377833,-20.837536
,2451.31,2452.63,2312.95,2313.4,2313.4,23623106,22662870912,-5.639373,-5.483308,35.887616,45.839367,31.216249,0.757065,42.719896,3.697957,-14.524618,-22.905056
,2285.51,2356.19,2273.89,2348.47,2348.47,19477106,18407578069,1.504575,1.515951,36.984127,45.787497,31.265617,1.096511,43.058372,-0.723935,-19.668974,-18.431548
,2332.39,2533.3,2312.18,2532.94,2532.94,45043415,44564422655,7.561663,7.854901,48.034297,48.765958,31.814506,11.050169,28.908909,-8.553592,-28.963955,-27.060241
,2494.26,2535.86,2438.86,2443.98,2443.98,37518040,39651327296,-3.575283,-3.512124,46.830516,48.644114,30.940467,-1.203781,45.834175,-4.524773,-16.457796,-24.092254
,2421.25,2437.43,2362.63,2404.93,2404.93,26298241,26183849138,-1.610706,-1.597804,46.871855,48.514621,30.722297,0.041339,52.167693,-0.554147,-8.561031,-26.903866
,2408.03,2439.91,2373.76,2400.55,2400.55,18643190,18965202140,-0.182292,-0.182126,46.533142,48.423513,31.060331,-0.338713,53.573437,-3.880973,-12.264163,-26.904039
,2370.53,2390.66,2306.94,2331.53,2331.53,23741937,22262896076,-2.917317,-2.875174,46.92234,48.58422,31.101958,0.389198,53.052218,-1.997927,-8.62564,-23.486419
,2322.54,2367.72,2291.35,2325.29,2325.29,23862584,23579970667,-0.267994,-0.267635,46.999728,48.586375,31.636103,0.077389,55.223185,-3.471172,-4.474874,-21.765503
,2325.26,2363.56,2316.68,2335.86,2335.86,20400291,21711091860,0.453537,0.454567,46.845661,48.587205,32.860123,-0.154068,55.318796,-3.693893,-4.027167,-24.410788
,2347.4,2418.05,2339.52,2391.64,2391.64,28877845,29000899630,2.359919,2.387986,47.678216,48.984221,32.860123,0.832556,57.219061,-9.108229,-11.646786,-24.914732
,2372.64,2372.64,2297.02,2309.17,2309.17,21152803,21384882095,-3.509117,-3.448261,48.307521,49.335789,33.287446,0.629304,56.238305,-8.240131,-9.378482,-21.168261
,2292.69,2309.21,2268,2285.41,2285.41,18440498,18645029580,-1.034271,-1.028941,47.921049,46.614258,33.797402,-0.386471,57.49407,-6.613689,-12.20232,-15.734777
,2279.6,2296.03,2219.56,2245.96,2245.96,23749474,24066625119,-1.741239,-1.726167,47.670238,46.571241,32.549546,-0.250811,57.412745,-4.684234,-11.833863,-12.45575
,2238.65,2270.41,2216.11,2251.15,2251.15,18984780,18548580309,0.230815,0.231082,47.750721,46.527305,32.24064,0.080483,58.972692,-8.286413,-16.593085,-11.172564
,2193.04,2221.09,2172.94,2183.43,2183.43,21654480,19709566302,-3.054416,-3.00824,46.196079,46.419806,30.275488,-1.554643,60.767891,-4.956333,-9.50313,-4.132439
,2189.82,2198.76,2119.12,2126.52,2126.52,22186554,20114131884,-2.641019,-2.606449,43.650862,46.617516,26.640278,-2.545217,60.746575,-6.101471,-9.457592,-4.112045
,2135.22,2150.99,2111.4,2139.15,2139.15,17624298,15480632761,0.592171,0.593928,43.896744,46.180901,26.745657,0.245882,60.644596,-10.333425,-11.102519,-2.019174
,2124.97,2181.25,2099.23,2143.18,2143.18,22057844,20307095402,0.188215,0.188393,43.9355,44.725492,26.745657,0.038757,62.571637,-12.254958,-16.295982,-4.623788
,2135.45,2142,2067.25,2072.13,2072.13,22176781,20678010831,-3.371364,-3.315167,44.896513,42.691838,24.935959,0.961012,62.025414,0.047283,-12.248126,-5.543873
,2071.06,2102.98,2066.44,2077.85,2077.85,19197020,17652324498,0.275664,0.276044,44.929789,42.197492,24.935959,0.033277,63.593326,6.057678,-9.120235,-5.075012
,2050.32,2050.32,1987.3,2000.65,2000.65,33563261,28769300455,-3.786158,-3.715379,42.719896,42.602715,20.594503,-2.209893,62.392512,5.958412,-6.145063,-0.31038
,1981.25,2003.91,1923.55,1929.14,1929.14,32862242,26988614854,-3.639782,-3.574338,43.058372,42.671938,20.571612,0.338476,61.756516,10.319399,-5.094578,3.678262
,1876.96,1936.73,1804.77,1895.99,1895.99,47820263,36844924114,-1.733318,-1.718382,28.908909,41.58665,19.972031,-14.149463,61.51564,15.935489,-3.281655,7.570556
,2065.78,2073.11,2046.22,2073.11,2073.11,36525404,32104719707,8.930877,9.341821,45.834175,46.031542,19.970391,16.925266,51.921995,7.905857,-15.153806,-1.018136
,2228.37,2258.42,2130.31,2207.61,2207.61,101993873,98415575949,6.286059,6.487837,52.167693,46.915759,20.599459,6.333518,49.973911,-3.639902,-28.830889,-9.002658
,2141.6,2180.37,2118.92,2123.48,2123.48,78365617,69516678145,-3.885423,-3.810909,53.573437,47.44747,18.683325,1.405744,51.509592,-0.995292,-21.901032,-10.127809
,2072.65,2139.22,2050.97,2138.85,2138.85,45328180,40183637783,0.721205,0.723812,53.052218,47.104337,19.537962,-0.521219,51.391149,-5.574606,-25.452356,-12.524294
,2143.73,2256.27,2139.62,2223.53,2223.53,74237912,71758274921,3.882772,3.959137,55.223185,47.904552,15.994072,2.170968,49.609479,-10.830161,-26.984519,-17.274591
,2234.46,2257.16,2192.13,2243.66,2243.66,59429943,59518096758,0.901244,0.905317,55.318796,47.677808,15.994072,0.09561,48.931371,-16.259811,-29.908847,-18.640358
,2206.56,2206.56,2128.27,2128.7,2128.7,45575264,41827343311,-5.2597,-5.123771,57.219061,48.727219,19.089367,1.900265,46.929772,-6.964573,-25.259302,-13.775616
,2043.92,2136.12,2024.65,2102.45,2102.45,43065325,41512000958,-1.240813,-1.233147,56.238305,47.416563,20.757844,-0.980755,46.942368,-8.319241,-25.589849,-13.690935
,2041.99,2073.07,2000.52,2022.88,2022.88,36874700,34689894735,-3.858109,-3.784632,57.49407,47.836103,18.832531,1.255764,49.226577,-5.513888,-17.895383,-10.693927
,2059.58,2063.3,1993.01,1995.3,1995.3,33582311,31760285142,-1.372782,-1.363403,57.412745,46.957874,19.575363,-0.081325,49.530367,-9.146353,-19.015247,-5.794941
,1913.27,1938.21,1881.67,1906.96,1906.96,39151593,32924106745,-4.528406,-4.427404,58.972692,47.594844,19.81464,1.559947,48.477757,-3.941455,-12.800906,1.861988
,1889.75,1985.63,1841.53,1985.49,1985.49,43538120,37606423760,4.035538,4.118073,60.767891,48.591139,20.768203,1.795199,53.411405,-4.573438,-9.715172,-2.773452
,2054.41,2060.49,1934.46,1934.62,1934.62,54331946,48975116647,-2.595481,-2.562088,60.746575,48.659017,20.800796,-0.021316,52.89514,-2.788943,-8.253381,-2.439815
,1911.03,1930.63,1892.02,1914.36,1914.36,31892398,26555892254,-1.052756,-1.047234,60.644596,48.116095,22.152849,-0.101979,53.116146,-4.325483,-6.05861,0.208729
,1833.48,1866.9,1818.93,1820.9,1820.9,40529648,32493846831,-5.005248,-4.882049,62.571637,48.503211,22.928441,1.927041,52.086078,0.75937,2.878699,5.335361
,1837.91,1851.33,1805.67,1833.26,1833.26,28715420,23017436110,0.676492,0.678785,62.025414,48.578019,23.928829,-0.546222,53.534331,-2.858397,5.847185,2.314732
,1828.41,1899.35,1802.09,1896.73,1896.73,33277152,28435447591,3.403555,3.462138,63.593326,48.535696,23.928829,1.567912,52.780058,-13.652976,4.660533,3.03816
,1901.24,1928.19,1880.52,1881.41,1881.41,38908395,33588996418,-0.810986,-0.807706,62.392512,47.815751,25.952822,-1.200814,59.798689,-9.797556,-2.235375,3.83022
,1854.6,1887.31,1832.45,1833.32,1833.32,32968572,26562835681,-2.589296,-2.556062,61.756516,47.954538,25.726434,-0.635996,62.750917,-10.038379,6.332004,8.211163
,1794.68,1836.41,1779.13,1834.78,1834.78,35758654,29078802729,0.079605,0.079637,61.51564,47.985918,26.364932,-0.240876,62.940068,-7.767375,5.18537,9.243327
,1831.46,1840.88,1769.11,1781.6,1781.6,32980668,27101012205,-2.941275,-2.89844,51.921995,47.469218,25.13806,-9.593645,61.902654,-6.849184,7.519349,12.815169
,1746.67,1746.67,1652.79,1654.67,1654.67,36441847,27867517905,-7.391024,-7.124495,49.973911,49.318218,31.069509,-1.948085,57.717792,-0.068315,10.488055,20.034209
,1614.62,1716.31,1607.67,1705.82,1705.82,46792804,36435875520,3.044434,3.091251,51.509592,49.880796,32.306662,1.535681,56.981021,-4.68411,7.261155,18.113178
,1723.23,1731.26,1657.65,1658.22,1658.22,38869488,31224265101,-2.83012,-2.790447,51.391149,49.996634,30.978988,-0.118442,55.717994,1.982367,10.591578,20.361038
,1669.97,1723.93,1646.34,1697.66,1697.66,41284292,32165805381,2.350609,2.378454,49.609479,50.447179,30.978988,-1.78167,55.41918,-2.860889,9.69389,19.202695
,1688.09,1696.65,1655.09,1663.66,1663.66,28314534,21281902723,-2.023084,-2.002757,48.931371,50.348879,30.172913,-0.678108,55.523543,0.84813,9.525226,23.715123
,1648.56,1684.56,1643.42,1653.54,1653.54,25381097,19514009916,-0.610155,-0.608297,46.929772,50.156275,30.191113,-2.0016,55.573591,8.579557,11.991356,27.015298
,1646.2,1648.45,1606.73,1627.76,1627.76,26100165,18984761503,-1.571361,-1.559079,46.942368,50.077983,29.896651,0.012597,55.004421,9.017228,13.800071,27.871407
,1641.26,1714.66,1641.26,1691.42,1691.42,42418210,31500415037,3.836358,3.910896,49.226577,50.875266,30.706769,2.284209,55.465797,6.322885,14.362925,27.969243
,1648.13,1661.44,1638.34,1649.78,1649.78,30784179,21547045143,-2.492647,-2.461837,49.530367,50.90072,30.066393,0.30379,54.202029,12.747593,18.39336,33.08183
,1618.75,1690.1,1612.74,1677.83,1677.83,31521590,23620464927,1.685935,1.700227,48.477757,51.138485,30.204354,-1.052611,54.173219,14.706636,18.221427,32.697115
,1714.12,1803.12,1714.12,1801.67,1801.67,63948859,47322292085,7.121272,7.380962,53.411405,52.945123,30.204354,4.933649,50.41909,9.802266,15.085863,25.764341
,1795.3,1824.93,1778.33,1781.36,1781.36,66072851,49194274324,-1.13369,-1.127287,52.89514,52.034253,31.007437,-0.516265,51.423833,3.229062,13.598927,26.347429
,1758.48,1806.23,1754.29,1801.82,1801.82,44087960,34453792525,1.142015,1.148561,53.116146,52.14777,31.575202,0.221006,51.897238,8.065131,15.141955,28.627973
,1777.03,1891.94,1765.64,1874.08,1874.08,83234552,64988756213,3.932061,4.010389,52.086078,52.92745,30.662416,-1.030068,51.637899,3.066041,8.793496,27.295769
,1893.31,1943.65,1874.93,1943.65,1943.65,91168717,73429585039,3.644978,3.712221,53.534331,53.582216,30.662416,1.448254,52.77607,-1.186233,0.857068,20.475306
,1934.74,1987.22,1919.97,1987.22,1987.22,87836626,70919184237,2.216903,2.241659,52.780058,53.835896,30.662416,-0.754273,52.227557,-7.825454,-0.615309,13.561254
,1974.38,1994.82,1831.76,1839.82,1839.82,97278353,76165748641,-7.706894,-7.417397,59.798689,54.860947,38.854871,7.01863,43.700081,-0.301026,8.070058,22.254984
,1831.6,1959.52,1823.27,1953.16,1953.16,82117408,64838117216,5.978083,6.160385,62.750917,56.265974,41.087961,2.952229,38.425997,-5.778806,2.440835,18.254681
,1916.7,1976.95,1900.27,1932.43,1932.43,83187038,66919038879,-1.06703,-1.061357,62.940068,53.838263,40.175877,0.189151,38.806355,-3.258854,5.666841,22.104762
,1872.27,1968.89,1835.09,1920.73,1920.73,83049329,66124274844,-0.607296,-0.605455,61.902654,53.444777,41.904783,-1.037414,38.663425,-4.843307,6.616321,18.100783
,1913.99,1923.93,1835.86,1837.64,1837.64,50561517,39794620401,-4.422318,-4.325959,57.717792,54.023953,34.71939,-4.184862,35.283318,1.434987,9.340176,22.62731
,1870.06,1883.1,1801.56,1834.29,1834.29,42814590,34629652337,-0.182465,-0.182299,56.981021,54.02395,34.674441,-0.736771,40.271652,1.854806,4.512068,17.733081
,1832.11,1865.65,1815.02,1843.49,1843.49,45565635,34732301415,0.500303,0.501556,55.717994,53.810451,36.403367,-1.263027,40.81165,5.753715,2.336485,14.937426
,1961.89,1969.02,1870.05,1870.47,1870.47,88008322,71753358088,1.452922,1.463528,55.41918,53.942728,36.403367,-0.298814,40.634892,5.838581,0.016037,14.607819
,1851.1,1866.26,1815.45,1829.92,1829.92,51590660,40648514423,-2.191749,-2.167904,55.523543,54.044072,36.392635,0.104364,39.853835,9.544331,1.743263,15.753775
,1823.77,1864.3,1799.84,1864.2,1864.2,48386333,38237160240,1.855976,1.873306,55.573591,53.943654,37.438894,0.050048,39.326259,11.674064,-0.50767,20.359966
,1821.54,1891.13,1814.9,1868.63,1868.63,61350235,48151924129,0.237354,0.237635,55.004421,53.571015,39.695716,-0.56917,39.51341,8.816085,-1.901156,20.984043
,1884.6,1952.67,1884.6,1952.67,1952.67,85019144,67393273254,4.399212,4.497413,55.465797,54.426272,39.695716,0.461376,35.816855,7.101915,-7.16147,15.785958
,1980.44,2046.47,1978.14,1982.93,1982.93,119183441,98580218133,1.537788,1.549673,54.202029,54.460536,42.876109,-1.263768,37.850532,3.147728,-5.173054,10.503115
,1969.74,2014.2,1965.09,2013.18,2013.18,74366326,59950691704,1.514001,1.52552,54.173219,54.568041,42.876109,-0.02881,39.260985,-2.657723,-3.558533,10.710846
,2040.47,2095.47,2033.98,2095.04,2095.04,107607131,89176050245,3.985708,4.066204,50.41909,54.893944,42.876109,-3.754129,36.054315,-5.898906,-8.144143,5.810571
,2104.12,2107.6,2038.07,2040.85,2040.85,92509814,77546690089,-2.620626,-2.586585,51.423833,54.889878,41.840945,1.004743,35.783657,-2.299806,-7.785362,8.220199
,2028.51,2096.39,2014.28,2096.39,2096.39,83271062,70751388012,2.685043,2.721415,51.897238,55.164367,41.840945,0.473404,34.736016,-4.635989,-8.874616,5.070115
,2087.43,2107.29,2043.62,2046.34,2046.34,73556236,63777696206,-2.416399,-2.387437,51.637899,55.377466,38.766616,-0.259339,33.984452,-0.060614,-6.336834,9.114153
,2027.07,2038.19,1936.28,1960.38,1960.38,67387266,54866552688,-4.29145,-4.20067,52.77607,55.642713,37.286279,1.138171,31.581862,4.57302,-4.389521,16.94628
,1991.55,2006.22,1941.05,1975.03,1975.03,50451096,40756443942,0.744526,0.747304,52.227557,55.664253,37.286279,-0.548513,35.043758,2.130032,-1.007064,16.642137
,1956.99,1994.96,1919.87,1994.45,1994.45,47924878,38552247941,0.978473,0.983276,43.700081,55.165183,25.044156,-8.527476,34.833598,-3.859016,-2.004463,17.780722
,2002.03,2030.39,1995.65,2001.42,2001.42,58685150,49120177368,0.348861,0.34947,38.425997,54.645917,25.044156,-5.274084,35.451309,-5.883157,-0.561677,17.317633
,2001.05,2045.94,1982.43,2045.1,2045.1,58429224,48455152683,2.158976,2.18245,38.806355,54.682135,25.833911,0.380358,34.783038,-8.909658,-1.608883,17.630542
,2037.37,2075.38,2033.11,2052.11,2052.11,63311227,53410396118,0.342184,0.342771,38.663425,51.516696,24.777646,-0.14293,34.84452,-9.716365,-1.320501,17.794576
,2050.77,2055.37,1993.33,2017.55,2017.55,52949464,43843460414,-1.698463,-1.68412,35.283318,49.91815,21.194968,-3.380108,34.313261,-8.41286,0.205978,17.413885
,2019.23,2019.23,1918.43,1918.95,1918.95,63590464,50825766644,-5.010574,-4.887116,40.271652,50.329328,20.738301,4.988334,28.888198,-4.558418,6.339955,25.639572
,1893.22,1912.78,1872.65,1887.07,1887.07,44201831,34210526666,-1.67528,-1.661325,40.81165,50.387921,20.622086,0.539999,28.13925,-3.744239,7.432976,28.083728
,1891.53,1902.71,1848.71,1870.77,1870.77,39916834,30805996716,-0.867525,-0.863773,40.634892,49.675833,22.079612,-0.176758,27.884926,0.64949,9.492767,28.37173
,1868.34,1881.08,1850.5,1862.1,1862.1,34560888,28536313731,-0.464523,-0.463446,39.853835,49.615007,25.13602,-0.781057,28.529286,4.242535,12.446634,29.7697
,1852.41,1861.3,1816.06,1854.76,1854.76,35986873,29329563341,-0.394958,-0.394179,39.326259,48.532268,25.753453,-0.527576,29.164833,4.037591,15.531611,31.763977
,1852.95,1867.41,1824.53,1833.44,1833.44,37584627,29628506787,-1.156132,-1.149475,39.51341,48.525041,24.798006,0.187151,28.817246,2.931879,15.972492,34.019909
,1835.1,1844.42,1813.73,1817.72,1817.72,35631355,27291914244,-0.861102,-0.857405,35.816855,47.952815,24.214731,-3.696555,30.150442,5.388769,20.767787,34.651746
,1848.33,1882.96,1837.84,1882.96,1882.96,48187020,39217076790,3.526204,3.589112,37.850532,48.479708,24.214731,2.033678,29.318784,1.983949,19.861524,31.376152
,1880.67,1948.49,1873.01,1942.8,1942.8,70974097,59262170581,3.128522,3.177975,39.260985,48.027531,24.214731,1.410453,28.251627,-3.488711,18.034221,24.38662
,1942.67,1959.25,1930.87,1931.18,1931.18,59702167,50143418262,-0.599902,-0.598106,36.054315,47.310902,23.903194,-3.20667,27.831323,1.238173,18.82262,26.520266
,1894.66,1902.8,1873.65,1887.99,1887.99,53446490,47210802398,-2.261844,-2.236456,35.783657,47.239003,23.689699,-0.270658,25.808664,3.481092,20.533864,31.827796
,1886.49,1923.42,1886.49,1918.36,1918.36,47407216,41511211439,1.595788,1.608589,34.736016,47.308425,23.689699,-1.047641,27.124,3.676951,22.360634,32.554634
,1911.74,1947.08,1905.62,1920.69,1920.69,54234156,46981492708,0.121384,0.121458,33.984452,46.142419,24.64046,-0.751564,27.342031,4.667336,24.839107,33.196371
,1892.66,1908.2,1874.97,1876.19,1876.19,49818137,40201464676,-2.344137,-2.316876,31.581862,46.392706,21.09213,-2.40259,28.902902,7.64204,24.007759,35.917848
,1873.63,1955.24,1873.63,1955.24,1955.24,59283231,52658994886,4.126982,4.213326,35.043758,46.639855,21.09213,3.461896,33.636998,3.343074,15.183627,31.795332
,1935.39,1977.19,1930.3,1954.87,1954.87,78943648,67144772684,-0.018925,-0.018924,34.833598,46.605592,21.338682,-0.21016,33.517667,4.485402,16.189388,30.449629
,1965.44,2026.65,1965.44,1990.21,1990.21,96538633,84717648664,1.791647,1.807793,35.451309,46.404746,21.338682,0.617712,33.596428,2.111496,16.375522,30.784833
,2010.58,2052.19,1993.95,2012.46,2012.46,81948177,69785530299,1.111769,1.117972,34.783038,46.447499,21.338682,-0.668272,34.306025,2.191992,18.046804,28.4756
,2006.53,2025.19,1986.06,2025.19,2025.19,53259262,45640127686,0.630567,0.632559,34.84452,46.005536,21.338682,0.061482,39.508247,4.05077,12.804962,24.068297
,1993.67,2047.1,1988.24,2021.71,2021.71,64117428,59914192082,-0.171984,-0.171836,34.313261,43.202214,22.05953,-0.531259,39.445051,6.912773,13.081156,24.908776
,2034.29,2048.48,2012.74,2044.55,2044.55,58861947,53439127032,1.123403,1.129737,28.888198,42.865494,12.673904,-5.425063,44.306659,5.074119,6.881058,22.985206
,2039.52,2054.33,2025.19,2032.68,2032.68,57504109,49887828217,-0.58226,-0.580568,28.13925,42.409099,12.242439,-0.748948,45.190161,9.590572,5.167966,21.223753
,2052.44,2059.34,2029.72,2057.06,2057.06,51453906,46126546742,1.192266,1.199402,27.884926,42.240569,12.904342,-0.254324,45.171921,11.018247,5.099015,20.239762
,2056.79,2108.94,2049.89,2108.91,2108.91,87640302,75554097848,2.489345,2.520588,28.529286,42.183716,13.458539,0.644359,44.591913,9.830122,1.563877,21.140347
,2118.56,2166.41,2117.02,2166.41,2166.41,100888428,87192159423,2.690019,2.726527,29.164833,42.389444,13.975401,0.635547,49.285573,7.3286,5.336025,19.122059
,2164.55,2211.18,2135.67,2150.97,2150.97,115100122,101712444216,-0.715252,-0.7127,28.817246,42.251139,14.016553,-0.347587,49.186557,7.493251,6.912707,23.261519
,2158.08,2240.02,2158.08,2237.28,2237.28,106664904,95640063068,3.934194,4.012608,30.150442,42.284949,15.128598,1.333197,47.445074,6.981615,2.179641,19.794493
,2271.59,2307.91,2257.49,2296.67,2296.67,129523670,119886790885,2.619941,2.654563,29.318784,42.054456,15.128598,-0.831658,48.348227,6.961532,-4.185355,18.557315
,2288.07,2327.1,2263.53,2326.75,2326.75,116294548,107891600946,1.30122,1.309722,28.251627,42.0175,15.128598,-1.067157,48.545114,2.484827,-3.764842,17.332017
,2287.23,2381.19,2275.57,2331.14,2331.14,147576637,144588094957,0.188497,0.188675,27.831323,39.722428,16.345623,-0.420304,48.589461,-2.40082,-4.867907,17.940457
,2335.4,2344.66,2248.48,2318.34,2318.34,119826218,116050219818,-0.550601,-0.549088,25.808664,39.64232,13.237237,-2.022658,48.575934,-0.863383,-4.528303,16.173444
,2321.56,2402.44,2307.09,2399.06,2399.06,140409910,134471079614,3.422558,3.481802,27.124,40.088034,13.237237,1.315336,46.623546,-2.308161,-8.415903,15.044834
,2421.19,2462.39,2397.18,2462.25,2462.25,152346669,147380378887,2.599857,2.633948,27.342031,39.688623,13.237237,0.218031,45.91039,-2.124967,-9.388121,13.353139
,2460.57,2470.62,2384.79,2385.29,2385.29,141014991,137971308088,-3.175486,-3.125597,28.902902,39.808338,18.424788,1.560871,46.840244,-3.560756,-2.671958,15.765235
,2331.66,2369.05,2272.5,2275.84,2275.84,115422062,112455677669,-4.69715,-4.588541,33.636998,40.923109,28.468245,4.734096,43.642364,1.240603,2.465575,20.588353
,2295.65,2324.68,2259.59,2298.41,2298.41,90853928,88398854014,0.986836,0.991722,33.517667,37.456671,29.287717,-0.119331,44.120757,-4.822928,3.595796,20.116973
,2300.81,2344.77,2276.3,2344.32,2344.32,86632069,85247213566,1.97778,1.997468,33.596428,35.75757,29.287717,0.078761,43.612024,-9.096061,1.503788,19.183684
,2333.81,2419.53,2307.92,2410.48,2410.48,109465403,109379770711,2.783052,2.82214,34.306025,35.996685,29.287717,0.709597,43.369087,-10.755797,1.192621,15.437586
,2376.7,2411.91,2294.52,2301.85,2301.85,127017555,127131165758,-4.611275,-4.506571,39.508247,37.369343,32.105395,5.202222,39.708796,-7.190315,6.310114,17.78914
,2325.04,2337.42,2226.44,2304.25,2304.25,107877528,108878060725,0.10421,0.104264,39.445051,36.053561,32.009933,-0.063196,40.609004,-0.832358,4.126751,17.345082
,2295.43,2332.35,2167.15,2190.19,2190.19,102200385,101795386404,-5.076695,-4.949984,44.306659,37.73406,33.376343,4.861609,36.788364,5.105767,12.418558,22.860122
,2164.54,2186.82,2117.06,2140.49,2140.49,87076415,80337456328,-2.295352,-2.26921,45.190161,38.102433,30.073724,0.883502,35.137562,6.602248,15.482787,23.950887
,2123.37,2177.29,2112.34,2164.67,2164.67,62746181,60877953675,1.123315,1.129648,45.171921,38.063917,30.073724,-0.018239,35.43179,1.733877,13.779948,24.285768
,2109.84,2168.22,2100.64,2142.15,2142.15,66167314,64109642424,-1.045793,-1.040343,44.591913,37.822461,29.961188,-0.580008,34.838068,4.501402,15.759189,28.843104
,2150.24,2290.94,2150.24,2285.15,2285.15,110750033,105872088843,6.462167,6.675536,49.285573,39.778728,29.961188,4.69366,27.923311,-2.875332,10.896341,22.617159
,2314.08,2340.37,2259.8,2304.92,2304.92,131987347,128866644423,0.86143,0.865151,49.186557,39.792454,29.059283,-0.099016,27.971936,-3.947759,11.134711,24.315611
,2260.76,2313.2,2255.82,2286.58,2286.58,85965450,85495320495,-0.798872,-0.795689,47.445074,38.950106,29.757628,-1.741483,27.67733,-3.613928,11.704318,25.60183
,2302.01,2333.98,2198.54,2202.53,2202.53,86555948,83758904259,-3.745055,-3.675795,48.348227,39.708966,28.298912,0.903153,22.543985,1.758766,15.699983,28.856816
,2175.31,2241.24,2168.32,2240.78,2240.78,56660449,55058099404,1.721732,1.736639,48.545114,39.741153,28.298912,0.196887,27.608245,3.577711,10.117241,27.446576
,2288.05,2292.4,2212.88,2220.38,2220.38,70838676,70589122656,-0.914567,-0.910397,48.589461,38.997993,28.461107,0.044346,27.303721,4.932661,12.565552,28.770009
,2208.04,2220.3,2156.6,2215.7,2215.7,55700111,53843902595,-0.210997,-0.210775,48.575934,38.591369,29.217259,-0.013526,28.401154,7.260716,15.822235,29.956787
,2229.25,2250.24,2200.97,2205.42,2205.42,54083094,54636247867,-0.465041,-0.463962,46.623546,38.241401,29.637253,-1.952389,28.489526,7.611529,18.609903,29.482183
,2197.25,2247.11,2180.05,2241.61,2241.61,48773854,48128301349,1.627639,1.640957,45.91039,38.009174,29.637253,-0.713155,28.373984,8.455775,17.745384,25.9683
,2244.11,2329.3,2239.67,2322.4,2322.4,92980528,94028682141,3.540678,3.604106,46.840244,37.484028,30.985493,0.929854,26.617953,5.421316,14.582047,24.467717
,2335.42,2370.56,2328.86,2332.65,2332.65,101870071,103619595621,0.440383,0.441354,43.642364,37.473194,29.886064,-3.19788,26.725424,2.901779,14.146131,23.859639
,2337.52,2386.23,2331.26,2382.56,2382.56,97318766,101348435416,2.117058,2.139627,44.120757,37.636474,29.886064,0.478393,27.143835,3.999834,10.664444,23.396053
,2389.89,2397.21,2343.27,2379.84,2379.84,109396738,114786506801,-0.114228,-0.114163,43.612024,37.645678,29.937591,-0.508732,27.596759,4.882938,12.905523,25.054144
,2384.67,2448.35,2375.52,2439.4,2439.4,116313049,127794033635,2.471885,2.502689,43.369087,37.717473,29.937591,-0.242938,27.448813,1.83153,9.236175,23.317749
,2477.57,2483.83,2440.53,2451.78,2451.78,111993525,121593359529,0.506218,0.507502,39.708796,37.719869,27.500056,-3.660291,31.297323,2.25876,4.953221,22.894613
,2435.63,2472.94,2401.05,2401.33,2401.33,95816660,105406227888,-2.079154,-2.057689,40.609004,37.813821,26.025321,0.900208,30.084168,5.937233,7.70087,25.017228
,2407.76,2479.83,2379.95,2479.79,2479.79,113249452,118048783001,3.215113,3.267356,36.788364,36.627777,18.891201,-3.82064,28.403661,3.82192,3.68559,22.989307
,2501,2516.38,2481.69,2498.93,2498.93,135368546,134140077362,0.768876,0.77184,35.137562,36.370102,19.169192,-1.650802,29.674432,2.823779,0.573001,22.130347
,2501.31,2508.14,2471.37,2484.49,2484.49,94151665,100003474431,-0.579523,-0.577847,35.43179,36.329697,18.202883,0.294227,29.591934,3.653912,1.360799,23.046068
,2436.78,2507.9,2423.57,2507.79,2507.79,95461752,106631226372,0.933448,0.937818,34.838068,36.288577,19.455939,-0.593722,31.750685,-1.140546,3.817281,23.746988
,2519.89,2566.54,2519.89,2548.22,2548.22,126307625,137117558492,1.599319,1.612176,27.923311,36.309555,19.455939,-6.914757,31.373421,-1.206121,2.889694,21.722233
,2558.77,2599.25,2558.26,2576.4,2576.4,135146806,143708978344,1.0998,1.10587,27.971936,36.156281,19.455939,0.048625,33.335725,0.739766,5.214102,22.85319
,2597.92,2612.37,2555.61,2570.5,2570.5,123655216,131075730846,-0.229264,-0.229002,27.67733,36.072779,20.041317,-0.294605,33.291594,3.291656,5.910534,24.446224
,2570.62,2597.06,2543.65,2576.95,2576.95,86083257,93919114170,0.25061,0.250924,22.543985,35.549985,10.860193,-5.133345,33.513155,3.804167,7.042687,25.550655
,2563.72,2573.09,2479.35,2479.35,2479.35,99328094,107144419762,-3.86101,-3.787423,27.608245,36.241056,20.606871,5.06426,29.638423,8.042518,10.979618,30.832482
,2477.42,2517.74,2457.42,2517.67,2517.67,74593703,82860990025,1.533744,1.545566,27.303721,36.251791,22.236164,-0.304524,29.428379,6.51324,10.242812,28.278363
,2540.11,2595.6,2530.62,2595.53,2595.53,104144408,121859853111,3.045686,3.092542,28.401154,36.192766,23.435774,1.097432,29.462252,2.102925,4.879512,25.584699
,2621.98,2668.28,2619.37,2656.52,2656.52,139014541,156801973804,2.322626,2.349809,28.489526,36.314593,25.363333,0.088372,29.43558,1.907149,4.850834,24.566961
,2651.2,2682.91,2637.38,2676.87,2676.87,110491304,126839876808,0.763121,0.76604,28.373984,36.306616,25.363333,-0.115542,29.474079,-0.053435,4.995876,23.863005
,2662.73,2690.64,2627.81,2686.99,2686.99,120665292,133586130111,0.377341,0.378053,26.617953,35.803894,25.363333,-1.75603,29.685987,-4.207511,3.855145,22.381992
,2690.51,2706.62,2643.32,2687.11,2687.11,123729613,131609724618,0.004466,0.004466,26.725424,35.05772,25.363333,0.10747,29.678898,-3.543482,3.976648,25.128383
,2675.67,2693.29,2628.62,2650.69,2650.69,101528808,116184839128,-1.364628,-1.355359,27.143835,35.255621,22.685714,0.418411,29.110169,-2.97902,5.856733,27.602686
,2643.73,2708.45,2640.99,2707.67,2707.67,95903694,105081493422,2.12685,2.149629,27.596759,35.314414,22.887473,0.452924,28.451828,-7.449583,4.774373,25.70287
,2670.28,2697.72,2634.53,2675.44,2675.44,108185252,118473952840,-1.197463,-1.190322,27.448813,35.463991,20.655856,-0.147946,28.306684,-6.043845,5.008791,27.429316
,2687.86,2713.3,2563.36,2576.28,2576.28,124046413,131945283442,-3.776735,-3.706306,31.297323,36.515812,23.103232,3.84851,25.849728,1.12282,6.525805,33.211763
,2555.53,2604.16,2543.91,2593.56,2593.56,80887942,84795657156,0.668495,0.670735,30.084168,36.500091,25.257299,-1.213155,25.920385,1.126056,5.517462,31.104725
,2605.7,2609.87,2570.38,2572.89,2572.89,73360969,81956596002,-0.800167,-0.796974,28.403661,36.553511,23.877686,-1.680507,25.609419,5.350431,6.755973,33.782444
,2566.92,2576.52,2499.44,2513.29,2513.29,72039390,75040611359,-2.343713,-2.316461,29.674432,36.928527,22.411628,1.270771,24.313895,8.161312,7.895099,37.36741
,2490.53,2531.54,2485.8,2518.53,2518.53,59264983,66247490056,0.208275,0.208492,29.591934,36.888132,22.761246,-0.082498,24.58999,9.3358,9.14502,37.585119
,2518.85,2615.81,2514.14,2605.37,2605.37,81885006,91496802664,3.38993,3.448043,31.750685,37.157724,22.761246,2.158751,24.785372,6.021791,9.266634,36.248103
,2616.49,2640.02,2604.45,2622.93,2622.93,85809348,96903683541,0.671731,0.673993,31.373421,36.844284,22.761246,-0.377264,24.785014,6.146997,8.831124,35.901462
,2635.13,2715.19,2632.3,2714.3,2714.3,102916565,113351099936,3.424208,3.483509,33.335725,37.321674,22.761246,1.962304,23.565345,0.405176,7.966798,27.080782
,2733.11,2751.25,2713.23,2727.01,2727.01,102313722,112641886139,0.467168,0.468261,33.291594,36.583563,21.208626,-0.044131,23.566236,2.231956,7.986978,28.735382
,2721.82,2771.21,2713.54,2764.98,2764.98,105806650,118232079901,1.382763,1.392367,33.513155,36.339835,21.208626,0.221562,23.467139,1.757356,6.114146,30.061267
,2783.58,2797.47,2731.8,2767.08,2767.08,122101161,136965825071,0.075921,0.07595,29.638423,36.283699,18.964508,-3.874733,23.451438,0.918045,6.349717,31.378946
,2751.5,2800.22,2733.33,2789.22,2789.22,106724988,120873172676,0.796937,0.800121,29.428379,36.297933,18.964508,-0.210044,23.386577,0.247076,5.961645,30.570917
,2808.14,2839.61,2725.27,2725.32,2725.32,125364452,140455749853,-2.317613,-2.290963,29.462252,36.653488,17.180475,0.033874,21.33274,3.080146,9.25504,31.675106
,2702.74,2788.61,2699.95,2788.56,2788.56,88695942,93421458334,2.293948,2.320461,29.43558,36.310189,17.180475,-0.026672,20.730692,1.830689,6.021446,27.278991
,2792.42,2822.71,2775.57,2814,2814,107112856,123637957553,0.908163,0.912299,29.474079,36.006976,17.180475,0.038499,21.980686,-0.04052,3.22704,23.377342
,2781.05,2804.48,2757.54,2792.6,2792.6,82639329,96156100934,-0.76339,-0.760483,29.685987,35.368378,17.265633,0.211907,22.658577,-1.536851,6.030524,23.843533
,2800.57,2815.46,2773.32,2796.12,2796.12,64931431,74973035097,0.125968,0.126047,29.678898,33.827092,17.265633,-0.007089,22.712668,-2.002668,5.73686,24.051043
,2782.58,2813.76,2740.92,2810.57,2810.57,74835786,88479091592,0.515457,0.516788,29.110169,33.802565,18.623665,-0.568729,23.218194,-2.07978,6.874876,18.962312
,2836.34,2849.63,2821.95,2840.08,2840.08,97703617,116543189416,1.044491,1.049965,28.451828,33.662693,18.623665,-0.658342,23.48423,-4.328858,7.374247,19.187759
,2843.54,2849.64,2812.6,2812.86,2812.86,87939215,105146163717,-0.963046,-0.958424,28.306684,33.365983,19.103874,-0.145143,22.975134,-1.907616,9.072784,17.310349
,2795.83,2808.29,2735.77,2750.01,2750.01,85535394,102875828167,-2.259721,-2.234381,25.849728,32.229101,12.788198,-2.456957,20.697594,3.863649,11.415587,13.270424
,2733.02,2762.74,2719.12,2740.68,2740.68,61499012,74407198653,-0.339848,-0.339271,25.920385,32.253256,13.826367,0.070658,20.517861,4.439719,11.798896,14.615309
,2684.21,2761.39,2675.28,2752.72,2752.72,74091671,91048816066,0.438345,0.439307,25.609419,30.252739,14.435085,-0.310966,20.616424,6.561256,12.547744,9.086769
,2757.31,2762.81,2718.55,2719.76,2719.76,72316012,88894895681,-1.204587,-1.197361,24.313895,29.921359,12.874408,-1.295524,19.660308,8.253191,13.662247,14.507627
,2734.42,2768.57,2715.82,2759.71,2759.71,67976645,78602246106,1.458196,1.46888,24.58999,29.963816,12.874408,0.276095,19.47617,6.304926,12.540248,14.915582
,2798.93,2864.47,2798.93,2858.34,2858.34,108564883,132967778067,3.511543,3.573926,24.785372,30.472784,12.874408,0.195382,16.7358,3.104875,10.663073,12.211725
,2878.53,2892.78,2855.06,2865.1,2865.1,108338397,130131778040,0.236222,0.236501,24.785014,27.80779,12.874408,-0.000357,17.053291,3.277519,10.001415,8.196481
,2865.73,2939.39,2864.71,2939.39,2939.39,112073310,131606586444,2.559882,2.592929,23.565345,28.149925,12.874408,-1.219669,16.558878,1.693418,9.672289,7.628317
,2924.27,2961.04,2899.67,2953.75,2953.75,130127710,153770741770,0.487347,0.488537,23.566236,28.038124,12.874408,0.000891,16.851157,0.266424,10.548713,6.632491
,2966.06,2975.18,2937.18,2939.31,2939.31,108476324,131347984386,-0.490069,-0.48887,23.467139,26.732719,12.736237,-0.099097,16.645017,-1.129751,12.393822,3.591044
,2937.64,2978.23,2912.49,2948.48,2948.48,96116366,114538935098,0.311492,0.311978,23.451438,26.609089,12.736237,-0.015701,16.837251,0.598852,13.503146,-4.091767
,2948.95,2960.9,2892.72,2960.56,2960.56,91989886,108747415613,0.408866,0.409703,23.386577,26.455413,12.736237,-0.064861,17.869728,0.022291,12.073906,-4.027242
,2972.42,2995.7,2966.58,2989.59,2989.59,101790039,116455490983,0.975781,0.980558,21.33274,26.434904,10.956544,-2.053837,17.8346,0.699982,11.450147,-3.3558
,2982.97,3000.86,2951.27,2961.63,2961.63,87115997,101890292029,-0.939646,-0.935245,20.730692,26.526587,10.009232,-0.602048,17.073912,3.18349,13.694681,3.004421
,2955.57,2976.86,2883.32,2906.29,2906.29,80067067,92135559576,-1.886244,-1.868566,21.980686,26.859105,10.532389,1.249994,14.37117,5.805224,15.64009,5.712324
,2911.42,2967.1,2898.07,2966.19,2966.19,74352090,92689634822,2.040095,2.061047,22.658577,26.287458,11.126158,0.677891,15.038098,3.848212,12.496322,4.548095
,2936.51,2979.41,2929.04,2961.22,2961.22,70179242,89928387200,-0.167696,-0.167555,22.712668,26.313764,11.695975,0.054091,16.495925,4.059368,15.414875,6.843619
,2957.58,3017.41,2930.49,3010.59,3010.59,77293118,99945527361,1.653473,1.667218,23.218194,26.201294,11.695975,0.505526,16.220612,3.593088,14.871078,5.942285
,3014.44,3061.75,3014.44,3057.43,3057.43,96281316,122777117707,1.543862,1.555841,23.48423,26.285238,11.695975,0.266036,16.031277,1.959142,13.55425,3.39178
,3061.9,3086.72,3047.27,3080,3080,102518069,119434478996,0.73549,0.738202,22.975134,25.944277,12.624228,-0.509096,16.038164,1.559849,13.347741,5.006641
,3106.39,3116.16,3072.53,3082.56,3082.56,103952583,122685100457,0.083082,0.083117,20.697594,25.950577,10.194481,-2.27754,16.552914,3.111134,15.270371,6.615701
,3036.4,3128.53,3028.45,3083.9,3083.9,111506734,127094783710,0.043461,0.04347,20.517861,25.45068,10.542659,-0.179733,18.165345,2.642237,13.788367,6.852712
,3079.5,3121.21,3068.24,3120.73,3120.73,109424313,132431167614,1.187192,1.194267,20.616424,24.830148,10.542659,0.098563,18.576879,3.685802,14.478727,4.312022
,3125.66,3141.17,3103.87,3117.92,3117.92,82806887,107706587875,-0.090084,-0.090043,19.660308,24.835555,11.673255,-0.956115,18.403421,5.139656,15.810064,6.282879
,3126.23,3137.08,3109.32,3128.42,3128.42,70500908,88663497082,0.336197,0.336763,19.47617,24.756983,11.673255,-0.184138,18.376764,6.158499,15.899851,2.252585
,3132.11,3182.42,3122.16,3179.97,3179.97,84997075,107539211987,1.634368,1.647797,16.7358,24.864851,11.673255,-2.74037,18.687747,5.944948,16.318397,0.896294
,3191.64,3195.72,3159.63,3166.47,3166.47,86782347,118926140375,-0.425436,-0.424532,17.053291,24.792391,10.607891,0.317491,18.210315,5.35001,17.068923,-1.125538
,3153.54,3238.79,3150.65,3237.9,3237.9,96950565,129830699673,2.230757,2.255824,16.558878,25.043209,10.607891,-0.494413,28.034891,3.471276,9.441695,-5.648718
,3248.2,3285.09,3247.57,3282.36,3282.36,112989294,152594570796,1.36377,1.373112,16.851157,25.090193,10.607891,0.292279,28.480231,3.412393,10.199692,-6.333118
,3254.93,3327.67,3249.11,3327.14,3327.14,105732592,142531351824,1.35504,1.364262,16.645017,25.162695,11.760321,-0.20614,29.403278,2.116517,11.5533,-8.417867
,3333.1,3378.05,3333.1,3374.75,3374.75,135264049,175857353189,1.420817,1.430959,16.837251,23.598973,11.760321,0.192234,29.393083,-0.407972,11.526082,-12.68708
,3368.33,3393.22,3327.35,3340.49,3340.49,129600799,160450593377,-1.020374,-1.015186,17.869728,23.707775,10.719427,1.032477,28.879771,3.363259,12.535366,-11.67848
,3306.43,3368.07,3261.32,3352.27,3352.27,113867592,147303052306,0.352023,0.352643,17.8346,23.093199,10.719427,-0.035127,29.602838,4.120912,10.969919,-10.942672
,3348.22,3396.48,3334.68,3396.3,3396.3,113081523,148249544332,1.304888,1.313438,17.073912,22.828943,11.876561,-0.760688,30.890597,3.043059,7.562864,-7.094121
,3398.91,3428.03,3375.97,3398.31,3398.31,106174912,140745850321,0.059165,0.059182,14.37117,22.827947,,-2.702742,33.128142,3.512876,4.510213,-7.535847
,3382.57,3403.74,3358.52,3361.01,3361.01,99619651,132301021218,-1.103673,-1.097604,15.038098,23.034436,7.531386,0.666928,32.821242,6.622261,5.316687,-4.955332
,3375.87,3454.75,3375.87,3454.75,3454.75,107520425,143258163937,2.750857,2.789043,16.495925,23.52908,,1.457827,31.488328,2.432861,2.899308,-6.807324
,3467.13,3497.51,3467.13,3493.3,3493.3,133483002,176773125049,1.109675,1.115855,16.220612,23.27306,,-0.275313,35.397959,3.200737,-2.783641,-7.538464
,3516.78,3543.02,3489.56,3501.24,3501.24,129313329,178974318282,0.227034,0.227292,16.031277,23.016166,,-0.189334,35.733052,4.214956,-1.740738,-7.701622
,3499.51,3527.47,3482.87,3519.81,3519.81,106549704,146140273258,0.528982,0.530384,16.038164,22.765865,,0.006886,36.943759,4.111958,-5.110177,-5.568699
,3532.52,3594.87,3515.53,3591.12,3591.12,136468539,189689538401,2.005712,2.025962,16.552914,21.203354,,0.51475,41.663,4.15916,-13.415535,-6.130762
,3603.4,3610.33,3533.16,3539.83,3539.83,130600961,184934839282,-1.438543,-1.428245,18.165345,21.590723,8.664261,1.612431,41.96755,5.922793,-10.971955,-4.937963
,3532.63,3607.37,3532.38,3606.92,3606.92,115238546,168877710757,1.877552,1.895289,18.576879,21.589645,8.664261,0.411535,43.87,-1.35123,-17.939702,-7.46942
,3613.6,3653.84,3596.36,3651.97,3651.97,116381609,160980372868,1.241253,1.248988,18.403421,20.76233,,-0.173458,46.955702,-0.470716,-14.964684,-6.760183
,3672.21,3687.49,3591.88,3667.56,3667.56,127979352,182205122628,0.425984,0.426893,18.376764,20.748555,,-0.026657,47.705652,1.811948,-13.524517,-7.157167
,3680.15,3744.24,3669.51,3743.63,3743.63,138808040,200824101964,2.052914,2.074131,18.687747,20.160546,,0.310983,46.959767,1.152634,-14.769744,-12.168257
,3745.55,3756.78,3705.04,3755.82,3755.82,146267885,210479421884,0.325091,0.32562,18.210315,20.168097,,-0.477433,47.975644,0.816452,-18.873857,-12.053555
,3741.78,3765.59,3453.64,3558.51,3558.51,167406126,226560268677,-5.396472,-5.253447,28.034891,22.81675,,9.824576,46.008431,4.9995,-11.485667,-9.159503
,3587.05,3656.92,3511.29,3634.82,3634.82,134968879,185493784271,2.121767,2.144437,28.480231,23.072192,,0.44534,44.898101,0.775565,-14.115914,-10.260337
,3670.19,3735.8,3635.55,3734.62,3734.62,132239834,184431882907,2.708648,2.745666,29.403278,23.45094,,0.923047,44.060085,-4.926569,-20.356078,-9.599053
,3754.22,3789.94,3716.57,3787.03,3787.03,136415899,198440898510,1.3936,1.403356,29.393083,23.50434,,-0.010195,48.462533,-6.617368,-29.120996,-9.743997
,3803.06,3803.06,3712.43,3786.61,3786.61,141035739,205134118106,-0.011091,-0.01109,28.879771,23.522441,,-0.513312,48.68413,-6.272799,-28.636514,-9.197003
,3781.4,3789.13,3691.98,3740.94,3740.94,133444453,194012131121,-1.213424,-1.206092,29.602838,23.059909,32.81176,0.723067,49.898166,-9.632648,-25.775867,-7.682055
,3707.91,3739.58,3602.57,3663.12,3663.12,118101525,178406415790,-2.102167,-2.080226,30.890597,23.379644,29.399665,1.287759,55.141387,-6.260543,-18.253124,-5.041551
,3655.46,3686.54,3539.7,3555.09,3555.09,100575751,148656081457,-2.993486,-2.949125,33.128142,24.401404,27.660694,2.237545,54.894318,-6.107513,-14.437979,-1.682099
,3589.72,3613.46,3485.36,3544.54,3544.54,84870681,126564928658,-0.297199,-0.296758,32.821242,24.325903,29.184827,-0.3069,55.171915,-12.109961,-13.264914,-1.156601
,3558.65,3569.15,3509.72,3556.38,3556.38,64497197,95318920590,0.333478,0.334035,31.488328,24.319731,29.184827,-1.332914,55.963826,-11.438402,-11.470564,-1.721811
,3546.5,3546.5,3390.36,3397.4,3397.4,92535386,131867958961,-4.573274,-4.470276,35.397959,26.36716,30.846962,3.909631,54.076498,-11.955323,-6.145151,2.974968
,3398.89,3448.86,3338.85,3440.82,3440.82,87081800,123584066605,1.269938,1.278036,35.733052,26.397794,30.846962,0.335093,53.798935,-9.00899,-8.421733,2.238747
,3437.95,3454.95,3334.73,3344.46,3344.46,88248627,126573245767,-2.840457,-2.800495,36.943759,27.059578,29.021532,1.210706,53.858106,-4.302383,-3.230924,8.076971
,3283.44,3319.8,3137.48,3140.27,3140.27,91723902,121242721313,-6.299646,-6.10532,41.663,29.811234,33.883369,4.719241,49.03273,2.804951,4.760865,14.446922
,3110.71,3186.81,3083.2,3171.99,3171.99,77343035,100691271214,1.005037,1.010104,41.96755,29.830537,35.134387,0.30455,48.94979,-1.979109,4.0363,13.493686
,3178.28,3183.01,2982.22,3014.57,3014.57,81604020,104778744883,-5.090195,-4.962815,43.87,31.765314,34.968064,1.902451,45.248936,5.102805,7.772997,18.919659
,3021.25,3146.57,3021.25,3144.39,3144.39,79519216,107656322586,4.216271,4.306418,46.955702,32.705677,34.968064,3.085702,43.348173,0.378054,5.437499,14.389093
,3135.37,3221.17,3113.7,3203.62,3203.62,86616805,113910783483,1.866151,1.883672,47.705652,32.781082,34.968064,0.74995,45.093967,-5.019613,-0.122749,13.468606
,3222.4,3241.52,3178.86,3229.6,3229.6,80414068,110907923668,0.807687,0.810958,46.959767,32.092669,34.968064,-0.745885,45.006299,-13.198618,-0.652359,9.404832
,3210.85,3210.85,3019.12,3109.83,3109.83,97530139,128446120873,-3.779023,-3.708509,47.975644,33.113913,33.341077,1.015877,43.767184,-8.946204,0.679396,15.456265
,3082.68,3203.79,3065.46,3172.39,3172.39,82036404,109792468845,1.991718,2.011686,46.008431,32.956422,32.848601,-1.967213,43.867319,-9.2907,-3.604746,9.420372
,3149.57,3212.27,3116.89,3156.3,3156.3,80125201,103604608420,-0.508479,-0.507189,44.898101,32.973119,33.231813,-1.110329,43.95199,-3.361645,-2.416896,6.921758
,3152.04,3168.19,3030.73,3046.78,3046.78,84017946,108787276883,-3.531516,-3.469886,44.060085,33.788797,31.913173,-0.838016,42.156878,0.99153,0.384911,14.200641
,3003.54,3003.54,2825.77,2830.27,2830.27,84517311,105568316049,-7.371318,-7.106191,48.462533,37.055028,36.660523,4.402448,33.886055,9.238714,4.907833,22.962155
,2804.58,2901.28,2795.49,2843.7,2843.7,70535306,87743214169,0.473391,0.474513,48.68413,37.058812,35.009865,0.221597,33.886521,10.893151,4.422668,23.508588
,2824.64,2904.79,2813.62,2890.93,2890.93,60843386,76293192942,1.647223,1.660864,49.898166,37.164914,34.911556,1.214036,33.631502,9.998067,3.863276,21.681905
,2898.45,3059.99,2892.65,3051.96,3051.96,93157447,118821388280,5.420576,5.57018,55.141387,38.770059,35.873639,5.243222,33.089797,3.570848,3.596138,17.715801
,3055.35,3099.39,3038.99,3077.14,3077.14,86984715,116181665634,0.821659,0.825044,54.894318,38.589173,37.80048,-0.247069,33.056066,5.099541,2.391919,17.587222
,3097.79,3153.23,3078.13,3104.21,3104.21,82790740,113813192654,0.875866,0.879713,55.171915,38.411907,33.66312,0.277597,33.306313,5.915817,2.992895,15.482465
,3084.2,3170.97,3047.3,3170.97,3170.97,83965634,117969333590,2.127828,2.150628,55.963826,38.637177,33.66312,0.791911,32.616751,4.068461,1.763932,11.417124
,3188.31,3207.39,3143.74,3194.91,3194.91,91191155,131813702373,0.752138,0.754974,54.076498,38.527792,36.290953,-1.887328,32.542761,1.962825,1.390329,11.303263
,3179.19,3204.12,3150.17,3162.91,3162.91,66566007,91467422572,-1.006643,-1.001593,53.798935,38.473798,38.088072,-0.277563,32.294139,4.850241,2.460848,12.247828
,3152.81,3253.45,3152.69,3238.13,3238.13,80689660,108989361370,2.350351,2.37819,53.858106,38.736958,40.595263,0.059171,32.596652,-1.194207,2.772402,10.947325
,3248.35,3298.91,3240.53,3293.39,3293.39,87393883,117064809248,1.692143,1.706541,49.03273,38.876999,40.625687,-4.825376,32.451187,-2.608272,2.523909,8.43779
,3298.81,3325.74,3264.95,3302.64,3302.64,87092177,116411498836,0.280472,0.280866,48.94979,38.878294,40.625687,-0.08294,32.471758,-5.336012,1.997692,7.524062
,3290.39,3296.94,3212.45,3258.24,3258.24,88244481,123641482344,-1.353498,-1.344379,45.248936,38.927442,40.693426,-3.700854,32.149814,-6.274938,2.697285,6.588822
,3274.58,3329.12,3274.58,3320.1,3320.1,91333404,125325999692,1.880773,1.898571,43.348173,39.101574,40.693426,-1.900763,32.20094,-7.47634,2.767001,2.134816
,3325.06,3330.43,3170.96,3199.69,3199.69,100488404,131631978332,-3.694097,-3.626698,45.093967,39.864587,37.433306,1.745794,28.862816,-4.511952,6.490099,5.972689
,3163.51,3210.64,3090.61,3208.6,3208.6,72801974,99685177047,0.278077,0.278464,45.006299,39.729216,37.433306,-0.087669,31.128955,-7.638426,3.253845,2.976514
,3196.01,3237.22,3131.02,3131.03,3131.03,73425101,101633736512,-2.447268,-2.417565,43.767184,40.039795,37.173408,-1.239115,29.566121,-5.202932,6.140906,6.355434
,3130.14,3159.17,3041.42,3060.07,3060.07,66013716,89049563859,-2.292423,-2.266347,43.867319,40.027432,34.555185,0.100135,29.81931,-1.822678,5.93091,11.66906
,3041.82,3122.05,2989.24,3080.93,3080.93,65152102,86891307312,0.679371,0.681684,43.95199,39.945451,33.857742,0.084671,29.902003,2.651389,6.272472,10.580574
,3057.11,3090.07,3028.41,3058.53,3058.53,45820492,60733021040,-0.729709,-0.727053,42.156878,39.848234,36.431912,-1.795112,31.502983,2.998537,10.372113,12.864663
,3066.37,3088.08,2959.74,2972.64,2972.64,41918352,54593201741,-2.848396,-2.808212,33.886055,40.093629,16.991276,-8.270824,28.948485,7.323776,14.469165,16.352393
,2975.53,2998.55,2923.93,2972.29,2972.29,45932352,56674417416,-0.011775,-0.011774,33.886521,40.059981,19.46091,0.000466,28.829026,8.234416,15.016843,18.010757
,2992.98,3033.74,2988.29,3004.8,3004.8,42184524,54803607410,1.087831,1.093769,33.631502,40.131186,19.46091,-0.255019,28.84223,7.52512,14.230536,17.394436
,3078.75,3164.03,3071.27,3163.71,3163.71,56871040,76061663011,5.153438,5.288538,33.089797,41.492345,19.46091,-0.541704,23.589354,2.435558,9.615434,11.103297
,3181.58,3193.59,3151.26,3151.63,3151.63,58961960,81562328647,-0.382561,-0.38183,33.056066,41.494154,19.684546,-0.033731,23.374671,5.480024,10.363961,12.297495
,3144.02,3199.92,3140.5,3198.52,3198.52,50713704,68577125621,1.476842,1.487802,33.306313,41.571294,19.684546,0.250247,23.114223,5.446831,9.115418,10.192711
,3209.06,3276.55,3204.31,3227.4,3227.4,80978120,111183227114,0.898866,0.902918,32.616751,41.203782,19.684546,-0.689563,23.175086,4.302221,7.98482,7.28984
,3258.55,3287.63,3227.09,3239.64,3239.64,60562010,85391959068,0.378535,0.379253,32.542761,41.138274,19.684546,-0.07399,23.19578,3.269781,7.72979,7.160744
,3250.1,3268.43,3188.43,3241.71,3241.71,55636255,78892050311,0.063876,0.063896,32.294139,41.133658,20.653166,-0.248622,23.16905,5.156395,8.199632,7.152023
,3238.85,3330.79,3231.81,3329.16,3329.16,77683143,113841454115,2.661905,2.69765,32.596652,41.509783,20.653166,0.302514,23.628139,2.52349,8.535493,5.997065
,3355.36,3379.63,3343.02,3377.57,3377.57,89426278,128508372174,1.44365,1.454121,32.451187,41.404265,20.653166,-0.145465,23.345428,-1.878336,7.162148,1.281731
,3375.03,3414.66,3358.55,3369.28,3369.28,83488940,117445160682,-0.245744,-0.245443,32.471758,41.311889,20.834762,0.020571,23.267111,-1.192799,7.459694,2.918171
,3364.15,3381.15,3341.42,3347.32,3347.32,60936583,87978516122,-0.653905,-0.651771,32.149814,41.124273,21.371096,-0.321944,22.950844,-3.041313,8.449376,3.965931
,3354.98,3436.39,3354.98,3413.25,3413.25,86725429,120908995107,1.950489,1.969635,32.20094,41.250369,21.371096,0.051126,22.351103,-3.97087,6.184593,2.529232
,3421.7,3432.9,3385.44,3414.24,3414.24,68442524,97800974844,0.029,0.029005,28.862816,41.236248,17.976326,-3.338124,22.435357,-0.629938,7.101256,2.694291
,3384.29,3392.1,3314.32,3314.72,3314.72,74209551,105228807264,-2.958177,-2.914851,31.128955,41.387316,19.213615,2.266139,23.03576,3.576894,6.803346,2.37627
,3303.77,3337.17,3258.27,3329.33,3329.33,62594849,86228533019,0.439793,0.440761,29.566121,41.394232,19.42158,-1.562834,24.037601,3.673005,8.635963,2.352177
,3265.19,3291.18,3239,3247.05,3247.05,61305354,84414939041,-2.502419,-2.471368,29.81931,40.251885,19.852358,0.253189,26.976982,6.476947,7.094207,3.603762
,3305.38,3329.54,3276.32,3280.37,3280.37,60647062,84226415461,1.020933,1.026162,29.902003,40.048918,19.852358,0.082693,29.342928,5.994351,3.066182,1.441831
,3205.83,3394.72,3198.31,3392.8,3392.8,81981158,110679455347,3.369932,3.427357,31.502983,40.274302,21.086685,1.60098,29.91667,2.990385,3.443617,-4.521839
,3402.53,3447.48,3397.25,3435.43,3435.43,83791098,115935434869,1.248656,1.256484,28.948485,40.25151,20.134138,-2.554499,29.988351,1.970029,3.585156,-7.143826
,3443.52,3476.34,3415.22,3453.89,3453.89,86065273,117780698755,0.535903,0.537342,28.829026,40.275895,20.320236,-0.119458,30.113618,1.202393,4.069077,-7.42993
,3458.86,3471.83,3432.26,3464.32,3464.32,80647784,103539079575,0.301523,0.301978,28.84223,40.225209,20.320236,0.013204,30.141229,1.024375,3.588093,-7.80664
,3491.07,3506.03,3474.36,3483.02,3483.02,92190315,124138421517,0.538337,0.539788,23.589354,40.035261,20.320236,-5.252876,30.459671,1.019755,4.504228,-9.963733
,3487.11,3495.89,3452.61,3495.79,3495.79,78050904,108916000934,0.365965,0.366636,23.374671,39.581917,,-0.214683,30.501822,3.651557,4.831342,-10.536719
,3520.4,3532.19,3501.5,3503.78,3503.78,84300987,116073645890,0.2283,0.228561,23.114223,39.581305,,-0.260448,30.945579,3.493561,3.374152,-8.113736
,3500.59,3514.83,3468.86,3495.67,3495.67,72626321,100494402438,-0.231733,-0.231464,23.175086,39.576739,20.794633,0.060863,31.818392,3.777095,1.668372,-8.251644
,3506.95,3529.06,3487.68,3499.99,3499.99,79962661,106569499622,0.123505,0.123581,23.19578,38.426986,20.794633,0.020694,31.879403,3.989368,2.183144,-10.437719
,3489.54,3518.89,3445.36,3518.72,3518.72,91210171,122356578945,0.533718,0.535144,23.16905,38.356679,20.794633,-0.02673,31.844295,3.141356,1.587348,-11.03806
,3541.05,3625.89,3541.05,3625.8,3625.8,123157323,170544813035,2.997767,3.043152,23.628139,38.351927,20.794633,0.459089,30.183961,1.089253,-0.36057,-13.459892
,3644.96,3649.42,3619.99,3628.35,3628.35,97391368,135058674684,0.070305,0.070329,23.345428,35.932903,20.794633,-0.282712,30.313699,-2.237139,-1.248267,-12.122128
,3633.85,3652.81,3612.79,3630.23,3630.23,89226283,119034890321,0.051801,0.051814,23.267111,35.899396,,-0.078317,30.376933,-0.016529,-1.933324,-11.979043
,3638.07,3653.9,3604.61,3642.44,3642.44,94940095,125514316335,0.335778,0.336342,22.950844,34.147643,,-0.316267,31.296033,-4.396482,-4.557839,-11.360502
,3630.58,3658.21,3597.31,3631.01,3631.01,94750751,127585253384,-0.314294,-0.313801,22.351103,33.185801,,-0.599741,32.386947,-7.089281,-6.816778,-11.599519
,3636.53,3666.27,3628.2,3665.51,3665.51,93990941,135750450821,0.945663,0.950149,22.435357,33.046451,,0.084254,32.088177,-4.287577,-7.618666,-13.624489
,3680.75,3698.13,3538.86,3548.08,3548.08,147566822,203721992217,-3.256087,-3.203647,23.03576,33.781387,,0.600403,31.50027,0.358705,-7.080676,-8.945152
,3541.51,3630.3,3508.06,3629.63,3629.63,114602329,157030857712,2.27241,2.298426,24.037601,33.038331,,1.00184,30.356328,-0.893881,-8.421436,-9.759594
,3635.79,3646.61,3472.95,3485.77,3485.77,127882379,180809383854,-4.044175,-3.963489,26.976982,33.987253,,2.939381,29.520448,2.970833,-1.356058,-6.033653
,3440.34,3480.93,3367.29,3382.51,3382.51,89294688,125775998834,-3.007093,-2.96233,29.342928,34.576848,28.167035,2.365947,27.457965,7.432398,1.24192,-1.732281
,3415.08,3511.76,3415.08,3511.67,3511.67,84415341,117377393884,3.747367,3.818466,29.91667,34.515567,28.167035,0.573741,24.498094,4.37811,-0.951067,-5.876897
,3507.56,3566.78,3485.52,3560.83,3560.83,101518639,138002623609,1.390196,1.399904,29.988351,30.72979,28.167035,0.071681,24.054602,1.759024,-1.701929,-6.5497
,3578.87,3607.56,3570.29,3597.33,3597.33,98052033,138929251793,1.019824,1.025042,30.113618,30.75707,28.167035,0.125267,24.534542,-1.198312,-1.075163,-10.136154
,3596.95,3603.12,3551.48,3590.88,3590.88,89978572,128562629236,-0.179461,-0.1793,30.141229,30.666302,28.306059,0.027611,24.599036,-0.380574,-0.424193,-9.674372
,3581.63,3646.26,3530.06,3643.49,3643.49,134130901,188843990614,1.454472,1.4651,30.459671,28.89779,28.306059,0.318442,24.255051,-1.897124,-3.016365,-10.321622
,3644.62,3672.8,3633.45,3668.83,3668.83,91225546,131991687622,0.69308,0.695487,30.501822,28.888986,28.306059,0.042151,24.313341,-1.540355,-2.897808,-10.417616
,3670.81,3671.04,3590.94,3624.02,3624.02,82940864,118750858921,-1.22889,-1.22137,30.945579,29.02933,26.097626,0.443757,24.050134,-1.128858,-2.29686,-9.9835
,3579.28,3603.7,3543.42,3554.48,3554.48,68521507,97091971849,-1.937513,-1.918864,31.818392,29.106392,23.833776,0.872813,24.118032,0.175399,-2.363352,-8.136891
,3579.83,3601.29,3544.9,3577.24,3577.24,57563738,81151398823,0.638277,0.640319,31.879403,29.097938,23.833776,0.061011,23.995463,-2.751616,-2.75219,-10.114085
,3589.41,3614.95,3568.51,3575.02,3575.02,54550912,74282930261,-0.062078,-0.062059,31.844295,28.996461,24.589278,-0.035108,24.003964,-5.262771,-2.634957,-11.609007
,3572.53,3623.27,3495.64,3612.75,3612.75,83785021,113441731758,1.049848,1.055379,30.183961,28.70636,24.589278,-1.660334,24.354669,-6.168844,-2.177859,-12.007859
,3594.51,3620.32,3578.28,3583.34,3583.34,69186493,98783625773,-0.817393,-0.814061,30.313699,28.603181,23.528711,0.129739,26.742705,-8.069548,-4.63215,-9.030728
,3568.28,3610.69,3550.67,3560.72,3560.72,56963912,81340897367,-0.633255,-0.631255,30.376933,28.645366,22.762314,0.063234,27.298772,-6.504641,-2.608199,-8.59223
,3571.05,3582.44,3475.84,3480.15,3480.15,63286201,86756667103,-2.288738,-2.262745,31.296033,28.914457,21.883324,0.9191,26.121089,-1.194701,0.074394,-5.501223
,3450.04,3453.35,3385.68,3391.74,3391.74,66111015,89137672408,-2.573233,-2.540408,32.386947,29.188783,21.157819,1.090915,24.318014,0.969417,3.161417,-2.662394
,3386.33,3404.64,3354.65,3396.62,3396.62,48329805,69055779059,0.143776,0.143879,32.088177,28.134893,21.157819,-0.29877,24.318277,2.380022,3.211701,-3.628892
,3402.23,3404.75,3296.76,3305.54,3305.54,53942685,75498512042,-2.718097,-2.681489,31.50027,28.717702,20.380491,-0.587908,25.257083,5.737453,2.6536,-0.877219
,3303.73,3342.99,3296.29,3336.48,3336.48,48064504,67948267136,0.931651,0.936004,30.356328,28.294671,20.380491,-1.143942,25.106563,6.452391,2.137649,-3.270361
,3346.76,3445.7,3339.3,3438.82,3438.82,64377823,94811625085,3.021203,3.067304,29.520448,28.465953,17.391839,-0.83588,23.022562,3.902698,-2.134388,-4.881052
,3434.33,3441.96,3410.67,3424.78,3424.78,46914576,68701833803,-0.409115,-0.40828,27.457965,28.474165,16.117884,-2.062482,23.295029,3.174112,-2.866271,-1.953088
,3432.82,3489.57,3432.82,3478.43,3478.43,55375390,78965998321,1.554381,1.566524,24.498094,28.548402,16.117884,-2.959871,23.930326,2.431369,-7.014389,-3.264504
,3481.9,3501.25,3451.18,3500.74,3500.74,55535765,78053673797,0.639333,0.641381,24.054602,27.836118,16.117884,-0.443492,23.892328,1.164093,-9.027054,-4.532534
,3503.82,3561.44,3498.38,3558.86,3558.86,88429370,124684572895,1.646589,1.66022,24.534542,27.970922,16.117884,0.47994,22.752888,-2.486501,-10.423844,-4.803824
,3561.37,3579.52,3542.38,3575.68,3575.68,69241890,98004030329,0.47151,0.472623,24.599036,27.925275,15.79554,0.064494,22.518076,-2.708572,-10.97054,-4.82205
,3592.47,3597.75,3535.23,3535.23,3535.23,66101080,93419838921,-1.137701,-1.131253,24.255051,26.166355,14.95368,-0.343985,22.748578,-1.515716,-11.451596,-3.748937
,3545.19,3577.53,3497.66,3564.04,3564.04,85809641,128302442618,0.811637,0.81494,24.313341,26.170162,14.95368,0.05829,22.207411,-0.820406,-12.470254,-5.096492
,3558.7,3588.83,3541.17,3541.73,3541.73,78473125,121045989916,-0.627942,-0.625975,24.050134,26.08861,15.421374,-0.263207,25.065426,-3.464148,-9.191029,-5.662857
,3543.16,3558.56,3452.77,3471.46,3471.46,80350037,120436166283,-2.004005,-1.984059,24.118032,26.418376,15.499279,0.067898,24.392095,-0.069447,-7.556664,-2.694514
,3456.91,3482.08,3426.7,3480.13,3480.13,60790253,90190959969,0.249439,0.249751,23.995463,26.414335,15.499279,-0.12257,24.977112,0.074969,-9.868673,-3.766761
,3593.11,3594.53,3465.32,3482.05,3482.05,89980172,134114001104,0.055155,0.05517,24.003964,26.41442,14.636986,0.008501,24.945357,0.533603,-9.990451,-2.628403
,3477.84,3535.41,3437.66,3534.92,3534.92,93743278,134071416354,1.506947,1.518358,24.354669,26.042994,14.636986,0.350706,24.15864,-0.779284,-10.921463,-3.782466
,3448.29,3490.11,3415.69,3421.14,3421.14,112457901,159860384574,-3.271684,-3.218743,26.742705,26.786144,16.803179,2.388036,22.830525,-0.783798,-6.241711,-0.779673
,3433.47,3470.32,3411.81,3469.05,3469.05,83353252,118107870086,1.390695,1.40041,27.298772,26.926027,16.523823,0.556067,22.028106,-1.758793,-7.437521,-3.303267
,3472.52,3500.07,3448.66,3482.74,3482.74,72543102,104035175785,0.393856,0.394633,26.121089,26.894864,17.62036,-1.177683,22.373634,-3.403483,-6.877058,-9.206456
,3471.78,3501.26,3458.04,3500.68,3500.68,82854307,117884258544,0.51379,0.515112,24.318014,26.624729,18.418312,-1.803075,22.150633,-5.058271,-7.944158,-9.816312
,3506.81,3528.39,3497.09,3507.48,3507.48,74883232,108023525533,0.19406,0.194248,24.318277,26.626529,18.418312,0.000263,22.160986,-7.846068,-9.217524,-8.034972
,3512.25,3515.45,3387.82,3394.43,3394.43,92495146,128416164613,-3.276198,-3.223112,25.257083,26.78722,20.245636,0.938806,20.455381,-5.943202,-4.518076,-5.850391
,3397.04,3425.18,3364.72,3408.57,3408.57,70595068,100076607006,0.4157,0.416565,25.106563,26.785728,20.245636,-0.15052,21.209645,-6.109102,-3.475808,-6.627193
,3364.45,3390.8,3293.19,3366.2,3366.2,88933404,119197815814,-1.250834,-1.243043,23.022562,26.398497,18.760343,-2.084001,20.836589,-4.933455,-2.543207,-5.942221
,3340.01,3372.43,3326.27,3328.01,3328.01,56849171,76626626843,-1.140998,-1.134514,23.295029,26.434179,17.064357,0.272466,21.056966,-5.411213,-0.10793,-6.826319
,3328.11,3341.2,3222.14,3242.8,3242.8,61752231,81586059213,-2.593737,-2.560389,23.930326,26.032424,16.391016,0.635298,18.798304,-3.024496,2.088559,-4.589025
,3243.04,3255.12,3183.36,3198.57,3198.57,52691394,70540273182,-1.373332,-1.363945,23.892328,26.017416,15.595948,-0.037998,18.06923,1.000119,4.179283,-4.426931
,3195.29,3220.31,3168.46,3206.57,3206.57,46990716,64082115658,0.2498,0.250112,22.752888,25.993249,15.595948,-1.13944,20.576514,0.380679,1.362854,-4.438457
,3190.31,3249.46,3176.92,3204.16,3204.16,50262613,68018118702,-0.075186,-0.075158,22.518076,25.97838,17.20028,-0.234812,20.582617,-1.606704,1.720361,-5.937527
,3198.23,3198.31,3116.44,3152.71,3152.71,57001380,75982150475,-1.618757,-1.605725,22.748578,26.117078,16.947051,0.230502,19.700094,-0.054571,4.14634,-3.759309
,3170.78,3211.94,3143.08,3146.19,3146.19,50130033,68318412373,-0.20702,-0.206806,22.207411,26.093612,17.639456,-0.541167,19.682553,0.728384,4.950445,-8.256481
,3160.71,3231.1,3094.57,3230.72,3230.72,64798894,87536249983,2.651283,2.686742,25.065426,26.718801,17.818136,2.858015,17.81295,-0.514831,1.504388,-13.003189
,3206.43,3242.52,3190.44,3218.8,3218.8,58972726,75466552963,-0.36964,-0.368958,24.392095,26.722423,18.848132,-0.673331,17.747983,0.049696,1.783125,-11.880607
,3147.72,3177.42,3129.92,3153.09,3153.09,59105845,73693132366,-2.062569,-2.041444,24.977112,27.005273,18.070064,0.585017,16.741714,3.066584,2.506778,-11.847069
,3152.25,3172.31,3133.81,3150.99,3150.99,37355951,47902429250,-0.066624,-0.066601,24.945357,26.966076,18.550838,-0.031755,17.772493,2.579897,1.016401,-11.16325
,3147.76,3178.95,3144.48,3169.19,3169.19,35953158,45222660374,0.575935,0.577596,24.15864,26.191202,18.550838,-0.786717,17.803878,0.924656,1.091463,-9.328931
,3195.14,3214.46,3182.83,3214.13,3214.13,34219894,48152144637,1.408068,1.418028,22.830525,26.398152,16.927376,-1.328115,18.73725,0.939838,1.843133,-11.393482
,3216.69,3238.35,3207.17,3220.4,3220.4,35791052,46999712971,0.194886,0.195076,22.028106,26.405656,16.927376,-0.802419,18.759949,2.20292,1.453489,-17.081676
,3232.88,3253.2,3228.74,3251.28,3251.28,34058238,46703220577,0.954319,0.958887,22.373634,26.48952,16.927376,0.345528,18.672736,0.930367,1.30144,-15.97142
,3248.95,3261.95,3232.78,3233.34,3233.34,38283772,49981333658,-0.553311,-0.551783,22.150633,26.498863,16.475805,-0.223001,18.53882,2.777956,2.120346,-15.749906
,3225.39,3225.39,3152.93,3198.63,3198.63,42742898,62386076936,-1.079307,-1.073503,22.160986,26.452024,15.785806,0.010353,18.342567,3.460015,2.376931,-15.987992
,3177.08,3244.82,3165.13,3244.48,3244.48,49989437,64414097361,1.42325,1.433426,20.455381,25.895868,12.860747,-1.705605,17.683289,2.754158,0.987257,-15.854469
,3252.15,3294.14,3249.33,3292.13,3292.13,67586617,89485801632,1.457968,1.468648,21.209645,25.622937,12.860747,0.754264,17.635352,-1.270441,-1.932202,-13.601441
,3286.09,3301.15,3273.69,3281.67,3281.67,52107288,70171666128,-0.318233,-0.317727,20.836589,24.316654,13.203738,-0.373056,18.398328,-0.669887,-0.203457,-15.37668
,3290.01,3330.38,3287.56,3324.42,3324.42,60504520,81205689009,1.294278,1.30269,21.056966,23.710964,13.813776,0.220377,19.994149,-1.156943,1.021113,-16.670959
,3327.1,3339.89,3299.69,3311.24,3311.24,57034374,76233992315,-0.397248,-0.39646,18.798304,22.375423,10.865025,-2.258661,19.932814,-0.162609,1.661326,-14.650811
,3313.02,3335.65,3293.92,3335.08,3335.08,60622732,78442132954,0.717393,0.719972,18.06923,22.226288,10.896993,-0.729075,19.937352,-1.674776,0.315237,-15.707242
,3338.67,3345.91,3244.98,3250.57,3250.57,69346810,89462913752,-2.56663,-2.533972,20.576514,22.65927,13.742745,2.507285,17.979418,0.80095,4.257166,-15.880684
,3253.16,3276.4,3239.68,3259.76,3259.76,45629138,59621178434,0.282321,0.28272,20.582617,22.678108,13.838753,0.006103,17.99841,-0.820286,4.428129,-17.217856
,3268.4,3293.93,3258.03,3286.18,3286.18,41540876,54686555117,0.807222,0.810489,19.700094,22.519387,14.090874,-0.882523,17.887759,-3.18451,3.55632,-17.539044
,3285.62,3322.51,3255.98,3305.86,3305.86,54199486,71971297725,0.597086,0.598872,19.682553,22.50449,14.503226,-0.017541,17.987373,-3.130599,2.423316,-18.917041
,3304.04,3321.08,3267.76,3279.69,3279.69,46421079,61760429281,-0.794775,-0.791625,17.81295,22.435023,13.584473,-1.869603,18.31022,-0.176086,2.023783,-17.819008
,3282.2,3303.49,3251.7,3276.71,3276.71,47487754,63732658851,-0.090904,-0.090862,17.747983,22.129476,14.0085,-0.064967,18.545018,-0.27994,3.079025,-19.517454
,3277.31,3284.26,3232.12,3233.13,3233.13,39957344,52611210820,-1.338916,-1.329993,16.741714,22.204994,12.531402,-1.006269,18.078603,1.861246,3.595133,-18.044341
,3231.22,3234.82,3171.8,3183.18,3183.18,37844304,49219898122,-1.557001,-1.544943,17.772493,22.384995,12.26005,1.030779,17.188468,3.683842,6.345647,-13.466388
,3183.77,3204.29,3169.1,3203.97,3203.97,30847780,41510426396,0.650997,0.65312,17.803878,22.305155,12.26005,0.031385,17.144219,2.210123,6.047535,-15.278248
,3214.22,3274,3207.27,3273.92,3273.92,45800934,62587395428,2.159738,2.183229,18.73725,22.78262,12.26005,0.933372,15.766612,0.083962,3.618905,-17.116687
,3277.88,3295.37,3256.59,3267.55,3267.55,46948013,62509130228,-0.194758,-0.194568,18.759949,22.760648,12.190456,0.022699,16.40198,-1.182772,2.680765,-17.508669
,3270.98,3296.41,3251.14,3293.87,3293.87,46062187,62114230718,0.80227,0.805496,18.672736,22.394719,12.190456,-0.087214,25.672653,-0.57453,-3.630839,-20.023092
,3297.82,3313.92,3288.51,3302.63,3302.63,49439462,65652976792,0.265596,0.265949,18.53882,21.798915,12.776405,-0.133915,25.621154,1.678723,-3.992501,-17.203081
,3305.55,3309.12,3272.92,3275.57,3275.57,46539536,62145531443,-0.822722,-0.819347,18.342567,21.853206,12.751804,-0.196253,26.624169,2.744411,-1.194379,-16.270374
,3282.05,3298.54,3271.03,3276.67,3276.67,44547966,58330301241,0.033576,0.033582,17.683289,21.139876,12.751804,-0.659279,26.870321,2.082138,-2.319572,-17.214061
,3270.39,3270.39,3222.82,3229.13,3229.13,44984285,58604759567,-1.461491,-1.450863,17.635352,21.250966,12.350912,-0.047937,26.419622,4.918928,-1.219183,-15.788828
,3226.8,3285.39,3220.59,3275,3275,47444965,61592843185,1.410512,1.420506,18.398328,20.498309,12.548078,0.762976,25.8857,3.961699,-3.195557,-17.971488
,3295.76,3363.6,3293.67,3358.54,3358.54,84724910,110326973484,2.518849,2.55084,19.994149,21.165755,12.548078,1.595822,24.644701,1.378264,-7.739501,-21.2059
,3361.35,3372.26,3350.31,3366.71,3366.71,56436980,78682669413,0.242965,0.24326,19.932814,20.914938,12.805894,-0.061335,24.533084,0.599381,-8.33891,-26.149851
,3369.19,3369.9,3338.75,3345.61,3345.61,53124287,72120886278,-0.628697,-0.626725,19.937352,20.896727,12.239349,0.004537,24.686438,0.03377,-8.921452,-26.644328
,3349.88,3392.48,3349.88,3391.94,3391.94,67772669,92360495841,1.375299,1.3848,17.979418,20.808444,8.838866,-1.957933,23.890903,-0.377191,-10.058477,-29.473729
,3400.14,3412.2,3391.81,3407.35,3407.35,69073452,99040760060,0.453283,0.454312,17.99841,20.806414,8.838866,0.018992,23.898639,-1.653282,-12.086017,-29.609632
,3422.85,3436.29,3386.89,3405.15,3405.15,65191710,93985883918,-0.064587,-0.064566,17.887759,20.689392,9.280439,-0.110652,24.186487,-0.395182,-11.461968,-30.395102
,3403.09,3404.58,3369.02,3386.95,3386.95,54011228,76733159936,-0.535918,-0.534485,17.987373,20.630451,8.830017,0.099615,28.280628,0.49362,-15.630242,-27.879038
,3381.31,3381.31,3336.16,3346.74,3346.74,62185322,89317468603,-1.194307,-1.187204,18.31022,20.726548,9.111337,0.322847,28.633765,1.419036,-16.531361,-26.001131
,3348.77,3379.4,3342.47,3379.17,3379.17,51280567,75590356319,0.964338,0.969003,18.545018,20.449316,8.737281,0.234798,28.467753,-0.6782,-16.742757,-27.142337
,3388.35,3393.56,3330.3,3351.48,3351.48,74565150,105996609644,-0.822808,-0.819432,18.078603,20.501395,8.272695,-0.466415,28.779979,-5.364726,-17.948981,-23.593734
,3350.73,3401.71,3324.05,3391.72,3391.72,79907695,116440339286,1.193513,1.200664,17.188468,20.661477,7.454056,-0.890135,28.293222,-6.654305,-18.525298,-23.693182
,3394.64,3404.52,3377.44,3403.71,3403.71,60306131,90787568716,0.352885,0.353508,17.144219,20.425535,7.454056,-0.044249,30.39158,-5.03179,-16.467929,-25.613844
,3407.02,3412.94,3365.88,3394.57,3394.57,61051685,88700235636,-0.268892,-0.268531,15.766612,19.307202,7.362504,-1.377607,30.328863,-5.854515,-16.85552,-24.625612
,3388.29,3388.29,3348.78,3356.33,3356.33,47140368,67235596653,-1.132898,-1.126505,16.40198,19.216031,7.141185,0.635367,34.539297,-5.08272,-21.21593,-25.20651
,3313.5,3313.5,3175.44,3176.42,3176.42,88416300,118855971989,-5.509334,-5.360319,25.672653,22.203123,24.724341,9.270673,31.968803,-0.139247,-13.642021,-19.405865
,3176.41,3196.65,3130.96,3173.37,3173.37,64137859,88005965691,-0.096066,-0.09602,25.621154,22.15998,24.090682,-0.051499,31.922406,-2.068277,-13.877751,-16.80561
,3178.88,3237.54,3164.76,3236.68,3236.68,66928331,93373377791,1.9754,1.99504,26.624169,22.579517,25.332767,1.003015,30.372762,-4.400121,-17.170544,-16.60429
,3222.68,3231.99,3177.73,3201.54,3201.54,71081688,98970386343,-1.091617,-1.08568,26.870321,21.708039,24.035814,0.246151,31.535784,-4.519742,-14.522154,-15.300241
,3198.78,3224.74,3172.58,3190,3190,61252679,92115669956,-0.361103,-0.360452,26.419622,21.687965,24.268794,-0.450699,35.2543,-3.920366,-10.450056,-13.710607
,3195.46,3207.72,3168.37,3172,3172,50894199,74959121055,-0.565861,-0.564263,25.8857,21.579289,23.251806,-0.533922,35.6935,-4.928761,-11.977667,-12.721737
,3163.1,3163.1,3060.85,3108.41,3108.41,65296574,88058360562,-2.025096,-2.004729,24.644701,21.836157,22.695181,-1.240999,35.342396,-2.344203,-9.95257,-10.055326
,3080.32,3122.11,3062.08,3097.35,3097.35,45995406,65484924588,-0.356443,-0.355809,24.533084,21.22367,22.031712,-0.111616,36.136714,-6.691952,-7.973228,-10.245723
,3114.94,3130.7,3059.8,3060.06,3060.06,48260971,69250868103,-1.211238,-1.203932,24.686438,21.183929,21.955968,0.153354,36.00899,-7.576139,-7.101027,-6.631304
,3060.12,3068.13,3014.07,3067.36,3067.36,54477881,73190884013,0.238273,0.238557,23.890903,21.18319,21.955968,-0.795535,36.899063,-7.06147,-10.079373,-6.37286
,3005.49,3056.08,2994.92,3019.45,3019.45,41248610,54558607131,-1.574256,-1.561929,23.898639,21.405171,21.250854,0.007736,36.744983,-7.516246,-9.559968,-5.116344
,2981.78,3036.86,2943.36,3036.39,3036.39,59670441,80835340414,0.559461,0.561029,24.186487,21.209189,21.521429,0.287847,36.718401,-7.458512,-9.633396,-4.002106
,3014.91,3014.91,2895.39,2896.86,2896.86,58770413,81502262034,-4.704192,-4.59526,28.280628,23.244759,25.869326,4.094141,33.207578,-0.344067,-5.710115,-1.072053
,2835.88,2892.53,2817.15,2836.79,2836.79,61119399,79147499714,-2.095426,-2.073625,28.633765,22.844379,25.949433,0.353137,32.558833,1.094876,-3.31143,1.387681
,2842.37,2872.31,2798.52,2858.23,2858.23,50209173,64909188147,0.752942,0.755784,28.467753,22.927975,25.949433,-0.166012,32.856843,-5.151373,-5.853722,-0.259237
,2916.33,2922.12,2790.7,2800.82,2800.82,58363490,73894666754,-2.029032,-2.008586,28.779979,22.916426,25.79091,0.312225,32.231952,-1.057767,-3.690493,3.399128
,2781.71,2832.15,2756.42,2818.16,2818.16,53002271,64693988243,0.617196,0.619104,28.293222,22.975874,25.79091,-0.486756,34.100176,-2.006759,-1.286737,3.489651
,2818.58,2886.97,2811.66,2886.91,2886.91,55145778,67486536614,2.410254,2.439535,30.39158,23.536409,25.79091,2.098358,33.001422,-5.734406,-4.857854,-1.897759
,2865.58,2888.09,2849.24,2868.02,2868.02,42498719,55175291043,-0.656483,-0.654333,30.328863,23.330012,25.440244,-0.062717,33.021401,-3.521149,-3.880072,-0.622922
,2828.88,2828.88,2712.44,2714.72,2714.72,52166847,62395513473,-5.493308,-5.345151,34.539297,25.719374,29.971578,4.210434,26.533549,5.683154,1.026496,3.676711
,2711.41,2781.84,2686.97,2771.35,2771.35,54509671,62746245805,2.064575,2.086035,31.968803,26.046391,26.306185,-2.570494,26.116254,1.525107,-2.750232,2.99299
,2748.95,2803.7,2723.3,2762.17,2762.17,45576221,54656401336,-0.331796,-0.331247,31.922406,26.039917,26.020965,-0.046397,28.488549,1.856903,0.667171,5.627909
,2739.22,2793.88,2721.07,2726.02,2726.02,42174803,52677914862,-1.317393,-1.308754,30.372762,26.076361,25.061481,-1.549645,28.037924,4.797196,2.094549,7.634552
,2656.42,2769.09,2647.6,2768.79,2768.79,54475383,63501808937,1.556773,1.568954,31.535784,26.114723,25.923367,1.163022,27.708927,2.901385,-0.372335,5.910082
,2787.75,2886.37,2787.75,2873.47,2873.47,74502338,89961882752,3.710996,3.780713,35.2543,27.137511,26.179934,3.718517,23.958008,-3.549684,-4.119589,2.811365
,2851.26,2855.33,2798.02,2813.94,2813.94,55168327,67954988050,-2.093472,-2.071711,35.6935,27.405637,25.368844,0.4392,23.017995,-2.511062,-2.798265,2.954907
,2814.44,2839.03,2797.63,2813.94,2813.94,39858564,48495603059,0,0,35.342396,27.220604,26.606456,-0.351104,23.100302,-2.025028,-3.513828,2.881044
,2808.05,2866.86,2771.59,2859.98,2859.98,53445209,65266773667,1.6229,1.63614,36.136714,27.496201,26.544601,0.794318,27.12572,-4.428839,-9.837714,1.796712
,2885.86,2893.69,2835.07,2850.3,2850.3,51534989,64342505421,-0.339038,-0.338464,36.00899,27.423545,27.74294,-0.127724,27.209792,-3.786542,-10.621849,-0.255738
,2835.33,2857.42,2772.79,2773.26,2773.26,46216854,56695803642,-2.740073,-2.702873,36.899063,27.488034,26.517771,0.890074,26.188867,-2.835819,-9.335879,2.732705
,2755.28,2782.29,2710.59,2744.16,2744.16,44851426,53230913831,-1.054851,-1.049307,36.744983,27.510972,26.903322,-0.15408,26.233136,-1.646772,-7.963647,4.084648
,2729.33,2757.91,2700.07,2757.53,2757.53,39587020,46364229493,0.486033,0.487216,36.718401,27.464245,26.903322,-0.026582,26.064001,0.888147,-9.299738,5.55379
,2769.1,2787.51,2735.7,2736.08,2736.08,39587258,47143262922,-0.780911,-0.77787,33.207578,27.418799,23.602331,-3.510824,27.427157,0.508195,-6.538681,5.928389
,2721.36,2748.48,2713.09,2744.39,2744.39,32746291,39858363381,0.303259,0.303719,32.558833,27.429124,24.792142,-0.648745,27.57589,0.526235,-6.15834,4.963326
,2692.83,2716.4,2673.34,2695.72,2695.72,39541993,47062703369,-1.78935,-1.773436,32.856843,27.594976,23.525333,0.29801,27.015279,1.728844,-4.545858,8.03942
,2694.11,2720.59,2672.06,2699.34,2699.34,35140182,42677104255,0.134197,0.134287,32.231952,27.528923,24.727758,-0.624891,28.970718,-0.117505,-1.95426,7.864823
,2711.64,2787.82,2687.33,2782.13,2782.13,60209533,70710080539,3.020952,3.067046,34.100176,28.226506,24.727758,1.868225,26.957002,-0.052851,-3.881147,6.705747
,2755.94,2776.26,2746.11,2750.02,2750.02,42906334,50312244286,-1.160864,-1.154152,33.001422,28.230727,23.579986,-1.098754,27.188267,1.217998,-4.288061,8.13582
,2766.2,2782.09,2755.95,2758.87,2758.87,40558585,48871478557,0.321299,0.321816,33.021401,27.807417,24.280396,0.019979,27.328638,-0.013412,-3.89002,7.742758
,2778.53,2784.92,2742.64,2742.73,2742.73,32612356,40293233998,-0.58674,-0.585022,26.533549,27.81357,12.518408,-6.487852,27.831391,0.53707,-5.017076,6.483973
,2739.03,2755.84,2686.61,2696.17,2696.17,41808344,50256350918,-1.712153,-1.697579,26.116254,27.868414,12.107883,-0.417295,27.340465,1.477074,-3.013612,8.40401
,2698.98,2784.47,2686.32,2780.66,2780.66,55261482,62809190519,3.085606,3.133704,28.488549,28.713865,11.66665,2.372296,26.492406,-2.324095,-3.59503,6.328444
,2772.89,2795.32,2766.44,2783.72,2783.72,39096052,45207207792,0.109985,0.110046,28.037924,28.703122,12.372077,-0.450626,27.776813,-7.135067,-1.528295,6.309224
,2768.7,2788.22,2734.05,2758.5,2758.5,35600350,41600240721,-0.910111,-0.905982,27.708927,28.725473,11.882982,-0.328996,27.615281,-7.348129,-0.405752,5.456165
,2753.71,2783.51,2739.81,2757.5,2757.5,29220682,33772857040,-0.036258,-0.036252,23.958008,28.62488,12.831531,-3.75092,27.968269,-8.765974,0.859038,3.572413
,2744.12,2759.45,2715.66,2736.29,2736.29,30671782,34649179151,-0.772148,-0.769175,23.017995,28.42863,12.048556,-0.940013,27.827696,-7.676444,2.054194,4.469754
,2734.51,2751.46,2710.09,2716.78,2716.78,27710044,31198277084,-0.715563,-0.713009,23.100302,27.825431,11.608756,0.082307,27.715099,-7.810938,3.411072,4.781199
,2717.47,2724.23,2591.69,2592.02,2592.02,48758552,50635969685,-4.700986,-4.592201,27.12572,29.184346,19.543462,4.025418,21.183688,-1.129806,7.565218,9.750262
,2572.91,2575.82,2546.84,2563.07,2563.07,35698794,35809892277,-1.123174,-1.11689,27.209792,29.21588,19.005446,0.084072,21.56353,0.676967,11.091572,12.523796
,2557.92,2574.1,2524.57,2526.07,2526.07,32857646,32478457404,-1.454102,-1.443581,26.188867,29.038199,17.89972,-1.020924,20.223558,1.954202,13.042392,13.144148
,2523.03,2542.12,2462.2,2534.1,2534.1,44914100,43367318435,0.317381,0.317885,26.233136,29.020648,18.658253,0.044268,20.486931,4.362616,12.407271,12.614804
,2507.35,2529.43,2476.49,2512.65,2512.65,32178574,30922298985,-0.850057,-0.846454,26.064001,29.01571,17.979254,-0.169134,20.038199,6.306738,14.931027,15.556367
,2504.87,2563.41,2502.93,2562.9,2562.9,39714762,38976836519,1.980146,1.999881,27.427157,29.459623,18.615818,1.363156,21.360516,2.758814,11.176743,17.210857
,2561.11,2580.61,2548.56,2580.48,2580.48,35720909,37059898462,0.6836,0.685942,27.57589,29.5123,18.615818,0.148733,21.365848,2.794555,10.857451,19.398367
,2591.51,2602.23,2564.64,2575.92,2575.92,34056966,35348760455,-0.176868,-0.176711,27.015279,29.373801,19.138947,-0.560611,21.832774,1.257626,10.140343,20.838566
,2578.55,2662.16,2557.26,2647.1,2647.1,58493045,61470066938,2.725795,2.763285,28.970718,30.074571,19.138947,1.955439,20.670868,-1.176857,9.043881,19.516482
,2647.42,2689.81,2636.65,2676.22,2676.22,58462491,63462262470,1.094065,1.100072,26.957002,30.052843,19.138947,-2.013716,20.55693,0.233266,8.657534,18.62609
,2649.66,2649.66,2618.34,2634.59,2634.59,43228506,45125109071,-1.567778,-1.555552,27.188267,30.106449,19.218716,0.231266,22.856312,3.977764,7.248157,23.354779
,2640.93,2684.62,2640.54,2653.61,2653.61,46688860,49497106670,0.71934,0.721934,27.328638,30.196587,19.218716,0.14037,22.838199,3.470855,7.14717,21.986642
,2650.33,2680.44,2607.79,2608.52,2608.52,40440459,41444710868,-1.713797,-1.699195,27.831391,30.279303,19.065143,0.502753,22.280405,6.413184,7.667291,25.781081
,2597,2621.33,2573.79,2616.13,2616.13,35063302,35422326209,0.291312,0.291736,27.340465,28.389752,19.884806,-0.490926,22.554677,6.54488,8.756834,26.116124
,2592.09,2691.94,2585.01,2682.47,2682.47,53868070,59826125817,2.504189,2.535807,26.492406,28.972848,19.884806,-0.848059,22.320437,4.682007,8.555768,22.956546
,2685.46,2746.24,2685.46,2741.5,2741.5,73128345,80958216794,2.17672,2.200584,27.776813,29.042642,19.884806,1.284407,21.379253,1.958446,7.068297,20.897397
,2744.7,2766.21,2733.72,2747.33,2747.33,70757092,73734684585,0.212432,0.212657,27.615281,29.009306,20.862577,-0.161532,21.454946,4.149195,6.688169,23.671306
,2738.03,2783.14,2734.07,2781.29,2781.29,61064806,63576603000,1.228532,1.236109,27.968269,29.166972,20.803188,0.352988,21.2246,3.417381,6.071916,22.010942
,2787.52,2806.98,2769.44,2793.08,2793.08,64518565,70423335023,0.423008,0.423904,27.827696,29.188517,21.813726,-0.140572,22.669709,2.676632,3.698978,19.776809
,2798.76,2811.95,2775.78,2811.05,2811.05,53580026,59848905278,0.641315,0.643376,27.715099,28.991954,22.862509,-0.112598,22.620844,3.709017,2.9838,18.953771
,2803.75,2812.21,2785.37,2795.72,2795.72,49799884,55963991462,-0.54684,-0.545348,21.183688,28.999876,9.007775,-6.531411,22.505705,2.481719,4.069207,18.978012
,2796.48,2866.4,2784.16,2863.72,2863.72,79985954,84516845765,2.40318,2.432289,21.56353,29.38939,9.856295,0.379843,22.724328,0.442846,-0.725461,19.289729
,2866.77,2888.6,2852,2877.98,2877.98,95965409,92278224492,0.496718,0.497954,20.223558,29.407258,10.449103,-1.339973,22.664091,-0.947848,-0.973809,18.508415
,2871.48,2876.14,2844.68,2868.85,2868.85,62575591,65224482367,-0.317741,-0.317236,20.486931,29.251675,10.260319,0.263374,22.672363,0.999226,-0.358975,17.582871
,2868.28,2922.61,2867.45,2917.27,2917.27,71743300,73569074427,1.673699,1.687784,20.038199,29.445062,11.470901,-0.448733,22.970961,0.033245,-0.0775,17.652771
,2925.25,2929.61,2865.76,2865.97,2865.97,81748364,86870574135,-1.774139,-1.758493,21.360516,28.053431,11.832575,1.322317,22.068253,-1.169772,1.290327,20.578137
,2858.35,2876.59,2818.25,2876.43,2876.43,71318039,75670144265,0.364308,0.364972,21.365848,27.726389,11.832575,0.005333,22.183652,-0.915727,0.264215,20.999476
,2874.66,2877.31,2833.67,2850.83,2850.83,67157581,73038457567,-0.893976,-0.889992,21.832774,27.746658,10.046782,0.466926,22.350764,-1.215426,2.444935,21.197234
,2848.16,2898.53,2821.03,2897.66,2897.66,74914895,82145150913,1.629333,1.64268,20.670868,27.619084,10.046782,-1.161907,21.63178,-1.463905,0.775202,18.860514
,2894.1,2922.62,2888.04,2918.24,2918.24,74726391,83431980844,0.707718,0.710228,20.55693,27.627552,10.046782,-0.113938,22.476624,0.1315,1.92936,18.462964
,2920.4,2925.3,2832.08,2832.64,2832.64,78435034,84283699448,-2.977156,-2.933275,22.856312,27.873588,15.676286,2.299382,19.321135,3.797905,5.175724,15.02345
,2823.15,2864.36,2823.15,2850.21,2850.21,54979133,58786302173,0.618354,0.620269,22.838199,27.873968,15.676286,-0.018113,19.306082,3.011854,4.485608,15.103176
,2822.79,2860.37,2810.1,2816.39,2816.39,59893227,65825613506,-1.193675,-1.186579,22.280405,25.55817,15.463352,-0.557794,20.064814,4.817808,3.833758,11.813054
,2818.41,2856.04,2799.22,2855.55,2855.55,58507721,62923747790,1.380855,1.390432,22.554677,25.366967,15.463352,0.274273,19.568652,1.487024,2.660788,8.339814
,2851.22,2927.69,2843.02,2922.08,2922.08,81068043,91427507573,2.303122,2.329849,22.320437,25.769201,15.463352,-0.234241,18.153918,-0.889961,1.367705,7.445893
,2927.26,2949.73,2917.83,2942.29,2942.29,76452912,86700542871,0.68925,0.691631,21.379253,25.627594,15.463352,-0.941184,18.006145,-1.040644,0.769222,7.733131
,2945.98,2962.75,2924.67,2937.36,2937.36,70747600,80832368101,-0.167697,-0.167557,21.454946,25.459871,15.624248,0.075693,19.105498,-3.264435,-0.826252,7.683217
,2940.77,2975.19,2928.01,2955.4,2955.4,76924865,91734587115,0.612279,0.614157,21.2246,24.349732,15.624248,-0.230347,20.047797,-3.628343,-3.358541,5.008156
,2943.33,2951.96,2892.64,2898.33,2898.33,71663306,82298173112,-1.94993,-1.931041,22.669709,24.297563,15.189053,1.445109,18.923014,-1.381321,-1.283418,9.181524
,2895.71,2920.54,2886.66,2896.19,2896.19,48915517,57772779300,-0.073863,-0.073836,22.620844,24.298673,15.464244,-0.048864,18.961531,0.647717,-1.613674,10.706544
,2892.13,2933.12,2866.8,2911.83,2911.83,61093796,65036592635,0.538567,0.54002,22.505705,24.099295,16.15359,-0.115139,18.868448,-0.297162,-1.884163,9.275839
,2893.99,2904.66,2842.25,2843.02,2843.02,63610621,67048224427,-2.391488,-2.363119,22.724328,24.595488,16.437739,0.218623,17.763869,1.432522,2.157685,11.516972
,2853.1,2868.88,2836.13,2850.09,2850.09,48670442,51862922913,0.248371,0.248679,22.664091,23.929198,16.437739,-0.060238,18.063135,2.470896,1.075564,9.591317
,2847.45,2861.07,2833.42,2858.57,2858.57,40789582,46699343358,0.297093,0.297534,22.672363,23.823829,16.412555,0.008272,18.062569,2.133403,0.566509,9.263298
,2874.25,2921.08,2872.92,2915.01,2915.01,65749882,77341616491,1.955175,1.974414,22.970961,24.122299,16.412555,0.298598,18.260853,2.040104,0.702839,7.913426
,2905.15,2910.06,2889.81,2903.19,2903.19,65766104,79976347302,-0.406312,-0.405487,22.068253,24.076536,17.152037,-0.902707,22.178532,2.715625,4.743786,8.417945
,2907.66,2931.76,2859.17,2884.04,2884.04,76975578,87931887194,-0.661804,-0.659619,22.183652,24.122723,16.350218,0.115398,23.767722,3.305666,8.2767,9.314105
,2917.74,2931.55,2903.03,2921.39,2921.39,70700851,88923142593,1.286744,1.295058,22.350764,23.926031,17.376847,0.167112,23.75646,0.173397,8.253289,9.119752
,2926.94,2929.55,2891.88,2920.21,2920.21,72641027,87724829649,-0.0404,-0.040392,21.63178,23.9287,17.426539,-0.718985,23.943488,0.421682,9.697399,8.266894
,2935.89,2980.42,2935.89,2975.09,2975.09,93855681,110466116424,1.861876,1.879317,22.476624,23.443801,17.426539,0.844844,23.395877,-0.430155,8.039196,4.863826
,2979.3,2991.44,2959.9,2983.11,2983.11,73519361,85488193860,0.269209,0.269572,19.321135,23.294948,14.273056,-3.155489,25.348466,-0.608598,10.930898,5.823203
,2970,2982.72,2953.84,2980.97,2980.97,72872002,92660879129,-0.071763,-0.071737,19.306082,23.295492,13.988586,-0.015053,25.616485,-2.300005,10.353864,8.980354
,2986.87,2986.87,2922.2,2926.46,2926.46,81395554,103248280132,-1.845525,-1.828599,20.064814,23.601523,14.995131,0.758732,24.582701,-2.37449,14.280032,11.083439
,2928,2940.79,2890.03,2932.55,2932.55,65086704,83743163807,0.207885,0.208101,19.568652,23.29508,14.995131,-0.496161,24.513212,-2.457182,14.698501,10.205623
,2933.59,2977.08,2925.42,2962.32,2962.32,67279900,87536178972,1.010039,1.015157,18.153918,22.550589,14.995131,-1.414734,24.973819,-3.87134,13.033072,8.67168
,2971.55,2984.47,2954.51,2965.01,2965.01,70105903,87204421695,0.090766,0.090807,18.006145,22.550606,14.995131,-0.147773,24.966015,-3.694029,13.059878,8.425718
,2965.54,2965.54,2905.63,2913.19,2913.19,71619642,86445964329,-1.76317,-1.747718,19.105498,22.781234,15.099924,1.099352,24.558614,-0.280498,17.809389,8.721102
,2908.32,2917.85,2834.03,2857.79,2857.79,74074284,84198375910,-1.92001,-1.901695,20.047797,23.150274,14.931976,0.942299,22.805355,0.805762,19.297567,12.845562
,2864.72,2877.08,2847.68,2861.37,2861.37,51938867,62466326737,0.125193,0.125272,18.923014,23.085534,15.042773,-1.124782,24.707385,0.468605,17.361249,11.666679
,2865.04,2872.22,2829.76,2849.83,2849.83,50283104,57582985440,-0.404119,-0.403303,18.961531,23.048803,14.479868,0.038516,24.567723,2.96423,17.583645,11.232574
,2859.43,2869.38,2844.12,2857.48,2857.48,35751881,44742025248,0.268077,0.268437,18.868448,20.785186,14.479868,-0.093082,24.985342,6.330788,16.792967,10.156818
,2869.93,2905.53,2864.21,2905.03,2905.03,49071823,62611534184,1.65036,1.664054,17.763869,20.82958,12.938051,-1.104579,25.718462,7.551538,17.857506,6.486484
,2900.54,2900.54,2875.66,2880.91,2880.91,58660826,80859749613,-0.83375,-0.830284,18.063135,20.656135,12.105987,0.299266,25.299946,9.64862,18.406659,5.53717
,2877.27,2908.73,2866.85,2874.81,2874.81,56782236,74516021987,-0.211963,-0.211739,18.062569,20.673854,11.900328,-0.000566,26.162288,11.264294,17.375338,6.302619
,2859.06,2935.59,2857.42,2935.57,2935.57,63000247,80709727516,2.091506,2.113531,18.260853,20.907097,11.900328,0.198284,25.975107,9.376461,17.027432,4.285225
,2965.65,3055.84,2963.24,3044.23,3044.23,99994720,134986634589,3.634635,3.701496,22.178532,21.746841,12.387448,3.917679,23.855083,8.902737,14.544024,2.722894
,3069.19,3154.2,3069.19,3132.9,3132.9,158734904,212607066630,2.87111,2.912723,23.767722,22.370446,13.181686,1.58919,22.47808,5.38283,12.458561,1.796151
,3121.64,3173.85,3106.22,3172.73,3172.73,127361705,178245219770,1.263332,1.271346,23.75646,22.427547,13.181686,-0.011262,22.811359,6.200141,10.49901,0.092307
,3176.89,3221.65,3165.58,3217.58,3217.58,144607773,195444719896,1.403711,1.413609,23.943488,21.988045,12.975632,0.187028,22.963072,5.422784,8.387913,-1.817143
,3245.13,3286.02,3215.03,3224.14,3224.14,179611838,227654458634,0.203672,0.20388,23.395877,21.930718,12.975632,-0.547611,22.952912,4.563722,8.494409,-1.800148
,3204.72,3327.68,3199.12,3327.68,3327.68,193414140,245619296303,3.160912,3.211399,25.348466,22.338343,12.975632,1.952589,31.424256,1.520382,-1.083172,-6.82348
,3345.8,3390.01,3288.78,3306.16,3306.16,217882051,267884370339,-0.648797,-0.646697,25.616485,22.427779,11.619515,0.268019,31.4499,5.15552,0.263705,-5.637871
,3300.52,3375.87,3280,3375.67,3375.67,130441791,165488914490,2.080643,2.102439,24.582701,22.272135,11.332158,-1.033784,34.235166,2.643045,-6.300736,-7.162608
,3304.22,3439.23,3301.01,3396.88,3396.88,166528460,235372057455,0.626354,0.62832,24.513212,22.273828,11.332158,-0.06949,34.60186,0.205566,-9.019476,-7.8227
,3404.72,3418.09,3344.96,3374.69,3374.69,123883245,175383712722,-0.65539,-0.653247,24.973819,21.959303,10.508825,0.460608,35.210817,0.679232,-6.954884,-8.753062
,3365.6,3408.49,3346.11,3378.66,3378.66,116361857,163153618542,0.117571,0.11764,24.966015,21.643958,10.508825,-0.007805,35.492236,0.039061,-6.095969,-12.745365
,3386.85,3481.35,3366.43,3481.08,3481.08,145433105,208809404746,2.986341,3.031379,24.558614,22.306028,9.52259,-0.407401,33.30662,-0.232382,-9.29992,-15.620819
,3491.47,3499.82,3436.46,3466.08,3466.08,142636999,205216457176,-0.431832,-0.430901,22.805355,22.300411,3.540579,-1.753258,33.784791,-0.085147,-10.930871,-12.957263
,3451.43,3490.22,3398.09,3403.87,3403.87,123761570,177072552070,-1.811125,-1.794823,24.707385,22.742036,8.333226,1.902029,34.801911,0.482694,-6.896307,-14.490268
,3390.43,3420.89,3371.44,3397.69,3397.69,98349456,141135882042,-0.181723,-0.181558,24.567723,22.756401,8.775503,-0.139661,35.381246,2.408017,-5.263427,-13.001209
,3400.26,3404.6,3351.6,3379.98,3379.98,100458970,145528365885,-0.5226,-0.521236,24.985342,22.75253,8.173695,0.417619,35.441449,4.081844,-5.632965,-13.463175
,3390.41,3473,3390.41,3473,3473,126269148,186725762506,2.714898,2.752087,25.718462,22.88324,8.173695,0.733119,33.64204,2.152593,-8.498218,-16.706848
,3484.23,3522.18,3449.72,3463.13,3463.13,154911450,233976228513,-0.284597,-0.284192,25.299946,22.913688,8.338089,-0.418516,33.927009,1.740972,-9.890906,-15.077649
,3462.74,3474.71,3419.08,3420.34,3420.34,126359303,178803329799,-1.243284,-1.235587,26.162288,23.099481,8.642717,0.862342,33.844979,2.276869,-8.678548,-12.234304
,3426.46,3480.93,3419.64,3480.5,3480.5,116799481,164721393800,1.7436,1.758889,25.975107,23.117762,8.642717,-0.187181,33.106776,0.843438,-9.816845,-13.639139
,3538.99,3554.47,3498.28,3520.8,3520.8,137688027,196618041454,1.151227,1.15788,23.855083,22.774686,8.642717,-2.120024,32.621505,-6.72446,-10.869866,-13.48924
,3534.19,3549.3,3506.38,3548.57,3548.57,126470759,174067581795,0.785647,0.788741,22.47808,22.792735,8.642717,-1.377003,32.3814,-6.812026,-11.421157,-14.249862
,3547.44,3547.44,3498.62,3523.95,3523.95,122454533,170174876748,-0.696219,-0.693801,22.811359,22.750199,8.08571,0.333278,32.907838,-10.599605,-9.632547,-14.741255
,3507.2,3508.27,3470.97,3499.11,3499.11,120078578,176529783278,-0.707387,-0.704891,22.963072,22.694346,7.623523,0.151713,32.931356,-11.984604,-9.818418,-11.97655
,3490.74,3557.99,3484.89,3509.98,3509.98,138976233,209121524845,0.310169,0.31065,22.952912,22.679533,7.623523,-0.01016,32.989693,-10.885572,-11.669779,-11.746969
,3484.61,3497.06,3284.35,3291.83,3291.83,160733850,224200791087,-6.41667,-6.215135,31.424256,25.701422,28.216984,8.471344,25.334112,-3.492414,-4.024523,-2.23294
,3298.74,3319.98,3241.76,3314.89,3314.89,102315724,144492952434,0.69808,0.700522,31.4499,25.706816,29.564044,0.025644,27.759279,-4.408105,-1.637214,-2.976695
,3311.62,3311.62,3155.48,3169.54,3169.54,108307072,154278113336,-4.483797,-4.384761,34.235166,27.329992,31.930656,2.785266,22.365076,-1.98709,3.104143,2.461612
,3124.11,3168.93,3087.51,3103.91,3103.91,83258080,118981231625,-2.092386,-2.070647,34.60186,27.6128,30.533357,0.366694,20.997236,2.328734,4.526597,4.473314
,3134.94,3158.63,3097.39,3147.96,3147.96,65697292,94476115838,1.409202,1.419178,35.210817,27.373293,31.615644,0.608957,20.671558,2.37069,2.593492,2.010181
,3168.17,3178.85,3076.21,3178.85,3178.85,83347654,114672977294,0.976487,0.98127,35.492236,27.404934,31.615644,0.281419,20.445768,0.502064,1.461808,2.456639
,3148.22,3200.47,3137.75,3171.94,3171.94,83212776,114302974766,-0.217611,-0.217374,33.30662,27.407432,30.916086,-2.185616,21.150953,0.56932,0.211634,-0.263909
,3156.48,3156.48,3061.62,3107.18,3107.18,77399591,105281461473,-2.062783,-2.041653,33.784791,27.751705,30.414803,0.478172,21.026348,0.954818,4.478865,2.151018
,3088.99,3177.41,3088.99,3177.04,3177.04,75332083,107688446612,2.223438,2.248341,34.801911,27.76359,31.896241,1.017119,20.090035,-1.299547,1.201737,0.43656
,3197.97,3227.05,3172.28,3223.48,3223.48,83442094,116948295300,1.451158,1.461738,35.381246,27.886001,32.521127,0.579336,19.625783,-2.145401,-1.087644,-0.805474
,3214.13,3224.52,3170.36,3194.85,3194.85,64467824,96226367197,-0.892138,-0.888171,35.441449,27.96113,32.142263,0.060202,19.580202,-1.155056,-1.003184,1.389738
,3183.54,3206.76,3159.46,3190.05,3190.05,58994892,88799073974,-0.150355,-0.150242,33.64204,27.46227,31.634189,-1.799409,20.794144,-0.770346,-2.872803,2.012189
,3187.53,3205.78,3060.44,3136.99,3136.99,85762355,120572328539,-1.677285,-1.663297,33.927009,27.727647,30.697147,0.284969,20.900735,1.999331,-2.978583,3.332759
,3127.26,3150.44,3111.65,3136.02,3136.02,48882668,69472579579,-0.030926,-0.030921,33.844979,27.728862,31.853876,-0.08203,21.046934,1.136999,-2.39417,2.69609
,3185.76,3194.23,3154.32,3155.06,3155.06,61023908,89764278070,0.605303,0.607139,33.106776,27.491412,31.853876,-0.738203,20.888104,-1.009497,-2.925362,3.598734
,3161.93,3171.38,3134.42,3158.16,3158.16,50475354,71387337327,0.098207,0.098255,32.621505,27.46866,31.853876,-0.485271,22.320796,0.120883,-0.951264,5.433616
,3168.88,3185.33,3140.55,3165.57,3165.57,56362630,80043207937,0.234355,0.23463,32.3814,27.418241,31.853876,-0.240106,23.406195,2.971916,0.758746,5.28769
,3152.73,3214.69,3112.22,3200.34,3200.34,58483653,85548293130,1.092392,1.09838,32.907838,27.386858,33.047732,0.526438,23.121004,2.137084,-0.774157,4.237238
,3194.9,3215.28,3166.77,3171.88,3171.88,59515663,87056105048,-0.893258,-0.889281,32.931356,27.468102,32.876879,0.023518,22.971475,2.360411,-0.386637,3.359822
,3156,3175.05,3122.2,3123.37,3123.37,66152965,83159036199,-1.541192,-1.529377,32.989693,27.441145,31.234838,0.058337,22.263778,3.3777,1.375223,3.893597
,3107.38,3172.16,3101.08,3161.98,3161.98,57108105,78069117443,1.228587,1.236165,25.334112,27.5395,21.082415,-7.655581,22.824608,1.993917,-1.715785,3.142409
,3176.33,3261.34,3173.56,3261.06,3261.06,95713739,132088353616,3.085388,3.13348,27.759279,28.208776,21.082415,2.425167,19.708308,-2.559257,-4.264361,-1.766475
,3270.2,3279.36,3254.18,3269.47,3269.47,84104241,114928736614,0.25756,0.257892,22.365076,27.901024,12.964712,-5.394203,19.830902,-0.612368,-3.966015,-0.65269
,3270.78,3282.77,3242.52,3247.64,3247.64,72269785,104793174443,-0.669931,-0.667692,20.997236,27.955855,11.506519,-1.36784,19.758676,-0.996126,-3.329822,-1.568443
,3246.01,3258.39,3224.12,3230.67,3230.67,56799625,79262377015,-0.523903,-0.522533,20.671558,27.935749,11.014922,-0.325678,20.363674,-1.310446,-4.391669,-0.464759
,3229.3,3232.84,3212.58,3225.66,3225.66,44919147,65697259729,-0.155197,-0.155076,20.445768,27.942318,10.989462,-0.22579,24.138077,-1.962928,-8.111205,-0.576736
,3239.02,3249.76,3118,3178.66,3178.66,74759693,107521977283,-1.467786,-1.457066,21.150953,27.862812,10.945071,0.705185,23.865591,-2.515117,-6.532533,1.384047
,3184.7,3251.55,3168.89,3249.51,3249.51,79852420,112461675290,2.204449,2.228927,21.026348,27.83909,9.619118,-0.124605,23.904122,-6.50263,-6.505258,0.473411
,3253.82,3263.45,3201.67,3215.45,3215.45,69936258,98309032433,-1.05369,-1.048158,20.090035,27.959743,9.205802,-0.936313,26.110632,-4.895454,-8.795698,1.110605
,3210.67,3237.64,3183.15,3188.61,3188.61,61315847,84430476449,-0.838223,-0.83472,19.625783,28.013539,8.777657,-0.464253,26.778566,-3.98312,-6.650138,3.266326
,3170.64,3187.72,3139.45,3162.96,3162.96,55137767,72989136209,-0.807679,-0.804426,19.580202,28.08693,8.771275,-0.045581,26.827513,-1.103136,-6.827026,3.95525
,3176.11,3219.66,3092.26,3099.71,3099.71,70017107,99855478580,-2.019974,-1.999709,20.794144,28.266915,9.653756,1.213942,26.102378,2.861204,-5.335827,4.979881
,3084.82,3095.36,3041.33,3044.93,3044.93,56325749,74843956564,-1.783065,-1.767262,20.900735,28.468253,9.840842,0.106591,26.053652,4.203757,-2.20816,6.704611
,3049.93,3062.56,3025.22,3061.83,3061.83,45192775,60134777207,0.553486,0.555021,21.046934,28.476532,9.036378,0.146199,26.665045,3.144532,-1.161585,5.13898
,3063.05,3079.91,3027.9,3064.1,3064.1,54281429,70284275917,0.074111,0.074139,20.888104,28.173977,9.036378,-0.15883,26.698973,3.291088,-0.896932,6.587061
,3069.05,3129.45,3067.11,3128.26,3128.26,62566078,90545901164,2.072305,2.093926,22.320796,27.503999,9.036378,1.432693,26.01959,-0.643638,-1.66811,5.679446
,3155.56,3194.36,3143.6,3189.68,3189.68,85410440,129159620771,1.944366,1.963392,23.406195,27.160763,9.036378,1.085399,24.90373,-2.051192,-3.587451,4.137462
,3170.18,3193.78,3158.87,3175.66,3175.66,79268810,116943213907,-0.440511,-0.439543,23.121004,27.054539,9.083807,-0.285191,25.14764,-1.054774,-4.334552,5.444734
,3177.83,3198.05,3152.57,3159.64,3159.64,59681092,91568447016,-0.505739,-0.504462,22.971475,26.914496,9.372943,-0.149529,26.372847,-0.582774,-1.771495,5.354371
,3156.36,3209.9,3141.12,3166.62,3166.62,84093233,113651250191,0.220668,0.220911,22.263778,26.91515,9.386134,-0.707697,26.446689,-2.389192,-1.452413,4.933709
,3162.08,3182.78,3102.43,3108.19,3108.19,65494406,87992881712,-1.862421,-1.845185,22.824608,26.33404,9.91066,0.56083,27.819158,-4.401504,3.507368,8.147437
,3096.25,3131.29,3084.51,3124.92,3124.92,56985917,74832449402,0.536812,0.538255,19.708308,26.34324,9.91066,-3.1163,27.795609,-4.827428,2.924881,7.061379
,3135.18,3153.43,3099.41,3142.34,3142.34,58498518,71551421416,0.555906,0.557454,19.830902,25.988585,9.91066,0.122594,27.909306,-3.151611,3.323484,6.66577
,3153.99,3157.04,3127.16,3141.28,3141.28,51936988,66925783701,-0.033739,-0.033733,19.758676,25.942853,10.800611,-0.072227,27.914263,-6.462002,3.276538,6.714393
,3129.67,3129.67,3083.51,3091.86,3091.86,53351439,71012100141,-1.585751,-1.573244,20.363674,26.092902,10.919157,0.604998,27.533399,-3.568915,3.808358,6.387911
,3067.43,3078.88,2968.61,2974.35,2974.35,66807562,85454121099,-3.874732,-3.800625,24.138077,27.180809,16.060008,3.774403,23.247474,-0.678749,9.106036,10.261127
,2965.42,2984.47,2947.6,2977.65,2977.65,42964564,54652416480,0.110887,0.110949,23.865591,26.361925,16.833698,-0.272486,26.180899,-1.318411,6.05699,10.80379
,2978.46,3045.6,2967.24,3044.85,3044.85,56571942,72772226927,2.231724,2.256813,23.904122,26.848581,16.833698,0.038531,25.175038,-2.205532,4.17741,8.045265
,3037.86,3037.86,2944.5,2944.71,2944.71,61046643,76440116738,-3.34413,-3.288832,26.110632,27.415439,19.230663,2.20651,21.393923,2.738658,8.03052,9.851234
,2935.23,3030.26,2935.14,2983.46,2983.46,73102966,85157790710,1.307336,1.315919,26.778566,27.598539,19.877663,0.667934,21.130755,1.770087,6.932308,7.969561
,2986.09,2999.2,2943.92,2954.23,2954.23,65472545,75805236102,-0.984566,-0.979735,26.827513,27.636622,19.692795,0.048946,20.776638,4.05578,9.219948,8.287712
,2949.65,2960.59,2919.16,2938.65,2938.65,48982689,57572819537,-0.528775,-0.527379,26.102378,26.954206,20.307668,-0.725135,20.445361,4.60958,10.220819,7.318487
,2939.77,2982.32,2939.36,2978.43,2978.43,43374979,51746038070,1.344602,1.353683,26.053652,27.158638,21.471701,-0.048726,20.417269,2.077365,8.519501,6.94769
,2953.59,3037.16,2935.27,3026.47,3026.47,82585919,96976029913,1.600061,1.61293,26.665045,27.33958,21.471701,0.611394,20.273952,2.534622,6.251845,5.922598
,3020.12,3047.27,3011.38,3036.74,3036.74,63013589,78241917729,0.338765,0.339339,26.698973,27.062341,21.471701,0.033928,20.713979,2.735608,7.421029,2.993848
,3035.42,3076.55,3032.45,3076.51,3076.51,67105914,83070309373,1.301127,1.309628,26.01959,27.096677,21.471701,-0.679384,21.205954,4.531841,8.05299,1.599678
,3083.49,3087.23,3062.83,3077.28,3077.28,49862530,65832698489,0.025025,0.025028,24.90373,27.020257,21.471701,-1.115859,21.192169,4.461141,8.116395,1.423553
,3055.4,3087.55,3031.75,3040.95,3040.95,60394145,78148356164,-1.187612,-1.180588,25.14764,27.074601,20.701964,0.24391,20.40064,6.603262,9.345946,2.878636
,3034.08,3105.32,3024.35,3104.16,3104.16,66603662,86967273678,2.057318,2.078627,26.372847,27.463304,21.119425,1.225207,20.961055,4.465259,5.517954,1.568101
,3100.27,3133.5,3092.58,3120.96,3120.96,75975553,99001500830,0.53975,0.541209,26.446689,27.485527,21.119425,0.073842,21.417238,2.871579,3.970787,0.769868
,3123.25,3227.43,3123.25,3219.14,3219.14,121302331,155829380802,3.09736,3.145827,27.819158,25.100563,22.774685,1.372469,18.539822,1.197164,1.350826,-3.719614
,3223.22,3259.64,3215.62,3217.67,3217.67,109554438,147747227925,-0.045675,-0.045664,27.795609,25.053741,22.924015,-0.023549,19.720251,-1.69532,-0.426995,-2.82349
,3211.14,3248.85,3195.47,3248.53,3248.53,91334283,125549596910,0.954509,0.959079,27.909306,23.364737,22.924015,0.113697,20.04664,-2.297685,-0.010159,-4.66521
,3255.63,3265.26,3218.91,3245.91,3245.91,88964695,127559673833,-0.080684,-0.080652,27.914263,22.940053,22.821024,0.004957,20.823254,-1.70802,-1.515159,-4.083599
,3240.05,3242.37,3203.12,3211.88,3211.88,75378684,104743371599,-1.053931,-1.048396,27.533399,22.883296,22.905526,-0.380864,20.611818,-0.444965,0.118552,-2.283111
,3192.15,3258.28,3189.85,3257.91,3257.91,79399776,108055882413,1.422945,1.433117,23.247474,22.979964,17.75293,-4.285925,19.932645,-0.564837,-1.571567,-4.304778
,3267.61,3269.05,3161.83,3163.58,3163.58,107863741,147588609007,-2.938159,-2.895415,26.180899,23.773375,19.610522,2.933425,16.893213,2.845418,1.859589,-1.335861
,3152.44,3182.19,3145.99,3174.74,3174.74,71324854,97251422739,0.352144,0.352765,25.175038,23.3924,19.610522,-1.005861,17.407678,2.136559,2.801258,-4.898264
,3170.24,3195.69,3157.97,3190.94,3190.94,66486893,94908281477,0.508981,0.510278,21.393923,22.967614,15.564678,-3.781115,17.457448,0.959983,1.875783,-5.300123
,3190.87,3213.79,3159.85,3197.62,3197.62,61619275,88275899352,0.209124,0.209343,21.130755,22.774349,15.564678,-0.263168,17.989788,2.258807,2.984156,-6.701969
,3200.68,3241.6,3178.83,3239.56,3239.56,76630663,109249970846,1.303074,1.311601,20.776638,22.856786,17.050065,-0.354116,17.481004,2.888822,1.562328,-8.405799
,3241.71,3273.51,3235.75,3254.89,3254.89,88566954,124040755772,0.472096,0.473212,20.445361,22.872195,18.668093,-0.331278,17.815221,2.505156,0.094889,-9.385159
,3237.12,3257.42,3202.83,3243.3,3243.3,80910641,113592007455,-0.356715,-0.35608,20.417269,22.608898,17.310212,-0.028092,17.766344,2.90381,0.393269,-9.325851
,3248.16,3271.64,3221.04,3221.72,3221.72,101219997,131217797700,-0.667595,-0.665372,20.273952,22.656898,15.88865,-0.143317,17.983883,1.800731,0.04872,-7.078322
,3223.51,3273.66,3217.48,3270.67,3270.67,80013915,107401810462,1.507948,1.519375,20.713979,22.827131,15.88865,0.440027,17.999763,-0.714634,0.062964,-8.499353
,3287.41,3337.47,3287.41,3334.51,3334.51,118187197,170406772534,1.933089,1.951894,21.205954,23.147734,15.88865,0.491975,17.090741,-2.170324,-0.705434,-12.058685
,3335.71,3342.71,3311.72,3337.46,3337.46,84878655,126306326053,0.08843,0.088469,21.192169,23.145794,15.88865,-0.013785,17.157084,-4.082249,-0.391482,-11.115813
,3344.1,3355.49,3322.7,3338.86,3338.86,78026361,113534089995,0.041939,0.041948,20.40064,23.051045,17.269067,-0.791529,17.443726,-2.752843,0.43334,-10.559815
,3330.44,3330.44,3279.33,3280.26,3280.26,78212642,117952630963,-1.770674,-1.75509,20.961055,23.276782,16.690169,0.560414,16.304069,-2.567854,1.607912,-8.643121
,3263.08,3290.7,3240.18,3247.38,3247.38,67208335,100306077088,-1.007417,-1.00236,21.417238,23.14568,15.452493,0.456183,15.834718,-0.980656,2.415335,-9.540287
,3238.91,3263.91,3230.11,3262.92,3262.92,63689783,94134688007,0.477398,0.47854,18.539822,23.035302,15.452493,-2.877416,16.389888,-1.725228,3.289244,-9.678142
,3250.59,3250.59,3147.96,3203.96,3203.96,96033979,129603315155,-1.823496,-1.80697,19.720251,22.464375,14.746178,1.180429,14.896038,0.591265,4.563492,-8.246374
,3204.92,3250.88,3202.93,3248.2,3248.2,78859520,111826095701,1.371345,1.380791,20.04664,22.640428,14.746178,0.326389,14.270516,0.513733,3.352445,-8.163768
,3216.29,3240.38,3185.08,3197.1,3197.1,85687114,117295727563,-1.585685,-1.573179,20.823254,22.831266,12.890792,0.776614,12.707717,1.682922,4.953014,-7.600138
,3228.92,3239.96,3205.14,3215.69,3215.69,61340161,86845200065,0.57978,0.581464,20.611818,22.840531,13.715101,-0.211436,14.757325,2.420639,2.461001,-9.728745
,3220.68,3236.28,3194.15,3207.11,3207.11,59105037,84105739105,-0.267173,-0.266817,19.932645,22.844771,14.328302,-0.679173,14.694149,2.569058,2.726657,-10.336659
,3217.8,3227.8,3175.93,3222.96,3222.96,57248684,80009792794,0.492997,0.494214,16.893213,22.662902,10.537463,-3.039432,14.756754,1.080718,2.887211,-11.42823
,3222.32,3267,3216.65,3264.93,3264.93,72077585,98540423659,1.293813,1.302219,17.407678,22.363387,10.537463,0.514465,14.283359,-0.271431,1.066596,-11.540488
,3269.57,3273.37,3250.02,3251.36,3251.36,61304244,88058905863,-0.416495,-0.415629,17.457448,22.272135,10.419316,0.04977,15.292018,-0.867079,-0.055069,-11.140838
,3256.18,3304.26,3254.68,3294.48,3294.48,86895979,122021366960,1.317497,1.326214,17.989788,22.355966,10.419316,0.532339,14.583794,-0.662384,-1.946903,-10.786007
,3307.41,3328.07,3286.86,3290.57,3290.57,97684300,139030083023,-0.118754,-0.118683,17.481004,22.28697,10.774746,-0.508783,14.723356,0.62106,-2.494564,-8.333351
,3288.56,3309.2,3256.34,3257.98,3257.98,105280164,132908076725,-0.995343,-0.990406,17.815221,21.9741,10.172167,0.334217,15.217399,2.018785,-2.997221,-7.040513
,3256.72,3274.98,3233.11,3256.08,3256.08,78336337,103271930321,-0.058335,-0.058318,17.766344,21.630108,10.714946,-0.048877,15.732072,2.943881,-1.96508,-6.809759
,3257.16,3264.96,3210.17,3223.29,3223.29,64503880,86565372662,-1.012144,-1.007039,17.983883,21.731282,10.67123,0.217539,15.516493,3.359923,-0.377968,-7.173362
,3227.56,3272.77,3220.91,3272.73,3272.73,63094722,86711549873,1.522192,1.533837,17.999763,21.92973,10.67123,0.01588,16.903372,1.637736,-4.490145,-7.242249
,3269.19,3315.3,3268.76,3311.07,3311.07,105823674,143030090888,1.16469,1.171499,17.090741,21.660034,10.67123,-0.909022,16.103043,1.824354,-5.747878,-8.221178
,3313.47,3330.8,3302.82,3324.42,3324.42,84681762,112678585789,0.402382,0.403193,17.157084,21.325542,10.67123,0.066343,15.907254,0.872725,-6.30136,-6.282781
,3321.54,3353.89,3314.09,3353.36,3353.36,73929210,107329316269,0.866761,0.870528,17.443726,21.360408,10.67123,0.286642,15.45246,0.166262,-6.90065,-7.132887
,3363.37,3380.53,3331.17,3333.43,3333.43,104420545,141974385699,-0.596102,-0.594329,16.304069,21.371985,9.577955,-1.139657,15.892044,0.777249,-5.557765,-6.818686
,3324.75,3350.16,3307.48,3326.77,3326.77,101938506,122863556078,-0.199994,-0.199794,15.834718,21.378323,9.912067,-0.469351,15.889598,-0.93499,-5.616254,-7.005796
,3311.32,3372.03,3296.51,3372.03,3372.03,87036338,108305234380,1.351307,1.360479,16.389888,21.142949,9.912067,0.55517,15.117461,-2.287814,-8.359683,-8.115591
,3374.32,3378.7,3347.49,3353.56,3353.56,88972241,107491228060,-0.549247,-0.547741,14.896038,21.1721,7.714978,-1.493849,15.759101,-1.085017,-6.959987,-7.436812
,3345.13,3378.11,3323.56,3358.94,3358.94,78514874,98934572633,0.160298,0.160427,14.270516,21.152641,7.714978,-0.625522,15.749638,-1.772116,-8.007496,-9.422085
,3346.15,3372.9,3335.6,3359.44,3359.44,86582624,107178227750,0.014885,0.014886,12.707717,21.151454,5.617546,-1.562799,16.01192,-3.325161,-7.521454,-7.835808
,3334.91,3334.91,3290.74,3295.81,3295.81,85106933,104368983043,-1.912233,-1.894066,14.757325,21.273606,8.977752,2.049608,15.398406,-1.987266,-4.862664,-5.618207
,3300.42,3311.73,3281.83,3295.76,3295.76,72343318,93667138370,-0.001517,-0.001517,14.694149,19.592095,9.355054,-0.063176,15.420024,-2.652163,-5.459868,-5.195848
,3312.27,3330.24,3301.94,3317.37,3317.37,73240424,96739132646,0.653551,0.655691,14.756754,19.61653,9.355054,0.062606,15.078376,-4.803714,-6.082661,-6.050631
,3317.08,3325.46,3291.64,3299.94,3299.94,67171455,83528333290,-0.526801,-0.525416,14.283359,19.194321,8.879508,-0.473395,18.274008,-3.303107,-8.766119,-6.407761
,3292.48,3292.48,3247.69,3249.57,3249.57,74421829,98455879623,-1.538161,-1.526391,15.292018,18.123492,9.919139,1.00866,17.889822,-1.189978,-7.120836,-4.984363
,3242.53,3257.8,3216.21,3230.96,3230.96,59096417,76696858373,-0.574337,-0.572691,14.583794,18.026563,9.470532,-0.708225,18.123045,-3.205625,-7.739221,-5.464548
,3242.62,3256.41,3189.04,3209.5,3209.5,62443567,75111247063,-0.666414,-0.664199,14.723356,17.953977,9.059105,0.139562,18.093223,-2.632254,-7.473563,-4.509254
,3224.41,3237.19,3160.41,3161.78,3161.78,65050235,79155830155,-1.498,-1.486836,15.217399,18.215718,9.681565,0.494043,17.612056,-1.285354,-6.482827,-6.314913
,3161.16,3193.6,3147.14,3192.72,3192.72,53683065,63455814284,0.973806,0.978563,15.732072,18.125043,9.461952,0.514673,16.934531,-1.991689,-7.75404,-6.969852
,3192.84,3212.05,3164.93,3211.13,3211.13,54998910,64348987555,0.574968,0.576624,15.516493,17.886679,9.919546,-0.215579,18.032379,-1.819875,-6.749075,-6.799394
,3192.84,3193.45,3120.96,3129.03,3129.03,66716340,83567655304,-2.589985,-2.556732,16.903372,18.707039,12.706109,1.386879,15.984596,0.511627,-4.072173,-4.846424
,3115,3136.9,3105.85,3126.12,3126.12,52567747,63009373497,-0.093043,-0.093,16.103043,18.526072,12.761698,-0.800329,16.751998,-0.787451,-5.605373,-5.053057
,3093.81,3141.68,3083.91,3121.4,3121.4,55352186,69747372718,-0.1511,-0.150986,15.907254,18.529654,12.650313,-0.195789,17.386676,0.214098,-4.422971,-4.712371
,3126.26,3149.94,3118.14,3129.76,3129.76,46027404,57287412506,0.267471,0.267829,15.45246,18.362566,12.650313,-0.454794,17.548669,-0.940584,-4.092504,-5.699078
,3135.15,3153.3,3121.75,3153.22,3153.22,40932995,54931224820,0.746783,0.749578,15.892044,17.941645,13.157648,0.439584,17.243598,-1.18644,-4.693268,-6.49695
,3153.65,3164.65,3127.49,3145.08,3145.08,47688533,59507719522,-0.258483,-0.258149,15.889598,17.918608,13.09317,-0.002446,18.235221,-0.1814,-6.339368,-6.054533
,3123.16,3142.4,3101.14,3101.6,3101.6,48799501,61703080348,-1.392122,-1.382477,15.117461,16.953913,12.750161,-0.772137,17.914229,0.612,-4.607702,-6.809742
,3105.3,3128.44,3080.19,3128.09,3128.09,46895951,57757204870,0.850449,0.854075,15.759101,17.056754,13.199348,0.64164,17.45702,-0.20769,-5.849879,-11.298413
,3120.44,3137.6,3098.78,3100.46,3100.46,45194319,54238723382,-0.887211,-0.883287,15.749638,17.012397,12.639058,-0.009463,18.354163,-2.530739,-3.508717,-10.257771
,3097.07,3136.23,3076.95,3116.03,3116.03,51203731,65417943732,0.500927,0.502184,16.01192,17.053675,12.639058,0.262282,18.405874,-2.924544,-5.031699,-9.836294
,3109.29,3145.7,3106.55,3139.38,3139.38,39641768,49757174173,0.746557,0.749351,15.398406,17.008236,12.260579,-0.613514,18.557693,-4.863823,-7.327082,-9.078705
,3148.35,3154.94,3118.62,3120.64,3120.64,43110782,52249679659,-0.598722,-0.596933,15.420024,16.769463,11.603735,0.021618,18.62938,-4.665858,-7.603448,-8.186023
,3120.58,3133.43,3113.27,3121.6,3121.6,38468012,48967028428,0.030758,0.030763,15.078376,15.669679,11.603735,-0.341647,18.579132,-5.20388,-8.23278,-6.748837
,3115.31,3115.31,3021.45,3022.98,3022.98,55902472,66976426510,-3.210259,-3.159277,18.274008,16.954235,15.499801,3.195632,16.191907,-2.291028,-3.840966,-4.236719
,3013.72,3029.75,2999.89,3026.22,3026.22,41608944,52971692396,0.107122,0.107179,17.889822,16.914398,16.108858,-0.384186,16.167489,-0.818216,-3.964933,-4.743939
,3020.32,3030.99,2988.09,2990.34,2990.34,39289704,48604397867,-1.192722,-1.185638,18.123045,17.052522,15.886583,0.233223,17.006928,0.461423,-1.099882,-5.360974
,3011.47,3021.2,2977.6,2978.38,2978.38,37003747,48346482355,-0.400756,-0.399955,18.093223,16.804451,16.13502,-0.029822,18.930957,-0.764064,1.634776,-5.902813
,2980.72,2996.6,2962.07,2963.31,2963.31,42770905,52019994149,-0.507264,-0.50598,17.612056,16.771892,16.239911,-0.481167,18.814031,0.774502,2.439536,-6.465124
,2956.57,2982.58,2942.36,2954.51,2954.51,34671160,42960260576,-0.297407,-0.296965,16.934531,16.769307,15.839652,-0.677525,18.748929,1.669846,2.909362,-4.624138
,2958.61,3001.73,2946.15,3001.56,3001.56,39689399,50553386204,1.579934,1.592481,18.032379,17.10533,15.839652,1.097848,18.685013,0.235932,-0.04632,-6.594055
,2996.08,3006.56,2985.71,3004.17,3004.17,38419327,49060076491,0.086917,0.086955,15.984596,16.773088,14.261322,-2.047783,19.387842,-1.755568,1.320068,-3.396732
,2970.63,2984.49,2923.02,2955.71,2955.71,52617867,61748347004,-1.626243,-1.613091,16.751998,16.476126,14.187338,0.767402,18.328108,0.210219,3.132073,-1.860755
,2951.58,2993.9,2951.2,2986.35,2986.35,39076164,49273758984,1.031301,1.036638,17.386676,16.659158,14.271037,0.634678,19.69539,-1.21281,4.441551,-4.574743
,2977.68,3006.57,2974.36,3004.26,3004.26,36852332,49859134919,0.597938,0.599729,17.548669,16.730362,14.271037,0.161993,19.656304,-0.356797,3.860268,-5.561474
,3003.58,3012.81,2965.92,3008.65,3008.65,42908758,51123188095,0.146019,0.146126,17.243598,16.408071,14.271037,-0.305072,19.728431,-1.524871,3.432347,-5.530294
,3000.4,3004.06,2951.89,2951.89,2951.89,47496636,55381280377,-1.904583,-1.88656,18.235221,16.709942,14.148132,0.991623,18.293496,-1.169114,4.949826,-4.05695
,2947.93,2964.08,2925.87,2961.93,2961.93,42201882,50942992933,0.339544,0.340121,17.914229,16.689894,14.964027,-0.320992,18.290263,-2.383746,4.851794,-5.484761
,2940.39,2957.52,2921.75,2950.35,2950.35,38351668,46991283431,-0.391728,-0.390961,17.45702,16.335012,14.65344,-0.457209,18.143498,-2.590592,5.373054,-7.25727
,2947.66,3000.53,2943.53,2993.56,2993.56,55982815,66158911408,1.453951,1.464572,18.354163,16.368443,15.490438,0.897142,19.014703,-2.862987,2.094129,-9.461893
,2984.96,2999.15,2963.11,2963.12,2963.12,44390852,54467701030,-1.022055,-1.01685,18.405874,16.195081,14.613758,0.051712,19.231692,-1.857778,4.717344,-6.411923
,2939.68,2946.81,2915.4,2917.58,2917.58,41135482,47067185495,-1.548826,-1.536894,18.557693,16.384904,14.018341,0.151818,18.038769,1.363377,6.571539,-5.693787
,2916.41,2934.06,2891.01,2892.16,2892.16,41176530,51647156163,-0.875088,-0.87127,18.62938,16.448788,13.802933,0.071687,17.469419,4.572366,7.867468,-5.000643
,2888.94,2896.08,2862.41,2874.9,2874.9,37991982,45416696840,-0.598574,-0.596786,18.579132,16.412301,13.427332,-0.050249,17.22541,5.468435,8.26481,-5.528307
,2883.35,2909.57,2877.05,2909.07,2909.07,42038923,50160678865,1.181555,1.188563,16.191907,16.370498,8.916502,-2.387224,17.560567,4.459299,6.199324,-6.239329
,2913.67,2921.03,2894.18,2908.58,2908.58,37318802,43263825738,-0.016845,-0.016844,16.167489,16.367614,9.50063,-0.024418,17.588155,3.100396,6.101406,-6.371143
,2899.01,2966.54,2888.68,2957.63,2957.63,45941117,55276886318,1.672328,1.68639,17.006928,16.522223,9.815229,0.839439,17.439464,2.881373,3.374556,-7.862619
,2946.61,3047.94,2944.05,3027.47,3027.47,85459240,104972923209,2.333902,2.36135,18.930957,17.306858,10.06104,1.924029,15.471768,0.733233,1.329534,-12.218292
,3028.5,3056.02,3019.24,3036.49,3036.49,65615771,79044152725,0.297496,0.297939,18.814031,17.236263,10.442444,-0.116926,19.511746,2.776517,-2.271621,-12.122053
,3040.18,3046.8,3014,3041.73,3041.73,55766254,70333384864,0.172419,0.172568,18.748929,17.246122,10.436292,-0.065101,19.547109,2.620753,-2.125173,-9.321456
,3039.05,3043.81,2999.95,3000.17,3000.17,53476848,61717623012,-1.375748,-1.366328,18.685013,17.342872,9.9648,-0.063916,19.166413,3.714599,-0.004,-11.073128
,3003.23,3058.62,3003.23,3044.09,3044.09,62502549,73891668789,1.453305,1.463917,19.387842,17.315573,9.9648,0.702828,18.488148,1.874189,-2.094319,-13.131831
,3052.12,3071.21,3034.07,3049.75,3049.75,56766653,72614645374,0.185761,0.185934,18.328108,17.120309,9.978068,-1.059733,18.467279,1.929941,-2.579758,-15.535697
,3064.94,3124.58,3064.94,3121.98,3121.98,80464031,102679821385,2.34078,2.368391,19.69539,17.827442,9.978068,1.367281,16.075311,-0.281307,-4.730951,-16.849185
,3122.9,3128.53,3105.09,3122.5,3122.5,67763335,81999827927,0.016655,0.016656,19.656304,17.714349,9.978068,-0.039086,16.133702,-2.122936,-5.466842,-17.905771
,3116.12,3116.12,3084.83,3113.71,3113.71,61555807,76556996969,-0.281902,-0.281505,19.728431,17.689882,10.012314,0.072127,16.15287,-0.239873,-5.236028,-18.485615
,3123.29,3140.1,3101.1,3101.68,3101.68,71810360,92120550136,-0.387104,-0.386356,18.293496,17.697938,8.233146,-1.434935,16.221154,0.452599,-4.664991,-18.363138
,3105.49,3124.39,3093.37,3109.18,3109.18,51282593,65155542913,0.241513,0.241804,18.290263,17.449131,8.233146,-0.003233,17.462654,0.631928,-7.053834,-19.549304
,3097.87,3121,3086.26,3113.21,3113.21,47920660,62237248759,0.129532,0.129616,18.143498,17.435792,8.54698,-0.146765,20.871459,0.301164,-10.821588,-19.87809
,3089.14,3090.1,3054.8,3056.91,3056.91,57107984,71222640397,-1.824975,-1.808423,19.014703,17.76907,9.771475,0.871205,20.434206,1.242208,-8.843182,-14.482428
,3060.42,3108.5,3060.42,3106.25,3106.25,54114367,68294830332,1.601161,1.614048,19.231692,18.12837,10.407634,0.216989,19.661431,-0.473716,-9.52194,-15.411312
,3112.59,3126.15,3092.47,3115.75,3115.75,60314935,79948505027,0.305368,0.305835,18.038769,17.763496,10.190018,-1.192923,20.72508,-1.833606,-8.323161,-16.048485
,3105.5,3130.77,3097.34,3128.89,3128.89,61550322,79424849005,0.420842,0.421728,17.469419,17.793914,11.131073,-0.56935,20.661914,-1.965569,-8.450043,-15.974281
,3131.8,3137.92,3113.67,3122.6,3122.6,60691311,78225031039,-0.201232,-0.20103,17.22541,17.72816,11.683216,-0.244009,21.721357,-5.067996,-6.780866,-18.615519
,3108.47,3109.92,3088.38,3095.12,3095.12,53388709,68506068928,-0.883931,-0.880036,17.560567,17.779843,10.734341,0.335157,21.669493,-3.865198,-6.595077,-18.084419
,3113.71,3119.54,3071.85,3091.57,3091.57,44118331,56930993021,-0.114763,-0.114697,17.588155,17.527922,10.481792,0.027587,21.655611,-3.00501,-6.880413,-20.420986
,3092.27,3099.28,3058.25,3059.14,3059.14,44084691,57942637401,-1.054522,-1.048982,17.439464,17.612825,9.879718,-0.148691,22.144665,-2.587502,-7.635648,-19.869606
,3066.19,3083.19,3059.6,3067.99,3067.99,37257255,49618948350,0.288879,0.289297,15.471768,17.588332,9.879718,-1.967696,22.081357,-3.176058,-8.867123,-17.452476
,3050.9,3050.9,2958.88,2968.29,2968.29,67180996,77513632253,-3.303659,-3.249685,19.511746,18.573906,16.302996,4.039978,19.518382,0.317188,-6.633038,-12.274134
,2965.72,2980.86,2957.61,2977.77,2977.77,43515457,49560684459,0.318867,0.319376,19.547109,18.459537,16.302996,0.035364,20.518276,-0.720915,-5.408327,-11.599261
,2961.58,3002.69,2951.52,3000.05,3000.05,48385612,58746220328,0.745426,0.748211,19.166413,18.490076,17.303023,-0.380696,20.165506,-1.51743,-6.543735,-12.125065
,2973.64,2984.38,2956.71,2981,2981,48138984,60678598008,-0.637014,-0.634989,18.488148,17.792806,16.303161,-0.678265,23.836129,-0.696482,-2.622482,-9.567187
,2981.02,2995.97,2948.08,2972.08,2972.08,46298253,54358237266,-0.299677,-0.299228,18.467279,17.798453,15.72993,-0.02087,23.828078,-2.544136,-2.413071,-9.774882
,2969.11,2991.05,2958.83,2977.72,2977.72,33886949,41203123005,0.189586,0.189766,16.075311,17.806678,15.72993,-2.391967,24.424117,-6.371944,-4.285343,-9.882137
,2958.85,2958.85,2919.01,2956.38,2956.38,38978357,48435295389,-0.719236,-0.716656,16.133702,17.839574,14.947472,0.058391,24.361589,-5.499277,-3.954901,-7.513574
,2930.19,2969.13,2927.1,2954.87,2954.87,38668362,49593983761,-0.051089,-0.051076,16.15287,17.753503,15.21955,0.019167,24.393274,-4.525785,-3.726613,-7.392862
,2962.91,2983.01,2951.84,2960.31,2960.31,32985719,41335656567,0.183934,0.184103,16.221154,17.760667,15.825247,0.068284,24.367151,-3.205571,-4.341785,-6.870554
,2881.74,2916.41,2868.16,2897.42,2897.42,49316854,60240017405,-2.147331,-2.12444,17.462654,18.060086,16.140764,1.2415,23.530066,-0.76428,-3.282721,-5.723232
,2864.51,2888.77,2747.97,2793.9,2793.9,71517766,83694787456,-3.638222,-3.572834,20.871459,19.334622,19.509558,3.408805,21.09987,4.341886,-1.808736,-2.397604
,2720.95,2812.77,2697.06,2798.19,2798.19,69842676,79653278208,0.153431,0.153549,20.434206,19.291526,20.230329,-0.437254,21.205076,3.490313,-2.71284,-1.677205
,2845.35,2858.55,2820.12,2824.12,2824.12,58659312,68580540607,0.922403,0.92667,19.661431,19.373388,20.230329,-0.772774,22.272893,2.167811,-1.607328,-4.50969
,2779.72,2867.31,2777.76,2866.92,2866.92,58997689,69223945409,1.504147,1.515516,20.72508,19.586503,20.230329,1.063648,21.601712,-1.146093,-3.942165,-6.184008
,2881.55,2894.22,2868.87,2875.36,2875.36,57197406,63487643741,0.29396,0.294393,20.661914,19.584846,20.230329,-0.063166,21.524136,-2.382649,-4.418069,-4.450425
,2883.17,2917.88,2870.19,2917.88,2917.88,59875476,61102226502,1.467944,1.478771,21.721357,19.856836,20.611783,1.059443,20.781414,-4.920168,-7.012251,-6.119283
,2920.83,2932.14,2888.33,2897.58,2897.58,50962681,57496628333,-0.698142,-0.695711,21.669493,18.823454,20.733732,-0.051865,20.935679,-2.678447,-5.843575,-8.175249
,2893.85,2910.83,2881.63,2886.01,2886.01,39178179,41891853603,-0.400098,-0.399299,21.655611,18.831698,20.335637,-0.013881,20.937513,-2.668332,-5.592136,-8.078969
,2887.1,2890,2832.27,2834.25,2834.25,40768883,45784423192,-1.809757,-1.79348,22.144665,19.028977,20.438821,0.489054,20.186875,2.425665,-3.601527,-8.376903
,2789.35,2814.1,2782.56,2807.66,2807.66,43259650,48442961960,-0.942596,-0.938167,22.081357,19.099121,19.497796,-0.063308,21.071602,3.277994,-4.680703,-7.311996
,2809.33,2829.69,2768.42,2777.79,2777.79,34209685,40136538647,-1.069575,-1.063875,19.518382,19.185111,16.506021,-2.562975,20.941824,2.664883,-3.217394,-6.250468
,2788.7,2821,2777.29,2821,2821,32620514,36441994495,1.543578,1.555553,20.518276,19.476156,16.506021,0.999894,22.998571,0.732511,-1.787956,-8.774898
,2834.58,2845.47,2804.82,2810.02,2810.02,35301565,41939777958,-0.389983,-0.389224,20.165506,19.176428,16.097579,-0.35277,25.40039,1.299693,-4.525392,-8.19508
,2818.7,2904.44,2815.91,2903.84,2903.84,72216845,75745960111,3.28424,3.338766,23.836129,20.397233,16.732156,3.670623,21.762405,-2.415786,-8.41503,-12.213977
,2889.38,2907.4,2876.83,2901.22,2901.22,45604102,51759427726,-0.090266,-0.090225,23.828078,20.133576,17.0141,-0.008051,22.62736,-3.413787,-10.542869,-11.993444
,2875.78,2875.78,2847.48,2852.81,2852.81,44267850,49892653226,-1.682686,-1.668608,24.424117,20.289613,16.450427,0.596039,22.835598,-3.895336,-7.832891,-8.950229
,2875.14,2901.73,2838.33,2841.74,2841.74,43137872,48565790320,-0.388793,-0.388038,24.361589,20.250308,16.710127,-0.062527,22.951197,-4.257216,-8.484029,-11.955465
,2843.99,2855.3,2823.77,2846.78,2846.78,32107899,37624544060,0.177199,0.177356,24.393274,20.251978,16.624723,0.031684,22.886322,-2.4065,-9.522974,-9.700089
,2852.39,2869.25,2825.96,2834.53,2834.53,30118702,35143727252,-0.431239,-0.430311,24.367151,19.911027,16.243025,-0.026123,22.898297,-2.80595,-9.356362,-10.292021
,2828.84,2836.62,2790.77,2803.85,2803.85,29317116,31960598827,-1.088267,-1.082366,23.530066,20.00113,15.444897,-0.837085,22.852314,-1.899628,-9.212749,-10.618314
,2780.83,2780.83,2743.38,2743.82,2743.82,32005660,36040312618,-2.164236,-2.140985,21.09987,20.439861,10.466158,-2.430196,21.95634,-0.861629,-7.247766,-8.654565
,2727.75,2745.36,2711.07,2723.3,2723.3,29713982,33746805052,-0.750673,-0.747862,21.205076,20.212415,10.051514,0.105206,25.939666,0.359577,-2.926406,-7.432493
,2738.79,2779.21,2730.05,2779.09,2779.09,33265381,37096662193,2.027916,2.048617,22.272893,20.617748,10.051514,1.067818,24.856312,-1.816997,-4.282045,-9.588247
,2788.83,2789.11,2755.8,2756.1,2756.1,26838735,31209441131,-0.83069,-0.827249,21.601712,20.455114,9.663942,-0.671181,24.755051,-0.805456,-3.78316,-9.614286
,2770.15,2796.35,2739.62,2751.09,2751.09,27073503,30348131114,-0.181944,-0.181779,21.524136,20.39142,9.778589,-0.077576,24.87402,-2.645283,-3.10617,-10.467052
,2712.44,2726.19,2698.66,2720.28,2720.28,26713764,30034340041,-1.126238,-1.11992,20.781414,20.47686,9.505362,-0.742722,26.458108,-1.12531,-4.822402,-11.617007
,2729.26,2736.91,2677.13,2733.11,2733.11,30424780,32858416579,0.470534,0.471643,20.935679,20.339345,9.807433,0.154265,26.325468,1.377172,-5.645767,-13.102197
,2734.55,2754.19,2728.91,2729.05,2729.05,31171925,32507109143,-0.148659,-0.148549,20.937513,20.338727,10.083678,0.001834,27.416726,-1.601589,-7.948437,-15.346508
,2744.22,2755.89,2729,2733.99,2733.99,27555932,29743911967,0.180852,0.181015,20.186875,20.008676,9.553974,-0.750638,27.332757,-2.387838,-8.632431,-13.441432
,2718.32,2718.32,2678.79,2679.27,2679.27,29090941,29731416051,-2.021771,-2.00147,21.071602,19.705682,10.860527,0.884727,28.797431,-2.584172,-3.90465,-11.659266
,2675.04,2702.28,2664.1,2689.84,2689.84,25598681,27274347411,0.393734,0.39451,20.941824,19.717119,11.269201,-0.129778,29.665864,-1.950615,-2.423702,-12.361308
,2691.7,2778.35,2677.35,2771.01,2771.01,56194171,59146487177,2.973016,3.017652,22.998571,20.752473,11.269201,2.056747,27.694221,-5.963563,-4.402979,-16.944136
,2745.15,2754.92,2684.94,2685.69,2685.69,47102660,47793334084,-3.12742,-3.079022,25.40039,21.489846,14.737527,2.40182,25.495149,-3.697889,-1.055937,-13.721853
,2644.29,2681.23,2631.43,2669.48,2669.48,42592224,45934334698,-0.605398,-0.603569,21.762405,21.232297,14.301486,-3.637985,26.332198,-3.357118,1.470325,-12.357807
,2645.25,2679.56,2603.11,2610.92,2610.92,39175124,40495022542,-2.218105,-2.193686,22.62736,21.604897,14.395201,0.864955,25.025336,-2.083667,3.181058,-11.139102
,2634.93,2652.56,2613.42,2637.88,2637.88,35021974,37301310910,1.027291,1.032586,22.835598,21.091423,14.804332,0.208238,24.814412,-3.310212,2.236098,-13.488187
,2654.83,2660.1,2602.63,2610.59,2610.59,34169555,36195919556,-1.039931,-1.034543,22.951197,21.138873,14.362762,0.115599,24.994384,1.300407,4.925355,-12.322523
,2593.56,2615.14,2577.29,2588.19,2588.19,37093593,37708584378,-0.861746,-0.858044,22.886322,21.170315,13.878329,-0.064875,24.663226,2.83443,5.856724,-11.312269
,2595.58,2607.57,2572.19,2581.35,2581.35,32050822,32376678343,-0.264627,-0.264277,22.898297,21.16985,14.070517,0.011975,24.612896,2.767252,6.827594,-9.57116
,2588.35,2595.32,2552.28,2557.08,2557.08,28325122,28149902145,-0.944654,-0.940206,22.852314,21.178376,14.100551,-0.045983,24.65201,4.206951,6.772239,-10.650049
,2625.16,2635.69,2526.65,2551.99,2551.99,45029848,47409892228,-0.199254,-0.199055,21.95634,21.158892,13.859061,-0.895974,24.688065,1.563735,6.658898,-11.428259
,2537.4,2647.01,2523.34,2644.76,2644.76,65945680,62822831798,3.570688,3.635202,25.939666,22.385889,14.366743,3.983326,21.668415,-2.359784,3.962041,-14.376653
,2636.86,2672.91,2629.41,2662.6,2662.6,60426201,56631043777,0.672277,0.674541,24.856312,22.138916,14.366743,-1.083354,22.826807,-5.483389,1.379682,-11.701669
,2655.36,2665.44,2629.88,2653.78,2653.78,38336948,37326709609,-0.331805,-0.331255,24.755051,22.108293,14.686554,-0.101261,22.796357,-5.654726,1.541317,-8.097923
,2658.95,2687.1,2653.38,2666.95,2666.95,36158315,38101620397,0.495046,0.496273,24.87402,22.118681,14.780749,0.118969,23.796158,-3.443763,3.073814,-9.073826
,2646.84,2651.73,2589.21,2592.21,2592.21,39373448,39453303360,-2.84247,-2.802452,26.458108,22.739154,16.864822,1.584088,21.076868,1.27339,5.71537,-6.247369
,2599.92,2617.41,2580.66,2583.08,2583.08,31116166,32114967067,-0.352831,-0.352209,26.325468,22.707953,16.589205,-0.13264,23.612804,2.61996,3.314093,-7.587904
,2566.6,2570.1,2500.49,2520.53,2520.53,39842462,39409600021,-2.451329,-2.421528,27.416726,23.12695,16.765388,1.091258,21.600752,5.290911,5.461604,-7.190665
,2522.26,2538.12,2504.69,2507.88,2507.88,29843503,29090707044,-0.503142,-0.501879,27.332757,23.081787,16.483257,-0.083968,23.066649,7.714917,3.857055,-1.903255
,2517.06,2581.12,2501.96,2576.67,2576.67,46345801,44056731116,2.706009,2.742954,28.797431,23.876978,16.778565,1.464674,21.069881,4.501536,1.273357,-6.182578
,2572.71,2633.97,2560.05,2625.43,2625.43,57967375,57533462226,1.874682,1.892365,29.665864,23.440616,16.778565,0.868433,19.953878,2.709185,-0.609372,-6.169478
,2613.27,2679.66,2611.01,2651.65,2651.65,73098240,69534363517,0.99374,0.998694,27.694221,23.545552,16.778565,-1.971644,19.840316,3.364772,-2.583963,-5.725669
,2658.43,2672.84,2647.3,2657.48,2657.48,48820391,47403219262,0.219622,0.219863,25.495149,23.480581,14.695646,-2.199072,19.833651,3.214773,-2.613751,-7.692432
,2694.54,2729.14,2689.38,2709.02,2709.02,71643105,72908419745,1.920864,1.939431,26.332198,23.860298,15.234595,0.83705,18.376957,2.000151,-5.269272,-9.469539
,2704.53,2709.32,2680.99,2695.31,2695.31,50407112,52522499085,-0.507372,-0.506087,25.025336,23.869307,14.213672,-1.306862,18.404075,1.507514,-4.631633,-10.403769
,2672.51,2726.09,2669.05,2697.53,2697.53,55206651,56067605452,0.082331,0.082365,24.814412,23.863553,14.213672,-0.210923,19.233804,1.112589,-3.353436,-8.156501
,2658.55,2742.94,2653.72,2742.39,2742.39,64361584,65327476275,1.649326,1.663003,24.994384,24.12077,14.97148,0.179972,21.150523,0.337093,-8.396791,-9.010603
,2752.63,2781.04,2743.2,2744.3,2744.3,84820760,90502549983,0.069623,0.069647,24.663226,24.123623,15.875113,-0.331158,23.417451,-1.642612,-6.033839,-9.150879
,2770.57,2781.99,2748.98,2763.75,2763.75,61958218,63500868592,0.706242,0.708742,24.612896,24.175719,16.429449,-0.05033,23.234092,-2.519025,-7.763253,-11.726078
,2750.99,2769.3,2733.17,2736.25,2736.25,45375056,47761935110,-1.000008,-0.995025,24.65201,23.876153,16.423658,0.039114,23.424699,0.508527,-8.177803,-7.906496
,2745.06,2756.09,2723.69,2727.71,2727.71,47884252,47864912703,-0.312594,-0.312106,24.688065,22.712867,16.230056,0.036055,23.43419,0.620206,-8.065696,-7.554752
,2739.15,2755.81,2710.05,2751.65,2751.65,46877960,48484230112,0.87383,0.877659,21.668415,22.786929,16.230056,-3.01965,23.185526,-3.007732,-8.468128,-8.255162
,2720.84,2729.57,2698.31,2699.59,2699.59,51173702,51793948486,-1.910082,-1.891956,22.826807,23.020549,15.868131,1.158392,22.523466,-1.401468,-6.685885,-6.40983
,2705.24,2713.91,2685.1,2695,2695,36636696,38724219259,-0.170171,-0.170026,22.796357,22.784455,16.146337,-0.03045,22.588862,-3.338988,-7.372443,-6.630235
,2717.54,2751.88,2714.86,2750.2,2750.2,46390943,51333489021,2.027543,2.048237,23.796158,23.18692,16.146337,0.999801,20.827161,-5.24422,-10.434696,-7.573323
,2746.77,2754,2732.91,2744.68,2744.68,41759864,46980738996,-0.200914,-0.200713,21.076868,22.964019,12.995317,-2.719289,21.688133,-5.051352,-12.509975,-7.904885
,2745.86,2746.29,2659.15,2670.12,2670.12,55949239,57844199048,-2.754108,-2.716528,23.612804,23.570526,16.099014,2.535936,20.255423,-3.278096,-10.770523,-5.110566
,2671.95,2687.83,2660.65,2662.02,2662.02,35247652,37762635927,-0.303818,-0.303357,21.600752,23.566748,14.287267,-2.012052,21.266609,-2.784443,-12.859675,-4.664166
,2643.67,2646.21,2601.18,2606.5,2606.5,42414718,44949477108,-2.107691,-2.085634,23.066649,23.664904,15.524637,1.465897,22.603582,-1.41141,-8.666057,-1.704449
,2608.56,2613.26,2587.74,2609.69,2609.69,27971896,31175406753,0.122312,0.122386,21.069881,23.611142,15.524637,-1.996768,22.52195,-1.403455,-9.027973,-0.46897
,2592.23,2611.15,2580.78,2609.48,2609.48,29069078,31886735092,-0.008047,-0.008047,19.953878,23.529236,15.50919,-1.116003,22.468712,-0.034879,-9.328233,-0.123472
,2613.29,2617.09,2578.16,2584.01,2584.01,28531412,30958563539,-0.980851,-0.976057,19.840316,23.342179,14.715527,-0.113562,22.768627,-2.448056,-9.957194,2.446974
,2565.69,2604.24,2557.7,2588.92,2588.92,30319601,31894726945,0.189834,0.190015,19.833651,23.346565,14.715527,-0.006665,22.73305,-0.205315,-10.052166,2.579502
,2585.14,2598.39,2563.65,2569.97,2569.97,23913766,27509358470,-0.734657,-0.731965,18.376957,22.258897,14.059917,-1.456694,23.145132,-0.49383,-8.55886,3.535628
,2578.34,2589.35,2562.49,2573.32,2573.32,25666936,29179539395,0.130267,0.130352,18.404075,22.268278,14.589798,0.027118,23.131134,-2.038656,-9.688526,2.335986
,2595.09,2609.19,2580.29,2608.57,2608.57,30025878,34962425966,1.360528,1.369826,19.233804,22.276128,14.589798,0.829728,22.235828,-3.599671,-12.370849,0.945082
,2600.1,2601.9,2507.18,2521.52,2521.52,42352645,42454205363,-3.394028,-3.337077,21.150523,23.244558,17.850564,1.916719,19.783656,0.265756,-8.851088,6.092878
,2596.15,2630.66,2577.72,2583.61,2583.61,63520252,66146809487,2.432575,2.462404,23.417451,23.852183,17.850564,2.266927,16.820486,-2.294658,-11.135155,3.0153
,2570.56,2575.69,2543.53,2557.31,2557.31,32183703,33168419336,-1.023172,-1.017955,23.234092,23.911532,17.100679,-0.183358,18.186,-2.128215,-8.635501,2.461908
,2561.2,2561.2,2517.18,2521.39,2521.39,32063388,32749927399,-1.414559,-1.404601,23.424699,23.97423,17.123661,0.190607,18.74245,-1.748366,-9.244484,3.185429
,2515.04,2525.67,2499.57,2516.34,2516.34,26297581,26310941611,-0.200487,-0.200286,23.43419,23.614057,17.249301,0.009491,18.801369,-3.824072,-10.021461,4.637748
,2517.34,2534.53,2509.78,2528.23,2528.23,23261839,23433730534,0.471399,0.472512,23.185526,23.612824,17.249301,-0.248664,18.912188,-5.310127,-9.870566,5.242191
,2525.04,2549.1,2494.69,2525,2525,27777744,27843683566,-0.127839,-0.127757,22.523466,23.183146,17.426146,-0.66206,23.313993,-7.575258,-6.395467,4.997758
,2506.62,2525.16,2496.97,2503.46,2503.46,24029059,25477241953,-0.856729,-0.853069,22.588862,23.186426,16.968997,0.065396,26.448332,-4.632602,-2.266797,6.854219
,2497.92,2502.05,2476.12,2477.69,2477.69,21901249,21200444065,-1.03471,-1.029375,20.827161,23.255596,16.304689,-1.761701,26.26486,-3.837496,-1.712944,5.014823
,2467.02,2472.66,2418.67,2421.93,2421.93,35717534,33269154181,-2.276193,-2.250483,21.688133,23.573853,16.507944,0.860971,24.957491,-1.869611,0.547236,6.537351
,2415.94,2433.55,2392.3,2397.48,2397.48,25320109,23753606413,-1.014656,-1.009525,20.255423,23.591624,14.972579,-1.43271,25.444856,-2.464767,-0.131474,9.009874
,2382.44,2384.47,2340.45,2340.79,2340.79,36750834,33900401991,-2.392971,-2.364566,21.266609,24.007986,15.420945,1.011186,25.048666,0.023066,0.207407,11.649917
,2339.98,2390.38,2332.14,2390.13,2390.13,36302339,33652058785,2.085928,2.107835,22.603582,24.469003,15.529651,1.336973,29.457409,-1.304213,2.905746,7.816496
,2370.42,2387.89,2321.66,2384.41,2384.41,37909752,33711370957,-0.239604,-0.239318,22.52195,24.180633,15.454703,-0.081632,30.062741,-2.064008,1.572038,8.185252
,2376.71,2412.57,2373.86,2377.07,2377.07,32402327,29967658690,-0.308308,-0.307833,22.468712,24.150495,15.083474,-0.053239,30.691965,-3.077495,3.768127,8.33732
,2397.27,2404.77,2337.69,2339.11,2339.11,31209525,30917839680,-1.609812,-1.596924,22.768627,23.388083,15.188271,0.299915,30.226578,-1.34195,6.815488,8.747512
,2325.27,2358.47,2294.61,2341.33,2341.33,36683858,31845455341,0.094863,0.094908,22.73305,22.634039,15.188271,-0.035577,31.119337,-1.288305,4.973485,8.750528
,2337.38,2382.71,2331.96,2359.16,2359.16,33161904,29910296920,0.758648,0.761533,23.145132,22.709578,15.660957,0.412083,31.062179,-0.570471,4.358594,7.666554
,2345.55,2369.82,2334.79,2335.7,2335.7,28224087,25033053118,-0.999399,-0.994422,23.131134,22.383371,15.076315,-0.013999,31.330531,-1.594614,3.91639,5.788836
,2332.83,2346.38,2302.41,2305.03,2305.03,29277314,26777021276,-1.321794,-1.313097,22.235828,22.357368,14.53557,-0.895306,31.663872,-1.250284,7.567784,5.818222
,2295.87,2309.65,2267.11,2307.93,2307.93,32882020,28839274201,0.125733,0.125812,19.783656,22.303409,11.351422,-2.452172,31.682194,-0.753723,8.237275,6.173501
,2297.29,2323.49,2293.87,2311.36,2311.36,30887700,26868223305,0.148508,0.148618,16.820486,22.272498,11.351422,-2.96317,31.715889,2.44503,8.018114,8.357351
,2318.67,2349.03,2318.67,2345.74,2345.74,35865243,32362650284,1.476482,1.487436,18.186,22.531414,11.813734,1.365514,32.426338,4.240489,4.672675,7.159052
,2361.5,2365.99,2298.3,2298.75,2298.75,34344567,32572551267,-2.023542,-2.003206,18.74245,22.798891,12.481522,0.556449,32.512008,5.783174,9.515791,8.198335
,2290.78,2316.66,2272.15,2276.39,2276.39,43016480,37635272074,-0.977464,-0.972703,18.801369,22.857769,11.741836,0.058919,32.107054,6.744625,10.532405,10.158471
,2274.35,2291.89,2254.57,2290.6,2290.6,35198992,31079362325,0.622294,0.624234,18.912188,21.546664,11.741836,0.110819,32.128842,4.428965,10.083532,9.546098
,2291.18,2368.89,2271.72,2368.57,2368.57,54727341,51478126954,3.347261,3.403912,23.313993,22.6969,11.115604,4.401805,30.358315,-0.972385,6.671521,8.179069
,2365.77,2449.96,2361.28,2447.35,2447.35,81154989,75249157103,3.271941,3.326057,26.448332,23.779907,11.469983,3.134339,28.375569,0.539942,3.009005,5.2958
,2444.76,2453.15,2423.32,2435.61,2435.61,58705674,57587219272,-0.480857,-0.479703,26.26486,23.753566,12.072101,-0.183472,28.457553,-0.552515,4.574317,5.527941
,2426.82,2464.38,2423.32,2435.22,2435.22,47121275,47877407259,-0.016014,-0.016012,24.957491,23.082592,12.032306,-1.307369,28.575268,1.351281,4.057854,4.286686
,2438.41,2445.79,2374.54,2394.33,2394.33,45513997,47228338588,-1.693366,-1.679109,25.444856,23.306687,12.435244,0.487364,27.698598,4.482195,5.791431,8.237339
,2376.95,2394.5,2345.63,2345.65,2345.65,30527145,34410385319,-2.054089,-2.033137,25.048666,23.15114,11.624349,-0.396189,26.295395,4.789144,7.988102,10.143236
,2347.57,2462.43,2329.25,2460.6,2460.6,64205648,64324131068,4.784267,4.900561,29.457409,25.220646,11.624349,4.408742,20.709898,0.148634,4.055861,6.537638
,2464.92,2485.5,2414.53,2422.19,2422.19,63892358,67058838880,-1.573313,-1.561001,30.062741,24.757113,10.969821,0.605332,19.976397,0.280344,6.986965,7.315974
,2423.86,2480.21,2414.99,2468.35,2468.35,55615726,56377653304,1.887782,1.905713,30.691965,24.761597,10.484386,0.629224,19.133045,0.722162,5.436633,5.383286
,2476.73,2510.34,2462.59,2504.09,2504.09,54529783,57474475709,1.437548,1.447931,30.226578,24.862044,10.942502,-0.465387,19.263082,0.079837,5.58868,4.753257
,2508.88,2508.88,2460.4,2460.72,2460.72,43517148,44770885276,-1.747141,-1.731967,31.119337,25.081355,10.628862,0.892759,17.7138,1.756325,7.658183,6.709624
,2462.34,2472.84,2447.77,2464.26,2464.26,30701501,32694132107,0.143757,0.14386,31.062179,24.723108,10.628862,-0.057157,17.702029,-0.256389,7.735895,6.363114
,2458.23,2481.66,2423.45,2428.99,2428.99,35015374,37752320797,-1.441603,-1.431261,31.330531,24.853317,10.523136,0.268351,17.235264,4.004788,8.108122,9.964265
,2437.47,2486.24,2429.71,2486.24,2486.24,42066985,44126383715,2.3296,2.356947,31.663872,25.373361,11.161277,0.333342,15.708995,1.714338,5.748147,7.933456
,2478.34,2514.65,2470.28,2506.09,2506.09,49949240,51507545973,0.795224,0.798394,31.682194,25.176296,11.161277,0.018321,16.470019,1.092534,6.706691,8.039226
,2511.17,2520.76,2488.71,2504.32,2504.32,45079905,47541523547,-0.070653,-0.070628,31.715889,25.172706,12.286689,0.033695,16.781041,1.098436,6.13234,8.179813
,2489.03,2489.03,2441.7,2457.95,2457.95,39679164,40034277145,-1.868957,-1.8516,32.426338,25.350087,12.078102,0.710449,16.303576,2.576818,6.424733,9.729619
,2456.42,2534.16,2451,2528.24,2528.24,56186456,61721305024,2.819574,2.8597,32.512008,26.031706,12.020951,0.085671,13.727338,0.8417,2.914122,4.986619
,2525.59,2546.02,2513.13,2529.23,2529.23,59299751,63456204565,0.03915,0.039158,32.107054,26.031251,12.686611,-0.404955,14.266803,0.270073,4.126804,4.936179
,2521.68,2560.03,2521.16,2533.62,2533.62,61575877,60029482361,0.17342,0.173571,32.128842,25.955824,12.686611,0.021788,14.59502,0.136864,5.029225,3.996246
,2504.41,2553.45,2496.3,2531.98,2531.98,51913973,54282622440,-0.06475,-0.06473,30.358315,25.691751,13.284542,-1.770526,14.723642,0.344196,4.721704,3.246515
,2528.97,2533.26,2506.54,2522.11,2522.11,40430101,43723682304,-0.390575,-0.389814,28.375569,25.698042,13.053577,-1.982747,14.765833,1.586798,6.112012,3.707414
,2515.83,2562.07,2511.29,2549.61,2549.61,58090370,60422394145,1.084455,1.090357,28.457553,25.434236,13.409703,0.081985,18.267185,1.860134,2.153449,0.97732
,2544.64,2559.34,2519.04,2536.07,2536.07,54395431,55165633314,-0.532477,-0.531062,28.575268,25.447468,12.466792,0.117715,18.386474,2.73006,1.932261,3.024302
,2551.81,2558.34,2522.86,2537.09,2537.09,38994716,40458003413,0.040212,0.04022,27.698598,24.855022,12.816925,-0.87667,19.006953,4.279444,3.349917,1.443558
,2571.91,2574.75,2539.9,2540.71,2540.71,56153329,56748912893,0.142581,0.142683,26.295395,24.855087,12.227798,-1.403204,19.008756,4.459225,3.454408,1.814424
,2544.83,2562.91,2520.79,2562.45,2562.45,47894808,47758225547,0.852026,0.855666,20.709898,24.561019,12.227798,-5.585496,19.99088,3.828668,0.854889,2.50766
,2564.31,2598.86,2560.34,2597.48,2597.48,76376656,76421806874,1.357791,1.367051,19.976397,24.723375,12.508124,-0.733501,19.385475,1.401501,-0.373751,0.74372
,2595.78,2614.54,2590.52,2606.26,2606.26,70377126,72612089253,0.33745,0.33802,19.133045,24.733498,12.508124,-0.843351,19.344346,1.033676,-0.867441,-0.422954
,2607.34,2648.02,2602.78,2648.02,2648.02,85999708,88058616716,1.589595,1.602296,19.263082,24.859688,12.508124,0.130036,18.745904,1.197848,-3.656655,-2.870079
,2658.12,2693.84,2656.57,2656.57,2656.57,101514034,106670207615,0.322363,0.322883,17.7138,24.864565,11.953624,-1.549282,18.682493,0.230483,-3.88114,-1.589027
,2652.34,2671.83,2641.46,2662.46,2662.46,77592536,77213053038,0.221469,0.221714,17.702029,24.814,11.953624,-0.011772,18.621917,-1.567551,-4.427935,-0.437016
,2655.86,2666.65,2631.78,2634.14,2634.14,59120206,64875221164,-1.069375,-1.063678,17.235264,24.920833,11.042643,-0.466765,20.703009,-1.189213,-6.235676,0.307786
,2622.74,2647.78,2621.86,2633.34,2633.34,42148441,46524079738,-0.030375,-0.03037,15.708995,24.768339,10.778095,-1.52627,20.958583,0.092994,-7.497709,-0.049379
,2637.96,2679.93,2637.96,2679.93,2679.93,64122034,66981591368,1.753767,1.769236,16.470019,23.975546,10.778095,0.761024,19.692803,-0.584932,-8.770465,-1.766679
,2687.74,2694.61,2660.96,2662.7,2662.7,71395458,74973261138,-0.645003,-0.642927,16.781041,23.522856,10.183104,0.311023,21.981674,-0.312201,-5.793104,-3.971237
,2654.8,2657.96,2615.6,2621.05,2621.05,62447148,68852557821,-1.576564,-1.564202,16.303576,23.65767,8.775838,-0.477465,21.522631,2.264097,-3.938356,-2.402097
,2596.48,2628.58,2594.13,2603,2603,56948733,63243293004,-0.691037,-0.688655,13.727338,23.513562,8.135875,-2.576238,21.636781,0.081027,-4.231578,-1.767351
,2612.4,2645.95,2612.4,2635.79,2635.79,57549413,64458851045,1.251832,1.2597,14.266803,23.634729,8.135875,0.539464,21.415289,-1.92447,-4.500738,-3.616097
,2644.1,2664.41,2631.41,2664.3,2664.3,55258921,65963441747,1.075841,1.081649,14.59502,23.71012,8.135875,0.328217,20.884164,-1.542443,-5.566658,-5.396568
,2663.24,2666.43,2636.42,2654.4,2654.4,62327216,74367701978,-0.372272,-0.37158,14.723642,23.724883,7.534333,0.128623,22.361084,-0.923099,-3.214155,-3.68913
,2653.68,2681.33,2649.17,2681.07,2681.07,58404469,66429764308,0.999733,1.004747,14.765833,23.715769,7.915354,0.04219,22.043435,-3.670325,-3.825217,-5.398102
,2694.48,2705.75,2595.34,2605.11,2605.11,108426540,117080408732,-2.874107,-2.833197,18.267185,24.386494,14.221823,3.501352,19.644901,-0.667067,-1.199825,-0.943747
,2602.66,2618.25,2575.44,2585.55,2585.55,72565960,77042766482,-0.753665,-0.750832,18.386474,23.952993,14.027524,0.11929,19.959567,-0.069642,-1.703429,-0.976694
,2591.8,2624.32,2577.25,2623.52,2623.52,58091259,67451822278,1.457868,1.468546,19.006953,23.99354,14.027524,0.620479,20.95609,-2.727129,-0.90401,-2.137007
,2617.66,2631.04,2598.63,2630.01,2630.01,57646625,68803937996,0.247072,0.247378,19.008756,23.401066,14.027524,0.001802,20.929926,-2.876323,-1.299274,-1.872937
,2622.66,2622.66,2584.02,2584.45,2584.45,58114065,64263817216,-1.747493,-1.732313,19.99088,23.396169,13.702375,0.982125,20.380136,-1.454156,1.626888,-1.004467
,2597.38,2613.27,2569.07,2587.79,2587.79,58002544,66674920148,0.129151,0.129234,19.385475,23.383471,13.702375,-0.605406,20.614039,-4.460424,0.70276,-1.368786
,2586.94,2599.24,2570.45,2583.75,2583.75,44926777,50115505934,-0.15624,-0.156118,19.344346,23.373193,13.733326,-0.041129,20.604116,-5.596592,0.814094,-2.808695
,2575.33,2578.82,2544.52,2552.94,2552.94,43329256,47812442986,-1.19962,-1.192453,18.745904,23.256937,13.066561,-0.598443,20.229995,-3.915961,2.821233,-3.849992
,2551.43,2562.93,2540.7,2555.44,2555.44,31816211,36356133943,0.097878,0.097926,18.682493,23.256909,13.066561,-0.06341,20.230704,-1.681481,2.932581,-4.013025
,2565.55,2571.9,2544.37,2547.14,2547.14,35944604,47394454857,-0.325326,-0.324797,18.621917,23.241007,12.848076,-0.060577,20.197429,-1.077972,3.055154,-4.002665
,2538.46,2540.42,2471.03,2474.9,2474.9,50005790,54993640999,-2.877117,-2.836122,20.703009,23.938107,15.598193,2.081092,17.965773,0.814886,8.091819,-2.006748
,2463.69,2476.48,2429.73,2443.12,2443.12,46131304,48651595893,-1.292408,-1.284092,20.958583,23.930745,14.65147,0.255574,16.823885,3.089965,9.683018,0.75397
,2447.94,2461.98,2438.49,2454.9,2454.9,37027086,39139734882,0.481012,0.48217,19.692803,23.943642,14.65147,-1.26578,16.88877,2.618875,10.103,0.420314
,2449.21,2517.39,2441.27,2512.83,2512.83,54331687,58049690964,2.332358,2.35977,21.981674,24.3758,15.079129,2.288871,15.494089,2.266748,7.840576,-1.770981
,2509.45,2525.53,2502.7,2519.83,2519.83,42368576,47207795088,0.278183,0.27857,21.522631,24.218228,15.797733,-0.459043,15.696066,2.377236,7.243242,-2.203209
,2510.53,2518.38,2491.59,2495.15,2495.15,35370986,38180751755,-0.984259,-0.979431,21.636781,23.91725,15.585334,0.11415,17.059397,3.11278,6.304075,-2.630534
,2490.28,2519.81,2459.35,2519.79,2519.79,41335905,44064833898,0.982672,0.987516,21.415289,23.864555,15.585334,-0.221492,16.907773,0.87284,5.310114,-1.890129
,2494.52,2541.13,2489.32,2520.04,2520.04,42510310,43627983913,0.009921,0.009921,20.884164,23.847901,15.585334,-0.531125,17.283885,3.120205,4.533679,-4.214494
,2522.83,2570.84,2516.57,2570.44,2570.44,56488409,59536950778,1.980232,1.999968,22.361084,23.223715,15.677753,1.476919,16.344647,0.991782,1.738966,-6.581642
,2575.05,2593.79,2570.03,2580.45,2580.45,53092643,61892977442,0.388671,0.389427,22.043435,22.294086,15.677753,-0.317649,16.30572,1.78178,1.420619,-6.189725
,2564.23,2586.2,2559.78,2574.04,2574.04,40839700,42650756402,-0.248715,-0.248406,19.644901,22.273842,13.704277,-2.398534,17.387133,1.235518,0.023695,-4.972337
,2572.36,2578.76,2541.53,2541.88,2541.88,37815467,38328417080,-1.257268,-1.249398,19.959567,22.444191,13.602621,0.314666,17.509629,2.447881,2.79547,-3.655883
,2550.91,2602.11,2546,2599.91,2599.91,58688408,59361005883,2.257286,2.282956,20.95609,22.577315,13.602621,0.996523,16.583109,0.998114,-1.002349,-8.01206
,2598.33,2606.86,2585.3,2596.06,2596.06,46448109,55512931549,-0.148192,-0.148082,20.929926,22.120439,13.722879,-0.026164,16.697127,1.355531,-0.340711,-7.262694
,2591.51,2627.38,2589.35,2626.84,2626.84,61446379,63829908072,1.178669,1.185643,20.380136,20.044076,13.911132,-0.54979,17.091368,-0.02589,0.025883,-8.435979
,2624.75,2632.09,2599.11,2606.04,2606.04,58664938,62073949557,-0.794978,-0.791826,20.614039,19.82736,13.136641,0.233903,16.905825,2.928636,0.414712,-7.228076
,2594.8,2640.29,2559.46,2604.87,2604.87,71139558,73150514001,-0.044906,-0.044896,20.604116,19.484832,13.33034,-0.009923,17.173339,3.272332,-0.369607,-8.255591
,2598.23,2631.44,2593.33,2625.99,2625.99,62468053,63529458933,0.80752,0.810789,20.229995,19.340938,14.039948,-0.374121,17.128142,3.365806,-2.034657,-10.449814
,2632.72,2643.77,2617.09,2631.49,2631.49,58965667,64377486667,0.209226,0.209445,20.230704,18.963773,14.039948,0.000709,18.148408,3.226514,-0.640468,-10.213603
,2630.55,2637.92,2623.6,2626.16,2626.16,48233586,53345515969,-0.202752,-0.202547,20.197429,18.974574,14.208086,-0.033274,18.802422,3.110116,0.935764,-10.682719
,2660.67,2697.95,2643.53,2683.49,2683.49,80148654,92366091966,2.159548,2.183035,17.965773,19.154418,8.241666,-2.231656,17.089893,-0.972859,-1.548357,-13.377151
,2679.52,2693.88,2675.81,2691.52,2691.52,59361090,72337336415,0.29879,0.299237,16.823885,18.61936,7.592901,-1.141888,17.063132,-1.282939,-2.234688,-13.606956
,2689.62,2716.03,2677.14,2715.88,2715.88,63218086,73699551125,0.900994,0.905065,16.88877,18.6367,7.592901,0.064886,16.653625,-2.950446,-3.099215,-15.076586
,2699.45,2717.78,2694.32,2717.78,2717.78,68547314,82715668565,0.069934,0.069959,15.494089,18.632333,7.592901,-1.394681,19.165646,-3.834862,-6.018709,-15.269467
,2717.41,2717.82,2683.56,2709.12,2709.12,63110840,73744497984,-0.319151,-0.318642,15.696066,18.185263,7.124758,0.201976,19.193639,-3.445386,-5.706983,-13.853444
,2685.19,2685.19,2655.32,2657.51,2657.51,58400283,69482578578,-1.923426,-1.905047,17.059397,17.819039,10.549409,1.363332,18.198647,-3.167599,-3.839848,-12.94291
,2657.87,2667.68,2649.38,2657.21,2657.21,46962576,54056953614,-0.011289,-0.011289,16.907773,17.819871,10.37622,-0.151625,18.240199,-1.641804,-4.425472,-12.127115
,2652.31,2666.57,2636.52,2636.92,2636.92,41006143,49392898299,-0.766513,-0.763583,17.283885,17.903254,9.842945,0.376113,18.216973,-2.415823,-4.363589,-10.015671
,2653.81,2656.28,2613.35,2615.53,2615.53,52082484,60331294491,-0.814482,-0.811174,16.344647,17.992459,9.409853,-0.939239,18.870083,-1.087895,-2.213941,-9.06463
,2597.64,2618.18,2591.6,2617.37,2617.37,45767271,51374761939,0.070324,0.070349,16.30572,17.968583,9.409853,-0.038927,18.973507,0.387044,-2.993505,-9.09645
,2610.16,2612.62,2574.08,2574.65,2574.65,43280274,47863536278,-1.645639,-1.632173,17.387133,18.174825,10.43816,1.081413,19.055261,1.626534,0.232383,-6.538171
,2577.96,2619.59,2571.2,2613.94,2613.94,43728389,49203910040,1.514506,1.526033,17.509629,18.393669,10.592286,0.122496,18.387096,-0.717196,-2.068735,-8.54941
,2595.55,2603.19,2567.3,2573.98,2573.98,43422124,46907511775,-1.540532,-1.528727,16.583109,18.680457,10.88359,-0.92652,17.623444,-0.034194,-0.230648,-9.021707
,2572.37,2604.22,2563.97,2587.23,2587.23,38602090,44300405781,0.513447,0.514767,16.697127,18.705952,10.981218,0.114018,17.622536,1.055774,-0.232952,-9.31897
,2598.17,2627.6,2597.6,2627.52,2627.52,42773529,49392413014,1.545263,1.557264,17.091368,18.889086,10.981218,0.394241,16.866688,0.883991,-2.657238,-11.948142
,2621.79,2635.78,2598.29,2616.87,2616.87,43719531,52563403310,-0.406149,-0.405325,16.905825,18.709251,11.164456,-0.185543,16.840844,0.965566,-2.486258,-12.055401
,2613.09,2630.41,2588.21,2595.26,2595.26,42844066,50064439874,-0.829224,-0.825796,17.173339,18.775337,10.412014,0.267513,17.47471,1.407251,-3.253182,-11.493382
,2595.26,2602.17,2565.65,2573.1,2573.1,39273004,41420081778,-0.857531,-0.853864,17.128142,18.554999,9.87786,-0.045197,18.840858,2.301248,-4.636568,-11.142432
,2562.6,2614.85,2545.34,2614.69,2614.69,56339275,58412343035,1.603415,1.616338,18.148408,18.847592,9.87786,1.020267,17.573509,-2.151726,-6.305137,-12.229757
,2615.15,2658.25,2612.56,2650.85,2650.85,72135637,78681504585,1.37348,1.382956,18.802422,19.059007,9.779105,0.654014,16.404675,-3.532631,-7.993583,-14.389045
,2646.37,2655.16,2636.52,2642.26,2642.26,51855436,56976275428,-0.324573,-0.324047,17.089893,18.942497,9.693129,-1.712529,16.489642,-3.264349,-8.55021,-13.776942
,2623.16,2645.59,2617.23,2632.04,2632.04,44107469,49875041384,-0.38754,-0.38679,17.063132,18.959491,9.490212,-0.026761,17.812149,-3.473723,-6.69436,-14.54803
,2633.6,2653.86,2623.29,2633,2633,44191056,53843404285,0.036467,0.036474,16.653625,18.604007,9.490212,-0.409508,17.847112,-4.21482,-6.583471,-16.69298
,2598.73,2608.32,2558.92,2559.03,2559.03,52478502,60615569451,-2.84956,-2.809343,19.165646,19.445145,12.747459,2.512022,15.207526,-0.030094,-3.592848,-13.386249
,2565.19,2573.89,2548.76,2558.84,2558.84,37779910,43553303591,-0.007425,-0.007425,19.193639,19.188787,13.151756,0.027992,15.194404,-0.731909,-3.739468,-14.438741
,2564.23,2573.74,2547.33,2557.4,2557.4,33857694,41316908581,-0.056291,-0.056275,18.198647,19.140842,12.817768,-0.994992,15.789733,0.904631,-5.094761,-14.537888
,2579.43,2584.04,2536.26,2542.18,2542.18,34841186,42053000073,-0.596914,-0.595136,18.240199,18.986624,12.302882,0.041552,17.206847,0.714933,-2.774771,-14.235343
,2558.84,2559.13,2520.41,2524.33,2524.33,43856426,47638005888,-0.70463,-0.702153,18.216973,18.881912,12.314974,-0.023227,18.785458,1.717118,-4.384584,-12.47053
,2529.6,2565.43,2523.77,2558.26,2558.26,40098260,43449657466,1.335166,1.344119,18.870083,19.095893,12.861505,0.65311,17.867681,0.893094,-6.106667,-14.886744
,2543.76,2553.92,2529.95,2540.18,2540.18,37936676,40259911520,-0.70924,-0.70673,18.973507,19.011239,12.329649,0.103424,18.20051,0.723311,-4.61684,-14.383213
,2546.79,2581.11,2539.63,2580.64,2580.64,45014568,51291269477,1.580249,1.592801,19.055261,18.407118,12.235902,0.081754,17.509718,-1.092107,-5.228416,-15.15127
,2573.33,2584.71,2558.56,2560.42,2560.42,40247934,46331822555,-0.786612,-0.783527,18.387096,18.412883,11.71515,-0.668165,17.430456,-1.901642,-4.382617,-9.982038
,2565.19,2580.17,2538.57,2568.05,2568.05,42786078,48868302897,0.297555,0.297998,17.623444,18.168031,11.624205,-0.763652,18.529351,-4.440114,-6.779063,-9.87088
,2576.63,2593.22,2572.99,2581.21,2581.21,35693628,40852450181,0.511143,0.512451,17.622536,18.193623,11.624205,-0.000908,18.586801,-5.016411,-6.689031,-11.019291
,2577.36,2577.36,2556.1,2558.62,2558.62,32700553,37020041266,-0.879023,-0.875171,16.866688,17.928832,11.154287,-0.755847,18.508077,-4.452354,-5.804623,-9.787069
,2563.64,2570.66,2549.44,2552.61,2552.61,29850639,33573669769,-0.235169,-0.234892,16.840844,17.931716,11.28086,-0.025844,18.675863,-5.098386,-5.156529,-10.487703
,2547.05,2547.05,2502.42,2512.19,2512.19,35396732,38607959039,-1.596148,-1.583477,17.47471,18.218003,11.937971,0.633866,18.266122,-2.033928,-4.632802,-8.151196
,2501.16,2501.16,2455.01,2456.52,2456.52,40106735,42503507171,-2.240917,-2.215995,18.840858,18.619991,13.593557,1.366148,17.242875,0.354345,-3.778589,-8.395186
,2442.56,2465.12,2434.64,2454.92,2454.92,31734008,33896511717,-0.065154,-0.065133,17.573509,18.616929,13.504582,-1.267349,17.386144,0.560562,-3.267998,-9.374557
,2452.67,2470.76,2444.34,2447.2,2447.2,30007553,31437597414,-0.314966,-0.314471,16.404675,18.616327,13.175079,-1.168834,17.473348,0.721484,-3.6249,-8.568681
,2451.66,2459.19,2425.24,2425.73,2425.73,30543113,34418793210,-0.8812,-0.877329,16.489642,17.758999,13.022652,0.084967,17.332021,0.1911,-3.278584,-9.951776
,2418.86,2462.81,2417.49,2461.61,2461.61,37994941,40976538386,1.46831,1.479142,17.812149,17.824208,13.369277,1.322507,16.26297,0.445867,-4.677907,-11.278561
,2473.54,2473.97,2452.99,2465.24,2465.24,40510078,45651476527,0.147356,0.147464,17.847112,17.799854,13.369277,0.034963,16.238921,-2.015933,-5.3939,-10.680203
,2464.85,2490.55,2457.45,2468.72,2468.72,38693354,45004653879,0.141063,0.141163,15.207526,17.131092,10.16665,-2.639587,16.177273,-2.543913,-5.65791,-11.063941
,2474.53,2481.34,2456,2464.92,2464.92,34452142,37837659888,-0.154045,-0.153926,15.194404,17.120831,9.976224,-0.013122,16.902547,-1.60928,-4.406993,-12.059387
,2450.3,2450.3,2420,2430.37,2430.37,34726145,35946204421,-1.411584,-1.401668,15.789733,17.243801,9.897622,0.59533,16.586158,0.770977,-4.008301,-7.634914
,2435.06,2477.23,2420.36,2472.61,2472.61,49610605,56601778899,1.723076,1.738007,17.206847,17.49696,10.281262,1.417114,15.455219,-0.892914,-4.926872,-7.53653
,2455.89,2470.21,2414.95,2416.04,2416.04,49223302,54601732513,-2.314444,-2.287866,18.785458,18.111111,12.278593,1.578611,14.381959,-0.677361,-1.267498,-6.232798
,2411,2426.53,2402.37,2406.71,2406.71,35549984,38539025245,-0.386917,-0.386169,17.867681,17.609198,12.028883,-0.917777,14.34576,0.31073,-0.744022,-3.662452
,2402.18,2427.79,2402.15,2425.57,2425.57,37624312,39851892244,0.780588,0.783642,18.20051,17.674768,12.519312,0.332829,14.022893,-0.464473,-1.486105,-4.272508
,2420.04,2460.56,2404.58,2449.18,2449.18,56717691,65137536868,0.968673,0.973379,17.509718,17.807535,12.519312,-0.690792,13.968925,-1.02022,-1.542138,-6.174476
,2441.01,2467.99,2438.98,2450.63,2450.63,36725256,42013581196,0.059186,0.059203,17.430456,17.640303,13.106081,-0.079262,14.036203,-2.151827,-2.098057,-6.146838
,2452.59,2452.59,2399.61,2399.73,2399.73,42771870,45844882072,-2.09889,-2.077017,18.529351,17.453221,13.555196,1.098895,13.876466,-1.439641,-2.011996,-4.468439
,2391.9,2421.93,2391.28,2414.2,2414.2,33424329,38285441648,0.601174,0.602985,18.586801,17.517979,13.555196,0.05745,13.684191,-1.595378,-2.396986,-4.925917
,2412.06,2420.78,2373.65,2414.33,2414.33,41751788,44325492550,0.005385,0.005385,18.508077,17.309961,14.18911,-0.078724,14.092165,-2.27263,-3.48628,-4.816493
,2407.44,2444.06,2401.29,2424.32,2424.32,46949052,47704038961,0.412926,0.413779,18.675863,17.291922,14.232487,0.167786,13.963213,-3.22044,-4.412614,-3.707676
,2415.71,2423.8,2392.18,2398.46,2398.46,37619754,36683623955,-1.072421,-1.066691,18.266122,17.400622,14.010212,-0.409741,13.599525,-2.079033,-3.607398,-2.789907
,2379.89,2379.89,2357.51,2365.43,2365.43,32390369,33178928582,-1.386704,-1.377134,17.242875,17.472491,12.641706,-1.023247,12.90518,-1.260966,-2.727274,-1.012964
,2353.22,2392.35,2352.8,2375.99,2375.99,30310079,31149105846,0.445437,0.44643,17.386144,17.501311,12.191555,0.14327,12.949785,-1.829349,-2.656622,-2.726664
,2368.38,2381.04,2357.47,2360.08,2360.08,24896501,25730598144,-0.671868,-0.669616,17.473348,17.531415,11.586482,0.087204,13.018822,-0.06061,-2.770563,-2.240949
,2360.13,2374.87,2344.7,2347.49,2347.49,31314094,31326395007,-0.534884,-0.533456,17.332021,16.853437,11.980711,-0.141327,13.014037,-0.538617,-1.948148,-2.425352
,2353.94,2364.98,2341.29,2349.11,2349.11,31090525,33048182067,0.068986,0.06901,16.26297,16.829615,11.980711,-1.069051,13.52536,0.196902,-3.175762,-4.403564
,2350.78,2367.03,2334,2335.79,2335.79,30484851,29907972257,-0.568637,-0.567023,16.238921,16.677797,11.623314,-0.024049,15.150986,2.110469,-4.715608,-4.372869
,2336.88,2350.07,2329.5,2332.92,2332.92,32099723,31196332451,-0.122946,-0.122871,16.177273,16.666611,11.904148,-0.061648,15.346956,2.369975,-4.135491,-4.069841
,2332.13,2371.12,2331.95,2358.65,2358.65,31420848,31277764382,1.096872,1.10291,16.902547,16.894238,11.692031,0.725274,14.817462,1.311607,-6.29228,-4.501927
,2354.07,2358.56,2325.61,2334.88,2334.88,31516159,29751166648,-1.012892,-1.00778,16.586158,16.605199,11.523496,-0.316389,14.592417,3.23714,-5.434826,-1.597354
,2340.25,2354.16,2329.93,2353.74,2353.74,29769785,31106947335,0.804505,0.80775,15.455219,16.731779,11.523496,-1.130939,14.027895,1.935901,-6.5337,-2.015727
,2350.12,2388.36,2348.12,2385.61,2385.61,41820665,43686686303,1.34493,1.354015,14.381959,16.9852,9.511978,-1.07326,13.607985,-1.421859,-6.818448,-3.572868
,2383.26,2390.78,2379.45,2388.87,2388.87,38285489,40403711505,0.136559,0.136653,14.34576,16.942107,9.686979,-0.036199,13.727184,-1.342234,-8.036055,-4.130403
,2390.96,2405.18,2382.82,2389.79,2389.79,37810451,41340862162,0.038505,0.038512,14.022893,16.940457,9.686979,-0.322867,13.650447,-2.464648,-8.280268,-4.374598
,2388.43,2412.14,2378.85,2411.7,2411.7,35658951,43256096919,0.91264,0.916817,13.968925,16.787405,9.686979,-0.053968,13.525049,-3.890696,-8.380716,-7.144376
,2409.94,2413.42,2395.91,2399.75,2399.75,34702995,40699222527,-0.496733,-0.495501,14.036203,16.459458,9.351636,0.067278,21.745169,-3.661168,-3.501364,-6.847807
,2394.5,2394.5,2350.81,2351.93,2351.93,44783546,46249676189,-2.01283,-1.992708,13.876466,16.658064,9.00442,-0.159737,20.704811,-2.154919,-1.079821,-4.348417
,2352.66,2357.85,2324.91,2357.02,2357.02,39850066,42404687531,0.216184,0.216418,13.684191,16.618562,9.00442,-0.192275,20.778603,-1.855013,-1.933274,-6.330213
,2350.02,2350.02,2330.15,2331.61,2331.61,30580176,30332554840,-1.083909,-1.078056,14.092165,16.340605,8.553643,0.407974,20.497266,-1.556912,-0.496166,-4.76519
,2327.91,2335.4,2317.06,2319.67,2319.67,25902905,27076003542,-0.513408,-0.512093,13.963213,16.347886,8.319158,-0.128952,20.684789,-0.755975,-0.91856,-5.587179
,2318.43,2322.89,2295.16,2313.48,2313.48,26065717,28629966797,-0.267205,-0.266848,13.599525,16.29612,8.689358,-0.363688,20.850366,-1.647398,0.089004,-6.069486
,2294.9,2307.41,2279.95,2301.79,2301.79,27402033,27174816852,-0.50658,-0.505299,12.90518,16.25067,8.167586,-0.694346,22.602412,-3.2493,-1.889323,-5.666301
,2301.93,2327.38,2296.55,2313.7,2313.7,34895100,34757869338,0.516089,0.517423,12.949785,15.888105,8.167586,0.044606,22.721822,-3.308218,-3.449937,-6.648304
,2315.14,2317.37,2285.75,2295.59,2295.59,31708412,31547519179,-0.785808,-0.782729,13.018822,15.585901,8.172965,0.069036,22.716701,-3.582327,-2.173218,-4.48534
,2298.18,2311.65,2285.37,2302.2,2302.2,31335342,33789603948,0.28753,0.287943,13.014037,15.622124,8.554442,-0.004785,23.901443,-4.025295,-4.725043,-5.56648
,2295.68,2299.3,2274.57,2275.68,2275.68,31869591,32986336544,-1.158628,-1.151942,13.52536,15.734936,8.362496,0.511323,23.680516,-3.161036,-3.424891,-3.715437
,2268.49,2268.49,2228.15,2228.2,2228.2,37386191,35384156112,-2.108482,-2.086409,15.150986,16.180257,10.402109,1.625626,22.731941,0.007629,-0.570695,-2.38896
,2226.9,2250.6,2222,2238.41,2238.41,33773615,30331076332,0.457171,0.458217,15.346956,15.332706,10.04413,0.19597,22.669266,-1.530589,-1.270541,-4.000032
,2230.2,2240.11,2214.43,2214.81,2214.81,29010648,27396186648,-1.059917,-1.05432,14.817462,15.420936,9.533818,-0.529494,22.723648,-0.676381,-1.360114,-3.943909
,2204.51,2223.2,2188.72,2211.37,2211.37,35491310,33867206144,-0.155439,-0.155318,14.592417,15.417212,10.353986,-0.225045,25.209095,0.29125,1.808214,-4.423596
,2205.57,2218.87,2203.12,2204.87,2204.87,25964986,23340891008,-0.294368,-0.293935,14.027895,15.399947,10.28339,-0.564522,25.890337,4.968238,3.924042,-3.002161
,2201.12,2236.56,2197.71,2228.37,2228.37,38548592,35299176733,1.060183,1.065822,13.607985,15.594664,10.28339,-0.419911,26.017009,4.316768,1.853148,-5.51276
,2231.72,2234.88,2199.51,2204.41,2204.41,34852688,33220203922,-1.081048,-1.075225,13.727184,15.357914,9.889233,0.119199,26.636893,4.760547,5.117625,-3.364802
,2199.74,2209.54,2186.96,2199.88,2199.88,34751824,30445168179,-0.205709,-0.205497,13.650447,15.327979,9.930579,-0.076737,26.583846,5.319454,5.493866,0.362997
,2204.44,2218.68,2199.86,2217.82,2217.82,31695884,26873315868,0.812192,0.815499,13.525049,15.016115,9.930579,-0.125398,26.836593,3.57146,3.748379,-0.643234
,2233.91,2341.52,2233.91,2317.18,2317.18,94529764,84302249171,4.38262,4.480075,21.745169,17.723645,10.207973,8.22012,21.786954,-0.070801,-0.547418,-3.086175
,2320.56,2334.5,2313.57,2326.67,2326.67,65330554,63252038538,0.408713,0.40955,20.704811,17.737531,8.995901,-1.040357,21.765636,-2.964421,-1.376622,-2.419578
,2316.53,2316.53,2294.82,2311.89,2311.89,46260719,43389766043,-0.637269,-0.635243,20.778603,17.706803,8.632241,0.073792,21.671453,-3.371677,-0.595657,-2.33645
,2325.93,2337.2,2298.3,2320.07,2320.07,49622518,46485174475,0.353199,0.353823,20.497266,17.680173,8.868952,-0.281337,21.632062,-3.233965,-0.834047,-2.280039
,2316.68,2325.53,2298.37,2298.46,2298.46,42049849,38023998305,-0.935802,-0.931437,20.684789,17.750535,8.842564,0.187523,22.039921,-4.562458,1.623498,-2.458559
,2324.01,2332.42,2298.83,2315.54,2315.54,61571814,55438612876,0.740359,0.743106,20.850366,17.596623,8.897228,0.165577,21.913497,-5.161293,0.728487,1.726292
,2312.05,2314.99,2258.18,2258.71,2258.71,48984734,43753169666,-2.484907,-2.454287,22.602412,17.727907,11.764172,1.752046,19.800616,-1.930671,3.603633,4.670273
,2249.43,2253.14,2228.04,2235.24,2235.24,33228696,30171497189,-1.044525,-1.039089,22.721822,17.823627,11.219322,0.119409,19.999093,-1.128822,3.379895,5.774779
,2237.22,2249.24,2229.49,2246.24,2246.24,34349706,32607010935,0.49091,0.492117,22.716701,17.869433,11.715205,-0.005121,19.998953,-2.769222,2.702832,5.410049
,2236.19,2236.19,2194.22,2195.95,2195.95,42545779,38385856464,-2.264295,-2.238852,23.901443,18.332349,12.551471,1.184742,18.212576,2.507961,4.24784,8.25089
,2190.33,2217.47,2186.53,2199.06,2199.06,38120593,34043368088,0.141524,0.141624,23.680516,18.026287,13.16247,-0.220927,19.711502,4.187898,2.19709,7.570348
,2183.97,2225.8,2172.88,2215.52,2215.52,37501686,33608761246,0.745714,0.748502,22.731941,18.115318,12.733361,-0.948575,19.688927,2.431472,0.913433,7.212582
,2209.98,2225.33,2202.38,2210.15,2210.15,27877019,26677064455,-0.242675,-0.242381,22.669266,18.103517,12.634738,-0.062675,19.663982,4.857576,1.336191,10.237436
,2208.91,2216.82,2181.08,2184.89,2184.89,27454626,24918916453,-1.14949,-1.142909,22.723648,18.211014,12.662334,0.054382,19.225259,6.177599,3.150466,11.762792
,2186,2266.3,2185.77,2251.72,2251.72,53016900,48210577766,3.012888,3.058735,25.209095,19.186064,12.589745,2.485447,17.335722,2.231415,2.029259,8.218305
,2235.06,2297.03,2234.32,2293.11,2293.11,57875825,54431465854,1.821461,1.83815,25.890337,19.227604,12.61614,0.681241,16.15544,0.496778,0.59393,7.836975
,2291.96,2305.18,2258.11,2270.05,2270.05,35534424,33915840250,-1.010712,-1.005621,26.017009,18.773987,11.906391,0.126672,15.71607,1.086998,1.392432,10.562699
,2281.75,2327.73,2281.75,2320.16,2320.16,52548887,48330196363,2.183429,2.20744,26.636893,19.338978,12.627797,0.619884,13.653818,-0.952735,-1.211973,8.437122
,2314.59,2325.75,2304.61,2324.12,2324.12,42686238,37873996221,0.170532,0.170678,26.583846,19.265855,12.216451,-0.053047,13.634645,-1.008458,-1.588195,8.724262
,2315.9,2321.35,2300.93,2302.53,2302.53,41300655,36172963459,-0.933295,-0.928954,26.836593,19.221636,11.528552,0.252747,14.750693,1.446579,-2.512039,9.236323
,2311.28,2332.15,2287.01,2304.53,2304.53,36874145,33205903773,0.086823,0.086861,21.786954,19.222715,11.528552,-5.049639,14.731041,1.205104,-2.799026,9.181174
,2306.01,2307.88,2278.46,2294.86,2294.86,28651746,28569021615,-0.420491,-0.419608,21.765636,18.780848,11.53394,-0.021319,14.853287,2.015835,-1.891974,9.777273
,2293.24,2315.45,2287.59,2298.16,2298.16,32059679,32705140504,0.143696,0.1438,21.671453,18.733896,11.906355,-0.094182,15.952554,0.603875,-3.801282,7.745133
,2307.36,2312.17,2280.82,2300.8,2300.8,33349409,31270899032,0.114809,0.114875,21.632062,18.737421,11.906355,-0.039391,16.097733,0.302913,-3.434977,11.365228
,2307.49,2341.12,2305.88,2336.08,2336.08,50615100,45050292530,1.521742,1.53338,22.039921,18.99806,12.644482,0.407859,15.285459,-1.938116,-6.292116,10.544356
,2335.1,2342.53,2328.73,2332.47,2332.47,35927732,33173031578,-0.154652,-0.154532,21.913497,18.882285,13.043492,-0.126424,15.348612,-3.69269,-6.886977,9.973306
,2320.47,2347.9,2315.9,2341.59,2341.59,34368286,32815273277,0.390239,0.391002,19.800616,18.69382,10.691619,-2.112882,15.13378,-4.620872,-7.380612,8.634494
,2340.89,2344.04,2309.25,2312.08,2312.08,37221272,33716876575,-1.268263,-1.260255,19.999093,18.842118,10.870842,0.198477,14.764959,-3.172526,-6.578262,11.560851
,2303.4,2321.43,2302.17,2307.78,2307.78,37542445,30392377974,-0.186153,-0.18598,19.998953,18.799392,10.904867,-0.000139,15.959877,-2.321588,-5.014954,12.340897
,2306.73,2322.92,2288.6,2291.24,2291.24,44351531,33183528714,-0.719287,-0.716706,18.212576,18.824019,6.919275,-1.786377,15.990966,0.28938,-5.089276,12.522527
,2291.31,2293.18,2237.06,2247.91,2247.91,40900519,34530067051,-1.909226,-1.891116,19.711502,19.207572,8.993056,1.498926,15.059754,2.584738,-2.487636,14.837567
,2241.8,2248.14,2227.65,2235.85,2235.85,27581325,25328650697,-0.537943,-0.536498,19.688927,19.204294,8.622871,-0.022576,15.173139,2.910471,-2.731698,14.423325
,2236.32,2257.95,2231.78,2239.88,2239.88,34083125,29516628523,0.180082,0.180245,19.663982,19.21096,8.594547,-0.024945,15.538356,2.309412,-4.065682,13.81332
,2241.43,2256.09,2233.68,2254.82,2254.82,37169795,30634360248,0.664785,0.667,19.225259,19.119261,8.91647,-0.438723,15.430458,1.438937,-5.734261,16.219113
,2256.61,2305.63,2256.41,2297.88,2297.88,50761729,45602138249,1.891681,1.909687,17.335722,19.43475,8.91647,-1.889536,13.135295,-2.309883,-8.261068,15.22876
,2297.9,2309.67,2284.72,2306.77,2306.77,39833288,34893875754,0.386132,0.386878,16.15544,19.377159,8.91647,-1.180283,13.969988,-2.896178,-7.520134,15.321325
,2302.74,2318.23,2290.14,2301.88,2301.88,39510372,33663152794,-0.21221,-0.211985,15.71607,19.165627,9.296298,-0.43937,14.460235,-2.197408,-8.758341,15.465449
,2301.98,2304.05,2260.51,2292.21,2292.21,39280627,34473381993,-0.420976,-0.420091,13.653818,19.175318,8.879535,-2.062252,15.416258,-3.542044,-7.270454,17.965245
,2288.76,2300.89,2277.02,2287.5,2287.5,33067403,30278449435,-0.20569,-0.205479,13.634645,19.17601,8.719759,-0.019173,20.69691,-2.85524,-3.542674,18.342477
,2269.58,2275.4,2245.4,2245.41,2245.41,35426475,30411864845,-1.857139,-1.84,14.750693,19.406746,10.466475,1.116047,19.725554,-2.333499,-1.879575,21.05655
,2241.76,2252.2,2235.23,2240.92,2240.92,30506968,24374277793,-0.200164,-0.199963,14.731041,19.391607,10.257081,-0.019652,20.994396,-2.882848,0.260268,21.406691
,2242.96,2254.7,2232.74,2251.85,2251.85,34721685,29040821378,0.48656,0.487746,14.853287,19.01928,10.675058,0.122246,21.272699,-3.472803,0.849018,20.343148
,2250.84,2250.84,2208.72,2212.44,2212.44,34083704,28818451577,-1.765612,-1.750117,15.952554,19.322056,11.294182,1.099268,20.320349,-2.173105,2.06049,22.53757
,2213.09,2225.12,2206,2223.11,2223.11,26758790,23592323468,0.481114,0.482273,16.097733,19.249638,11.294182,0.145179,20.304282,-1.277063,1.988985,20.812702
,2210.75,2220.99,2193.52,2193.62,2193.62,28319151,23778694920,-1.335397,-1.32652,15.285459,19.4019,11.080173,-0.812274,20.111323,-0.735276,2.21006,20.235474
,2189.51,2191.61,2162.98,2177.24,2177.24,30247786,26118247405,-0.749513,-0.746711,15.348612,19.445513,10.620258,0.063153,26.091355,0.706652,7.884782,21.617105
,2175.18,2176.49,2149.54,2174.99,2174.99,26978666,26737221714,-0.103395,-0.103342,15.13378,19.427155,10.715158,-0.214833,26.025377,0.028042,8.447251,18.253686
,2180.21,2184.33,2163.53,2164.88,2164.88,23948916,22999196160,-0.465913,-0.46483,14.764959,19.399563,10.603698,-0.368821,25.853694,-0.659946,8.973146,18.183796
,2165.41,2195.46,2151.38,2194.9,2194.9,30508482,27121949931,1.377155,1.386682,15.959877,19.583678,10.691486,1.194918,25.638265,-3.040895,7.722171,17.128083
,2181.18,2185.58,2169.66,2177.55,2177.55,22912351,21536153037,-0.79361,-0.790469,15.990966,19.623552,10.683782,0.031089,25.2606,-2.882412,9.092326,16.476732
,2184.41,2202.47,2179.73,2192.68,2192.68,28667493,26307630050,0.692415,0.694818,15.059754,19.560698,9.728536,-0.931212,25.484055,-2.44776,7.860894,16.833865
,2187.24,2191.36,2172.1,2175.6,2175.6,24742696,22231498412,-0.782005,-0.778955,15.173139,19.152569,9.687745,0.113385,25.104117,-3.116171,9.030847,20.60204
,2168.59,2173.46,2150.22,2150.64,2150.64,31946746,26149735216,-1.153902,-1.14727,15.538356,19.25831,9.45181,0.365218,25.647634,-0.895359,12.966928,21.587845
,2142.5,2144.8,2126.03,2129.16,2129.16,30009339,24423321714,-1.003794,-0.998772,15.430458,19.246286,9.133765,-0.107898,24.926309,3.630524,14.346587,17.868598
,2128.8,2140.88,2114.48,2115.68,2115.68,29670625,24016256021,-0.635126,-0.633114,13.135295,19.280912,8.824154,-2.295163,24.854412,4.071611,14.450115,21.486999
,2114.24,2142.86,2109.96,2139.66,2139.66,36406911,28552066162,1.127066,1.133442,13.969988,19.430914,8.824154,0.834693,24.94667,4.884224,14.763178,21.398817
,2136.7,2152.61,2108.15,2108.85,2108.85,40186762,34173653616,-1.450416,-1.439948,14.460235,19.499313,8.852086,0.490247,23.765924,7.40995,17.928608,21.683305
,2104.93,2135.66,2102.14,2131.47,2131.47,36225915,31732336903,1.066911,1.072623,15.416258,19.530769,8.964173,0.956022,23.9392,5.788899,16.919549,20.13614
,2128.39,2219.09,2126.79,2207.88,2207.88,82487103,69109050480,3.52209,3.58485,20.69691,20.857884,8.738998,5.280652,21.768613,2.676419,13.855131,16.053974
,2205.6,2216.98,2191.23,2203.6,2203.6,48574689,42758570153,-0.194039,-0.193851,19.725554,20.793619,8.144444,-0.971356,21.905874,1.756136,13.627936,14.819856
,2203.89,2250.53,2198.11,2246.76,2246.76,76169748,64996499283,1.939679,1.958613,20.994396,19.124789,7.930393,1.268842,21.495413,4.741666,11.719931,11.773754
,2254.92,2276.28,2250.44,2271.05,2271.05,73375475,61399772028,1.07531,1.081112,21.272699,19.241727,7.930393,0.278303,21.460992,4.12543,10.820229,10.966335
,2263.21,2274.99,2254.3,2258.5,2258.5,51468703,45087981874,-0.55414,-0.552608,20.320349,19.231463,6.630632,-0.95235,22.842259,4.739552,9.485926,11.741202
,2257.73,2273.21,2247.95,2267.77,2267.77,45006454,39182538242,0.409609,0.410449,20.304282,19.236723,6.630632,-0.016067,25.600555,4.456123,12.81122,9.848927
,2260.6,2266.72,2242.56,2242.64,2242.64,41942100,36665684856,-1.114323,-1.108137,20.111323,19.275749,6.264884,-0.192959,24.746841,6.146991,14.626412,11.862692
,2245.64,2357.11,2245.64,2355.86,2355.86,110892562,93934741143,4.92521,5.048514,26.091355,21.749496,6.570666,5.980032,19.64954,0.682764,8.975501,10.250951
,2359.2,2380,2358.66,2366.7,2366.7,94088195,85000820332,0.459074,0.460129,26.025377,21.124077,5.923758,-0.065978,20.265398,0.611638,7.567855,9.976369
,2361.09,2398.63,2347.08,2368.12,2368.12,85784849,78802837302,0.059981,0.059999,25.853694,20.994303,5.934543,-0.171683,20.721201,3.333836,9.165967,10.043268
,2362.8,2387.14,2358.03,2371.11,2371.11,63292530,61140748228,0.126181,0.12626,25.638265,20.978318,5.934543,-0.215429,20.688258,3.58352,9.633679,9.717906
,2361.32,2391.92,2346.55,2384.82,2384.82,65655462,63028692015,0.576545,0.57821,25.2606,20.416867,6.33284,-0.377666,20.99625,2.475377,8.519478,7.67453
,2386.38,2414.22,2365.03,2372,2372,68714158,66887708129,-0.539017,-0.537567,25.484055,20.463878,6.16393,0.223455,20.685869,4.454524,9.464309,8.54232
,2368.01,2396.73,2367.04,2381.22,2381.22,53087004,54121541302,0.387948,0.388702,25.104117,20.430723,6.583783,-0.379938,21.297074,5.781589,8.124176,4.839773
,2373.88,2459.3,2365.41,2448.4,2448.4,95502350,89877770350,2.782179,2.821243,25.647634,21.129757,6.749314,0.543517,19.522347,3.057262,4.912074,1.888604
,2445.99,2458.01,2441.64,2457.62,2457.62,71591828,68406242066,0.375865,0.376572,24.926309,20.953222,7.199572,-0.721325,21.952856,3.139069,7.606788,1.436961
,2464.78,2479.79,2443.68,2444.59,2444.59,73255067,69327603833,-0.531598,-0.530188,24.854412,20.162204,7.311654,-0.071897,21.751694,3.249433,9.039714,1.695444
,2448.08,2481.59,2444.38,2480.05,2480.05,67166321,66053288179,1.44013,1.45055,24.94667,20.040909,7.311654,0.092258,21.437867,1.840977,8.07828,0.141027
,2485.56,2522.95,2485.56,2522.95,2522.95,82002293,81149079560,1.715013,1.729804,23.765924,20.156076,5.258622,-1.180746,20.919593,0.301572,6.295182,-2.027996
,2551.81,2558.53,2498.89,2524.41,2524.41,97988182,95579245007,0.057852,0.057869,23.9392,19.717868,5.258622,0.173276,21.801816,-1.644724,8.316149,-1.39536
,2518.05,2545.97,2511.6,2535.99,2535.99,75167993,73167512509,0.457672,0.458721,21.768613,19.728507,5.258622,-2.170587,21.81818,1.632507,8.03002,-2.018669
,2534.65,2540.51,2502.49,2525.33,2525.33,71837100,76498061772,-0.421235,-0.420349,21.905874,19.636618,4.360766,0.137261,21.650009,2.754612,9.308189,-1.896839
,2518.1,2534.24,2504.3,2526.13,2526.13,70231170,74233596955,0.031674,0.031679,21.495413,19.637749,4.360766,-0.410461,21.622629,1.997237,9.426492,-2.566978
,2525.59,2553.35,2513.73,2530.57,2530.57,71085862,71159045499,0.175609,0.175763,21.460992,19.601357,4.360766,-0.034421,21.922093,0.873055,8.6739,-3.775066
,2533.5,2539.79,2473.7,2483.23,2483.23,74239176,72775921987,-1.888444,-1.870725,22.842259,20.047239,9.779893,1.381267,20.136986,4.419593,10.991154,-0.956546
,2474.18,2583.62,2474,2577.73,2577.73,93554091,96853471373,3.734903,3.805527,25.600555,21.365666,9.779893,2.758296,17.23777,1.278582,6.012497,-4.736996
,2579.13,2605.41,2576.92,2595.86,2595.86,98620805,101356961358,0.70087,0.703332,24.746841,21.212715,,-0.853714,18.853531,0.040056,3.399002,-5.178691
,2591.36,2600.09,2540.52,2577.09,2577.09,93536084,95564995007,-0.725701,-0.723074,19.64954,21.28287,9.628641,-5.097302,18.612533,1.171571,4.756822,-1.692886
,2570.71,2575.06,2539.67,2552.76,2552.76,69915239,71716118533,-0.948573,-0.944088,20.265398,21.399222,8.651589,0.615859,22.485148,1.16796,2.23858,-0.869104
,2568.69,2607.45,2553.45,2595.44,2595.44,77940303,77435163470,1.658093,1.671916,20.721201,21.414765,8.651589,0.455803,21.823093,-0.920057,0.044684,-5.788438
,2605.65,2611.2,2582.65,2610.9,2610.9,84133742,85357442058,0.593893,0.59566,20.688258,21.415495,8.651589,-0.032943,21.746418,1.556629,-0.227767,-4.517382
,2610.39,2620.02,2578.18,2596.9,2596.9,105766275,102261160399,-0.537656,-0.536214,20.99625,21.385201,8.106719,0.307993,22.269822,2.995614,-1.135071,-5.095894
,2588.2,2611.41,2576.36,2607.46,2607.46,75739444,72758926411,0.405814,0.406639,20.685869,20.927308,8.653998,-0.310382,22.56247,3.068496,-0.491337,-6.338711
,2606.43,2663.4,2564.21,2582.75,2582.75,111277172,109537680297,-0.952184,-0.947666,21.297074,21.010748,7.927497,0.611205,24.649356,3.952595,3.447016,-5.291365
,2580.88,2591.51,2567.11,2571.67,2571.67,58487359,60689373994,-0.429923,-0.429,19.522347,21.055371,7.722522,-1.774727,24.581936,6.461337,3.708843,-3.110479
,2577.27,2651.97,2577.27,2651.86,2651.86,91274790,98173275704,3.070579,3.118207,21.952856,21.830446,7.722522,2.430509,27.8054,3.562301,-4.084776,-4.863217
,2655.38,2685.53,2646.15,2675.87,2675.87,101040229,108827009893,0.901328,0.905402,21.751694,21.609513,8.124305,-0.201162,29.81294,3.517907,-2.00283,-5.607897
,2678.43,2689.68,2662.06,2688.71,2688.71,99874990,100856652553,0.478696,0.479844,21.437867,21.612766,8.124305,-0.313827,30.022771,3.189188,-1.442642,-5.579569
,2690.95,2696.88,2671.33,2686.88,2686.88,96740101,94476820552,-0.068086,-0.068062,20.919593,21.601464,8.689626,-0.518274,30.272681,2.680291,-2.540484,-6.103527
,2677.19,2744.32,2671.27,2743.32,2743.32,103879515,110560933901,2.07882,2.100578,21.801816,21.871789,8.689626,0.882223,29.141242,1.030281,-5.099558,-7.667413
,2753.69,2768.5,2731.08,2748.03,2748.03,127939179,136119589827,0.171543,0.17169,21.81818,21.84823,8.689626,0.016364,29.114924,-0.385016,-5.831178,-8.236069
,2727.93,2779.95,2725.36,2771.68,2771.68,116130819,112701171610,0.856934,0.860617,21.650009,21.404167,9.111368,-0.168172,29.049191,-3.154574,-8.116269,-10.583046
,2771.91,2787.46,2765.74,2775.84,2775.84,82779271,88989578113,0.149977,0.150089,21.622629,21.377673,9.111368,-0.027379,29.072701,-2.672433,-9.372669,-10.189451
,2771.53,2775.97,2722.87,2759.87,2759.87,89978142,95978595584,-0.576983,-0.575321,21.922093,21.461047,8.522119,0.299464,29.185402,-5.562265,-8.527795,-7.802804
,2755.65,2791.3,2747.95,2771.73,2771.73,77429644,82903631783,0.42881,0.42973,20.136986,21.008295,4.924489,-1.785107,29.113791,-6.526878,-8.735878,-6.702261
,2784.06,2787.74,2731.51,2737.47,2737.47,76438227,81001366822,-1.243754,-1.236051,17.23777,21.267107,5.797829,-2.899217,29.2138,-4.961682,-8.97479,-4.783335
,2735.04,2740.74,2674.34,2685.61,2685.61,80626431,82460808230,-1.912625,-1.89445,18.853531,21.493822,8.460859,1.615761,29.049728,-4.494017,-6.162722,-2.670116
,2686.09,2703.1,2665.23,2702.64,2702.64,70019377,73636360656,0.632118,0.63412,18.612533,21.381657,9.024374,-0.240998,31.644163,-4.076588,-3.481372,-3.180695
,2675.74,2675.74,2584.76,2610.55,2610.55,100657984,103619498796,-3.466815,-3.407409,22.485148,22.759842,17.378772,3.872615,29.161884,2.376396,0.169935,-1.066749
,2607.65,2618.48,2591.15,2596.6,2596.6,60204852,65899100176,-0.535803,-0.53437,21.823093,22.770391,16.576497,-0.662055,29.092624,2.744102,0.832617,0.02426
,2607.15,2628.7,2590.79,2604.96,2604.96,53161942,55614493314,0.321442,0.321959,21.746418,22.660213,16.576497,-0.076675,29.084905,-2.30038,0.311994,-0.206358
,2587.38,2631.09,2564.67,2567.59,2567.59,80003065,83373960556,-1.44496,-1.434571,22.269822,22.831365,16.33417,0.523403,29.099571,2.127855,0.290124,2.946135
,2576.05,2615.25,2569.38,2594.68,2594.68,63226743,64612274221,1.049548,1.055075,22.56247,22.870976,16.33417,0.292649,28.871118,2.117191,-0.430651,1.828495
,2611.94,2673.71,2594,2673.33,2673.33,86922595,92235377254,2.986169,3.031202,24.649356,23.420391,17.401014,2.086886,28.828141,-2.034906,-6.731419,-1.46998
,2671.84,2680.85,2627,2668.84,2668.84,73343753,80342747703,-0.168097,-0.167955,24.581936,23.237634,17.878978,-0.06742,28.828072,-2.347064,-6.732313,-2.366245
,2619.42,2619.57,2528.69,2545.72,2545.72,110619103,112585043728,-4.72304,-4.61324,27.8054,25.32604,25.134758,3.223464,23.715925,1.8159,-2.08505,2.210511
,2547.89,2623.17,2541.77,2622.81,2622.81,89661152,92357133815,2.983274,3.02822,29.81294,25.837208,25.134758,2.007541,20.720902,-2.595532,-5.34144,-2.202661
,2634.87,2658.14,2620.43,2650.2,2650.2,95829652,95048891279,1.038885,1.0443,30.022771,25.826629,25.134758,0.209831,20.153484,-4.740839,-6.494612,-3.441694
,2639.78,2658.97,2592.87,2619.48,2619.48,94082666,96498095994,-1.165928,-1.159158,30.272681,25.748071,23.696976,0.24991,19.916407,-3.30702,-5.782693,-3.561064
,2622.68,2632.62,2601.96,2606.93,2606.93,59429557,63054592405,-0.480254,-0.479103,29.141242,25.762226,23.156476,-1.131439,20.19896,-2.606039,-4.611952,-4.823871
,2600.28,2611.65,2574.17,2592.37,2592.37,50946436,52460900851,-0.560077,-0.558511,29.114924,24.951236,22.495571,-0.026318,20.162117,-3.528628,-4.217511,-7.712878
,2590.39,2619.51,2530.25,2555.61,2555.61,71935141,71675127580,-1.428157,-1.418007,29.049191,25.175928,21.449993,-0.065733,19.64986,-1.201028,-3.088759,-5.5859
,2551.73,2556.77,2515.06,2527.49,2527.49,56430460,56003723639,-1.106423,-1.100324,29.072701,25.074946,20.601007,0.023509,19.418008,3.218864,-2.620801,-5.015926
,2517.75,2546.7,2514.46,2534.27,2534.27,47605756,49929775447,0.267891,0.26825,29.185402,25.008553,21.07585,0.112701,19.611334,3.135465,-3.921172,-4.665475
,2533.72,2600.09,2504.46,2539.87,2539.87,81372185,82749877355,0.220727,0.220971,29.113791,24.961404,21.07585,-0.071611,19.969648,3.041617,-3.211823,-5.632754
,2526.08,2544.62,2499.83,2502.49,2502.49,59812778,63093556699,-1.482666,-1.471729,29.2138,25.192315,21.032591,0.100009,19.349685,4.325102,-1.774703,-7.508563
,2507.4,2532.07,2491.85,2525.1,2525.1,54536476,55601011985,0.899443,0.9035,29.049728,25.093666,21.972277,-0.164072,19.047111,1.958829,-2.414971,-8.583911
,2526.97,2610.17,2526.83,2610.17,2610.17,90700622,91271022200,3.313469,3.368975,31.644163,23.989869,21.972277,2.594435,17.783159,-1.025867,-2.968336,-18.413074
,2611.58,2626.54,2598.51,2614.99,2614.99,69552756,71642665537,0.184492,0.184662,29.161884,23.982377,20.444122,-2.482279,17.740203,-4.524958,-3.277618,-18.864594
,2612.26,2625.53,2603.34,2618.31,2618.31,55647141,55882142445,0.12688,0.12696,29.092624,23.981503,21.195612,-0.06926,20.814006,-4.820828,-6.66574,-18.858562
,2628.41,2641.61,2607.61,2613.1,2613.1,56261402,58004930851,-0.199182,-0.198983,29.084905,23.993158,20.866318,-0.007718,22.231726,-4.697424,-4.601609,-19.00865
,2601.96,2607.36,2554.97,2575.05,2575.05,63962961,65306571624,-1.46683,-1.456125,29.099571,24.206851,20.871568,0.014666,22.006704,-3.503709,-4.250947,-15.712072
,2575.73,2611.94,2566.34,2583.53,2583.53,56906517,58652246310,0.328773,0.329314,28.871118,24.170034,20.871568,-0.228453,22.015431,-3.946769,-5.416722,-15.466303
,2535.99,2535.99,2495.08,2499.3,2499.3,87578405,84725899121,-3.314599,-3.260268,28.828141,25.179367,22.069772,-0.042978,18.864497,-1.08618,-2.006962,-11.7612
,2502.78,2509.11,2482.49,2495.08,2495.08,52402137,52055540480,-0.16899,-0.168847,28.828072,24.545363,22.068451,-0.000069,19.970471,-0.226702,-0.087009,-12.412404
,2486.43,2507.82,2483.73,2493.19,2493.19,47346022,47159820558,-0.075778,-0.075749,23.715925,24.535747,14.774269,-5.112146,20.509768,-0.316561,1.306609,-11.516432
,2495.84,2524.46,2475,2486.39,2486.39,55684152,55637391748,-0.273116,-0.272743,20.720902,24.51646,14.519362,-2.995023,20.472408,-0.34285,1.736373,-11.024383
,2493.88,2507.14,2474.93,2483.55,2483.55,45564221,45156719409,-0.114287,-0.114222,20.153484,24.340449,14.410624,-0.567419,20.510217,-0.867028,2.357685,-13.790624
,2443.24,2473.31,2429.5,2472.3,2472.3,53296772,55249297714,-0.45401,-0.452981,19.916407,24.093231,14.486297,-0.237077,20.567038,-1.445498,2.219651,-13.380532
,2477.29,2505.29,2477.29,2489.43,2489.43,52389824,54947035592,0.690488,0.692877,20.19896,24.138353,15.01438,0.282553,20.510796,-1.20591,2.044097,-11.271941
,2487.98,2495.57,2466.19,2485.31,2485.31,47504913,51963820632,-0.165637,-0.1655,20.162117,24.119102,15.316897,-0.036843,20.567267,-1.08582,1.81262,-6.595074
,2502.5,2508.59,2476.4,2477.88,2477.88,42989958,43039949368,-0.299404,-0.298957,19.64986,24.112032,15.220919,-0.512257,21.288331,-0.52724,0.621982,-8.526068
,2476.32,2489.12,2460.18,2462.11,2462.11,39917278,40428047827,-0.638465,-0.636431,19.418008,24.143611,15.127757,-0.231852,21.208576,2.871329,1.804019,-6.49407
,2453.97,2461.67,2430.15,2436.82,2436.82,46539734,44084843341,-1.03248,-1.027168,19.611334,24.223748,14.548471,0.193326,21.608865,3.779018,4.646163,-5.005388
,2419.51,2461.05,2416.62,2459.59,2459.59,55280613,53783255198,0.930076,0.934415,19.969648,24.004209,14.548471,0.358314,21.967254,-0.412299,5.24544,-7.457439
,2457.88,2465.2,2437.34,2458.47,2458.47,44692164,46800831850,-0.045546,-0.045536,19.349685,22.695765,14.39342,-0.619963,21.982272,1.498196,5.966158,-9.06867
,2440.71,2478.41,2434.73,2464.85,2464.85,42860707,46270137159,0.259175,0.259511,19.047111,22.648947,14.39342,-0.302574,21.984638,0.122853,5.907578,-11.801026
,2469.95,2542.45,2469.32,2533.83,2533.83,75520876,76723675264,2.760104,2.798548,17.783159,23.344575,14.39342,-1.263952,19.963373,-3.474253,3.269013,-14.027967
,2525.11,2539.05,2518.26,2530.67,2530.67,62511883,63027024091,-0.12479,-0.124712,17.740203,23.266774,13.996806,-0.042957,20.662264,-3.254301,2.040935,-11.053854
,2532.2,2532.2,2448.2,2449.47,2449.47,60653982,61576157889,-3.261242,-3.208636,20.814006,23.931062,17.351364,3.073804,16.430603,1.757903,5.857382,-8.531931
,2452.78,2511.2,2446.59,2495.58,2495.58,63050916,62189421706,1.864949,1.882448,22.231726,24.22761,17.813695,1.41772,15.350563,1.210794,4.083257,-10.908155
,2486.86,2505.48,2456.57,2467.88,2467.88,60557927,59891284466,-1.116168,-1.109962,22.006704,24.303656,17.626796,-0.225022,15.401535,2.48361,6.906959,-10.404761
,2477.72,2488.58,2439.8,2447.31,2447.31,47123378,46351986661,-0.837002,-0.833509,22.015431,24.329918,16.986619,0.008727,14.850625,3.827637,7.675868,-11.751492
,2434.6,2453.75,2423.08,2449.64,2449.64,47016088,47200448204,0.095161,0.095207,18.864497,24.268873,13.374069,-3.150934,15.02507,3.140433,7.268401,-11.231811
,2457.54,2521.12,2457.54,2492.91,2492.91,62330091,63267042656,1.750963,1.766382,19.970471,24.547668,13.757794,1.105974,14.899632,1.904403,4.453077,-12.817111
,2502.98,2533.85,2500.46,2525.98,2525.98,60418780,61767951099,1.31784,1.326562,20.509768,23.848275,14.082862,0.539297,14.36922,0.18945,2.988952,-11.776324
,2519.36,2539.3,2507.76,2529.94,2529.94,54490643,59244949469,0.156648,0.156771,20.472408,23.765944,14.602185,-0.037361,15.423594,-1.457241,1.402407,-11.848389
,2542.27,2562.01,2531.25,2542.8,2542.8,59554294,60309148841,0.507025,0.508312,20.510217,23.768927,15.001152,0.037809,15.362053,-1.420694,0.695234,-10.982312
,2542.37,2543.3,2507.79,2527.79,2527.79,60240145,64438292561,-0.592043,-0.590294,20.567038,23.790827,14.928488,0.056822,15.924036,0.981014,0.001978,-9.720533
,2519.52,2546.98,2515.16,2540.84,2540.84,48816728,50896689221,0.514933,0.516261,20.510796,23.391131,14.928488,-0.056243,16.94048,1.995433,-2.256016,-10.80474
,2542.41,2547.6,2516.73,2530.77,2530.77,54092147,55155093224,-0.397113,-0.396326,20.567267,23.389081,14.69152,0.056471,20.672689,3.067718,-5.307987,-10.576144
,2526,2526.15,2479.87,2493.34,2493.34,54880064,56144573527,-1.490043,-1.478997,21.288331,23.457439,14.693259,0.721065,20.41133,4.758356,-3.119124,-8.681524
,2493.97,2507.43,2491.93,2506.93,2506.93,44189660,47578585624,0.543572,0.545052,21.208576,23.494668,15.472716,-0.079756,20.28001,4.336323,-4.199144,-6.345704
,2501.12,2553.06,2487.76,2552.71,2552.71,70796182,76830436307,1.809664,1.826138,21.608865,23.824818,16.53866,0.400289,19.11383,1.17379,-5.390466,-7.888807
,2550.45,2598.71,2547.78,2592.05,2592.05,81850801,83599367908,1.529353,1.541107,21.967254,24.04086,16.53866,0.358389,17.944432,0.199642,-7.666371,-9.842531
,2597.15,2627.62,2590.05,2609.61,2609.61,86337803,94059415836,0.675172,0.677456,21.982272,23.976483,16.641287,0.015017,20.340904,-0.384704,-11.700018,-11.69528
,2607.39,2617.4,2594.25,2614.85,2614.85,71505994,75837813846,0.200595,0.200796,21.984638,23.675732,16.641287,0.002366,20.191399,1.122234,-12.076518,-12.649923
,2613.41,2630.07,2603.75,2618.03,2618.03,74191817,78224126421,0.121539,0.121613,19.963373,23.636498,16.641287,-2.021265,28.897229,0.932602,-18.713751,-11.594031
,2604.93,2624.08,2579.35,2582.85,2582.85,84825370,81359908175,-1.352869,-1.343758,20.662264,22.711364,15.128802,0.698891,28.946324,1.973164,-17.62791,-11.057722
,2591.42,2608.35,2572.88,2597.23,2597.23,60739669,62831235051,0.555205,0.556749,16.430603,22.715136,6.835025,-4.23166,28.706167,0.353598,-18.050204,-11.780854
,2593.52,2611.97,2589.74,2599.59,2599.59,64195080,66701652802,0.090825,0.090866,15.350563,22.70613,6.835025,-1.08004,28.546246,0.116489,-18.490298,-12.073738
,2600.63,2644.36,2585.9,2644.36,2644.36,84196112,86756736777,1.707533,1.722195,15.401535,22.770354,7.526697,0.050971,28.698592,-3.020942,-18.368084,-14.521876
,2648.93,2661.23,2640.88,2642.56,2642.56,79277709,81953853231,-0.068093,-0.068069,14.850625,22.67562,9.789184,-0.55091,29.039761,-3.152997,-17.725449,-12.347076
,2633.96,2647.44,2623.58,2634.32,2634.32,70146368,71045065872,-0.312306,-0.311819,15.02507,21.831112,9.265568,0.174446,29.329709,-4.12599,-17.022639,-11.809816
,2638.71,2645.56,2604.75,2606.43,2606.43,62528533,65904433688,-1.064362,-1.058717,14.899632,21.933324,8.733113,-0.125438,29.318969,-4.804689,-16.778471,-11.294617
,2605.97,2625.94,2596.05,2602.62,2602.62,59774468,63008705172,-0.146284,-0.146177,14.36922,19.645229,8.774912,-0.530412,29.81826,-8.107489,-15.811994,-11.568016
,2600.5,2600.5,2556.06,2565.67,2565.67,66315750,63139420045,-1.429898,-1.419723,15.423594,18.885368,9.121879,1.054374,29.923608,-5.978772,-14.163162,-10.328092
,2565.33,2570.03,2545.19,2560.54,2560.54,45637193,47367057838,-0.200148,-0.199948,15.362053,18.754215,9.050008,-0.061541,30.819254,-6.315072,-16.843543,-9.850445
,2552.82,2557.68,2525.31,2527.84,2527.84,52496529,54448113429,-1.285299,-1.277074,15.924036,18.785921,9.466592,0.561983,30.897438,-4.411431,-15.602161,-7.103679
,2526.91,2538.89,2475.69,2484.16,2484.16,61030894,61366173745,-1.743061,-1.727957,16.94048,19.082687,10.106419,1.016443,33.144835,-3.414922,-11.060022,-5.522142
,2448.72,2448.72,2375.2,2399.94,2399.94,69730066,64081598112,-3.449084,-3.390281,20.672689,20.274162,15.617743,3.73221,35.853435,-3.324313,-3.099708,-2.454949
,2404.42,2420.36,2396.49,2416.77,2416.77,55964534,53686779328,0.69882,0.701268,20.41133,20.160095,16.34761,-0.261359,36.431291,-4.199039,-6.028926,-2.471144
,2422.76,2427.53,2394.39,2403.84,2403.84,50395711,51983757469,-0.536448,-0.535012,20.28001,20.071374,15.74576,-0.131319,36.907192,-10.178284,-4.098945,1.518055
,2413.09,2424.2,2393.32,2418.75,2418.75,48630379,48792090467,0.618342,0.620258,19.11383,20.110399,15.74576,-1.16618,36.863683,-11.063654,-4.261085,2.294507
,2408.28,2408.28,2366.35,2400.76,2400.76,54346260,52979991053,-0.746552,-0.743773,17.944432,20.146748,15.078719,-1.169398,37.114429,-10.18419,-5.036507,3.363785
,2386.1,2386.1,2320.23,2321.47,2321.47,55201020,52171735063,-3.358475,-3.302704,20.340904,21.045748,17.711931,2.396472,35.689413,-7.174985,-3.33481,7.706968
,2283.15,2332.84,2269.56,2317.39,2317.39,58705798,53486132980,-0.175905,-0.175751,20.191399,20.93725,17.570514,-0.149505,36.616784,-5.169333,-5.632085,7.139929
,2308.07,2308.07,2164.32,2171.21,2171.21,86597259,73731930536,-6.515694,-6.307959,28.897229,23.535398,27.808931,8.705831,28.305229,1.920903,1.41677,13.232454
,2146.05,2169.21,2023.17,2165.42,2165.42,107554882,87090393952,-0.267028,-0.266672,28.946324,23.513314,28.259424,0.049095,29.926958,2.578435,4.533121,11.417343
,2170.33,2181.02,2131.86,2168.3,2168.3,79256426,67298430249,0.132911,0.133,28.706167,23.513801,28.259424,-0.240157,30.122711,1.625331,3.660892,11.49802
,2172.85,2200.21,2153.18,2160.74,2160.74,75406753,62927082416,-0.349269,-0.34866,28.546246,23.512674,27.629859,-0.159921,30.16614,2.794793,3.498886,13.469409
,2149.03,2227.46,2139.37,2200.64,2200.64,79451327,64106048718,1.829747,1.84659,28.698592,23.792935,27.629859,0.152346,29.63022,1.18398,1.056365,10.48428
,2187.09,2213.97,2166.35,2213.32,2213.32,57726227,51874735216,0.574542,0.576196,29.039761,23.824305,28.039966,0.34117,30.588215,-2.271091,-1.701911,9.299835
,2211.8,2226.11,2191.8,2221.98,2221.98,61838850,59632902046,0.390504,0.391267,29.329709,22.989225,28.642112,0.289948,30.644792,-2.705512,-1.477572,7.056561
,2211.04,2211.04,2169.14,2203.83,2203.83,65836022,59536760190,-0.820193,-0.816839,29.318969,23.024665,28.735839,-0.01074,30.525929,0.91376,-0.491717,8.317395
,2187.18,2245.91,2176.08,2221.98,2221.98,72581145,67189379203,0.820193,0.823566,29.81826,23.119476,29.206419,0.49929,31.561501,4.604797,1.046717,8.082964
,2227.35,2252.03,2225.05,2226.85,2226.85,61821775,58424400611,0.218934,0.219174,29.923608,23.134084,30.492502,0.105348,31.555698,2.155465,0.912367,9.215154
,2194.42,2205.21,2162.19,2163.62,2163.62,54782493,49288252039,-2.880529,-2.839437,30.819254,23.784101,30.103495,0.895646,29.892678,6.429526,5.165997,12.576544
,2160.7,2174.79,2149.79,2162.67,2162.67,41494433,37246189870,-0.043918,-0.043908,30.897438,23.782441,31.150562,0.078184,29.904318,6.929646,5.879651,11.626781
,2163.1,2224.14,2157.47,2224.06,2224.06,61149781,54373757823,2.799078,2.838621,33.144835,24.509847,32.670982,2.247397,28.520081,2.608593,2.511298,10.428038
,2232.16,2351.22,2232.16,2326.69,2326.69,125793192,111329812773,4.51123,4.614534,35.853435,26.334153,33.106739,2.7086,23.343404,-3.559415,-2.168449,6.079931
,2319.02,2331.99,2274.07,2275.37,2275.37,89733082,82064555657,-2.230398,-2.205709,36.431291,26.688461,31.566753,0.577856,22.001807,-3.802198,0.466526,8.107092
,2289.76,2336.04,2274.67,2307.3,2307.3,74757884,71796189674,1.393533,1.403288,36.907192,26.851441,32.716655,0.475901,23.788722,-4.662569,1.952385,4.825549
,2300.83,2317.85,2281.94,2317.85,2317.85,65624157,62085631916,0.456202,0.457244,36.863683,26.805863,32.716655,-0.043509,23.760316,-2.269448,1.762744,4.03675
,2311.44,2326.93,2281.61,2282.84,2282.84,67655248,63229061677,-1.521975,-1.510451,37.114429,26.88081,32.286916,0.250746,23.083614,-1.486791,2.860348,6.084414
,2272.95,2282.44,2241.93,2245.33,2245.33,57144292,51937235147,-1.656778,-1.643129,35.689413,27.062846,31.120097,-1.425016,22.646604,-0.341289,3.339548,9.589992
,2248.13,2257.92,2188.75,2190.48,2190.48,70535282,66179072656,-2.473181,-2.442848,36.616784,27.462277,30.204424,0.927371,20.729442,1.519117,5.058681,11.028837
,2170.09,2203.06,2159.81,2202.19,2202.19,53283495,48872947253,0.533162,0.534586,28.305229,26.809654,16.518941,-8.311555,20.969714,-1.197778,5.702949,9.369106
,2211.59,2276.74,2206.76,2265.84,2265.84,74809731,69255423111,2.849323,2.890305,29.926958,27.544101,16.230977,1.62173,18.966022,-3.432258,2.037067,5.773566
,2253.38,2265.58,2217.19,2249.15,2249.15,69592307,69279825849,-0.739318,-0.736592,30.122711,26.816063,15.703172,0.195752,18.736973,-2.527278,2.608458,5.172981
,2255.22,2268.84,2227.85,2237.68,2237.68,65774316,60558362762,-0.511275,-0.50997,30.16614,26.496679,15.377558,0.043429,18.628351,0.342625,2.917675,5.574002
,2226.43,2238.42,2209.81,2224.01,2224.01,48941098,45636069902,-0.612774,-0.610901,29.63022,26.440884,15.068497,-0.535919,18.702778,1.039982,2.789843,6.444269
,2205.08,2205.08,2169.02,2175.97,2175.97,54600925,49624613440,-2.183733,-2.160062,30.588215,26.727737,14.843009,0.957994,17.813699,4.596818,7.080284,10.110186
,2184.01,2221.59,2162.98,2189.39,2189.39,55193623,50907227289,0.614842,0.616736,30.644792,26.773086,14.843009,0.056577,17.791731,4.651711,6.690396,8.083538
,2211.75,2235.38,2187.21,2193.02,2193.02,48327055,46723493389,0.165662,0.1658,30.525929,26.478416,15.281726,-0.118862,18.060614,3.916775,5.975571,8.390276
,2206,2245.56,2200.63,2245.36,2245.36,62603997,58944765673,2.358628,2.386663,31.561501,26.819246,15.281726,1.035572,16.481439,1.38963,3.197261,5.842368
,2263.5,2274.71,2244.25,2247.26,2247.26,60890893,58459999450,0.084583,0.084619,31.555698,26.815602,15.281726,-0.005803,16.526824,1.709624,2.922704,5.897157
,2249.98,2278.33,2243.22,2278.33,2278.33,55342151,53623068581,1.373102,1.382573,29.892678,26.971078,13.949835,-1.66302,15.893451,3.215914,1.827101,3.249061
,2270.67,2302.48,2256.72,2293.64,2293.64,73746895,68993574807,0.669736,0.671983,29.904318,27.01328,12.464811,0.01164,16.512023,2.81274,2.618832,2.024587
,2292.38,2313.88,2276.86,2280.62,2280.62,73048695,69560482114,-0.569274,-0.567657,28.520081,26.988605,12.639126,-1.384237,16.34528,2.957643,3.026582,1.191235
,2277.25,2297.63,2267.07,2276.78,2276.78,53098430,52710276666,-0.168517,-0.168375,23.343404,26.984819,13.398488,-5.176677,16.418044,1.948582,2.813208,1.70319
,2288.51,2301.59,2258.33,2286.01,2286.01,64600017,62663979060,0.404578,0.405397,22.001807,26.869944,13.017525,-1.341597,16.506751,0.789957,3.091256,2.334299
,2296.22,2352.89,2293.18,2352.79,2352.79,97863216,94038910336,2.879392,2.921247,23.788722,27.543466,13.017525,1.786915,17.834157,-0.912004,3.664615,-2.787134
,2352.88,2360.83,2340.73,2359.07,2359.07,78393636,71178520240,0.266562,0.266917,23.760316,27.265267,13.017525,-0.028406,18.346382,-1.995126,4.792848,-2.340374
,2362.62,2386.6,2340.83,2349.08,2349.08,75942128,71338219589,-0.424371,-0.423472,23.083614,27.050101,13.346681,-0.676702,18.178648,-1.738681,5.539944,0.070216
,2348.84,2362.09,2319.78,2321.58,2321.58,61951853,59411203587,-1.177577,-1.170671,22.646604,27.071074,12.879194,-0.43701,17.491242,-0.763163,7.70223,4.519049
,2314.26,2423.08,2295.02,2304.14,2304.14,120369563,104026773370,-0.754048,-0.751213,20.729442,27.082195,9.348126,-1.917162,17.481692,-0.74972,7.713334,4.581511
,2286.2,2340.19,2284.08,2331.43,2331.43,72483224,67064925390,1.177431,1.18439,20.969714,27.223627,9.348126,0.240272,17.443424,0.179557,6.112734,3.928785
,2325.86,2353.41,2303.67,2312.47,2312.47,73086345,67589707172,-0.81656,-0.813235,18.966022,27.148134,8.814262,-2.003692,19.029655,1.221071,4.847155,4.130638
,2320.58,2321.64,2291.05,2308.59,2308.59,55007384,50886495497,-0.167927,-0.167786,18.736973,27.104416,9.366123,-0.229048,18.968647,0.839835,5.22867,3.798143
,2302.67,2329.14,2297.02,2303.93,2303.93,55338104,51686310590,-0.202059,-0.201855,18.628351,27.097807,9.698981,-0.108622,19.475879,0.622211,7.052849,3.610362
,2314.87,2321.04,2251.92,2286.93,2286.93,68967133,65459845296,-0.740605,-0.73787,18.702778,26.824347,9.685174,0.074426,19.836986,1.172843,6.638073,4.300298
,2294.76,2336.38,2288.5,2335.62,2335.62,70371043,66541009856,2.106707,2.129055,17.813699,27.251458,5.530622,-0.889078,18.936693,-0.656365,3.921462,3.320656
,2332.8,2345.1,2322.46,2340.88,2340.88,65990333,62575377643,0.224955,0.225208,17.791731,27.264729,5.530622,-0.021969,20.282998,0.580146,1.843737,4.127847
,2326.1,2345.36,2307.04,2328.06,2328.06,89256174,80965562365,-0.549162,-0.547657,18.060614,27.21511,5.214504,0.268883,20.171892,0.967785,2.83354,4.652822
,2338.56,2342.32,2308.15,2318.31,2318.31,66085415,59719882399,-0.419683,-0.418804,16.481439,27.219077,4.990389,-1.579175,20.116434,1.005577,3.838986,4.242894
,2315.91,2334.41,2303.61,2313.91,2313.91,87654515,76695994654,-0.189974,-0.189793,16.526824,27.096717,5.027906,0.045385,20.46907,1.878176,5.380083,5.4198
,2319.96,2329.87,2297.45,2320.34,2320.34,79510249,73575869316,0.277499,0.277885,15.893451,27.112285,5.027906,-0.633373,20.482913,5.053428,5.583446,6.458323
,2326.23,2354.86,2321.3,2354.5,2354.5,80554005,72663978650,1.461466,1.472198,16.512023,27.211355,5.027906,0.618572,20.457302,4.986756,3.128299,4.716075
,2352.54,2360.66,2345.44,2350.7,2350.7,78725763,68509013842,-0.161523,-0.161393,16.34528,27.000255,5.268487,-0.166743,21.04173,5.471005,4.890157,4.230913
,2350.93,2351.22,2336.75,2341.74,2341.74,62951383,59606065186,-0.381891,-0.381163,16.418044,26.087691,5.065382,0.072764,20.915093,6.837605,5.435172,4.554882
,2336.77,2361.18,2335.93,2357.78,2357.78,73340116,63916893626,0.682626,0.684961,16.506751,26.085751,5.065382,0.088707,20.920664,5.412035,4.54931,3.972171
,2374.26,2449.25,2372.69,2440.61,2440.61,149889640,127299546171,3.452751,3.51305,17.834157,27.02641,5.065382,1.327407,18.443011,1.536115,-0.791451,-1.147669
,2446.45,2475.2,2435.83,2474.89,2474.89,154855992,130648129418,1.394794,1.404567,18.346382,27.145762,5.065382,0.512225,17.664002,-1.940818,-2.518841,-2.656505
,2483.79,2504.47,2471.62,2482.89,2482.89,166914974,142830288492,0.322725,0.323247,18.178648,27.102141,5.298272,-0.167734,17.746875,-2.049956,-2.315878,-3.119162
,2480.47,2527.38,2469.72,2507.46,2507.46,145173175,126115528291,0.984708,0.989573,17.491242,26.211993,4.157005,-0.687406,18.697171,-1.412544,-1.451787,-5.725836
,2502.54,2515.78,2481.45,2488.9,2488.9,110775049,98275004927,-0.742944,-0.740191,17.481692,26.265819,4.133701,-0.00955,18.863605,-1.824981,-1.743178,-5.47143
,2501.08,2503.69,2467.13,2478.39,2478.39,105383282,97043842349,-0.423169,-0.422275,17.443424,22.371688,3.922151,-0.038269,19.192165,-2.011716,-2.446578,-5.012195
,2480.81,2481.71,2426.46,2427.32,2427.32,99459982,93115107921,-2.082139,-2.060612,19.029655,22.844907,8.73805,1.586231,17.926971,-1.782347,-1.110655,-3.98857
,2426.04,2439.63,2407.24,2432.51,2432.51,71040759,69341324599,0.213588,0.213816,18.968647,22.84464,8.961994,-0.061007,18.457906,-1.555294,-2.664147,-6.556433
,2441.52,2473.16,2439.99,2472.29,2472.29,80128352,80920687856,1.62212,1.635348,19.475879,23.001986,9.225407,0.507232,17.258185,-2.591652,-4.396521,-7.895389
,2470.72,2470.75,2420.08,2443.89,2443.89,97853013,96769831421,-1.155381,-1.148733,19.836986,22.925605,9.630899,0.361107,16.968623,-0.085146,-2.983647,-6.58037
,2440.83,2455.04,2423.28,2429.03,2429.03,90518418,89119216662,-0.609903,-0.608047,18.936693,22.965852,9.086613,-0.900293,17.818933,1.005618,-0.89156,-5.23636
,2422.63,2422.63,2382.53,2384.44,2384.44,86236770,84183923178,-1.85277,-1.835712,20.282998,23.324943,10.308882,1.346305,17.286229,1.864709,-0.450595,-5.124385
,2382.22,2402.2,2379.86,2394.97,2394.97,65971508,66383990191,0.440641,0.441613,20.171892,23.251432,10.79142,-0.111107,17.297879,3.024403,-0.418835,-3.894968
,2406.21,2415.07,2397.22,2409.04,2409.04,59513992,60990141884,0.585762,0.587481,20.116434,23.227032,11.220402,-0.055458,17.155526,2.601763,-1.193878,-4.655402
,2406.42,2446.7,2392.57,2441.81,2441.81,84785506,84229908920,1.351124,1.360293,20.46907,23.36008,11.248872,0.352636,16.354352,1.047403,-2.40563,-4.685842
,2432.94,2453.75,2424.77,2453.58,2453.58,76277645,76128340887,0.480861,0.482019,20.482913,22.495034,11.248872,0.013843,16.682684,-1.321469,-4.161486,-5.512791
,2455.64,2455.98,2422.02,2429.32,2429.32,90329706,89468020274,-0.99368,-0.988759,20.457302,22.62459,10.52841,-0.025611,16.48006,-0.660385,-3.722544,-5.871901
,2442.36,2471.17,2439.63,2468.51,2468.51,93388261,91811541654,1.600335,1.613209,21.04173,22.163684,10.125891,0.584427,15.585611,-1.735031,-6.725505,-9.774619
,2472.27,2483.13,2462.55,2472.54,2472.54,100081301,99109155920,0.163123,0.163256,20.915093,20.236808,9.972254,-0.126637,15.675127,-0.049354,-6.54519,-9.966335
,2475.32,2479.13,2449.42,2467.52,2467.52,89173496,86100822006,-0.203236,-0.20303,20.920664,19.657309,10.577278,0.005571,16.405049,-0.880453,-5.306267,-9.588542
,2459.08,2459.08,2409.72,2421.37,2421.37,88979834,83150844984,-1.88801,-1.870299,18.443011,19.90883,10.935376,-2.477653,16.909874,-0.119012,-5.660298,-8.58268
,2432.65,2440.92,2407.78,2413.33,2413.33,71222474,67722892391,-0.332596,-0.332043,17.664002,19.910869,11.016216,-0.779009,17.272867,-0.532632,-4.61438,-9.034806
,2415.12,2435.71,2410.6,2426.05,2426.05,60291630,59138754367,0.525688,0.527073,17.746875,19.653343,11.016216,0.082873,18.829092,-2.398224,-3.15385,-10.068392
,2431.92,2472.78,2423.56,2471.32,2471.32,84909795,82223144817,1.8488,1.865996,18.697171,19.626959,11.016216,0.950296,21.348052,-4.357279,-1.731394,-11.047114
,2470.25,2470.25,2439.86,2445.89,2445.89,90703029,83412053857,-1.034336,-1.029005,18.863605,19.014465,10.901328,0.166434,21.18024,-3.06545,-1.388645,-10.18963
,2451.56,2474.37,2412.48,2418.49,2418.49,91545355,83286778556,-1.126569,-1.120247,19.192165,19.187667,10.311148,0.32856,20.896271,-0.456697,0.262629,-8.931863
,2412.24,2422.94,2395.47,2400.51,2400.51,64560821,60427235951,-0.746216,-0.743439,17.926971,18.43216,8.938842,-1.265194,20.838021,-1.122287,0.394138,-9.704924
,2400.52,2413.33,2353.99,2368.56,2368.56,77070182,70778094834,-1.339904,-1.330967,18.457906,18.588873,8.639989,0.530935,20.31813,0.690018,1.23362,-8.940464
,2372.57,2377.25,2351.86,2365.95,2365.95,62876152,56602098405,-0.110254,-0.110194,17.258185,18.551949,9.244545,-1.199721,20.373671,0.610991,0.954035,-7.846144
,2369.22,2408.62,2327.9,2372.05,2372.05,106737833,91741559592,0.257493,0.257825,16.968623,18.496206,9.635426,-0.289562,20.360945,0.492871,0.645872,-5.55837
,2371.85,2407.85,2365.51,2407.47,2407.47,92178126,75735067216,1.482184,1.493223,17.818933,18.077744,9.999395,0.850309,20.06238,-2.264308,0.290754,-7.572764
,2398.4,2398.4,2370.23,2373.72,2373.72,82736964,70393879838,-1.411806,-1.401887,17.286229,18.339256,9.105494,-0.532704,19.628784,-1.40724,2.734705,-5.544997
,2373.96,2395,2365.15,2384.96,2384.96,63055762,57820026665,0.472401,0.473518,17.297879,18.352235,9.105494,0.01165,19.595273,-3.282267,2.238117,-7.351469
,2397.21,2404.9,2376.35,2380.45,2380.45,51798461,48959462043,-0.189281,-0.189102,17.155526,17.77014,9.317003,-0.142353,19.855901,-2.749548,1.597787,-6.984992
,2366.88,2385.69,2343.8,2383.77,2383.77,62084488,56935549943,0.139372,0.139469,16.354352,17.770327,9.317003,-0.801174,20.115801,-1.853234,2.445347,-6.767769
,2371.32,2383.54,2352.79,2353.57,2353.57,63776663,59536872794,-1.274994,-1.266901,16.682684,17.787608,9.092094,0.328332,19.829269,-2.82028,5.036364,-6.636295
,2351.87,2356.67,2328.25,2340.55,2340.55,54821747,50942569626,-0.554738,-0.553202,16.48006,17.783623,9.196646,-0.202624,19.704931,-1.552221,5.31032,-5.627189
,2329.08,2342.67,2306.04,2307.95,2307.95,53788508,48564999878,-1.402626,-1.392835,15.585611,17.985183,9.133935,-0.894449,19.027202,1.836623,6.06626,-1.766855
,2305.94,2325.23,2295,2315.89,2315.89,45739457,42566548184,0.343438,0.344028,15.675127,17.992882,9.133935,0.089516,19.069267,4.764442,5.6649,-1.318299
,2319.36,2342.53,2316.6,2340,2340,52687545,49854763423,1.035687,1.041068,16.405049,18.095435,8.898916,0.729922,18.867772,3.037168,4.729128,-2.105341
,2325.36,2325.56,2287.55,2288.12,2288.12,59848831,53183050105,-2.242041,-2.217094,16.909874,17.701353,9.850025,0.504825,17.954319,5.803915,5.30408,-0.375246
,2291.27,2305.7,2279.01,2304.5,2304.5,57310356,51945077793,0.713321,0.715872,17.272867,17.758682,9.756386,0.362993,17.920599,4.475886,4.476716,-0.388255
,2306.55,2377.21,2306.55,2350.73,2350.73,86391771,83147858433,1.986219,2.006075,18.829092,18.21651,9.756386,1.556225,16.694605,1.989246,2.350567,-1.676436
,2367.88,2429.57,2361.04,2428.9,2428.9,110034633,108549512988,3.271256,3.32535,21.348052,19.239841,9.756386,2.51896,13.078541,-1.67185,-2.542655,-6.219343
,2427.93,2427.93,2405.08,2412.16,2412.16,78648296,79884936328,-0.691587,-0.689201,21.18024,19.228764,9.897719,-0.167812,12.981814,-1.030933,-2.339607,-4.385534
,2428.77,2435.43,2406.42,2424.85,2424.85,72291801,67741428196,0.524706,0.526085,20.896271,19.115318,10.412404,-0.283969,12.775703,-0.428572,-2.828247,-5.833638
,2412.45,2415.38,2382.88,2409.99,2409.99,87706677,82220527035,-0.614707,-0.612821,20.838021,19.079979,10.521219,-0.05825,13.087101,1.21828,-3.272053,-6.236135
,2415.29,2419,2393.58,2397.96,2397.96,75000675,70052206585,-0.500422,-0.499172,20.31813,19.109747,10.568157,-0.519891,15.203253,1.694514,-5.125906,-7.958722
,2385.78,2418.85,2380.69,2388.63,2388.63,66144734,63811265014,-0.38984,-0.389081,20.373671,19.124753,10.064925,0.055541,15.312145,1.254744,-4.452903,-10.157982
,2387.83,2399.02,2380.41,2387.42,2387.42,59185864,53334204356,-0.050669,-0.050657,20.360945,19.053501,10.429468,-0.012726,15.361591,2.292345,-4.242595,-9.85276
,2386.36,2422.81,2383.78,2414.48,2414.48,75294088,70744775407,1.127066,1.133441,20.06238,18.709263,10.429468,-0.298565,14.965449,2.481302,-4.635555,-11.41063
,2419.15,2460.56,2417.24,2439.53,2439.53,90660406,86852445384,1.032145,1.03749,19.628784,18.813361,10.538143,-0.433596,15.095681,1.168374,-7.408495,-11.295311
,2442.68,2446.4,2432.39,2438.94,2438.94,61803746,61907374173,-0.024188,-0.024185,19.595273,18.770424,10.649927,-0.033511,16.721486,0.545876,-5.71425,-10.749304
,2423.97,2464.86,2397.01,2418.79,2418.79,119655123,112921841120,-0.82961,-0.826179,19.855901,18.835492,10.278239,0.260629,16.600109,1.317565,-5.05931,-10.198574
,2410.69,2448.33,2406.66,2442.78,2442.78,74455752,72045234174,0.986932,0.991818,20.115801,18.920158,10.278239,0.2599,16.968918,0.430547,-4.725559,-12.118762
,2439.82,2486.64,2434.69,2475.14,2475.14,102650235,94783931336,1.316023,1.32472,19.829269,19.083046,10.479549,-0.286532,15.947183,-2.552564,-6.387669,-12.989838
,2476.45,2481.75,2460.58,2468.2,2468.2,77708932,72999931131,-0.280782,-0.280388,19.704931,18.888158,10.695873,-0.124339,16.361384,-2.385824,-7.459677,-12.951802
,2463.04,2470.81,2445.62,2452.29,2452.29,66114089,64843207895,-0.646686,-0.644599,19.027202,18.9406,9.958422,-0.677729,17.727283,-1.87907,-9.115374,-15.613787
,2460.03,2468.95,2445.94,2450.87,2450.87,57164884,57634539131,-0.057922,-0.057905,19.069267,18.919173,9.832276,0.042065,17.736317,-3.443113,-9.086045,-15.039039
,2456.23,2466.66,2444.53,2453.32,2453.32,66941424,61236728790,0.099915,0.099965,18.867772,18.877002,9.832276,-0.201495,17.7692,-4.031567,-9.011403,-14.879883
,2440.5,2440.5,2400.74,2412.76,2412.76,68075144,62808851026,-1.667089,-1.65327,17.954319,17.841584,7.479905,-0.913454,17.267828,-2.328412,-8.226462,-11.98113
,2406.77,2423.31,2402.77,2410.01,2410.01,50147719,47481447335,-0.114042,-0.113977,17.920599,17.59715,7.373985,-0.03372,17.278793,-3.272883,-8.897142,-12.687608
,2388.66,2416.26,2386.25,2406.64,2406.64,51501196,47583527668,-0.139931,-0.139833,16.694605,17.581475,7.225361,-1.225994,17.241996,-5.487226,-9.265108,-11.60062
,2408.68,2412.73,2367.43,2367.92,2367.92,64581674,62107893611,-1.621965,-1.608882,13.078541,17.735894,8.50909,-3.616064,17.289874,-3.582098,-6.773066,-10.208032
,2369.25,2373.29,2351.18,2356.38,2356.38,48483891,46306075570,-0.488539,-0.487348,12.981814,17.703858,8.484838,-0.096727,17.289435,-2.933921,-6.461378,-10.530016
,2356.7,2368.58,2350.45,2357.23,2357.23,40015207,39675269794,0.036066,0.036072,12.775703,17.692089,8.484838,-0.206112,17.318917,-2.23588,-6.366245,-12.177395
,2366.21,2370.99,2331.19,2332.41,2332.41,48095680,45148866928,-1.058513,-1.052931,13.087101,17.318621,8.774249,0.311398,17.654091,-2.918162,-6.827009,-7.734956
,2335.05,2338.88,2278.1,2278.14,2278.14,65204207,60862129503,-2.354275,-2.326778,15.203253,17.930023,11.59363,2.116152,16.017329,1.10617,-5.048179,-4.561827
,2283.8,2295.76,2259.57,2284.6,2284.6,45580285,44415342954,0.283163,0.283565,15.312145,17.584426,11.979696,0.108892,16.513702,0.648336,-4.347276,-4.941979
,2291.12,2312.83,2270.25,2288.25,2288.25,45599168,45173191422,0.159638,0.159765,15.361591,17.463515,12.062626,0.049446,19.19034,1.809381,-1.961648,-5.257641
,2291.75,2305.61,2281.6,2305.11,2305.11,44005326,41202984186,0.734106,0.736808,14.965449,17.516219,12.062626,-0.396142,18.987368,0.729187,-3.227964,-6.700826
,2299.97,2301.49,2263.92,2265.33,2265.33,51497563,48603013700,-1.740795,-1.725731,15.095681,17.469454,12.309101,0.130232,18.214462,1.117193,-0.871207,-5.133674
,2268.53,2315.18,2264.39,2303.48,2303.48,53389157,51197946376,1.670058,1.684081,16.721486,17.806027,12.183745,1.625805,17.576215,-2.855248,-3.875336,-7.067559
,2313.38,2316.62,2295.64,2299.46,2299.46,48414308,46156442661,-0.174671,-0.174519,16.600109,17.755465,12.651651,-0.121378,17.625595,-2.70917,-3.523469,-6.112731
,2289.01,2333.07,2287.12,2330.03,2330.03,56631070,57026486218,1.320683,1.329443,16.968918,17.74511,12.651651,0.368809,16.85505,-3.855296,-4.487557,-6.622146
,2323.43,2325.99,2310.65,2321.98,2321.98,45194291,49012211124,-0.346087,-0.345489,15.947183,17.714754,12.324249,-1.021734,17.166232,-4.391357,-5.284989,-6.999529
,2311.97,2314.84,2280.89,2290.78,2290.78,59782645,57739709924,-1.35279,-1.343681,16.361384,17.807879,12.238366,0.414201,16.84183,-3.823289,-3.477831,-4.706146
,2286.37,2286.37,2229.33,2238.64,2238.64,66300403,59979360128,-2.302383,-2.276081,17.727283,18.013224,13.600124,1.365899,17.331595,-2.028804,1.282259,-0.058982
,2222.31,2246.79,2218.65,2238,2238,43753103,42565648108,-0.028593,-0.028589,17.736317,18.002685,13.644788,0.009033,17.517152,-1.130133,2.102846,0.027699
,2240.64,2262.58,2228.42,2241.91,2241.91,51348854,50691488898,0.174557,0.17471,17.7692,18.016001,13.644788,0.032884,17.523019,-1.481542,2.176934,1.410667
,2236.97,2258.89,2220.8,2222.22,2222.22,55987041,54399491333,-0.882148,-0.878269,17.267828,17.719374,13.308631,-0.501372,17.293101,-0.468195,2.547136,2.156825
,2216.52,2224.49,2200.22,2204.85,2204.85,54169293,47572309533,-0.784722,-0.781651,17.278793,17.764201,12.717681,0.010965,17.056067,-1.20275,4.03217,2.850783
,2207,2222.07,2183.6,2193.68,2193.68,50122772,46123003754,-0.507898,-0.50661,17.241996,17.72238,12.27781,-0.036798,16.927402,-1.270297,5.238106,1.61789
,2192.84,2214.12,2179.91,2212.85,2212.85,54049947,46785099888,0.870078,0.873874,17.289874,17.356435,12.502604,0.047878,17.600613,-1.156308,3.096377,0.885419
,2210.02,2215.9,2193.8,2208.94,2208.94,48962395,45755914348,-0.176852,-0.176695,17.289435,17.265753,12.871863,-0.000439,17.891333,1.565809,4.415451,0.715426
,2209.45,2227.26,2201.56,2211.84,2211.84,52298902,49842784005,0.131199,0.131285,17.318917,17.160157,12.871863,0.029482,18.347179,0.902401,3.360854,0.569843
,2203.82,2205.97,2175.88,2178.49,2178.49,50273155,46268159163,-1.519277,-1.507794,17.654091,17.347213,13.110652,0.335174,17.813568,3.037639,3.862927,0.401307
,2173.65,2182.46,2156.46,2165.99,2165.99,40560154,39157227541,-0.575444,-0.573792,16.017329,17.195539,11.363054,-1.636761,19.624368,2.279014,2.215363,1.411967
,2168.42,2197.92,2168.42,2187.41,2187.41,40306247,38590992772,0.984066,0.988924,16.513702,17.351614,11.363054,0.496372,21.522378,1.472143,-1.357803,0.33135
,2190.43,2244.13,2187.53,2243.8,2243.8,70641375,64803357078,2.545266,2.577935,19.19034,18.183749,11.363054,2.676638,19.249501,-0.716528,-3.648518,-2.405472
,2242.25,2248.92,2228.06,2231.89,2231.89,56345951,55726417393,-0.53221,-0.530796,18.987368,17.905091,10.978091,-0.202972,19.228415,-1.327838,-3.547111,-2.912209
,2225.76,2257.35,2222.89,2245.68,2245.68,61167670,59563444873,0.615961,0.617862,18.214462,17.764939,10.552239,-0.772906,19.608065,-1.489431,-3.015608,-5.055578
,2233.01,2233.23,2211.8,2215.92,2215.92,70344246,63503992484,-1.33407,-1.325211,17.576215,17.904833,10.408769,-0.638247,19.225542,2.302347,-1.159719,-2.626803
,2220.78,2233.26,2205.97,2219.85,2219.85,53269130,49408754555,0.177196,0.177353,17.625595,17.914747,10.402176,0.049379,19.219706,2.917144,-1.615795,-2.795197
,2225.71,2233.06,2219.93,2227.78,2227.78,50222717,48788682770,0.356595,0.357231,16.85505,17.933515,10.402176,-0.770545,19.375108,2.809195,-2.905646,-3.253295
,2223.16,2223.16,2200.22,2202.45,2202.45,43632304,43475960839,-1.14352,-1.137006,17.166232,17.899115,10.134788,0.311183,19.108259,3.440768,-1.31718,-2.069903
,2187.34,2212.5,2177.12,2212.48,2212.48,50459315,49597106433,0.454368,0.455402,16.84183,17.911634,10.393858,-0.324402,19.01654,3.686712,-2.014294,-3.456135
,2221.54,2270.19,2221.54,2267.53,2267.53,83065716,81103244127,2.457708,2.488158,17.331595,18.446001,7.653262,0.489765,19.729538,1.927042,-7.780672,-5.999032
,2267.74,2296.52,2262.6,2285.56,2285.56,99229829,92688969126,0.791994,0.795138,17.517152,18.507534,6.910571,0.185557,19.534282,-0.136602,-8.05584,-6.865509
,2286.19,2294.32,2276.44,2291.25,2291.25,76592161,73487379679,0.248645,0.248954,17.523019,18.385309,6.910571,0.005867,19.538928,0.756975,-8.045414,-4.974971
,2288.45,2307.47,2278.26,2279.55,2279.55,96217789,87352124305,-0.511947,-0.510638,17.293101,17.831835,7.095154,-0.229918,20.371629,0.345523,-6.301803,-4.701836
,2278.4,2295.85,2274.43,2295.57,2295.57,67082997,64613327719,0.700312,0.70277,17.056067,17.829613,7.585021,-0.237034,20.079412,-1.371993,-7.822636,-5.516244
,2308.79,2315.58,2293.55,2311.65,2311.65,87831666,86871352624,0.698038,0.70048,16.927402,17.40508,7.960195,-0.128665,20.277048,-4.29304,-7.573617,-7.5251
,2310.31,2310.31,2276.11,2282.44,2282.44,87049743,88107267954,-1.271651,-1.2636,17.600613,16.173553,7.779674,0.67321,20.003948,-5.610489,-6.531343,-6.16627
,2280.93,2317.42,2274.15,2308.66,2308.66,99352561,88341900374,1.142222,1.148771,17.891333,16.324761,6.83135,0.290721,19.290475,-6.498159,-8.484089,-8.754627
,2314.09,2331.7,2286.2,2287.44,2287.44,106439533,91771595713,-0.923398,-0.919148,18.347179,16.367967,6.333745,0.455846,19.677253,-6.005564,-9.172004,-7.801448
,2284.03,2287.87,2250.65,2264.29,2264.29,76368993,69908188663,-1.017204,-1.012048,17.813568,16.442932,5.332316,-0.533612,23.791615,-3.840896,-4.770873,-5.836846
,2246.72,2246.72,2194.16,2214.51,2214.51,89215939,79599146389,-2.223008,-2.198482,19.624368,16.990202,8.591634,1.8108,22.858314,-1.096068,-1.729011,-3.850081
,2216.51,2225.21,2150.09,2157.91,2157.91,93237551,88306571728,-2.5891,-2.55587,21.522378,17.714773,11.182623,1.89801,20.864201,1.214152,0.7631,-0.441213
,2147.74,2164.7,2137.08,2163.41,2163.41,77993297,68640581126,0.254552,0.254876,19.249501,17.734536,11.182623,-2.272878,20.858621,0.026344,0.352524,-0.34403
,2170.81,2180.06,2150.14,2154.11,2154.11,90104296,81587999653,-0.430804,-0.429877,19.228415,17.536327,11.407666,-0.021086,20.961105,0.902094,0.074249,-0.317572
,2149.45,2180.47,2133.55,2178.97,2178.97,76668057,70216798972,1.147464,1.154073,19.608065,17.572215,11.407666,0.37965,20.52504,-0.488117,-1.246859,-0.44247
,2173.91,2194.22,2167.91,2190.37,2190.37,82072314,69408739897,0.521819,0.523183,19.225542,17.629523,12.188833,-0.382523,20.417648,-4.318607,-2.032505,-1.620551
,2183.86,2188.6,2161.59,2184.27,2184.27,73069250,64691438035,-0.27888,-0.278492,19.219706,17.57879,12.536354,-0.005836,20.640555,-3.5229,-0.973468,-1.281369
,2187.35,2189.09,2159.59,2163.98,2163.98,61332015,55669679402,-0.933256,-0.928914,19.375108,17.479218,11.871403,0.155402,20.577759,-2.330574,0.771056,-0.651849
,2159.4,2181.43,2136.45,2173.63,2173.63,69093767,61495023657,0.444946,0.445938,19.108259,17.245706,12.591349,-0.266849,20.689368,-1.543856,-0.39736,-2.108914
,2170.04,2189.39,2161.44,2168.36,2168.36,64265177,58693177974,-0.242746,-0.242452,19.01654,17.245276,12.681096,-0.091719,20.945108,-2.121631,0.785979,-0.822425
,2149.68,2149.68,2095.07,2097.79,2097.79,71416407,63086412572,-3.308671,-3.254533,19.729538,18.356422,16.199097,0.712998,18.421008,2.134097,6.439431,1.745108
,2092.61,2118.79,2088.73,2108.66,2108.66,57621243,53075782462,0.516827,0.518164,19.534282,18.421154,16.199097,-0.195256,18.428619,1.387894,5.980693,1.207668
,2102.8,2130.59,2090.76,2114.13,2114.13,70069747,60115239174,0.259071,0.259406,19.538928,18.436971,16.199097,0.004646,18.959981,0.3183,7.279147,2.205263
,2119.55,2149.44,2115.99,2140.33,2140.33,69226028,59163094375,1.231664,1.23928,20.371629,18.441087,16.5792,0.832701,18.750187,-2.524677,5.911492,0.950462
,2129.87,2140.38,2109.57,2122.84,2122.84,58617737,49805247510,-0.820521,-0.817164,20.079412,18.483861,15.91041,-0.292218,18.348691,1.67977,6.641249,1.429782
,2132.79,2143.2,2118.95,2143.04,2143.04,52409445,47571288733,0.947057,0.951555,20.277048,18.635444,15.91041,0.197636,19.592222,1.551567,3.953402,1.537324
,2146.12,2152.46,2134.92,2138.13,2138.13,55354132,54188441365,-0.229377,-0.229114,20.003948,18.396465,16.681488,-0.2731,19.529335,1.683954,4.320386,2.481432
,2131.28,2131.28,2101.28,2120.87,2120.87,59303905,55283943974,-0.810523,-0.807247,19.290475,18.432068,15.995791,-0.713473,19.273758,2.338454,4.784064,2.27487
,2116.19,2134.79,2086.5,2086.97,2086.97,67631285,58951601970,-1.611313,-1.598401,19.677253,18.659102,16.082324,0.386778,18.033885,3.240688,6.380993,3.450607
,2079.87,2163.23,2077.76,2158.8,2158.8,104024807,83560511769,3.383926,3.441832,23.791615,19.964536,16.837608,4.114362,15.394584,-0.316881,1.309254,-1.488229
,2161.9,2186.73,2150.87,2176.55,2176.55,104491984,81203913733,0.818854,0.822216,22.858314,19.50771,16.862563,-0.9333,15.20463,-1.399563,0.925615,-1.846443
,2170.78,2191.49,2164.67,2174.44,2174.44,86877510,67548473561,-0.096989,-0.096942,20.864201,19.493365,15.381769,-1.994114,15.204575,-0.522416,0.926053,-1.872146
,2181.23,2186.08,2165.22,2171.05,2171.05,58276176,50116023097,-0.156024,-0.155902,20.858621,19.48736,14.994145,-0.005579,15.211368,0.444876,0.890521,-1.215529
,2168.34,2186.89,2146.92,2155.71,2155.71,71275132,62175860350,-0.709079,-0.706571,20.961105,19.451847,14.875098,0.102484,15.470971,0.430484,0.560653,-1.041725
,2154.51,2172.67,2144.58,2151.97,2151.97,70086073,60123341093,-0.173643,-0.173493,20.52504,19.154115,14.504129,-0.436065,16.422086,1.544721,-0.793111,-0.134386
,2156.05,2165.25,2134.42,2146.3,2146.3,55457488,48105020054,-0.263827,-0.26348,20.417648,18.803856,14.072031,-0.107391,16.87783,4.153329,0.565421,0.184334
,2143.72,2170.09,2141.15,2163.11,2163.11,48866403,43659064291,0.780157,0.783208,20.640555,18.893125,14.516224,0.222907,16.642521,3.43126,-0.205934,0.092879
,2166.07,2182.68,2164.01,2180.73,2180.73,65039257,56777151867,0.811268,0.814568,20.577759,18.757656,15.203431,-0.062797,16.357845,4.177517,-1.118706,-0.744258
,2188.64,2196.14,2160.75,2165.01,2165.01,71536032,57708859685,-0.72347,-0.72086,20.689368,18.793821,14.497195,0.11161,16.168003,4.764996,-0.355363,0.270303
,2157.98,2186.15,2155.28,2185.47,2185.47,47945888,43912624261,0.940593,0.94503,20.945108,18.737158,14.95888,0.25574,16.061753,3.73364,-2.22782,-0.241888
,2179.92,2243.97,2178.91,2237.32,2237.32,97219117,85692893370,2.344781,2.372487,18.421008,18.80157,7.499598,-2.5241,13.193161,-0.351932,-4.657791,-2.655035
,2239.79,2246.79,2228.99,2238.62,2238.62,66357268,61178630422,0.058088,0.058105,18.428619,18.801865,7.499598,0.00761,13.162738,-0.272413,-4.790363,-2.823801
,2241.45,2290.74,2229.51,2273.76,2273.76,114545405,101616815025,1.557524,1.569717,18.959981,19.068293,7.499598,0.531362,14.326467,-2.176782,-4.208704,-4.18944
,2269.56,2281.1,2261.13,2270.67,2270.67,90615897,86154853765,-0.135991,-0.135898,18.750187,18.978027,7.397844,-0.209794,14.324029,-2.055176,-4.311525,-5.520728
,2267.94,2275.83,2255.46,2268.61,2268.61,62264998,60254151500,-0.090763,-0.090722,18.348691,18.902994,7.477374,-0.401496,14.321572,-3.652226,-4.334857,-5.703059
,2261.41,2261.47,2225.69,2229.46,2229.46,68218130,62599115638,-1.740791,-1.725726,19.592222,19.223859,9.250207,1.243531,13.786015,-1.47622,-3.904885,-3.721757
,2223.47,2245.31,2221.15,2232.53,2232.53,51678010,47770218198,0.137607,0.137702,19.529335,19.145097,9.543835,-0.062887,13.771021,-1.710378,-3.955313,-2.759757
,2238.78,2241.62,2221.95,2224.8,2224.8,48333628,45096433749,-0.346845,-0.346244,19.273758,19.15553,9.534375,-0.255577,14.464248,-1.555089,-5.054602,-2.264755
,2215.88,2228.77,2203.05,2224.48,2224.48,50757995,45709617096,-0.014384,-0.014383,18.033885,19.153982,7.993585,-1.239873,14.474747,-2.579651,-5.010437,-2.439517
,2209.94,2231.71,2186.75,2187.25,2187.25,56278280,51856112765,-1.687813,-1.67365,15.394584,19.214456,9.62611,-2.6393,14.019513,-2.419245,-2.375226,-1.389423
,2184.02,2196.85,2165.07,2196.79,2196.79,57094694,52351993061,0.435216,0.436164,15.20463,19.195299,9.62611,-0.189954,13.869408,-1.759757,-3.046686,-1.497415
,2191.23,2205.59,2187.39,2194.67,2194.67,47763531,45191150830,-0.096551,-0.096504,15.204575,19.091812,9.626543,-0.000055,14.29321,-1.654403,-2.130366,-1.301567
,2192.77,2209.45,2186.76,2190.47,2190.47,45058911,41927012945,-0.191556,-0.191373,15.211368,18.346104,9.59781,0.006793,14.380174,-1.564351,-1.587076,0.101753
,2195.81,2201.71,2167.64,2167.83,2167.83,60245383,52092022381,-1.038947,-1.033568,15.470971,18.433347,9.866255,0.259603,13.989647,-0.485532,-0.952474,1.374384
,2165.77,2171.39,2132.7,2134.97,2134.97,60485187,49998809829,-1.527407,-1.515802,16.422086,18.625698,10.629117,0.951116,13.324616,0.110011,1.597499,4.668756
,2134.41,2159.38,2131.78,2158.47,2158.47,48204931,41550353157,1.094704,1.100718,16.87783,18.59467,10.957753,0.455743,13.00154,-1.069883,-0.153467,4.616427
,2158.76,2164.18,2153.12,2158.66,2158.66,45334624,39493022295,0.008802,0.008803,16.642521,18.589324,10.957753,-0.235309,13.003691,-1.153168,-0.101967,7.375915
,2152.59,2161.7,2131.23,2156.47,2156.47,49344073,41470449799,-0.101503,-0.101452,16.357845,18.570584,10.790725,-0.284676,13.04333,1.087519,-0.304199,7.798345
,2151.39,2173.62,2150.11,2157.33,2157.33,48086519,41486451628,0.039872,0.03988,16.168003,18.431947,11.309211,-0.189842,13.510574,0.808835,-1.35619,7.356184
,2151.47,2153.72,2136.99,2137.32,2137.32,44607470,37751019661,-0.931864,-0.927535,16.061753,18.493743,10.869037,-0.10625,13.654026,1.626603,0.619417,9.4969
,2132.04,2168.21,2128.32,2135.5,2135.5,48332452,40729772017,-0.08519,-0.085153,13.193161,17.735236,10.708278,-2.868592,13.9239,0.400974,-0.036532,8.690991
,2138.84,2141.56,2120.59,2133.91,2133.91,49181135,40242745273,-0.074483,-0.074456,13.162738,17.637734,10.540277,-0.030423,13.921484,0.562637,0.017338,10.730248
,2150.31,2184.33,2139.48,2180.05,2180.05,83472560,66275508636,2.139183,2.162228,14.326467,18.219893,10.540277,1.163729,12.392062,-3.022681,-0.86518,8.326784
,2180.06,2185.05,2167.77,2174.85,2174.85,64912518,50241276089,-0.238812,-0.238527,14.324029,18.201011,10.465835,-0.002437,12.370551,-2.754088,-0.649506,8.30654
,2175.09,2184.22,2169,2172.37,2172.37,48514206,39214123931,-0.114096,-0.114031,14.321572,18.128576,10.444994,-0.002457,12.416606,-1.692595,-0.876611,6.895881
,2169.28,2171.45,2142.34,2144.08,2144.08,46734032,38938529216,-1.310818,-1.302264,13.786015,18.221913,9.651906,-0.535557,12.048794,-0.618021,1.488806,8.364257
,2143.93,2150.5,2132.19,2145.95,2145.95,42253197,34987586802,0.087179,0.087217,13.771021,18.068979,9.651906,-0.014994,12.261634,0.114569,2.116359,9.734366
,2139.36,2139.36,2105.71,2115.14,2115.14,42893607,37135950607,-1.446134,-1.435728,14.464248,18.085867,10.299004,0.693228,11.619131,1.912437,2.545408,10.828983
,2124.71,2131.57,2110.72,2115.77,2115.77,37299683,31576339037,0.029781,0.029785,14.474747,18.016212,10.308197,0.010498,11.787122,1.478311,2.080051,10.87766
,2106.76,2136.1,2096.51,2135.91,2135.91,38946042,32246807970,0.947397,0.951899,14.019513,18.052852,9.525293,-0.455234,12.722016,1.55348,-0.422256,8.952588
,2134.09,2160.91,2128.86,2130.87,2130.87,46252736,39227549718,-0.236244,-0.235965,13.869408,17.504476,9.256638,-0.150105,12.805936,1.133462,0.274628,10.240242
,2130.77,2148.58,2128.66,2148.41,2148.41,37623105,32420020159,0.819769,0.823138,14.29321,16.783525,9.377709,0.423802,12.451216,0.373995,-0.667834,10.008412
,2161.89,2165.42,2147.45,2155.98,2155.98,39550656,37788482728,0.351734,0.352354,14.380174,16.791183,9.589887,0.086964,12.523287,-0.281474,-0.518974,9.665521
,2154.4,2160.03,2145.75,2147.28,2147.28,35897171,32374256462,-0.404345,-0.403529,13.989647,16.788409,9.413949,-0.390527,12.584233,-0.889248,-0.649904,9.705801
,2147.47,2171.17,2142.01,2169.35,2169.35,50056260,45627619375,1.022566,1.027812,13.324616,16.753695,8.444172,-0.665031,12.301616,-0.868071,-0.938774,8.179037
,2171.26,2178.09,2154.93,2155.16,2155.16,44891556,41076912680,-0.656262,-0.654113,13.00154,16.768714,8.048243,-0.323076,12.091634,-0.952948,-0.22762,9.306526
,2156.38,2166.91,2146.22,2156.46,2156.46,43923863,39769199791,0.060302,0.06032,13.003691,16.76136,8.048243,0.002151,12.344152,-1.033864,0.40078,8.290442
,2157.64,2169,2149.29,2149.92,2149.92,41982954,37906226058,-0.303736,-0.303275,13.04333,16.664447,7.84583,0.039639,12.28676,0.526538,0.678648,7.789793
,2149.41,2149.45,2117.31,2128.27,2128.27,41817249,35607022812,-1.012119,-1.007014,13.510574,16.761479,7.803452,0.467244,11.670579,1.51552,1.981857,8.952395
,2126.61,2150.93,2123.52,2150.6,2150.6,36477424,33050774675,1.043743,1.049209,13.654026,16.900206,7.958667,0.143452,11.205092,0.130576,1.366516,7.205461
,2149.21,2149.78,2123.98,2134.72,2134.72,35738058,32415599488,-0.741138,-0.738399,13.9239,15.525349,7.637742,0.269874,10.807927,1.926313,2.039288,9.10844
,2128.23,2153.9,2126.67,2134.28,2134.28,39311060,35326732064,-0.020614,-0.020612,13.921484,15.492268,7.733894,-0.002415,10.826188,2.661658,1.949224,9.854725
,2138.67,2161.53,2132.45,2161.27,2161.27,50507902,44416141206,1.256666,1.264595,12.392062,15.691603,7.733894,-1.529422,9.937318,0.387907,0.884444,9.911508
,2156.15,2163.61,2152.08,2160.77,2160.77,42563718,37311080748,-0.023137,-0.023135,12.370551,15.492941,8.043043,-0.021511,11.296395,-0.024531,-0.559698,10.868066
,2156.76,2160.99,2148.41,2153.41,2153.41,43025843,37252041741,-0.341201,-0.340619,12.416606,15.413359,7.788145,0.046055,11.273914,-1.238241,-0.491591,11.928186
,2150.99,2183.65,2150.57,2176.24,2176.24,59252876,51765511450,1.054598,1.060179,12.048794,15.442421,7.170414,-0.367812,10.589951,-1.832199,-1.305678,11.818732
,2176.44,2196.34,2174.28,2191.85,2191.85,63296875,56904298384,0.714732,0.717292,12.261634,15.496949,7.170414,0.21284,11.044316,-2.669624,-0.920804,10.938916
,2185.68,2185.68,2168.45,2169.67,2169.67,49933665,46244977817,-1.017085,-1.011931,11.619131,15.551135,5.810813,-0.642502,10.44368,-1.151945,0.244439,11.431568
,2169.25,2172.55,2158.5,2160.24,2160.24,49463897,42538095511,-0.435576,-0.434628,11.787122,15.201301,5.515947,0.167991,10.339653,-1.251644,0.490868,11.497282
,2161.43,2166.41,2119.5,2126.91,2126.91,53162645,46029744918,-1.55491,-1.542884,12.722016,13.899172,7.231082,0.934894,8.892716,1.036962,1.40806,13.665546
,2124.96,2137.03,2120.81,2136.73,2136.73,42393719,35425712925,0.46064,0.461703,12.805936,13.825495,7.388952,0.08392,8.827435,0.631214,1.274643,13.156911
,2137.93,2147.23,2132.45,2134.11,2134.11,41179258,37112428752,-0.122693,-0.122617,12.451216,13.826121,7.36581,-0.35472,8.800384,1.442609,1.496633,11.27247
,2131.69,2145.21,2130.29,2144.82,2144.82,40164356,38778505304,0.500593,0.501849,12.523287,13.866229,7.36581,0.072071,9.583906,0.916147,2.207803,11.296712
,2141.73,2141.73,2126.03,2133.37,2133.37,37666100,33809315524,-0.535274,-0.533844,12.584233,13.833889,7.329732,0.060946,9.280709,1.742512,2.976762,12.136769
,2135.16,2151.11,2134.89,2149.08,2149.08,44351166,40601836632,0.733695,0.736394,12.301616,13.914844,7.329732,-0.282617,10.752401,1.437219,4.010031,12.087827
,2146.37,2159.53,2138.93,2150.26,2150.26,52722896,45525673947,0.054892,0.054907,12.091634,13.90458,7.672135,-0.209981,11.139414,1.31396,4.997514,10.105784
,2152.31,2168.22,2152.31,2165.12,2165.12,54304188,50277570814,0.688702,0.691079,12.344152,13.883997,7.672135,0.252518,14.240257,0.514581,7.077102,10.276792
,2169.2,2171.15,2157.13,2164.56,2164.56,53323100,49936284309,-0.025868,-0.025865,12.28676,13.781085,8.009524,-0.057392,14.170644,0.732334,7.423897,12.054294
,2164,2171.51,2155.61,2170.87,2170.87,59685501,53273658927,0.29109,0.291514,11.670579,13.714185,8.00752,-0.61618,14.433927,-1.026035,6.730518,11.562746
,2169,2184.96,2164.84,2180.19,2180.19,63690690,56024939299,0.428402,0.429321,11.205092,13.604595,8.00752,-0.465488,14.761944,-1.727531,7.510968,11.143781
,2180.45,2183.8,2174.07,2178.7,2178.7,52851106,47990033413,-0.068366,-0.068343,10.807927,12.693476,8.10888,-0.397164,15.36658,-1.418654,6.688236,11.646129
,2178.55,2186.2,2171.08,2176.29,2176.29,50242334,47663876919,-0.110678,-0.110616,10.826188,12.692377,7.998243,0.018261,16.30651,-0.208369,8.763686,11.887043
,2174.83,2180.78,2163.36,2180.47,2180.47,50743599,46017266874,0.191886,0.19207,9.937318,12.25604,7.998243,-0.888869,16.477393,-0.252098,8.307521,12.806467
,2178.14,2178.51,2148.26,2148.71,2148.71,62022046,58980248398,-1.467279,-1.456567,11.296395,12.585975,9.173398,1.359077,15.15122,1.026035,9.515743,14.418091
,2146.6,2151.77,2139.52,2142.85,2142.85,55732497,50931668887,-0.273094,-0.272722,11.273914,12.591443,9.226739,-0.022482,16.557887,0.66141,8.264083,14.078099
,2136.32,2154.74,2134.79,2148.01,2148.01,61374274,51551825645,0.240511,0.240801,10.589951,12.131678,9.226739,-0.683963,16.571974,0.748122,8.18113,13.356456
,2149.54,2171.9,2145.28,2171.76,2171.76,66158863,60467088864,1.099607,1.105675,11.044316,12.357388,9.226739,0.454364,16.816487,-0.252187,8.53881,11.914506
,2170.09,2176.27,2165.21,2174.98,2174.98,71815694,64304875149,0.148157,0.148267,10.44368,12.347551,9.407255,-0.600636,17.018674,0.811419,8.039137,12.471382
,2172.82,2183.25,2166.77,2170.87,2170.87,81560230,61126054498,-0.189146,-0.188967,10.339653,12.351332,9.558175,-0.104027,16.921631,1.23425,8.30674,11.867169
,2166.83,2166.93,2147.08,2157.07,2157.07,59453568,46354646289,-0.637719,-0.63569,8.892716,11.933619,7.27854,-1.446937,17.242216,3.638933,7.966784,12.395599
,2147.66,2176.32,2145.45,2164.14,2164.14,65473295,53758919136,0.327223,0.327759,8.827435,11.917944,7.27854,-0.065281,17.393559,4.354085,8.690971,12.598557
,2164.22,2171.94,2158.96,2166.29,2166.29,54172260,47731629577,0.099297,0.099347,8.800384,11.919678,7.60529,-0.027051,17.355084,7.023078,9.179613,11.626932
,2162.44,2197.59,2162.24,2192.7,2192.7,78542583,66806114430,1.211763,1.219135,9.583906,12.178404,7.60529,0.783522,17.187518,6.132242,7.976693,9.807174
,2191.39,2210.28,2190.55,2197.83,2197.83,84213872,69177998063,0.233685,0.233958,9.280709,11.991776,8.171161,-0.303196,17.393431,5.496268,7.378943,8.630513
,2199.83,2239.81,2199.83,2237.01,2237.01,119435534,99964367602,1.766964,1.782667,10.752401,12.072956,8.171161,1.471692,16.831523,4.938155,5.10778,6.645024
,2243.07,2260.89,2239.07,2260.45,2260.45,98972838,81994560081,1.042376,1.047827,11.139414,12.054593,8.171161,0.387013,16.597807,3.004682,4.536632,4.683225
,2272.38,2331.47,2272.38,2323.9,2323.9,179869333,145277424291,2.76829,2.806963,14.240257,13.254775,8.171161,3.100843,14.112856,2.201165,0.81256,3.913547
,2326.04,2342.77,2316.22,2331.37,2331.37,134269641,112176546316,0.320927,0.321442,14.170644,13.252496,8.489114,-0.069614,14.379199,1.615958,-0.312751,5.019505
,2324.69,2339.04,2316.06,2322.01,2322.01,123022832,103362308865,-0.402289,-0.401481,14.433927,13.296243,7.756597,0.263283,14.315793,1.759191,0.240021,6.135167
,2321.97,2350.55,2316.58,2350.25,2350.25,110987769,93135566963,1.208852,1.216188,14.761944,13.294903,7.756597,0.328017,13.795027,-0.974416,-1.672022,6.50915
,2341.23,2371.5,2328.97,2329.4,2329.4,126317390,106125190266,-0.891098,-0.88714,15.36658,13.459512,7.62708,0.604636,14.122054,0.07424,0.380917,7.568745
,2336.63,2375.62,2332.14,2375.62,2375.62,116713754,101301888277,1.964773,1.984202,16.30651,13.957207,7.585857,0.93993,12.442844,-0.433245,-0.858186,5.628645
,2376.8,2380.77,2353.79,2369.35,2369.35,111861789,97906971246,-0.26428,-0.263931,16.477393,13.372251,7.289015,0.170883,13.301278,-0.520482,0.719544,5.505412
,2358.21,2371.67,2334.33,2363.22,2363.22,116341829,96681298733,-0.259056,-0.258721,15.15122,13.374757,4.071007,-1.326173,13.620159,-0.182969,1.912021,5.869069
,2363.61,2369.2,2326.27,2327.46,2327.46,116729210,94254453994,-1.524755,-1.51319,16.557887,13.794388,7.607714,1.406668,12.3491,0.364112,4.155695,7.237282
,2329.18,2339.27,2319.29,2331.13,2331.13,86739694,72605666133,0.157558,0.157683,16.571974,13.470601,7.607714,0.014087,12.620088,1.257964,4.943281,9.588991
,2338.01,2367,2337.01,2365.35,2365.35,91601171,82973900360,1.457287,1.467958,16.816487,13.737907,7.607714,0.244512,11.847052,0.388615,3.32091,7.853814
,2361.17,2361.17,2344.72,2357.05,2357.05,91822608,82973769642,-0.351517,-0.350899,17.018674,13.368738,7.175229,0.202187,11.962582,0.748975,3.147992,9.59136
,2358.46,2370.51,2335.69,2358.9,2358.9,110447789,94185266458,0.078457,0.078488,16.921631,13.366767,7.299618,-0.097043,12.106802,0.306453,2.699674,8.949709
,2357.2,2363.18,2334.08,2335.95,2335.95,97969493,84251435869,-0.977675,-0.972911,17.242216,13.477274,7.615038,0.320585,11.467831,0.77993,4.290702,9.979313
,2337.99,2366.9,2333.12,2360.64,2360.64,93592546,81888217001,1.051411,1.056958,17.393559,13.577956,7.615038,0.151344,11.060503,0.199746,3.191297,8.384409
,2366.27,2379.8,2361.2,2374.56,2374.56,104509554,90148909855,0.587939,0.589671,17.355084,13.538876,7.615038,-0.038475,13.330412,-1.343975,0.596225,6.791082
,2378.89,2379.47,2358.97,2374.77,2374.77,115850020,102742759960,0.008843,0.008844,17.187518,13.537109,7.615038,-0.167566,13.444984,-2.157203,1.112216,6.61684
,2371.65,2375.48,2360.84,2366.14,2366.14,101288088,91374802730,-0.364066,-0.363404,17.393431,13.530173,7.252584,0.205913,13.377532,-1.642654,1.781064,6.976176
,2365.73,2367.46,2333.3,2354.24,2354.24,100690211,92192063269,-0.504198,-0.502929,16.831523,13.476982,6.816413,-0.561909,13.343896,-1.841647,2.970016,9.291163
,2352.32,2368.46,2350.99,2365.36,2365.36,89823938,85642463757,0.471227,0.472339,16.597807,13.391585,6.816413,-0.233716,15.165937,-1.151034,0.571637,11.335013
,2367.02,2367.61,2338.46,2342.86,2342.86,97373717,85182493960,-0.955782,-0.951229,14.112856,13.582844,6.649806,-2.484951,14.970975,0.530419,2.387131,13.651687
,2339.6,2350.39,2317.18,2324.09,2324.09,93844222,83135033150,-0.804384,-0.801158,14.379199,13.690738,6.351984,0.266343,15.614657,2.648253,4.943148,15.841299
,2323.79,2336.74,2322.89,2327.59,2327.59,67676221,62448675179,0.150483,0.150597,14.315793,13.482288,6.536695,-0.063407,15.692969,3.431191,4.592207,16.839891
,2328.06,2336.36,2309.64,2311.28,2311.28,70490655,66195966855,-0.703191,-0.700725,13.795027,13.462556,6.20159,-0.520766,15.330849,4.853301,5.304836,19.496298
,2317.3,2338.77,2313.26,2338.29,2338.29,63211423,58359967752,1.161841,1.168617,14.122054,13.507402,6.441948,0.327027,14.979957,4.636605,4.576977,18.724961
,2340.93,2355.55,2338.53,2355.32,2355.32,77320870,73362240553,0.725671,0.72831,12.442844,13.553223,6.441948,-1.67921,14.866715,3.74585,3.981543,21.625542
,2359.86,2387.66,2349.95,2386.46,2386.46,114436733,106925790139,1.31345,1.322113,13.301278,13.573257,6.395265,0.858435,14.681919,1.907966,3.779402,21.79256
,2389.69,2414.26,2389.68,2408.84,2408.84,129734204,123629189433,0.933421,0.937791,13.620159,13.65787,6.187351,0.31888,14.416023,0.604684,2.990327,25.365905
,2411.93,2427.3,2404.08,2426.22,2426.22,111272298,108294703239,0.718919,0.721509,12.3491,13.657502,4.189449,-1.271059,14.493388,0.499119,1.658322,25.306459
,2433.17,2450.63,2427.99,2449.26,2449.26,133551764,123349320057,0.945145,0.949625,12.620088,13.630023,4.189449,0.270989,14.250214,-0.49402,0.232046,28.375482
,2452.23,2454.89,2437.08,2445.22,2445.22,118194344,107795213548,-0.165084,-0.164948,11.847052,13.606519,4.789849,-0.773036,14.29319,-2.33607,0.054786,23.949356
,2435.59,2437.08,2422.65,2432.43,2432.43,109175517,97472682969,-0.524434,-0.523061,11.962582,13.45768,4.555281,0.11553,14.357872,-1.286801,1.284253,28.097185
,2430.68,2461.47,2417.27,2423.45,2423.45,132982583,127203381658,-0.369861,-0.369178,12.106802,13.44529,4.4696,0.144219,14.604267,-0.612157,0.860755,27.263515
,2418.75,2438.36,2412.62,2438.36,2438.36,109160170,96625765409,0.613354,0.615239,11.467831,12.968119,4.116724,-0.63897,14.454483,-0.540756,0.138112,26.970726
,2433,2439.25,2418.96,2437.19,2437.19,122247159,112507690398,-0.047995,-0.047983,11.060503,12.970999,4.67479,-0.407328,14.570591,-2.419913,0.716289,27.7675
,2440.34,2442.92,2386.98,2388.76,2388.76,186742791,147250169859,-2.007133,-1.987125,13.330412,13.735592,8.785333,2.269909,12.924046,0.446931,1.851094,32.417784
,2395.36,2405.37,2379.09,2401.33,2401.33,125269028,98039470145,0.524835,0.526214,13.444984,13.738039,8.785333,0.114572,13.04648,1.673729,0.718265,33.609678
,2396.38,2414.95,2389.62,2408.66,2408.66,115926376,92105332013,0.304783,0.305248,13.377532,13.656696,9.169248,-0.067452,13.450965,1.168489,-0.529494,32.867411
,2409.31,2430.15,2402.31,2425.21,2425.21,101813577,88221038707,0.684754,0.687104,13.343896,13.648928,9.741326,-0.033636,13.197251,0.493172,-1.432773,33.289502
,2419.33,2419.33,2374.11,2378.92,2378.92,102240870,88958056522,-1.927152,-1.908701,15.165937,14.327407,11.197648,1.822041,11.72018,2.854306,-0.425044,35.550398
,2379.52,2402.48,2379.52,2399.46,2399.46,84033341,75463683722,0.859711,0.863417,14.970975,14.358184,11.94563,-0.194962,13.428354,2.124831,0.713857,32.62019
,2391.42,2443.98,2387.07,2441.86,2441.86,142713530,120389934642,1.751633,1.767064,15.614657,14.711692,12.902376,0.643682,12.91773,1.484508,0.389109,27.984283
,2453.42,2462.67,2429.59,2436.97,2436.97,138661891,119612625726,-0.200458,-0.200257,15.692969,14.733295,12.442165,0.078312,13.117126,1.829311,1.302939,31.384314
,2430.81,2439.65,2420.5,2437.2,2437.2,100299494,87757377938,0.009438,0.009438,15.330849,14.729688,13.43622,-0.36212,14.174843,1.206787,2.876337,34.631787
,2443.91,2453.67,2435.61,2447.8,2447.8,123401727,111463779824,0.433982,0.434925,14.979957,14.728652,13.43622,-0.350891,14.13403,0.291673,2.610851,34.476593
,2452.17,2454.89,2444.2,2450.99,2450.99,115804229,101906558841,0.130236,0.130321,14.866715,14.715629,13.43622,-0.113242,14.139027,-0.180907,2.505288,34.406822
,2460.87,2478.38,2445.27,2478.38,2478.38,121953604,116500107810,1.11131,1.117508,14.681919,14.834124,13.43622,-0.184796,13.748242,-0.587184,1.006466,35.474319
,2480.2,2488.11,2461.11,2481.96,2481.96,137923920,120752628433,0.144345,0.144449,14.416023,14.416011,13.43622,-0.265896,13.745361,-1.524888,0.966722,38.33581
,2472.1,2482.14,2457.68,2466.79,2466.79,147634307,121924973049,-0.613086,-0.61121,14.493388,14.484404,12.462846,0.077365,13.548103,-1.021091,1.423265,38.935714
,2457.41,2460.39,2430.55,2454.95,2454.95,131593362,112784478808,-0.481132,-0.479976,14.250214,14.558467,11.733201,-0.243174,15.887607,-0.009777,4.413664,39.491795
,2451.09,2467.9,2436.34,2446.56,2446.56,127393705,106356643094,-0.342344,-0.341758,14.29319,14.487205,11.512128,0.042976,15.858933,-0.539761,4.478119,37.48697
,2444.54,2465.5,2431.19,2463.87,2463.87,135801882,114837290107,0.705033,0.707524,14.357872,14.523833,12.241453,0.064682,16.310743,-1.852789,5.159116,36.428995
,2448.97,2480.3,2441.82,2444.4,2444.4,158166603,128340525473,-0.793359,-0.79022,14.604267,14.646642,11.998037,0.246395,16.133478,-2.002406,5.38928,36.283577
,2443.22,2456.1,2410.4,2441.73,2441.73,132759988,112685625525,-0.109289,-0.109229,14.454483,14.557658,11.80586,-0.149784,16.093379,-2.111641,5.550499,36.405957
,2448.45,2456.62,2441.9,2454.71,2454.71,91435401,84843604900,0.530182,0.53159,14.570591,14.570778,11.863621,0.116108,16.319498,-3.561247,4.476823,35.544553
,2453.41,2459.25,2432.55,2433.39,2433.39,96241912,86622201933,-0.872328,-0.868534,12.924046,14.737409,9.134328,-1.646545,16.444395,-0.690306,4.343763,39.279229
,2434.89,2447.47,2417.56,2418.64,2418.64,88656193,82251744245,-0.607995,-0.60615,13.04648,14.672254,8.550161,0.122435,16.223389,1.344573,4.786359,40.744498
,2415.44,2424.66,2392.53,2395.94,2395.94,103491839,86045452830,-0.942976,-0.938544,13.450965,14.845341,8.184683,0.404484,15.648163,3.000922,5.724606,33.672382
,2397.85,2404.99,2385.73,2390.71,2390.71,74974869,65601225156,-0.218525,-0.218286,13.197251,14.471068,8.084631,-0.253714,16.418958,4.802281,7.753919,35.107266
,2377.54,2377.54,2361.68,2368.83,2368.83,73862447,65956480803,-0.919423,-0.915209,11.72018,14.49012,4.854787,-1.477071,17.295217,5.890201,11.188419,40.423872
,2373.16,2416.77,2373.16,2416.65,2416.65,101523055,90529903107,1.998612,2.018718,13.428354,13.955777,4.854787,1.708173,16.730299,3.916262,10.550699,38.951362
,2423.81,2461.27,2415.7,2451.38,2451.38,158584062,134541723619,1.426885,1.437113,12.91773,14.223806,4.854787,-0.510624,16.701228,2.101865,10.509043,37.639894
,2450.36,2474.38,2443.76,2468.93,2468.93,189626353,139157358014,0.713373,0.715923,13.117126,14.244758,4.724857,0.199397,16.837305,1.493093,10.944745,37.936597
,2473.5,2512.19,2466.5,2508.32,2508.32,239172412,181604617039,1.582835,1.595428,14.174843,14.388739,4.724857,1.057717,17.187144,-0.246284,11.315126,35.433239
,2515.82,2524.17,2502.06,2512.55,2512.55,205801228,151406835108,0.168497,0.168639,14.13403,14.237403,4.724857,-0.040813,17.137079,2.094486,11.537133,33.867304
,2511.04,2517.46,2498.6,2513.17,2513.17,218247005,155291882550,0.024673,0.024676,14.139027,13.712793,4.724857,0.004997,20.108828,1.791924,15.138712,32.60045
,2516.87,2519.4,2499.23,2503.45,2503.45,190491862,146130895120,-0.387512,-0.386763,13.748242,13.728854,4.586019,-0.390785,19.789458,3.565466,17.006692,31.616955
,2505.17,2510.99,2482.98,2506.07,2506.07,149651117,118839203631,0.104601,0.104656,13.745361,13.709379,4.586019,-0.002881,23.424709,2.897671,21.408856,29.142595
,2508.76,2541.55,2489.42,2502.15,2502.15,208760911,176868665325,-0.156543,-0.15642,13.548103,13.298317,4.985252,-0.197258,23.033626,3.106143,22.224872,31.757956
,2529.83,2565.73,2514.71,2565.73,2565.73,226599735,187612569248,2.509268,2.541015,15.887607,14.170939,5.247877,2.339504,24.797012,0.053382,23.729772,28.205285
,2578.44,2602.37,2532.57,2558.61,2558.61,323711656,265840509803,-0.27789,-0.277504,15.858933,13.936615,5.323569,-0.028673,31.888248,-0.674116,19.416452,27.454315
,2545.4,2594.32,2539.6,2594.32,2594.32,184686261,157847382809,1.38603,1.39568,16.310743,14.133258,5.323569,0.45181,33.235157,-2.225545,21.653817,24.43546
,2597.39,2607.52,2567.46,2579.75,2579.75,219815615,192985452900,-0.563194,-0.561612,16.133478,14.210009,5.124708,-0.177265,33.72979,-1.66708,21.013479,26.00492
,2569.21,2581.93,2557.67,2581.09,2581.09,165049965,145409933865,0.05193,0.051943,16.093379,14.016629,4.903996,-0.040099,33.637643,0.09178,21.282115,27.760274
,2613.51,2614.09,2565.94,2567.1,2567.1,158478095,147724645089,-0.543493,-0.542019,16.319498,13.967491,4.623633,0.226119,33.127411,3.15035,22.574388,29.098385
,2565.27,2570.21,2534.93,2541.42,2541.42,142941356,124246649435,-1.005388,-1.000351,16.444395,14.129861,4.92275,0.124897,32.536298,5.516629,26.222926,30.358245
,2538.23,2550.5,2531.32,2537.22,2537.22,122146974,113031721938,-0.165399,-0.165262,16.223389,14.139865,5.295018,-0.221006,32.086245,7.067257,28.105054,31.303661
,2528.78,2545.47,2522.84,2537.1,2537.1,106149864,98145538650,-0.00473,-0.00473,15.648163,14.107518,5.281451,-0.575226,32.373948,8.221061,27.672299,32.159269
,2537.54,2585.36,2530.03,2583.46,2583.46,151028139,143750813260,1.810789,1.827283,16.418958,14.465839,5.468063,0.770795,32.347174,8.363488,26.968355,30.999028
,2614.16,2667.67,2602.94,2649.26,2649.26,279839720,264974912281,2.515077,2.546972,17.295217,15.24234,5.013442,0.876259,32.23022,6.238915,24.787023,27.238693
,2650.08,2686.06,2643.84,2685.56,2685.56,222611699,206879208489,1.360892,1.370194,16.730299,15.238661,5.013442,-0.564918,34.294052,8.504275,21.355634,28.363657
,2695.26,2723.36,2690.31,2723.02,2723.02,243962485,239333899163,1.385229,1.394867,16.701228,15.266037,5.013442,-0.029071,37.010955,8.599514,17.086131,27.161924
,2737.03,2754.49,2718.7,2754.49,2754.49,265464730,261164877169,1.149075,1.155702,16.837305,15.371127,5.013442,0.136078,37.931796,11.957205,19.13663,26.805148
,2753.93,2809.54,2740.37,2808.82,2808.82,375323662,330256023242,1.953216,1.972416,17.187144,15.607151,5.013442,0.349839,38.661266,10.663462,20.440324,22.22531
,2825.61,2855.33,2808.65,2819.81,2819.81,365487417,338833084229,0.390504,0.391268,17.137079,15.510242,5.013442,-0.050065,38.687494,14.287125,20.328608,22.486063
,2807.34,2944.51,2804.29,2923.94,2923.94,361465322,341185189116,3.626252,3.692802,20.108828,16.916015,5.013442,2.971749,37.550945,6.069664,16.762822,17.878469
,2936.12,3028.23,2912.25,2967.55,2967.55,466156685,464857500377,1.480467,1.491481,19.789458,16.959612,5.415135,-0.31937,37.790434,8.212591,17.461161,15.887022
,2975.4,3104.89,2968.88,3104.35,3104.35,426812928,433875560243,4.506766,4.609863,23.424709,18.9384,5.415135,3.635252,36.219181,2.502294,15.960232,13.068658
,3143.97,3195.8,3011.94,3124.89,3124.89,524881260,554362904944,0.659473,0.661652,23.033626,18.934821,5.660026,-0.391083,36.331833,2.163386,15.287577,11.923519
,3108.27,3270.88,3075.7,3252.88,3252.88,484462344,515773683037,4.014168,4.095824,24.797012,20.29305,5.660026,1.763386,34.292009,-1.102002,11.348359,8.024038
,3233.1,3387.83,3074.52,3106.91,3106.91,632874567,702150099247,-4.591209,-4.487408,31.888248,22.764253,27.363151,7.091236,30.533896,6.132358,13.592399,14.531431
,3120.21,3229.05,3058.19,3221.55,3221.55,425018708,477300103105,3.623395,3.68984,33.235157,23.616628,27.363151,1.346908,28.653768,4.225692,9.616062,11.59648
,3185.16,3254.42,3158.44,3183.01,3183.01,367091691,392944833604,-1.203532,-1.196319,33.72979,23.804055,26.988394,0.494633,28.462125,4.991739,9.880817,15.203679
,3182.92,3239.45,3167.93,3193.23,3193.23,301065325,337817436996,0.320565,0.32108,33.637643,23.803267,26.988394,-0.092147,28.507871,5.77802,9.573343,16.261976
,3176.83,3226.22,3143.3,3217.23,3217.23,290193834,326668040798,0.74878,0.75159,33.127411,23.788141,29.537869,-0.510232,28.629653,5.362984,8.493342,17.852591
,3221.36,3303.4,3207.69,3303.4,3303.4,358123847,425665729151,2.64315,2.678391,32.536298,23.634399,,-0.591113,28.864543,0.649337,8.712539,15.045241
,3325.82,3368.19,3275.74,3360.6,3360.6,448140770,527748937956,1.716729,1.731549,32.086245,23.756977,,-0.450053,28.517753,-3.951666,7.853085,14.695008
,3359.09,3393.71,3322.23,3345.93,3345.93,355970207,416260448852,-0.437485,-0.436529,32.373948,23.839616,,0.287704,41.274916,-0.314607,0.275478,17.154017
,3345.63,3397.18,3280.92,3383.17,3383.17,411211590,435516864940,1.106846,1.112994,32.347174,23.865653,,-0.026774,41.315193,1.835457,0.384991,16.072092
,3396.25,3455.21,3357.66,3394.48,3394.48,549801671,537021101759,0.333744,0.334302,32.23022,23.304568,,-0.116954,44.146226,1.780501,4.44843,14.91342
,3358.8,3431.78,3316.91,3324.92,3324.92,369736093,377227774057,-2.070497,-2.049209,34.294052,23.926475,,2.063832,43.311782,3.911463,7.045029,17.226997
,3332.15,3340.36,3188.5,3230.39,3230.39,317449587,339475799573,-2.884274,-2.843076,37.010955,24.797253,25.467703,2.716904,41.614353,8.974544,10.04472,20.659134
,3254.48,3335.78,3226.32,3335.42,3335.42,309799547,330128939928,3.199574,3.25131,37.931796,25.37889,25.467703,0.920841,40.441291,8.780806,7.855222,20.350127
,3343.64,3453.34,3335.01,3445.84,3445.84,384614124,438838427110,3.25691,3.310528,38.661266,25.964067,25.467703,0.72947,39.21732,5.510714,3.677789,16.184543
,3502.18,3524.28,3405.84,3455.46,3455.46,425015037,505004508391,0.278788,0.279177,38.687494,25.969671,25.467703,0.026228,39.612892,5.306876,2.001562,17.684373
,3450.81,3491.83,3422.17,3457.55,3457.55,328233873,394607772399,0.060466,0.060484,37.550945,25.975163,25.467703,-1.136549,39.899008,2.899241,0.698916,17.645244
,3462.39,3542.34,3452.5,3533.71,3533.71,345934760,403710888146,2.178806,2.202716,37.790434,26.161039,25.467703,0.239489,39.355207,0.367492,-2.850898,16.569721
,3566.09,3669.04,3551.51,3641.54,3641.54,451198098,519849817448,3.005836,3.051467,36.219181,26.605756,25.467703,-1.571252,38.262152,-3.577121,-8.226493,15.687188
,3608.43,3683.23,3587.23,3641.06,3641.06,420962185,498529588258,-0.013182,-0.013181,36.331833,26.513425,26.956689,0.112652,39.586558,-3.550848,-5.754493,16.536295
,3620.92,3671.19,3601.7,3643.79,3643.79,320191232,398731720502,0.07495,0.074978,34.292009,26.436573,26.956689,-2.039825,39.64966,-3.957019,-6.872846,15.674703
,3650.07,3659.95,3552.1,3559.26,3559.26,295003045,355831967325,-2.347169,-2.319837,30.533896,27.072288,17.941025,-3.758113,39.037552,1.252498,-5.554537,19.93396
,3547.57,3689.75,3536.4,3546.72,3546.72,349982672,430210592272,-0.352943,-0.35232,28.653768,27.145618,17.748197,-1.880128,39.333498,2.462714,-6.834419,22.035852
,3531.51,3560.53,3461.32,3513.58,3513.58,266567175,334257133083,-0.938777,-0.934384,28.462125,27.179278,17.89781,-0.191643,39.547279,-4.6136,-4.889377,23.360892
,3506.45,3550.16,3494.77,3514.04,3514.04,187153965,250796676069,0.013091,0.013092,28.507871,27.1667,17.89781,0.045745,40.209531,-3.410332,-3.095185,22.039878
,3522.91,3547.24,3471.56,3502.42,3502.42,196012510,241285837533,-0.331221,-0.330674,28.629653,27.234346,17.425564,0.121783,40.342374,1.318072,-1.969345,25.362983
,3501.72,3604.12,3482.27,3604.12,3604.12,237812338,303445351108,2.862348,2.903707,28.864543,27.451063,17.425564,0.23489,38.837851,-1.018173,-4.577221,24.313919
,3616.25,3662.16,3601.26,3635.15,3635.15,282681614,355568710742,0.857274,0.860959,28.517753,27.327165,17.425564,-0.34679,38.810154,-1.76003,-4.654477,21.828631
,3414.01,3497.25,3330.98,3355.16,3355.16,329505275,366017532103,-8.015092,-7.702296,41.274916,32.478124,41.372365,12.757164,25.814478,7.265137,4.211493,31.971341
,3336.79,3419.2,3325.68,3396.22,3396.22,297843232,381917903845,1.216359,1.223787,41.315193,32.464111,41.372365,0.040277,25.599324,5.128255,3.645681,33.3334
,3420.49,3557.79,3409.43,3548.89,3548.89,337928210,425433704264,4.397183,4.495292,44.146226,33.231099,41.372365,2.831033,20.630464,-0.666367,-1.996759,28.959
,3551.05,3576.76,3520.05,3567.61,3567.61,268853599,345026040998,0.526103,0.527489,43.311782,33.117177,44.68599,-0.834444,22.506611,-2.43465,-0.037006,27.622815
,3582.09,3627.81,3548.63,3571.73,3571.73,280172172,361835546416,0.115417,0.115483,41.614353,33.094692,48.604577,-1.697429,22.512612,-3.921075,0.031073,29.714585
,3580.12,3611.62,3559.38,3607.99,3607.99,239766203,309585710088,1.010076,1.015194,40.441291,33.103571,48.604577,-1.173062,22.396188,-7.300909,-0.186705,27.327863
,3614.04,3616.26,3510.02,3574.93,3574.93,287669179,357548249621,-0.920524,-0.9163,39.21732,33.193971,44.839709,-1.223971,24.072851,-3.921568,-1.892803,28.930805
,3547.24,3583.31,3512.39,3525.32,3525.32,216220214,278749164896,-1.397438,-1.387719,39.612892,33.433284,41.589621,0.395573,23.697818,-3.567533,0.155893,29.815025
,3474.92,3505.58,3453.9,3481.8,3481.8,211618860,251897926442,-1.242181,-1.234498,39.899008,33.620926,39.011196,0.286115,23.532853,-3.354211,0.416731,31.850908
,3496.89,3514.22,3431.94,3434.39,3434.39,196479157,237420793858,-1.371008,-1.361652,39.355207,33.797184,36.823919,-0.543801,23.051292,-3.616029,1.276759,29.152978
,3360.19,3407.26,3347.08,3353.96,3353.96,195183699,224837769887,-2.369759,-2.341901,38.262152,34.305846,35.08411,-1.093055,21.837933,-0.240004,5.334919,30.57171
,3388.6,3441.71,3360.72,3437.45,3437.45,192846096,241100023193,2.458818,2.489296,39.586558,34.51479,35.69694,1.324406,20.369646,-0.891539,2.390435,26.267863
,3446.14,3476.82,3399.56,3401.77,3401.77,191304349,244034297155,-1.043403,-1.037979,39.64966,34.412096,34.129104,0.063102,19.902169,0.946482,3.548526,29.26758
,3487.95,3487.95,3366.86,3366.95,3366.95,250430609,311523669172,-1.028859,-1.023585,39.037552,34.516073,34.226501,-0.612108,20.276667,2.229814,6.493569,33.153829
,3352.33,3374.05,3285.94,3312.42,3312.42,192664186,221433183351,-1.632825,-1.619567,39.333498,34.723086,33.47032,0.295947,18.934174,4.642656,8.814837,35.992227
,3305.73,3376.53,3298.6,3345.92,3345.92,172353820,220766525021,1.006265,1.011345,39.547279,34.684685,34.920791,0.213781,20.101497,4.487269,10.212239,34.373654
,3345.08,3407.18,3339.55,3406.94,3406.94,159309088,199120680699,1.807283,1.823714,40.209531,34.788624,34.920791,0.662252,19.790071,3.330534,9.783818,32.191392
,3415.98,3445.66,3412.14,3434.12,3434.12,144613772,185979219656,0.794618,0.797783,40.342374,34.731362,35.802859,0.132843,20.838192,1.290658,11.328594,29.608623
,3435.36,3453.58,3405.63,3442.87,3442.87,156081691,191285873488,0.254472,0.254796,38.837851,34.596162,35.802859,-1.504523,20.973874,3.522041,10.909923,28.433187
,3458.83,3509.5,3452.08,3469.83,3469.83,201089971,247076153339,0.780018,0.783068,38.810154,34.572046,35.802859,-0.027697,21.16331,2.92552,11.496401,31.00775
,3473.29,3504.48,3466.61,3499.48,3499.48,165641343,222799721247,0.850878,0.854509,25.814478,34.560862,7.374128,-12.995675,21.765232,2.86694,12.667047,30.656549
,3511.54,3536.82,3511.09,3522.32,3522.32,165328313,214457267905,0.650548,0.652668,25.599324,34.459719,7.374128,-0.215154,21.87171,-0.41023,12.04142,31.799732
,3529.55,3529.55,3463.96,3478.73,3478.73,165539351,211739059322,-1.245258,-1.237537,20.630464,34.389925,6.932339,-4.96886,21.447622,1.486285,12.461749,35.298894
,3473.71,3569.33,3456.87,3566.29,3566.29,229328438,279809075234,2.485856,2.517011,22.506611,34.593316,6.932339,1.876147,20.311528,-1.980913,10.218974,35.761666
,3565.23,3594.81,3560.46,3572.84,3572.84,222786438,271861944608,0.183496,0.183664,22.512612,34.545558,6.932339,0.006001,20.274764,-2.675388,10.583342,37.509011
,3603.45,3608.69,3566.53,3601.26,3601.26,248176125,325164897145,0.792299,0.795446,22.396188,34.52257,6.932339,-0.116424,21.935956,-1.779285,12.68161,36.37973
,3579.31,3579.31,3504.2,3507.9,3507.9,261866489,335700118167,-2.626622,-2.592426,24.072851,34.942318,9.065745,1.676663,19.229671,0.36167,14.399557,32.065878
,3514.67,3540.91,3497.17,3530.82,3530.82,199663981,257468790961,0.651257,0.653382,23.697818,34.947044,9.64241,-0.375033,19.589259,-0.1749,15.526918,31.555606
,3513.25,3517.08,3467.68,3496.34,3496.34,217508805,279030592350,-0.981343,-0.976544,23.532853,34.387263,10.063576,-0.164965,18.69911,2.722627,16.529598,37.28423
,3501.18,3516.24,3472.39,3478.52,3478.52,181518054,233468244766,-0.510979,-0.509676,23.051292,34.336923,11.613652,-0.481561,18.033851,3.922049,18.143861,39.4692
,3449.7,3546.71,3417.49,3537.75,3537.75,233940411,277860471571,1.688402,1.702736,21.837933,33.32053,10.721689,-1.213359,18.347076,4.637315,18.578762,37.426035
,3523.64,3551.21,3511.99,3520.61,3520.61,194267657,245366625918,-0.485666,-0.484489,20.369646,33.33834,10.917736,-1.468287,17.579269,6.501844,19.900353,38.644488
,3524.57,3568.92,3512.22,3524.65,3524.65,188947825,235772755479,0.114687,0.114753,19.902169,32.37614,11.746027,-0.467476,18.447619,8.726551,18.999024,39.473529
,3557.69,3603.34,3536.53,3592.84,3592.84,265664625,322141249344,1.916184,1.93466,20.276667,31.038934,12.786912,0.374498,18.444779,6.646168,18.994929,39.885427
,3604.67,3641.39,3594.74,3617.66,3617.66,246864768,297298516465,0.688443,0.690818,18.934174,30.246029,13.897275,-1.342493,18.62874,7.32422,20.055434,38.516834
,3641.77,3705.74,3621.12,3705.67,3705.67,275438307,358497570207,2.403667,2.432788,20.101497,30.437328,13.897275,1.167322,17.98174,6.942077,18.03803,35.956013
,3733.96,3762.57,3716.81,3757.12,3757.12,371625666,455003825887,1.378863,1.388413,19.790071,30.524452,13.897275,-0.311426,19.501456,5.588136,15.351245,34.529674
,3769.09,3846.05,3763.85,3846.05,3846.05,415190011,484465529242,2.339394,2.366973,20.838192,30.803568,13.897275,1.048121,20.319365,2.423813,16.003734,32.726473
,3851.25,3859.13,3809.71,3839.74,3839.74,391547630,463212821639,-0.164199,-0.164064,20.973874,30.425481,14.03545,0.135682,20.286965,2.831092,17.981216,30.731686
,3852.49,3916.86,3832.42,3892.57,3892.57,401817552,544468374302,1.366495,1.375874,21.16331,30.361804,14.03545,0.189436,22.077508,2.012461,14.986707,26.324899
,3923.08,3972.3,3922.21,3972.06,3972.06,391119922,519760220709,2.021524,2.042096,21.765232,30.543429,14.03545,0.601921,22.161644,2.881503,15.092802,25.754058
,3980.07,3989.86,3883.78,3973.05,3973.05,468581312,591066800604,0.024921,0.024924,21.87171,30.499673,14.03545,0.106478,22.88815,1.947907,17.646299,21.591648
,3961.58,3980.72,3913.99,3940.41,3940.41,379968851,501733891680,-0.824928,-0.821535,21.447622,30.581311,13.932776,-0.424088,22.23807,4.551454,18.49401,16.279361
,3921.75,3992,3892.88,3950,3950,346756315,468538490771,0.24308,0.243376,20.311528,30.197106,13.932776,-1.136094,22.968439,4.329711,17.440847,19.199822
,3957.54,3993.03,3932.87,3971.7,3971.7,298756064,393132347578,0.547864,0.549367,20.274764,29.467926,13.932776,-0.036764,23.408812,4.885131,19.10017,20.597764
,3999.02,4101.65,3999.02,4088.18,4088.18,428297020,546211078887,2.890567,2.932749,21.935956,29.346598,13.932776,1.661192,23.628684,4.117867,14.832958,14.08489
,4138.88,4166.02,4037.77,4051.2,4051.2,436065635,598121732643,-0.908675,-0.904559,19.229671,28.814524,4.967164,-2.706284,22.815769,5.862467,16.424052,6.798295
,4057.5,4139.5,4046.94,4123.9,4123.9,329512853,466596904663,1.778618,1.79453,19.589259,28.980003,4.967164,0.359588,22.989909,3.297206,14.132214,1.627128
,4149.95,4156.84,4068.65,4124.78,4124.78,339070487,476617837707,0.021337,0.021339,18.69911,28.981465,4.72626,-0.890149,22.847593,5.187958,14.90458,8.104664
,4104.67,4170.56,4092.38,4170.54,4170.54,321303766,466965600575,1.103284,1.109393,18.033851,28.765739,,-0.665259,28.459813,5.833622,9.732359,1.958379
,4213.89,4260.47,4197.02,4260.04,4260.04,415362654,564646323685,2.123303,2.146005,18.347076,28.463313,,0.313225,28.205979,4.096583,6.658028,-3.634226
,4277.45,4304.78,4204.83,4295.8,4295.8,458676715,658308062760,0.835925,0.839429,17.579269,28.481508,,-0.767807,29.161053,1.952735,3.977074,-10.027804
,4316.96,4332.17,4212.61,4262.14,4262.14,439699902,650419151486,-0.786642,-0.783556,18.447619,28.562054,,0.86835,29.554387,5.73126,6.72003,-6.384209
,4249.38,4351.69,4231.2,4344.42,4344.42,348190170,509354291196,1.912088,1.930486,18.444779,28.232593,,-0.00284,30.401349,5.632456,7.665332,-10.076187
,4394.05,4432.02,4361.59,4421.07,4421.07,434153036,598518139930,1.748949,1.764332,18.62874,28.343117,,0.18396,30.137646,2.255493,7.121956,-18.808834
,4432.13,4474.35,4385.91,4438.18,4438.18,434432126,602127441917,0.386263,0.38701,17.98174,28.212112,,-0.646999,30.332205,3.996849,6.123385,-12.987571
,4439.31,4476,4379.61,4380.51,4380.51,472154131,596822875636,-1.307923,-1.299407,19.501456,28.416518,6.520282,1.519716,29.850706,7.883189,7.05633,-6.457946
,4355.49,4513.77,4335.63,4513.55,4513.55,422603748,564722844124,2.991883,3.037089,20.319365,28.879911,6.520282,0.817909,29.057421,4.91409,2.276295,-6.91915
,4578.68,4630.27,4553.9,4596.14,4596.14,552802663,733953610122,1.813284,1.829824,20.286965,28.579866,,-0.0324,28.552952,2.290723,-0.457952,-11.127081
,4615.03,4671.17,4492.6,4521.92,4521.92,686439075,939264904128,-1.628014,-1.614833,22.077508,28.864403,5.789896,1.790543,30.264397,6.125924,4.524641,-13.098704
,4520.46,4620.06,4504.56,4619.16,4619.16,490314991,685365027867,2.127619,2.150414,22.161644,23.221871,5.789896,0.084137,29.448565,2.621659,2.8967,-14.457873
,4637.06,4740.93,4632.59,4739.81,4739.81,516213792,769924803864,2.578418,2.611947,22.88815,23.558435,5.789896,0.726506,28.711001,0.72566,2.112013,-13.252734
,4764.48,4782.04,4693.97,4740.89,4740.89,497430954,752258236225,0.022783,0.022786,22.23807,22.176913,,-0.65008,29.700871,0.189658,4.343135,-13.056318
,4682.63,4730.43,4618.32,4702.64,4702.64,480152936,721273097490,-0.810083,-0.806811,22.968439,22.334237,5.833707,0.730369,30.947255,1.793443,8.101844,-12.116531
,4753.87,4810.48,4735.31,4807.59,4807.59,513076548,765910402328,2.207187,2.231725,23.408812,22.605999,5.833707,0.440373,30.748735,-4.482681,7.825499,-14.536377
,4811.32,4839.08,4703.57,4741.86,4741.86,608638545,860349875255,-1.376646,-1.367213,23.628684,22.901085,5.542428,0.219872,30.171967,-4.057063,8.865162,-10.931991
,4722.9,4797.93,4695.79,4774.33,4774.33,395056980,601676350605,0.682419,0.684752,22.815769,22.724656,5.871969,-0.812915,39.926863,-6.584511,1.24227,-13.383275
,4788.41,4818.73,4749.48,4749.89,4749.89,399727444,612511415165,-0.513219,-0.511904,22.989909,22.483246,6.808927,0.17414,39.869323,-4.114978,1.896473,-21.820355
,4757.64,4795.92,4699.4,4787.74,4787.74,377843853,565453373624,0.793702,0.796861,22.847593,22.195933,6.808927,-0.142316,43.125456,-2.05129,5.850053,-22.814325
,4785.19,4785.19,4572.98,4596.84,4596.84,460419626,660020218474,-4.068937,-3.987267,28.459813,23.813065,19.034552,5.61222,40.136669,3.22322,11.592981,-15.6633
,4626.23,4700.91,4511.76,4553.33,4553.33,376073702,586033987365,-0.951028,-0.94652,28.205979,23.257415,17.888713,-0.253834,39.890119,3.56194,12.189245,-17.68107
,4520.82,4546.34,4467.46,4470.09,4470.09,297759203,427189953161,-1.845029,-1.828113,29.161053,23.388857,16.876642,0.955074,38.821544,5.031991,14.767061,-15.802237
,4515.55,4559.06,4445.59,4558.4,4558.4,302407967,452090694881,1.956314,1.975575,29.554387,23.385383,17.499763,0.393335,38.565747,1.287525,13.754475,-17.430533
,4582.09,4690.95,4535.15,4690.53,4690.53,373838420,583260408778,2.85739,2.898605,30.401349,23.663452,17.499763,0.846962,38.214965,-2.490828,13.225167,-17.229593
,4692.12,4748,4660.02,4747.42,4747.42,377053891,607123299939,1.205573,1.212869,30.137646,23.255277,17.499763,-0.263704,38.444261,-0.341822,11.339443,-20.514816
,4746.71,4758,4678.85,4718.44,4718.44,370730424,590479847838,-0.612308,-0.610437,30.332205,23.37075,17.124473,0.194559,38.292733,0.770163,11.794598,-20.813052
,4717.96,4735.28,4670.17,4700.78,4700.78,337725152,513219655550,-0.374978,-0.374276,29.850706,23.306274,18.066036,-0.481499,38.200838,2.938873,12.122099,-18.497399
,4690.75,4690.75,4592.05,4617.47,4617.47,328431166,506695010176,-1.788152,-1.772259,29.057421,23.780349,17.172098,-0.793285,37.14506,6.980929,14.446444,-12.268189
,4582.06,4623.38,4565.06,4575.14,4575.14,269180489,434083129375,-0.920964,-0.916736,28.552952,23.952197,16.44934,-0.50447,38.118674,10.85052,13.208422,-11.781282
,4577.64,4740,4577.64,4731.22,4731.22,314785952,524232160128,3.35458,3.41148,30.264397,24.663325,17.272105,1.711445,38.875261,9.426781,6.81355,-16.386434
,4751.57,4843.1,4745.21,4754.92,4754.92,363180748,589956272979,0.499677,0.500928,29.448565,24.653506,17.272105,-0.815831,39.072913,8.590121,7.764556,-15.419625
,4768.69,4841.62,4746.03,4840.98,4840.98,305054537,505346105539,1.793731,1.809915,28.711001,24.792086,17.272105,-0.737565,41.818894,-0.144083,1.833336,-17.260478
,4895.92,4951.99,4870.6,4951.33,4951.33,455846718,719129953200,2.253905,2.279497,29.700871,24.75901,17.272105,0.98987,46.418902,-2.257003,-6.557784,-19.408143
,4949.11,5099.84,4949.11,5099.5,5099.5,465736590,757085825931,2.948627,2.992529,30.947255,24.928083,18.063651,1.246385,46.625909,-0.458349,-6.34287,-28.747684
,5140.8,5199.29,5063.15,5198.92,5198.92,487949359,802295843467,1.930842,1.949603,30.748735,25.061428,18.063651,-0.19852,46.635508,-0.715199,-6.327905,-29.103453
,5216.17,5226.84,5126.86,5181.43,5181.43,470798730,777826309129,-0.336983,-0.336416,30.171967,25.136008,18.894651,-0.576768,48.090135,-0.73298,-9.61323,-32.027656
,5174.1,5213.18,4831.33,4834.01,4834.01,571829047,873207363731,-6.940473,-6.705099,39.926863,28.794339,33.58887,9.754896,50.472921,6.94028,-10.868027,-29.765229
,4839.53,4924.3,4665.52,4840.83,4840.83,427878859,636008152610,0.140984,0.141084,39.869323,28.804484,34.757314,-0.057541,51.387634,7.743024,-14.40156,-39.060651
,4862.76,5079.32,4835.77,5076.18,5076.18,417503741,637843681462,4.747282,4.86177,43.125456,29.895994,34.757314,3.256133,54.160669,5.323824,-12.649969,-51.173814
,5091.27,5162.56,5047.08,5161.87,5161.87,412973196,658452859697,1.673991,1.68808,40.136669,29.87785,34.702716,-2.988787,55.595873,2.969683,-19.36696,-53.415975
,5176.6,5186.97,5059.5,5143.59,5143.59,414258270,672056532157,-0.354764,-0.354135,39.890119,29.870247,35.334737,-0.246549,56.235513,3.167293,-22.481499,-47.283952
,5156.01,5194.23,4863.46,5181.42,5181.42,482767268,735170669363,0.732787,0.735479,38.821544,29.781195,38.141137,-1.068575,57.889293,2.387029,-28.771939,-43.842295
,5254.9,5288.34,5104.18,5230.55,5230.55,545961196,855224403052,0.943729,0.948196,38.565747,29.766713,38.141137,-0.255798,59.314387,1.979494,-26.858714,-44.063092
,5259.41,5370.61,5202.59,5353.75,5353.75,637313237,949498013951,2.328081,2.355393,38.214965,29.852926,38.141137,-0.350782,57.713071,-2.507574,-30.966686,-46.523742
,5379.47,5380.43,5251.21,5317.46,5317.46,570427263,871431819564,-0.68015,-0.677843,38.444261,29.979777,35.702294,0.229296,60.714802,-4.867715,-37.270234,-45.732116
,5254.3,5374.83,5209.68,5309.11,5309.11,442165676,711509256785,-0.157153,-0.15703,38.292733,29.795828,36.19815,-0.151528,66.968572,-3.259879,-30.905554,-49.061846
,5305.14,5329.29,5248.16,5306.59,5306.59,392338755,660584867997,-0.047477,-0.047466,38.200838,29.779811,36.590943,-0.091895,71.020909,-7.34989,-25.636375,-46.477066
,5329.28,5351.65,5283.09,5335.12,5335.12,430131386,694213173337,0.536193,0.537633,37.14506,29.552042,39.432677,-1.055778,72.043573,-14.023299,-23.641889,-45.073891
,5354.01,5362.45,5207.31,5221.17,5221.17,475745703,766237730233,-2.158986,-2.135847,38.118674,30.035448,39.568609,0.973614,72.090797,-8.700772,-23.877551,-44.1507
,5165.02,5204.3,5015.26,5064.82,5064.82,411675638,651522532247,-3.040292,-2.99454,38.875261,30.846905,37.607459,0.756587,72.307821,-3.714674,-24.436896,-41.419741
,5072.31,5158.37,4949.29,5138.83,5138.83,397124187,589868366440,1.450683,1.461256,39.072913,30.743812,37.607459,0.197652,72.013336,-8.787665,-25.119128,-44.863755
,5107.69,5121.22,4926.43,4930.55,4930.55,364395814,555646755662,-4.137488,-4.053063,41.818894,32.129828,37.442096,2.745981,73.28728,-12.845446,-17.198083,-44.73404
,4847.06,4910.45,4634.69,4637.05,4637.05,358104744,519609575034,-6.137216,-5.952683,46.418902,34.707588,40.998469,4.600007,70.642031,-10.100779,-10.841669,-33.735681
,4641.42,4786.96,4455.33,4786.09,4786.09,365087944,536984113004,3.163541,3.214112,46.625909,35.20986,40.998469,0.207007,69.340127,-6.765447,-13.875505,-39.106682
,4811.59,4883.73,4744.31,4880.13,4880.13,434638723,615374085939,1.945806,1.964861,46.635508,35.364717,40.998469,0.009599,68.670402,-13.754254,-16.033971,-40.612617
,4906.24,4919.26,4667.22,4706.52,4706.52,446135982,640246401379,-3.622308,-3.557487,48.090135,35.876154,39.667152,1.454627,68.623115,-13.601249,-10.183923,-35.252943
,4573.87,4650.19,4278.68,4336.19,4336.19,446639790,612959478689,-8.19527,-7.868446,50.472921,39.765152,43.694295,2.382786,62.603987,-10.963632,-3.757518,-26.131574
,4446.84,4451.17,4000.93,4191.55,4191.55,525662482,704014548847,-3.392549,-3.335647,51.387634,40.24942,41.532381,0.914713,69.144122,-4.71413,-9.315269,-25.041438
,4161.07,4475.77,4016.01,4473,4473,527045280,716045824698,6.498873,6.7147,54.160669,42.378313,41.532381,2.773035,64.099439,-12.992893,-16.014409,-30.869267
,4408.98,4526.13,4235.7,4253.02,4253.02,431721411,623330596858,-5.043001,-4.917952,55.595873,43.631978,40.796741,1.435204,63.452502,-14.933592,-7.889321,-27.454365
,4287.73,4312.19,4000.06,4108,4108,457062194,593506685518,-3.469303,-3.409812,56.235513,43.991298,38.459125,0.63964,63.154994,-5.256762,-7.388816,-23.651456
,4017.2,4164.63,3785.9,3885.92,3885.92,429300850,538216869728,-5.557653,-5.406037,57.889293,45.364721,38.094229,1.65378,60.107945,5.522593,-1.797359,-20.084027
,4218.27,4218.27,3832.47,3998.54,3998.54,648094530,779558044352,2.856953,2.898155,59.314387,45.764986,38.094229,1.425094,59.125848,5.196319,-4.326294,-22.185703
,3877.85,3960.64,3743.62,3928,3928,679385007,795962644454,-1.77989,-1.764144,57.713071,45.694893,37.329121,-1.601316,59.917793,4.581562,0.511926,-17.527516
,3651.06,3762.62,3612.25,3663.04,3663.04,581467097,640122398881,-6.983699,-6.745418,60.714802,47.595343,38.041627,3.00173,54.601781,7.965624,5.415975,-9.228667
,3621.68,3930.26,3537.83,3897.63,3897.63,503870610,564744043358,6.207527,6.404243,66.968572,49.421038,35.517187,6.25377,49.988072,2.526547,-1.702096,-12.266423
,3916.27,4179.11,3887.55,4106.56,4106.56,500701802,629079512954,5.221702,5.360437,71.020909,50.602668,31.055584,4.052338,46.610919,1.088402,-4.983124,-17.565018
,4132.23,4278.16,4072.43,4211.81,4211.81,502092186,659251724205,2.530679,2.562972,72.043573,50.490712,31.055584,1.022664,48.573976,-1.223079,-3.072744,-21.232161
,4178.63,4258.51,4062.5,4112.15,4112.15,454422009,597521262486,-2.394648,-2.366204,72.090797,50.540628,30.672012,0.047224,47.86769,1.301274,-1.112152,-16.495873
,4068.88,4114.24,3899.51,3966.76,3966.76,421956367,514064532339,-3.599637,-3.53562,72.307821,50.940925,30.173825,0.217024,46.260223,4.688251,1.236911,-11.549946
,3949.64,4067.02,3856.32,3997.36,3997.36,330531345,410050894560,0.76845,0.77141,72.013336,50.749376,30.173825,-0.294485,46.467531,6.147541,1.934948,-12.315284
,4023.76,4190.19,4000.23,4151.5,4151.5,331107131,435597103716,3.783557,3.856045,73.28728,51.094265,31.580927,1.273944,44.378985,0.595118,-1.895731,-14.874958
,4157.06,4221.69,4106.39,4160.61,4160.61,352673472,483493894661,0.219198,0.219439,70.642031,51.099851,32.119897,-2.64525,44.370196,-8.574379,-2.00869,-18.057094
,4109.76,4201.48,4081.7,4166.01,4166.01,318374945,431695843789,0.129705,0.129789,69.340127,51.089606,32.119897,-1.301903,49.645144,-8.904351,-8.529309,-16.721165
,4148.56,4187.43,4094.71,4157.16,4157.16,318945997,441832505196,-0.212659,-0.212433,68.670402,50.842324,36.481933,-0.669726,50.150262,-5.609604,-6.741577,-15.191927
,4158.93,4262.06,4148.82,4250.81,4250.81,354471759,483972220006,2.22774,2.25274,68.623115,51.035079,38.391054,-0.047287,50.211804,-10.806142,-12.230503,-16.91635
,4255.2,4299.65,4154.62,4176.28,4176.28,392045373,535901647230,-1.768865,-1.753313,62.603987,51.104905,32.053439,-6.019128,52.126529,-9.003472,-15.139684,-15.046679
,4097.8,4156.31,3817.17,3818.73,3818.73,365054511,477952010794,-8.950299,-8.561447,69.144122,54.144237,42.393542,6.540135,52.555372,0.274844,-15.343822,-8.006017
,3690.97,3883.45,3627.42,3811.09,3811.09,383527216,482654543336,-0.200267,-0.200067,64.099439,54.091781,44.091732,-5.044683,57.456661,3.533441,-22.509437,-7.568013
,3839.96,3934,3769.19,3930.38,3930.38,276972845,372287868068,3.082088,3.130076,63.452502,53.994132,45.813011,-0.646936,55.333046,-1.628296,-26.159695,-10.62831
,3915.78,3968.53,3802.88,3815.41,3815.41,271548665,376351170573,-2.968798,-2.925162,63.154994,54.261947,45.888694,-0.297509,60.334521,0.429959,-17.413637,-9.317743
,3777.15,3863.62,3757.99,3816.7,3816.7,222376767,299312543754,0.033805,0.03381,60.107945,54.169202,47.034893,-3.047049,62.893762,2.336828,-13.272997,-9.653214
,3766.07,3829.24,3742.58,3829.24,3829.24,245805030,309631297700,0.328018,0.328556,59.125848,53.986696,47.034893,-0.982097,62.991893,6.44987,-12.878084,-5.383599
,3827.37,3948.45,3801.03,3948.16,3948.16,220236556,288756503266,3.05833,3.105577,59.917793,54.038286,49.455957,0.791945,61.505303,2.957484,-16.068982,-6.330461
,3937.62,3962.28,3858.66,3866.9,3866.9,200484269,272693513971,-2.07965,-2.058174,54.601781,54.070086,43.962909,-5.316012,61.393969,3.78656,-13.877856,-1.919835
,3802.93,3888.69,3793.24,3831.85,3831.85,147278694,195532363765,-0.910544,-0.906411,49.988072,54.079909,42.286528,-4.613709,62.1905,6.163591,-16.454196,0.221579
,3866.43,3926.65,3857.91,3906.94,3906.94,183349153,246546119056,1.940674,1.959628,46.610919,54.282615,42.286528,-3.377153,62.576975,4.175794,-15.857568,-1.904406
,3947.47,4101.73,3932.84,4084.36,4084.36,306780540,401702020648,4.441059,4.54115,48.573976,55.05296,42.286528,1.963057,60.393766,-0.159025,-18.359258,-6.334769
,4083.59,4110.13,4042,4066.67,4066.67,322034191,416996541243,-0.434056,-0.433116,47.86769,55.034934,43.781579,-0.706287,60.375614,-6.115883,-19.160996,-6.905575
,4025.67,4078.03,4015.35,4016.13,4016.13,255146196,339799364935,-1.250573,-1.242786,46.260223,54.573118,43.427914,-1.607467,60.407565,-3.290238,-18.219756,-6.956608
,4010.01,4075.7,3967.82,4075.46,4075.46,242836979,319887602964,1.466487,1.477293,46.467531,54.66748,43.427914,0.207307,59.847344,-8.01791,-21.679575,-7.946686
,4097.92,4113.16,4056.73,4073.54,4073.54,253392996,340076813259,-0.047122,-0.047111,44.378985,54.502458,42.204342,-2.088545,60.584025,-12.648834,-25.640226,-8.052173
,4058.11,4081.77,4009.99,4077.87,4077.87,256939638,336830563044,0.106239,0.106296,44.370196,54.251839,42.204342,-0.008789,64.268181,-21.909511,-20.885322,-9.304
,4084.31,4103.05,3816.55,3825.41,3825.41,319881070,424924184411,-6.390914,-6.190977,49.645144,55.213782,45.483801,5.274948,61.299177,-22.884478,-16.701868,-1.327322
,3748.27,3898.74,3668.19,3886.14,3886.14,269049839,340923470856,1.575073,1.587542,50.150262,55.152236,46.534408,0.505119,60.837898,-25.027721,-17.837069,-2.918025
,3848.4,3880.82,3761.45,3761.45,3761.45,212167965,270576698834,-3.261186,-3.208582,50.211804,55.443524,44.296454,0.061542,60.843325,-15.989276,-12.838517,-0.215841
,3714.29,3757.78,3578.17,3589.54,3589.54,217986403,267498426435,-4.678046,-4.570312,52.126529,54.512969,45.151983,1.914725,59.140786,-7.136786,-7.234371,4.476858
,3454.6,3468.15,3266.55,3275.53,3275.53,255436652,273124228208,-9.154437,-8.747918,52.555372,57.305999,45.853969,0.428843,49.910421,2.740582,-0.382348,14.367016
,3070.01,3200.11,3019.56,3042.93,3042.93,276081306,281160333742,-7.365882,-7.101141,57.456661,57.806998,48.177735,4.901288,41.697177,9.973896,7.654578,21.144648
,3062.57,3192.93,2952.01,3025.69,3025.69,308270623,312188248685,-0.56817,-0.566559,55.333046,57.570524,47.86497,-2.123615,42.184659,10.653542,6.594651,16.177552
,3092.81,3206.72,3028.4,3205.64,3205.64,267294930,278769983405,5.777259,5.947404,60.334521,59.163697,50.178121,5.001476,36.96353,1.3894,1.150998,10.664773
,3246.24,3353.24,3223.62,3342.29,3342.29,299498426,318763482694,4.174444,4.262799,62.893762,59.956693,50.178121,2.55924,34.233362,-0.247742,-5.01367,7.196943
,3307.4,3368.28,3205.54,3366.54,3366.54,280250403,306610891136,0.722931,0.72555,62.991893,59.932058,50.178121,0.098132,34.245753,0.968696,-4.981325,10.036221
,3296.53,3370.5,3190.58,3362.08,3362.08,352458528,351387828324,-0.132568,-0.13248,61.505303,59.606286,49.9771,-1.48659,36.004151,-0.134531,-1.97046,10.900933
,3220.85,3387.02,3213.64,3365.83,3365.83,347789412,348986389305,0.111476,0.111538,61.393969,59.633761,52.182655,-0.111335,36.34913,-0.55534,-0.766785,8.858306
,3347.29,3422.22,3240.24,3250.49,3250.49,204224431,221756790269,-3.486884,-3.426792,62.1905,59.879391,50.888997,0.796532,35.646129,0.938212,5.889869,12.61728
,3221.79,3340.22,3170.81,3334.02,3334.02,154599631,168294750030,2.537303,2.569766,62.576975,60.254532,50.888997,0.386475,34.65873,-5.606864,3.275673,8.312915
,3344.82,3426.65,3330.29,3399.31,3399.31,220467421,258815794996,1.939369,1.958297,60.393766,60.453205,50.888997,-2.183209,34.286471,-2.685089,0.199841,6.72952
,3349.28,3398.32,3337.31,3357.56,3357.56,144882971,168108269695,-1.235795,-1.22819,60.375614,60.390956,49.868664,-0.018152,34.908408,-3.656754,3.777276,7.610997
,3349.88,3383.13,3315.48,3347.19,3347.19,108547508,130262410873,-0.309333,-0.308855,60.407565,60.204914,51.087034,0.031951,35.089245,-2.90755,5.432899,7.504904
,3367.64,3373.92,3187.57,3281.13,3281.13,205457251,226168550065,-1.993331,-1.973596,59.847344,60.095425,49.093226,-0.560221,34.081179,0.823147,7.429343,12.319973
,3208.74,3240.08,3131.98,3152.23,3152.23,143555641,145989213753,-4.007774,-3.928525,60.584025,60.064755,46.519159,0.736681,29.977585,5.757021,12.661,15.870531
,3149.16,3345.92,3131.37,3309.25,3309.25,159709994,168269840344,4.861144,4.981236,64.268181,60.077172,46.519159,3.684157,28.150749,-1.406537,4.836918,10.766834
,3287.66,3354.91,3237,3237,3237,169401881,190270181393,-2.20746,-2.183274,61.299177,59.661401,44.573168,-2.969004,26.903796,1.471968,8.510012,14.86783
,3254.44,3280.88,3227.83,3251.27,3251.27,106903481,121752531747,0.439871,0.44084,60.837898,59.460842,44.573168,-0.461279,27.089352,-0.596002,9.386719,14.747478
,3222.6,3312.55,3211.93,3308.25,3308.25,122788668,145323018237,1.737366,1.752546,60.843325,59.341274,46.747634,0.005426,26.674192,-1.999761,8.15267,15.579069
,3312.37,3371.41,3303.18,3339.03,3339.03,146221985,172492862561,0.9261,0.930401,59.140786,57.254212,48.583645,-1.702539,26.622251,-4.916085,7.327376,14.931167
,3290.07,3315.94,3253.33,3263.03,3263.03,123171439,136885975737,-2.302413,-2.27611,49.910421,57.056982,34.636545,-9.230365,26.132017,-1.858395,7.720153,16.966246
,3278.9,3300.86,3255.9,3285,3285,102011238,120820642496,0.671044,0.673301,41.697177,55.261489,21.746915,-8.213244,26.11459,0.348858,7.286846,15.334148
,3272.67,3290.86,3201.91,3231.95,3231.95,121419278,137602168790,-1.628098,-1.614916,42.184659,54.5042,20.537877,0.487482,25.081279,3.292106,8.936734,17.191784
,3226.61,3246.55,3186.51,3242.75,3242.75,74219468,88007466971,0.333606,0.334164,36.96353,54.162811,20.537877,-5.221129,26.17332,6.128271,6.944896,13.935091
,3197.22,3208.42,3159.04,3178.85,3178.85,87150633,96691510035,-1.990224,-1.97055,34.233362,53.195006,19.366269,-2.730169,24.824787,8.041602,8.633454,16.839668
,3195.9,3223.91,3186.77,3202.95,3202.95,78559349,95881598729,0.755276,0.758136,34.245753,52.829527,19.366269,0.012391,28.901134,6.149862,12.47581,16.172341
,3324.98,3337.33,3294.6,3296.48,3296.48,132081768,164120601354,2.878297,2.920121,36.004151,53.159963,17.576525,1.758398,28.228096,5.613205,11.70898,12.382106
,3302.36,3352.38,3293.97,3340.12,3340.12,124352500,144731343186,1.31515,1.323836,36.34913,51.389312,17.576525,0.344979,28.800868,5.644345,12.724807,3.787981
,3351.14,3486.63,3347.25,3447.69,3447.69,221400468,263706468495,3.169771,3.220543,35.646129,50.145232,16.685194,-0.703001,27.323129,2.477686,10.785907,0.897722
,3422.48,3452.05,3413.97,3445.04,3445.04,145433786,174978937957,-0.076893,-0.076863,34.65873,48.855487,18.515221,-0.987399,27.358246,3.778462,10.677488,2.713754
,3431.14,3458.7,3403.23,3406.11,3406.11,152173938,174599255680,-1.136464,-1.13003,34.286471,48.527239,17.726069,-0.372259,26.725019,1.951988,11.824647,-3.335289
,3403.39,3486.81,3402.32,3486.81,3486.81,171158299,201881880361,2.34164,2.369272,34.908408,48.647106,18.609364,0.621938,26.456581,1.075982,8.478145,-3.658213
,3508.52,3537.54,3487.1,3534.07,3534.07,208964709,252211491386,1.34629,1.355394,35.089245,48.257782,17.69148,0.180836,26.898077,1.046269,5.830249,-10.166153
,3548.95,3572.99,3502.5,3534.18,3534.18,207606744,254890985147,0.003113,0.003113,34.081179,48.218162,19.101822,-1.008066,26.883234,1.546475,6.303545,-9.443313
,3527.88,3577.8,3510.44,3577.7,3577.7,179025108,226525577194,1.223883,1.231403,29.977585,47.595074,13.355446,-4.103594,26.709587,0.423397,4.927054,-12.545276
,3580.84,3601.24,3417.41,3473.25,3473.25,282076050,326886985805,-2.962938,-2.919473,28.150749,47.907439,14.8259,-1.826836,24.501115,1.476699,6.744403,-7.522194
,3453.2,3530.77,3442.31,3524.53,3524.53,184305580,223583606540,1.465634,1.476427,26.903796,48.036789,15.870694,-1.246953,24.578086,0.248801,6.864534,-12.232123
,3536.84,3581.84,3515.82,3571.24,3571.24,198294478,247059685203,1.316578,1.325283,27.089352,48.147873,15.870694,0.185556,24.33203,-1.045986,5.532326,-13.164667
,3614.7,3620.76,3561.19,3589.26,3589.26,204248863,270489759134,0.503318,0.504587,26.674192,47.897401,15.870694,-0.415159,24.492423,-3.207535,4.470006,-10.759622
,3569.45,3601.05,3486.1,3592.88,3592.88,192056140,239042538536,0.100806,0.100856,26.622251,47.802662,15.870694,-0.051941,24.500055,-3.610007,4.383853,-12.384177
,3575.8,3598.17,3517.21,3524.92,3524.92,170977098,213303023833,-1.909637,-1.891519,26.132017,44.385456,15.291444,-0.490235,23.217301,2.897262,7.02921,-13.448993
,3539.98,3561.81,3507.97,3533.31,3533.31,127010446,161051885808,0.237737,0.23802,26.11459,44.391716,15.291444,-0.017427,23.454876,4.770992,6.203224,-12.650046
,3530.22,3574.47,3497.57,3534.08,3534.08,139141914,183317149529,0.02179,0.021793,25.081279,43.887233,17.0961,-1.03331,31.332708,7.08018,0.646167,-12.17747
,3489.23,3543.45,3474.71,3475.96,3475.96,130002568,167455101934,-1.658231,-1.644558,26.17332,43.612492,15.293756,1.092041,30.693597,9.969281,2.568879,-16.728766
,3484.72,3501.7,3452.62,3465.49,3465.49,101401876,132231502584,-0.301666,-0.301212,24.824787,43.611698,17.060013,-1.348532,30.714861,10.085636,3.577159,-16.773217
,3477.16,3628.54,3477.16,3628.54,3628.54,205423865,266955889953,4.597633,4.704962,28.901134,44.680826,17.060013,4.076347,28.9058,5.498699,2.541736,-24.019294
,3630.78,3781.41,3627.3,3705.97,3705.97,398046568,495138171518,2.111467,2.133916,28.228096,44.437358,17.060013,-0.673039,28.051951,2.38237,1.162412,-22.946617
,3698.34,3801.71,3694.66,3793.37,3793.37,298753076,389779446699,2.330977,2.358357,28.800868,44.519702,17.060013,0.572773,27.546948,-1.250214,-3.099716,-26.818207
,3796.38,3891.77,3796.38,3840.35,3840.35,356804823,463161707601,1.23087,1.238477,27.323129,44.5555,17.060013,-1.477739,27.114031,-2.004675,-4.058496,-25.992502
,3806.67,3876.49,3798.82,3833.24,3833.24,286519603,380910629424,-0.185311,-0.185139,27.358246,44.373397,16.665028,0.035117,27.67591,-1.971972,-5.640247,-26.236635
,3828.45,3843.11,3781.41,3833.65,3833.65,232234296,307008336072,0.010695,0.010696,26.725019,43.383865,18.531289,-0.633227,27.751379,-3.128256,-5.294968,-25.029801
,3841.74,3843.9,3771.27,3795.32,3795.32,217537647,302446791881,-1.004862,-0.99983,26.456581,43.418082,16.775075,-0.268438,27.617018,-0.537629,-4.644424,-24.729987
,3756.2,3793.71,3727.58,3746.24,3746.24,203489891,281961129453,-1.301606,-1.293172,26.898077,43.423908,15.31496,0.441496,27.339651,0.748346,-3.758244,-24.006338
,3682.73,3764.41,3680.07,3764.13,3764.13,161690901,227483711616,0.476409,0.477545,26.883234,43.317078,15.31496,-0.014843,29.293225,-0.287065,-1.412915,-21.46334
,3790.43,3852.77,3750.16,3758.39,3758.39,248533071,365138598381,-0.152608,-0.152492,26.709587,43.31673,15.647977,-0.173647,29.324468,-0.119804,-1.717522,-20.449138
,3760.46,3771.85,3706.31,3715.58,3715.58,185689495,254137953313,-1.145588,-1.139052,24.501115,43.362999,10.779751,-2.208472,29.065698,1.761506,-0.814487,-19.618082
,3725.62,3775.23,3714.67,3774.97,3774.97,154631989,204557606993,1.585765,1.598405,24.578086,41.505127,10.779751,0.076971,29.313597,-0.412509,-0.506716,-21.273295
,3778.88,3793.54,3757.03,3774.38,3774.38,186951689,242295089781,-0.01563,-0.015629,24.33203,41.371484,11.247832,-0.246056,29.339199,-5.932145,-0.171566,-19.076537
,3774.44,3802.85,3743.41,3753.34,3753.34,175626812,234640979610,-0.559002,-0.557443,24.492423,40.842523,10.706622,0.160392,30.633284,-5.108662,2.956392,-19.468216
,3745.76,3754.17,3702.74,3753.89,3753.89,143383283,192495095083,0.014653,0.014654,24.500055,39.663813,10.706622,0.007632,30.632373,-4.416701,3.219938,-18.831461
,3747.76,3781.86,3735.72,3781.61,3781.61,151944941,215125047954,0.735721,0.738434,23.217301,34.703339,9.362956,-1.282753,30.589664,-1.590212,2.216882,-25.89944
,3795.25,3805.84,3756.82,3759.43,3759.43,173525468,239797205559,-0.588249,-0.586523,23.454876,30.93425,8.846164,0.237575,30.730964,-0.269819,1.844078,-24.31302
,3739.1,3742.74,3534.39,3556.99,3556.99,208939358,269758168475,-5.535267,-5.384859,31.332708,33.160389,24.657125,7.877832,22.418301,3.334296,7.608883,-21.200325
,3554.89,3587.97,3455.07,3566.41,3566.41,173201163,220098287801,0.264481,0.264831,30.693597,31.110863,25.826065,-0.639112,25.3063,3.341906,4.421316,-19.63216
,3562.32,3617.31,3536.12,3591.7,3591.7,136536554,176598805608,0.706614,0.709116,30.714861,29.99997,27.003913,0.021264,25.369828,0.86823,4.629055,-16.304807
,3587.76,3725.85,3573.4,3721.95,3721.95,213538865,260938692616,3.56221,3.626416,28.9058,30.797424,27.003913,-1.809061,22.107826,-2.338005,1.154794,-19.634928
,3709.55,3758.45,3693.14,3749.3,3749.3,197762126,236698987440,0.732143,0.73483,28.051951,30.812448,27.003913,-0.853849,22.212657,-3.424466,-0.489286,-19.213996
,3719.73,3726.12,3667.29,3677.59,3677.59,151199522,196455597757,-1.931151,-1.912624,27.546948,31.115201,25.748136,-0.505003,33.529557,-1.908741,-5.83711,-16.929546
,3681.58,3699.34,3658.58,3687.61,3687.61,113883150,161220059836,0.272091,0.272461,27.114031,30.179376,25.748136,-0.432917,33.531222,0.640906,-5.829689,-17.11053
,3668.84,3668.84,3619.44,3623.02,3623.02,125781083,163317229186,-1.767062,-1.751541,27.67591,30.050746,25.148007,0.56188,33.793518,1.950752,-2.323488,-16.500841
,3613.42,3655.16,3611.49,3635.94,3635.94,113325422,154319992100,0.355974,0.356609,27.751379,29.819784,25.148007,0.075469,42.001919,1.352225,-9.864969,-18.788163
,3634.37,3678.32,3615.99,3623.08,3623.08,120215625,168622188283,-0.354318,-0.353691,27.617018,29.70409,25.641488,-0.134362,42.940201,3.600078,-7.491934,-18.263736
,3605.37,3630.74,3578.15,3608.06,3608.06,110322481,145248640244,-0.415426,-0.414564,27.339651,29.711539,26.056389,-0.277367,46.182648,4.335024,-12.238158,-16.289757
,3573.88,3712.5,3571,3711.32,3711.32,151769119,203291513291,2.821738,2.861926,29.293225,29.883395,26.056389,1.953574,44.691072,4.082243,-14.333944,-18.815425
,3707.73,3717.36,3679.23,3694.39,3694.39,126481710,186795461663,-0.457216,-0.456172,29.324468,28.603847,25.741313,0.031243,44.865907,4.817656,-15.754807,-17.863465
,3703.95,3713.09,3677.45,3685.44,3685.44,111342723,160118243242,-0.242553,-0.242259,29.065698,26.966236,26.264141,-0.25877,45.968045,4.792875,-13.45211,-16.521167
,3712.78,3768.84,3709.85,3755.89,3755.89,177924075,242543823434,1.893535,1.911576,29.313597,26.724436,26.264141,0.2479,45.781368,1.938286,-18.589941,-16.897558
,3754.96,3810.22,3750.93,3767.91,3767.91,173465980,232281458171,0.31952,0.320031,29.339199,26.72188,26.982232,0.025601,45.805279,1.848304,-18.525427,-14.80378
,3762.1,3877.82,3759.99,3865.96,3865.96,217435275,289905289214,2.568956,2.602238,30.633284,26.973304,28.439334,1.294086,46.163225,-3.643739,-18.18602,-18.103215
,3872.1,3880.47,3841.59,3876.73,3876.73,180303661,243797366698,0.278198,0.278585,30.632373,26.937588,28.439334,-0.000911,45.991243,-3.007584,-19.987968,-18.06262
,3877.87,3926.69,3862.96,3866.38,3866.38,207017147,294710770246,-0.267335,-0.266978,30.589664,26.432478,27.282694,-0.04271,46.42159,-2.6523,-22.695086,-19.485588
,3858.13,3867.68,3787.08,3829.4,3829.4,147181397,203683543579,-0.961054,-0.95645,30.730964,26.541483,27.053453,0.1413,47.057994,-2.603184,-20.697348,-18.023881
,3832.08,3848.02,3813.2,3838.2,3838.2,119624013,163314511431,0.229537,0.229801,22.418301,26.24981,10.89815,-8.312663,47.161646,-10.111696,-20.43252,-19.13571
,3847.53,3853.39,3727.63,3727.63,3727.63,153988440,210026020459,-2.923086,-2.880777,25.3063,27.060825,15.17205,2.887999,50.260059,-6.909099,-23.718961,-17.30127
,3723.05,3762.05,3710.48,3761.87,3761.87,101885555,140405054699,0.914353,0.918546,25.369828,26.694153,15.17205,0.063529,49.758089,-6.084312,-24.97943,-15.669076
,3762.91,3765.66,3726.28,3765.18,3765.18,105629955,155744099319,0.087949,0.087988,22.107826,26.678505,15.17205,-3.262002,49.730996,-13.357768,-27.715825,-15.700765
,3760.9,3772.62,3727.32,3731,3731,101873556,145043696235,-0.911937,-0.907792,22.212657,26.222395,14.317781,0.10483,52.307356,-10.427114,-23.619743,-14.670815
,3725.86,3726.24,3468.95,3469.07,3469.07,115370674,145968206095,-7.278975,-7.02037,33.529557,30.272452,34.606885,11.3169,47.145957,-8.30979,-17.881381,-6.0783
,3382.18,3518.22,3377.28,3478.78,3478.78,162116984,196017085879,0.279511,0.279902,33.531222,29.577096,34.606885,0.001666,48.144084,-7.863348,-16.104317,-6.571242
,3482.41,3543.74,3468.47,3539.81,3539.81,145966144,160947198402,1.73914,1.754351,33.793518,29.786425,36.68528,0.262296,47.23076,-11.480567,-18.272901,-9.802332
,3481.15,3481.15,3284.74,3294.38,3294.38,44102641,47130795628,-7.185507,-6.933423,42.001919,33.196006,44.732144,8.208401,41.502236,-2.234917,-9.869864,-3.353652
,3371.87,3418.85,3237.93,3361.56,3361.56,185959451,203498868289,2.018717,2.03923,42.940201,33.10287,46.308291,0.938282,40.427748,-7.497928,-12.59363,-3.989206
,3303.12,3342.48,3192.45,3192.45,3192.45,174638387,184464050180,-5.16165,-5.0307,46.182648,34.575275,47.048744,3.242447,36.716435,-1.952244,-8.009935,0.811123
,3214.82,3242.25,3174.55,3215.71,3215.71,128225796,142048909710,0.725953,0.728594,44.691072,34.622385,47.048744,-1.491576,38.508459,0.230166,-5.716482,1.410225
,3240.48,3257.3,3155.88,3155.88,3155.88,120666494,130886082444,-1.878079,-1.860553,44.865907,34.677393,45.370875,0.174834,38.232969,0.584496,-2.976808,3.730389
,3076.64,3226.66,3072.04,3221.57,3221.57,134537671,144771580596,2.060144,2.081511,45.968045,34.501133,45.269643,1.102138,37.331828,-4.450101,-5.351485,1.559678
,3200.89,3216.8,3101.05,3118.73,3118.73,124601779,131882737252,-3.244295,-3.192232,45.781368,34.921142,42.347816,-0.186677,35.636758,-0.169122,-2.176638,3.457628
,3068.23,3165.62,3066.73,3130.73,3130.73,101128386,109458287764,0.384034,0.384772,45.805279,34.799807,42.347816,0.023911,36.526235,-0.05879,-0.379545,3.37823
,3132.7,3227.91,3119.22,3223.12,3223.12,127653893,142907686296,2.908363,2.951069,46.163225,35.357725,42.347816,0.357946,34.95922,-9.17668,-4.238588,-1.314479
,3204.22,3225.95,3154.43,3174.38,3174.38,130650504,143313337192,-1.52375,-1.512199,45.991243,35.459353,40.923131,-0.171982,34.728532,-7.999047,-2.063432,-0.435045
,3136.38,3202.54,3081.35,3081.35,3081.35,111189733,121856195433,-2.974453,-2.930651,46.42159,35.743818,37.747367,0.430347,40.048467,-7.673039,-5.421237,2.990832
,3114.9,3132.17,3053.96,3113.46,3113.46,89951087,96885673842,1.036684,1.042076,47.057994,35.825323,37.336905,0.636405,40.032017,-5.525578,-5.45975,1.547958
,3129.03,3149.33,3105.1,3128.89,3128.89,81540061,85777891364,0.494366,0.49559,47.161646,35.851511,37.336905,0.103652,40.625058,-7.560557,-8.376687,1.59387
,3099.6,3106.53,2934.65,2940.51,2940.51,126933921,127250652518,-6.209527,-6.020665,50.260059,37.800929,39.250841,3.098413,35.071296,0.705546,-0.334515,7.386066
,2953.18,2963.54,2839.29,2930.35,2930.35,132229366,126997670778,-0.346117,-0.345518,49.758089,37.801154,41.394021,-0.501971,37.861028,0.622218,4.045569,7.563369
,2909.33,2941.89,2841.84,2853.76,2853.76,99222756,95663874927,-2.648445,-2.613681,49.730996,36.709119,39.57389,-0.027093,36.334309,4.488192,6.926102,10.090559
,2855.6,2965.31,2854.37,2946.09,2946.09,113304259,109462356680,3.184144,3.235381,52.307356,37.086496,39.001402,2.576359,34.917995,0.598999,4.895033,8.689427
,2939.04,2944.52,2869.56,2901.05,2901.05,86795342,82931453498,-1.540613,-1.528806,47.145957,36.723604,35.3191,-5.161399,34.274879,1.561655,6.788944,10.102996
,2901.53,2972.43,2901.51,2961.33,2961.33,88601963,88740230428,2.056575,2.077868,48.144084,36.92318,35.3191,0.998127,33.673679,2.524487,4.823476,8.185288
,2931.29,2954.71,2909.9,2948.64,2948.64,77389000,74817092259,-0.429444,-0.428524,47.23076,36.919568,36.1622,-0.913324,33.963838,3.815525,4.095547,5.980077
,2960.33,2999.21,2960.21,2984.76,2984.76,91779724,91550346872,1.217529,1.224972,41.502236,37.064671,30.277993,-5.728524,34.552618,2.283463,0.94667,2.673049
,2982.06,2988.36,2962.85,2963.79,2963.79,76850808,77443222334,-0.705049,-0.702569,40.427748,37.049457,30.115871,-1.074487,34.43933,2.919063,1.821828,3.491876
,2888.43,2961.49,2886.02,2946.71,2946.71,72919434,71285049141,-0.577956,-0.576289,36.716435,37.004911,27.49164,-3.711313,34.722686,5.678146,3.958337,4.515222
,2962.19,3042.09,2962.19,3037.04,3037.04,112579643,112300492317,3.019406,3.065453,38.508459,37.623993,27.49164,1.792024,33.09515,1.708059,1.235,1.733304
,3034.09,3065.78,3027.05,3063.32,3063.32,128291607,122279340234,0.861594,0.865316,38.232969,37.704934,28.96989,-0.27549,33.003049,1.497873,0.86815,0.378609
,3079.53,3093.51,3049.84,3053.7,3053.7,124401464,122618612161,-0.314532,-0.314038,37.331828,37.66762,28.669848,-0.901141,33.180946,-4.519853,2.282428,1.353409
,3047.94,3065.97,3032.63,3051.58,3051.58,87338012,90849341804,-0.069448,-0.069424,35.636758,37.460799,28.84718,-1.69507,33.540529,-3.452234,3.86902,1.122275
,3083.93,3128.21,3071.33,3118.87,3118.87,140946968,141684080627,2.181127,2.205087,36.526235,37.814543,28.84718,0.889476,33.73259,-8.055932,4.101192,-1.643184
,3117.2,3119.22,3061.43,3089.36,3089.36,112567391,117476469063,-0.950681,-0.946176,34.95922,37.833722,27.653722,-1.567015,33.641459,-5.272606,4.321393,-0.873237
,3077.61,3109.55,3055.25,3109.55,3109.55,111782650,112918607549,0.651407,0.653533,34.728532,37.880577,29.003469,-0.230688,33.60507,-1.890046,3.988779,-1.012651
,3104.41,3104.44,2905.46,2918.75,2918.75,157829752,153493008194,-6.332258,-6.135936,40.048467,39.766618,36.673261,5.319935,24.423935,4.6743,8.630735,5.611557
,2942.1,2964.39,2902.95,2948.03,2948.03,106949729,102531571946,0.998171,1.003169,40.032017,39.872698,36.673261,-0.01645,24.33453,4.829205,8.133218,3.844049
,2939.58,2939.87,2821.21,2877.47,2877.47,129341020,118440829598,-2.422571,-2.393463,40.625058,38.653827,35.072058,0.593041,22.504793,7.605075,9.673497,6.125181
,2881.34,2950.44,2863.32,2930.69,2930.69,116045918,110491037808,1.832645,1.849541,35.071296,38.893739,28.939201,-5.553762,22.571225,5.863536,6.752206,4.45519
,2933.92,3054.72,2933.12,3051.33,3051.33,175972347,164025161471,4.033967,4.116437,37.861028,39.857333,29.84238,2.789731,19.786208,0.672196,5.264785,0.365401
,3050.39,3078.44,3040.25,3058.42,3058.42,173105744,165509087742,0.232088,0.232358,36.334309,39.065569,31.037867,-1.526719,19.799719,-1.49124,5.088957,0.270688
,3047.54,3101.66,3032.42,3093.89,3093.89,219172534,205520475543,1.153076,1.159749,34.917995,39.123805,31.037867,-1.416313,19.515503,-2.474207,4.053895,2.416358
,3109,3130.9,3083.58,3104.84,3104.84,132462037,127790344488,0.353299,0.353923,34.274879,39.001978,33.178815,-0.643116,19.907511,-1.268952,5.014136,1.778388
,3100.15,3109.25,3001.83,3107.67,3107.67,136235742,128758488144,0.091106,0.091148,33.673679,38.992755,33.178815,-0.601199,19.969147,-1.06399,4.709599,1.894309
,3045.92,3072.92,3020.13,3071.91,3071.91,111466245,106298652785,-1.157373,-1.150701,33.963838,38.913728,32.599292,0.290159,20.311058,0.588128,4.375021,3.751135
,3056.21,3074.16,3012.69,3013.15,3013.15,76072197,78180468559,-1.931347,-1.912816,34.552618,39.037456,30.554987,0.58878,19.036523,3.619221,5.569542,5.351458
,2990.21,3026.44,2982.17,3018.28,3018.28,73333564,74367296548,0.170109,0.170254,34.43933,39.049886,32.156598,-0.113288,19.427894,4.966256,6.782596,5.126596
,3039.57,3106.8,3034,3065.69,3065.69,117108655,123539094703,1.558553,1.570762,34.722686,39.235023,33.82064,0.283356,19.020616,5.821001,4.862721,3.156122
,3061.34,3077.08,3028.58,3074.78,3074.78,98311941,101302845698,0.296069,0.296507,33.09515,38.722626,33.82064,-1.627536,19.405403,4.794453,5.891706,-0.274869
,3068.87,3100.35,3064.52,3090.03,3090.03,124736448,126128854001,0.494745,0.49597,33.003049,38.756676,33.82064,-0.092101,19.399098,4.618501,5.839047,-0.455725
,3096.81,3147.84,3077.57,3124.2,3124.2,121661777,136603715775,1.099745,1.105815,33.180946,38.86232,35.04316,0.177897,19.205413,1.828454,4.628735,-0.250939
,3136.22,3197.67,3130.1,3171.96,3171.96,197302564,210017810346,1.517144,1.528711,33.540529,38.780168,34.780467,0.359583,19.352079,0.811963,1.765245,-2.466842
,3203.29,3267.78,3198.36,3249.44,3249.44,233269464,256836636273,2.413298,2.442654,33.73259,39.154384,34.780467,0.192062,17.334282,-2.483626,-0.343417,-4.37442
,3231.61,3249.68,3218.73,3225.79,3225.79,161020897,194211982989,-0.730479,-0.727818,33.641459,38.722449,35.450584,-0.091131,18.286936,-2.841793,-1.397284,-3.5697
,3217.73,3242.25,3202.98,3236.09,3236.09,125679286,155567074583,0.318793,0.319302,33.60507,38.725135,35.450584,-0.036389,18.334945,-0.61404,-2.360393,-4.092707
,3211.5,3221.91,3181.81,3181.85,3181.85,133131122,162436036415,-1.690302,-1.676097,24.423935,38.829507,10.486887,-9.181136,17.453986,1.132523,-0.218665,-1.516541
,3176.81,3204.44,3174.32,3197.82,3197.82,97395330,115195604431,0.500654,0.501909,24.33453,38.84275,10.486887,-0.089405,17.398192,0.749882,-1.12551,-2.549567
,3206.95,3229.62,3161.88,3169.73,3169.73,103441933,123844044128,-0.882292,-0.878411,22.504793,38.844793,8.2018,-1.829736,17.234431,2.945714,0.29706,-2.963932
,3171.31,3178.07,3122.76,3135.41,3135.41,97294747,113844280553,-1.088646,-1.082742,22.571225,38.499913,7.438228,0.066432,16.824191,3.820929,0.968375,-0.475388
,3161.29,3216.68,3161.29,3216.28,3216.28,117802512,140721774451,2.546547,2.579248,19.786208,38.861311,7.438228,-2.785017,14.000681,-0.217568,-1.746986,-2.514977
,3229.2,3241.93,3208.66,3218.09,3218.09,121552074,147267617416,0.05626,0.056276,19.799719,38.860149,7.438228,0.01351,13.990707,-1.010655,-1.9245,-2.094439
,3213.67,3222.61,3165.86,3221.89,3221.89,118122139,127050098456,0.118013,0.118082,19.515503,38.843859,7.438228,-0.284216,15.496192,0.254495,-0.259501,-2.132202
,3211.3,3271.93,3205.21,3264.49,3264.49,146047772,159296543667,1.31354,1.322205,19.907511,36.091608,7.438228,0.392008,14.682979,-1.420367,-1.700085,-3.436865
,3250.52,3267.64,3236.2,3257.53,3257.53,120196305,137206268587,-0.213431,-0.213203,19.969147,36.083531,9.194794,0.061636,14.695358,0.118118,-1.347786,-1.635076
,3266.29,3270.82,3208.64,3209.29,3209.29,112409467,128273067720,-1.491951,-1.480877,20.311058,35.983938,9.497958,0.34191,16.60082,2.052154,-2.490491,-0.059532
,3189.85,3197.77,3163.3,3185.73,3185.73,101005625,113920716519,-0.736827,-0.734119,19.036523,32.904015,7.929045,-1.274534,17.905641,2.678414,-3.843163,0.970561
,3213.51,3251.57,3213.51,3230.1,3230.1,125212709,142759491340,1.383163,1.392773,19.427894,32.758318,7.929045,0.391371,16.966746,-0.051095,-5.112548,-0.625774
,3227.37,3232.26,3198.9,3218.45,3218.45,92869437,99086557951,-0.361322,-0.36067,19.020616,30.99928,8.11176,-0.407278,17.140845,0.614862,-4.305836,-0.816448
,3237.86,3296.52,3237.86,3261.38,3261.38,195613866,200159601290,1.325054,1.333872,19.405403,31.082292,8.11176,0.384787,16.256513,-2.494537,-5.393402,-1.795952
,3277.1,3286.07,3252.05,3275.83,3275.83,113157327,117989443450,0.442085,0.443064,19.399098,30.838764,8.11176,-0.006305,16.051084,-3.580939,-6.328588,-0.080928
,3279.86,3282.98,3261.73,3272.21,3272.21,99807529,107963982334,-0.110567,-0.110506,19.205413,30.557671,8.660199,-0.193685,16.41138,-3.018946,-5.557753,0.325244
,3252.67,3252.67,3221.66,3228.45,3228.45,97090069,103956150095,-1.346345,-1.337322,19.352079,29.931244,8.594624,0.146666,15.920859,-2.078792,-4.511991,1.485298
,3243.97,3250.73,3221.58,3238.3,3238.3,80871440,90976236261,0.304635,0.3051,17.334282,29.927988,8.594624,-2.017797,15.840693,-1.843149,-5.400958,1.166013
,3244.14,3248.42,3107.37,3181.03,3181.03,162207858,172324694469,-1.784346,-1.768521,18.286936,29.560864,9.6904,0.952653,14.795752,-0.476135,-3.797347,2.514159
,3160.8,3198.56,3150.94,3160.6,3160.6,104752651,110324379038,-0.644316,-0.642245,18.334945,29.424658,9.324829,0.048009,14.89369,-0.000633,-2.641038,2.734835
,3142.56,3175.38,3137.99,3174.9,3174.9,77078492,82442921903,0.451425,0.452446,17.453986,28.77966,8.906082,-0.880959,14.821409,-0.573312,-2.800513,1.955618
,3164.74,3172.27,3137.11,3162.03,3162.03,67519351,74734848036,-0.406191,-0.405367,17.398192,28.720192,8.730985,-0.055794,14.96328,1.615891,-3.163659,2.821585
,3159.77,3181.1,3150.4,3179.16,3179.16,59020734,68871554173,0.540278,0.541741,17.234431,28.723546,9.197618,-0.163761,14.735157,0.948569,-3.845376,1.436555
,3181.93,3188.83,3162.69,3165.92,3165.92,60004147,70620405995,-0.417332,-0.416462,16.824191,25.639694,9.262458,-0.41024,14.76146,1.504768,-3.265391,2.031395
,3169.33,3174.77,3135.64,3160.58,3160.58,69870660,78876767222,-0.168814,-0.168671,14.000681,25.628408,9.218767,-2.82351,14.766346,-0.961074,-3.152398,3.390904
,3153.54,3171.29,3149.4,3156.75,3156.75,58029776,70807704222,-0.121254,-0.12118,13.990707,24.974845,9.178923,-0.009974,14.803285,-2.929318,-2.893769,1.929161
,3159.82,3218.49,3151.4,3213.54,3213.54,98164835,115733867591,1.783012,1.799002,15.496192,24.41086,9.178923,1.505485,18.044163,-4.598552,-1.378036,0.23622
,3203.47,3222.88,3198.29,3209.46,3209.46,90862408,97797134813,-0.127043,-0.126963,14.682979,24.164652,9.085015,-0.813213,18.059567,-4.026118,-1.535664,-0.172452
,3204.17,3217.28,3196.57,3213.92,3213.92,74733681,83946496908,0.138868,0.138964,14.695358,23.842072,9.281068,0.012379,18.071979,-3.927498,-1.467503,-1.161383
,3213.14,3216.89,3130.15,3130.35,3130.35,108680240,119265216104,-2.634656,-2.600251,16.60082,24.48527,12.570058,1.905463,15.496378,-1.785943,1.866604,1.857825
,3115.43,3115.43,3055.01,3065.62,3065.62,99230477,100409213488,-2.089499,-2.06782,17.905641,24.776643,14.012217,1.304821,13.314652,0.963823,3.625079,4.087079
,3055.21,3084.72,3055.18,3069.11,3069.11,68849935,70650764147,0.113778,0.113843,16.966746,24.727612,14.012217,-0.938896,13.339396,0.549462,3.456548,4.216624
,3080.64,3102.88,3063.09,3082.81,3082.81,81794258,87323408342,0.44539,0.446383,17.140845,24.70409,14.470151,0.1741,13.453692,-0.48026,2.599237,3.890489
,3059.38,3095.35,3035.02,3090.14,3090.14,78765726,81418792606,0.237488,0.23777,16.256513,23.933883,14.470151,-0.884332,17.739349,-0.898482,-0.773173,4.555902
,3081.68,3103.1,3064.69,3074.94,3074.94,62629755,65850995649,-0.493101,-0.491887,16.051084,23.893562,13.919428,-0.205429,17.696384,0.106612,0.033816,5.7515
,3064.53,3095.56,3053.66,3095.31,3095.31,59461856,64405200020,0.660267,0.662452,16.41138,23.921153,14.05719,0.360296,18.156184,-0.261705,0.67808,4.67156
,3095.52,3105.2,3073.46,3086.02,3086.02,65278125,75389385458,-0.300583,-0.300131,15.920859,23.929639,14.167859,-0.490521,18.307855,-0.73046,0.279904,4.663961
,3071.53,3072.61,3039.46,3068.04,3068.04,82715369,88458847115,-0.584331,-0.582627,15.840693,23.530067,13.557351,-0.080165,18.244133,-0.287567,1.369955,7.113353
,3060.34,3086.98,3058.15,3062.5,3062.5,60444166,68679060392,-0.180735,-0.180571,14.795752,23.453811,12.904659,-1.044941,18.220369,0.055821,1.62493,10.260669
,3047.78,3078.53,3041.52,3078.22,3078.22,56080842,65124251092,0.511993,0.513306,14.89369,23.438638,13.533179,0.097937,18.1731,-0.511993,0.908724,9.300632
,3078.51,3098.48,3076.5,3087.22,3087.22,59697216,70337514484,0.29195,0.292377,14.821409,19.398488,13.533179,-0.072281,18.400806,-0.666568,1.502637,8.854637
,3083.24,3083.26,3052.59,3063.56,3063.56,58734385,61106015446,-0.769337,-0.766385,14.96328,19.38462,13.456754,0.141871,18.275367,3.401514,1.739602,9.369875
,3079.75,3089.1,3054.87,3059.23,3059.23,56652803,63316562530,-0.141439,-0.141339,14.735157,18.685907,13.098779,-0.228123,18.915699,3.258281,0.584384,9.527066
,3056.6,3072.52,3027.44,3064.21,3064.21,60392981,65985183919,0.162654,0.162786,14.76146,18.335451,13.674593,0.026303,19.531273,3.302656,1.821628,8.521948
,3059.73,3073.76,3052.18,3062.5,3062.5,60468750,59371777079,-0.055821,-0.055806,14.766346,16.373789,13.793687,0.004885,19.577239,4.057929,2.384407,8.728699
,3056.31,3075.26,3037.66,3066.71,3066.71,63098579,63496565009,0.137375,0.137469,14.803285,16.369356,14.203345,0.03694,19.618445,3.58953,2.72383,8.232494
,3068.6,3170.93,3068.6,3169.56,3169.56,138863111,151398175957,3.298745,3.353757,18.044163,17.559736,14.203345,3.240877,15.66527,0.236032,-0.494665,4.304419
,3172.96,3181.79,3159.82,3160.55,3160.55,113148482,131700821152,-0.284671,-0.284267,18.059567,17.559836,14.034642,0.015405,15.635292,0.108783,-0.201117,4.532259
,3158.03,3168.82,3151.07,3167.1,3167.1,86003427,97093625345,0.207028,0.207242,18.071979,17.563176,14.034642,0.012411,16.627038,-3.233167,1.180214,4.346093
,3172.95,3201.75,3162.09,3189.33,3189.33,101491783,136332027087,0.699452,0.701904,15.496378,17.438097,9.885623,-2.5756,16.455236,-3.618731,0.564354,3.773835
,3192.78,3197.22,3168.55,3178.79,3178.79,76693751,101176231366,-0.331024,-0.330477,13.314652,16.95837,3.624221,-2.181726,16.423654,-1.983176,1.188646,4.58078
,3182.44,3186.62,3168.18,3177.05,3177.05,68928314,88711618425,-0.054753,-0.054738,13.339396,16.960048,3.722561,0.024744,16.447871,-2.627182,1.030227,3.844805
,3171.81,3174.97,3148.35,3163.99,3163.99,76291775,97682790861,-0.41192,-0.411073,13.453692,16.707923,3.559081,0.114296,16.507625,-1.709541,0.890151,4.635522
,3134.05,3145.61,3065.77,3066.34,3066.34,92975947,114091320004,-3.134922,-3.086293,17.739349,17.929309,13.303143,4.285657,11.471535,1.499621,4.370623,7.938372
,3058.44,3078.75,3055.66,3075.98,3075.98,66279457,78622305350,0.313888,0.314381,17.696384,17.911618,13.947792,-0.042964,13.381575,0.98152,6.213844,8.313437
,3043.96,3128.67,3042.23,3116.37,3116.37,87393257,106170177872,1.304531,1.313077,18.156184,17.970513,13.947792,0.4598,12.856683,0.562852,5.204918,6.954742
,3104.36,3112.48,3089.48,3094.67,3094.67,82974703,93496238871,-0.698759,-0.696323,18.307855,17.741617,13.885375,0.151671,12.47264,0.729238,5.717385,7.615778
,3096.09,3131.05,3096.09,3110.36,3110.36,85402985,97953389320,0.50572,0.507001,18.244133,17.03094,14.636049,-0.063722,12.487751,-1.073138,5.197016,6.463577
,3114.91,3118.73,3089.71,3112.67,3112.67,63587141,74647802462,0.07424,0.074268,18.220369,16.977999,15.318317,-0.023764,12.717706,0.252518,4.686576,4.704354
,3124.9,3155.49,3097.94,3106.32,3106.32,87965345,107233643632,-0.204213,-0.204005,18.1731,16.962052,14.617395,-0.047269,12.841311,0.96369,4.467149,4.838967
,3100.45,3134.06,3096.99,3133.96,3133.96,66487113,81348715848,0.885863,0.889799,18.400806,16.729866,14.617395,0.227706,12.733027,0.554624,3.253493,3.28839
,3129.72,3129.72,3102.48,3117.32,3117.32,67751738,81732552159,-0.532372,-0.530958,18.275367,16.725111,14.592856,-0.12544,12.499625,1.167247,4.245642,4.571013
,3110.65,3130.54,3033.97,3077.16,3077.16,104792208,118967441702,-1.296656,-1.288286,18.915699,16.835174,14.761005,0.640332,11.862781,2.47278,4.697547,5.692224
,3065.13,3120.64,3064.97,3120.54,3120.54,83267259,104066083791,1.399897,1.409741,19.531273,16.951126,14.761005,0.615574,11.035244,2.661242,3.475158,4.575587
,3107.4,3139.43,3099.7,3136.4,3136.4,92024637,117197791504,0.506958,0.508245,19.577239,16.134001,15.184739,0.045966,11.563318,2.237876,4.158895,4.815229
,3142.48,3158.08,3139.13,3151.39,3151.39,103723668,117958861189,0.476798,0.477936,19.618445,16.167914,15.184739,0.041206,13.133135,2.054345,2.0991,3.86788
,3152.83,3163.72,3148.2,3153.92,3153.92,79692617,100627912925,0.08025,0.080282,15.66527,16.166574,15.184739,-3.953175,13.132936,1.760924,2.108921,2.082219
,3156.93,3170.26,3148.29,3154.2,3154.2,71746283,91215027688,0.008877,0.008878,15.635292,15.920797,15.933982,-0.029978,13.326889,1.20005,1.564328,2.706989
,3136.39,3210.6,3134.02,3204.7,3204.7,133310529,149894780037,1.588358,1.60104,16.627038,16.26971,15.933982,0.991746,12.443664,-0.042759,-0.874093,0.813916
,3199.16,3216.7,3198,3207.38,3207.38,130226895,143899100428,0.083592,0.083627,16.455236,15.981741,15.933982,-0.171802,12.530056,2.030758,-0.573134,1.147295
,3197.62,3217.52,3183.45,3216.8,3216.8,124897458,147232471496,0.293267,0.293698,16.423654,15.918471,16.855513,-0.031582,12.489529,2.033096,-0.726645,1.127664
,3206.55,3220.54,3190.12,3209.95,3209.95,118595202,140488833675,-0.213172,-0.212945,16.447871,15.66715,16.543883,0.024217,12.508902,2.059977,-0.270151,2.58078
,3199.75,3204.93,3183.96,3192.28,3192.28,89734855,111063465417,-0.551997,-0.550476,16.507625,15.690247,16.38111,0.059753,12.351587,2.597324,0.401102,3.517298
,3199.04,3235.96,3197.63,3203.33,3203.33,138529511,155288151673,0.34555,0.346148,11.471535,15.460028,6.375477,-5.036089,12.699922,1.815574,0.958452,2.973461
,3201.91,3273.47,3200.3,3273.18,3273.18,172534217,190853738897,2.15711,2.180543,13.381575,16.071129,6.375477,1.91004,10.322997,-0.765176,-0.49616,0.896319
,3274.02,3300.99,3271.78,3282.87,3282.87,175196090,196592300322,0.295605,0.296042,12.856683,16.080894,6.375477,-0.524893,10.340759,-1.388573,-1.211438,0.697559
,3277.48,3281.95,3259.07,3276.76,3276.76,107525798,128090420917,-0.186291,-0.186118,12.47264,15.838299,6.759438,-0.384043,10.369425,-0.742505,-1.333329,0.034174
,3278.84,3285.03,3265.29,3276.28,3276.28,102665026,125179812929,-0.01465,-0.014649,12.487751,15.827713,6.816632,0.015111,12.435367,-1.572607,0.546382,1.365667
,3269.71,3281.64,3251.77,3262.02,3262.02,110312518,129785706199,-0.4362,-0.43525,12.717706,15.407045,6.311124,0.229954,16.083967,-0.958899,3.949163,1.648498
,3260.43,3264.73,3226.2,3248.23,3248.23,88886861,107108911172,-0.42364,-0.422744,12.841311,15.371661,6.147243,0.123606,16.096694,0.655436,3.924759,2.143277
,3246.86,3254.51,3232.26,3237.6,3237.6,72701255,91367448994,-0.327792,-0.327255,12.733027,15.366739,5.790643,-0.108284,16.033363,-0.599769,4.098506,2.746108
,3238.34,3271.37,3238.3,3252.52,3252.52,86004825,107464072513,0.459777,0.460835,12.499625,15.363605,6.163998,-0.233402,16.083033,-0.969475,3.384631,3.476431
,3251.24,3253.77,3220.89,3225.16,3225.16,86029128,107416887320,-0.844752,-0.841194,11.862781,15.435718,4.033795,-0.636844,15.64764,-0.660438,4.245135,4.317322
,3220.17,3243.79,3218.14,3230.89,3230.89,70203185,92015844035,0.177508,0.177666,11.035244,15.411205,4.033795,-0.827537,16.09028,-1.688009,3.225163,3.763452
,3228.23,3269.75,3228.01,3269.59,3269.59,81051089,103745762758,1.190695,1.197812,11.563318,15.585706,4.033795,0.528074,15.624534,-2.494153,2.185397,2.301134
,3270.08,3276.51,3157.41,3218.24,3218.24,160188665,186928366498,-1.582997,-1.570533,13.133135,15.940769,7.423577,1.569817,14.424142,-0.7714,3.409563,3.71751
,3204.46,3235.78,3195.27,3221.14,3221.14,112779964,137295892753,0.090071,0.090111,13.132936,15.518539,7.423577,-0.000199,14.700723,-0.618148,2.690163,3.512108
,3217.19,3225.42,3198.68,3203.93,3203.93,88044837,103787029748,-0.535715,-0.534283,13.326889,15.555827,7.000295,0.193953,14.508169,0.036823,3.169047,4.728001
,3196.43,3199.98,3156.75,3176.81,3176.81,87003497,98818634361,-0.850063,-0.84646,12.443664,15.649086,6.83566,-0.883224,14.026583,1.789787,4.039972,4.810026
,3173.76,3189.05,3165.54,3189.05,3189.05,62167639,70640763842,0.384552,0.385292,12.530056,14.687674,6.83566,0.086392,14.011899,2.107732,3.782615,5.372867
,3179.68,3197.16,3173.54,3193.51,3193.51,72864102,79754323301,0.139756,0.139854,12.489529,14.007847,6.83566,-0.040527,14.046954,1.548304,4.118779,4.908372
,3190.55,3201.55,3170.42,3201.29,3201.29,73504373,86919591121,0.243323,0.243619,12.508902,14.012165,6.969792,0.019374,14.483238,0.996799,3.084729,4.737172
,3201.35,3224.87,3192.86,3205.11,3205.11,77196366,94429542391,0.119256,0.119327,12.351587,13.990799,7.391283,-0.157316,14.50421,2.742604,3.34427,5.049862
,3199.57,3234.48,3187.25,3234.18,3234.18,86676051,102638114597,0.902901,0.906989,12.699922,14.091964,7.391283,0.348335,14.242029,4.806284,2.609297,3.609496
,3232.6,3257.33,3229.17,3256.98,3256.98,91065259,105924052436,0.702497,0.70497,10.322997,14.098777,7.391283,-2.376925,14.234893,3.655744,2.595754,4.020946
,3255.18,3261.86,3242.75,3243.34,3243.34,90430372,106157448028,-0.419672,-0.418793,10.340759,14.087832,7.013754,0.017762,14.106316,3.921372,2.961262,5.222369
,3239.56,3274.03,3232.61,3233.36,3233.36,101041213,116996159046,-0.308182,-0.307707,10.369425,14.088713,6.855756,0.028667,14.022717,3.975455,3.231722,5.91113
,3231.81,3294.23,3231.14,3294.23,3294.23,116254044,129354686387,1.865061,1.882562,12.435367,14.485753,6.473922,2.065942,12.752513,2.126145,0.720179,4.034991
,3303.47,3417.91,3302.38,3393.42,3393.42,220543421,258897463910,2.966581,3.011022,16.083967,15.601088,6.802445,3.6486,8.582159,-1.6829,-3.931384,1.060246
,3403.38,3418.69,3372.02,3378.25,3378.25,196389740,226785231085,-0.448044,-0.447042,16.096694,15.635491,6.773028,0.012727,8.540113,-1.083926,-3.552941,1.710442
,3377.77,3394.39,3356.92,3373.05,3373.05,138847688,167917530856,-0.154044,-0.153926,16.033363,15.64552,7.144151,-0.063331,8.712042,-1.288712,-4.06361,1.308021
,3369.95,3394.79,3349.69,3364.49,3364.49,142380169,172256533000,-0.254099,-0.253776,16.083033,15.5519,6.992312,0.049669,9.340931,-1.663943,-3.05926,2.25177
,3358.55,3374.04,3341.19,3365.02,3365.02,119961508,135382706293,0.015752,0.015753,15.64764,15.542386,7.31065,-0.435393,9.31976,-1.736526,-3.250458,3.024795
,3364.68,3372.83,3335.47,3336.79,3336.79,107951008,128201783812,-0.842464,-0.838925,16.09028,15.677233,6.989796,0.44264,9.084129,-0.8732,-2.124733,4.050751
,3332.62,3359.65,3324.96,3341.83,3341.83,92924516,108503692377,0.150929,0.151043,15.624534,15.671813,6.989796,-0.465746,9.542308,-0.896934,-1.529063,4.302208
,3341.93,3348.13,3323.73,3329.86,3329.86,81191429,94012832200,-0.35883,-0.358187,14.424142,15.705865,3.86859,-1.200392,9.594256,-0.062184,-1.640783,5.589998
,3314.08,3315.08,3279.81,3308.97,3308.97,100589153,112578140010,-0.62933,-0.627354,14.700723,14.33156,3.741183,0.276581,11.057218,-0.223582,-2.716865,6.609897
,3312.5,3328.95,3301.74,3307.09,3307.09,81530691,93213205560,-0.056831,-0.056815,14.508169,14.314956,4.275816,-0.192555,11.389312,0.212046,-2.026386,7.482608
,3306.57,3315.08,3297.07,3307.78,3307.78,77036333,88011642022,0.020862,0.020864,14.026583,14.312736,3.802013,-0.481586,11.401615,0.359112,-2.351963,6.728433
,3310.32,3325.12,3304.6,3311.99,3311.99,75725987,89513016667,0.127195,0.127276,14.011899,14.253585,3.802013,-0.014684,11.529809,0.920871,-2.062187,7.362606
,3310.57,3333.97,3304.66,3327.79,3327.79,79570805,99215044445,0.47592,0.477055,14.046954,14.254269,3.802013,0.035055,11.416878,0.390787,-2.26447,5.869196
,3326.74,3329.35,3301.21,3301.58,3301.58,84947219,100911462823,-0.790728,-0.78761,14.483238,14.362568,4.121008,0.436284,12.075107,1.143792,-0.233798,4.958341
,3298.72,3320.43,3295.76,3314.11,3314.11,82791803,99396378584,0.378797,0.379515,14.50421,14.342041,4.121008,0.020972,12.077579,0.118514,-0.228074,4.283378
,3321.01,3338.42,3314.63,3319.68,3319.68,78292477,87531089645,0.167928,0.168069,14.242029,12.683933,4.121008,-0.262181,12.075416,-1.734397,-0.594289,4.594189
,3322.02,3347.95,3300.13,3342.63,3342.63,98283998,118366533426,0.688953,0.691332,14.234893,12.730073,4.121008,-0.007136,11.784697,-2.492951,-1.203275,3.743702
,3344.07,3357.36,3337.75,3340.82,3340.82,102940106,115119908617,-0.054164,-0.054149,14.106316,12.501013,4.525861,-0.128577,11.7979,-3.103501,-1.052266,4.474506
,3338.01,3343.4,3328.23,3339.56,3339.56,71916158,83742346850,-0.037722,-0.037715,14.022717,12.389927,4.853965,-0.083599,12.131632,-2.315527,-1.864219,2.063273
,3339.37,3344.95,3318.04,3318.04,3318.04,82657036,95471188732,-0.646481,-0.644396,12.752513,12.464262,4.80112,-1.270204,12.920171,-1.844492,0.099106,2.588244
,3271.87,3276.72,3234.57,3262.6,3262.6,122917682,134456630927,-1.684982,-1.670866,8.582159,12.994594,7.50048,-4.170355,11.306171,0.123751,1.630719,3.504059
,3265.34,3269.22,3246.39,3260.33,3260.33,67180288,76862644231,-0.069601,-0.069576,8.540113,12.985014,7.752716,-0.042046,11.292247,0.939952,1.771459,2.427112
,3245.74,3255,3231.34,3238.73,3238.73,70432697,79780746436,-0.664714,-0.66251,8.712042,12.963143,7.635886,0.171929,10.948254,1.134115,2.711212,3.259329
,3242.74,3264.9,3242.74,3263.12,3263.12,58831082,67678031642,0.750252,0.753073,9.340931,12.98149,7.89761,0.628889,11.378659,-1.321548,3.151059,1.998216
,3264.66,3265.04,3252.39,3257.4,3257.4,52784206,61626150818,-0.175446,-0.175292,9.31976,12.674785,7.703884,-0.021171,11.328247,-0.512455,3.322645,1.573483
,3257.71,3270.9,3254.32,3266.64,3266.64,59142979,68957744044,0.28326,0.283662,9.084129,12.38704,7.878981,-0.235631,11.478765,-1.100429,2.663022,2.177165
,3281.47,3303.2,3277.98,3291.12,3291.12,75753542,89991761655,0.7466,0.749394,9.542308,12.432282,7.878981,0.458179,11.325032,-1.430058,1.644801,1.344563
,3292.28,3293.92,3275.02,3275.67,3275.67,57993986,68046257250,-0.47055,-0.469445,9.594256,12.454796,7.857411,0.051948,11.178712,-0.685871,1.94873,0.970042
,3267.69,3267.69,3220.28,3220.28,3220.28,70452186,78700835132,-1.705412,-1.690952,11.057218,12.972017,9.816448,1.462962,8.987691,2.259485,3.53881,3.12191
,3214.87,3240.78,3214.44,3240.75,3240.75,58460550,66651130361,0.633647,0.635659,11.389312,13.029766,9.935181,0.332094,9.020509,2.010359,3.585341,2.307206
,3243.65,3243.65,3228,3230.89,3230.89,44727498,51996404752,-0.304714,-0.304251,11.401615,12.643977,9.55305,0.012303,9.488029,2.116786,3.122016,2.173739
,3234.86,3257.77,3234.8,3244.39,3244.39,55452556,62220302312,0.416971,0.417842,11.529809,12.670295,9.55305,0.128194,9.860941,1.779783,3.652439,1.63161
,3240.18,3260.94,3239.04,3253.28,3253.28,44978022,52655734553,0.273637,0.274011,11.416878,12.668545,9.55305,-0.112932,10.015238,1.602991,3.054063,1.730864
,3265.36,3294.64,3258.96,3293.87,3293.87,80519260,89607989896,1.239945,1.247664,12.075107,12.902756,10.014252,0.65823,9.154692,-0.486629,1.886241,1.457508
,3296.87,3308,3292.88,3306.56,3306.56,87713163,88213421183,0.384521,0.385261,12.077579,12.860975,10.014252,0.002472,9.176154,0.445693,1.933666,1.850276
,3299.14,3302.56,3289.75,3300.01,3300.01,68669781,72386912616,-0.198288,-0.198091,12.075416,12.857445,9.675683,-0.002164,9.397086,0.490611,1.594488,2.033124
,3299.16,3307.41,3292.4,3302.65,3302.65,81224198,79923748596,0.079968,0.08,11.784697,12.084662,9.675683,-0.290718,10.088742,0.481783,2.628467,1.35394
,3298.73,3306.69,3285.73,3305.85,3305.85,82316271,81485597806,0.096845,0.096892,11.7979,12.071803,9.826168,0.013203,10.347227,0.659977,3.313373,1.740739
,3305.96,3309.01,3271.54,3277.88,3277.88,86113509,88199418936,-0.849675,-0.846076,12.131632,12.194193,9.369744,0.333732,9.643686,2.699751,4.543627,2.422909
,3272.68,3321.33,3272.68,3321.33,3321.33,102860714,104625044142,1.316843,1.325552,12.920171,12.488847,9.936475,0.788539,8.765615,1.379048,3.215705,0.395744
,3323.3,3332.52,3309.83,3316.24,3316.24,101167725,96354442199,-0.153369,-0.153252,11.306171,12.457865,8.214676,-1.614,8.71158,1.156055,3.360911,0.041605
,3317.18,3324.9,3312.17,3318.6,3318.6,79238871,82481095277,0.07114,0.071165,11.292247,12.422557,8.322198,-0.013924,8.704661,0.813293,3.491923,0.039467
,3315.72,3341.56,3309.18,3327.74,3327.74,109785176,107114926126,0.275039,0.275417,10.948254,12.408637,8.962559,-0.343993,9.070133,0.371633,2.660419,-0.249429
,3332.51,3382.83,3330.97,3367.58,3367.58,153014345,150063007899,1.190099,1.197209,11.378659,12.60148,8.962559,0.430404,8.449273,-0.933797,2.159971,-1.231577
,3367.48,3373.91,3356.59,3367.45,3367.45,111191693,110576512916,-0.00386,-0.00386,11.328247,12.461255,9.316718,-0.050412,8.772373,-0.249759,2.952608,-0.837361
,3365.2,3367.83,3349.57,3354.8,3354.8,98024786,104719318220,-0.376363,-0.375655,11.478765,12.492874,8.666695,0.150518,8.551145,-0.641435,3.512462,-0.763309
,3351.46,3352.35,3335.13,3345.7,3345.7,77629851,85241012414,-0.271622,-0.271253,11.325032,12.286694,8.202696,-0.153732,8.417234,0.57758,4.18647,0.274304
,3347.14,3370.75,3337.29,3340.13,3340.13,93133309,104797971448,-0.166621,-0.166482,11.178712,11.8225,8.371444,-0.146321,8.663024,0.419462,5.282051,0.714479
,3332.41,3340.47,3317.33,3336.28,3336.28,71352863,80701820968,-0.115331,-0.115265,8.987691,11.827907,3.858839,-2.19102,8.554583,0.606916,5.787952,0.840809
,3338.71,3359.39,3334.46,3359.05,3359.05,74938199,84717683750,0.680178,0.682497,9.020509,11.829471,3.858839,0.032818,8.649833,0.358684,5.923654,0.500376
,3350.71,3356.4,3331.38,3333.35,3333.35,91197104,100348995733,-0.768039,-0.765097,9.488029,11.803127,4.677902,0.46752,8.593864,0.589258,5.958379,1.625017
,3326.9,3379.99,3324.84,3365.08,3365.08,126223504,137386468361,0.947393,0.951895,9.860941,11.920898,4.677902,0.372912,8.431231,0.755811,5.772354,-0.017535
,3362.21,3377.64,3348.43,3354.17,3354.17,104069655,110813764577,-0.324739,-0.324212,10.015238,11.950513,4.410381,0.154296,9.402317,1.862301,5.079603,0.566047
,3353.44,3362.74,3342.31,3356.59,3356.59,99877988,94370876771,0.072123,0.072149,9.154692,11.94578,4.410381,-0.860546,11.687597,2.170757,3.305897,0.270445
,3367.7,3383.92,3361.13,3371.12,3371.12,103148282,105138256061,0.431946,0.43288,9.176154,11.967454,4.410381,0.021462,11.752856,1.727733,2.577786,0.360358
,3370.6,3373.1,3322.08,3353.05,3353.05,139110059,145186921690,-0.537465,-0.536024,9.397086,11.910485,4.470537,0.220932,11.540317,2.257034,3.59399,1.281328
,3374.91,3403.02,3374.91,3390.61,3390.61,134705535,133277399553,1.113947,1.120174,10.088742,12.034465,4.470537,0.691656,11.048444,1.34524,2.318509,0.672538
,3387.95,3422.67,3382.89,3417.22,3417.22,198781496,190647270040,0.781751,0.784815,10.347227,12.078734,4.470537,0.258485,10.970455,0.007023,2.213399,0.555923
,3409.22,3452.62,3408.14,3430.25,3430.25,213247105,208353308629,0.380579,0.381304,9.643686,12.064946,3.738762,-0.703541,14.176432,0.316095,-0.616135,0.161665
,3428.87,3434.92,3415.99,3429.87,3429.87,134566320,135206770523,-0.011079,-0.011078,8.765615,11.490635,3.815369,-0.87807,14.179813,1.11595,-0.726567,-0.238193
,3432.43,3435.64,3419.24,3429.59,3429.59,129808511,128944599173,-0.008164,-0.008164,8.71158,9.773686,4.007484,-0.054035,14.415115,1.307606,-1.487571,0.330106
,3423.47,3437.67,3412.88,3436.53,3436.53,121561731,121576882948,0.202152,0.202357,8.704661,9.732103,4.007484,-0.006919,14.860069,1.50784,-2.83627,-0.440073
,3437.49,3443.12,3413.27,3417.46,3417.46,115951205,117345607612,-0.556466,-0.55492,9.070133,9.799058,4.060816,0.365472,14.81427,2.993265,-2.112302,1.565751
,3412.65,3463.14,3412.08,3441.11,3441.11,146434529,147542589349,0.689651,0.692034,8.449273,9.876136,4.060816,-0.620861,14.570406,2.694184,-3.312814,1.204822
,3443.22,3469.22,3443.22,3468.36,3468.36,168523446,167250665827,0.788777,0.791896,8.772373,9.9952,3.985044,0.323101,14.192963,2.721287,-4.70177,0.615111
,3473.9,3492.96,3465.76,3474.73,3474.73,162388504,171247116196,0.183492,0.18366,8.551145,9.823422,4.210431,-0.221228,14.679438,1.804482,-3.998319,-0.040587
,3468.81,3508.16,3467.01,3488.74,3488.74,145746301,165071453531,0.402386,0.403197,8.417234,9.846034,4.495628,-0.133911,14.515109,2.163463,-4.486708,-0.427715
,3490.04,3521.3,3463.95,3521.3,3521.3,153621506,166832181108,0.92896,0.933288,8.663024,9.958588,4.751706,0.24579,14.00252,0.217014,-6.260739,-2.155226
,3538.68,3553.36,3528.32,3535.08,3535.08,207375483,219859766828,0.390569,0.391333,8.554583,9.861421,4.933959,-0.108441,14.041118,-1.875138,-6.204852,-2.354754
,3525.9,3583.72,3521.38,3564.04,3564.04,236918356,248322816339,0.81588,0.819218,8.649833,9.959995,4.933959,0.09525,13.412514,-2.987184,-7.201789,-3.007711
,3557.64,3567.07,3527.02,3538,3538,178560178,190681227631,-0.733314,-0.730632,8.593864,10.11234,4.795116,-0.055968,13.34433,-1.775131,-6.906656,-2.951556
,3543.96,3575.97,3543.25,3565.04,3565.04,180170761,199637742998,0.761368,0.764274,8.431231,10.199515,4.795116,-0.162633,12.725894,-2.698034,-7.793182,-3.923911
,3559.77,3562.55,3516.79,3528.95,3528.95,196355480,203742147476,-1.01749,-1.012331,9.402317,10.435097,6.368374,0.971086,12.773046,-1.003903,-6.402802,-2.364696
,3473.69,3496.88,3457.34,3469.41,3469.41,180852355,190175061733,-1.701583,-1.687187,11.687597,10.921972,9.367682,2.28528,12.453026,-1.751276,-3.73463,-0.446315
,3466.24,3477.59,3456.81,3459.15,3459.15,115529090,125727753193,-0.296166,-0.295728,11.752856,10.931391,8.90004,0.06526,12.902743,-1.576621,-2.661176,-0.301685
,3458.37,3475.75,3445.76,3475.75,3475.75,114345103,115282194223,0.478739,0.479887,11.540317,10.961631,9.600814,-0.212539,12.709758,-2.824527,-3.155354,-1.414255
,3481.81,3484.34,3466.51,3470.14,3470.14,117383922,119188508676,-0.161534,-0.161404,11.048444,10.897076,9.250075,-0.491873,12.806069,-3.80954,-3.593036,-1.225003
,3464.87,3507.93,3461.76,3493.7,3493.7,150303308,152674867707,0.676641,0.678935,10.970455,10.966391,9.250075,-0.077989,12.652309,-4.318678,-3.786033,-1.024204
,3489.27,3495.8,3400.79,3409.18,3409.18,187467751,199163540831,-2.448955,-2.419212,14.176432,12.124099,13.217415,3.205977,9.429387,-2.380584,-1.504583,1.383969
,3394.21,3416.21,3370.6,3405.04,3405.04,121105097,124454188749,-0.121511,-0.121437,14.179813,12.04566,13.029117,0.003381,9.695598,-2.859253,-2.093394,1.706337
,3399.41,3412.28,3378.27,3378.95,3378.95,124007744,126182669414,-0.769168,-0.766217,14.415115,11.623298,12.199794,0.235302,9.500268,-1.203142,-1.831735,2.99011
,3363.86,3378.04,3327.14,3340.43,3340.43,114960660,121507811540,-1.146547,-1.139999,14.860069,11.88065,11.58715,0.444954,8.651946,-0.142598,-0.616187,3.105946
,3335.36,3356.29,3330.49,3346.03,3346.03,90775422,98112206845,0.167503,0.167643,14.81427,11.79176,12.125475,-0.045798,8.620705,-1.155172,-0.797546,3.048661
,3342.34,3344.86,3325,3328.98,3328.98,81640678,86095693838,-0.510862,-0.509559,14.570406,11.757046,11.626681,-0.243865,8.476225,-0.197854,-0.078734,4.043622
,3328.3,3329.1,3289.27,3309.06,3309.06,87569592,88527345889,-0.600179,-0.598381,14.192963,11.821302,11.117351,-0.377443,8.279045,0.221268,0.911801,4.172456
,3313.75,3342.48,3313.75,3338.54,3338.54,108254995,106205485213,0.886942,0.890887,14.679438,11.941495,11.117351,0.486475,7.734425,-1.103855,-0.277452,3.630709
,3335.12,3340.36,3322.72,3335.67,3335.67,92277249,92564877570,-0.086003,-0.085966,14.515109,11.851533,11.183928,-0.164329,8.205939,-1.143011,0.574542,4.511356
,3333.4,3334.89,3300.88,3307.6,3307.6,97444713,99575473231,-0.845071,-0.84151,14.00252,11.942574,10.70968,-0.512589,7.561474,0.074951,1.693167,5.024607
,3293.22,3322.42,3267.05,3322.4,3322.4,89793982,95493219936,0.446456,0.447454,14.041118,11.420471,10.70968,0.038598,7.442176,0.595084,1.257709,4.341242
,3319.21,3330.23,3315.83,3316.39,3316.39,75486359,79617133030,-0.181057,-0.180893,13.412514,11.365171,10.622427,-0.628604,7.445366,1.553429,1.778511,4.389062
,3315.75,3320.55,3293.17,3301.89,3301.89,69000437,71759839566,-0.438181,-0.437222,13.34433,11.385657,10.709452,-0.068184,7.23048,1.976171,2.573294,4.003414
,3297.04,3312.11,3288.1,3297.76,3297.76,70087923,75972960431,-0.125158,-0.12508,12.725894,11.362409,10.620659,-0.618436,7.759599,1.502113,2.003294,4.688287
,3302.6,3313.55,3295.75,3310.08,3310.08,71744116,76921368838,0.372891,0.373587,12.773046,11.373419,10.924147,0.047153,7.716877,1.612866,1.889245,5.690142
,3313.95,3345.26,3313.95,3342.23,3342.23,86567896,87612765768,0.966589,0.971276,12.453026,11.262347,10.265875,-0.320021,7.061422,0.478771,0.699177,5.013097
,3340.56,3369.57,3338.15,3368.31,3368.31,90050827,98014355468,0.777289,0.780317,12.902743,11.34447,10.618752,0.449717,6.756924,-1.008839,0.443747,4.3328
,3368.34,3373.41,3361.46,3367.79,3367.79,88336357,91189339582,-0.015439,-0.015438,12.709758,11.334882,10.50881,-0.192985,6.874824,-1.500908,0.842692,3.997372
,3366.85,3368.87,3346.89,3347.67,3347.67,87459114,91072256748,-0.599216,-0.597424,12.806069,11.408313,10.32394,0.096311,6.621354,-0.832691,1.947065,4.94376
,3345.75,3366.22,3344.35,3363.9,3363.9,83707942,87916115243,0.483643,0.484815,12.652309,11.446546,10.32394,-0.15376,6.790957,-1.330191,2.128557,4.235547
,3361.64,3370.51,3354.09,3358.27,3358.27,83819160,82533965080,-0.167505,-0.167365,9.429387,11.307408,5.563828,-3.222922,6.730339,-0.954735,2.282383,4.549122
,3355.8,3366.63,3334.3,3334.5,3334.5,91071438,86750457122,-0.710322,-0.707805,9.695598,11.09111,5.478832,0.26621,6.315019,0.145942,2.581768,4.457562
,3332.69,3343.13,3315.96,3317.62,3317.62,81239135,75031886874,-0.507508,-0.506223,9.500268,11.136579,5.303643,-0.195329,6.017716,0.351141,3.649413,4.776739
,3317.96,3338.17,3309.37,3319.91,3319.91,84180589,84556101403,0.069002,0.069025,8.651946,11.136522,4.343317,-0.848322,6.575975,1.048131,3.012384,4.212251
,3314.15,3322.78,3264.21,3319.45,3319.45,157779135,153262520121,-0.013857,-0.013856,8.620705,11.121849,4.490649,-0.031241,7.989748,1.335542,4.475598,3.738021
,3305.6,3327.38,3292.2,3326.36,3326.36,69453328,74754505696,0.207951,0.208167,8.476225,10.850219,4.636977,-0.14448,7.998072,1.138589,4.59637,3.983785
,3323.34,3350.96,3320.41,3339.37,3339.37,70623227,75680677264,0.390355,0.391118,8.279045,10.882834,4.693839,-0.19718,7.975939,1.087979,4.40508,3.744693
,3330.95,3346.5,3324.68,3329.29,3329.29,66159808,63869709163,-0.30231,-0.301853,7.734425,10.873355,4.477967,-0.544621,8.14459,1.74689,4.235184,3.016847
,3326.98,3358.41,3326.37,3354.89,3354.89,65300462,70831324310,0.765991,0.768933,8.205939,10.975288,4.514997,0.471514,7.89928,0.285741,3.484451,2.533443
,3359.05,3378.74,3355.85,3364.08,3364.08,75557498,76492660154,0.273554,0.273929,7.561474,10.983032,3.905729,-0.644465,8.605597,0.271029,2.412346,2.382163
,3363.14,3371.32,3355.9,3364.45,3364.45,66194226,66049651289,0.010998,0.010999,7.442176,10.979832,3.905729,-0.119298,8.598907,0.036552,2.592389,2.415855
,3361.66,3376.44,3357.22,3375.9,3375.9,58376931,62483395802,0.339745,0.340323,7.445366,10.913579,4.076113,0.003191,8.564436,0.218665,2.415566,1.873684
,3378.26,3395.88,3378.26,3387.96,3387.96,65316647,66488818305,0.356601,0.357238,7.23048,10.81479,4.29209,-0.214887,8.963703,0.245569,1.381807,1.133471
,3390.93,3392.48,3362.57,3364.49,3364.49,55188861,57113853255,-0.695158,-0.692747,7.759599,10.741417,4.611824,0.529119,8.572412,1.445884,1.865977,1.435337
,3368.11,3381.33,3358.75,3373.21,3373.21,68521360,73408134768,0.258842,0.259177,7.716877,10.732707,4.611824,-0.042722,8.702687,1.852177,2.148861,0.920096
,3371.77,3376.71,3354.62,3365.68,3365.68,63754462,69758178999,-0.223479,-0.22323,7.061422,10.742426,4.389215,-0.655455,8.620578,2.061977,2.589138,0.499984
,3361.78,3383.69,3347.43,3383.29,3383.29,75402879,82869735773,0.521859,0.523223,6.756924,10.759273,4.389215,-0.304498,8.545093,1.129182,1.915744,-0.726186
,3381.9,3406.59,3379.79,3396.29,3396.29,97558515,102134228699,0.383505,0.384241,6.874824,10.726076,4.150332,0.1179,8.848439,1.305812,0.898408,-1.296837
,3398.32,3422.33,3398.03,3413.49,3413.49,123768720,121908580284,0.505157,0.506435,6.621354,10.532013,4.270497,-0.25347,8.679762,0.232629,0.420968,-2.245328
,3416.92,3439.54,3416.87,3436.27,3436.27,120144538,125332998844,0.665135,0.667352,6.790957,10.49823,4.270497,0.169602,8.918153,1.016851,0.633272,-2.344313
,3438.51,3440.67,3424.4,3435.8,3435.8,94809465,98537165438,-0.013679,-0.013678,6.730339,10.469724,4.664886,-0.060617,8.920499,1.359252,0.606169,-1.478364
,3435.39,3448.03,3417.08,3421.71,3421.71,127643338,124653179488,-0.410937,-0.410094,6.315019,10.503985,3.998125,-0.415321,8.782401,1.969254,1.217963,-0.660326
,3421.83,3440.93,3418.35,3440.93,3440.93,108276962,101809767504,0.560136,0.561707,6.017716,10.567392,4.108289,-0.297303,8.749499,0.936913,1.172432,-0.357519
,3443.62,3457.56,3419.61,3421.44,3421.44,114600036,118033129670,-0.568027,-0.566417,6.575975,10.623904,4.13801,0.55826,9.324277,1.520197,0.709749,-0.335802
,3421.64,3472.6,3421.64,3471.39,3471.39,132628862,134681505159,1.449358,1.459912,7.989748,10.970698,3.886024,1.413773,7.701528,-0.727711,-0.629391,-2.13357
,3475.06,3490.09,3472.02,3482.82,3482.82,114842009,120675429543,0.328722,0.329263,7.998072,10.902178,3.886024,0.008323,7.816795,-0.865392,-0.474014,-2.293517
,3483.2,3489.95,3473.52,3489.76,3489.76,102815994,109232425841,0.199066,0.199264,7.975939,10.791003,3.886024,-0.022132,7.924884,-0.901535,-1.144424,-2.27571
,3487.57,3492.96,3460.12,3473.32,3473.32,99536330,106555922466,-0.472206,-0.471093,8.14459,10.829641,3.895198,0.168651,7.888247,-1.106487,-0.327023,-1.424596
,3468.96,3473.85,3455.25,3473.85,3473.85,95535133,99875164759,0.015258,0.015259,7.89928,10.797113,3.895198,-0.24531,8.398316,-1.332733,0.452363,-1.440438
,3471.13,3472.84,3441.39,3446.22,3446.22,98672160,106830874529,-0.798551,-0.795371,8.605597,10.737681,4.294346,0.706317,7.944171,0.007544,0.919094,1.137943
,3445.03,3460.91,3441.36,3452.81,3452.81,75215260,81979307361,0.191041,0.191224,8.598907,10.711586,4.294346,-0.00669,7.985638,0.033301,0.491145,0.796746
,3452.21,3472.7,3449.11,3458.44,3458.44,103260354,109317781348,0.162923,0.163056,8.564436,10.571614,4.294346,-0.034471,7.986774,-0.281157,0.194984,0.990899
,3463.48,3468.47,3434,3435.1,3435.1,89898077,97876187925,-0.677158,-0.674871,8.963703,10.55673,4.167435,0.399267,8.168974,-0.23783,0.048313,1.807101
,3424.66,3428.88,3412.83,3427.86,3427.86,80994652,90009618835,-0.210988,-0.210765,8.572412,10.425107,4.163526,-0.391291,8.357842,0.000875,0.819016,1.696508
,3427.25,3449.03,3425.9,3446.48,3446.48,83070882,95178548496,0.541726,0.543196,8.702687,10.305941,4.163526,0.130275,9.469031,0.336588,1.652036,0.644088
,3446.16,3454.04,3440.06,3453.96,3453.96,80334720,94483824245,0.216798,0.217033,8.620578,9.717526,4.281906,-0.082108,9.486211,0.079008,1.724782,1.120521
,3452.2,3457.04,3441.26,3448.73,3448.73,79587690,89124904682,-0.151535,-0.15142,8.545093,9.703683,4.304148,-0.075485,9.444518,0.431401,1.973309,2.438754
,3442.9,3443.05,3414.68,3426.94,3426.94,84570381,90090049490,-0.633831,-0.631827,8.848439,9.734606,4.192477,0.303346,9.203785,1.579837,2.256273,3.836805
,3423.98,3436.24,3423.94,3427.89,3427.89,70016199,82161714923,0.027718,0.027722,8.679762,9.730876,4.192477,-0.168677,9.234414,0.521409,2.575727,4.234748
,3425.67,3458.1,3412.69,3458.1,3458.1,91684124,108489140923,0.877439,0.8813,8.918153,9.800762,4.192477,0.238391,8.870814,-0.245812,1.473718,3.307523
,3456.66,3465.39,3448.9,3456.69,3456.69,77077963,95317564129,-0.040782,-0.040774,8.920499,8.389543,4.10778,0.002346,8.863628,0.279068,1.66057,3.568519
,3452.21,3463.92,3445.27,3463.64,3463.64,79104954,94056256667,0.200858,0.201059,8.782401,8.391828,4.387384,-0.138098,9.386101,-0.393134,0.657831,2.04781
,3472.27,3492.13,3472.27,3481.51,3481.51,106333913,124695573677,0.514605,0.515931,8.749499,8.282376,4.387384,-0.032902,9.238107,-0.562543,-0.045106,1.348893
,3485.31,3488.5,3441.47,3445.81,3445.81,103755560,122368918550,-1.030711,-1.025417,9.324277,8.214029,5.48815,0.574778,8.622677,1.262812,0.490118,2.094965
,3449.05,3454.06,3429.83,3449.61,3449.61,88734322,103769403897,0.110218,0.110279,7.701528,8.21142,5.48815,-1.622748,8.803445,0.820774,-0.108187,2.971969
,3449.77,3466.7,3445.64,3466.35,3466.35,87707855,113528201390,0.484099,0.485272,7.816795,8.173821,5.48815,0.115266,8.781671,0.099767,-0.13857,2.285621
,3450.75,3464.33,3433.5,3450.05,3450.05,104935894,123865640377,-0.471344,-0.470235,7.924884,8.133041,5.136251,0.108089,8.621599,0.437874,0.484037,3.919507
,3452.41,3470.82,3435.69,3461.98,3461.98,94318062,115813813702,0.345196,0.345792,7.888247,7.974725,5.48832,-0.036636,9.298128,-0.731151,-0.891314,3.640623
,3464.2,3499.32,3461.11,3489.6,3489.6,125645833,141752526681,0.794644,0.797809,8.398316,8.108718,5.48832,0.510069,8.852117,-0.96608,-1.403371,3.748217
,3488.76,3505.98,3474.52,3478.04,3478.04,107015377,124388012134,-0.33182,-0.33127,7.944171,7.926091,5.197446,-0.454145,8.820794,0.740486,-0.949276,5.320217
,3480.25,3482.29,3461.47,3469.81,3469.81,84194820,97495938765,-0.236908,-0.236628,7.985638,7.916244,4.983177,0.041467,8.797184,1.266938,-0.667678,5.73771
,3472.97,3483.06,3455.55,3465.19,3465.19,104851706,114663468279,-0.133237,-0.133149,7.986774,7.91031,4.914608,0.001136,8.811017,1.497167,-0.736867,5.090984
,3461.62,3467.3,3422.37,3436.76,3436.76,116376922,122088021630,-0.82383,-0.820446,8.168974,8.054946,5.199909,0.1822,8.419375,1.97013,-0.296649,6.534364
,3434.82,3456.31,3430.82,3456.05,3456.05,91577491,100984904830,0.559715,0.561284,8.357842,8.107378,5.392687,0.188868,8.234382,1.757586,-1.249656,5.919303
,3476.42,3504.54,3475.15,3503.89,3503.89,143399017,160742981172,1.374746,1.384239,9.469031,8.512798,5.392687,1.111189,6.256407,0.15827,-2.8808,4.108624
,3507.99,3517.78,3495.72,3514.05,3514.05,136767004,145221644165,0.289544,0.289963,9.486211,8.327732,5.392687,0.017179,6.275478,0.014797,-3.813936,2.969928
,3514.45,3526.81,3506.39,3517.46,3517.46,140293204,144559675567,0.096992,0.097039,9.444518,8.201424,5.489536,-0.041693,6.430935,-0.884077,-4.615239,3.963657
,3519.46,3522.8,3502.08,3505.14,3505.14,141887380,155747834572,-0.350868,-0.350253,9.203785,8.245427,5.401189,-0.240732,6.416623,-0.721541,-4.451518,4.326001
,3503.83,3520.13,3466.14,3517.33,3517.33,165945832,189457268655,0.347172,0.347775,9.234414,8.146526,5.401189,0.030629,6.090947,-1.5642,-5.242023,3.864833
,3514.57,3523.1,3498,3509.44,3509.44,181824537,202154571423,-0.22457,-0.224318,8.870814,8.126807,5.165131,-0.3636,6.764973,-1.827717,-4.451303,4.028114
,3500.28,3518.44,3496.57,3514.57,3514.57,129981813,133345929014,0.14607,0.146177,8.863628,8.112964,5.01202,-0.007186,7.678172,-1.520072,-3.745102,4.349516
,3516.81,3517.47,3476.95,3486.5,3486.5,135474078,130425385379,-0.801882,-0.798675,9.386101,8.15293,5.043728,0.522473,7.593417,-0.566927,-2.53612,4.824232
,3475.74,3480.57,3453.68,3479.94,3479.94,117164961,123884371227,-0.188332,-0.188154,9.238107,8.081574,4.989765,-0.147994,8.358798,-1.408751,-1.484845,5.777637
,3474.89,3489.08,3462.63,3462.74,3462.74,110927823,126790853425,-0.495487,-0.494261,8.622677,8.167088,3.87189,-0.61543,8.394638,-0.630677,-1.535669,6.710742
,3452.99,3459.35,3418.51,3445.88,3445.88,121349264,127050362407,-0.488087,-0.486898,8.803445,8.245387,3.694238,0.180768,8.318164,-0.020316,-1.395992,6.125604
,3444.52,3465.61,3440.72,3461.55,3461.55,114184208,133977258346,0.453715,0.454746,8.781671,8.279244,3.694238,-0.021774,8.139896,-0.429341,-1.680932,5.770651
,3461.39,3475.56,3449.54,3466.79,3466.79,104419110,115208831746,0.151263,0.151377,8.621599,8.253745,3.880725,-0.160073,8.168334,-0.78303,-1.615323,7.311211
,3458.23,3458.23,3403.98,3431.26,3431.26,114660791,122778154321,-1.030155,-1.024867,9.298128,8.521559,4.736646,0.676529,7.500194,-0.136486,-0.206259,8.826281
,3427.73,3449.67,3422.65,3440.97,3440.97,94072148,107599357209,0.282587,0.282986,8.852117,8.404936,4.736646,-0.446012,7.420454,-0.812365,-0.48943,8.027942
,3440.25,3466.57,3439.15,3445.18,3445.18,111940029,131316579235,0.122274,0.122349,8.820794,8.392861,4.938592,-0.031323,9.804783,-1.191038,1.168126,8.303684
,3435.1,3449.27,3399.54,3446.72,3446.72,123298425,134610947828,0.04469,0.0447,8.797184,8.392653,5.04135,-0.02361,9.832753,-1.879319,0.97328,7.618233
,3439.57,3439.9,3417.24,3439.75,3439.75,101632351,113761006698,-0.202426,-0.202221,8.811017,8.383567,4.892128,0.013833,9.843821,-2.381205,1.532782,7.438972
,3427.92,3436.31,3418.67,3426.58,3426.58,92797462,101635858602,-0.383612,-0.382877,8.419375,8.398097,4.550121,-0.391642,9.693388,-2.184739,2.055437,8.005932
,3421.76,3432.22,3403.08,3413.13,3413.13,91669624,97854119098,-0.393292,-0.39252,8.234382,8.310805,4.304072,-0.184993,9.647949,-2.234781,2.127148,8.660184
,3404.94,3421.4,3391.28,3404.39,3404.39,103482075,106985952575,-0.256398,-0.25607,6.256407,8.315677,4.193336,-1.977975,9.815534,-1.412232,1.872852,9.345016
,3393.48,3395.45,3366.56,3382.55,3382.55,109895333,117464939578,-0.643591,-0.641525,6.275478,8.411231,4.107969,0.019071,9.629073,0.08363,3.209675,10.854593
,3369.11,3374.16,3339.57,3358.81,3358.81,123749287,126885426472,-0.704312,-0.701837,6.430935,8.466676,4.08351,0.155457,9.690558,1.195042,5.080684,11.305825
,3342.6,3358.05,3327.59,3352.53,3352.53,76771668,85528831749,-0.187146,-0.186971,6.416623,8.433495,4.247574,-0.014312,9.704505,2.245131,6.03205,10.611101
,3350.65,3369.43,3336,3337.7,3337.7,92082628,102194980791,-0.443334,-0.442352,6.090947,8.404416,4.081663,-0.325677,9.301647,2.142155,6.901045,10.509743
,3322.95,3359.6,3312.89,3356.65,3356.65,109252890,111576379054,0.566151,0.567756,6.764973,8.371458,4.097902,0.674026,9.364207,1.227594,6.285108,10.460382
,3350.94,3387.27,3349.17,3385.38,3385.38,93386466,97522124594,0.852271,0.855913,7.678172,8.568465,4.097902,0.913199,9.148857,0.544098,5.653052,9.753439
,3391.59,3406.58,3391.59,3399.19,3399.19,82977611,92183332845,0.407101,0.407931,7.593417,8.574948,3.964974,-0.084755,10.750742,0.353869,3.926099,9.314985
,3390.93,3428.85,3373.55,3428.65,3428.65,105242416,112814103201,0.862943,0.866677,8.358798,8.682868,3.923183,0.765381,10.529878,-0.130165,2.878844,8.045969
,3423.19,3433.97,3408.15,3409.97,3409.97,99736837,110553451835,-0.54631,-0.544821,8.394638,8.676976,3.937304,0.03584,10.341659,0.415561,3.140516,6.729738
,3387.67,3409.93,3383.94,3398.11,3398.11,85759589,88091166041,-0.34841,-0.347804,8.318164,8.155989,3.986417,-0.076475,10.560299,2.543801,4.476148,8.367455
,3395.23,3405.94,3392.38,3403.85,3403.85,71473525,78397081602,0.168775,0.168917,8.139896,8.132028,3.986417,-0.178267,10.667523,2.224871,4.105124,8.506217
,3400.59,3424.18,3391.17,3411.24,3411.24,92539559,99021121578,0.216872,0.217107,8.168334,8.134329,3.986417,0.028437,11.196226,2.365075,5.050793,8.164067
,3405.03,3434.77,3401.53,3424.19,3424.19,116911033,126767856025,0.378909,0.379627,7.500194,8.127259,2.809889,-0.66814,11.204413,2.12521,4.738196,8.320275
,3409.72,3424.17,3383.89,3424.17,3424.17,83553161,92620045548,-0.000584,-0.000584,7.420454,8.126999,3.310977,-0.07974,11.407074,1.804213,5.641018,8.411915
,3414.4,3490.42,3413.22,3485.66,3485.66,130721631,136634020807,1.77983,1.795764,9.804783,8.769847,3.310977,2.38433,10.599535,-0.486311,5.101368,7.069287
,3479.62,3498.31,3473.04,3480.43,3480.43,103241153,112585907354,-0.150156,-0.150043,9.832753,8.769129,3.318778,0.027969,10.496346,0.357076,5.432109,7.521314
,3495.07,3515.08,3474.92,3492.88,3492.88,104829745,115968724992,0.357076,0.357714,9.843821,8.792277,3.387633,0.011068,11.130381,1.166698,4.295069,7.265191
,3485.22,3499.81,3476.43,3497.74,3497.74,103127724,116088766464,0.139043,0.13914,9.693388,8.675576,3.569936,-0.150433,11.217377,1.791874,4.775576,6.553706
,3491.59,3498.12,3470.2,3486.51,3486.51,82668009,92850745344,-0.321581,-0.321064,9.647949,8.691649,3.573496,-0.045438,11.079949,2.539116,5.041811,8.498078
,3480.17,3484.12,3462.31,3468.75,3468.75,79738153,85609467904,-0.510694,-0.509392,9.815534,8.693712,3.594652,0.167584,11.014672,3.000023,5.116572,10.238355
,3464.38,3492.88,3460.45,3492.88,3492.88,64090000,77870000000,0.693231,0.69564,9.629073,8.796171,3.493901,-0.18646,11.549975,2.527007,3.574189,9.332287
,3493.88,3537.09,3491.13,3533.87,3533.87,104419968,124189290496,1.166698,1.17353,9.690558,9.096945,3.01072,0.061485,11.466625,0.040457,3.498212,8.15933
,3531.24,3562.27,3528.18,3560.98,3560.98,90224906,112035618816,0.76422,0.767148,9.704505,9.105408,3.131854,0.013947,11.263032,-0.908075,2.745468,7.076161
,3561.24,3590.89,3560.63,3576.17,3576.17,101188265,121700585472,0.425661,0.426568,9.301647,9.135119,3.32203,-0.402858,11.242646,-1.618374,2.205811,6.871339
,3570.22,3603.69,3565.9,3574.39,3574.39,90381166,117690802176,-0.049786,-0.049774,9.364207,8.981672,3.419044,0.06256,11.244892,-0.581366,2.194308,7.314031
,3569.16,3584.41,3559.21,3582.27,3582.27,75177139,94223085568,0.220215,0.220457,9.148857,8.985695,3.419044,-0.21535,11.311175,-1.00383,2.441567,7.390596
,3571.25,3571.25,3530.27,3535.3,3535.3,83810783,106105319424,-1.319852,-1.31118,10.750742,9.413757,6.662222,1.601885,10.118779,1.478563,3.434253,8.513212
,3530.75,3542.28,3508.95,3528.79,3528.79,82632535,106053902336,-0.184313,-0.184143,10.529878,9.370263,6.341305,-0.220864,10.236233,1.729187,4.383639,8.187582
,3522.97,3536.14,3514.39,3518.76,3518.76,76452708,91462287360,-0.284638,-0.284233,10.341659,9.133861,6.277666,-0.18822,10.084677,2.916063,5.105895,8.37086
,3520.06,3554.91,3520.06,3553.67,3553.67,79797140,98572357632,0.987222,0.992111,10.560299,9.339268,6.711063,0.21864,10.732616,3.169022,3.045448,7.374752
,3560.79,3563.7,3539.51,3546.49,3546.49,80509560,98187595776,-0.202249,-0.202045,10.667523,9.308735,6.327904,0.107224,10.653635,3.551856,3.346459,7.897478
,3567.12,3587.99,3545.57,3587.96,3587.96,87859825,117147795456,1.162541,1.169325,11.196226,9.526513,6.327904,0.528704,11.445631,1.609351,3.875741,6.856803
,3583.56,3635.53,3581.34,3590.34,3590.34,135526986,169418805248,0.066311,0.066333,11.204413,9.508646,6.327904,0.008186,11.480194,2.16259,4.294344,6.460745
,3583.44,3623.24,3569.32,3622.88,3622.88,105129134,133975113728,0.902238,0.906321,11.407074,9.5466,6.419248,0.202662,11.457275,1.205006,2.876354,5.593488
,3627.02,3671.94,3627.02,3668.09,3668.09,134637996,170736840704,1.24018,1.247902,10.599535,9.80927,6.419248,-0.80754,10.757016,-0.471107,2.03419,4.661865
,3665.58,3676.53,3648.76,3674.72,3674.72,97558702,123057229824,0.180585,0.180748,10.496346,9.787375,6.751646,-0.103189,11.067745,-1.500844,1.212844,4.194124
,3664.16,3672.19,3644.03,3646.17,3646.17,97920858,124465946624,-0.779964,-0.77693,11.130381,9.940511,6.585876,0.634035,10.752339,0.369841,1.611121,5.243028
,3649.25,3669.13,3644.73,3668.83,3668.83,85589499,111847268352,0.619551,0.621474,11.217377,9.816308,6.585876,0.086996,10.572304,-0.238234,1.174919,4.503169
,3654.73,3669.76,3646.23,3666.8,3666.8,81510029,102459981824,-0.055346,-0.055331,11.079949,9.776511,6.942287,-0.137428,10.58664,-0.296884,1.491226,4.55617
,3667.23,3667.59,3633.78,3650.85,3650.85,88820859,115214688256,-0.435933,-0.434984,11.014672,9.466371,6.921075,-0.065277,10.477878,0.07776,2.355591,4.47117
,3646.83,3646.84,3611.69,3619.98,3619.98,95071414,125350416384,-0.849152,-0.845557,11.549975,9.638863,6.871344,0.535303,10.141969,1.394385,4.070729,5.398609
,3611.9,3660.73,3610.46,3659.68,3659.68,88232425,120351563776,1.090721,1.096691,11.466625,9.872098,6.871344,-0.08335,9.694739,-0.023502,2.726928,4.31888
,3654.56,3666.77,3629.56,3660.1,3660.1,102379246,132837126144,0.011476,0.011476,11.263032,9.834594,6.871344,-0.203593,10.34421,0.730095,1.833583,4.342465
,3647.64,3657.11,3631.87,3655.93,3655.93,103735498,123465392128,-0.113996,-0.113931,11.242646,9.824909,6.710246,-0.020386,10.568338,1.28171,1.402887,4.820999
,3647.94,3667.84,3641.53,3653.69,3653.69,120591910,141034627072,-0.061289,-0.06127,11.244892,9.810084,6.69234,0.002246,10.671689,0.269774,1.980966,6.066696
,3646.88,3701.21,3645.99,3670.81,3670.81,118760827,145084362752,0.467473,0.468567,11.311175,9.843187,6.69234,0.066282,10.585095,-0.098937,1.658821,5.796082
,3672.63,3691.58,3640.59,3658.82,3658.82,122287793,143494598656,-0.327166,-0.326631,10.118779,9.710255,4.480977,-1.192395,10.484692,1.920052,1.954632,6.452537
,3656.35,3690.48,3652.56,3686.92,3686.92,125669550,146388680704,0.765073,0.768007,10.236233,9.793779,4.674638,0.117453,10.318864,1.639893,0.783487,5.950014
,3682.61,3703.09,3672.74,3703.09,3703.09,105514004,121021448192,0.437619,0.438577,10.084677,9.739504,4.982353,-0.151555,12.199641,0.686522,-1.516673,5.717912
,3700.62,3716.47,3621.36,3663.56,3663.56,178821601,196217253888,-1.073225,-1.067487,10.732616,9.964673,6.019937,0.647938,12.516113,2.157764,0.845859,6.598399
,3648.49,3667.54,3622.04,3667.18,3667.18,124622057,141472284672,0.098762,0.098811,10.653635,9.937691,6.265582,-0.07898,12.550498,1.418241,1.054634,6.489926
,3660.87,3731.05,3658.2,3729.75,3729.75,182477788,198392451072,1.691823,1.706216,11.445631,10.461864,6.265582,0.791996,10.959587,-0.655269,-0.762468,5.58948
,3725.14,3750.19,3723.07,3747.88,3747.88,142410040,169267150848,0.484914,0.486092,11.480194,10.206948,6.265582,0.034563,10.992762,-0.956835,-0.712265,4.776709
,3738.18,3751.69,3722.06,3728.6,3728.6,117941225,141432631296,-0.515752,-0.514424,11.457275,10.292458,5.867811,-0.022918,10.851352,-0.180122,-0.105457,5.180475
,3724.38,3755.19,3719.85,3743.47,3743.47,134868723,154701873152,0.398016,0.398809,10.757016,10.306643,5.867811,-0.70026,10.871541,-0.149706,-0.066271,4.882998
,3742.64,3752.16,3713.28,3719.56,3719.56,121672059,133531656192,-0.640761,-0.638712,11.067745,10.428274,5.599805,0.310729,10.651155,1.357041,0.87636,6.248712
,3722.88,3738.53,3684.18,3705.39,3705.39,136325210,146518003712,-0.381687,-0.380959,10.752339,10.458885,5.364903,-0.315406,10.532548,1.485648,1.359001,7.072668
,3700.85,3716.69,3672.5,3712.19,3712.19,145002903,161631223808,0.183348,0.183516,10.572304,10.405766,5.364903,-0.180035,10.761895,0.42043,0.603211,7.306607
,3703.49,3725.54,3696.78,3721.89,3721.89,111411392,125817860096,0.26096,0.261301,10.58664,10.350554,5.201361,0.014336,12.145931,-0.385223,1.965042,7.754023
,3722.43,3746.52,3713.66,3737.87,3737.87,148429038,160890134528,0.428433,0.429352,10.477878,10.332445,5.550311,-0.108762,12.752556,-0.296866,2.766192,7.020548
,3738.74,3770.4,3737.09,3770.38,3770.38,152546540,173127577600,0.865986,0.869747,10.141969,10.296731,5.471089,-0.335909,12.508727,-1.017524,1.687369,6.079716
,3768.19,3784.35,3759.28,3760.85,3760.85,172293384,189336784896,-0.25308,-0.25276,9.694739,10.171807,5.178321,-0.44723,12.450964,-0.795798,1.934189,6.080401
,3755.11,3766.34,3718.44,3727.83,3727.83,146153943,164710461440,-0.88187,-0.877993,10.34421,10.378904,5.423444,0.649471,12.016939,-0.32,2.49711,6.975031
,3724.72,3738.73,3707,3707.58,3707.58,157470060,168292663296,-0.544692,-0.543211,10.568338,10.406814,4.989109,0.224128,11.755619,-1.63785,3.262641,7.408832
,3701.22,3730.78,3689.96,3726.79,3726.79,124231529,134348537856,0.51679,0.518128,10.671689,10.399382,4.463993,0.103351,11.71434,-0.865333,3.138757,7.5956
,3724.33,3737.33,3718.81,3732.21,3732.21,137241928,146481868800,0.145328,0.145433,10.585095,10.303018,4.463993,-0.086594,11.724681,-0.703123,3.290209,8.276516
,3728.03,3739,3713.57,3731.04,3731.04,124679990,137223598080,-0.031354,-0.031349,10.484692,10.297751,5.29251,-0.100403,11.776107,-0.797049,3.124327,8.153839
,3724.96,3746.86,3688.18,3715.92,3715.92,130085128,148005171200,-0.406072,-0.405249,10.318864,10.253568,5.001383,-0.165828,11.847443,0.14414,3.020457,9.246529
,3687.93,3700.49,3645.09,3647.35,3647.35,150387420,161083469824,-1.862542,-1.845303,12.199641,10.957297,8.203146,1.880778,9.239864,2.097738,4.781638,11.988676
,3651.38,3698.37,3651.38,3694.68,3694.68,115308452,140233895936,1.289307,1.297654,12.516113,11.175145,8.348692,0.316471,8.393098,1.245634,3.483444,11.091604
,3695.78,3719.29,3692.28,3706.06,3706.06,106444856,124790632448,0.307537,0.30801,12.550498,11.180317,8.348692,0.034385,8.39595,1.239967,3.496384,10.085911
,3701.13,3707.14,3679.73,3701.42,3701.42,104134141,127282167808,-0.125279,-0.1252,10.959587,11.192482,8.243344,-1.590911,8.324313,1.466199,3.743529,9.582778
,3707.07,3722.62,3704.41,3721.28,3721.28,108656251,137020002304,0.535117,0.536551,10.992762,11.21152,8.243344,0.033175,8.410501,0.358641,2.878666,9.814048
,3707.19,3733.49,3700.41,3724.67,3724.67,96561705,123078164480,0.091056,0.091098,10.851352,11.208231,8.738666,-0.14141,8.417529,1.890376,2.822591,10.10812
,3731.84,3744.26,3728.61,3740.99,3740.99,100313073,123911716864,0.437202,0.43816,10.871541,10.695338,8.738666,0.020189,8.369766,2.682756,2.693946,10.22702
,3745.75,3758.29,3734.55,3752.3,3752.3,100292856,131131076608,0.30187,0.302326,10.651155,10.68708,9.331076,-0.220386,8.474229,2.168049,2.104919,11.692097
,3747.61,3772.46,3741.72,3756.09,3756.09,104961572,124081156096,0.100954,0.101005,10.532548,10.676245,10.002009,-0.118607,8.494056,2.060837,2.272906,11.824884
,3755.89,3765.71,3729.09,3734.65,3734.65,89947372,107736018944,-0.572442,-0.570806,10.761895,10.770291,9.260393,0.229347,8.154521,2.314329,2.725039,9.391806
,3736.29,3795.97,3736.29,3795.75,3795.75,129940900,150697082880,1.622791,1.63603,12.145931,11.167903,9.260393,1.384036,5.974162,0.912377,1.099903,7.812882
,3805.66,3866.94,3805.66,3842.71,3842.71,185576325,236446281728,1.229583,1.237173,12.752556,11.302409,9.260393,0.606625,4.445132,0.075699,-0.650613,5.252669
,3839.18,3847.93,3825.76,3834.54,3834.54,128227069,158978682880,-0.212837,-0.21261,12.508727,11.275976,8.882946,-0.243829,4.408478,0.585316,-0.359489,5.610341
,3834.27,3854.71,3827.86,3834.3,3834.3,141352858,166235123712,-0.006259,-0.006259,12.450964,11.081266,9.226383,-0.057763,4.409512,0.394339,-0.342238,5.565549
,3835.84,3840.2,3800.89,3822.09,3822.09,132944934,157079216128,-0.31895,-0.318441,12.016939,11.04125,9.001165,-0.434025,4.26479,0.203347,0.011773,4.702081
,3825.34,3843.62,3818.16,3830.54,3830.54,158645512,182770434048,0.220839,0.221083,11.755619,11.024835,9.605088,-0.26132,4.391828,-0.118853,0.155471,4.282347
,3828.54,3847.09,3813.55,3845.62,3845.62,149566321,175551070208,0.392905,0.393678,11.71434,11.033981,9.605088,-0.041279,5.938676,-0.520645,0.946974,4.406344
,3845.54,3865.29,3841.95,3857.05,3857.05,124964155,145779757056,0.29678,0.297221,11.724681,11.03801,9.605088,0.010341,5.893432,-0.496948,0.847052,4.638413
,3846.75,3858.25,3831.38,3849.45,3849.45,131398723,155883315200,-0.197236,-0.197042,11.776107,10.643891,9.392568,0.051427,5.905874,-0.177846,1.373578,4.231128
,3851.69,3858.16,3828.83,3829.87,3829.87,123884180,156113395712,-0.509942,-0.508644,11.847443,10.707247,9.388113,0.071336,5.526444,0.00235,2.146071,3.62022
,3830.07,3843.02,3813.98,3825.99,3825.99,106036503,134958583808,-0.10136,-0.101309,9.239864,10.683021,3.159392,-2.607579,5.479925,0.138691,2.452947,4.532175
,3828.34,3850.74,3817.51,3825.65,3825.65,123883996,154793902080,-0.008887,-0.008887,8.393098,10.5395,3.230707,-0.846766,5.576465,0.456135,2.269095,6.179175
,3832.24,3849.39,3822,3837.93,3837.93,144190241,187605311488,0.320477,0.320991,8.39595,10.525052,3.230707,0.002852,5.536914,-0.151498,1.938907,4.53582
,3835.55,3847.78,3822.94,3842.61,3842.61,95410785,126254362624,0.121866,0.121941,8.324313,10.30343,3.391179,-0.071636,6.062004,-0.004424,2.608418,5.258728
,3843.57,3854.49,3820.09,3829.96,3829.96,115358584,143111639040,-0.329746,-0.329203,8.410501,10.3432,3.206737,0.086188,6.060104,0.205014,2.610308,4.995623
,3826.14,3843.3,3818.52,3831.3,3831.3,122427005,153477214208,0.034981,0.034987,8.417529,10.2105,3.206737,0.007028,6.113056,0.167687,2.463341,3.829371
,3832.96,3862.36,3832.96,3843.14,3843.14,117934405,152841027584,0.308557,0.309033,8.369766,9.9384,3.206737,-0.047764,6.073854,-0.661802,2.255323,3.632034
,3849.88,3857.3,3820.29,3832.12,3832.12,112432988,145528459264,-0.287157,-0.286745,8.474229,9.963914,3.028829,0.104463,6.249942,-0.296358,3.267432,5.166991
,3830.15,3850.94,3827.89,3842.44,3842.44,101129541,135041884160,0.268941,0.269303,8.494056,9.812518,3.028829,0.019828,6.318679,-0.554307,3.440761,4.778038
,3843.26,3860.8,3837.38,3837.82,3837.82,111098191,144132894720,-0.120308,-0.120236,8.154521,9.758134,2.504939,-0.339536,6.276801,-0.398937,3.978357,5.821011
,3826.46,3842.25,3816.82,3837.73,3837.73,100619802,128360894464,-0.002345,-0.002345,5.974162,9.755713,2.57452,-2.180358,6.478304,-0.032055,4.689079,5.497099
,3829.22,3835.39,3811.12,3817.79,3817.79,103948977,135980240896,-0.520932,-0.519578,4.445132,9.776295,2.884283,-1.529031,6.183022,1.673286,4.904969,5.695409
,3810.33,3821.69,3808.38,3820.78,3820.78,81869407,101036335104,0.078287,0.078318,4.408478,9.584923,3.02494,-0.036653,6.261265,1.791858,4.751836,5.915572
,3818.96,3832.57,3818.81,3821.2,3821.2,85655811,109299490816,0.010992,0.010993,4.409512,9.356113,2.963104,0.001033,6.454511,2.110155,4.488449,4.352993
,3821.59,3827.33,3813.75,3822.54,3822.54,93544069,115646337024,0.035061,0.035068,4.26479,9.355586,3.107666,-0.144722,6.463668,2.337644,4.466148,5.009311
,3825.2,3852.22,3825.2,3836.5,3836.5,93306028,116056776704,0.364537,0.365202,4.391828,9.366265,3.107666,0.127038,6.545678,2.178623,3.99072,4.941678
,3910.11,3918.84,3876.03,3882.21,3882.21,135535852,171941462016,1.184409,1.191451,5.938676,9.630011,3.107666,1.546848,5.761683,0.801476,3.509869,5.150449
,3883,3900.74,3855.47,3889.86,3889.86,112532585,157979738112,0.196859,0.197053,5.893432,9.601967,3.107666,-0.045244,6.208453,0.594906,4.139255,5.5388
,3886.82,3913.07,3885.5,3902.69,3902.69,104418150,144152739840,0.329289,0.329832,5.905874,9.572426,3.315329,0.012442,6.318221,1.056994,3.655934,5.632317
,3902.02,3917.44,3897.55,3912.95,3912.95,94340920,123147247616,0.262551,0.262896,5.526444,9.479945,3.032667,-0.37943,6.563761,0.466588,4.080002,5.610224
,3912.98,3927.17,3908.89,3921,3921,90142067,114314854400,0.205516,0.205727,5.479925,9.456457,3.242197,-0.046519,6.988238,0.149085,4.754092,5.920681
,3926.28,3947.42,3913.32,3913.45,3913.45,121355034,150823755776,-0.192739,-0.192553,5.576465,9.159239,2.859277,0.096539,6.816733,0.442363,5.339065,6.811432
,3910.79,3924.61,3900.48,3913.07,3913.07,82241226,106708451328,-0.009711,-0.00971,5.536914,9.162503,2.959529,-0.03955,7.582356,1.177027,4.650619,7.262009
,3914.82,3944.41,3914.82,3944.16,3944.16,100969841,126420381696,0.791377,0.794517,6.062004,8.670377,2.959529,0.52509,7.864099,0.827919,3.230831,6.417859
,3940.58,3944.03,3923.65,3931.25,3931.25,106527252,133189857280,-0.327856,-0.327319,6.060104,8.673521,2.95631,-0.0019,7.919944,1.573063,4.325074,7.206182
,3918.53,3928.96,3910.2,3926.85,3926.85,72980180,94529638400,-0.111986,-0.111924,6.113056,8.594254,2.79034,0.052952,7.842887,2.393425,4.822187,7.323849
,3930.89,3936.27,3920.66,3930.8,3930.8,81484979,100280909824,0.100539,0.10059,6.073854,8.569764,2.79034,-0.039202,7.901085,1.987845,5.277751,8.006697
,3926.23,3959.5,3922.03,3959.4,3959.4,93058153,120192151552,0.724953,0.727587,6.249942,8.535206,2.94793,0.176088,9.426113,1.188045,6.319746,7.038403
,3958.17,3978.09,3954,3976.95,3976.95,88205458,106820308992,0.44227,0.443249,6.318679,8.501858,2.94793,0.068737,9.41812,0.493381,6.111217,7.143113
,3980.05,4013.6,3973.55,3993.58,3993.58,129895465,170488619008,0.417288,0.41816,6.276801,8.523044,3.192505,-0.041878,15.039064,0.088853,2.68841,7.052582
,3992.55,4024.46,3991.35,4021.97,4021.97,126672847,152974831616,0.708376,0.710891,6.478304,8.603197,3.155252,0.201503,14.886912,-0.730414,2.023901,7.53188
,4022.16,4033.34,3960.27,4009.72,4009.72,157387602,193489838080,-0.305042,-0.304577,6.183022,8.625536,2.112495,-0.295282,15.681994,0.278186,0.998312,8.892302
,3995.39,4009.28,3983.26,4006.72,4006.72,109178780,142897205248,-0.074846,-0.074818,6.261265,8.491059,2.030246,0.078243,15.678201,1.179276,1.217994,9.133122
,4007.91,4032.46,3991.32,3996.62,3996.62,130417380,166477139968,-0.252395,-0.252077,6.454511,8.490937,1.917593,0.193246,15.641084,1.27764,1.419337,8.818751
,3994.09,3999.23,3971.38,3997.13,3997.13,126100580,151981363200,0.01276,0.012761,6.463668,8.24279,1.917593,0.009157,16.263067,1.951498,0.22416,9.176888
,3992.35,3999.34,3963.03,3992.7,3992.7,129404439,158142058496,-0.110891,-0.11083,6.545678,8.141542,1.819753,0.082011,16.274826,2.941995,0.136156,7.461699
,3989.18,4021.64,3975.41,4020.89,4020.89,122081160,158911860736,0.703558,0.706039,5.761683,8.188939,1.819753,-0.783995,16.182063,2.630671,-0.050499,5.684998
,4022.4,4064.22,4021.36,4054.25,4054.25,152116664,193990975488,0.826244,0.829667,6.208453,8.313544,1.819753,0.446769,16.013605,1.106271,-0.347894,5.322889
,4051.49,4089.15,4040.58,4048.01,4048.01,150827720,200949739520,-0.154031,-0.153913,6.318221,8.328003,1.705238,0.109768,16.143896,0.631891,-0.798384,4.772841
,4043.07,4076.61,4038.4,4075.9,4075.9,121056335,159247200256,0.686618,0.688981,6.563761,8.325352,1.705238,0.24554,16.338748,0.71166,-2.605852,4.681026
,4070.28,4116.71,4067.66,4111.91,4111.91,141817165,198869835776,0.879606,0.883486,6.988238,7.324884,1.705238,0.424477,16.283917,0.217181,-2.674864,3.869761
,4115.55,4137.65,4115.55,4128.07,4128.07,151446308,205930795008,0.392234,0.393005,6.816733,6.977455,1.817745,-0.171505,17.381216,0.38105,-1.428984,0.503084
,4129.27,4133.55,4086.89,4099.35,4099.35,143236936,199605010432,-0.698156,-0.695725,7.582356,7.202703,3.220351,0.765623,17.815995,2.846153,-2.053706,-1.198809
,4084.21,4102.81,4055.72,4073.67,4073.67,120635697,177753075712,-0.628411,-0.626441,7.864099,7.362271,3.604314,0.281743,18.005853,3.708305,-0.580521,-1.524198
,4063.49,4107.62,4062.27,4105.01,4105.01,121384415,172903882752,0.766387,0.769331,7.919944,7.427606,3.847822,0.055845,17.855266,-0.063601,-1.939759,-6.656656
,4094.08,4122.38,4081.37,4120.85,4120.85,191784120,253079314432,0.385127,0.38587,7.842887,7.439784,3.964649,-0.077057,18.12156,-0.404861,-3.456158,-5.762459
,4093.73,4144.51,4060.96,4143.83,4143.83,137447258,191589638144,0.556103,0.557652,7.901085,7.462085,3.964649,0.058198,17.952237,-2.291595,-3.90104,-5.154951
,4131.85,4220.26,4129.98,4217.7,4217.7,180350820,253302198272,1.766947,1.78265,9.426113,8.145094,3.964649,1.525028,17.281778,-3.913707,-4.420187,-6.12899
,4228.37,4260.64,4191.15,4227.57,4227.57,186477002,254298361856,0.23374,0.234014,9.41812,8.1431,3.964649,-0.007993,17.20376,-4.198498,-4.77394,-4.223663
,4213.38,4214.19,4086.9,4102.4,4102.4,178147228,237536706560,-3.005519,-2.960803,15.039064,10.352173,15.525584,5.620944,14.215897,-2.375397,-0.845756,-0.766139
,4089.47,4116.59,4057.49,4104.2,4104.2,130858040,182912192512,0.043867,0.043877,14.886912,9.892498,15.525584,-0.152152,14.246823,-2.618159,-1.21588,0.345876
,4088.93,4088.93,4037.15,4049.95,4049.95,143455268,183004553216,-1.33063,-1.321817,15.681994,10.06716,15.761775,0.795082,13.484092,-0.770626,-0.207873,0.222718
,4034.21,4056.48,4010.3,4055.82,4055.82,102058094,135539646464,0.144835,0.14494,15.678201,10.048246,16.304768,-0.003793,13.518528,-0.386612,-0.054258,-0.796592
,4061.35,4069.24,4004.69,4053.75,4053.75,124553641,165743341568,-0.051051,-0.051038,15.641084,10.050564,16.67237,-0.037117,14.596057,-0.940082,-1.554794,-0.115021
,4034.01,4052.8,3988,4006.1,4006.1,107983345,145829949440,-1.182418,-1.175455,16.263067,10.352877,15.545215,0.621983,14.225927,-0.878514,0.319003,0.258272
,4003.56,4027.11,3984.38,3998.14,3998.14,97386913,136010928128,-0.198895,-0.198697,16.274826,10.363936,15.392481,0.011759,14.235473,0.130975,0.814802,0.49799
,3989.05,4032.99,3982.32,4018.86,4018.86,102647219,138223054848,0.516903,0.518241,16.182063,10.383464,15.392481,-0.092763,14.9463,1.252186,1.691079,1.179915
,4007.94,4045.93,4006.54,4040.17,4040.17,154087076,196337659904,0.528849,0.53025,16.013605,10.415626,15.392481,-0.168457,14.969841,-0.599541,1.74744,-0.087163
,4027.12,4031.75,3964.81,4015.82,4015.82,109286205,144114954240,-0.604521,-0.602697,16.143896,10.494625,14.796158,0.130291,14.783074,0.849754,2.774767,1.526702
,4003.58,4017.95,3955.99,3971.06,3971.06,90254044,119651201024,-1.12085,-1.114592,16.338748,10.711387,13.865895,0.194851,14.014447,1.377752,4.136075,3.411499
,3962.83,4014.14,3955.44,4003.38,4003.38,89282862,124371230720,0.810594,0.813888,16.283917,10.815135,13.865895,-0.054831,13.884512,-0.564113,3.841453,3.057408
,4006.88,4069.5,4005.27,4069.5,4069.5,97148946,148476588032,1.638114,1.651604,17.381216,11.277071,13.865895,1.097299,12.955883,-2.091006,2.901351,0.533041
,4068.51,4070.15,4015.45,4016.02,4016.02,84338719,123515183104,-1.322878,-1.314166,17.815995,11.638803,13.859876,0.434779,11.763168,0.479672,4.665096,1.417194
,4013.83,4052.69,4004.74,4050.09,4050.09,77546130,115006382080,0.844774,0.848352,18.005853,11.744887,14.572523,0.189858,11.574245,-0.485115,3.767549,1.131085
,4050.9,4057.62,4013.85,4026.15,4026.15,80768863,115086946304,-0.592852,-0.591098,17.855266,11.797085,13.895137,-0.150587,11.230073,1.030402,4.820868,0.749023
,4018.73,4020.27,3974.93,3980.86,3980.86,89044388,118474145792,-1.131271,-1.124896,18.12156,12.056733,13.107532,0.266294,10.050583,1.835416,5.957819,2.31888
,3983.3,4008.07,3967.93,3985.29,3985.29,77853376,111724351488,0.111221,0.111282,17.952237,12.046403,13.107532,-0.169324,10.16753,1.401572,6.629986,2.292302
,3985.82,4035.63,3985.82,4035.33,4035.33,77528986,115998203904,1.2478,1.255618,17.281778,12.265905,13.107532,-0.670459,9.754537,0.452223,5.138845,0.635348
,4036.02,4044.85,4015.63,4030.49,4030.49,90604503,126812876800,-0.120013,-0.119941,17.20376,12.267044,13.214189,-0.078018,9.699848,-0.979351,5.805837,-0.251899
,4023.08,4080.78,4014.65,4067.85,4067.85,96836088,137819521024,0.922665,0.926934,14.215897,12.380134,8.142348,-2.987863,9.410915,-1.210637,5.209929,-4.087219
,4064.91,4076.8,4048.49,4054.6,4054.6,73473684,104426496000,-0.326257,-0.325725,14.246823,12.409001,8.005546,0.030925,9.689216,-0.587477,6.723859,-4.404524
,4057.42,4086.93,4026.45,4041.54,4041.54,91926963,129938837504,-0.322623,-0.322103,13.484092,12.373795,7.525202,-0.76273,9.681169,1.128326,8.101863,-3.225247
,4040.62,4056.86,4015.3,4053.62,4053.62,91118789,119725101056,0.29845,0.298896,13.518528,12.380755,7.525202,0.034436,9.711896,1.415086,7.969386,-5.342986
,4045.28,4047.74,3986.74,3991.21,3991.21,105153577,140516909056,-1.551587,-1.539612,14.596057,12.833836,8.007922,1.077529,7.456452,3.389479,8.954207,-2.46447
,3993,4036.7,3980.24,4018.9,4018.9,118542886,153636696064,0.691379,0.693775,14.225927,12.895981,8.125448,-0.370131,7.404143,2.938558,8.633725,-3.041637
,4022.88,4043.14,4012.87,4030.85,4030.85,90486684,121257037824,0.296904,0.297345,14.235473,12.890429,8.027071,0.009547,10.917902,3.157626,6.510741,-3.63602
,4045.21,4087.78,4045.21,4087.4,4087.4,146935434,178402033664,1.39318,1.40293,14.9463,12.973496,8.027071,0.710826,11.224767,2.462458,4.044418,-5.659961
,4091.46,4140.05,4088.73,4111.39,4111.39,151852219,205726887936,0.58521,0.586926,14.969841,13.012046,8.027071,0.023541,11.178107,2.318115,3.923344,-6.442648
,4114.12,4137.64,4105.89,4128.81,4128.81,134543795,174523555840,0.422806,0.423701,14.783074,13.020729,8.501406,-0.186767,11.583425,1.842536,2.796458,-6.915533
,4133.34,4151.28,4123.28,4138.75,4138.75,149009871,185206292480,0.240458,0.240747,14.014447,13.019585,8.928182,-0.768626,11.692036,2.062545,3.150803,-5.247475
,4140.85,4166.32,4127.31,4160.16,4160.16,173877665,226403872768,0.515973,0.517306,13.884512,13.046512,8.928182,-0.129935,11.617762,1.552253,2.703172,-5.479422
,4157.54,4191.28,4153.5,4189.3,4189.3,139034294,181975080960,0.698012,0.700454,12.955883,13.089174,8.928182,-0.92863,15.8138,1.637629,-0.969283,-7.190588
,4187.2,4211.05,4175.14,4207.81,4207.81,151121667,194850254848,0.440867,0.44184,11.763168,13.103619,8.80179,-1.192714,17.745223,0.953421,-3.810199,-8.339329
,4197.11,4211.8,4181.96,4205.59,4205.59,121578540,170407305216,-0.052773,-0.052759,11.574245,13.033182,8.857613,-0.188923,17.939627,1.553173,-4.711226,-9.908466
,4205.14,4227.39,4199.03,4225,4225,111354793,157606211584,0.460467,0.461529,11.230073,13.020975,9.702857,-0.344172,22.939931,1.419464,-9.537764,-11.962615
,4229.84,4262.93,4216.36,4225.24,4225.24,170907896,234986586112,0.00568,0.00568,10.050583,13.014248,9.749175,-1.179489,23.72727,2.601457,-8.26412,-11.498829
,4215.62,4260.21,4213.13,4258.47,4258.47,161494963,228271226880,0.783388,0.786464,10.16753,13.084474,9.749175,0.116946,24.018195,2.87345,-7.883897,-11.079793
,4261.78,4283.34,4230.54,4248.12,4248.12,214311032,284554358784,-0.243341,-0.243045,9.754537,13.047938,8.847841,-0.412993,24.383404,3.282764,-6.847647,-12.183154
,4259.38,4292.64,4246.68,4271.42,4271.42,172032847,225289687040,0.546979,0.548478,9.699848,13.060835,9.502744,-0.054689,25.769126,2.169019,-5.25556,-12.584527
,4281.94,4316.57,4269.62,4285.4,4285.4,209490570,258554724352,0.326757,0.327292,9.410915,13.053321,9.502744,-0.288933,25.810931,2.213159,-5.130312,-10.883309
,4276.48,4338.48,4275.9,4336.6,4336.6,174643195,233960222720,1.187673,1.194754,9.689216,13.182303,,0.278301,25.787574,-0.800595,-5.162104,-12.456531
,4346.89,4383.57,4346.79,4382.61,4382.61,201867584,257113358336,1.055381,1.060969,9.681169,13.286928,,-0.008047,25.630127,-2.929119,-7.671273,-15.442567
,4389.45,4397.82,4349.09,4389.89,4389.89,219818890,284470808576,0.165973,0.166111,9.711896,13.278825,,0.030727,25.600322,-2.630956,-8.71172,-15.571534
,4381.98,4392.2,4336.24,4365.08,4365.08,195374950,250308091904,-0.566765,-0.565162,7.456452,13.335248,,-2.255443,25.870297,-2.768271,-7.514435,-14.824729
,4352.22,4403.34,4351.49,4381.3,4381.3,177227236,223331307520,0.370897,0.371585,7.404143,13.340049,,-0.052309,25.757461,-2.544364,-8.694457,-14.418822
,4387.06,4395.91,4287.11,4302.02,4302.02,191100355,256176324608,-1.82608,-1.809509,10.917902,13.934795,,3.513759,25.267747,-0.649943,-6.827553,-13.079026
,4286.68,4308.51,4251.57,4256.1,4256.1,139034729,186650566656,-1.073143,-1.067406,11.224767,14.09418,11.333179,0.306865,25.678727,-2.551242,-4.555581,-10.439505
,4234.11,4287.86,4232.77,4275.9,4275.9,145210163,194401800192,0.464136,0.465215,11.178107,14.033314,11.333179,-0.04666,25.603603,-5.415428,-5.757947,-9.749972
,4276.34,4287.39,4214.29,4245.9,4245.9,190002934,239230300160,-0.70408,-0.701607,11.583425,14.118967,10.141544,0.405318,25.95419,-5.665148,-4.044523,-9.228079
,4213.94,4271.76,4181.78,4271.23,4271.23,146066826,191169867776,0.594803,0.596576,11.692036,14.103351,10.141544,0.108611,26.029917,-10.626022,-3.875379,-9.270636
,4204.46,4274.15,4200.14,4274.15,4274.15,161347799,217360146432,0.068341,0.068364,11.617762,14.004057,10.141544,-0.074274,26.118075,-9.415039,-3.487217,-9.859716
,4182.33,4211.52,4131.56,4148.89,4148.89,214910451,279415083008,-2.974442,-2.930641,15.8138,15.306633,16.271021,4.196038,24.124563,-5.276986,-1.399028,-5.948506
,4205.74,4212.57,4048.42,4050.5,4050.5,203127493,261507026944,-2.40005,-2.371478,17.745223,16.022794,16.829806,1.931423,22.566275,-2.084027,0.562297,-3.17033
,4022.88,4071.67,3974.68,4012.05,4012.05,159269985,199061770240,-0.9538,-0.949266,17.939627,16.089307,15.245944,0.194404,22.330816,1.00884,2.074762,-3.016336
,3896.17,3911.29,3759.15,3840.65,3840.65,206349829,246774829056,-4.366071,-4.27213,22.939931,18.297212,21.431832,5.000304,15.539738,5.826915,5.465919,0.607423
,3846.27,3907.84,3828.07,3890.1,3890.1,116182638,149858041856,1.279324,1.287542,23.72727,18.491498,21.431832,0.78734,15.09813,5.703473,4.625182,0.3326
,3925.6,3986.98,3925.6,3935.63,3935.63,112565885,144479354880,1.163611,1.170407,24.018195,18.624444,21.431832,0.290924,14.694802,3.086074,3.546213,-0.366304
,3945.09,3971.4,3923.13,3966.96,3966.96,71081339,93110202368,0.792909,0.796061,24.383404,18.314959,21.012081,0.365209,14.646314,1.418691,2.34415,-1.543246
,4020.97,4058.79,4009.92,4052.73,4052.73,105811571,138334363648,2.139067,2.162109,25.769126,18.871985,21.012081,1.385722,13.057614,-0.089856,-0.802176,-5.012868
,4061.75,4085.2,4035.23,4071.09,4071.09,99458747,128195833856,0.452005,0.453028,25.810931,17.879327,21.012081,0.041805,16.408013,-1.350986,-4.166836,-6.177209
,4093.4,4128.74,4048.98,4118.42,4118.42,137881001,179013095424,1.155882,1.162588,25.787574,18.038901,21.012081,-0.023357,15.649399,-2.466044,-5.966279,-7.613582
,4120.87,4120.87,4051.81,4058.98,4058.98,125934469,169684901888,-1.453788,-1.443272,25.630127,18.079592,19.771068,-0.157448,15.535384,0.186572,-3.655837,-5.721609
,4016.79,4051.71,3991.71,4023.64,4023.64,109343593,152493907968,-0.874474,-0.870662,25.600322,18.166084,19.226692,-0.029805,16.42958,0.322817,-4.600652,-5.613119
,3994.87,4061.03,3986.89,4049.09,4049.09,110199852,146003456000,0.63052,0.632512,25.870297,18.213669,19.219381,0.269975,17.086225,0.701642,-3.904242,-8.386299
,4014.95,4044.42,4006.94,4016.46,4016.46,96165000,130931179520,-0.809125,-0.80586,25.757461,18.126186,18.854812,-0.112836,16.960095,2.274713,-2.980905,-5.477373
,4021.66,4042.83,3995.87,4018.1,4018.1,87952548,118197858304,0.040824,0.040832,25.267747,18.121364,19.992581,-0.489714,16.952375,2.690393,-3.319208,-6.357767
,4034.99,4067.55,3998.93,4066.56,4066.56,138762445,171370655744,1.198828,1.206043,25.678727,18.256497,20.954676,0.410981,16.22726,0.605311,-5.148797,-6.580362
,4063.5,4089.7,4027.94,4036.65,4036.65,106952425,136572305408,-0.738229,-0.735511,25.603603,18.2902,20.415552,-0.075125,16.127983,0.904816,-4.608045,-4.855832
,4038.95,4078.23,4029.71,4077.6,4077.6,91155809,123634638848,1.009344,1.014455,25.95419,18.361822,20.89016,0.350587,15.472999,0.454137,-5.667468,-6.072656
,4088.07,4110.67,4076.45,4108.87,4108.87,113701809,150024118272,0.763947,0.766873,26.029917,18.265289,20.89016,0.075726,16.962256,-1.284724,-4.522899,-7.001958
,4130.71,4139.53,4112.77,4127.67,4127.67,140906739,190367592448,0.456503,0.457547,26.118075,18.21723,20.89016,0.088158,16.881045,-1.30264,-4.695377,-8.808961
,4124.33,4130.28,4087.56,4091.25,4091.25,111766431,141174161408,-0.886254,-0.882338,24.124563,18.011277,20.009327,-1.993512,16.951862,-0.331744,-4.822277,-7.913183
,4076.06,4089.09,4066.49,4073.34,4073.34,99013409,131537960960,-0.438725,-0.437764,22.566275,17.822201,20.073637,-1.558288,17.02026,-0.302174,-5.091426,-6.26565
,4058.71,4098.99,4058.71,4096.16,4096.16,88161157,126882451456,0.558665,0.560228,22.330816,17.775481,21.537062,-0.235459,17.394291,-1.868099,-7.272002,-7.812202
,4096.89,4110.05,4055.82,4056.42,4056.42,84896187,122125340672,-0.974914,-0.970177,15.539738,17.848732,4.841609,-6.791079,17.81627,-3.805839,-7.89077,-7.233231
,4054.62,4074.52,4033.52,4074.25,4074.25,81502881,118183817216,0.438587,0.43955,15.09813,17.708468,4.841609,-0.441608,17.835749,-4.887988,-7.85989,-8.201659
,4045.74,4080.19,4040.31,4077.7,4077.7,80605281,111980232704,0.084642,0.084678,14.694802,17.708086,4.841609,-0.403328,18.655269,-4.115976,-6.742109,-11.874973
,4097.02,4110.12,4046.24,4061.05,4061.05,97609487,139330412544,-0.409154,-0.408318,14.646314,17.549542,5.209772,-0.048489,18.997005,-5.526111,-7.679657,-11.071141
,4062.07,4072.38,4003.72,4020.35,4020.35,89095260,127664336896,-1.00726,-1.002204,13.057614,17.671518,4.969789,-1.5887,18.936004,-3.191922,-6.526791,-11.23898
,3896.74,3928.51,3834.94,3904.94,3904.94,180080448,218905030656,-2.912655,-2.870646,16.408013,18.539056,11.394774,3.350399,18.088176,-0.165055,-1.586161,-7.88394
,3862.69,3883.9,3829.92,3879.89,3879.89,115139128,156604526592,-0.643562,-0.641495,15.649399,18.569307,10.984067,-0.758614,18.004419,0.181027,-1.328148,-8.591144
,3927.49,3936.78,3881.87,3913.27,3913.27,113700710,162291548160,0.856654,0.860334,15.535384,18.658766,11.317405,-0.114016,18.809604,-1.306388,-4.115457,-10.276107
,3865.05,3907.28,3835.88,3842.72,3842.72,101494907,155848949760,-1.819289,-1.80284,16.42958,18.989845,12.064607,0.894197,17.82605,0.315424,-2.259162,-10.512576
,3854.59,3913.96,3794.26,3894.05,3894.05,116629066,164996784128,1.32693,1.335773,17.086225,18.959219,12.064607,0.656645,17.045122,-1.061585,-3.406052,-12.877756
,3893.75,3915.35,3879.21,3898.5,3898.5,97512271,137959280640,0.114212,0.114277,16.960095,18.900789,12.707357,-0.12613,17.351328,0.73272,-2.74346,-10.469666
,3897.01,3937.02,3882.89,3886.92,3886.92,111242665,159356080128,-0.297479,-0.297037,16.952375,18.893352,12.627429,-0.00772,17.387369,1.314224,-2.932265,-13.15032
,3850.15,3878.15,3839.93,3862.48,3862.48,95137370,132049936384,-0.630761,-0.628775,16.22726,18.682306,12.118151,-0.725116,18.301066,0.931831,-0.735126,-12.480834
,3873.63,3898.61,3852.5,3854.86,3854.86,88730609,131593068544,-0.197477,-0.197283,16.127983,18.629494,12.652426,-0.099277,18.766224,0.421435,0.61602,-13.627827
,3851.95,3870.67,3827.41,3852.93,3852.93,84105462,118167273472,-0.050079,-0.050067,15.472999,18.597192,12.718034,-0.654984,18.779629,-1.150397,0.483913,-14.213282
,3860.72,3927.42,3851.8,3927.17,3927.17,106173722,137941299200,1.908517,1.926845,16.962256,19.042331,12.718034,1.489257,17.551633,-4.652596,-0.872358,-15.445544
,3934.17,3958.71,3924.96,3938.34,3938.34,111933020,139989291008,0.284025,0.284429,16.881045,19.016854,12.718034,-0.08121,17.584818,-4.467154,-1.677123,-12.972775
,3935.67,3937.78,3896.18,3898.64,3898.64,82699489,108075565056,-1.013154,-1.008039,16.951862,19.036823,12.738313,0.070817,17.580281,-2.251576,0.2728,-11.718813
,3920.74,3929.95,3866.19,3871.14,3871.14,71544202,98921828352,-0.707874,-0.705374,17.02026,19.037877,12.590241,0.068398,17.410962,-2.890404,1.358799,-12.756135
,3862.47,3869.16,3789.61,3808.86,3808.86,99217769,131566866432,-1.621911,-1.608828,17.394291,19.277612,12.479084,0.374032,16.577277,-1.122888,2.180904,-8.999309
,3812.87,3822.63,3745.44,3748.64,3748.64,90610790,126518751232,-1.593682,-1.58105,17.81627,19.451751,12.803347,0.421979,15.667963,2.49877,3.032275,-7.072089
,3785.31,3789.66,3708.11,3766.28,3766.28,106676705,143077675008,0.469467,0.470571,17.835749,19.495805,12.803347,0.019479,15.924919,1.643754,3.567308,-8.133106
,3774.78,3824.03,3767.8,3811.84,3811.84,99054060,127520120832,1.202424,1.209682,18.655269,19.603931,12.803347,0.81952,15.505503,-1.489324,2.829592,-9.991751
,3801.21,3815.44,3750.1,3760.85,3760.85,99282926,123550662656,-1.346702,-1.337674,18.997005,19.747918,12.569356,0.341737,14.631991,-0.105617,3.79226,-9.169997
,3754.69,3787.4,3735.18,3766.33,3766.33,90356291,111763030016,0.145606,0.145712,18.936004,19.69988,13.125139,-0.061001,15.597255,-0.071182,2.3161,-9.402487
,3769.88,3854.43,3769.88,3843.49,3843.49,114219525,145700511744,2.027976,2.048679,18.088176,20.199933,9.803511,-0.847828,14.103023,-1.322355,-0.424212,-9.565133
,3824.59,3838.69,3817.03,3828.7,3828.7,78172613,105750450176,-0.385549,-0.384807,18.004419,20.000838,10.049605,-0.083758,14.071922,-1.42309,-0.319155,-8.243214
,3823.39,3828.71,3744.89,3755.49,3755.49,87150641,125772304384,-1.930655,-1.912137,18.809604,20.131228,10.726558,0.805186,12.182348,2.073943,2.049685,-4.737843
,3771.04,3776.98,3714.64,3756.88,3756.88,89531727,142113628160,0.037006,0.037012,17.82605,20.121376,10.32274,-0.983554,12.566969,3.190606,1.246695,-4.885471
,3769.93,3787.3,3744.55,3763.65,3763.65,83301036,120083484672,0.180041,0.180203,17.045122,20.130876,10.32274,-0.780928,14.786912,2.828379,-1.076006,-6.232239
,3756.17,3797.53,3732.37,3793,3793,93961119,122740170752,0.776803,0.779828,17.351328,20.201162,10.32274,0.306206,16.427302,2.603822,0.246992,-7.43469
,3784.32,3801.52,3770.94,3774.6,3774.6,71554289,98315255808,-0.486285,-0.485104,17.387369,19.936825,10.087121,0.036041,16.61631,2.569367,-0.106293,-7.123213
,3782.54,3834.59,3776.03,3834.19,3834.19,87286195,126354800640,1.566378,1.57871,18.301066,20.185558,10.522601,0.913697,15.99644,1.939757,-0.696438,-8.61622
,3834.61,3892.07,3833.73,3878.68,3878.68,94215158,135445864448,1.153669,1.160349,18.766224,20.327627,10.276851,0.465157,15.841797,1.164214,-0.863807,-11.787747
,3876.13,3878.94,3855.74,3871.62,3871.62,66712965,92322897920,-0.182187,-0.182021,18.779629,20.296352,9.903065,0.013406,15.844995,0.546594,-0.8891,-13.847545
,3882.84,3894.49,3867.31,3893.06,3893.06,70667809,103255142400,0.552246,0.553773,17.551633,20.289834,9.903065,-1.227996,15.690566,-0.747962,-1.6067,-16.06534
,3902.15,3903.34,3871.95,3872.84,3872.84,73356603,107715457024,-0.520739,-0.519386,17.584818,20.298113,9.680071,0.033185,16.265378,0.777277,-2.436461,-16.81986
,3886.87,3919.3,3886.87,3909.29,3909.29,81976000,122520047616,0.936768,0.94117,17.580281,19.554397,10.265263,-0.004537,15.791082,0.305216,-3.363705,-14.87784
,3920.14,3924.34,3892.92,3924.1,3924.1,76049554,106091905024,0.378125,0.378841,17.410962,18.978553,10.841492,-0.169319,16.434434,-0.456943,-2.533022,-16.882723
,3909.82,3923.34,3889.19,3892.84,3892.84,71913646,106533928960,-0.799806,-0.796616,16.577277,18.949931,10.125045,-0.833685,16.549767,-0.987692,-2.721104,-13.609027
,3895.49,3899.51,3858.85,3864.05,3864.05,59030124,87104163840,-0.742311,-0.739563,15.667963,16.752761,9.120108,-0.909315,16.426692,-0.957717,-2.374735,-12.646504
,3860.16,3903.06,3841.9,3903.06,3903.06,72613957,96823853056,1.0045,1.009563,15.924919,16.67311,9.120108,0.256957,15.930567,-2.242709,-3.909077,-14.083065
,3925.54,3937.46,3913.6,3921.24,3921.24,92641738,120528728064,0.464707,0.465788,15.505503,16.52665,9.120108,-0.419417,19.743813,-2.269231,-7.962456,-15.063206
,3918.82,3918.82,3881.17,3906.21,3906.21,75368778,102883344384,-0.384034,-0.383297,14.631991,16.459489,8.627013,-0.873512,19.943664,-2.651182,-7.183745,-17.107839
,3898.27,3898.27,3854.58,3854.58,3854.58,83722319,110684504064,-1.330554,-1.321742,15.597255,16.041004,8.77558,0.965264,19.850658,-3.463288,-7.028289,-16.241608
,3853.29,3859.1,3823.92,3827.22,3827.22,68345021,93408219136,-0.712336,-0.709805,14.103023,16.052444,8.276014,-1.494232,19.99485,-0.65115,-5.873567,-16.977421
,3823.74,3841.12,3804.13,3816.5,3816.5,70836385,95667544064,-0.280492,-0.280099,14.071922,15.839833,8.420192,-0.031101,20.343372,-1.210228,-6.943841,-15.538512
,3816.26,3846.55,3799.32,3833.26,3833.26,71521132,100001640448,0.438184,0.439146,12.182348,15.636153,5.46705,-1.889574,20.191043,-0.67218,-8.210335,-14.174982
,3824.19,3841.78,3800.67,3804.01,3804.01,81552663,117288579072,-0.765984,-0.763058,12.566969,15.61463,5.217893,0.384621,20.99524,1.080105,-9.500108,-13.972711
,3755.18,3767.89,3722.07,3723.37,3723.37,87913285,115858976768,-2.14266,-2.119868,14.786912,16.092357,8.808256,2.219943,20.182,3.015285,-8.395699,-11.465535
,3749.3,3804.79,3742.53,3802.38,3802.38,92666895,130545422336,2.099801,2.122002,16.427302,16.66946,8.808256,1.640391,20.923677,0.750129,-7.973199,-13.405827
,3789.67,3802.54,3753.84,3770.59,3770.59,77821814,105934864384,-0.83957,-0.836055,16.61631,16.737165,8.694333,0.189008,22.813105,0.239199,-10.111762,-10.152557
,3785.19,3813.41,3776.62,3807.58,3807.58,76624340,115146469376,0.976233,0.981014,15.99644,16.669126,8.694333,-0.61987,22.240983,-0.72751,-11.049269,-11.316839
,3811.29,3845.56,3800.93,3845.32,3845.32,78687360,121261465600,0.986301,0.991181,15.841797,16.765767,8.694333,-0.154642,21.632705,-0.505002,-13.38004,-12.703921
,3839.68,3848.33,3830.9,3837.35,3837.35,73117238,107142041600,-0.20748,-0.207265,15.844995,16.612549,8.650434,0.003198,21.564837,-1.28541,-13.808095,-13.549636
,3846.94,3859.85,3827.69,3831.01,3831.01,80256146,112365711360,-0.165355,-0.165218,15.690566,16.514718,8.735394,-0.154429,22.038341,-1.515997,-12.966485,-13.880573
,3819.45,3819.46,3759.27,3779.62,3779.62,83337336,107818799104,-1.3505,-1.341422,16.265378,16.661392,9.077109,0.574812,24.93483,-0.695339,-8.859191,-12.911065
,3770.21,3792.55,3756.51,3779.98,3779.98,68709834,105597923328,0.009524,0.009525,15.791082,16.592586,9.077109,-0.474296,25.003915,-4.293535,-8.627908,-11.66177
,3783.19,3830.47,3765.26,3825.95,3825.95,73206244,116217139200,1.208808,1.216144,16.434434,16.804638,9.077109,0.643352,24.62967,-5.107665,-11.581911,-14.844813
,3814.62,3817.45,3782.07,3788.34,3788.34,66377971,97185497088,-0.987887,-0.983024,16.549767,16.84284,9.113076,0.115333,26.374831,-5.294877,-8.459108,-14.931769
,3774.64,3808.16,3759.25,3773.37,3773.37,68471322,99234013184,-0.395943,-0.39516,16.426692,16.760411,9.321584,-0.123075,26.511496,-4.456548,-7.729629,-14.084485
,3763.04,3780.34,3737.43,3753.43,3753.43,85488893,109534900224,-0.529841,-0.52844,15.930567,16.739915,9.001858,-0.496126,26.516826,-5.277472,-7.791337,-15.016628
,3702.67,3712.82,3583.02,3621.12,3621.12,160706542,193848799232,-3.588672,-3.525042,19.743813,18.164555,14.736493,3.813246,23.720111,-2.51711,-4.858887,-11.609541
,3602.55,3649.34,3578.17,3635.44,3635.44,86718098,112804814848,0.394678,0.395458,19.943664,18.199297,15.076575,0.199851,23.616632,-4.967546,-5.778512,-12.694829
,3633.56,3673.56,3589.49,3592.97,3592.97,93908552,115584147456,-1.175099,-1.168222,19.850658,18.23492,15.0254,-0.093005,23.389865,-4.830698,-4.690298,-10.446503
,3567.89,3609.08,3542.46,3608.9,3608.9,75117865,89687281664,0.442386,0.443366,19.99485,17.368953,15.622871,0.144192,24.45706,-2.750782,-3.267354,-10.718483
,3625.8,3631.03,3559.03,3560.48,3560.48,79877079,106690347008,-1.350765,-1.341683,20.343372,17.517854,15.201676,0.348521,24.331455,-4.37815,-0.980219,-10.520824
,3521.59,3541.78,3478.21,3531.11,3531.11,84985270,108132167680,-0.82831,-0.824889,20.191043,17.447296,14.61299,-0.152329,24.801283,-3.511114,1.422807,-7.699661
,3525.13,3537.66,3441.79,3459.26,3459.26,81491817,107628896256,-2.055758,-2.034771,20.99524,17.549131,15.0856,0.804197,23.516681,-2.799827,3.367942,-4.335754
,3434.94,3477.06,3416.95,3423.53,3423.53,75918052,98570526720,-1.038251,-1.03288,20.182,17.352738,14.40685,-0.81324,23.608356,-2.39711,3.239466,-3.368472
,3431.96,3512.38,3425.22,3510.98,3510.98,77257032,97616367616,2.522302,2.554381,20.923677,18.227381,14.40685,0.741677,21.960876,-4.243158,0.291516,-2.903922
,3504.46,3506.9,3383.5,3407.96,3407.96,84351450,107601539072,-2.978133,-2.934223,22.813105,19.111108,16.47257,1.889428,18.940839,1.491769,3.094841,-0.829734
,3410.48,3422.04,3319.29,3409.28,3409.28,95278692,129898020864,0.038725,0.038733,22.240983,19.098772,16.47257,-0.572122,18.938423,1.693852,3.129487,0.233208
,3398.78,3418.33,3359.09,3363.75,3363.75,75157998,93648560128,-1.34447,-1.335473,21.632705,19.240201,15.828629,-0.608278,19.778472,1.293127,2.4561,1.177433
,3365.55,3398.49,3330.71,3342.44,3342.44,81587981,97544617984,-0.635534,-0.633519,21.564837,19.254596,15.3608,-0.067868,21.354621,4.063577,0.849649,2.843894
,3347.06,3396.25,3295.73,3365.12,3365.12,86097580,109481943040,0.676254,0.678546,22.038341,18.829061,15.022406,0.473504,22.039719,3.720859,-1.492154,-2.230254
,3378.91,3459.32,3378.91,3459.18,3459.18,76601546,100918861824,2.756794,2.795145,24.93483,19.790201,15.688081,2.89649,19.6916,0.372515,-5.524208,-5.054226
,3464.91,3474.14,3437.27,3467.52,3467.52,69548823,90127446016,0.240807,0.241098,25.003915,19.741315,15.688081,0.069085,22.619033,-0.524514,-2.886226,-5.510853
,3398.93,3427.57,3375.14,3407.53,3407.53,72040950,89661505536,-1.745195,-1.730055,24.62967,19.969496,15.092929,-0.374245,22.511505,0.695734,-2.767789,-8.683825
,3403.33,3499.1,3403.33,3481.06,3481.06,96353564,117805514752,2.134916,2.157868,26.374831,20.318235,15.605955,1.745161,22.992534,-1.526067,-2.428815,-9.3375
,3488.5,3499.76,3474.91,3492.69,3492.69,72955896,99800186880,0.333537,0.334094,26.511496,20.116228,15.364211,0.136664,22.966295,0.005726,-2.54214,-11.077404
,3488.97,3506.24,3459.73,3472.09,3472.09,68281999,90754289664,-0.591549,-0.589803,26.516826,20.101429,15.261429,0.00533,22.930467,1.533646,-2.382651,-11.304175
,3466.42,3467.19,3420.97,3449.38,3449.38,61983076,85720563712,-0.656221,-0.654073,23.720111,19.93322,11.506148,-2.796715,22.892144,3.764584,-2.241863,-10.092256
,3456.61,3479.26,3430.16,3431.32,3431.32,66530330,88556871680,-0.524948,-0.523572,23.616632,19.796084,11.544099,-0.103479,24.301504,4.178908,-4.145582,-11.964447
,3444.8,3466.51,3417.96,3428.34,3428.34,68477716,88804909056,-0.086885,-0.086847,23.389865,19.786845,12.710404,-0.226767,24.313632,3.099066,-4.523021,-8.946295
,3426.46,3505.93,3398.95,3492.89,3492.89,101984727,122196955136,1.865329,1.882835,24.45706,19.712813,12.710404,1.067195,23.359377,0.808089,-7.836499,-6.585692
,3471.86,3527.53,3464.65,3525.75,3525.75,119036626,143960932352,0.936371,0.940768,24.331455,19.83383,13.290397,-0.125605,23.539433,-0.303089,-7.614453,-10.213395
,3530.66,3596.51,3530.66,3581.71,3581.71,156912435,177448955904,1.574716,1.58718,24.801283,19.781074,13.905512,0.469828,23.801863,-1.804434,-7.387455,-11.638385
,3589.51,3589.98,3566.31,3577.75,3577.75,96758500,112176693248,-0.110623,-0.110562,23.516681,19.779691,13.84761,-1.284603,23.790869,-3.711669,-7.840545,-11.336301
,3583.32,3593.92,3528.64,3536.25,3536.25,90349642,105577283584,-1.166727,-1.159947,23.608356,19.89588,13.880015,0.091676,23.750406,-4.786927,-6.309302,-10.818765
,3533.77,3545.41,3512.7,3521.23,3521.23,70178104,81192173568,-0.425648,-0.424744,21.960876,19.821016,13.436224,-1.64748,23.805165,-6.026828,-5.724144,-13.489101
,3520.85,3550.9,3489.55,3515.08,3515.08,82116995,96183099392,-0.174808,-0.174655,18.940839,19.806967,8.464752,-3.020037,25.666314,-7.12728,-3.135636,-12.235596
,3510.47,3528.15,3493.15,3517.66,3517.66,67980818,80022151168,0.073371,0.073398,18.938423,19.498374,8.464752,-0.002416,25.651994,-4.321862,-3.397057,-10.918158
,3530.03,3543.61,3446.78,3447.39,3447.39,90348618,107477213184,-2.017857,-1.997635,19.778472,19.679595,10.229618,0.840048,24.732624,-3.930762,-1.779981,-8.167062
,3434.35,3434.35,3322.1,3370.96,3370.96,101308728,122401284096,-2.241985,-2.21704,21.354621,20.121006,12.463451,1.57615,23.69845,0.785113,-0.59119,-2.423402
,3366.66,3381.34,3315.2,3315.28,3315.28,70796910,91395985408,-1.665549,-1.651755,22.039719,20.265198,12.409198,0.685098,22.980444,2.670873,0.578066,-1.59441
,3312.82,3344.25,3257.69,3273.27,3273.27,77975084,97517989888,-1.27526,-1.267163,19.6916,20.364181,11.966547,-2.34812,22.521997,3.514073,1.472334,-0.924441
,3284.98,3368.96,3263.5,3368.87,3368.87,91783916,107512225792,2.878789,2.920627,22.619033,21.230426,11.966547,2.927433,20.488122,0.11985,-0.147636,-4.460303
,3362.15,3368.16,3311.77,3314.51,3314.51,79284864,90958913536,-1.626758,-1.613597,22.511505,21.374995,11.817025,-0.107527,20.885657,-0.682059,-0.495113,-3.117631
,3303.48,3408.39,3299.62,3397.53,3397.53,91957573,108802314240,2.47389,2.504744,22.992534,22.077235,11.817025,0.481028,18.965214,-3.620272,-4.043846,-7.012501
,3398.41,3424.04,3380.57,3405.02,3405.02,68967299,85634523136,0.220212,0.220454,22.966295,22.069365,11.817025,-0.026239,19.051042,-5.288633,-3.812716,-6.049504
,3369.98,3396.19,3336.7,3390.34,3390.34,76191532,90869288960,-0.43206,-0.431128,22.930467,21.927403,11.94349,-0.035828,19.567915,-3.698156,-4.84264,-4.616585
,3386.48,3391.73,3356.61,3372.91,3372.91,60651446,72121991168,-0.515434,-0.514108,22.892144,21.885835,12.033016,-0.038323,19.541938,-1.381008,-4.508791,-5.10825
,3371.96,3372.14,3288.71,3291.98,3291.98,68174054,83402194944,-2.428667,-2.399412,24.301504,22.335411,13.475392,1.40936,17.842977,0.483945,-2.770735,-1.518466
,3251.86,3315.2,3231.56,3276.73,3276.73,76547366,89269174272,-0.464323,-0.463247,24.313632,22.23255,12.978753,0.012128,18.299498,1.312785,-1.233185,-0.583376
,3305.9,3311.57,3224.1,3229.62,3229.62,67395412,84452454400,-1.448149,-1.437714,23.359377,22.345833,12.547581,-0.954255,17.559958,2.920443,0.38537,1.992028
,3238.22,3267.25,3209.01,3267.25,3267.25,70904228,88963383296,1.158417,1.165153,23.539433,22.540241,12.547581,0.180056,17.487922,4.175727,-1.926152,-1.50612
,3271.84,3331.71,3270.03,3326.65,3326.65,75205583,97925840896,1.801714,1.818043,23.801863,22.890861,12.547581,0.26243,17.773888,2.185964,-1.735013,-3.057093
,3328.97,3328.97,3299.39,3307.95,3307.95,50787057,66548536320,-0.563713,-0.562127,23.790869,22.874616,11.958786,-0.010993,18.340582,2.348895,0.136849,-2.867861
,3308.46,3336.11,3285.81,3320.03,3320.03,61112335,80212787200,0.364516,0.365181,23.750406,22.555415,12.44704,-0.040463,18.293024,0.931185,-0.298636,-5.464335
,3308.48,3353.04,3291.87,3325.33,3325.33,63765898,77197848576,0.15951,0.159637,23.805165,22.058734,12.452399,0.054759,21.176409,0.275383,2.528706,-5.695129
,3339.39,3406.57,3339.26,3406.57,3406.57,94270083,114960965632,2.4137,2.443066,25.666314,22.66973,11.811026,1.861149,19.642684,-2.519309,-0.788938,-8.236249
,3408.15,3416.59,3388.81,3400.17,3400.17,75445363,94945951744,-0.188049,-0.187872,25.651994,22.543684,12.426623,-0.014321,20.042694,-1.072442,0.500778,-6.728077
,3393.05,3398.71,3377.12,3386.57,3386.57,67020403,79072301056,-0.400782,-0.39998,24.732624,22.413767,12.313677,-0.91937,20.042543,-2.645894,0.501315,-7.63435
,3385.81,3402.56,3349.47,3351.09,3351.09,68385290,80226054144,-1.053194,-1.047668,23.69845,22.479996,10.92395,-1.034174,19.920386,-2.667543,2.585436,-5.470586
,3333.38,3356.58,3310.87,3334.5,3334.5,76205629,96091893760,-0.496292,-0.495063,22.980444,22.486424,10.61433,-0.718006,25.561065,-1.719909,-1.316166,-2.230418
,3320.69,3325.61,3291.78,3321.82,3321.82,66429855,81305681920,-0.380992,-0.380267,22.521997,22.367795,10.695732,-0.458447,25.534001,-2.800902,-1.002352,-1.642339
,3324.19,3370.96,3307.96,3363.9,3363.9,67088806,85892034560,1.258819,1.266775,20.488122,22.567043,10.695732,-2.033875,25.063585,-4.241306,-2.476991,-3.383082
,3349.7,3354.2,3298.14,3298.14,3298.14,64301888,80656674816,-1.974234,-1.954874,20.885657,22.664324,11.382804,0.397536,29.696529,-2.957681,-5.420923,-3.595246
,3286.66,3311.5,3253.76,3262.88,3262.88,62300288,79373139968,-1.074843,-1.069087,18.965214,22.677155,10.938361,-1.920443,30.161341,-0.809611,-2.86484,-2.52386
,3273.89,3316.61,3253.73,3277.64,3277.64,63947407,81263439872,0.451341,0.452361,19.051042,22.720123,10.938361,0.085828,30.395562,-1.090547,-4.722548,-4.138608
,3271.38,3277.88,3227.85,3230.07,3230.07,63817052,76175581184,-1.461984,-1.451349,19.567915,22.851764,10.995341,0.516873,30.136026,-0.781668,-4.078884,-2.198874
,3229.71,3245.62,3209.11,3224.21,3224.21,58491305,67722118912,-0.181585,-0.18142,19.541938,21.766834,11.369254,-0.025977,30.256678,1.39277,-3.341601,-1.676396
,3216.99,3225.6,3194.98,3202.02,3202.02,54627899,68887019520,-0.69061,-0.688231,17.842977,21.755209,8.863863,-1.698961,31.238757,3.391529,-5.048131,0.550322
,3239.69,3249.59,3191.4,3236.57,3236.57,67290327,85887963136,1.073227,1.079006,18.299498,21.817759,9.107212,0.45652,32.934716,2.247334,-3.19009,-2.207359
,3242.83,3254.1,3227.94,3242.09,3242.09,60130639,76481212416,0.170406,0.170551,17.559958,21.792039,8.977832,-0.73954,36.433812,5.063779,0.865437,-2.526648
,3224.93,3230.79,3200.51,3204.92,3204.92,52259548,60650940928,-1.153105,-1.146483,17.487922,21.750355,8.738517,-0.072036,37.497365,5.312941,-0.67279,-2.415585
,3193.64,3270.11,3193.64,3269.43,3269.43,70425034,83899138048,1.992853,2.012843,17.773888,22.153319,8.738517,0.285967,36.739326,4.421755,-2.515916,-5.607894
,3262,3335.99,3258.31,3312.48,3312.48,89170665,109395423232,1.30815,1.316743,18.340582,21.975215,9.079753,0.566694,36.373264,2.71336,-3.632605,-7.686034
,3314.88,3332.31,3303.07,3310.13,3310.13,64561057,76660846592,-0.070969,-0.070944,18.293024,21.882822,9.318339,-0.047558,36.407825,3.815256,-4.210827,-8.862288
,3320.7,3410.49,3307.77,3410.49,3410.49,108416005,123573116928,2.986851,3.031905,21.176409,22.135864,9.318339,2.883385,35.718692,-3.569489,-10.293663,-11.559074
,3375.97,3394.38,3367.03,3379.8,3379.8,69054692,82870030336,-0.903944,-0.899871,19.642684,21.357796,8.943939,-1.533725,36.123148,-2.732723,-8.311021,-11.346077
,3388.56,3448.26,3383.24,3417.24,3417.24,93173343,119113318400,1.101667,1.107758,20.042694,21.479712,8.8778,0.40001,36.298376,-4.05021,-8.021879,-12.954448
,3415.95,3423.71,3394.73,3403.59,3403.59,69765240,87573299200,-0.400245,-0.399445,20.042543,21.313067,8.878382,-0.000151,36.521034,-8.568131,-6.888396,-12.938682
,3409.96,3444.99,3404.7,3438.86,3438.86,84377756,94880276480,1.030926,1.036259,19.920386,21.367828,9.23122,-0.122157,38.740726,-8.117818,-4.417647,-13.298402
,3361.56,3364.46,3285.25,3290.9,3290.9,97888988,114164219904,-4.397894,-4.302589,25.561065,23.183258,19.350136,5.640679,35.581631,-5.126291,-0.85631,-10.275402
,3290.17,3309.8,3276.13,3288.69,3288.69,66723274,78372941824,-0.067177,-0.067155,25.534001,22.440091,19.720668,-0.027064,35.637743,-5.877434,-1.394423,-10.366624
,3295.43,3315.73,3256.58,3281.6,3281.6,64492828,79166808064,-0.21582,-0.215587,25.063585,22.431352,19.259129,-0.470415,35.696107,-5.105916,-1.835676,-7.783307
,3179.54,3209.52,3099.04,3124.11,3124.11,120941343,125723082752,-4.918167,-4.799183,29.696529,24.295341,26.032034,4.632944,30.846553,-2.584889,2.798405,-2.259901
,3123.37,3184.12,3094.97,3170.73,3170.73,98611151,104423075840,1.48124,1.492265,30.161341,24.06925,27.278282,0.464812,30.892982,-1.134862,-0.103815,-3.957464
,3173.85,3183.13,3120.23,3126.45,3126.45,69605023,77137698816,-1.406367,-1.396524,30.395562,24.182079,26.012215,0.23422,30.702137,4.497437,2.48576,-1.546221
,3128.58,3166.09,3089.37,3100.97,3100.97,68887721,75206471680,-0.818321,-0.814982,30.136026,24.202835,26.100131,-0.259535,30.640385,2.624427,4.304939,-0.916157
,3140.68,3149.13,3062.55,3118.25,3118.25,76837138,86132695040,0.555698,0.557245,30.256678,24.230204,26.774059,0.120652,30.911052,2.218455,2.742142,-0.755513
,3097.79,3097.79,3043.38,3044.39,3044.39,73771968,79703732224,-2.397139,-2.368636,31.238757,24.648115,26.932275,0.982079,29.594308,4.807055,6.300399,0.765362
,3017.75,3137.75,3009.5,3134.95,3134.95,98839688,110951370752,2.931267,2.974652,32.934716,25.469383,26.932275,1.695959,27.952585,1.226597,3.839899,-0.22226
,3159.56,3297.38,3159.56,3270.27,3270.27,145862044,170651308032,4.225933,4.316496,36.433812,26.696725,26.932275,3.499095,23.890462,-6.09532,0.741221,-4.427095
,3273.13,3276.02,3163.57,3183.43,3183.43,121013240,142589177856,-2.691332,-2.655438,37.497365,27.121381,27.402628,1.063553,23.385146,-2.325291,1.092822,-2.288002
,3169.46,3245.4,3164.29,3188.2,3188.2,110909745,120954388480,0.149726,0.149838,36.739326,26.886,27.402628,-0.758039,23.393341,-1.084208,1.193836,-0.630236
,3107.84,3197.32,3099.89,3194.31,3194.31,106951818,113291747328,0.191461,0.191644,36.373264,26.897126,27.402628,-0.366061,23.437276,-0.54243,0.627895,-0.271789
,3204.28,3218.1,3151.92,3173.64,3173.64,101299354,106070368256,-0.649191,-0.647088,36.407825,26.837614,26.686753,0.034561,24.686944,3.608436,-0.954873,-0.959963
,3157.49,3158.81,3062.58,3076.89,3076.89,91839790,108479492096,-3.095985,-3.04855,35.718692,27.491868,26.21994,-0.689133,21.912261,5.867864,2.069828,2.063779
,3061.93,3146.63,3050.77,3110.26,3110.26,116070100,131767103488,1.078698,1.084537,36.123148,27.621326,27.067534,0.404456,21.616568,4.183876,0.863711,1.547955
,3116.66,3168.92,3106.03,3153.82,3153.82,111207455,117099696128,1.390809,1.400526,36.298376,27.809137,27.067534,0.175228,21.559502,2.135993,0.793025,0.967145
,3185.2,3217.8,3173.1,3177.03,3177.03,132653379,145919303680,0.733238,0.735933,36.521034,27.604183,27.26627,0.222658,21.902635,1.11867,-1.247269,0.212237
,3258.61,3290.25,3222.44,3290.25,3290.25,153466104,178340642816,3.501675,3.563706,38.740726,28.235157,27.26627,2.219692,18.047366,-3.803986,-3.638374,-2.969889
,3269.47,3279.88,3230.36,3262.84,3262.84,109706683,123630923776,-0.836557,-0.833067,35.581631,28.082054,24.453041,-3.159095,20.616944,-1.784221,-0.057942,-2.9346
,3254.98,3254.98,3213.9,3243.15,3243.15,83869138,91703898112,-0.60529,-0.603462,35.637743,27.988222,23.574453,0.056112,20.503478,-0.178072,0.754435,-1.288502
,3243.88,3270.5,3218.42,3221.91,3221.91,91615529,101814919168,-0.657073,-0.654919,35.696107,27.357488,22.856509,0.058364,20.434067,-0.528098,0.929584,0.788032
,3251.73,3253.57,3207.71,3212.77,3212.77,76414541,85221666816,-0.284086,-0.283683,30.846553,27.169802,16.010903,-4.849555,21.90499,0.917105,-0.972728,2.874766
,3193.3,3193.3,3166.31,3167.44,3167.44,84282762,88194191360,-1.42098,-1.410932,30.892982,26.793162,15.193729,0.046429,21.296579,2.808853,0.444795,5.015071
,3160.25,3206.51,3152.44,3205.14,3205.14,88062392,97363050496,1.183208,1.190236,30.702137,26.917307,16.012661,-0.190845,21.228768,2.752899,-1.90182,5.814575
,3164.92,3254.77,3161.1,3237.38,3237.38,126493463,125603045376,1.000859,1.005884,30.640385,27.002048,16.69507,-0.061752,20.949962,-0.587691,-2.42493,4.964028
,3233.64,3239.24,3200.23,3204.94,3204.94,113808658,105386565632,-1.007099,-1.002045,30.911052,27.054899,15.865978,0.270667,20.739346,0.670149,-1.076937,4.088814
,3201.28,3242.38,3198.78,3242.37,3242.37,98558810,100119191552,1.161117,1.167885,29.594308,26.725009,15.680288,-1.316743,21.070778,-0.86545,-0.701946,6.083414
,3242.88,3282.39,3223.72,3257.67,3257.67,126876836,135379804160,0.470767,0.471877,27.952585,26.728108,15.680288,-1.641723,21.761988,-3.568175,-2.857168,5.434588
,3258.79,3294.6,3251.07,3294.6,3294.6,115956595,123188776960,1.127255,1.133632,23.890462,26.65715,15.680288,-4.062123,21.239319,-4.766714,-4.133306,4.664873
,3268.08,3278.78,3213.68,3218.41,3218.41,109361155,114155065344,-2.339732,-2.312572,23.385146,26.988422,14.744499,-0.505317,19.972498,-2.554402,-2.835617,6.73715
,3187.1,3230.26,3185.24,3226.49,3226.49,84119726,87813275648,0.250741,0.251056,23.393341,26.725917,14.744499,0.008195,20.255856,-1.48502,-4.285814,8.710022
,3232.97,3235.45,3199.7,3214.43,3214.43,65098291,70083371008,-0.374481,-0.373781,23.437276,26.713221,14.521179,0.043935,20.345793,-2.417594,-4.681323,14.861877
,3208.59,3212.2,3139.39,3143.48,3143.48,84638254,86864945152,-2.231958,-2.207234,24.686944,27.069653,15.219714,1.249668,19.338611,0.924934,-3.696589,15.885593
,3148.67,3169.44,3131.64,3141.24,3141.24,59379141,61899479552,-0.071284,-0.071259,21.912261,27.064659,12.469733,-2.774683,19.409159,3.740094,-3.335239,15.785753
,3152.77,3162.01,3126.29,3137.24,3137.24,55407831,61946260992,-0.127419,-0.127338,21.616568,26.554874,12.518345,-0.295692,19.496888,4.0746,-3.898767,15.667655
,3137.75,3179.41,3126.62,3178.93,3178.93,74881956,77620551680,1.320123,1.328875,21.559502,26.721908,12.518345,-0.057066,18.675124,2.272553,-5.725594,16.513384
,3198.83,3204.86,3137.65,3137.65,3137.65,80498465,86927613952,-1.307055,-1.29855,21.902635,26.828056,12.077079,0.343133,18.289443,1.39321,-4.803017,18.997312
,3136.2,3175.15,3132.42,3172.69,3172.69,70921044,77297696768,1.11057,1.116759,18.047366,26.875517,12.077079,-3.855269,17.92188,0.279183,-5.242381,18.462557
,3260.69,3273.64,3228.36,3260.95,3260.95,121487158,145828417536,2.743876,2.781866,20.616944,27.480444,12.655246,2.569578,14.370846,-3.628099,-9.361151,16.555836
,3256.23,3267.94,3243.7,3267.71,3267.71,79415040,90543599616,0.207087,0.207302,20.503478,27.475446,13.203627,-0.113465,14.200662,-3.357437,-9.726637,15.323787
,3224.26,3266.9,3219.98,3252,3252,76153052,90909093888,-0.481924,-0.480765,20.434067,27.358749,13.352789,-0.069411,17.444022,-2.534619,-6.877215,11.753153
,3218.11,3223.52,3179.89,3181.67,3181.67,76328771,95678881792,-2.186398,-2.162669,21.90499,27.425646,14.035507,1.470923,16.310899,1.187887,-4.085578,15.898861
,3187.49,3193.82,3176.71,3181.56,3181.56,53361925,66323970560,-0.003457,-0.003457,21.296579,27.344073,15.050067,-0.608412,16.293631,-0.493111,-4.298443,16.580985
,3153.52,3170.15,3134.38,3144.76,3144.76,63437274,73717202944,-1.163407,-1.156665,21.228768,27.419766,14.295865,-0.067811,16.436762,0.521413,-2.130161,16.91118
,3148.23,3161.96,3143.61,3159.82,3159.82,53223877,60014969856,0.477749,0.478892,20.949962,27.286705,14.295865,-0.278806,16.29215,-0.998378,-2.796166,15.740956
,3181.57,3182.21,3160.28,3170.61,3170.61,53309914,60536223488,0.340893,0.341475,20.739346,27.295859,15.06877,-0.210616,16.492353,-2.538728,-2.420718,16.650029
,3178.89,3234.08,3169.42,3219.69,3219.69,90442755,103375478784,1.536108,1.547967,21.070778,27.446015,15.06877,0.331432,15.468712,-4.844826,-4.833091,17.924251
,3207.35,3210.72,3165.91,3165.91,3165.91,84301251,91576901632,-1.684455,-1.670347,21.761988,27.57096,14.635981,0.69121,16.318117,-4.407595,-1.204991,19.145768
,3158.28,3167.51,3134.37,3161.2,3161.2,66497006,77151490048,-0.148883,-0.148772,21.239319,27.568476,14.603824,-0.522669,16.317027,-3.968647,-1.03501,19.333246
,3139.95,3165,3114.47,3128.43,3128.43,63820319,72035450880,-1.042042,-1.036632,19.972498,27.550293,13.022097,-1.266821,16.012547,-3.617552,-0.545207,20.413086
,3133.74,3137.01,3086.76,3091.13,3091.13,55522299,67872922368,-1.199456,-1.192291,20.255856,27.319909,12.536351,0.283358,16.638191,-2.924799,2.461741,21.531976
,3083.54,3097.72,3044.29,3067.42,3067.42,69749463,78181425152,-0.76999,-0.767033,20.345793,27.196213,12.290283,0.089937,16.355787,-2.539288,3.781639,19.900519
,3055.33,3057.4,3007.61,3029.4,3029.4,76758100,84824064000,-1.247224,-1.239478,19.338611,27.292324,10.818666,-1.007183,16.463551,-0.620858,3.691499,20.008715
,3015.5,3040.35,3007.33,3038.2,3038.2,57299615,63880740608,0.290065,0.290487,19.409159,26.518022,10.558117,0.070548,16.48298,-2.285818,3.32919,20.872638
,3006.88,3030.14,2964.88,3017.28,3017.28,78689426,80413569024,-0.690947,-0.688566,19.496888,26.497204,9.848156,0.087729,16.216658,-1.75327,4.583011,21.162342
,3012.87,3029.06,2996.48,3002.03,3002.03,55647032,58574969088,-0.506704,-0.505422,18.675124,26.367259,9.669678,-0.821764,16.097307,1.120931,5.899714,25.457025
,3042.95,3047.23,2990.51,2990.51,2990.51,80541786,81159270400,-0.384479,-0.38374,18.289443,26.366808,9.818902,-0.385681,15.94499,2.110649,6.262523,28.431159
,2994.8,3024.35,2984.82,3010.65,3010.65,71053778,78145310720,0.671206,0.673464,17.92188,26.304401,9.818902,-0.367563,15.889009,1.223121,5.910865,27.693498
,3017.07,3018.78,2958.49,2969.54,2969.54,68663022,76105572352,-1.374894,-1.365486,14.370846,24.949098,9.65964,-3.551034,15.204897,3.602891,6.484492,30.341201
,2963.02,3000.44,2953.25,2964.84,2964.84,70867103,76664799232,-0.158399,-0.158274,14.200662,24.948173,9.818153,-0.170184,15.295634,3.573033,7.683699,31.490902
,2940.19,3036.81,2935.83,3035.87,3035.87,103318971,107141038080,2.367497,2.395745,17.444022,25.485099,10.0345,3.24336,13.978728,1.921878,6.735664,29.000244
,3055.15,3061.75,3035.91,3054.3,3054.3,101164360,105703940096,0.605239,0.607075,16.310899,23.488098,8.455436,-1.133122,14.89958,0.440374,7.933072,28.842583
,3049.87,3055.51,3038.53,3047.7,3047.7,86170586,79628881920,-0.216323,-0.216089,16.293631,23.275911,8.078925,-0.017268,14.758535,2.600342,8.868719,29.314258
,3065.23,3117.96,3062.85,3078.48,3078.48,107364349,117129678848,1.004876,1.009942,16.436762,23.207279,8.257093,0.14313,15.634092,1.616563,9.846555,26.125321
,3077.48,3092.54,3062.57,3072.69,3072.69,85271757,90206871552,-0.188257,-0.18808,16.29215,23.15123,8.331157,-0.144611,15.484084,1.252581,10.185125,26.089191
,3082.26,3102.83,3071.03,3094.78,3094.78,71786424,77420240896,0.716342,0.718914,16.492353,23.170484,8.331157,0.200203,17.62299,2.343731,7.586469,25.043874
,3092.5,3097.41,3064.38,3067.78,3067.78,66121702,68115969024,-0.876265,-0.872437,15.468712,22.706969,8.025355,-1.023642,19.522212,3.769904,11.618451,28.656093
,3071.52,3129.37,3064.67,3127.99,3127.99,88772961,99976892416,1.943645,1.962657,16.318117,22.250409,7.070385,0.849406,19.003734,0.488894,9.496747,26.74793
,3126.13,3135.01,3117.29,3128.65,3128.65,80214341,85781590016,0.021098,0.0211,16.317027,20.43071,6.899796,-0.00109,18.93459,0.395554,9.833189,26.355232
,3132.63,3141.71,3110.06,3111.42,3111.42,80174871,82888208384,-0.552239,-0.550717,16.012547,19.718055,6.741366,-0.30448,18.752458,1.510666,10.117974,28.0922
,3124.5,3171.69,3120.35,3168.17,3168.17,103963835,106780659712,1.807492,1.823926,16.638191,20.074969,6.525712,0.625644,19.188633,0.513174,10.534095,23.952232
,3170.88,3199.21,3170.88,3185.64,3185.64,93915023,105536987136,0.549908,0.551422,16.355787,20.103792,6.836714,-0.282403,26.7532,-0.058404,15.76156,23.238239
,3181.95,3181.95,3135.34,3143.32,3143.32,72990528,78150877184,-1.337364,-1.328461,16.463551,20.247005,7.079105,0.107764,26.62074,1.598509,15.890683,24.850914
,3136.1,3157.63,3131.87,3141.05,3141.05,59870479,62669651968,-0.072243,-0.072217,16.48298,19.203804,7.224483,0.019429,26.665718,0.869484,15.791802,22.708541
,3146.6,3165.63,3125.3,3158.78,3158.78,72934636,80963878912,0.562874,0.564461,16.216658,19.112876,7.589437,-0.266323,26.91015,1.347418,14.983411,20.80356
,3165.18,3203.17,3164.41,3184.47,3184.47,83967729,93207953408,0.809999,0.813289,16.097307,18.972252,8.04198,-0.11935,27.377125,1.956881,16.339263,20.277529
,3203.12,3228.87,3174.72,3183.78,3183.78,82622431,97371496448,-0.02167,-0.021668,15.94499,18.913365,8.525074,-0.152318,27.220293,3.781198,17.537806,20.628884
,3177.26,3200.99,3148.23,3193.97,3193.97,77658335,85943910400,0.319549,0.32006,15.889009,17.468678,8.525074,-0.05598,27.165845,4.180974,17.794072,14.290274
,3181.66,3202.9,3167.89,3168.48,3168.48,63746516,73005121536,-0.801268,-0.798066,15.204897,17.462036,7.174125,-0.684112,26.425652,6.964954,19.432494,16.065178
,3182.7,3216.07,3178.01,3201.63,3201.63,86247839,97509924864,1.040808,1.046243,15.295634,17.563587,7.409793,0.090736,27.35495,6.074459,17.366725,13.583927
,3225.73,3247.5,3207.72,3247.4,3247.4,82019640,94766411776,1.419462,1.429584,13.978728,17.757123,7.409793,-1.316906,32.335396,2.772683,11.894705,10.299583
,3239.81,3307.06,3239.81,3306.47,3306.47,98818435,114752356352,1.802648,1.818994,14.89958,18.119216,7.409793,0.920852,32.417692,4.125753,12.051367,12.064771
,3306.35,3335.36,3298.63,3330.34,3330.34,122232463,122834100224,0.719325,0.721918,14.758535,17.907808,7.743806,-0.141045,32.416071,3.228369,12.010709,9.677115
,3337.78,3405.58,3329.14,3397.03,3397.03,163828332,168866263040,1.982712,2.002498,15.634092,18.190226,7.743806,0.875558,32.36463,1.603197,9.194786,7.0496
,3392.85,3415.4,3381.98,3402.14,3402.14,151127291,138649288704,0.150312,0.150426,15.484084,18.092952,8.016833,-0.150009,32.608841,1.185431,8.351998,9.122312
,3391.24,3395.03,3335.87,3338.7,3338.7,143668603,141555060736,-1.882314,-1.864709,17.62299,18.404352,10.57441,2.138907,31.557288,5.291357,11.484278,11.456237
,3366.42,3445.74,3366.42,3445.74,3445.74,182886090,180449742848,3.155718,3.206038,19.522212,19.340431,11.565611,1.899222,31.204394,7.913013,11.138891,5.72487
,3454.72,3480.79,3419.07,3439.61,3439.61,179083786,185762746368,-0.178059,-0.177901,19.003734,19.333212,11.15439,-0.518478,31.309599,6.88283,10.854012,5.050525
,3449.93,3463.77,3421.51,3451.93,3451.93,147390310,145570263040,0.35754,0.35818,18.93459,19.220954,11.15439,-0.069144,31.355052,6.354166,10.535067,6.03804
,3450.14,3500.25,3431.63,3442.71,3442.71,180143288,185197154304,-0.267454,-0.267097,18.752458,18.565738,11.431859,-0.182132,31.271113,6.376103,10.840319,5.829834
,3439.38,3520.12,3417.98,3520.12,3520.12,187237975,202869288960,2.223613,2.248519,19.188633,19.062197,11.431859,0.436175,30.691976,6.318342,8.53614,1.797325
,3575.85,3729.48,3574.69,3729.48,3729.48,342557123,376382394368,5.777373,5.947525,26.7532,22.248807,11.431859,7.564567,24.980469,1.717841,0.35732,-3.702807
,3734.71,3762.11,3679.27,3684.69,3684.69,358038697,387632861184,-1.208242,-1.200972,26.62074,21.856955,11.128716,-0.13246,24.936582,3.501898,0.426533,-1.297224
,3682.81,3737.63,3638.33,3678.39,3678.39,286236006,307306147840,-0.171124,-0.170978,26.665718,21.864468,10.933542,0.044978,25.242683,4.510176,1.751646,-0.166788
,3675.26,3695.46,3650.05,3669.37,3669.37,184810220,206010957824,-0.245517,-0.245216,26.91015,21.874814,10.370457,0.244432,25.275968,3.730732,1.59592,-0.14891
,3699.22,3749.71,3668.77,3749.71,3749.71,204711004,235620622336,2.165852,2.189477,27.377125,22.117015,10.370457,0.466975,27.600542,-2.487678,3.218047,-2.93707
,3783.04,3886.58,3764.78,3794.1,3794.1,323490127,376397283328,1.176872,1.183825,27.220293,21.943156,10.468285,-0.156832,28.723046,-1.70524,4.63083,-4.427243
,3785.38,3816.16,3770.79,3816.01,3816.01,230853166,261464121344,0.575815,0.577476,27.165845,21.887813,10.468285,-0.054448,28.711419,-1.602388,3.98856,-4.941916
,3822.86,3855.16,3787.52,3848.09,3848.09,318077371,331155615744,0.837155,0.840669,26.425652,21.322892,11.429128,-0.740193,28.880907,-3.272754,4.424215,-6.706817
,3841.15,3845.18,3778.8,3808.85,3808.85,329846548,359339151360,-1.024961,-1.019727,27.35495,21.488733,10.662139,0.929299,28.612575,-2.940268,6.440478,-5.719656
,3721.4,3774.54,3656.19,3657.58,3657.58,317990077,349296693248,-4.052558,-3.97154,32.335396,23.190574,21.193163,4.980446,23.60619,2.362256,10.369875,-2.572744
,3663.98,3731.91,3650.81,3729.95,3729.95,230912865,268718460928,1.95931,1.978631,32.417692,22.926427,21.193163,0.082296,22.984118,3.213276,8.858143,-3.248209
,3758.32,3804.72,3723.68,3755.35,3755.35,274926382,325180620800,0.678666,0.680974,32.416071,22.934932,21.193163,-0.001621,22.975644,2.071672,8.43483,-0.965139
,3758.71,3763.09,3708.81,3724.19,3724.19,233682248,286171049984,-0.833211,-0.82975,32.36463,22.856246,19.885987,-0.051442,24.409863,2.943478,7.08398,-0.892486
,3710.29,3747.82,3673.85,3698.49,3698.49,190817236,231820148736,-0.692475,-0.690083,32.608841,22.939078,18.857768,0.244211,24.199297,3.673751,7.552068,-0.354827
,3713.94,3782.24,3713.94,3745.01,3745.01,175174543,224194363392,1.249966,1.257811,31.557288,23.027857,19.394482,-1.051552,24.09317,2.343219,5.973127,-2.436103
,3753.64,3851.75,3733.68,3851.75,3851.75,216928059,276473450496,2.81033,2.850193,31.204394,23.469156,19.394482,-0.352895,23.991566,-2.868558,5.898751,-5.248075
,3856.59,3868.34,3815.22,3833.96,3833.96,181727109,224096890880,-0.462938,-0.461868,31.309599,23.159754,19.087103,0.105206,23.847543,-3.544648,6.397171,-4.435526
,3825.34,3855.15,3790.51,3835.44,3835.44,175632090,215406993408,0.038595,0.038602,31.355052,23.146756,19.087103,0.045453,23.955913,-2.429254,5.986976,-3.165249
,3840.28,3864.07,3823.47,3836.89,3836.89,196310310,231993446400,0.037798,0.037805,31.271113,22.980106,19.872154,-0.08394,24.1351,-2.868296,7.133907,-0.218384
,3838.13,3845.58,3786.59,3833.8,3833.8,171356992,198518386688,-0.080566,-0.080534,30.691976,22.773387,19.335617,-0.579136,25.932964,1.00025,4.881997,0.003652
,3776.44,3807.18,3741.61,3742.83,3742.83,198586330,223396564992,-2.401447,-2.372842,24.980469,23.356763,19.586433,-5.711507,24.053713,5.991352,7.119359,2.596103
,3766.53,3770.84,3687.55,3700.44,3700.44,173046579,196547809280,-1.139028,-1.132565,24.936582,23.326557,19.580516,-0.043888,23.402938,7.063925,8.533698,2.689401
,3724.41,3750.26,3703.45,3743.39,3743.39,138758454,177507528704,1.153989,1.160673,25.242683,23.386804,20.011096,0.306101,25.013727,7.182745,5.165093,1.351623
,3731.06,3755.72,3710.08,3728.4,3728.4,133272128,172604391424,-0.401243,-0.400439,25.275968,23.339328,19.789243,0.033285,25.559732,8.57529,4.224229,2.814331
,3739.77,3876.38,3739.77,3872.34,3872.34,215639104,283022299136,3.787979,3.860637,27.600542,24.303525,19.789243,2.324574,21.807079,4.66415,0.720219,-1.214627
,3901.17,3982.91,3901.17,3973.93,3973.93,271382705,340799401984,2.589655,2.623478,28.723046,24.642743,19.789243,1.122504,19.667616,2.522073,-1.539752,-0.963882
,3986.34,3988.1,3956.51,3971.29,3971.29,226000340,281892057088,-0.066455,-0.066433,28.711419,24.663872,19.553473,-0.011627,28.837724,2.843881,-7.492358,-0.862879
,3947.87,4026.5,3939.78,4022.16,4022.16,231917368,284826497024,1.272809,1.280944,28.880907,24.417488,19.553473,0.169488,28.629848,-0.612989,-7.791531,-3.250287
,4039.74,4072.11,4021.71,4062.23,4062.23,260410939,313539432448,0.991301,0.996231,28.612575,24.397607,20.732674,-0.268332,28.374336,-1.828678,-10.223276,-4.767686
,4097.1,4122.6,4017.49,4057.23,4057.23,267505577,324670451712,-0.123161,-0.123085,23.60619,24.126603,11.729483,-5.006385,28.729774,-2.034492,-11.964997,-4.126903
,4063.81,4084.24,4038.28,4075.43,4075.43,182956808,243187912704,0.447579,0.448582,22.984118,24.125364,11.729483,-0.622072,32.165754,0.253884,-8.844739,-6.924125
,4062.44,4115.38,4035.47,4085.85,4085.85,194687613,278282027008,0.255352,0.255679,22.975644,24.086492,11.729483,-0.008474,32.336759,0.034014,-10.768423,-7.433825
,4083.46,4097.12,3990.24,3997.58,3997.58,169049641,236259155968,-2.184061,-2.160383,24.409863,24.673985,14.175768,1.434219,31.754158,1.846475,-9.229166,-5.418369
,3986.78,4006.93,3961.46,3988.62,3988.62,135862118,178795937792,-0.224387,-0.224136,24.199297,24.677996,14.53993,-0.210566,33.154023,3.25559,-6.781754,-5.23413
,4056.49,4085.39,3974.23,3975.52,3975.52,182645571,236298723328,-0.328975,-0.328434,24.09317,24.720011,13.899891,-0.106126,33.272751,1.25209,-6.001168,-4.285976
,3958.1,4085.79,3943.49,4085.79,4085.79,202041966,250569207808,2.735954,2.773725,23.991566,25.019245,13.899891,-0.101605,32.168238,-1.64795,-11.312772,-6.616842
,4080.72,4106.62,4057.5,4087.24,4087.24,180367117,228824428544,0.035483,0.035489,23.847543,24.846696,14.650846,-0.144023,32.102505,-1.408122,-12.200658,-7.107048
,4085.11,4094.05,4056.24,4072.08,4072.08,146562122,187812687872,-0.3716,-0.37091,23.955913,24.888364,13.958532,0.108371,32.841425,-3.251138,-10.484003,-6.793255
,4076.3,4120.64,4046.2,4120.61,4120.61,150794911,194701692928,1.184729,1.191774,24.1351,24.847349,13.958532,0.179187,32.218442,-5.777973,-12.144392,-8.93507
,4125.97,4126.09,4015.47,4025.61,4025.61,189353746,244380549120,-2.332476,-2.305484,25.932964,25.337951,15.507105,1.797864,31.898599,-3.161529,-11.620812,-5.558284
,4021.63,4061.09,4005.28,4019.01,4019.01,155611651,204121505792,-0.164085,-0.16395,24.053713,25.362053,13.626212,-1.879251,32.013371,-2.667759,-11.179486,-6.086725
,4033.63,4044.34,3967.81,4030.09,4030.09,145498696,186497961984,0.27531,0.27569,23.402938,25.10772,14.25231,-0.650775,32.495733,-8.962131,-10.257455,-6.144644
,4013.6,4022.56,3938.33,3941.82,3941.82,159722071,197530996736,-2.214616,-2.190274,25.013727,25.662748,15.467728,1.610789,32.243271,-5.773879,-7.083527,-3.143663
,3921.89,3943.83,3887.25,3889.27,3889.27,142008069,186572136448,-1.342107,-1.333141,25.559732,25.900145,15.439644,0.546004,32.032364,-5.872215,-5.96906,-0.987045
,3896.58,3953.23,3875.45,3900.33,3900.33,153870927,203946553344,0.283969,0.284372,21.807079,25.882387,15.439644,-3.752653,31.975298,-8.021066,-6.875336,-1.076452
,3887.18,3923.11,3885.15,3913.21,3913.21,116233377,161665925120,0.329684,0.330228,19.667616,25.871549,15.439644,-2.139463,31.87699,-4.782914,-7.518321,-1.517638
,3775.08,3791.61,3647.14,3684.62,3684.62,197472883,254115401728,-6.019061,-5.841496,28.837724,28.972374,29.012363,9.170108,23.912202,-0.432185,-1.438119,4.916979
,3702.27,3738.18,3671.83,3720.67,3720.67,132847654,183659159552,0.973636,0.978391,28.629848,28.928702,29.012363,-0.207877,23.761565,-2.050624,-3.3395,3.035954
,3648.55,3722.93,3642.5,3667.46,3667.46,112867356,145058488320,-1.440444,-1.430119,28.374336,29.091958,27.526916,-0.255511,23.281311,1.612844,-1.936858,3.641448
,3637.35,3656.9,3584.82,3599.7,3599.7,101037394,141829095424,-1.864882,-1.8476,28.729774,29.294613,26.540729,0.355438,22.552724,3.929337,-0.977622,4.022243
,3643.06,3732.92,3589.29,3730.45,3730.45,148003848,195067170816,3.567836,3.632247,32.165754,29.930831,26.540729,3.43598,18.84762,-2.214149,-3.261613,-1.4788
,3675.76,3702.9,3658,3668.73,3668.73,103391859,135053926400,-1.668332,-1.654492,32.336759,30.15341,25.305655,0.171006,20.987443,-1.398221,1.368455,-0.887062
,3630.44,3683.26,3630.44,3645.15,3645.15,102313459,135262867456,-0.644804,-0.642729,31.754158,29.955666,25.584236,-0.582602,21.043564,0.591638,1.2527,-0.652854
,3674.99,3741.04,3674.99,3727.09,3727.09,110161769,152534548480,2.223025,2.247918,33.154023,30.264944,25.915328,1.399865,19.437237,-2.107048,-1.125141,-1.562959
,3720.04,3745.14,3707.9,3743.96,3743.96,116258273,139851939840,0.451611,0.452632,33.272751,29.971414,26.280737,0.118728,19.525906,-4.367554,-2.408061,-2.993925
,3744.88,3745.36,3637.58,3648.76,3648.76,128453245,154092351488,-2.575649,-2.542762,32.168238,29.851224,25.202606,-1.104513,17.236616,-1.514664,0.165946,1.370216
,3635.74,3644.5,3583.83,3617.79,3617.79,108963476,134194262016,-0.852404,-0.848782,32.102505,29.909544,24.483448,-0.065733,16.966508,0.535081,1.367961,1.316961
,3619.44,3690.09,3610.68,3666.78,3666.78,111022920,133071380480,1.345055,1.354142,32.841425,30.016373,24.576561,0.738921,16.930847,0.149338,1.331778,0.425082
,3663.15,3679.27,3634.75,3649.38,3649.38,98346127,121775243264,-0.47566,-0.474531,32.218442,30.030308,24.349533,-0.622984,19.691396,0.397359,4.792102,1.215259
,3629.53,3631.47,3578.11,3583.96,3583.96,99897782,125611970560,-1.808896,-1.792633,31.898599,29.94772,24.20479,-0.319843,18.157624,1.583947,6.742466,3.470908
,3584.9,3623.39,3580.79,3593.91,3593.91,80934049,101337497600,0.277241,0.277626,32.013371,27.456954,23.974976,0.114772,18.163975,0.993405,6.656229,5.341283
,3592.6,3648.03,3556.26,3637.2,3637.2,108830871,133399052288,1.197341,1.204538,32.495733,27.470503,23.974976,0.482362,18.490142,-0.142794,4.413159,4.055274
,3633.02,3683.23,3627.79,3672.26,3672.26,117886241,148966334464,0.959312,0.963928,32.243271,27.541822,25.211693,-0.252461,18.32899,-2.029852,3.270057,2.938223
,3642.54,3693.23,3637.35,3663.91,3663.91,93355441,120002035712,-0.227639,-0.22738,32.032364,27.541173,26.45423,-0.210908,18.534164,-1.840014,4.559161,3.476083
,3648.85,3650.97,3612.62,3641.18,3641.18,94202560,112864079872,-0.622308,-0.620376,31.975298,27.194155,25.678398,-0.057066,18.350661,-2.123352,4.94049,4.816772
,3641,3668.18,3627.54,3629.79,3629.79,89222267,108264202240,-0.313301,-0.312811,31.87699,27.078485,25.243109,-0.098308,20.376202,-0.526206,8.094191,3.681474
,3640.61,3672.81,3613.13,3632.01,3632.01,100723180,123902447616,0.061142,0.061161,23.912202,27.046273,12.25147,-7.964787,20.382367,2.374389,8.067598,4.966546
,3632.56,3636.13,3584.46,3598.47,3598.47,87097093,109467238400,-0.927746,-0.923456,23.761565,27.031838,11.72018,-0.150637,20.554283,2.541576,7.880745,5.517103
,3627.79,3634.45,3593.95,3597.11,3597.11,88642020,114634227712,-0.037801,-0.037794,23.281311,26.965025,12.56934,-0.480254,20.762377,2.424561,7.392447,5.22854
,3601.04,3601.04,3557.02,3564.68,3564.68,85534403,104367267840,-0.905646,-0.901557,22.552724,25.735709,11.80552,-0.728586,20.210232,2.498897,8.815715,6.381888
,3578.01,3623.73,3568.28,3610.74,3610.74,92375060,117346607104,1.283845,1.292122,18.84762,25.547803,11.80552,-3.705105,22.215874,1.213411,5.182227,6.372395
,3617.52,3723.14,3617.52,3719.28,3719.28,143482806,180899074048,2.961736,3.006032,20.987443,26.246411,11.746555,2.139823,19.831945,-1.398715,1.966143,3.548027
,3706.86,3711.88,3683.94,3691.1,3691.1,119178852,132296097792,-0.760558,-0.757674,21.043564,26.23717,11.707655,0.056121,19.601913,0.670716,2.558097,5.145583
,3689.58,3697.59,3654.27,3685.39,3685.39,96331717,110459904000,-0.154816,-0.154696,19.437237,26.200975,11.626689,-1.606326,19.584196,3.810195,2.672765,6.307152
,3690.48,3709.65,3650.91,3654.88,3654.88,101817004,116584259584,-0.831309,-0.827864,19.525906,26.121944,11.132301,0.088669,19.311205,4.782973,4.123254,7.727503
,3654.44,3683.77,3645.5,3654.82,3654.82,72976678,93092581376,-0.001642,-0.001642,17.236616,25.437848,7.821652,-2.289291,19.307124,4.97562,4.529984,8.346205
,3661.13,3675.65,3638.78,3667.62,3667.62,70692265,89472839680,0.349611,0.350222,16.966508,25.441127,8.079112,-0.270107,19.449677,3.580279,3.72565,7.651671
,3761.34,3771.35,3715.13,3715.94,3715.94,125595715,172574179328,1.308872,1.317476,16.930847,25.597833,8.079112,-0.035661,19.003346,2.087617,2.35897,5.60332
,3718.94,3845.79,3717.19,3828.52,3828.52,168872074,227726983168,2.984663,3.029651,19.691396,26.343907,8.452601,2.760549,16.036032,0.164419,-1.58278,3.688711
,3832.73,3856.09,3817.31,3833.94,3833.94,153635154,199961616384,0.141469,0.141569,18.157624,26.345067,5.858029,-1.533772,16.51388,-0.218029,-0.679938,3.177511
,3836.31,3853.55,3819.77,3841.27,3841.27,100084621,143644733440,0.191005,0.191187,18.163975,25.867101,5.858029,0.006351,16.65145,2.431366,-1.563469,1.291969
,3837.43,3838.06,3755.01,3801.31,3801.31,124075912,169358794752,-1.04573,-1.040281,18.490142,25.849588,6.1856,0.326167,16.277435,3.511645,-0.300347,2.821209
,3779.51,3809.76,3771.72,3794.33,3794.33,81820283,112106860544,-0.18379,-0.183621,18.32899,25.74961,6.107243,-0.161152,16.506687,2.580835,0.669807,3.370053
,3807.54,3854.08,3805.83,3834.82,3834.82,105316357,156483420160,1.061465,1.067119,18.534164,25.82118,6.242886,0.205174,16.324984,0.993272,0.422853,2.595355
,3832.06,3835.23,3803.05,3825.59,3825.59,84766139,116512051200,-0.240979,-0.240689,18.350661,24.620192,6.360154,-0.183503,16.305425,1.751874,0.858394,1.686611
,3899.33,3936.67,3886.91,3935.81,3935.81,158370340,217470251008,2.8404,2.881124,20.376202,24.7388,6.631086,2.025541,12.514331,-3.43817,-2.093508,-0.886327
,3931.05,3942.43,3918.94,3937.17,3937.17,131863496,173997043712,0.034549,0.034555,20.382367,24.738787,6.631086,0.006165,12.64297,-3.727066,-1.7125,-1.695449
,3927.44,3927.44,3878.84,3893.53,3893.53,111992604,163145732096,-1.114599,-1.10841,20.554283,24.692008,7.016608,0.171916,12.439048,-2.781071,-1.50529,-1.3547
,3895.2,3906.89,3854.69,3873.1,3873.1,99342257,142669254656,-0.526098,-0.524717,20.762377,24.613292,6.468815,0.208094,12.634293,-2.295121,-1.814141,-0.5294
,3875.37,3900.31,3857.93,3893.2,3893.2,74006528,116236521472,0.517622,0.518964,20.210232,24.643447,6.579122,-0.552145,13.334559,-2.193564,-3.81585,-2.041398
,3875.75,3875.75,3775.03,3802.79,3802.79,109539087,147198418944,-2.349643,-2.322254,22.215874,25.056412,11.000248,2.005642,12.49591,0.561167,-3.399414,0.913301
,3798.1,3811.1,3774.76,3793.13,3793.13,74842732,113147604992,-0.254347,-0.254024,19.831945,25.045971,10.672016,-2.383928,12.903753,0.360791,-4.22166,1.312423
,3807.95,3810.4,3774.23,3786.74,3786.74,72833948,101355479040,-0.168605,-0.168462,19.601913,24.675736,10.930295,-0.230032,12.921765,0.471588,-4.463652,2.294726
,3806.19,3830.74,3774.41,3785.22,3785.22,75311964,113674616832,-0.040148,-0.04014,19.584196,24.674349,11.067434,-0.017718,14.021751,-0.44535,-3.110583,3.287572
,3783.07,3820.24,3774.52,3808.73,3808.73,75465966,107007922176,0.619179,0.6211,19.311205,24.711157,11.603746,-0.272991,13.99844,-0.020219,-4.709117,3.72397
,3792.64,3844.87,3745.85,3824.19,3824.19,101205222,142493044736,0.405088,0.40591,19.307124,24.032507,11.800695,-0.004081,15.606923,-1.117832,-3.325713,2.888181
,3819.25,3828.33,3799.87,3806.84,3806.84,80730952,108449681408,-0.454723,-0.453691,19.449677,24.040804,11.172599,0.142553,15.798366,-0.445718,-3.77665,2.997819
,3800.11,3820.27,3787.9,3804.64,3804.64,95183885,116766781440,-0.057807,-0.057791,19.003346,24.035292,10.956845,-0.446331,15.957891,0.398454,-3.265666,3.120103
,3793.19,3793.39,3768,3768.4,3768.4,87496445,111669366784,-0.957087,-0.952521,16.036032,23.941902,10.58508,-2.967314,15.756028,2.170052,-1.994063,2.644378
,3787.51,3828.15,3787.51,3807.96,3807.96,88086149,117797527552,1.04431,1.049782,16.51388,23.624554,10.58508,0.477848,15.317239,1.320304,-2.591619,1.895801
,3813.5,3816.54,3765.44,3781.68,3781.68,92101376,117810446336,-0.692526,-0.690133,16.65145,23.656182,10.140023,0.13757,17.141852,1.901327,0.248522,2.975123
,3783.54,3792.96,3768.76,3789.91,3789.91,71313347,103866609664,0.217392,0.217628,16.277435,23.652539,10.378413,-0.374015,17.127736,2.099492,-0.057538,2.119127
,3803.59,3840.06,3803.57,3819.83,3819.83,90940685,129940586496,0.786365,0.789465,16.506687,23.304933,10.67801,0.229252,16.876749,0.405738,-1.001641,1.32217
,3821.39,3851.07,3812.95,3851.07,3851.07,93740416,125899501568,0.814511,0.817837,16.324984,23.214095,10.67801,-0.181703,16.627186,-1.243722,-1.505932,1.180211
,3835.23,3863.59,3832.52,3858.57,3858.57,83259300,110929727488,0.194562,0.194751,16.305425,23.209876,11.053787,-0.019559,16.842514,-2.922371,-0.982112,1.747472
,3857.94,3862.75,3842.43,3854.27,3854.27,84814369,111679107072,-0.111502,-0.11144,12.514331,23.199261,10.811984,-3.791094,17.561607,-4.744075,-2.319209,1.441457
,3861.57,3890.73,3861.57,3870.32,3870.32,94123955,120480280576,0.415557,0.416421,12.64297,19.561314,10.811984,0.128639,18.233066,-6.236226,-1.388552,0.538811
,3856.75,3856.75,3830.09,3835.36,3835.36,82151155,111083892736,-0.907389,-0.903284,12.439048,19.574925,10.612687,-0.203922,18.005594,-5.739433,-0.858352,1.331003
,3819.32,3831.26,3791.55,3803.47,3803.47,84114181,117649162240,-0.834949,-0.831473,12.634293,19.416624,10.66665,0.195245,17.798183,-3.591563,-0.349766,3.840665
,3729.13,3754.53,3720.06,3747.44,3747.44,108335898,141874786304,-1.484087,-1.473128,13.334559,19.27046,10.912599,0.700267,16.946719,-3.086831,1.382023,5.973641
,3724.41,3739.5,3675.69,3675.69,3675.69,101325980,133061099520,-1.933207,-1.91464,12.49591,18.27401,9.545271,-0.83865,15.699037,0.634868,4.589582,8.525574
,3609.11,3649.9,3575.86,3636.33,3636.33,129833871,167267479552,-1.076594,-1.070819,12.903753,18.085948,9.492194,0.407843,14.932191,0.805802,5.803544,9.153227
,3654.63,3659.08,3621.43,3621.43,3621.43,84238715,108667666432,-0.410596,-0.409754,12.921765,18.057448,9.227416,0.018012,14.811843,1.669574,7.051138,9.739082
,3651.36,3675.46,3646.94,3669.29,3669.29,88457708,114981617664,1.312921,1.321577,14.021751,17.668697,8.940645,1.099986,14.586713,0.67117,6.744969,7.952581
,3686.75,3689.18,3628.12,3633.53,3633.53,85295580,116355690496,-0.979356,-0.974575,13.99844,17.746667,8.559431,-0.023311,13.747393,2.097279,8.313367,7.153574
,3647.87,3699.1,3643.32,3699.1,3699.1,82083057,121129345024,1.788492,1.804581,15.606923,17.342894,8.559431,1.608484,12.791497,2.456403,7.141934,5.383271
,3675.59,3686.43,3658.01,3665.75,3665.75,76500303,103764320256,-0.905659,-0.901571,15.798366,17.354712,8.359669,0.191443,12.198425,3.273394,7.702671,6.193847
,3712.07,3717.56,3680.61,3682.4,3682.4,91202591,128301670400,0.453176,0.454204,15.957891,17.159443,7.685602,0.159524,12.828543,2.66248,6.510016,5.891328
,3618.01,3694.3,3612.11,3694,3694,88598833,119241080832,0.314517,0.315012,15.756028,17.140898,8.100468,-0.201863,13.097477,2.658183,7.265553,4.837499
,3697.94,3738.1,3687.08,3710.54,3710.54,88319168,132696911872,0.446754,0.447753,15.317239,16.731247,8.100468,-0.438789,13.346749,2.929811,6.449068,5.18304
,3736.03,3791.09,3720.69,3791.09,3791.09,139327012,195448938496,2.147616,2.170843,17.141852,17.266523,8.472657,1.824613,13.346215,-0.666404,2.606916,4.031235
,3786.03,3799.9,3778.73,3787.73,3787.73,108602089,149115342848,-0.088668,-0.088629,17.127736,17.114419,9.108146,-0.014116,13.376188,0.768478,3.179094,3.122301
,3778.31,3792.6,3775.45,3781.76,3781.76,82299881,121688506368,-0.157739,-0.157614,16.876749,17.018667,9.294587,-0.250986,13.340701,0.549027,3.701887,2.811681
,3793.86,3797.33,3771.2,3793.51,3793.51,85807793,120708136960,0.31022,0.310702,16.627186,17.017026,9.294587,-0.249563,13.338043,-0.087556,3.678434,1.477884
,3796.88,3829.36,3788.03,3820.86,3820.86,87954583,137802153984,0.718382,0.720968,16.842514,17.009934,9.294587,0.215328,13.978216,-0.558236,1.810328,1.489818
,3756.36,3778.87,3753.16,3765.91,3765.91,93859269,142350987264,-1.4486,-1.438158,17.561607,17.279127,8.966572,0.719093,12.744963,2.164716,3.526391,3.28437
,3791.46,3848.24,3790.87,3816.95,3816.95,124731479,181748785152,1.346214,1.355317,18.233066,17.47861,8.966572,0.67146,12.381082,0.95587,1.405603,1.525398
,3818.81,3822.59,3790.14,3802.58,3802.58,88750812,137667276800,-0.377189,-0.376479,18.005594,17.37879,9.350721,-0.227472,12.648397,2.170057,1.008941,1.558308
,3805.49,3808.6,3774.4,3790.19,3790.19,84083387,126475677696,-0.326363,-0.325831,17.798183,17.398043,9.72395,-0.207412,12.59603,3.503173,1.634507,1.010133
,3816.68,3828.97,3778.92,3799.59,3799.59,96695150,152408670208,0.247702,0.248009,16.946719,17.277081,9.596665,-0.851463,13.13888,3.844513,0.392429,0.955263
,3803.69,3855.78,3799.82,3848.32,3848.32,110289349,164994457600,1.274352,1.282507,15.699037,17.274328,7.502235,-1.247683,12.489915,3.18722,-0.276867,0.071954
,3852.58,3856.68,3833.76,3853.61,3853.61,97714632,146270633984,0.137368,0.137463,14.932191,16.217621,7.526379,-0.766845,12.491132,2.704929,-0.269461,-0.098398
,3848.65,3886,3846.42,3886,3886,126628616,176839745536,0.836998,0.840511,14.811843,16.203214,8.037266,-0.120348,12.470349,1.128452,-0.29276,-0.171016
,3909.21,3970,3909.21,3925.32,3925.32,181656230,244681224192,1.006753,1.011837,14.586713,16.304105,8.037266,-0.22513,12.412972,1.191753,-0.346815,-0.585869
,3946.69,3948.54,3922.34,3948.51,3948.51,121882376,181718269952,0.589042,0.59078,13.747393,16.215272,8.341431,-0.83932,12.819071,0.232981,0.11972,-1.352909
,3980.96,3985.24,3954.88,3972.95,3972.95,146809754,209545388032,0.61706,0.618968,12.791497,16.243565,8.341431,-0.955896,12.695557,-2.078616,-0.92804,-1.843491
,3976.87,3976.92,3938.74,3959.27,3959.27,130889385,184494350336,-0.344923,-0.344329,12.198425,16.267466,7.919748,-0.593072,12.695607,-1.250183,-0.928202,-1.437823
,3969.68,3971.22,3922.95,3930.1,3930.1,131594875,190165008384,-0.739479,-0.736752,12.828543,16.173487,7.42538,0.630118,12.431493,-0.145649,-0.124247,-0.999354
,3944.69,3975.93,3933.44,3972.38,3972.38,110241272,156750651392,1.070054,1.0758,13.097477,15.155529,7.42538,0.268935,12.728604,-0.928936,-2.627112,-0.104778
,3981.36,3982.2,3943.37,3957.72,3957.72,110259804,154736553984,-0.369731,-0.369048,13.346749,15.180195,6.911904,0.249272,12.782383,-1.708929,-1.961648,0.750891
,3947.16,3947.16,3879.49,3891.22,3891.22,113694318,154899300352,-1.694537,-1.68026,13.346215,15.593169,9.110301,-0.000534,11.39436,0.25307,0.119685,3.79674
,3902.99,3923.15,3902.51,3910.08,3910.08,82056151,130159558656,0.48351,0.484681,13.376188,15.460496,9.142038,0.029973,11.466595,-1.005013,-1.00243,3.089813
,3923.96,3924.38,3897.07,3924.38,3924.38,85984238,127421792256,0.365054,0.365721,13.340701,15.466414,9.181362,-0.035487,11.363264,-2.143918,-1.378076,2.585055
,3933.46,3942.22,3921.41,3935.65,3935.65,103455954,153162588160,0.286768,0.287179,13.338043,15.332247,9.181362,-0.002658,11.603394,-2.131483,-0.992292,2.052154
,3925.19,3925.19,3868.21,3890.66,3890.66,94036224,139223506944,-1.149724,-1.14314,13.978216,15.516208,8.781048,0.640173,11.175724,-1.976135,0.919256,1.945654
,3895.87,3927.01,3886.14,3901.08,3901.08,87783229,142341398528,0.267463,0.267821,12.744963,14.378645,8.375961,-1.233253,11.259842,-1.638542,0.234276,2.327937
,3887.55,3889.84,3867.23,3870.98,3870.98,89520835,133224464384,-0.774573,-0.771581,12.381082,14.462164,7.761944,-0.36388,11.037629,-0.719194,0.52176,3.050155
,3884.7,3890.75,3840.25,3841.14,3841.14,102698301,150806749184,-0.773851,-0.770864,12.648397,14.369403,7.440058,0.267315,10.645149,0.868356,1.180414,4.700165
,3843.46,3859.5,3832.25,3852.65,3852.65,74003948,109130485760,0.299203,0.299651,12.59603,14.345404,7.420435,-0.052367,12.079831,1.521851,2.555924,4.302553
,3842.07,3857.23,3813.55,3814.53,3814.53,65931313,100487270400,-0.994376,-0.989449,13.13888,14.442742,6.927789,0.54285,11.446882,3.571804,4.199189,6.767896
,3818.59,3861.64,3818.59,3837.68,3837.68,76657861,118365683712,0.605056,0.60689,12.489915,13.667965,6.927789,-0.648965,11.453241,2.536048,4.21286,6.528446
,3822.61,3845.34,3805.07,3843.24,3843.24,75854513,112406208512,0.144774,0.144879,12.491132,13.658815,6.927789,0.001217,11.689978,2.046188,3.619144,7.733219
,3838.49,3877.14,3829.43,3874.64,3874.64,79222694,127474044928,0.813699,0.817019,12.470349,13.748366,6.927789,-0.020783,11.448827,1.296965,2.980704,6.744038
,3885.52,3922.37,3868.84,3911.73,3911.73,93412577,139817299968,0.952698,0.95725,12.412972,13.874178,6.927789,-0.057377,11.238404,-1.088544,1.554426,5.412817
,3944.86,3983.81,3934.73,3953.24,3953.24,122393610,167857131520,1.055576,1.061167,12.819071,13.978434,6.927789,0.406099,12.4091,-1.848387,-1.279513,5.103487
,3953.16,3953.16,3928.15,3936.25,3936.25,85273948,125117108224,-0.4307,-0.429774,12.695557,13.995765,6.858525,-0.123514,12.335232,-1.030891,-0.830623,4.375885
,3939.28,3964.05,3919.02,3922.69,3922.69,83229706,128558534656,-0.345085,-0.34449,12.695607,13.980736,6.85818,0.000051,12.285455,-1.324411,-0.580622,5.978736
,3929.39,3935.81,3913.92,3925.22,3925.22,64863744,99991851008,0.064476,0.064497,12.431493,13.978956,7.318721,-0.264115,12.297957,-1.399478,-0.494441,5.88568
,3935.42,3940.54,3864.97,3869.38,3869.38,82321139,122186928128,-1.432811,-1.422595,12.728604,14.158477,7.582957,0.297112,11.462828,0.705885,0.199058,8.293979
,3865.34,3884.74,3856.04,3880.84,3880.84,74182917,110858235904,0.295734,0.296171,12.782383,14.014987,7.413573,0.053779,11.758721,1.171974,0.69562,7.662286
,3896.31,3897.44,3870.55,3895.88,3895.88,68918566,102843371520,0.386796,0.387545,11.39436,13.951208,6.121629,-1.388023,12.191293,0.367661,1.304635,6.721197
,3892.68,3901.42,3862.2,3871.08,3871.08,70198625,99733598208,-0.638605,-0.63657,11.466595,14.017369,5.78248,0.072235,12.528131,0.519177,0.945637,6.934344
,3877.92,3890.2,3852.58,3870.67,3870.67,71334574,105096949760,-0.010592,-0.010591,11.363264,13.929867,6.89106,-0.103331,12.660851,0.414571,0.487871,7.084871
,3871.77,3899.72,3849.03,3896.79,3896.79,77453619,126677483520,0.672552,0.674819,11.603394,13.898374,6.89106,0.24013,12.937679,1.416732,-1.208259,7.155187
,3904.98,3927.8,3897.82,3926.59,3926.59,97406021,150762201088,0.761823,0.764732,11.175724,13.97726,6.860114,-0.42767,12.911578,1.303798,-1.239766,4.669978
,3929.71,3932.37,3910.23,3910.23,3910.23,82257075,139611418624,-0.417517,-0.416647,11.259842,14.004453,6.560177,0.084118,12.91716,2.340042,-0.476296,5.514841
,3904.72,3908.1,3883.45,3891.23,3891.23,77872924,122610503680,-0.487089,-0.485905,11.037629,14.018835,6.559699,-0.222213,12.884455,2.37819,-0.401965,2.854358
,3906.86,3907.15,3878.88,3886.75,3886.75,86714540,135012425728,-0.115197,-0.115131,10.645149,13.891086,6.968862,-0.39248,12.932452,2.668646,-0.631047,-5.239142
,3883.81,3956.08,3876.42,3952.39,3952.39,100689613,151471063040,1.674713,1.688815,12.079831,14.178856,6.968862,1.434682,11.565043,0.520353,-3.180297,-4.31055
,3964.01,3985.36,3964.01,3978.12,3978.12,104193856,154485362688,0.648889,0.650999,11.446882,13.854271,6.869516,-0.632949,11.251544,-1.906898,-3.636355,-3.832843
,3982.12,4030.64,3970.87,4002.81,4002.81,112911880,163317854208,0.618727,0.620645,11.453241,13.227974,6.869516,0.00636,11.064151,-2.507435,-3.864039,-2.607647
,4006.33,4007.5,3973.78,3984.88,3984.88,97312952,139859763200,-0.448942,-0.447935,11.689978,13.042228,6.428629,0.236737,11.035113,-2.153577,-3.44808,-2.156398
,3984.55,4005.38,3975.55,3991.87,3991.87,87254899,117751554048,0.175259,0.175413,11.448827,12.989339,6.428629,-0.241151,11.47082,-2.17818,-2.85896,-1.918651
,4017.67,4022.04,3971.57,3973.01,3973.01,97106949,139026673664,-0.47358,-0.47246,11.238404,12.828418,6.061076,-0.210422,11.684994,-2.443912,-1.793481,-0.518582
,3948.62,3948.62,3897.55,3902.98,3902.98,94155620,130330083328,-1.778363,-1.762643,12.4091,13.222663,8.466475,1.170695,9.855046,0.126746,-0.193116,2.06539
,3905.96,3914.88,3877.74,3903.69,3903.69,76543068,108828237824,0.01819,0.018191,12.335232,12.757659,8.875993,-0.073868,9.866594,1.104367,-0.084828,1.430156
,3905.28,3908.42,3882.43,3899.98,3899.98,76749079,112057147392,-0.095083,-0.095038,12.285455,12.594648,9.172459,-0.049777,9.863069,0.201848,0.071001,2.225072
,3905.93,3916.95,3895.14,3905.86,3905.86,87008445,119791566848,0.150656,0.15077,12.297957,12.573989,9.172459,0.012502,9.903942,-0.417166,-0.380666,4.298645
,3908.49,3915.1,3877.09,3877.09,3877.09,83730916,115423019008,-0.739312,-0.736586,11.462828,12.681565,7.969548,-0.835129,11.770643,-0.701432,2.323276,4.548461
,3874.44,3913.1,3868.32,3907.93,3907.93,76645993,107085819904,0.792295,0.795442,11.758721,12.743794,7.969548,0.295894,11.586026,-0.763412,2.016919,3.603246
,3904.1,3947.04,3902.38,3947.04,3947.04,82161024,123227172864,0.995811,1.000786,12.191293,12.153003,7.969548,0.432572,12.011165,-1.41327,2.372421,4.885483
,3940.13,3943.23,3901.99,3907.86,3907.86,76815332,118003064832,-0.997602,-0.992643,12.528131,12.344046,8.314882,0.336837,11.353281,-0.828426,3.146605,5.999553
,3894.54,3901.83,3875.97,3889.6,3889.6,69130537,104147771392,-0.468359,-0.467263,12.660851,12.382946,7.773547,0.13272,11.171535,-0.704346,3.475261,6.06585
,3894.17,3918.84,3833.5,3849.99,3849.99,91042639,146981163008,-1.023577,-1.018357,12.937679,12.562188,7.645573,0.276828,10.379136,-0.555307,4.252704,6.871664
,3850.97,3878.25,3839.42,3878.21,3878.21,106066289,140851077120,0.730316,0.732989,12.911578,12.565026,7.645573,-0.026101,11.409245,-1.092791,2.266164,4.901103
,3893.43,3899.11,3869.59,3891.65,3891.65,111513536,140213633024,0.345953,0.346552,12.91716,12.199112,7.963632,0.005582,11.541599,-1.047701,2.569958,4.845912
,3883.43,3889.98,3862.7,3875.62,3875.62,76437304,107238821888,-0.412758,-0.411908,12.884455,11.933467,8.018086,-0.032705,11.387302,-0.667926,2.93036,1.648776
,3877.9,3887.69,3852.01,3862.3,3862.3,65230118,87081787392,-0.344279,-0.343687,12.932452,11.928914,7.660528,0.047996,11.512994,0.440733,4.150798,5.229905
,3857.19,3861.66,3804.83,3828.67,3828.67,74144330,116200558592,-0.874538,-0.870725,11.565043,12.050351,7.327931,-1.367409,10.856396,1.90717,4.926927,6.635995
,3835.51,3854.75,3829.31,3836.06,3836.06,77412173,109992591360,0.192831,0.193017,11.251544,12.046385,7.327931,-0.313499,11.688913,1.536341,6.205062,7.020519
,3829.21,3851.12,3811.63,3851.09,3851.09,73611241,108703715328,0.391043,0.391808,11.064151,11.785449,7.327931,-0.187393,11.68693,1.271776,6.179625,8.83294
,3841.66,3852.99,3831.07,3849.82,3849.82,79683384,109646344192,-0.032983,-0.032978,11.035113,11.782213,7.927325,-0.029038,12.170736,1.365504,7.562155,7.230943
,3863.61,3883.4,3859.82,3879.36,3879.36,89051192,129357594624,0.76438,0.767309,11.47082,11.761057,7.927325,0.435707,12.2322,0.300114,6.622295,2.990641
,3885.06,3902.39,3878.7,3902.39,3902.39,78648888,116424777728,0.591899,0.593655,11.684994,11.639048,8.293066,0.214174,12.441035,1.672845,5.651872,4.51767
,3909.53,3911.97,3885.25,3895.45,3895.45,95353807,130873098240,-0.177998,-0.17784,9.855046,11.576481,5.880778,-1.829948,12.419758,2.33678,6.576116,3.356752
,3886.44,3900.96,3882.09,3900.38,3900.38,86262927,121118412800,0.126478,0.126558,9.866594,11.504143,5.880778,0.011548,13.488666,3.561615,5.291336,1.287195
,3907.16,3909.39,3890.34,3902.75,3902.75,99765481,127690403840,0.060745,0.060763,9.863069,11.486848,5.7172,-0.003525,13.911371,3.277453,6.488357,-0.190817
,3908.45,3908.45,3886.12,3891.02,3891.02,84708329,117874315264,-0.30101,-0.300557,9.903942,11.405049,5.548939,0.040873,13.781934,3.43876,6.760787,-4.284236
,3928,3969.46,3925.28,3968.22,3968.22,148571348,201018884096,1.96463,1.984056,11.770643,11.905489,5.76285,1.866701,12.632917,1.227996,5.771644,-6.737201
,3970.71,3987.59,3953.51,3987.55,3987.55,148486671,202154897408,0.485938,0.48712,11.586026,11.921662,5.76285,-0.184617,12.798413,-0.514166,4.949747,-9.222133
,3987.74,4067.14,3984.52,4041.8,4041.8,201162936,251637866496,1.351313,1.360485,12.011165,11.690802,5.76285,0.425138,12.399888,-1.215733,3.044142,-11.879145
,4039.72,4057.64,4025.34,4032.78,4032.78,151351764,197620207616,-0.223417,-0.223168,11.353281,11.672021,5.142376,-0.657884,12.501386,-1.044671,2.842102,-9.884699
,4034.62,4038.54,4014.9,4027.15,4027.15,117900559,152553807872,-0.139703,-0.139606,11.171535,11.659938,5.352449,-0.181745,12.457109,-0.028809,3.12174,-13.167324
,4032.15,4046.73,4014.93,4017.25,4017.25,121267663,158460231680,-0.246134,-0.245831,10.379136,11.663515,3.827631,-0.792399,12.528042,0.118916,4.110742,-10.271296
,4014.69,4032.17,3964.38,3967.1,3967.1,122816246,162048262144,-1.256224,-1.248366,11.409245,11.711631,5.981881,1.030109,13.334766,2.846107,3.643579,-6.363449
,3971.56,3994.51,3963.67,3992.96,3992.96,95989046,122499162112,0.649746,0.651862,11.541599,11.770456,5.981881,0.132354,13.254464,2.561967,3.42118,-7.672716
,3988.66,4000.56,3976.36,3990.87,3990.87,94938890,131896467456,-0.052356,-0.052342,11.387302,11.649733,6.23032,-0.154298,17.740824,3.96387,0.325963,-7.29612
,3993.67,4025.99,3993.54,4025.99,4025.99,108860641,140814966784,0.876159,0.880009,11.512994,11.641605,6.60713,0.125692,33.874135,2.91223,-8.758893,-9.145992
,4029.25,4066.8,4019.72,4022.03,4022.03,150926410,195090415616,-0.098409,-0.098361,10.856396,11.637902,5.975908,-0.656598,35.549416,2.632115,-6.057179,-8.720148
,4015.52,4083.69,4001.5,4081.63,4081.63,155971489,216814661632,1.470967,1.481839,11.688913,11.769299,5.975908,0.832517,35.341923,1.907394,-6.40155,-10.492152
,4077.75,4098.14,4069.01,4096.58,4096.58,123264259,173119348736,0.365606,0.366275,11.68693,11.736707,5.975908,-0.001983,36.103689,0.383487,-4.923234,-9.253051
,4121.35,4172.66,4121.35,4152.24,4152.24,182116772,270105530368,1.349547,1.358694,12.170736,12.009024,6.190603,0.483807,35.627514,0.291706,-6.270473,-11.174852
,4161.22,4164.3,4131.86,4144.96,4144.96,142826245,215216287744,-0.175481,-0.175327,12.2322,11.938997,5.835602,0.061464,35.718878,0.438607,-5.681986,-8.741326
,4120.52,4170.64,4102.38,4129.3,4129.3,175309952,250182070272,-0.378524,-0.377808,12.441035,11.850189,5.517152,0.208835,35.972602,1.792617,-4.376973,-8.829395
,4137.4,4161.25,4135.1,4160.23,4160.23,139489032,196389060608,0.746246,0.749037,12.419758,11.759166,5.803444,-0.021277,35.994336,0.710412,-4.31761,-9.246319
,4139.63,4149.81,4101.98,4112.32,4112.32,167585851,212406263808,-1.158302,-1.151619,13.488666,11.987791,6.905657,1.068908,35.857393,1.314421,-3.776352,-8.712987
,4145.53,4165.66,4143.59,4164.37,4164.37,136886323,200150351872,1.257766,1.265709,13.911371,12.197293,6.905657,0.422706,35.612716,-0.368802,-4.334286,-10.394021
,4177.58,4180.98,4148.48,4163.18,4163.18,113031718,177827414016,-0.02858,-0.028576,13.781934,12.199929,7.149384,-0.129437,36.653173,-0.200288,-2.081477,-8.453775
,4166.93,4203.99,4148.6,4203.99,4203.99,119691983,199795490816,0.975487,0.98026,12.632917,11.903914,7.149384,-1.149017,36.449204,-0.432906,-3.546459,-10.172799
,4215.16,4223.51,4188.08,4189.89,4189.89,129320783,196221263872,-0.335959,-0.335396,12.798413,11.93856,6.78517,0.165495,36.444429,-1.820334,-3.363419,-9.704729
,4186.88,4193.87,4150.88,4166.73,4166.73,104633137,163081932800,-0.554293,-0.552759,12.399888,12.006918,6.523058,-0.398525,37.420123,-0.838695,-0.53108,-8.179201
,4174.82,4175.29,4142.18,4149.04,4149.04,100267643,156242505728,-0.425457,-0.424554,12.501386,11.957849,6.472295,0.101499,37.392936,-3.56081,0.010845,-7.390554
,4162.19,4177.03,4141.64,4154.85,4154.85,98725683,166591590400,0.139934,0.140032,12.457109,11.955045,6.64512,-0.044278,37.415624,-11.909441,-0.53115,-8.715908
,4170.74,4185.96,4149.49,4185.83,4185.83,122409147,202692288512,0.742869,0.745635,12.528042,11.969834,6.931346,0.070933,37.308844,-10.049005,-1.491782,-8.639412
,4165.02,4165.02,4113.33,4114.31,4114.31,130527506,204586881024,-1.723387,-1.708622,13.334766,12.473001,8.644666,0.806724,37.06427,-7.199022,-1.00864,-7.167161
,4093.8,4141.18,4046.49,4131.93,4131.93,126758764,208136151040,0.427347,0.428261,13.254464,12.449847,8.644666,-0.080302,37.044083,-5.782447,-1.145226,-8.454123
,4093.32,4103.52,3972.39,4003.9,4003.9,160357604,250409357312,-3.147572,-3.098552,17.740824,14.067193,15.484338,4.48636,37.587975,-2.632567,-1.607547,-4.62936
,3639.91,3732.16,3639.91,3688.36,3688.36,157559647,243303104512,-8.208697,-7.880816,33.874135,22.005894,38.371336,16.133311,24.405701,5.989136,9.838,4.267043
,3652,3786.86,3652,3785.64,3785.64,213933327,298165768192,2.603305,2.637487,35.549416,22.402188,39.717934,1.675281,23.101627,4.312321,7.766247,2.127181
,3801.1,3866.01,3781.61,3828.53,3828.53,174925524,264042921984,1.126596,1.132966,35.341923,22.489056,39.717934,-0.207493,22.950596,3.991335,7.217007,2.171609
,3841.75,3914.92,3806.96,3899.78,3899.78,176462236,262820089856,1.843922,1.861028,36.103689,22.786103,39.717934,0.761766,23.291698,1.530368,7.576548,0.930835
,3879.55,3899.88,3849.71,3899.87,3899.87,151731758,237508816896,0.002308,0.002308,35.627514,22.770566,39.717934,-0.476175,24.344052,2.227893,5.93926,0.639511
,3872.37,3920.17,3861.01,3916.01,3916.01,148406968,229625442304,0.413006,0.41386,35.718878,22.785193,41.259115,0.091364,27.770872,4.039116,2.050333,1.208447
,3926.42,3970.52,3915.71,3952.46,3952.46,143441674,219307118592,0.926489,0.930794,35.972602,22.849864,43.205326,0.253724,28.551716,2.623132,3.242771,0.195131
,3945.67,3984.43,3940.67,3984.43,3984.43,126710321,200776708096,0.80561,0.808863,35.994336,22.607429,43.205326,0.021734,28.923054,1.664602,1.098246,-0.608964
,3985.88,3999.55,3950.14,3959.92,3959.92,145001843,228605964288,-0.617044,-0.615144,35.857393,22.646826,43.665717,-0.136943,29.704115,4.559694,-0.227789,0.210137
,3954.23,4001.56,3954.02,3987.73,3987.73,143239803,222895075328,0.699832,0.702287,35.612716,22.687555,43.665717,-0.244677,29.981121,3.976329,-2.344888,-1.579975
,3999.65,4077.45,3999.65,4077.42,4077.42,182778970,273067819008,2.224229,2.249149,36.653173,23.125649,45.386374,1.040457,32.24503,1.350039,-8.963546,-4.120609
,4069.83,4076.39,4027.79,4057.51,4057.51,163236219,242552516608,-0.489495,-0.488299,36.449204,23.093877,43.034191,-0.203968,32.24501,1.621771,-8.962387,-3.373576
,4049.59,4085.17,4042.85,4051.31,4051.31,169046441,257554534400,-0.15292,-0.152803,36.444429,23.049824,43.290952,-0.004775,32.68372,0.534445,-10.80846,-2.374368
,4062.9,4148.53,4055.81,4144.66,4144.66,212232625,310835589120,2.278047,2.304193,37.420123,23.418996,45.799596,0.975694,31.018002,-1.452841,-14.392207,-5.185397
,4134.87,4184.44,4130.17,4149.49,4149.49,217213604,326564003840,0.116468,0.116535,37.392936,23.310799,48.481144,-0.027187,32.145059,-5.179202,-12.737646,-5.847922
,4131.84,4149.01,4097.18,4132.84,4132.84,212869304,326387802112,-0.402061,-0.401254,37.415624,23.30429,45.835922,0.022689,33.606981,-1.540291,-15.757914,-7.765214
,4066.3,4126.71,4020.91,4123.85,4123.85,244167831,372213719040,-0.217763,-0.217526,37.308844,23.196452,43.738953,-0.10678,35.726934,-0.790976,-12.890256,-7.409995
,4070.1,4132.78,4061.13,4073.02,4073.02,261094062,366022418432,-1.240245,-1.232586,37.06427,23.324209,43.881025,-0.244575,37.493464,1.026625,-8.998388,-5.041473
,4084.08,4110.53,4067.44,4084.88,4084.88,181290980,282050207744,0.290761,0.291184,37.044083,23.321812,43.881025,-0.020186,37.396088,2.939327,-9.94867,-6.036011
,3988.73,4031.15,3928.07,3940.05,3940.05,230275092,330358906880,-3.609894,-3.545514,37.587975,24.50136,44.461429,0.543891,35.618427,4.914241,-6.014536,-2.139967
,3968.84,4092.54,3968.84,4069.67,4069.67,219313559,317426204672,3.23685,3.289806,24.405701,25.353636,19.391439,-13.182273,33.120103,-1.798531,-10.225099,-5.107773
,4125.14,4147.65,4067.91,4091.36,4091.36,219369777,330802585600,0.531552,0.532967,23.101627,25.28951,19.391439,-1.304074,33.042698,-0.211155,-10.429217,-2.977386
,4078.5,4115.26,4060.73,4115.05,4115.05,182424730,281784864768,0.577355,0.579025,22.950596,25.307122,19.391439,-0.151031,32.801506,-2.127426,-11.307608,-3.247258
,4150.21,4215.85,4127.04,4206.73,4206.73,231823114,362838831104,2.203464,2.227919,23.291698,25.661052,19.391439,0.341102,32.194393,-6.273969,-11.906365,-5.448714
,4158.2,4181.31,4135.39,4138.51,4138.51,172475717,253168631808,-1.63498,-1.621687,24.344052,25.91784,18.346766,1.052354,31.959364,-6.056255,-10.843639,-3.85039
,4063.08,4063.08,3995.13,3997.13,3997.13,208102034,305428729856,-3.475922,-3.416205,27.770872,26.905927,21.445653,3.42682,31.455424,-6.974763,-5.109673,0.103021
,3975.23,4093,3954.75,4082.73,4082.73,197416402,296184434688,2.118928,2.141537,28.551716,27.217519,21.445653,0.780844,30.179898,-9.582026,-7.695193,-1.499902
,4090.93,4091.27,4028.4,4028.43,4028.43,161656110,244990873600,-1.338916,-1.329992,28.923054,27.367238,20.219495,0.371338,30.061083,-10.242104,-6.026955,0.460656
,3976.11,3987.43,3926.27,3950.91,3950.91,157060457,233152847872,-1.943079,-1.924323,29.704115,27.671423,20.027305,0.781061,29.464515,-9.604724,-4.708846,2.222698
,3771.01,3937.18,3765.15,3895.31,3895.31,188296722,280213454848,-1.417267,-1.407271,29.981121,27.827802,19.000237,0.277006,29.14525,-6.416429,-3.714847,2.549056
,3899.86,3899.86,3720.51,3727.84,3727.84,185968261,282836238336,-4.394429,-4.299273,32.24503,29.2434,22.595613,2.263909,25.426153,-5.444329,2.591248,7.123509
,3739.78,3786.89,3618.31,3709.68,3709.68,166246129,250824024064,-0.488336,-0.487145,32.24501,28.94451,22.597028,-0.000019,25.524356,-2.306099,2.336047,6.403245
,3729.69,3775.85,3636.26,3636.26,3636.26,155037548,244127162368,-1.998994,-1.979146,32.68372,29.172256,21.258622,0.43871,24.271595,2.344518,4.467151,9.897456
,3623.79,3647.99,3503.19,3589.09,3589.09,180807406,271827468288,-1.305699,-1.297212,31.018002,29.094874,20.492545,-1.665718,23.70825,2.990697,6.744086,11.278353
,3629.51,3663.95,3588.78,3653.22,3653.22,139603000,211223072768,1.771028,1.786804,32.145059,29.373206,20.492545,1.127057,23.097806,1.543908,5.336248,10.171929
,3542.68,3585.8,3523.79,3530.31,3530.31,137108790,197669625856,-3.422328,-3.364429,33.606981,30.122096,20.464149,1.461922,19.433313,3.992524,7.573156,14.92866
,3598.65,3627.76,3545.45,3625.11,3625.11,143103022,208553840640,2.649895,2.685317,35.726934,30.690487,19.356291,2.119954,17.59515,1.670063,5.742626,12.360222
,3711.48,3732.65,3685.99,3722.52,3722.52,153495959,231561519104,2.651623,2.687091,37.493464,31.142003,19.68192,1.76653,15.287001,-1.282596,2.839867,10.188668
,3692.61,3736.25,3681.27,3698.05,3698.05,112310666,169336311808,-0.65952,-0.65735,37.396088,31.12187,20.174165,-0.097376,15.441862,0.981632,2.639773,11.264614
,3746.39,3758.78,3709.92,3710.06,3710.06,124060995,186103427072,0.32424,0.324766,35.618427,31.13534,19.706931,-1.777661,15.550585,0.085138,2.992724,10.230685
,3657.46,3690.64,3637.59,3674.11,3674.11,126876672,180640800768,-0.973712,-0.968987,33.120103,31.11294,19.377526,-2.498324,15.069611,3.316895,4.654142,12.515562
,3708.14,3716.07,3676.2,3686.16,3686.16,111453025,161595510784,0.327434,0.327971,33.042698,31.128334,19.377526,-0.077405,15.088672,2.522869,4.79015,14.181123
,3682.3,3731.78,3670.97,3675.08,3675.08,119352620,170422566912,-0.301036,-0.300584,32.801506,30.946648,19.876486,-0.241193,15.292625,3.153227,6.26221,16.534046
,3656.32,3734.53,3652.32,3734.53,3734.53,115168210,168893255680,1.604707,1.617652,32.194393,31.142646,19.876486,-0.607112,14.566708,0.92355,5.260652,16.842722
,3721.48,3738.83,3698.98,3713.22,3713.22,99825083,150132813824,-0.572255,-0.570621,31.959364,30.994991,20.595528,-0.235029,14.384855,1.072537,5.54389,22.927892
,3779.91,3803.63,3772.21,3798.02,3798.02,142778030,207642820608,2.258045,2.283732,31.455424,31.397227,19.640679,-0.50394,12.664516,0.726158,4.267787,21.268468
,3776.42,3793,3767.29,3780.34,3780.34,111389514,161576771584,-0.466593,-0.465506,30.179898,31.400535,19.419677,-1.275526,12.464236,0.449214,4.647553,23.337058
,3798.49,3801.72,3785.31,3792.81,3792.81,100485033,154595319808,0.329322,0.329865,30.061083,31.36147,20.270443,-0.118815,12.484717,0.252002,4.319746,24.396663
,3794.84,3824.74,3758.96,3769.18,3769.18,102444956,162251235328,-0.62497,-0.623021,29.464515,31.30753,20.501997,-0.596568,12.084591,1.848207,5.146772,23.194588
,3751.71,3769.88,3740.19,3753.26,3753.26,79053343,119874301952,-0.423268,-0.422373,29.14525,31.175042,20.967369,-0.319266,12.793957,2.634665,4.47976,25.696403
,3777.83,3825.76,3764.98,3825.7,3825.7,110637586,170612580352,1.911666,1.930055,25.426153,31.465726,14.859207,-3.719096,11.246756,-0.462421,2.251688,22.826724
,3820.85,3829.8,3793.44,3797.36,3797.36,108461985,169700216832,-0.743537,-0.740779,25.524356,31.402381,14.677539,0.098203,10.78807,1.100481,3.252764,22.267364
,3777.8,3807.36,3774.56,3802.38,3802.38,95947965,147164303360,0.13211,0.132197,24.271595,31.406438,14.53682,-1.252762,11.055802,0.717234,3.966942,17.205482
,3831.92,3863.45,3821.42,3839.49,3839.49,132004301,203595268096,0.971236,0.975968,23.70825,31.480521,15.273772,-0.563344,10.949936,-1.113617,2.462724,16.862217
,3845.46,3853.8,3831.55,3853.46,3853.46,100013115,151924088832,0.36319,0.36385,23.097806,31.491071,15.273772,-0.610445,11.159214,-0.799616,1.553477,19.439076
,3838.23,3838.23,3780,3808.05,3808.05,102921889,155077455872,-1.18542,-1.178421,19.433313,31.560834,4.393104,-3.664492,13.36869,1.07351,0.419544,20.853706
,3789.13,3839.38,3782.21,3839.38,3839.38,85899464,135547281408,0.819365,0.822731,17.59515,31.570417,4.393104,-1.838163,13.043742,0.717588,-0.262365,20.532137
,3851.91,3857.47,3826.56,3829.75,3829.75,95508449,142122549248,-0.251137,-0.250822,15.287001,31.399546,4.625072,-2.30815,13.61635,2.139748,1.117049,20.740629
,3826.31,3827.21,3787.07,3796.97,3796.97,94844134,138961199104,-0.859615,-0.855931,15.441862,31.41459,4.779273,0.154862,13.488018,3.602511,1.272886,17.111547
,3808.02,3842.87,3793.77,3822.77,3822.77,95462735,145301151744,0.677191,0.679489,15.550585,30.823398,4.779273,0.108723,13.322503,2.636303,0.881845,16.940443
,3835.35,3859.68,3768.2,3849.15,3849.15,122093476,184179761152,0.687705,0.690076,15.069611,25.778426,4.669315,-0.480974,13.135826,2.93054,0.463184,17.128004
,3837.51,3880.74,3833.72,3867.03,3867.03,95854589,151282102272,0.463443,0.464518,15.088672,25.248207,4.669315,0.019061,16.097422,2.380271,2.66168,19.059978
,3880.41,3921.7,3880.41,3912.58,3912.58,132917125,202268286976,1.171023,1.177907,15.292625,25.256571,4.606736,0.203953,15.6444,1.210763,1.79814,17.399192
,3867.26,3937.69,3865.99,3936.25,3936.25,139855675,214935961600,0.603149,0.604972,14.566708,25.003999,4.606736,-0.725917,15.527921,0.80967,1.196999,17.628027
,3937.59,3941.48,3915.9,3924.89,3924.89,105514647,167207800832,-0.289017,-0.2886,14.384855,25.011783,5.01477,-0.181853,15.478481,0.008408,1.449359,19.528257
,3943,3979.66,3935.98,3963.62,3963.62,116943342,190299586560,0.981942,0.986779,12.664516,25.077962,5.01477,-1.720339,15.186172,-1.289941,0.944906,18.640375
,3974.76,3998.1,3944.5,3960.18,3960.18,122673802,193758093312,-0.086827,-0.086789,12.464236,25.007426,5.786843,-0.20028,15.266132,-0.945575,1.547738,18.754628
,3961.34,3970.11,3930.21,3960.24,3960.24,98250555,157465780224,0.001515,0.001515,12.484717,24.951465,5.786843,0.020481,15.383502,-0.100802,2.167865,18.45227
,3946.64,3972.53,3932.57,3968.25,3968.25,88190669,145563381760,0.202056,0.20226,12.084591,24.922822,6.233247,-0.400126,15.412642,-0.83584,1.784772,17.092313
,3952.2,3952.2,3924.05,3925.22,3925.22,88530004,143499177984,-1.090279,-1.084357,12.793957,24.979147,6.918,0.709366,15.41328,-0.291619,1.784143,18.541765
,3941.13,3945.2,3907.4,3912.82,3912.82,92618383,153301504000,-0.316406,-0.315906,11.246756,24.540253,6.663024,-1.547201,15.340569,-2.294566,2.280572,17.942004
,3914.66,3946.43,3898.4,3922.91,3922.91,112801761,188528119808,0.257538,0.25787,10.78807,24.533292,7.130511,-0.458685,16.026111,-2.414648,0.814435,16.952584
,3963.78,3966.85,3944.07,3956.25,3956.25,94015291,159886221312,0.846288,0.849879,11.055802,24.601838,7.130511,0.267732,16.613518,-2.132659,1.463364,15.849276
,3955.71,3955.71,3923.92,3935.22,3935.22,100791150,157102534656,-0.532982,-0.531564,10.949936,24.140954,6.607459,-0.105866,16.458756,-2.303455,2.071543,17.858034
,3950.6,3951.74,3907.58,3913.79,3913.79,94861033,149154144256,-0.546057,-0.544569,11.159214,24.15535,6.182805,0.209278,16.385843,-1.471247,3.282205,20.72776
,3907.58,3907.58,3818.15,3824.06,3824.06,103378360,157286506496,-2.319353,-2.292663,13.36869,24.574558,10.861567,2.209476,14.000216,1.11715,6.93596,22.995804
,3828.32,3835.63,3800.18,3829.32,3829.32,79033326,127011917824,0.137456,0.13755,13.043742,24.579886,10.861567,-0.324948,14.012728,3.641633,6.879961,21.349334
,3850,3874.75,3844.48,3872.77,3872.77,77448077,125445619712,1.128277,1.134666,13.61635,24.599542,11.256143,0.572608,13.717339,2.820839,6.231752,18.914646
,3873.7,3873.7,3838.42,3845.61,3845.61,83711831,123737501696,-0.703778,-0.701307,13.488018,24.619254,11.238002,-0.128332,13.183517,3.526625,7.351956,20.463077
,3848.49,3885.42,3818.43,3856.63,3856.63,93064054,139108409344,0.286151,0.286561,13.322503,23.517349,11.238002,-0.165515,13.727783,3.203817,6.356115,20.958169
,3838.38,3872.3,3830.42,3867.02,3867.02,93813832,135658135552,0.269044,0.269406,13.135826,22.518739,11.238002,-0.186678,14.169963,3.412263,7.398236,20.817306
,3901.73,3976.32,3901.73,3971.34,3971.34,136456653,208436514816,2.661938,2.697685,16.097422,23.181419,11.238002,2.961597,12.87459,1.266329,6.729292,16.976234
,3969.95,3991.78,3958.98,3983.57,3983.57,144303060,195563302912,0.307483,0.307957,15.6444,23.156828,11.238002,-0.453022,14.23921,1.580488,8.473696,17.203217
,4001.17,4018.68,3982.93,3983.65,3983.65,136597484,200882765824,0.002008,0.002008,15.527921,22.674617,11.238002,-0.116479,15.080041,1.397442,10.385071,19.559808
,3998.16,3999.81,3968.57,3982.19,3982.19,104277737,149057855488,-0.036657,-0.03665,15.478481,22.445143,11.679595,-0.049439,23.1003,0.343191,15.934642,19.015747
,3988.22,4001.25,3967.93,4001.25,4001.25,102443942,154311344128,0.477489,0.478631,15.186172,21.312163,11.679595,-0.29231,23.082092,0.045725,16.055774,19.074583
,4023.61,4050.22,4016.1,4021.95,4021.95,137925814,193047519232,0.516005,0.517338,15.266132,20.880832,11.868556,0.07996,23.224591,-1.678879,17.141767,18.595126
,4027.56,4052.16,4016.34,4047.03,4047.03,115304479,166533967872,0.621642,0.623578,15.383502,20.740004,11.868556,0.11737,23.281054,-0.805304,17.909052,17.418881
,4046.23,4046.23,4024.42,4039.71,4039.71,112265728,166778642432,-0.181037,-0.180873,15.412642,20.342691,11.51112,0.029139,24.962922,-0.549069,16.263044,16.621952
,4031.74,4043.01,3979.75,3995.88,3995.88,127308941,197079441408,-1.090908,-1.084979,15.41328,20.253839,11.511856,0.000638,24.282467,1.206443,19.4325,15.576033
,3931.62,4011.06,3927.25,4003.08,4003.08,134166648,193504047104,0.180023,0.180186,15.340569,18.020148,12.122273,-0.07271,25.096885,2.360823,18.294463,15.930411
,3982.97,4007.14,3954.99,3954.99,3954.99,131297861,211125338112,-1.208599,-1.201325,16.026111,18.183501,11.48628,0.685542,25.2047,3.650878,18.200166,14.772261
,3995.58,4014.57,3987.86,4014.57,4014.57,111051538,185104027648,1.495217,1.506451,16.613518,17.862432,11.48628,0.587407,32.491125,2.635729,11.775176,13.220098
,4018.61,4018.61,3992.13,4017.59,4017.59,105605798,176977502208,0.075198,0.075226,16.458756,17.599071,12.237745,-0.154763,32.434439,2.976958,12.32795,14.1287
,4009.78,4047.56,4000.9,4044.38,4044.38,138148762,210192916480,0.664604,0.666818,16.385843,17.317812,13.174373,-0.072912,33.468507,1.602664,14.603395,13.976474
,4047.05,4109.36,4043.49,4098.71,4098.71,152946990,255549796352,1.334403,1.343346,14.000216,15.779323,8.34459,-2.385627,33.433772,1.579425,13.498202,13.443615
,4097.51,4126.94,4088.78,4102.05,4102.05,155829466,259200520192,0.081456,0.081489,14.012728,14.967057,8.34459,0.012512,33.368355,3.490964,13.914541,12.696192
,4098.04,4124.73,4080.75,4121.79,4121.79,129229509,234806509568,0.480069,0.481223,13.717339,14.087289,8.34459,-0.295389,33.464609,5.062783,13.391829,11.685448
,4128.1,4144.68,4123.36,4138.99,4138.99,121712466,224551432192,0.416426,0.417294,13.183517,13.988974,,-0.533822,38.1573,6.55974,8.486705,13.497123
,4127.93,4137.37,4092.54,4109.72,4109.72,130865853,226522058752,-0.70969,-0.707177,13.727783,14.105874,8.347354,0.544266,37.921384,12.782344,9.702482,13.238254
,4130,4174.42,4129.78,4163.96,4163.96,125933522,227935703040,1.311164,1.319798,14.169963,14.091458,8.347354,0.44218,37.826898,12.069801,9.266584,10.733361
,4172.64,4247.78,4163.5,4247.78,4247.78,169990456,305711800320,1.992995,2.012988,12.87459,14.557171,8.347354,-1.295374,38.06893,11.678803,9.669006,9.097168
,4239.41,4340.1,4238.12,4335.84,4335.84,252939369,399571525632,2.051887,2.073083,14.23921,14.978725,8.347354,1.364621,37.747772,11.015844,7.127356,5.108028
,4353.19,4419.6,4348.45,4419.6,4419.6,290485540,442335023104,1.913383,1.931806,15.080041,15.108511,8.347354,0.840831,37.349233,7.275415,6.045957,3.346839
,4465.81,4678.11,4465.81,4670.09,4670.09,405821025,597438218240,5.512915,5.667707,23.1003,18.424206,,8.020259,32.36497,3.841048,2.144256,-1.90624
,4739.61,4796.32,4688.06,4698.13,4698.13,406008553,635254743040,0.598621,0.600417,23.082092,18.011802,,-0.018208,32.312875,2.284414,1.639694,-2.289245
,4692.86,4803.36,4670.65,4774,4774,348074847,532849827840,1.601997,1.614898,23.224591,18.107685,,0.1425,31.80996,-0.62048,0.065123,-3.987111
,4770.08,4854.12,4757.29,4840.77,4840.77,351046894,556718731264,1.388927,1.398618,23.281054,18.222627,,0.056463,31.396499,-6.93918,-1.624647,-3.353213
,4796.09,4821.37,4734.47,4753.13,4753.13,316949650,510472056832,-1.827045,-1.810456,24.962922,18.674205,,1.681867,30.990221,-4.484163,-0.955503,1.462597
,4742.37,4878.08,4741.87,4852.96,4852.96,321645445,541105098752,2.078548,2.1003,24.282467,18.913132,,-0.680454,30.011061,-3.622662,-2.674878,-0.283941
,4836.17,4860.44,4729.93,4806.69,4806.69,297241984,511211048960,-0.958013,-0.953439,25.096885,18.86611,,0.814417,29.996181,-2.435439,-2.633032,0.008529
,4821.52,4837.48,4723.36,4744.47,4744.47,272389007,486748348416,-1.302897,-1.294446,25.2047,19.04245,,0.107815,29.768077,-0.634747,-2.062017,1.137365
,4741.53,4772.56,4513.65,4516.25,4516.25,284657134,511237963776,-4.929773,-4.810232,32.491125,21.921794,27.306012,7.286425,23.727289,4.252382,2.610737,5.919908
,4524.77,4601.37,4485.82,4544.7,4544.7,207375562,372973887488,0.627972,0.629947,32.434439,21.887276,27.306012,-0.056685,24.150107,-0.864287,3.458541,4.533802
,4597.2,4681.94,4534.23,4680.3,4680.3,246068915,416714223616,2.940049,2.983695,33.468507,22.55549,27.306012,1.034068,23.297454,-3.298249,2.84216,2.389236
,4697.5,4714.29,4661.44,4691.04,4691.04,200415660,356069806080,0.22921,0.229472,33.433772,22.336405,27.306012,-0.034735,23.304822,-2.652192,2.561642,2.146674
,4682.66,4790.45,4675.35,4714.45,4714.45,224199212,386470858752,0.497795,0.499036,33.368355,22.317107,27.306012,-0.065417,23.962001,-0.754571,0.554833,1.33856
,4668.74,4731.4,4607.66,4712.44,4712.44,234314570,405175267328,-0.042644,-0.042635,33.464609,22.297513,27.359973,0.096254,24.426637,-1.201689,-0.708935,0.128301
,4679.03,4691.7,4479.39,4505.59,4505.59,243905203,437726711808,-4.488697,-4.389446,38.1573,24.287019,30.304211,4.692692,18.028952,4.118991,4.624416,4.037809
,4535.01,4558.12,4482.44,4528.45,4528.45,171420552,301893369856,0.506087,0.50737,37.921384,24.277753,31.597921,-0.235916,18.110861,5.224118,4.899572,3.702959
,4567.67,4590.25,4537.68,4568.26,4568.26,162768499,292835786752,0.875267,0.879109,37.826898,24.294167,31.597921,-0.094487,17.959541,4.442911,4.152486,3.632863
,4559.16,4680.56,4548.85,4679.01,4679.01,186695306,350432649216,2.395416,2.424337,38.06893,24.674286,31.597921,0.242033,16.616101,2.074921,0.577937,1.987173
,4689.76,4704.63,4649.77,4656.15,4656.15,166967567,324009242624,-0.489762,-0.488565,37.747772,24.663703,30.73445,-0.321158,16.589795,2.263841,1.602165,0.837947
,4652.18,4741.81,4621.96,4695.05,4695.05,184839027,351119310848,0.831984,0.835454,37.349233,24.680566,30.73445,-0.398539,18.30393,0.273956,3.12878,0.547587
,4735.9,4771.37,4720.03,4771.31,4771.31,214776238,401914826752,1.611214,1.624264,32.36497,24.795876,30.73445,-4.984263,17.63477,-0.978085,0.936849,0.130906
,4778.49,4807.08,4747.77,4775.8,4775.8,239974986,426411347968,0.09406,0.094104,32.312875,24.762217,30.73445,-0.052094,17.720147,-1.988312,1.379114,0.789621
,4761.76,4786.7,4711.27,4777.11,4777.11,196700549,347407839232,0.027426,0.02743,31.80996,24.755489,30.73445,-0.502916,17.719893,-2.74762,1.388236,2.235604
,4779.24,4791.86,4691.16,4762.76,4762.76,227854405,404323405824,-0.300843,-0.300391,31.396499,24.77946,30.02003,-0.413461,17.812868,-2.703796,1.134476,2.548933
,4742.29,4749.02,4637.84,4707.93,4707.93,213518216,397041213440,-1.157901,-1.151223,30.990221,24.960266,30.226481,-0.406278,17.66094,-0.070119,1.31441,5.645262
,4681.76,4757.66,4646.29,4724.87,4724.87,203788833,371297558528,0.359173,0.359818,30.011061,24.795401,30.226481,-0.979161,19.260778,1.894376,-1.181589,4.733106
,4730.37,4791.53,4674.86,4681.78,4681.78,205546511,350828584960,-0.916167,-0.911983,29.996181,24.8903,30.264789,-0.01488,19.092162,2.759234,0.26898,4.655633
,4668.89,4681.62,4566.27,4647.64,4647.64,202887240,347298672640,-0.731882,-0.72921,29.768077,24.979779,30.70345,-0.228103,20.74875,1.982102,-1.365888,5.460068
,4666.49,4671.77,4626.1,4635.71,4635.71,152550093,250945871872,-0.257019,-0.256689,23.727289,24.975763,22.826866,-6.040789,20.736765,0.93271,-1.165815,4.660071
,4627.61,4708.07,4617.63,4704.63,4704.63,147292920,254343933952,1.475776,1.486719,24.150107,25.04112,22.826866,0.422818,20.323461,0.301588,-1.657791,4.153873
,4727.12,4838.09,4721.36,4815.23,4815.23,268001556,416469155840,2.323668,2.350876,23.297454,25.317259,22.826866,-0.852652,18.405251,-1.240837,-3.469081,1.638756
,4816.57,4825.39,4788.83,4812.76,4812.76,189139855,314395906048,-0.051309,-0.051296,23.304822,24.717182,21.994408,0.007368,18.726486,-1.061348,-2.616229,1.626303
,4804.67,4809.05,4738.01,4740.68,4740.68,192442949,319403286528,-1.509014,-1.497685,23.962001,25.015634,20.934151,0.657178,18.133279,-0.731467,-1.773182,3.875061
,4708.13,4721.44,4662.8,4679.15,4679.15,158368640,260486561792,-1.306412,-1.297915,24.426637,25.191522,20.276102,0.464636,17.644825,1.10941,-0.997446,5.491463
,4717.79,4739.48,4684.81,4718.84,4718.84,142657864,251775160320,0.844654,0.848231,18.028952,25.123773,8.095583,-6.397685,19.190686,2.623356,0.386002,5.88804
,4746.4,4769.47,4716.61,4755.85,4755.85,151143511,272428687360,0.781243,0.784303,18.110861,25.139636,8.095583,0.081909,19.274206,1.261395,-1.3638,4.490721
,4769.21,4802.41,4746.31,4761.95,4761.95,141701350,262308790272,0.128181,0.128263,17.959541,25.143214,8.095583,-0.15132,19.662833,1.669539,-2.685709,3.075925
,4761.72,4786.42,4689.88,4706.13,4706.13,151305180,277456359424,-1.179133,-1.172209,16.616101,24.863394,7.935285,-1.34344,19.333434,2.88522,-1.149774,4.435928
,4718.06,4731.94,4679.36,4731.35,4731.35,119042849,223631511552,0.534466,0.535897,16.589795,24.868702,8.227152,-0.026306,20.296506,1.796151,-3.621493,5.137392
,4727.29,4850.49,4719.35,4844.27,4844.27,159399764,305047883776,2.358599,2.386634,18.30393,25.219945,8.227152,1.714135,18.017943,-1.540414,-5.827898,2.365958
,4870.93,4901.21,4816.21,4816.22,4816.22,202567030,357005066240,-0.580718,-0.579035,17.63477,25.277941,7.85164,-0.66916,18.08584,-3.096523,-4.987345,5.077927
,4803.39,4842.14,4791.78,4842.12,4842.12,138395402,262018072576,0.536325,0.537766,17.720147,25.279825,7.85164,0.085377,17.936262,-3.098446,-5.308054,4.542391
,4859.08,4863.55,4797.52,4843.89,4843.89,157989524,280778612736,0.036548,0.036554,17.719893,25.282873,7.85164,-0.000254,17.912839,-5.501744,-5.44047,4.306717
,4841.5,4877.01,4800.06,4817.1,4817.1,145671201,279411990528,-0.554603,-0.553068,17.812868,25.335794,7.496088,0.092975,19.627875,-5.004087,-2.863042,5.036367
,4737.24,4778.2,4726.56,4770.22,4770.22,120032796,238463336448,-0.977966,-0.9732,17.66094,25.451496,7.324405,-0.151928,22.263702,-3.04232,1.103689,5.148362
,4759.52,4789.3,4655.56,4669.37,4669.37,148607790,282316394496,-2.136827,-2.114158,19.260778,25.779745,9.425007,1.599839,20.710347,-0.393116,3.572526,7.03878
,4683.83,4707.9,4639.05,4694.39,4694.39,139199227,249198137344,0.534402,0.535832,19.092162,25.785302,9.934635,-0.168616,20.8743,-0.125974,2.372581,5.154356
,4634.25,4645.2,4558.03,4584.59,4584.59,162277107,244905193472,-2.36675,-2.338962,20.74875,26.174399,12.167643,1.656588,18.755167,1.574808,4.56527,7.476991
,4632.1,4647.75,4572.21,4581.98,4581.98,150652879,226146353152,-0.056946,-0.05693,20.736765,26.051046,12.586311,-0.011986,18.776103,1.101079,4.474986,6.498542
,4572.26,4630.88,4563.11,4627.28,4627.28,115302423,198240927744,0.9838,0.988656,20.323461,26.095936,12.586311,-0.413303,18.858815,2.34538,2.733052,6.435103
,4652.05,4666.99,4625.99,4651.05,4651.05,107235180,211653410816,0.512378,0.513693,18.405251,26.087107,12.586311,-1.91821,18.960126,0.864444,3.016157,6.130419
,4649.45,4691.5,4630.54,4688.48,4688.48,101915924,194573684736,0.801544,0.804765,18.726486,26.013765,11.906135,0.321235,18.809228,-1.130828,2.201262,5.506065
,4683.01,4690.68,4638.46,4657.36,4657.36,108753641,196120186880,-0.665967,-0.663755,18.133279,26.076287,12.019455,-0.593207,18.656358,-0.108059,2.55691,7.447905
,4642.05,4664.95,4601.64,4632.71,4632.71,105983631,214146646016,-0.530675,-0.52927,17.644825,26.114087,12.281027,-0.488454,19.163715,-1.514637,1.834682,7.62899
,4636.64,4737.8,4631.7,4737.09,4737.09,160426476,281885945856,2.228101,2.253109,19.190686,26.441656,12.281027,1.545861,17.534481,-3.590544,-0.972608,6.333928
,4750.75,4752.98,4688.72,4691.43,4691.43,124535826,224137912320,-0.968558,-0.963883,19.274206,26.486024,11.580149,0.083519,17.205043,-2.36215,0.167187,5.662953
,4654.22,4706.21,4622.11,4635.76,4635.76,119672947,202909216768,-1.193728,-1.186632,19.662833,26.542937,11.02423,0.388627,16.811283,-0.952805,2.166087,7.706074
,4639.66,4665.96,4623.55,4652.33,4652.33,95826529,190393470976,0.356801,0.357439,19.333434,26.275763,11.586637,-0.329398,16.945636,-1.405475,2.559011,7.207374
,4623.95,4631.95,4562.21,4563.07,4563.07,112593682,193515872256,-1.937253,-1.918609,20.296506,26.315327,11.866302,0.963072,16.490479,2.554603,2.857276,9.980917
,4582.48,4599.54,4554.72,4570.02,4570.02,93015155,167457378304,0.152194,0.15231,18.017943,26.038787,11.866302,-2.278563,16.551227,5.391173,3.246705,10.272006
,4582.65,4613.63,4571.15,4581.91,4581.91,85048389,159314673664,0.259836,0.260174,18.08584,23.431488,12.187,0.067896,16.951951,5.463348,4.181401,9.58733
,4608.29,4616.68,4586.35,4591.8,4591.8,85993859,159937888256,0.215616,0.215849,17.936262,23.400603,12.187,-0.149578,17.06158,4.582189,4.718561,10.765306
,4607.58,4634.72,4563.41,4587.4,4587.4,89081201,165532221440,-0.095869,-0.095823,17.912839,23.149673,12.593455,-0.023423,17.558899,4.503997,6.287839,12.751401
,4663.61,4695.4,4655.09,4681.14,4681.14,111337513,229926731776,2.022826,2.043423,19.627875,23.355425,12.99372,1.715036,16.374735,2.333941,4.277499,11.805596
,4705.19,4823.27,4704.16,4823.16,4823.16,155784558,307848556544,2.988764,3.033876,22.263702,23.875085,13.765093,2.635827,14.308025,-1.412957,3.227162,10.711922
,4812.9,4845.92,4795.37,4839.2,4839.2,116516339,242172567552,0.33201,0.332562,20.710347,23.498595,13.171839,-1.553356,14.51144,-0.949484,2.342169,11.291642
,4830.46,4830.46,4795.91,4807.1,4807.1,111906924,229836206080,-0.665543,-0.663333,20.8743,23.455523,12.43084,0.163953,14.790194,-0.297294,2.014071,13.713466
,4810.78,4833.89,4796.26,4798.74,4798.74,109964961,213878284288,-0.174061,-0.173909,18.755167,23.301253,9.611605,-2.119134,14.755294,-0.433552,2.260686,13.556345
,4798.92,4825.55,4765.97,4791.68,4791.68,116716101,204175130624,-0.14723,-0.147122,18.776103,20.900649,9.431901,0.020936,15.311072,-1.539225,1.3509,12.711119
,4823.49,4849.61,4747.34,4755.49,4755.49,129246362,225392197632,-0.758134,-0.755267,18.858815,20.943716,8.895935,0.082712,15.303563,-1.36028,3.078612,16.281486
,4751.37,4793.47,4739.46,4793.47,4793.47,98048156,185849196544,0.795483,0.798656,18.960126,20.136515,8.895935,0.101311,15.155073,-1.984527,2.09168,15.157034
,4801.63,4801.63,4758.86,4792.83,4792.83,103805704,189978697728,-0.013352,-0.013351,18.809228,20.132907,9.080779,-0.150898,15.161331,-1.166003,2.041271,13.224166
,4780.6,4791.81,4725.5,4777.98,4777.98,101350892,194614972416,-0.310319,-0.309838,18.656358,20.121812,9.223482,-0.15287,15.240489,-0.105959,3.091333,13.307922
,4775.47,4802.46,4717.1,4718.49,4718.49,106825185,200985821184,-1.252903,-1.245087,19.163715,20.290655,9.687853,0.507357,14.30731,-0.492044,4.654227,15.662088
,4684.05,4713.39,4639.3,4691.24,4691.24,108343276,205518987264,-0.579189,-0.577515,17.534481,18.053434,9.249333,-1.629233,14.396135,0.628769,6.474647,14.762613
,4680.14,4708.46,4671.85,4699.28,4699.28,92656305,186675544064,0.171237,0.171383,17.205043,18.031702,9.577625,-0.329439,14.773076,1.652065,5.687334,15.304412
,4703,4753.31,4685.6,4737.27,4737.27,108463401,226754265088,0.805171,0.808422,16.811283,18.018762,9.630634,-0.39376,15.635788,1.599669,3.595548,16.103057
,4683.61,4803.03,4679.25,4772.92,4772.92,117117251,252303503360,0.749726,0.752543,16.945636,17.413409,9.630634,0.134353,15.490476,2.323353,3.026692,15.439728
,4776.47,4778.51,4683.47,4695.33,4695.33,139802304,280783323136,-1.638988,-1.62563,16.490479,17.717422,8.51731,-0.455157,14.407083,3.974827,5.90161,18.081609
,4702.75,4738.02,4695.44,4720.83,4720.83,142867694,279027683328,0.541623,0.543093,16.551227,17.670092,8.51731,0.060749,14.587683,5.371631,4.947151,15.511887
,4743.17,4793.4,4734.17,4777.56,4777.56,136055409,252390555648,1.194532,1.201695,16.951951,17.5288,8.51731,0.400724,15.728681,3.624115,5.883871,14.589613
,4781.45,4825.46,4770.56,4813.66,4813.66,114661806,230513774592,0.752775,0.755616,17.06158,17.595403,8.51731,0.109629,15.664258,1.8777,5.131885,11.069892
,4861.34,4885.11,4838,4885.11,4885.11,139244595,281951932416,1.473409,1.484318,17.558899,17.848139,8.599823,0.497319,15.05425,0.476844,3.459348,9.127105
,4897.63,4897.63,4845.43,4885.72,4885.72,153639035,305365102592,0.012486,0.012487,16.374735,17.834333,8.599823,-1.184165,15.04232,-0.592658,3.62191,10.334548
,4918.86,4997.8,4918.86,4981.35,4981.35,197131983,371923283968,1.938427,1.957337,14.308025,18.071518,8.599823,-2.06671,13.951252,-1.561508,0.817511,9.924532
,4995.41,4995.41,4928.93,4953.88,4953.88,176267215,334271459328,-0.552983,-0.551457,14.51144,18.111012,8.114067,0.203415,13.819995,-1.199973,1.124085,10.188245
,4937.76,4957.58,4901.71,4904.9,4904.9,164470515,303858556928,-0.99364,-0.98872,14.790194,18.129879,8.341746,0.278754,14.230856,-0.270095,0.767704,10.976577
,4916.77,4926.34,4891.51,4908.46,4908.46,118114619,227645906944,0.072554,0.07258,14.755294,18.051256,8.403354,-0.0349,14.233166,0.397095,0.651034,11.076692
,4886.98,4886.98,4825.76,4856.85,4856.85,133693079,255353110528,-1.057017,-1.05145,15.311072,18.191046,7.902443,0.555777,14.211404,1.764102,0.672656,13.602784
,4880.96,4904.17,4848.62,4904.17,4904.17,148770980,266705031168,0.969578,0.974294,15.303563,18.05394,8.444779,-0.007508,14.169425,2.035754,0.623439,14.796512
,4903.12,4909.29,4865.39,4894.79,4894.79,151487465,288911409152,-0.191449,-0.191266,15.155073,17.437787,8.530095,-0.14849,14.15708,1.611127,1.022581,17.101669
,4889.67,4911.09,4870.72,4891.67,4891.67,164216617,290727223296,-0.063762,-0.063741,15.161331,17.438046,8.399449,0.006258,14.156981,0.388274,1.263533,16.485752
,4880.92,4939.79,4870.2,4927.99,4927.99,133681377,247727136768,0.739744,0.742487,15.240489,17.199304,8.557351,0.079158,14.617236,-0.1706,1.799662,15.927177
,4928.22,4947.43,4922.59,4943.29,4943.29,129400340,229053677568,0.30999,0.310471,14.30731,16.966409,8.671947,-0.933179,14.672964,0.75534,1.140081,12.42586
,4954.6,5029.65,4940.45,5005.03,5005.03,205915187,333633826816,1.241231,1.248966,14.396135,17.060802,9.43335,0.088826,14.380938,-0.898726,0.83189,10.868623
,4997.05,5001.06,4960.98,4974.29,4974.29,156637911,264804442112,-0.616076,-0.614182,14.773076,17.062168,8.648639,0.37694,15.422848,1.848601,-0.191567,8.904962
,4992.75,5004.77,4910.7,4910.7,4910.7,170340526,277070643200,-1.286615,-1.278373,15.635788,17.288144,8.593784,0.862712,14.933007,3.136006,1.94444,10.778168
,4908.32,4925.29,4867.82,4919.59,4919.59,137202337,239748145152,0.18087,0.181033,15.490476,17.09836,8.593784,-0.145311,14.952965,2.756009,1.621672,8.139353
,4930.59,4980.77,4917.35,4980.77,4980.77,162952922,253178970112,1.23593,1.2436,14.407083,17.238913,7.237408,-1.083393,14.606883,1.695126,1.222031,8.42862
,4994.11,5055.19,4960.25,4960.25,4960.25,262638950,396495835136,-0.412835,-0.411984,14.587683,16.602043,6.866534,0.1806,14.554488,1.241991,2.07815,7.557126
,4963.13,5072.55,4963.13,5067.1,5067.1,204065638,328451014656,2.131252,2.154125,15.728681,17.092428,6.866534,1.140998,12.517791,-1.13567,-0.477942,7.325237
,5072.98,5090.61,5043.31,5067.14,5067.14,195435476,310609727488,0.000789,0.000789,15.664258,17.067199,6.866534,-0.064423,13.492587,-2.486482,0.914861,4.1284
,5065.45,5072.3,5033.79,5057.06,5057.06,177865748,275335208960,-0.199127,-0.198929,15.05425,17.07634,6.845953,-0.610008,14.94933,-2.33147,3.004214,3.987792
,5049.52,5072.39,5017.85,5065.92,5065.92,144347167,257798819840,0.175047,0.175201,15.04232,17.027426,6.845953,-0.01193,15.30776,-3.541912,3.906187,0.277944
,5065.73,5067.87,5014.61,5022.24,5022.24,139896218,264657772544,-0.865971,-0.862232,13.951252,16.999117,6.594085,-1.091068,15.895098,-1.75558,6.667249,-1.025502
,5029.11,5043.06,4998.92,5009.88,5009.88,123073029,234880647168,-0.246409,-0.246105,13.819995,16.37336,6.860669,-0.131257,15.866413,-1.301478,7.825387,-0.125231
,5022.38,5033.64,4942.52,4942.7,4942.7,138916964,260772773888,-1.350022,-1.34095,14.230856,16.621891,7.63278,0.410861,15.160531,0.225735,10.931691,3.684688
,4931.29,4962.74,4919.77,4940.52,4940.52,125914271,229651279872,-0.044115,-0.044105,14.233166,15.820305,7.763276,0.00231,15.342037,1.545723,10.644625,4.082297
,4957.82,4957.82,4849.35,4889.63,4889.63,159357696,275212730368,-1.035395,-1.030054,14.211404,15.99439,7.730119,-0.021762,15.284495,2.231528,10.687564,2.940413
,4903.63,4937.26,4887.66,4934.84,4934.84,120801551,247878279168,0.920361,0.92461,14.169425,15.98008,7.730119,-0.041979,17.265102,2.244205,12.579435,2.886502
,4931.6,4954.19,4904.79,4945.1,4945.1,118342633,248093388800,0.207694,0.207909,14.15708,15.959274,7.867113,-0.012345,17.541659,0.396978,12.042772,3.101197
,4957.3,4968.86,4938.19,4953.87,4953.87,106778967,229696036864,0.17719,0.177347,14.156981,15.893571,7.688099,-0.000099,19.709321,1.069181,9.919362,3.722829
,4960.73,5021.62,4950.37,5017.48,5017.48,133385480,270180356096,1.275873,1.284047,14.617236,15.996046,7.688099,0.460255,19.642227,-0.34859,8.416926,-0.207291
,5014.32,5027.44,4979.01,4999.97,4999.97,128049618,258938552320,-0.34959,-0.34898,14.672964,15.968666,7.427948,0.055728,19.562436,0.83729,9.86778,1.137117
,4995.76,5048.51,4970,5046.84,5046.84,140811781,298204295168,0.933039,0.937406,14.380938,15.45315,7.427948,-0.292026,20.684497,0.347534,7.456077,-0.74761
,5034.98,5055.13,4960.95,4964.77,4964.77,162344970,326758817792,-1.639533,-1.626166,15.422848,15.711374,8.953439,1.04191,19.287412,1.562227,9.808646,-0.729374
,4977.3,5028.45,4968.15,5007.12,5007.12,140292818,308729036800,0.849393,0.85301,14.933007,15.55307,8.935324,-0.489841,19.656021,2.106427,10.563069,-1.626255
,5006.01,5033.04,4979.24,5000.02,5000.02,114418668,246674477056,-0.141899,-0.141798,14.952965,15.555375,8.850712,0.019959,19.569316,4.138551,10.791364,0.756528
,4985.77,5042.1,4973.68,5042.01,5042.01,121006979,243992268800,0.83629,0.839797,14.606883,15.017779,8.850712,-0.346082,19.611711,4.379282,10.957968,0.096542
,5042.94,5089.34,5037.86,5064.41,5064.41,136914406,281019252736,0.443283,0.444267,14.554488,15.028452,9.300497,-0.052395,21.643355,5.831089,8.486585,0.596903
,5071.45,5077.42,5034.31,5042.94,5042.94,141198661,279035232256,-0.42484,-0.423939,12.517791,15.076633,8.842723,-2.036697,21.42091,7.167659,9.183684,0.107419
,5037.98,5113.71,5036.63,5113.71,5113.71,148626447,296577814528,1.393592,1.403348,13.492587,15.287075,8.842723,0.974796,23.954906,7.530348,5.023147,-0.057313
,5122.48,5215.62,5122.48,5211.29,5211.29,171602509,358731370496,1.890226,1.908204,14.94933,15.671353,9.0266,1.456744,23.267983,5.308941,2.663542,-0.958857
,5212.93,5284.43,5190.94,5267.72,5267.72,211711383,452796174336,1.077021,1.082841,15.30776,15.320646,9.0266,0.35843,23.350253,3.239464,2.806451,-2.447841
,5245.84,5368.5,5234.38,5368.5,5368.5,224931159,498041937920,1.895091,1.913162,15.895098,14.617162,9.575035,0.587337,23.018697,4.156606,2.439771,-5.057494
,5386.51,5433.47,5341.43,5417.67,5417.67,193773445,444434378752,0.911729,0.915898,15.866413,14.691255,9.949281,-0.028684,22.86646,2.915908,1.238772,-5.803404
,5428.39,5513.66,5413.35,5513.66,5513.66,219872079,473385353216,1.756282,1.771795,15.160531,14.926646,9.739863,-0.705882,21.98169,-0.786594,-0.722817,-9.07476
,5526.29,5547.47,5442.69,5495.43,5495.43,204324956,473567653888,-0.331181,-0.330633,15.342037,14.948205,9.059261,0.181506,21.964747,-0.681976,-0.218967,-10.498391
,5504.24,5555.69,5412.5,5441.16,5441.16,231835983,522298482688,-0.992456,-0.987548,15.284495,15.137493,8.971942,-0.057542,22.242016,1.411743,2.242564,-9.669982
,5419.5,5596.35,5417.63,5596.35,5596.35,224220186,486233759744,2.812233,2.852149,17.265102,15.909094,8.971942,1.980607,21.296353,-2.879152,1.593638,-11.655821
,5609.26,5644.72,5535.14,5577.97,5577.97,261569887,546959736832,-0.328969,-0.328428,17.541659,15.917765,8.409009,0.276557,22.410625,-1.837148,4.036316,-11.964544
,5556.21,5568.02,5458.68,5470.46,5470.46,243683379,501890113536,-1.94622,-1.927404,19.709321,16.536561,10.844122,2.167662,21.219831,1.712889,5.302857,-9.671178
,5471.39,5500.63,5390.27,5458.08,5458.08,238637435,475709919232,-0.226563,-0.226306,19.642227,16.525968,10.542508,-0.067094,21.143742,2.025848,5.710589,-7.040488
,5438.16,5541.46,5410.78,5518.52,5518.52,207051868,422717210624,1.101263,1.107349,19.562436,16.331807,11.035844,-0.079791,24.214557,1.927478,1.417999,-8.213528
,5525.97,5532.48,5415.72,5437.52,5437.52,211043425,433205178368,-1.478663,-1.467785,20.684497,16.630752,11.012342,1.122061,23.570893,1.378042,2.580656,-6.432962
,5439.91,5496.05,5426.54,5476.43,5476.43,170913260,373770383360,0.713035,0.715584,19.287412,16.657389,10.599422,-1.397085,25.321746,0.937266,-0.712116,-7.332492
,5492.96,5593.11,5490.56,5564.97,5564.97,209950198,453183684608,1.603817,1.616747,19.656021,16.849346,10.599422,0.368609,24.69801,-3.433496,-1.729342,-8.032412
,5562.38,5573.66,5513.88,5569.78,5569.78,199300019,456622194688,0.086396,0.086434,19.569316,16.823228,10.688916,-0.086705,26.074759,-3.989271,-4.273683,-9.258775
,5564.12,5655.48,5543.27,5625.92,5625.92,197047020,508166979584,1.002893,1.007939,19.611711,16.417646,10.688916,0.042394,26.461024,-3.772235,-3.751379,-10.00045
,5600.9,5600.9,5506,5512.97,5512.97,171904591,415008071680,-2.028099,-2.007672,21.643355,17.087994,12.001095,2.031645,25.900643,-0.215724,-3.00761,-7.409751
,5505.77,5534.99,5449.64,5528,5528,160190840,376892604416,0.272259,0.27263,21.42091,16.97639,12.400999,-0.222446,26.8783,-0.777253,-1.380506,-6.808169
,5450.37,5462.24,5360.38,5377.14,5377.14,170485586,376166522880,-2.766945,-2.729016,23.954906,18.02517,14.998346,2.533996,27.485852,1.784384,-1.809608,-4.832079
,5413.97,5430.2,5288.1,5351.96,5351.96,182178785,390287691776,-0.469379,-0.468279,23.267983,17.870886,14.643761,-0.686923,27.465994,2.426432,-1.679964,-5.587505
,5356.85,5422.3,5342.05,5417.65,5417.65,166313705,346859085824,1.219929,1.227401,23.350253,18.001433,14.643761,0.08227,29.576618,2.675577,-6.434694,-8.101454
,5429.7,5503.21,5411.52,5501.09,5501.09,165210565,380016717824,1.528411,1.540151,23.018697,17.848573,14.643761,-0.331556,29.420869,3.310473,-10.132523,-9.702549
,5499.3,5532.89,5473.12,5485.2,5485.2,188054318,404343603200,-0.28927,-0.288852,22.86646,17.811382,14.503469,-0.152237,29.702407,5.713451,-9.18939,-8.801425
,5453.98,5510.05,5411.57,5473.95,5473.95,180575654,397995204608,-0.205308,-0.205097,21.98169,17.664104,14.390107,-0.88477,31.459553,5.23908,-6.524186,-8.169202
,5494.7,5550.77,5477.65,5483.41,5483.41,189699599,395400134656,0.172669,0.172819,21.964747,17.662624,14.699284,-0.016943,31.504102,5.24758,-6.343362,-9.369625
,5506.14,5576.49,5479.85,5564.56,5564.56,164033774,367582773248,1.469075,1.479919,22.242016,17.662847,15.583627,0.277269,31.42075,0.587178,-9.989715,-8.510306
,5584.17,5686.25,5555.05,5686.25,5686.25,164887260,378769121280,2.163306,2.186876,21.296353,18.042625,15.583627,-0.945664,30.279571,-1.892135,-11.286571,-9.228307
,5709.68,5823.42,5707.33,5807.72,5807.72,170169787,417056464896,2.113709,2.136206,22.410625,18.418145,15.955152,1.114272,28.857352,-6.58558,-12.977891,-11.29169
,5922.07,5930.91,5747.66,5768.38,5768.38,218848686,507481235456,-0.679679,-0.677374,21.219831,18.510982,15.326044,-1.190794,29.310111,-5.31931,-11.49939,-10.907961
,5734.02,5787.89,5667.32,5778.84,5778.84,214475781,456433795072,0.181169,0.181333,21.143742,18.486433,15.619557,-0.076089,30.05844,-7.958424,-14.334806,-10.816123
,5785.51,5785.51,5597.33,5597.33,5597.33,282124383,543633154048,-3.191327,-3.140942,24.214557,19.796587,18.515592,3.070815,29.146599,-3.2419,-10.148661,-8.63754
,5542.68,5644.76,5541.11,5579.67,5579.67,233807726,424904470528,-0.316006,-0.315508,23.570893,19.706173,19.438808,-0.643664,29.178552,-4.210224,-10.784343,-7.904807
,5591.48,5598.83,5379.73,5437.57,5437.57,225428611,472369209344,-2.579736,-2.546746,25.321746,20.44263,19.510182,1.750853,28.479544,0.268876,-9.825904,-2.214472
,5494.47,5527.63,5444.16,5469.56,5469.56,230736028,412206157824,0.58659,0.588314,24.69801,20.240446,19.510182,-0.623736,28.249257,-3.513762,-10.459983,-2.761397
,5343.9,5416.32,5318.86,5336.76,5336.76,212264543,405717700608,-2.457945,-2.427983,26.074759,20.949795,19.157237,1.376749,28.897045,-1.395552,-5.761153,0.027541
,5389.25,5421.56,5345.94,5418.78,5418.78,177463524,358146547712,1.525197,1.536888,26.461024,21.022943,19.157237,0.386265,28.161759,-6.45555,-7.110047,-1.819253
,5453.28,5454.97,5305.05,5349.63,5349.63,196511114,376444604416,-1.28433,-1.276118,25.900643,21.196067,18.944032,-0.56038,28.297275,-7.340637,-4.882073,-0.338165
,5327.35,5452.4,5316.48,5452.21,5452.21,194709053,337610313728,1.899363,1.917516,26.8783,21.107507,18.944032,0.977656,27.212249,-8.586138,-7.695759,-2.048082
,5388.48,5392.37,5254.78,5280.71,5280.71,212775212,384382455808,-3.196047,-3.145513,27.485852,22.175715,19.8944,0.607553,25.636619,-2.930194,-3.270852,0.175202
,5191.97,5307.82,5174.25,5262.8,5262.8,202627955,352539774976,-0.339735,-0.339159,27.465994,22.184841,20.086133,-0.019858,25.947307,-2.236965,-1.942435,-0.142802
,5299.79,5326.26,5079.8,5080.02,5080.02,230231634,407133802496,-3.534801,-3.473056,29.576618,23.377993,21.501245,2.110624,22.613515,-0.879443,1.180403,3.904262
,5066.15,5094.31,4917.91,4971,4971,230711004,414415212544,-2.169417,-2.146055,29.420869,23.735205,20.64202,-0.155749,21.261245,2.156424,2.635258,5.985611
,5047.06,5055.28,4981.62,5003.61,5003.61,169928489,309577408512,0.653862,0.656005,29.702407,23.769739,20.371481,0.281538,21.172685,1.92495,2.147214,4.46569
,5024.56,5138.41,5020.58,5128.22,5128.22,189600765,333859201024,2.459897,2.490402,31.459553,24.126665,19.529415,1.757146,19.982818,0.263876,-1.827757,2.088517
,5153.67,5153.67,5086.82,5146.38,5146.38,201020590,323237752832,0.353493,0.354119,31.504102,24.132996,19.529415,0.044548,20.747028,-2.743865,-3.936063,2.401571
,5116.12,5120.88,4992.4,5035.54,5035.54,204153083,330740514816,-2.177279,-2.153747,31.42075,24.467145,18.552534,-0.083351,19.38411,0.428231,-1.922832,3.687661
,5054.41,5084.31,5009.95,5079.36,5079.36,161390054,271755046912,0.86645,0.870215,30.279571,24.459193,18.552534,-1.141179,19.358232,-1.389907,-1.962888,1.702182
,5062.77,5123.55,5020.13,5100.86,5100.86,149162376,263492419584,0.422388,0.423282,28.857352,24.469132,18.552534,-1.422219,19.345884,-3.433592,-3.022968,-0.400144
,5114.59,5160.46,5111.13,5141.77,5141.77,142901519,260930048000,0.798823,0.802022,29.310111,24.515869,18.146406,0.452759,19.116796,-4.279903,-3.474645,-0.778632
,5068.53,5089.92,4980.76,5007.09,5007.09,164174848,282974490624,-2.654247,-2.619331,30.05844,25.002983,17.400802,0.748329,18.841825,0.615228,1.583729,1.886983
,5008.4,5071.34,4996.54,5057.15,5057.15,167402632,264209100800,0.994818,0.999782,29.146599,25.075191,17.449343,-0.911841,18.532206,-0.203285,0.517134,0.655136
,5057.06,5064.02,4966.53,5009.25,5009.25,158013967,255755378688,-0.951688,-0.947174,29.178552,25.079226,15.880483,0.031953,18.186175,1.692047,1.770725,2.229002
,4985.4,5024.33,4919.89,4928.69,4928.69,159385981,265970020352,-1.621297,-1.608225,28.479544,25.0742,15.856948,-0.699008,17.076293,2.399021,3.205527,4.341656
,4904.07,4950.76,4883.66,4926.35,4926.35,132945188,219782049792,-0.047488,-0.047477,28.249257,25.009863,17.808126,-0.230287,17.255757,3.675369,4.156912,4.555692
,4953.95,5050.83,4953.95,5037.99,5037.99,145926697,273901924352,2.240884,2.266181,28.897045,25.436249,18.473426,0.647787,16.107609,2.423167,0.776061,3.930858
,5052.26,5086.65,5010.39,5046.88,5046.88,143388216,266176602112,0.176304,0.176459,28.161759,25.380868,18.473426,-0.735285,16.120038,1.834899,0.860976,3.979303
,5043.1,5106.04,5032.8,5094.73,5094.73,138618560,254928015360,0.943644,0.948111,28.297275,25.438706,19.357276,0.135516,15.892833,0.176693,0.479932,1.863107
,5085.95,5085.95,5015.61,5048.36,5048.36,141335744,241058484224,-0.914323,-0.910156,27.212249,25.494158,18.850817,-1.085026,15.759547,1.256836,2.268095,3.420761
,5059.94,5115.43,5056.87,5110.78,5110.78,120324890,211493322752,1.22886,1.236441,25.636619,25.457956,18.101323,-1.575629,15.491955,-1.487098,0.248381,2.299423
,5129.85,5169.83,5116.35,5161.56,5161.56,127002255,248060375040,0.988682,0.993586,25.947307,25.237999,17.60752,0.310687,15.633705,-4.230593,-1.965106,-1.570715
,5178.64,5181.15,5125.33,5140.34,5140.34,109834209,213852442624,-0.411963,-0.411116,22.613515,25.146887,14.761323,-3.333791,16.17269,-3.982677,-2.847162,-1.066885
,5141.66,5141.66,5065.19,5103.74,5103.74,145763748,246271188992,-0.714562,-0.712015,21.261245,24.855846,14.165806,-1.35227,16.031359,-2.441722,-2.205284,-0.405229
,5078.26,5129.13,5062.07,5112.21,5112.21,141771046,228422004736,0.165819,0.165957,21.172685,24.775056,14.165806,-0.08856,16.210421,-3.245232,-1.759249,0.551661
,5100.04,5100.04,5022.09,5035.34,5035.34,128416509,221519790080,-1.515074,-1.503655,19.982818,24.636728,13.364403,-1.189867,15.38767,-1.383012,0.18274,1.045487
,5026.98,5045.6,4933.01,4947.75,4947.75,152644314,267218194432,-1.754812,-1.739505,20.747028,24.852944,12.879691,0.76421,14.471388,2.775927,0.9098,2.429743
,4949.81,4994.54,4924.2,4939.64,4939.64,132919357,225753231360,-0.164047,-0.163913,19.38411,24.794478,12.901333,-1.362918,16.54817,2.868197,3.40224,3.834133
,4945.69,4987.12,4940.27,4980.63,4980.63,120860838,221036277760,0.826394,0.829818,19.358232,24.101639,12.901333,-0.025878,17.01302,2.343706,4.021152,3.190517
,4969.91,4969.91,4900.3,4948.97,4948.97,108829384,213820882944,-0.637691,-0.635663,19.345884,24.117308,12.416926,-0.012347,16.736178,2.794903,4.709169,2.67379
,4966.9,4979.17,4917.96,4966.18,4966.18,111239923,213389172736,0.347146,0.347749,19.116796,23.864475,12.416926,-0.229088,16.834649,3.351654,4.066073,3.662924
,4966.41,5088.21,4940.75,5087.02,5087.02,154769825,307899777024,2.404126,2.433259,18.841825,24.435838,9.517074,-0.274971,14.704295,-0.192439,1.934955,0.152233
,5065.78,5119.86,5058.92,5083.37,5083.37,136541701,276640587776,-0.071777,-0.071751,18.532206,24.303877,9.80993,-0.309619,15.21772,0.140556,0.993987,0.590772
,5055.24,5110.56,5047.99,5098.74,5098.74,124637276,242574995456,0.301902,0.302358,18.186175,24.157514,10.306444,-0.34603,15.248387,0.401254,1.108811,0.200828
,5114.28,5119.22,5067.14,5089.24,5089.24,121167644,241488846848,-0.186494,-0.186321,17.076293,24.097324,9.535712,-1.109883,18.663497,1.461589,4.405904,1.071026
,5088.83,5149.98,5086.49,5135.45,5135.45,122056991,264345182208,0.903897,0.907994,17.255757,23.925273,9.483293,0.179464,18.495013,-0.233163,3.541673,0.316899
,5156.59,5181.11,5072.96,5077.24,5077.24,151381967,325760385024,-1.139967,-1.133494,16.107609,24.00891,9.200301,-1.148148,17.830823,-0.318,5.012633,0.235874
,5076.64,5095.98,5042.61,5090.52,5090.52,123961838,254738010112,0.261218,0.261559,16.120038,23.904109,9.200301,0.012429,17.945876,-1.873239,4.429818,-3.29948
,5073.97,5119.45,5059.26,5119.24,5119.24,120620319,272182521856,0.5626,0.564186,15.892833,23.63051,9.200301,-0.227205,17.900575,-2.508523,4.063976,-7.458562
,5128.28,5170.59,5113.65,5164.17,5164.17,140092480,294112452608,0.87384,0.877669,15.759547,23.705585,9.710481,-0.133286,17.724481,-2.770508,3.379582,-8.139589
,5156.36,5163.25,5094.93,5123.49,5123.49,160121620,315075104768,-0.790855,-0.787735,15.491955,23.098993,9.159745,-0.267592,17.86633,-1.552739,3.197673,-5.480147
,5098.8,5132.9,5037.41,5061.12,5061.12,158822630,323258265600,-1.224804,-1.217334,15.633705,23.204946,8.995758,0.14175,17.390478,-1.355688,3.764739,-5.06475
,5073.46,5093.75,4996.04,4996.05,4996.05,172258322,304638402560,-1.29402,-1.285684,16.17269,23.169275,9.069545,0.538985,16.508098,2.266726,5.571022,-1.255028
,5001.44,5019.39,4953.7,4992.42,4992.42,170820585,282656808960,-0.072684,-0.072657,16.031359,22.90919,9.823477,-0.141331,16.512529,3.784715,5.555637,-1.167752
,4956.08,5033.49,4925.92,5023.06,5023.06,151526497,270931615744,0.611855,0.61373,16.210421,22.962133,9.823477,0.179062,16.943672,3.223185,4.077724,-0.884037
,5003.82,5051.17,4995.4,5044.55,5044.55,126619087,228344004608,0.426914,0.427827,15.38767,22.991776,9.575094,-0.82275,16.927624,2.500321,3.733534,-1.91896
,4992.35,5022.08,4975.45,4992.97,4992.97,132279406,237821403136,-1.027753,-1.02249,14.471388,23.05444,7.964247,-0.916283,16.374795,3.801082,5.427834,-1.440537
,5007.63,5112.98,4981.29,5110.59,5110.59,159426181,318802788352,2.328393,2.355712,16.54817,23.37817,7.91921,2.076782,14.935407,0.459944,2.208252,-2.476912
,5115.31,5206.69,5115.31,5184.99,5184.99,153889633,335439912960,1.445306,1.455801,17.01302,23.120675,7.91921,0.46485,14.666937,-0.568635,-0.356082,-2.773703
,5190.93,5201.67,5156.79,5187.6,5187.6,118404260,238182264832,0.050325,0.050338,16.736178,22.638014,8.451226,-0.276842,15.802344,2.491639,-2.086345,-3.376995
,5173.17,5193.56,5151.64,5172.27,5172.27,118729984,250736279552,-0.29595,-0.295512,16.834649,22.61608,8.226469,0.098471,15.891431,2.827254,-1.37006,-3.921801
,5167.05,5201.59,5152.04,5186.41,5186.41,138454776,277088460800,0.273008,0.273381,14.704295,22.623157,8.226469,-2.130354,15.843924,2.885239,-1.631701,-4.746662
,5199.13,5216.16,5123.12,5134.15,5134.15,124768484,268053626880,-1.012744,-1.007633,15.21772,21.810657,7.517572,0.513426,15.474218,3.576387,-0.855985,-3.833239
,5138.81,5155.59,5092.39,5155.59,5155.59,126742336,278513131520,0.416726,0.417596,15.248387,21.837648,7.517572,0.030667,15.572014,3.356419,-0.650534,-6.370418
,5165.04,5324.36,5161.52,5318.48,5318.48,182996838,404683304960,3.110599,3.159483,18.663497,22.223507,7.084202,3.415109,10.514197,0.435266,-3.269776,-8.312854
,5326.12,5344.28,5308.74,5320.59,5320.59,169607096,346444644352,0.039665,0.039673,18.495013,22.186202,7.084202,-0.168483,10.556275,-0.577162,-3.142893,-9.010553
,5311.37,5378.48,5286.05,5338.23,5338.23,148462856,311893704704,0.330994,0.331542,17.830823,21.62022,7.397046,-0.66419,12.201713,-1.565895,-1.857836,-11.270088
,5338.73,5360.28,5288.65,5321.09,5321.09,164605806,330711896064,-0.321597,-0.32108,17.945876,21.394027,7.391191,0.115053,12.219996,-0.732035,-1.311491,-9.561505
,5318.08,5331.63,5281.69,5331.57,5331.57,144603269,321450799104,0.196758,0.196952,17.900575,21.237982,7.391191,-0.045301,12.78377,-1.016862,-2.680802,-8.678275
,5320.47,5343.75,5269.26,5341.68,5341.68,143831475,321845841920,0.189446,0.189625,17.724481,20.868782,7.391191,-0.176094,13.035155,-2.072366,-2.226916,-8.668059
,5348.34,5352.64,5266.79,5289.97,5289.97,137754319,296176177152,-0.972764,-0.968048,17.86633,19.905155,7.49273,0.141849,12.646537,-1.016879,-1.146631,-9.68613
,5285.71,5314.37,5255.07,5255.29,5255.29,141968878,285448634368,-0.657739,-0.65558,17.390478,19.939176,6.929589,-0.475852,16.0517,0.307407,-3.370348,-8.500174
,5228.28,5334.49,5221.23,5282.28,5282.28,144732088,292326047744,0.512263,0.513578,16.508098,18.553712,6.283046,-0.88238,15.883707,-1.096044,-3.790745,-9.298114
,5284.89,5286.84,5242.95,5277.63,5277.63,127704970,280463261696,-0.088069,-0.08803,16.512529,17.964026,6.226872,0.004431,15.887176,-2.127004,-3.755582,-9.369315
,5276.97,5319.04,5201.14,5232.12,5232.12,130559532,304042217472,-0.866058,-0.862319,16.943672,18.033707,5.921296,0.431143,16.323463,-2.940884,-1.766814,-7.18335
,5224.95,5253.36,5215.35,5236.45,5236.45,121820321,255075450880,0.082724,0.082758,16.927624,17.335155,5.921296,-0.016049,16.637375,-2.603273,-2.870786,-7.267101
,5236.47,5299.53,5229.52,5271.47,5271.47,138991967,301454336000,0.666547,0.668774,16.374795,17.37157,5.852176,-0.552829,16.372803,-3.258452,-3.90789,-8.476251
,5275.75,5276.1,5213.6,5224.7,5224.7,180807173,365363494912,-0.891188,-0.887229,14.935407,16.862932,5.655736,-1.439388,16.91078,-2.604293,-1.77636,-5.730209
,5218.56,5225.5,5137.41,5166.56,5166.56,142880059,330616619008,-1.119029,-1.112791,14.666937,16.948812,5.870325,-0.268469,16.484912,-0.863086,-0.474553,-3.420421
,5163.25,5164.52,5076.02,5080.49,5080.49,125147986,298286772224,-1.679938,-1.665905,15.802344,17.284361,7.432584,1.135407,15.879054,1.308208,0.050966,-2.155939
,5074.38,5123.37,5073.82,5101.89,5101.89,120452518,281927282688,0.420335,0.421219,15.891431,17.226332,7.320394,0.089087,16.518655,1.054421,0.966911,-2.618921
,5104.93,5128.03,5064.92,5102.47,5102.47,148585805,356697096192,0.011368,0.011368,15.843924,16.323177,7.320394,-0.047507,17.02086,2.659104,-0.151021,-1.758647
,5088.09,5123.78,5058.57,5090.39,5090.39,132184517,331527114752,-0.237029,-0.236748,15.474218,16.207467,7.890593,-0.369706,17.047809,3.120881,0.45277,-1.958593
,5106.07,5125.82,5086.28,5122.16,5122.16,130416753,313690365952,0.622178,0.624117,15.572014,16.128973,7.890593,0.097796,16.902318,1.326151,-0.257449,-4.08451
,5127.19,5171.03,5109.76,5147.39,5147.39,136356058,358765666304,0.491357,0.492566,10.514197,15.778452,7.890593,-5.057818,16.991975,1.478126,-0.065103,-5.594631
,5156.56,5160.43,5120.58,5155.97,5155.97,126685624,312607424512,0.166548,0.166686,10.556275,15.777605,7.890593,0.042078,16.989855,1.4191,-0.08188,-6.993647
,5159.8,5251.61,5157.48,5239.97,5239.97,154931062,368265641984,1.616051,1.629179,12.201713,15.460174,7.890593,1.645438,16.375107,-3.078406,-2.918923,-7.611308
,5253.61,5260.64,5226.22,5251.76,5251.76,133193784,337452773376,0.224749,0.225001,12.219996,15.461976,7.962282,0.018283,19.697477,-3.211288,-6.417807,-8.542218
,5248.52,5248.52,5182.68,5190.54,5190.54,125162998,314896842752,-1.172552,-1.165704,12.78377,15.557051,7.685918,0.563774,22.732822,-2.091643,-8.841737,-6.719946
,5189.38,5231.43,5186.63,5224.04,5224.04,103752671,281015504896,0.643331,0.645405,13.035155,15.480085,7.685918,0.251385,22.502604,-1.612264,-9.292255,-7.440988
,5241.2,5252.26,5190.88,5229.66,5229.66,127240620,324097400832,0.107522,0.10758,12.646537,15.286893,8.18165,-0.388618,23.920101,-2.741034,-7.531189,-6.974013
,5186.66,5186.66,5074.36,5081.12,5081.12,130426424,342578962432,-2.881456,-2.840338,16.0517,16.284274,13.917289,3.405163,22.104055,-0.230135,-5.459141,-3.960196
,5073.78,5098.23,5048,5085.79,5085.79,131211589,335197786112,0.091867,0.091909,15.883707,16.266018,13.917289,-0.167993,24.208892,0.918341,-3.035306,-5.079057
,5089.78,5092.21,5028.51,5083.1,5083.1,140655219,362828902400,-0.052906,-0.052892,15.887176,16.201351,14.011945,0.003469,24.213733,1.154024,-2.967807,-4.357098
,5052.42,5152.77,5045.41,5140.49,5140.49,148549061,336731402240,1.122709,1.129035,16.323463,16.362765,15.037998,0.436287,24.068576,-1.123103,-3.194946,-4.182159
,5149.31,5151.22,5078.93,5088.26,5088.26,173901007,397879869440,-1.021248,-1.016051,16.637375,16.196736,13.940566,0.313912,23.916615,1.234424,-2.781707,-3.034215
,5063.15,5081.41,5006.41,5069.44,5069.44,160653225,352845582336,-0.370557,-0.369871,16.372803,15.793218,13.648361,-0.264572,23.947961,0.498417,-2.96048,-3.729856
,5108.38,5159.41,5070.32,5132.71,5132.71,206212040,437203144704,1.240343,1.248067,16.91078,15.97672,14.556839,0.537977,23.988364,-0.375164,-2.908805,-3.824619
,5128.61,5154.05,5114.94,5142.1,5142.1,166482209,361328492544,0.182777,0.182944,16.484912,15.899787,15.719025,-0.425868,24.40494,-0.645982,-1.943067,-4.545265
,5130.75,5130.75,5075.13,5083.08,5083.08,188352719,372568109056,-1.154418,-1.14778,15.879054,16.030414,15.153758,-0.605858,24.151422,1.192139,-1.341616,-3.015049
,5073.26,5153.81,5067.68,5151.46,5151.46,181077102,372484079616,1.336279,1.345247,16.518655,16.236997,15.153758,0.639602,23.705831,0.005629,-3.518651,-5.520519
,5140.9,5140.9,5090.63,5094.77,5094.77,169955983,362594258944,-1.106565,-1.100465,17.02086,15.656846,14.046423,0.502205,23.497867,-0.108798,-2.96394,-3.43533
,5083.73,5120.82,5047.62,5113.49,5113.49,153199588,340322623488,0.366762,0.367436,17.047809,15.673742,14.222292,0.026949,23.420508,-3.749696,-3.430024,-4.057154
,5080.22,5114,5067.86,5108.99,5108.99,129300045,283543130112,-0.088041,-0.088003,16.902318,15.663076,14.359014,-0.145491,24.414492,-7.258136,-5.462435,-3.606445
,5122.78,5160.54,5122.3,5144.04,5144.04,167976468,390275518464,0.683703,0.686046,16.991975,15.719452,14.359014,0.089657,24.724901,-7.749026,-4.977976,-3.648746
,5150.39,5171.21,5137.88,5151.75,5151.75,185556864,418221654016,0.14977,0.149882,16.989855,15.613514,14.359014,-0.002119,24.718416,-6.030209,-5.785779,-3.400296
,5145.43,5145.43,5080,5089.23,5089.23,216536847,435521171456,-1.220992,-1.213568,16.375107,15.639759,13.491544,-0.614748,25.195135,-5.618624,-6.493329,-2.5096
,5067.31,5067.31,4859.6,4925.3,4925.3,228111711,495153655808,-3.274136,-3.221116,19.697477,17.009603,17.066045,3.322371,23.320886,0.171213,-1.832207,-0.552556
,4924.28,4940.86,4749.03,4751.31,4751.31,236631224,521146118144,-3.596482,-3.532577,22.732822,18.440064,20.758876,3.035344,19.612247,3.782287,2.844264,2.346956
,4714.29,4785.66,4663.9,4760.48,4760.48,192634394,419706155008,0.192813,0.192999,22.502604,18.335133,20.758876,-0.230218,19.612496,4.485044,2.851112,3.06749
,4845.76,4857.97,4800.01,4850.27,4850.27,173322053,415676121088,1.868587,1.886154,23.920101,18.734926,20.758876,1.417497,19.890302,2.008448,-1.00831,0.829902
,4825.7,4825.7,4761.04,4811.17,4811.17,182349775,420943933440,-0.809408,-0.806141,22.104055,18.646718,19.393852,-1.816046,19.779732,2.268526,0.329315,0.594343
,4794.82,4938.82,4761.46,4933.74,4933.74,227194918,524659449856,2.515702,2.547613,24.208892,19.217005,19.393852,2.104838,17.447068,1.044841,-2.472063,-2.309313
,4909.23,4957.03,4890.85,4934.46,4934.46,203533361,471194128384,0.014592,0.014593,24.213733,19.216833,19.270062,0.004841,17.439716,2.178764,-2.645926,-1.340807
,4927.74,4979.29,4919.66,4978.85,4978.85,175466460,425801408512,0.89557,0.899592,24.068576,19.265379,19.270062,-0.145158,17.832056,0.730228,-2.221589,-2.77988
,4946.17,4997.14,4921.94,4948.67,4948.67,167381829,398772207616,-0.608009,-0.606164,23.916615,19.280789,19.649383,-0.151961,17.737625,0.49748,-1.614607,-2.051548
,4943.04,4944.35,4891.8,4921.56,4921.56,154179689,371773603840,-0.54933,-0.547824,23.947961,19.200015,19.387201,0.031346,17.735284,0.494957,-1.60788,-1.531924
,4890.26,5002.89,4884.04,4985.56,4985.56,182436872,408897064960,1.292018,1.300401,23.988364,18.770339,19.387201,0.040403,18.412546,-0.896383,-1.045044,-3.352495
,4977.82,5043.76,4941.24,5043.15,5043.15,167051901,410098757632,1.148515,1.155136,24.40494,18.679578,19.387201,0.416576,18.449658,-4.16535,-1.0028,-2.907123
,5037.08,5059.79,5009.98,5015.34,5015.34,182266074,373386346496,-0.552967,-0.551441,24.151422,18.707156,19.861693,-0.253518,18.406357,-2.444221,-0.86529,-2.56423
,4998.07,5016.26,4962.99,4973.35,4973.35,168223734,361828380672,-0.840756,-0.837231,23.705831,18.770181,18.874473,-0.445591,18.164149,-2.261499,-0.067181,-1.846085
,4958.76,4993.74,4921.28,4945.98,4945.98,158314322,352459067392,-0.551853,-0.550333,23.497867,18.782787,19.207061,-0.207964,18.296365,-3.638187,1.356314,-1.274981
,4935.92,4973.38,4931.37,4941.07,4941.07,161953372,340735119360,-0.099322,-0.099273,23.420508,18.681873,18.97999,-0.077359,18.376357,-2.151879,1.018661,-1.12591
,4935,4967.56,4823.39,4837.4,4837.4,187573473,388457132032,-2.120452,-2.098129,24.414492,19.121515,18.717955,0.993984,17.520295,1.048562,1.635374,0.004548
,4838.47,4909.54,4818.9,4894.24,4894.24,197474378,395792166912,1.168162,1.175011,24.724901,18.11362,18.717955,0.310409,17.441309,0.080062,-0.551553,-0.085443
,4886.56,4893.47,4839.57,4862.14,4862.14,201711718,397424963584,-0.658033,-0.655873,24.718416,18.140716,18.082569,-0.006484,17.831534,-1.252739,-1.125987,1.028395
,4817.49,4835.15,4720.83,4769.27,4769.27,177635809,404938035200,-1.928542,-1.910064,25.195135,18.472716,18.354061,0.476719,16.749468,1.204019,1.800944,2.976274
,4777.73,4843.82,4764.01,4835.88,4835.88,167579092,389599125504,1.386987,1.39665,23.320886,18.749661,16.227259,-1.874249,16.240014,-0.468643,-0.292204,1.656632
,4844.59,4906.2,4842.75,4888.39,4888.39,197883164,417481424896,1.079989,1.085842,19.612247,18.908016,10.179376,-3.70864,15.924119,-1.707902,-0.722472,0.16454
,4890.52,4899.77,4865.76,4898.16,4898.16,189448015,371868196864,0.199662,0.199861,19.612496,18.908799,10.179376,0.000249,15.900066,-0.587658,-0.999845,-0.779444
,4892.2,4892.2,4798.7,4801.61,4801.61,197617388,368987717632,-1.990835,-1.971148,19.890302,19.211957,11.042732,0.277806,14.270942,1.40215,1.565486,1.032017
,4794.97,4863.47,4793.59,4827.04,4827.04,183310211,368421408768,0.528217,0.529614,19.779732,19.234827,11.604343,-0.110571,14.174257,0.331331,1.16963,0.103323
,4847.03,4849.16,4787.2,4813.27,4813.27,219635758,477182070784,-0.285676,-0.285268,17.447068,19.188417,11.513453,-2.332664,14.649287,2.471861,0.428311,0.633317
,4803.09,4821.76,4740.75,4805.61,4805.61,235118659,460805652480,-0.15927,-0.159143,17.439716,19.187912,11.526206,-0.007352,14.807992,3.82189,1.256635,1.046402
,4804.69,4906.4,4763.3,4869.46,4869.46,326721080,568819748864,1.319906,1.328655,17.832056,19.364637,11.526206,0.39234,14.783121,2.086527,1.234377,0.64603
,4865.82,4892.7,4845.62,4869.41,4869.41,267858012,465954131968,-0.001027,-0.001027,17.737625,19.361657,12.1514,-0.094431,14.782883,2.044907,1.3621,0.475517
,4875.07,4886.55,4828.7,4843.06,4843.06,268091896,466430119936,-0.542603,-0.541133,17.735284,19.310064,12.154763,-0.002341,15.181242,3.459151,0.838504,1.618852
,4841.06,4944.45,4837.79,4933.73,4933.73,240507246,452756275200,1.854854,1.872163,18.412546,19.671257,12.154763,0.677262,14.23726,1.167323,0.12923,1.252829
,4932.98,5005.96,4915.61,4992.83,4992.83,244178519,417759637504,1.190759,1.197877,18.449658,19.727407,12.154763,0.037112,13.639846,-1.527176,-1.599398,1.705047
,4986.8,5013.98,4955.89,4972.13,4972.13,264615314,428591079424,-0.415456,-0.414595,18.406357,19.451367,12.237678,-0.0433,13.670863,-2.130484,-0.808143,1.655327
,4952.49,4970.15,4929.95,4970.01,4970.01,256530217,401675689984,-0.042647,-0.042638,18.164149,19.428109,12.713305,-0.242208,14.246056,-3.320305,-1.934688,2.263716
,4967.98,5042.8,4962.37,5013.52,5013.52,288304353,472762531840,0.871641,0.875451,18.296365,19.5183,13.299965,0.132216,14.347211,-3.193557,-1.827704,0.719057
,5006.77,5029.72,4964.96,4991.66,4991.66,249915297,433329627136,-0.436974,-0.436021,18.376357,19.531685,12.978343,0.079992,14.303559,-3.462744,-1.645792,0.28487
,4989.83,5000.98,4907.32,4917.16,4917.16,245590403,417245831168,-1.503739,-1.492489,17.520295,19.712355,11.640035,-0.856061,13.345755,-1.309285,0.220616,2.362877
,4903.85,4903.85,4843.12,4867.32,4867.32,187984730,363256655872,-1.018765,-1.013593,17.441309,19.772157,11.180197,-0.078986,12.941656,-0.368231,1.880783,1.780525
,4866.79,4879.53,4806.14,4807.7,4807.7,216752100,393517268992,-1.232468,-1.224904,17.831534,19.901103,11.381644,0.390225,11.983826,1.438734,3.51147,1.501248
,4797.11,4857.96,4786.09,4855.94,4855.94,201958126,360397418496,0.99839,1.00339,16.749468,19.71077,10.356925,-1.082066,11.698544,0.572705,2.182785,1.178179
,4770.73,4830.85,4765.23,4821.77,4821.77,191220375,311952990208,-0.706162,-0.703674,16.240014,19.73216,9.875109,-0.509454,12.440709,0.251872,1.571854,1.903876
,4848.22,4877.34,4837.56,4853.2,4853.2,228151063,362140917760,0.64972,0.651835,15.924119,19.679142,9.875109,-0.315895,12.538742,0.271205,0.225165,1.949472
,4845.64,4897.06,4838.54,4849.43,4849.43,207693289,361849454592,-0.077711,-0.077681,15.900066,19.616315,9.837123,-0.024052,12.93278,1.646565,1.216223,1.471968
,4870.85,4922.56,4852.2,4877.37,4877.37,215967030,426083024896,0.574497,0.57615,14.270942,19.663146,7.794818,-1.629124,12.869223,1.198764,0.272726,0.856417
,4869.08,4901.31,4846.63,4883.83,4883.83,176890880,321272193024,0.132361,0.132448,14.174257,18.804182,7.794818,-0.096685,13.393057,0.000205,-0.904602,1.466114
,4846.02,4868.07,4799.88,4833.93,4833.93,188171366,331841769472,-1.026995,-1.021739,14.649287,18.903601,7.989007,0.47503,12.956743,2.17278,-0.265561,1.019828
,4843.95,4876.07,4843.95,4866.38,4866.38,146113897,283254685696,0.669053,0.671296,14.807992,18.966578,8.058508,0.158705,13.221346,0.965857,0.048484,1.126506
,4915.73,4937.09,4891.62,4929.94,4929.94,168968077,343635836928,1.297648,1.306104,14.783121,19.01699,8.058508,-0.024871,12.420087,0.044007,-1.792668,0.211341
,4941.29,4983.73,4930.71,4936.19,4936.19,163511624,315186323456,0.126696,0.126776,14.782883,18.916911,7.72699,-0.000238,12.418635,-1.25188,-1.79904,-0.37386
,4920.66,4925.49,4840.77,4883.84,4883.84,168079337,299424239616,-1.066198,-1.060535,15.181242,19.020607,7.873347,0.398359,11.870875,0.792943,-0.762548,-0.322397
,4880.14,4953.37,4869.83,4940.11,4940.11,131142812,280044666880,1.14558,1.152167,14.23726,18.993863,7.873347,-0.943982,11.120484,-0.6077,-2.436681,-2.498096
,4934.26,4953.92,4903.25,4913.61,4913.61,119557012,249151668224,-0.537869,-0.536425,13.639846,19.011324,7.539765,-0.597414,12.545861,0.292838,-0.304925,-1.87434
,4896.56,4939.82,4881.01,4932.11,4932.11,142822001,300728492032,0.375798,0.376505,13.670863,18.898811,7.749535,0.031017,12.475828,0.558442,-0.890797,-1.801574
,4922.51,4922.51,4844.94,4874.78,4874.78,141245199,302539444224,-1.169191,-1.162383,14.246056,18.811024,6.816811,0.575193,11.756911,2.125853,0.155783,-1.592375
,4869.39,4928.14,4868.81,4922.72,4922.72,135266493,282928242688,0.978625,0.983429,14.347211,18.816071,6.816811,0.101155,11.185505,0.816932,-0.803591,-1.579427
,4926.77,4944.02,4898.37,4910.18,4910.18,141533184,279747731456,-0.255062,-0.254737,14.303559,18.799367,7.196638,-0.043652,11.160141,-0.245098,-0.49878,-2.982001
,4914.74,4946.18,4893.85,4928.02,4928.02,148898153,274802962432,0.362668,0.363327,13.345755,18.819957,6.613261,-0.957804,11.562661,-1.304736,-1.851442,-4.170365
,4934.87,4989.89,4934.87,4959.73,4959.73,143926228,289252614144,0.641402,0.643463,12.941656,18.813014,6.915425,-0.404099,12.025079,-1.03279,-1.414673,-3.957539
,4940.9,4981.65,4930.11,4979.52,4979.52,141861491,299408232448,0.39822,0.399014,11.983826,18.831773,6.710545,-0.95783,12.05656,-1.80001,-1.357088,-3.394019
,4983.24,5002.57,4953.48,4963.1,4963.1,140888942,301786230784,-0.330296,-0.329751,11.698544,18.684453,6.534819,-0.285283,12.019438,-2.514682,-1.007456,-3.75105
,4949.23,4949.23,4884.94,4898.16,4898.16,147111593,299460468736,-1.317092,-1.308456,12.440709,17.639666,7.556386,0.742166,11.04979,-1.585543,0.376981,-1.535775
,4882.59,4898.66,4846.28,4864.14,4864.14,156649472,316631711744,-0.69697,-0.694547,12.538742,16.050414,7.069648,0.098033,10.849483,0.094525,0.661848,-1.759374
,4861.27,4908.77,4855.76,4908.77,4908.77,159887352,368731987968,0.913347,0.917531,12.93278,16.147518,6.35825,0.394038,10.659642,-1.362326,-0.995821,-2.517381
,4878.13,4908.21,4858.25,4890.69,4890.69,171583974,379730767872,-0.369,-0.36832,12.869223,15.717231,6.369791,-0.063558,10.605442,-0.873002,-0.806195,-4.436654
,4886.18,4911.23,4797.9,4839.85,4839.85,185437688,385731878912,-1.044967,-1.039526,13.393057,15.777229,6.182863,0.523834,10.026638,0.142259,-0.161706,-2.670549
,4835.81,4858.71,4804.37,4821.11,4821.11,142763820,302269935616,-0.387954,-0.387202,12.956743,14.905637,6.303062,-0.436314,9.959892,0.001659,0.470567,-4.263546
,4841.09,4873.94,4834.74,4868.74,4868.74,132592970,308688056320,0.983098,0.987947,13.221346,15.051803,6.303062,0.264603,9.345466,0.612448,-0.258717,-6.468614
,4858.9,4889.68,4841.74,4842.35,4842.35,147789358,312070840320,-0.543504,-0.542029,12.420087,14.965649,6.037299,-0.801259,9.680753,0.945877,1.204321,-4.396029
,4841.15,4866.08,4827.69,4848.18,4848.18,137398264,295893823488,0.120324,0.120396,12.418635,14.923272,6.037299,-0.001452,9.712103,0.702943,0.912457,-5.064237
,4858.25,4870.79,4818.54,4846.74,4846.74,118375526,261645066240,-0.029706,-0.029702,11.870875,14.884605,6.482025,-0.547761,9.903186,0.7519,1.542895,-4.099618
,4832.8,4832.8,4754,4821.19,4821.19,135118180,301058965504,-0.528553,-0.527158,11.120484,14.662256,6.190926,-0.75039,10.813875,1.330202,3.56028,-3.833659
,4814.77,4898.65,4809.11,4898.65,4898.65,160484864,323624628224,1.593887,1.606657,12.545861,14.845773,6.484696,1.425376,10.900183,-1.253679,3.60937,-6.259905
,4902.93,4909.08,4875.35,4888.37,4888.37,132662968,271773245440,-0.210074,-0.209854,12.475828,14.812597,6.444367,-0.070032,11.057881,0.034566,3.354268,-7.136032
,4894.41,4906.33,4863.4,4882.38,4882.38,121823150,272997748736,-0.122611,-0.122536,11.756911,14.720174,5.99737,-0.718917,11.088094,0.612981,4.042621,-5.955476
,4880.9,4915.37,4876.5,4883.32,4883.32,127254405,284094590976,0.019251,0.019253,11.185505,14.680301,5.99737,-0.571406,11.50402,0.613067,3.350352,-5.586577
,4883.25,4891.52,4864.52,4885.75,4885.75,108459223,246177918976,0.049749,0.049761,11.160141,14.680093,6.172125,-0.025364,12.07912,0.630663,2.429441,-5.394738
,4871.42,4871.42,4830.41,4837.62,4837.62,114480566,244484714496,-0.989994,-0.98511,11.562661,14.162518,6.286813,0.402519,11.428779,1.208555,3.993704,-3.928901
,4832.06,4892.81,4829.57,4890.06,4890.06,127198313,266280681472,1.078171,1.084004,12.025079,14.131984,6.286813,0.462418,12.594909,-0.613939,1.314416,-5.371725
,4895.39,4919,4893.27,4912.4,4912.4,138092836,316148809728,0.455805,0.456845,12.05656,14.095252,6.286813,0.031481,13.676633,-1.249118,-0.653134,-7.134173
,4905.76,4927.52,4896.88,4913.35,4913.35,154304412,301022146560,0.019337,0.019339,12.019438,13.499508,6.494516,-0.037122,13.906005,-1.668932,0.002849,-6.090133
,4914.03,4935.49,4899.61,4916.66,4916.66,137150674,289707339776,0.067345,0.067367,11.04979,13.208887,5.436027,-0.969648,13.903976,-1.491958,-0.044959,-8.205762
,4917.61,4921.33,4891.73,4896.44,4896.44,115984031,255450992640,-0.412103,-0.411255,10.849483,13.054183,5.322676,-0.200307,14.026158,-0.826041,1.062459,-6.824713
,4886.95,4886.95,4850.81,4860.13,4860.13,120368975,243041337344,-0.744322,-0.741559,10.659642,13.136453,5.224938,-0.189841,13.899045,0.837816,1.251566,-5.900599
,4820.01,4858.53,4818.71,4851.42,4851.42,133626862,285995220992,-0.179374,-0.179213,10.605442,12.479693,5.410535,-0.0542,13.875762,0.84565,1.389886,-4.894384
,4857.18,4871.25,4810.22,4832.03,4832.03,129630597,279268233216,-0.400478,-0.399677,10.026638,12.462388,4.492408,-0.578804,13.954967,1.84686,2.532422,-5.387339
,4831.89,4844.52,4823.93,4843.85,4843.85,123086789,255968911360,0.244319,0.244618,9.959892,12.457516,4.733288,-0.066746,15.051594,3.091372,0.814822,-6.222445
,4839.91,4866.85,4830.32,4856.16,4856.16,148088522,278051725312,0.253814,0.254137,9.345466,12.462228,4.733288,-0.614426,15.262129,4.480535,1.336739,-7.696425
,4856.98,4901.02,4853.35,4901.02,4901.02,144059625,300052697088,0.919534,0.923775,9.680753,12.30958,4.963483,0.335287,14.980628,3.095824,0.799688,-11.862863
,4909.43,4943.9,4888.69,4892.62,4892.62,173615683,333405790208,-0.17154,-0.171393,9.712103,12.315237,4.820396,0.03135,15.068741,3.833107,0.512723,-13.719433
,4930.83,4934.1,4895.22,4922.1,4922.1,179053460,340617764864,0.600732,0.60254,9.903186,12.319841,4.676919,0.191083,15.339667,2.559357,-1.102744,-15.239653
,4934.41,4995.93,4915.79,4995.93,4995.93,157490560,329064833024,1.488831,1.49997,10.813875,12.10892,4.949792,0.910689,14.563246,0.199364,-3.621694,-15.167506
,5000.69,5114.5,4999.41,5078.69,5078.69,220568776,425680957440,1.642977,1.656548,10.900183,12.328995,4.949792,0.086308,12.934311,-0.869345,-5.178785,-16.49232
,5046.27,5060.06,5035.81,5055.12,5055.12,193695155,356917624832,-0.465176,-0.464096,11.057881,12.337059,4.794989,0.157698,13.146011,-2.005286,-4.265044,-19.134472
,5090.02,5143.84,5079.73,5083.8,5083.8,211801595,426376531968,0.565742,0.567346,11.088094,12.385175,4.703054,0.030213,13.062203,-4.082773,-5.790779,-24.382037
,5066.35,5075.21,5038.86,5049.7,5049.7,159107791,318685536256,-0.673018,-0.670758,11.50402,12.34545,4.486343,0.415927,13.733219,-2.734435,-4.126189,-19.475651
,5036.28,5060.37,5003.78,5005.9,5005.9,150529751,291072569344,-0.871162,-0.867378,12.07912,12.444561,4.623386,0.5751,14.500526,-1.843737,-4.912662,-16.659655
,5006.61,5034.73,4987.22,5034.73,5034.73,144053868,291474767872,0.574268,0.57592,11.428779,12.092388,4.051944,-0.650341,14.300777,-1.72269,-6.312627,-16.570672
,5021.34,5022.11,4954.76,4954.76,4954.76,149005399,297943310336,-1.601117,-1.588367,12.594909,12.365846,6.996873,1.16613,14.026717,-0.676788,-3.857282,-15.137304
,4934.97,4971.67,4872.68,4880.42,4880.42,169675689,317536919552,-1.511745,-1.500375,13.676633,12.500112,7.991574,1.081724,13.685839,0.793903,-1.383797,-13.706602
,4876.51,4917.8,4872.95,4913.49,4913.49,143339899,259023175680,0.67532,0.677606,13.906005,12.40987,7.991574,0.229372,13.556802,0.860641,-2.746444,-13.884489
,4924.58,4936.67,4903.17,4914.45,4914.45,133256740,244642451456,0.019536,0.019538,13.903976,12.317362,7.991574,-0.002029,14.041734,-0.632176,-1.867797,-14.495267
,4924.29,4948.74,4906.75,4948.74,4948.74,139555407,263359754240,0.695315,0.697738,14.026158,12.327483,8.299796,0.122181,14.009401,-0.55176,-3.483681,-17.012164
,4953.06,4964.91,4905.98,4921.34,4921.34,142673324,290483662848,-0.555215,-0.553676,13.899045,12.384426,8.353487,-0.127113,13.980096,0.385938,-2.773126,-17.084126
,4918.15,4939.69,4894.16,4919.32,4919.32,124100951,254421524480,-0.041054,-0.041046,13.875762,12.33181,8.658984,-0.023283,15.913985,-0.031513,-5.020345,-17.389098
,4923.69,4959.14,4913.6,4955.96,4955.96,130457756,276316733440,0.742058,0.744818,13.954967,12.419736,9.059873,0.079205,15.896834,-1.788307,-5.041266,-15.270767
,4958.65,4958.65,4883.48,4883.48,4883.48,113587003,273225465856,-1.473281,-1.462482,15.051594,12.613278,9.329042,1.096627,16.504616,-1.345144,-5.548935,-14.540703
,4882.16,4940.18,4878.65,4921.51,4921.51,121617178,268022476800,0.775731,0.778748,15.262129,12.638701,9.329042,0.210535,16.336367,-2.034989,-7.546636,-14.055998
,4937.46,4950.36,4923.14,4940.37,4940.37,121313738,266975387648,0.382483,0.383216,14.980628,12.379684,9.329042,-0.281501,17.508619,-1.968908,-6.400038,-14.727006
,4957.98,4961.45,4874.53,4917.77,4917.77,151534776,336516960256,-0.458505,-0.457456,15.068741,12.412862,8.81175,0.088113,17.520867,-2.470395,-6.489417,-15.560633
,4907.93,4916.28,4851.98,4868.12,4868.12,178816100,363944529920,-1.014735,-1.009604,15.339667,12.394527,8.348839,0.270925,17.865513,-0.464088,-4.539769,-14.032382
,4842.16,4857.56,4786.43,4818.23,4818.23,157665825,321750077440,-1.030118,-1.024831,14.563246,12.33347,7.959026,-0.77642,17.613851,-1.091605,-3.772245,-16.140259
,4824.32,4856.65,4818.19,4822.37,4822.37,187139412,332218949632,0.085887,0.085924,12.934311,12.292456,7.959026,-1.628935,17.725281,-2.003188,-4.69049,-14.296144
,4812.23,4844.39,4780.82,4844.05,4844.05,156211697,305033818112,0.448564,0.449571,13.146011,12.303647,8.065317,0.2117,17.777944,-1.597524,-6.225256,-15.711816
,4840.01,4850.88,4791.89,4797.77,4797.77,146928005,286445756416,-0.959992,-0.955399,13.062203,12.228155,7.65348,-0.083808,18.238363,0.324208,-4.207318,-13.507586
,4818.89,4852.73,4810.92,4845.58,4845.58,143200205,293153042432,0.991572,0.996505,13.733219,12.232729,7.944016,0.671016,17.832187,-1.354691,-4.81074,-14.566459
,4853.03,4853.06,4765.24,4765.92,4765.92,142519652,288799117312,-1.657636,-1.643972,14.500526,12.674484,8.668786,0.767306,17.08927,1.201129,-2.911517,-13.444304
,4743.91,4764.05,4723.94,4726.73,4726.73,146863127,281828450304,-0.825696,-0.822297,14.300777,12.743143,8.282057,-0.199749,17.026638,1.106255,-1.609978,-13.377049
,4728.76,4775.24,4726.71,4767.28,4767.28,115295690,263788240896,0.854228,0.857887,14.026717,12.801187,8.094125,-0.27406,16.685439,0.407368,-2.828859,-15.793883
,4766.78,4826.3,4747.92,4813.35,4813.35,150870802,282749394944,0.96174,0.966379,13.685839,12.939806,7.922717,-0.340878,16.639033,-2.842645,-5.097242,-18.614199
,4815.81,4828.75,4755.93,4780.38,4780.38,133927360,275534557184,-0.687327,-0.68497,13.556802,12.992644,7.539051,-0.129037,17.186984,-1.434181,-3.346538,-17.491865
,4778.26,4845,4777.57,4823.51,4823.51,164971315,304344268800,0.898184,0.90223,14.041734,12.87163,7.539051,0.484932,17.930486,-4.313315,-6.293006,-23.458481
,4808.77,4818.31,4762.56,4779.31,4779.31,138952586,274699153408,-0.920569,-0.916345,14.009401,12.929471,7.156208,-0.032333,18.333519,-4.614715,-4.40349,-23.348282
,4753.94,4801.1,4746.45,4786.74,4786.74,114463880,246261596160,0.155341,0.155462,13.980096,12.785948,7.331667,-0.029305,18.340365,-3.240975,-4.37904,-20.601729
,4761.95,4781.39,4678.25,4678.45,4678.45,133667587,250555768832,-2.288274,-2.262291,15.913985,13.576214,8.488377,1.933889,16.960111,-1.500585,-1.263926,-17.659208
,4697.1,4718.99,4648.13,4712.31,4712.31,107070843,226553450496,0.721138,0.723744,15.896834,13.519037,8.488377,-0.017151,16.938111,-1.28681,-2.878496,-15.983209
,4708.1,4708.44,4616.03,4619.88,4619.88,121263803,250535653376,-1.98095,-1.961458,16.504616,14.074659,9.394718,0.607782,15.604736,0.431546,-1.488332,-14.152512
,4641.81,4660.52,4559.83,4563.77,4563.77,126480113,263967891456,-1.221969,-1.214534,16.336367,14.09472,8.914626,-0.168249,15.602979,0.821157,-1.486529,-15.49135
,4638.58,4672.65,4615.01,4634.09,4634.09,144849720,266031792128,1.529081,1.540831,17.508619,14.456445,8.914626,1.172252,18.103168,-1.794125,-6.262513,-17.826471
,4626.44,4626.44,4522.47,4608.77,4608.77,155830707,281364873216,-0.547884,-0.546386,17.520867,14.483062,8.739367,0.012248,19.093192,-0.188297,-7.742739,-16.190252
,4608.15,4659.46,4595.28,4652.06,4652.06,148335547,273771962368,0.934912,0.939296,17.865513,14.632767,9.158159,0.344647,18.51612,-0.735059,-9.59714,-15.692822
,4657.21,4657.21,4608.09,4639.86,4639.86,151576666,287224389632,-0.262594,-0.262249,17.613851,14.607168,10.321644,-0.251662,19.88106,-0.230877,-7.773567,-15.87584
,4617.87,4662.6,4595.88,4601.4,4601.4,155974584,307938017280,-0.832359,-0.828904,17.725281,14.273554,9.898737,0.11143,19.959821,1.077325,-6.623045,-14.292031
,4579.42,4593.63,4530.06,4551.69,4551.69,143673894,275737554944,-1.086201,-1.080323,17.777944,14.413523,9.438592,0.052662,22.143743,1.798873,-8.644172,-14.012869
,4553.81,4601.45,4550.54,4600.1,4600.1,115025600,249977008128,1.057945,1.063561,18.238363,14.613903,9.869652,0.46042,26.049343,-0.565715,-14.383939,-13.831226
,4619.85,4643.1,4607.22,4617.99,4617.99,107258954,210190929920,0.38815,0.388905,17.832187,14.6462,9.869652,-0.406176,31.270063,0.109511,-10.538722,-14.568973
,4616.9,4650.16,4606.95,4629.16,4629.16,110014643,227946250240,0.241588,0.24188,17.08927,14.659463,9.965181,-0.742917,32.3897,-2.180361,-8.835476,-14.618107
,4604.57,4651.34,4598.1,4651.24,4651.24,104550228,195825700864,0.475842,0.476976,17.026638,14.582652,10.474121,-0.062632,32.466858,-1.687257,-8.648067,-13.162527
,4646.05,4646.67,4613.3,4634.31,4634.31,112516513,215039180800,-0.364653,-0.363989,16.685439,14.397964,10.528518,-0.341199,32.479829,-1.142813,-8.451163,-13.378821
,4601.92,4602.07,4550.8,4574.15,4574.15,123317238,246872961024,-1.306643,-1.298144,16.639033,14.564932,10.082486,-0.046406,32.32837,0.990671,-7.225562,-14.439153
,4582.01,4625.3,4579.29,4623.05,4623.05,122952916,259050147840,1.063377,1.069051,17.186984,14.76307,10.44043,0.547951,32.058878,-0.966139,-7.791507,-14.897417
,4592.07,4610.88,4488.48,4529.32,4529.32,184403059,342346665984,-2.048284,-2.027449,17.930486,15.287101,10.932871,0.743502,31.470813,0.491359,-6.334465,-12.601897
,4564.63,4611.86,4561.9,4573.42,4573.42,149722583,271727599616,0.968947,0.973656,18.333519,15.442079,11.441402,0.403033,31.517622,-1.697754,-9.124992,-13.364198
,4563.74,4581.65,4530.68,4581.65,4581.65,135406979,248363728896,0.179791,0.179953,18.340365,15.39697,11.441402,0.006846,31.431681,-5.124447,-9.93196,-12.853603
,4597.86,4623.43,4583.92,4619.69,4619.69,123139220,260431183872,0.826841,0.830269,16.960111,15.512014,10.264367,-1.380254,31.0501,-7.979398,-11.104828,-12.141106
,4594.02,4594.02,4558.44,4578.6,4578.6,113298324,215299653632,-0.893433,-0.889454,16.938111,15.588011,9.718948,-0.022,33.286366,-8.005454,-7.351005,-11.451718
,4595.02,4599.4,4544.43,4551.63,4551.63,138285878,242701770752,-0.590786,-0.589045,15.604736,15.605503,8.42821,-1.333375,33.304318,-5.853689,-7.503436,-10.704558
,4513.36,4539.39,4481.49,4496.43,4496.43,127266806,249970282496,-1.220166,-1.212752,15.602979,15.752938,8.426379,-0.001758,33.631958,-4.31536,-5.022834,-7.63058
,4462.52,4462.52,4338.3,4352.78,4352.78,162197706,306898526208,-3.246903,-3.194757,18.103168,16.8455,13.727555,2.50019,31.722103,-4.175785,-2.064456,-4.071163
,4361.64,4383.65,4252.54,4265.39,4265.39,167863278,315176697856,-2.02811,-2.007682,19.093192,17.257826,13.979178,0.990023,31.233597,-6.829497,-1.328477,-1.074352
,4280.98,4304.48,4068.19,4226.35,4226.35,194232901,341009391616,-0.919488,-0.915274,18.51612,17.226966,13.420632,-0.577071,31.12852,-1.676641,0.104527,-1.206391
,4326.2,4335.67,4288.51,4292.84,4292.84,145266383,301636182016,1.560978,1.573225,19.88106,17.258747,13.12329,1.364939,32.45425,-1.292785,-4.594447,-1.262349
,4231.2,4316.04,4176.45,4306.52,4306.52,152399921,295008833536,0.318163,0.31867,19.959821,16.845812,13.564135,0.078761,33.308241,-0.947697,-2.982608,-2.758456
,4248.15,4280.36,4174.76,4174.76,4174.76,130187236,260691660800,-3.107328,-3.059547,22.143743,17.815629,15.960969,2.183922,31.610291,1.991882,-0.842389,1.13255
,4125.49,4163.42,3983.81,3983.81,3983.81,202524700,346988949504,-4.681822,-4.573916,26.049343,19.834209,21.230837,3.905601,26.689968,6.592662,5.083672,7.129839
,4053.1,4168.59,3942.86,4156.08,4156.08,196021983,378883588096,4.233367,4.324252,31.270063,21.984653,21.230837,5.22072,22.168717,2.856727,0.783004,2.236078
,4237.67,4302.74,4217.8,4237.7,4237.7,179407345,385039196160,1.944835,1.96387,32.3897,22.438414,21.230837,1.119637,21.061455,0.32065,-1.697312,1.669447
,4218.47,4283.37,4194.94,4265.9,4265.9,149458304,275791290368,0.663251,0.665455,32.466858,22.45358,21.230837,0.077159,20.996165,-2.164182,-3.119003,1.501367
,4280.14,4287.82,4223.02,4258.75,4258.75,127036360,251214544896,-0.167749,-0.167608,32.479829,22.283835,21.596971,0.01297,21.582177,-2.62361,-4.513861,1.556823
,4252.57,4283.33,4236.69,4255.3,4255.3,126382469,226213535744,-0.081043,-0.08101,32.32837,22.130832,23.100259,-0.151459,22.33341,-2.888594,-6.291395,0.359375
,4269.61,4287.58,4241.96,4276.52,4276.52,117089078,226390777856,0.497433,0.498672,32.058878,22.10279,23.100259,-0.269492,22.304387,-0.525637,-6.353821,1.562836
,4249.53,4273.96,4216.85,4251.31,4251.31,108918272,219594432512,-0.591242,-0.589498,31.470813,22.108614,23.634392,-0.588065,27.973976,-0.677612,-10.83101,3.318803
,4249.07,4254.84,4173.93,4174.57,4174.57,108808046,217013186560,-1.821581,-1.805091,31.517622,22.254284,22.558743,0.046808,27.587901,2.404405,-9.8198,6.260202
,4128.84,4174.12,4091.3,4148.47,4148.47,118449021,213468975104,-0.627177,-0.625214,31.431681,22.258525,22.029695,-0.085941,30.087674,2.743057,-6.290728,7.922892
,4155.42,4177.21,4124.72,4134.14,4134.14,100266972,199463854080,-0.346027,-0.345429,31.0501,22.253039,21.759915,-0.381581,30.28266,1.796952,-5.290455,6.716801
,4162.17,4254.1,4160.74,4254.1,4254.1,138346025,268869181440,2.86039,2.901692,33.286366,23.080661,22.492334,2.236266,29.687427,-0.549921,-5.753708,5.28575
,4234.72,4247.36,4214.54,4222.6,4222.6,134029184,238877216768,-0.743217,-0.740462,33.304318,22.964204,22.373407,0.017951,29.64133,-2.944701,-5.160744,5.620331
,4198.82,4290.67,4190.08,4276.16,4276.16,133803054,244758872064,1.260436,1.268413,33.631958,23.077192,23.324746,0.32764,30.14423,-2.275134,-8.981987,5.013937
,4258.83,4277.52,4236.73,4263.84,4263.84,159062195,253690929152,-0.288525,-0.288109,31.722103,23.041541,22.251584,-1.909855,30.163634,-2.953718,-9.499502,5.158008
,4240.02,4278.11,4205.74,4209.1,4209.1,134880353,216996184064,-1.292131,-1.283819,31.233597,23.1376,21.940886,-0.488506,30.490078,-0.417348,-7.119036,4.978863
,4213.21,4237.81,4175.53,4230.77,4230.77,142843794,229081763840,0.513516,0.514837,31.12852,23.136471,22.956966,-0.105077,31.007643,-0.998165,-6.200209,4.905159
,4203.79,4203.79,4089.09,4100.07,4100.07,148197071,265224933376,-3.137996,-3.089272,32.45425,23.838938,23.536819,1.32573,29.169136,1.604351,-3.507825,7.71201
,4102.97,4179.97,4075.8,4179.97,4179.97,144285683,252830412800,1.930002,1.948747,33.308241,24.252191,23.536819,0.853991,28.328776,-1.084093,-4.686378,4.093328
,4154.41,4194.04,4139.74,4139.74,4139.74,125097490,221281030144,-0.967109,-0.962447,31.610291,24.254487,21.987551,-1.69795,28.279514,-1.67959,-4.526308,4.114447
,4172.64,4217.06,4155.55,4191.57,4191.57,124791316,245993820160,1.244238,1.252011,26.689968,24.40371,14.283341,-4.920322,28.276311,-4.782405,-4.530959,3.051794
,4162.37,4211.32,4152.97,4188.75,4188.75,124762263,226229739520,-0.067301,-0.067278,22.168717,24.274364,14.161699,-4.521251,28.272979,-4.280097,-4.813255,3.133209
,4152.93,4171.74,4119.99,4166.38,4166.38,117504609,212855328768,-0.535481,-0.53405,21.061455,24.103337,13.626779,-1.107262,28.290373,-8.813048,-4.08532,1.952549
,4161.93,4186.94,4115.42,4134.9,4134.9,110217472,208570580992,-0.758441,-0.755572,20.996165,24.09656,13.094833,-0.06529,29.188512,-8.864978,-1.395456,3.742714
,4130.54,4136.17,4060.5,4070.79,4070.79,117331658,216536637440,-1.562606,-1.550461,21.582177,24.144107,13.093364,0.586013,28.726959,-4.400477,-0.413797,4.762216
,4048.73,4086.44,3978.37,3995.83,3995.83,132783828,227026681856,-1.858577,-1.841412,22.33341,24.224641,13.068658,0.751233,29.210966,-1.887654,-0.922196,6.958915
,3967.2,4037.08,3953.72,4013.25,4013.25,122101811,206371766272,0.435007,0.435954,22.304387,24.259191,13.068658,-0.029023,29.254335,0.074475,-0.752089,5.403221
,3933.45,3958.21,3814.91,3814.91,3814.91,168364503,272889274368,-5.068431,-4.942129,27.973976,26.026752,21.289573,5.669589,22.415924,4.992654,4.563577,10.522866
,3822.49,3871.85,3773.9,3784.12,3784.12,157577610,259626352640,-0.810371,-0.807096,27.587901,26.018153,21.299128,-0.386075,22.07914,3.242218,5.580595,10.727617
,3758.08,3895.73,3757.09,3895.54,3895.54,172734047,296924102656,2.901895,2.94441,30.087674,26.858925,21.943434,2.499773,19.880808,-0.465717,3.369086,8.614034
,3883.42,3943.43,3873.58,3921.11,3921.11,153056586,268502241280,0.654247,0.656392,30.28266,26.624795,22.376479,0.194986,20.408888,-0.031629,4.254176,7.465395
,3939.62,4017.43,3898.57,4016.24,4016.24,179458378,321414877184,2.397136,2.426099,29.687427,27.114862,22.376479,-0.595233,18.736359,-0.996422,1.652996,5.083169
,3995.35,4039.7,3988.93,4010.21,4010.21,154170716,290538229760,-0.150253,-0.15014,29.64133,26.878962,22.947578,-0.046097,18.71741,-1.291782,1.959622,3.909641
,3928.85,3947.24,3902.05,3908.82,3908.82,123005550,214825172992,-2.560807,-2.528297,30.14423,27.226547,22.582667,0.5029,16.868534,2.020475,6.374241,6.915011
,3883.95,3914.11,3854.94,3877.44,3877.44,92936694,171756503040,-0.80604,-0.8028,30.163634,26.991389,22.126347,0.019404,16.338282,2.019476,7.492795,5.752256
,3820.63,3932.68,3808.57,3919.87,3919.87,136416919,239060213760,1.088335,1.094279,30.490078,27.134373,23.085686,0.326444,16.274364,2.170729,7.373161,3.684222
,3917.93,4033.3,3916.52,3976.42,3976.42,165632256,309294911488,1.432343,1.44265,31.007643,27.247618,23.085686,0.517565,16.507819,0.38879,4.889291,3.09806
,3949.95,3985.93,3935.59,3958.74,3958.74,113376067,202029158400,-0.445612,-0.444621,29.169136,27.25023,22.046009,-1.838507,16.874358,1.026856,6.839924,4.884622
,3983.82,4003.85,3957.14,3988.6,3988.6,109968356,195727044608,0.75145,0.75428,28.328776,27.302546,22.046009,-0.84036,17.626472,2.206829,4.91053,3.920287
,4015,4018.03,3947.75,3956.54,3956.54,112425295,199717908480,-0.807039,-0.803791,28.279514,27.271488,22.113357,-0.049262,17.267351,2.432921,6.501247,4.925294
,3961.76,4005.89,3955.1,4005.89,4005.89,109661455,210117537792,1.239587,1.247302,28.276311,27.310742,22.113357,-0.003203,17.322665,-1.173642,6.577126,2.559399
,4015.01,4017.34,3964.75,3991.91,3991.91,108074232,201800667136,-0.349596,-0.348986,28.272979,27.281195,21.79248,-0.003331,17.518139,-0.218932,6.266329,4.927543
,3938.3,3999.6,3933.75,3999.6,3999.6,116293420,210206683136,0.192454,0.19264,28.290373,27.277654,22.493023,0.017394,17.91087,-0.164151,7.452079,4.67808
,4020.82,4077.6,4020.82,4077.6,4077.6,147069174,265609089024,1.931422,1.950195,29.188512,27.602809,23.457617,0.898139,16.952941,-1.888927,6.015826,2.61606
,4080.97,4080.97,4029.08,4053.98,4053.98,130477811,225981542400,-0.580947,-0.579262,28.726959,27.61123,23.830866,-0.461553,16.709522,-0.617594,6.484481,3.009525
,4052.87,4055.78,3959.15,3959.15,3959.15,145554337,247713038336,-2.366976,-2.339183,29.210966,27.873242,24.270979,0.484007,14.711637,3.288718,7.572966,6.308513
,3959.77,3983.62,3946.81,3983.18,3983.18,107734016,188700536832,0.605114,0.606948,29.254335,27.797389,24.270979,0.043368,15.431921,2.47956,8.668746,4.825467
,3987.68,4015.75,3938.24,3993.04,3993.04,126263690,216987025408,0.247235,0.247541,22.415924,27.559571,13.795689,-6.838411,15.627507,2.388698,9.586235,3.881329
,4022.71,4051.14,3983.38,4001.3,4001.3,112769336,206944428032,0.206646,0.20686,22.07914,27.464399,14.705603,-0.336784,15.75186,4.035864,10.499407,4.402681
,4020.86,4040.82,4003.38,4029.02,4029.02,111152241,211144720384,0.690386,0.692775,19.880808,27.516248,14.705603,-2.198331,15.84728,3.657992,10.844534,3.225149
,4031.76,4096.2,4020.38,4091.52,4091.52,135415514,267770089472,1.539337,1.551246,20.408888,27.669702,14.705603,0.52808,17.023151,3.087356,7.75308,-0.222659
,4086.62,4094.9,4058.85,4083.18,4083.18,114850880,225416237056,-0.204044,-0.203836,18.736359,27.632204,14.39927,-1.672529,17.255921,2.239873,9.386463,0.806403
,4064,4091.15,4057.91,4089.57,4089.57,113893637,222657536000,0.156373,0.156496,18.71741,27.628442,14.595284,-0.018949,17.506558,3.58852,8.821453,0.438691
,4090.53,4166.62,4063.91,4166.09,4166.09,167871012,324075626496,1.853812,1.871101,16.868534,27.850718,11.569303,-1.848875,16.722904,0.556764,7.621684,-1.855034
,4165.69,4198.09,4155.17,4179.13,4179.13,142992881,285733724160,0.312514,0.313003,16.338282,27.092733,12.673218,-0.530252,16.826106,1.027928,7.164716,-2.50385
,4187.15,4224.81,4158.03,4219.81,4219.81,157374057,319480254464,0.968701,0.973408,16.274364,26.861748,12.673218,-0.063918,17.849938,1.374693,4.724738,-3.397747
,4211.72,4227.45,4160.88,4175.67,4175.67,168449155,285172805632,-1.051528,-1.046019,16.507819,26.882032,11.673042,0.233454,17.195937,1.765828,6.216078,-3.210482
,4145.65,4241.35,4140.22,4238.99,4238.99,184796214,324091441152,1.505021,1.516403,16.874358,26.868216,12.443932,0.36654,16.733643,1.639011,4.379912,-5.214552
,4194.46,4218.23,4156.71,4189.35,4189.35,168475622,336585670656,-1.177944,-1.171034,17.626472,26.962324,11.487321,0.752114,17.384683,3.312125,3.869176,-4.240115
,4143.22,4224.09,4102.93,4222.31,4222.31,171385905,335418556416,0.783678,0.786757,17.267351,26.245001,12.546007,-0.359121,17.687367,2.416155,2.139509,-4.110269
,4228.29,4348.42,4228.29,4278.22,4278.22,257046589,459766820864,1.315466,1.324157,17.322665,24.475327,12.546007,0.055314,17.108302,-0.177802,1.005627,-5.359128
,4282.08,4302.92,4241.08,4250.06,4250.06,184074417,337235910656,-0.660393,-0.658218,17.518139,22.970013,11.936816,0.195474,16.902987,2.183486,1.680135,-5.126283
,4219.23,4318.77,4218.68,4309.04,4309.04,158649098,346675728384,1.378204,1.387745,17.91087,22.797734,11.936816,0.392731,17.324141,1.970006,-1.41421,-5.124395
,4322.83,4368.36,4297.89,4330.43,4330.43,165666383,359569297408,0.49517,0.496398,16.952941,22.78032,11.936816,-0.95793,17.658067,2.594653,-0.877656,-5.197378
,4327.92,4357.34,4287.14,4325.57,4325.57,164667615,317163319296,-0.112292,-0.112229,16.709522,22.778599,13.108697,-0.243418,17.746201,3.742458,-1.308468,-6.204162
,4331.9,4333.18,4269.25,4270.62,4270.62,158565855,298656264192,-1.278491,-1.270353,14.711637,22.934282,7.988166,-1.997886,17.19992,3.468833,0.308145,-5.870754
,4277.96,4343.88,4260.9,4343.88,4343.88,170882360,327144779776,1.700894,1.715442,15.431921,23.175773,7.988166,0.720284,16.431606,3.197277,-2.513437,-9.944683
,4354.55,4400.69,4346.12,4394.77,4394.77,168972198,356054749184,1.164724,1.171533,15.627507,23.255266,7.988166,0.195586,15.732312,1.623916,-3.626947,-11.228481
,4414.33,4472.69,4414.33,4444.26,4444.26,177385677,381432967168,1.119818,1.126111,15.75186,23.021408,7.988166,0.124353,15.015454,1.158141,-5.352385,-12.225156
,4442.58,4497.89,4407.35,4490.52,4490.52,174756490,361685970944,1.035513,1.040893,15.84728,23.047915,7.988166,0.09542,14.754279,-0.021826,-5.599586,-14.0036
,4472.73,4503.13,4414,4421.36,4421.36,187276687,395926106112,-1.552117,-1.540133,17.023151,23.286079,8.745589,1.175871,14.003298,0.059014,-4.541861,-13.336339
,4418.07,4515,4418.07,4485.01,4485.01,156666289,354343886848,1.429338,1.439602,17.255921,22.743002,8.142264,0.23277,12.615523,-0.930512,-5.95629,-15.110516
,4489.52,4500.99,4449.29,4466.72,4466.72,144779599,318492131328,-0.408637,-0.407803,17.506558,22.701064,8.16565,0.250637,13.129891,-0.853021,-6.871434,-15.204695
,4447.22,4496.03,4427.82,4496.03,4496.03,146345651,356968521728,0.654043,0.656186,16.722904,22.601744,8.16565,-0.783654,12.93845,-3.195743,-7.080914,-14.419454
,4505.46,4530.32,4439.45,4489.54,4489.54,154962414,361891852288,-0.144454,-0.14435,16.826106,22.593541,8.645112,0.103202,14.11369,-3.997279,-8.905254,-15.922231
,4475.48,4484.36,4393.42,4423.97,4423.97,149800236,344672706560,-1.471276,-1.460506,17.849938,22.64314,8.836255,1.023832,13.74271,-2.344417,-8.413677,-14.49197
,4425.28,4457.34,4391.19,4443.47,4443.47,132660905,328133132288,0.439812,0.440781,17.195937,22.637658,9.377792,-0.654002,14.149857,-2.770115,-8.007309,-15.514852
,4468.06,4479.49,4426.89,4428.78,4428.78,123195740,304031109120,-0.331145,-0.330597,16.733643,21.641451,9.192843,-0.462293,15.443997,-4.155111,-6.335214,-17.414783
,4406.15,4406.15,4330.58,4354.62,4354.62,134448579,299195232256,-1.68868,-1.674502,17.384683,21.625531,10.207801,0.65104,14.568885,-1.434707,-4.859418,-15.544861
,4352.65,4370.34,4296.62,4313.62,4313.62,130187838,291072311850.2,-0.945989,-0.941529,17.687367,21.621255,9.636133,0.302685,14.401673,-1.031821,-3.715461,-13.091389
,4313.36,4341.47,4284.94,4321.46,4321.46,131113179,286075545406.5,0.181585,0.18175,17.108302,21.483698,9.636133,-0.579065,14.704305,-0.875284,-5.023354,-14.112572
,4308.82,4352.1,4292.76,4322.07,4322.07,145250926,301569861036.8,0.014115,0.014116,16.902987,21.482433,10.152662,-0.205315,16.761426,-2.010086,-3.018921,-11.761907
,4299.47,4344.86,4248.53,4248.53,4248.53,150214453,316793192669.9,-1.716141,-1.7015,17.324141,21.754928,10.448949,0.421154,15.708099,-0.242731,-1.359788,-9.94328
,4262.15,4300.78,4217.51,4292.59,4292.59,122601192,281055128639.5,1.031724,1.037065,17.658067,21.78625,10.448949,0.333926,15.161147,-1.880075,-2.52211,-11.186854
,4288.44,4288.44,4238.82,4269.34,4269.34,103805730,231117731807.1,-0.543103,-0.541631,17.746201,21.560477,9.658548,0.088134,15.083772,-0.54866,-2.166488,-12.265365
,4291.28,4303.37,4269.97,4283.8,4283.8,94490144,212301881407.6,0.338122,0.338694,17.19992,21.183852,10.118684,-0.546281,15.459543,-1.381174,-1.572598,-13.177082
,4270.36,4283.15,4236.05,4236.06,4236.06,117156344,239228146811.6,-1.120687,-1.114431,16.431606,21.323244,9.566858,-0.768314,15.265312,-0.245576,-1.329842,-12.377555
,4251.79,4275.47,4207.31,4238.23,4238.23,103840624,224295333457.3,0.051214,0.051227,15.732312,18.416438,9.566858,-0.699294,15.41901,-1.620571,-2.07796,-15.398514
,4233.93,4234.84,4201.92,4212.64,4212.64,83636664,188136426672.8,-0.60562,-0.60379,15.015454,18.374361,9.262631,-0.716858,15.569411,-0.570388,-0.744341,-14.955961
,4220.09,4259.99,4214.53,4245.98,4245.98,85823274,197601406373.7,0.788312,0.791428,14.754279,17.527518,9.262631,-0.261175,15.328857,-3.327495,-2.0198,-14.935686
,4236.15,4242.1,4217.28,4225.04,4225.04,78904940,194245303807.2,-0.494392,-0.493172,14.003298,17.542645,8.927791,-0.750981,16.580882,-3.812802,-3.433878,-15.148208
,4242.27,4267.92,4223.03,4225.67,4225.67,107531930,243871486471.5,0.01491,0.014911,12.615523,16.891714,8.927791,-1.387775,16.947114,-2.981532,-2.62377,-17.667547
,4226.42,4243.51,4160.87,4170.1,4170.1,114179286,253198574647.5,-1.323781,-1.315058,13.129891,17.130956,8.833502,0.514368,16.358646,-0.316801,-1.511327,-17.269442
,4160.65,4196.57,4129.45,4188.68,4188.68,107749029,251125308597.5,0.444563,0.445553,12.93845,16.247728,8.833502,-0.191441,16.286775,-0.974248,-2.395804,-14.20049
,4144.38,4144.38,4071.43,4107.02,4107.02,142224425,281013555279.9,-1.968794,-1.94954,14.11369,16.697842,8.986151,1.17524,14.790847,1.192514,-0.763311,-11.038024
,4114.83,4150.98,4058.18,4066.98,4066.98,116666124,268695834765.4,-0.9797,-0.974916,13.74271,16.710702,8.794042,-0.37098,14.368138,1.045906,0.291192,-10.874905
,4089.44,4108.16,4064.66,4101.54,4101.54,89532644,216898674902.2,0.84618,0.849771,14.149857,16.54769,8.794042,0.407147,14.337854,2.218273,-1.419251,-8.503846
,4109.63,4159.49,4097.86,4156.91,4156.91,102571004,247325902015.1,1.34095,1.349981,15.443997,16.722526,8.326366,1.29414,13.39102,0.820315,-3.25925,-9.629216
,4142.11,4155.73,4135.08,4148.07,4148.07,90208138,224080812054.7,-0.212884,-0.212658,14.568885,16.674203,8.874656,-0.875112,13.390597,0.902601,-3.249873,-10.106601
,4143.67,4161.81,4131.43,4156.29,4156.29,84136959,214223692260.1,0.197968,0.198164,14.401673,16.576542,9.409208,-0.167212,13.878095,0.517152,-2.534316,-11.244069
,4149.21,4160.79,4092.55,4109.74,4109.74,85565839,217447368470,-1.126308,-1.119989,14.704305,16.580036,8.895126,0.302632,13.375393,2.575472,-1.341401,-10.890201
,4130.74,4193.81,4116.06,4193.54,4193.54,121385051,269630998406.8,2.018548,2.039058,16.761426,17.044546,8.895126,2.057121,10.907088,-0.321008,-3.787498,-10.159092
,4185.42,4202.47,4175.05,4191.15,4191.15,106808295,219208055254.9,-0.057009,-0.056992,15.708099,17.045316,9.09964,-1.053327,12.248786,-0.960903,-2.350397,-9.954902
,4180,4219.92,4174.3,4185.68,4185.68,105898495,245539800985.4,-0.130598,-0.130513,15.161147,16.605816,9.282095,-0.546952,12.397226,-0.102306,-1.797611,-7.945656
,4190.53,4208.8,4170.52,4177.84,4177.84,93906139,233818584731.5,-0.187481,-0.187305,15.083772,16.562131,9.657775,-0.077375,12.924328,-0.401971,-2.729207,-8.578401
,4182.57,4222.79,4155.17,4216.96,4216.96,112864659,252044325051.7,0.932012,0.936369,15.459543,15.871245,9.657775,0.375771,12.579043,-3.242454,-4.606301,-9.921491
,4205.79,4211.91,4173.54,4180.1,4180.1,101052650,233115491389.8,-0.877932,-0.874089,15.265312,15.962455,9.488931,-0.194231,14.563027,-1.539504,-6.101404,-9.492103
,4174.55,4185.66,4151.07,4151.07,4151.07,117402978,262494128152.3,-0.696904,-0.694481,15.41901,16.037409,9.048195,0.153698,14.501132,-1.053939,-5.523574,-9.652193
,4135.16,4183.65,4134.2,4181.4,4181.4,112442720,259747163698.2,0.727999,0.730655,15.569411,16.092617,9.470262,0.150401,14.098968,-2.221851,-6.128431,-10.368518
,4175.53,4187.39,4147.41,4161.08,4161.08,103153512,239101330833.1,-0.487146,-0.485962,15.328857,16.080719,9.099184,-0.240554,14.171503,-2.071006,-6.384215,-9.776375
,4168.58,4174.16,4079.09,4082.42,4082.42,119069679,262844309316.1,-1.908471,-1.890375,16.580882,16.271521,10.521121,1.252026,13.072141,-0.087732,-5.3606,-8.311976
,4093.29,4119.62,4058.75,4116.24,4116.24,111320745,242149581477.5,0.825018,0.82843,16.947114,16.353868,10.521121,0.366232,12.417944,-1.777012,-6.530456,-8.633314
,4127.81,4139.79,4102.68,4107.55,4107.55,99000493,225519196800.4,-0.211338,-0.211115,16.358646,16.357504,10.559419,-0.588468,12.425186,-2.064723,-6.821933,-9.555025
,4063.88,4092.95,4059.6,4089.52,4089.52,94354432,203086114712.3,-0.439914,-0.438948,16.286775,15.921206,10.194164,-0.071871,13.926765,-1.828316,-4.942736,-6.076493
,4088.53,4093.14,4048.52,4075.79,4075.79,93301662,192649001277.8,-0.336301,-0.335736,14.790847,15.916953,8.340269,-1.495929,14.788813,-0.578491,-6.253666,-5.620215
,4057.14,4112.85,4046.62,4078.84,4078.84,132449765,292974665546.2,0.074804,0.074832,14.368138,15.779409,8.490457,-0.422709,14.754238,-0.586688,-6.369485,-4.617801
,4066.19,4090.89,4041.13,4043.74,4043.74,97387071,210898503453.9,-0.864263,-0.860539,14.337854,15.733579,8.241498,-0.030284,14.649668,-0.149974,-6.088292,-4.367005
,4054.84,4056.18,4004.91,4023.61,4023.61,86789278,184468327005.7,-0.49905,-0.497806,13.39102,15.418583,7.925571,-0.946834,16.166449,1.729168,-7.820319,-1.925412
,4010.41,4017,3982.74,4015.43,4015.43,93767109,201118696559.4,-0.203507,-0.2033,13.390597,15.252506,7.933948,-0.000422,16.282904,2.354862,-7.43557,-1.183185
,4024.47,4054,4009.58,4052.28,4052.28,113506265,235921838118.4,0.913525,0.91771,13.878095,15.285856,7.933948,0.487497,17.024357,0.322261,-6.841611,-2.342968
,4032.72,4067.54,4028.37,4054.98,4054.98,107678059,215147152182,0.066607,0.066629,13.375393,15.014773,7.827963,-0.502701,17.039712,-0.689428,-7.747817,-2.390882
,4059.17,4067.76,4036.02,4037.68,4037.68,100886049,186889047980.8,-0.427549,-0.426636,10.907088,14.9845,7.533601,-2.468305,19.637229,-2.634914,-4.955488,-0.981601
,4050.59,4099.01,4042.25,4093.79,4093.79,118427114,221442547204.1,1.380092,1.389659,12.248786,14.985288,7.521013,1.341698,18.735495,-4.13408,-6.233095,-3.488511
,4112.01,4128.11,4097.14,4111.11,4111.11,111789737,218521062135.8,0.422187,0.42308,12.397226,14.973953,7.559596,0.148439,18.540274,-4.433125,-6.867132,-4.107176
,4058.04,4089.06,4047.92,4065.36,4065.36,90793681,185484965110.5,-1.119077,-1.112838,12.924328,15.122738,7.614376,0.527102,18.901443,-4.056979,-7.36967,-2.754951
,4078.65,4088.81,3998.86,4027.12,4027.12,123951196,254367492776,-0.945082,-0.94063,12.579043,15.027219,7.388246,-0.345285,18.796847,-3.996753,-6.998184,-1.883223
,4013.58,4019.41,3932.68,3932.68,3932.68,137193655,241251840050.3,-2.373035,-2.3451,14.563027,15.261923,10.463918,1.983984,17.212024,-1.968556,-4.946309,0.546476
,3928.42,3953.65,3910.31,3928,3928,97719575,183574440581.8,-0.119074,-0.119003,14.501132,15.008586,10.893865,-0.061895,19.721768,-2.352298,-7.79698,-0.889381
,3945.65,3957.55,3921.69,3932.84,3932.84,84824134,179248153537.9,0.123142,0.123218,14.098968,14.775059,10.893865,-0.402163,19.649061,-1.036157,-8.083189,-2.675292
,3921.32,3924.39,3884.23,3903.73,3903.73,86458391,168939074342.6,-0.74293,-0.740178,14.171503,14.586271,10.815213,0.072534,20.061753,-1.940457,-6.531671,-1.892672
,3875.18,3900.27,3860.23,3869.34,3869.34,80946919,161134102784.4,-0.884856,-0.880952,13.072141,14.391406,9.430205,-1.099362,20.005943,-1.096616,-6.35373,-0.864597
,3865.1,3888.4,3829.69,3856.02,3856.02,94342462,172904807364.4,-0.344839,-0.344245,12.417944,13.975036,9.188251,-0.654196,21.460602,-1.334848,-8.51332,-0.723562
,3829.6,3893.32,3827.95,3836.68,3836.68,104526031,192906200253.8,-0.502815,-0.501553,12.425186,13.980881,8.981347,0.007241,21.533134,-3.063108,-8.936181,0.17734
,3844.07,3893.03,3827.93,3892.3,3892.3,88860160,185955247353.4,1.439283,1.449691,13.926765,14.28782,9.265792,1.50158,24.933163,-4.32115,-6.861949,-0.114394
,3879.44,3879.44,3828.05,3828.71,3828.71,86592213,172438042788.2,-1.647231,-1.633738,14.788813,14.573816,9.901107,0.862047,25.00152,-1.166436,-4.021047,1.10521
,3864.32,3873.18,3808.65,3827.14,3827.14,85654142,171635940007.5,-0.041014,-0.041006,14.754238,14.361556,10.071865,-0.034575,25.087098,-1.96502,-4.796613,0.769411
,3833.35,3848.6,3801.28,3804.89,3804.89,78559966,158692748773.3,-0.583071,-0.581374,14.649668,14.307174,10.088952,-0.10457,27.869962,0.982831,-0.996303,1.738853
,3806.56,3807.46,3715.71,3720.94,3720.94,102647595,194635904094.3,-2.231076,-2.206371,16.166449,14.867206,11.800635,1.51678,26.656978,3.316392,1.450353,4.389284
,3732.02,3739.81,3706.06,3727.69,3727.69,83944625,166800394853.2,0.181241,0.181406,16.282904,14.607587,11.867833,0.116455,26.789011,2.923301,0.578842,4.337849
,3722.87,3784.31,3661.53,3784.31,3784.31,108089319,210931362291.5,1.507483,1.518903,17.024357,14.975549,11.867833,0.741453,26.403128,-0.205797,-1.868141,4.754478
,3756.42,3783.6,3749.64,3752.67,3752.67,99018915,198368891548.5,-0.839599,-0.836084,17.039712,15.005316,11.407363,0.015356,26.37902,0.060206,-1.800983,5.903783
,3783.32,3863.23,3780.84,3842.47,3842.47,116242293,256551271975,2.36478,2.392963,19.637229,15.917715,11.64526,2.597517,26.884594,-2.625735,-1.416106,4.34536
,3822.24,3849.62,3809.12,3846.41,3846.41,104192019,220488874406.8,0.102486,0.102538,18.735495,15.609268,11.64526,-0.901734,26.888883,-5.697965,-1.37141,4.351211
,3865.83,3870.22,3831.17,3838.27,3838.27,88346907,186556295765.5,-0.21185,-0.211626,18.540274,15.408566,11.620519,-0.195221,27.751234,-5.649182,0.719088,4.377698
,3827.47,3840.49,3776.53,3776.53,3776.53,81574844,186736408229.7,-1.621615,-1.608537,18.901443,15.671477,11.994609,0.361169,27.25778,-3.21898,1.520476,6.194631
,3746.58,3804.25,3726.79,3754.93,3754.93,90290895,203781618922.2,-0.573596,-0.571954,18.796847,15.648031,12.09163,-0.104595,27.212477,-3.352299,1.682993,8.164894
,3753.89,3768.69,3724.69,3742.89,3742.89,98750038,180686357677,-0.32116,-0.320645,17.212024,15.53678,10.270058,-1.584823,27.241382,-5.535568,1.55561,10.034487
,3727.92,3762.16,3619.99,3633.37,3633.37,130056864,259450743134,-2.969745,-2.926081,19.721768,16.52502,13.443165,2.509744,25.050783,-3.491499,3.668361,12.986831
,3621.94,3670.73,3594.7,3627.45,3627.45,110953882,219302759596.7,-0.163067,-0.162934,19.649061,16.509984,13.365052,-0.072707,25.026394,0.185083,3.843101,12.982254
,3633.31,3700.88,3633.31,3656.9,3656.9,121301548,242453810571.9,0.808587,0.811865,20.061753,16.515477,13.848177,0.412692,24.920936,0.570167,3.139511,12.793969
,3667.66,3685.08,3631.06,3631.14,3631.14,117998675,257473315676,-0.706915,-0.704422,20.005943,16.5347,13.878463,-0.055809,24.817338,0.460501,3.402354,14.113056
,3605.16,3618.86,3533.5,3541.33,3541.33,118772162,245816451977.6,-2.504429,-2.473328,21.460602,17.155165,15.137271,1.454659,22.726663,6.182169,6.410462,17.090354
,3504.51,3553.39,3495.95,3508.7,3508.7,138465655,256574822102.2,-0.925676,-0.921405,21.533134,17.072342,14.93756,0.072532,22.888823,7.323425,6.203089,16.951438
,3519.82,3634.17,3517.62,3634.17,3634.17,149286698,295089928407.3,3.513515,3.575968,24.933163,18.71424,14.93756,3.400029,22.054168,3.119641,5.728193,14.373426
,3620.37,3703.47,3610.8,3677.81,3677.81,141592919,291648245712,1.193672,1.200824,25.00152,18.585871,15.324688,0.068357,21.796146,0.986469,4.654498,12.826886
,3645.06,3670.16,3628.5,3647.9,3647.9,110566035,215379297964.4,-0.816581,-0.813256,25.087098,18.55903,14.612742,0.085578,21.622885,1.030609,6.548297,12.693777
,3646.77,3782.88,3646.77,3767.17,3767.17,149734949,311145477555,3.21724,3.269552,27.869962,19.719525,15.032496,2.782864,18.941945,0.563027,2.71759,8.145779
,3754.52,3792.79,3746.37,3775.3,3775.3,129826371,251195699936.5,0.215579,0.215812,26.656978,19.491673,14.72635,-1.212984,20.000666,0.494629,4.444554,8.109882
,3773.66,3779.12,3723.34,3749.33,3749.33,99016451,193351324896.7,-0.690269,-0.687892,26.789011,19.521684,14.142593,0.132033,19.730939,3.063546,5.673543,8.35733
,3750.78,3760.41,3711.27,3714.27,3714.27,89434525,172029529943.6,-0.9395,-0.9351,26.403128,19.569618,13.546197,-0.385883,19.309898,3.18282,6.366785,10.630346
,3685.83,3701.53,3665.06,3685.69,3685.69,103509302,183155308702.9,-0.77244,-0.769465,26.37902,19.510451,13.56838,-0.024108,18.917385,3.544182,7.157918,10.806706
,3787.76,3828.9,3747.09,3788.44,3788.44,189685586,344471326267.1,2.749657,2.787809,26.884594,19.915895,13.56838,0.505574,16.884436,0.345981,5.389994,8.960341
,3818.14,3848.41,3781.78,3794.02,3794.02,169665048,315536856084.6,0.147182,0.14729,26.888883,19.925208,13.56838,0.004289,17.597403,-0.658194,4.115994,8.854661
,3788.93,3871.64,3775.5,3865.97,3865.97,151515650,296268142768.9,1.878648,1.896405,27.751234,20.361134,13.592696,0.862351,16.487674,-2.525168,2.040869,6.453577
,3860.81,3877.68,3829.31,3834.39,3834.39,120610964,235844588244.6,-0.820226,-0.816871,27.25778,20.409676,13.360338,-0.493454,16.126194,-1.599946,3.094243,6.538755
,3821.27,3821.74,3776.57,3818.66,3818.66,105940632,219540811334.9,-0.411079,-0.410235,27.212477,20.2928,13.503879,-0.045304,16.0132,-1.632938,3.431967,5.498528
,3823.82,3840.3,3801.57,3801.57,3801.57,115078777,224276131007.5,-0.448544,-0.447539,27.241382,20.247429,13.368376,0.028905,15.853322,-0.680716,3.937175,8.370795
,3769.63,3769.87,3734,3769.13,3769.13,95866966,188230373665.4,-0.856993,-0.853332,25.050783,20.268269,9.117813,-2.190599,16.642603,-0.956772,3.239237,9.490176
,3766.08,3809.86,3751.04,3769.57,3769.57,144486334,203490828432.2,0.011673,0.011674,25.026394,20.187093,8.884018,-0.024388,17.85998,2.070174,1.564796,8.571972
,3760.22,3791.18,3753.21,3773.53,3773.53,144527911,201070601177.9,0.104997,0.105052,24.920936,20.184186,8.884018,-0.105459,17.860187,2.085154,1.499488,8.386592
,3791.54,3804.9,3751.38,3756.81,3756.81,101073447,160698921546.2,-0.444071,-0.443086,24.817338,19.863849,9.113589,-0.103598,17.755171,3.606443,2.086778,7.787137
,3751.28,3790.57,3743.41,3775.78,3775.78,142929711,191711040706.5,0.503679,0.50495,22.726663,19.808111,3.24882,-2.090674,17.721694,2.489297,1.379296,6.858775
,3701.9,3736.08,3672.13,3733.24,3733.24,127825748,196305561705.9,-1.133049,-1.126655,22.888823,19.911314,3.756817,0.16216,17.16908,5.56489,2.910432,8.623382
,3766.57,3854.77,3766.57,3848.42,3848.42,178701392,289062336430.7,3.038619,3.085256,22.054168,20.950927,3.756817,-0.834656,13.953852,3.064992,1.019363,6.987354
,3836.56,3867.66,3833.83,3853.04,3853.04,157511400,250051468093.3,0.119977,0.120049,21.796146,20.949932,3.756817,-0.258022,14.052969,2.698756,0.471759,6.644202
,3921.3,3944.56,3893.87,3894.77,3894.77,169964585,306678195716.4,1.077218,1.083041,21.622885,21.084654,3.954111,-0.173261,13.545713,1.640231,-0.982273,5.877594
,3886.4,3898.11,3865.88,3870.95,3870.95,116786350,201253166362.9,-0.613467,-0.611589,18.941945,21.050893,3.769052,-2.680939,13.457878,3.235431,0.017565,5.968217
,3907.64,3947.48,3900.67,3946.88,3946.88,201747221,296615512326.6,1.942544,1.961534,20.000666,21.430988,3.769052,1.058721,11.484581,0.166069,-1.505623,2.55075
,3929.01,3988.9,3923,3968.2,3968.2,155108323,275583430840.8,0.53872,0.540174,19.730939,21.459594,3.995429,-0.269727,11.284609,-0.569128,-1.914537,1.647312
,3956.67,3999.59,3944.18,3958.44,3958.44,143001356,255490829027.1,-0.246258,-0.245955,19.309898,21.375632,4.431269,-0.421042,13.342729,-0.089722,0.255834,1.539458
,3953.2,3971.49,3941.3,3959.18,3959.18,115199986,198037690481.4,0.018692,0.018694,18.917385,21.374846,4.659859,-0.392513,13.384359,-0.181768,0.546848,0.20085
,3961.99,4003.32,3944.44,3998.24,3998.24,153774954,268166789656.9,0.981733,0.986568,16.884436,21.460619,4.659859,-2.032949,13.232109,-1.106837,0.371473,0.261024
,3976.17,3983.43,3950.32,3953.44,3953.44,125935368,227606300936.9,-1.126818,-1.120493,17.597403,21.378693,5.113093,0.712967,12.521327,-1.534951,1.606627,0.787594
,3953.55,3964.4,3939.98,3945.68,3945.68,100994100,184020700110,-0.196478,-0.196285,16.487674,21.35691,5.392384,-1.109729,12.51813,-3.001241,1.617741,1.039268
,3952.79,3972.74,3935.77,3954.89,3954.89,98528006,196175108617.2,0.233148,0.23342,16.126194,21.252326,5.607317,-0.36148,12.512746,-3.1947,1.579912,-0.398782
,3954.67,3963.5,3926.5,3951.99,3951.99,88864725,181994889123.4,-0.073354,-0.073327,16.0132,21.169724,6.23191,-0.112994,13.336274,-2.978127,3.049934,0.172675
,3931.23,3960.47,3929.49,3954.23,3954.23,93178567,167488442588.9,0.056664,0.05668,15.853322,20.599753,6.616453,-0.159878,14.216318,-3.238595,4.541702,-0.38387
,3952.77,3966.57,3878.44,3893.22,3893.22,106919075,180801387702.4,-1.554931,-1.542905,16.642603,20.84661,8.527828,0.789281,12.617865,-1.285577,6.079232,2.264305
,3881.23,3881.27,3811.48,3829.02,3829.02,83096822,164046440873.7,-1.662768,-1.649021,17.85998,21.115685,9.541104,1.217377,10.458285,1.524741,7.574357,4.354546
,3839,3853.73,3821.4,3830.54,3830.54,64839215,123450040359.8,0.039689,0.039697,17.860187,21.06599,9.541104,0.000207,10.411617,1.057425,8.154969,5.301363
,3859.2,3882.13,3821.34,3836.03,3836.03,83705173,163970306950.9,0.143219,0.143322,17.755171,20.993359,9.968559,-0.105015,10.386631,0.537392,8.623923,4.859612
,3811.62,3848.34,3805.95,3828.22,3828.22,65278148,130559415565.7,-0.203803,-0.203596,17.721694,20.985866,9.888702,-0.033478,10.112045,1.127566,9.300596,4.700956
,3830.57,3856.81,3827.52,3843.49,3843.49,73005712,148692832422.1,0.398086,0.39888,17.16908,20.977097,10.296682,-0.552614,11.48075,1.148836,7.837917,3.979105
,3860.91,3891.85,3856.58,3887.85,3887.85,77515350,152032206630.9,1.14755,1.154159,13.953852,20.900158,10.296682,-3.215227,11.319176,0.131092,7.62587,2.997188
,3874.91,3884.72,3854.94,3871.26,3871.26,84424656,160671122030.7,-0.427627,-0.426714,14.052969,20.637885,9.746658,0.099117,11.251222,2.482831,7.700629,4.230073
,3854.24,3868.29,3838.48,3856.7,3856.7,79394815,149011372437.3,-0.376814,-0.376105,13.545713,20.653484,9.313107,-0.507256,11.929056,3.169352,7.127753,4.913459
,3873.94,3887.55,3868.76,3871.63,3871.63,78773272,148295049381.5,0.386371,0.387119,13.457878,20.629562,9.8759,-0.087836,13.344969,3.589339,5.410624,5.500872
,3864.84,3893.99,3831.25,3887.9,3887.9,115051875,207540165953.2,0.419356,0.420236,11.484581,20.097588,9.8759,-1.973297,13.336634,3.278319,5.17095,5.387606
,3886.25,3905.9,3873.65,3892.95,3892.95,110660743,198997711686,0.129806,0.12989,11.284609,20.096683,9.8759,-0.199972,13.562924,2.96315,4.598324,5.09999
,3913.49,3974.88,3912.26,3968.58,3968.58,116502395,256312608292,1.924112,1.942743,13.342729,20.241382,10.237005,2.05812,12.720297,1.234356,4.007727,3.824062
,3969.55,4000.41,3966.47,3980.89,3980.89,110953038,235744305582.2,0.309706,0.310187,13.384359,20.155405,10.237005,0.041629,13.019868,2.321318,3.10194,3.065404
,3998.53,4023.09,3990.71,4013.12,4013.12,117054425,233212426458.1,0.806358,0.809618,13.232109,19.653735,10.237005,-0.15225,13.088542,3.063392,3.198874,2.145456
,4014.71,4030.46,4002.23,4017.47,4017.47,101751141,214871166239.5,0.108336,0.108394,12.521327,19.653777,10.659893,-0.710782,13.094186,2.937655,3.13204,1.967343
,4019.88,4043.4,4008.02,4010.03,4010.03,99997889,203000262960.6,-0.185363,-0.185191,12.51813,19.652215,10.679605,-0.003197,13.264498,2.955374,2.794967,1.459363
,4021.75,4030.29,4003.51,4017.87,4017.87,90552627,183686268106.8,0.195319,0.19551,12.512746,19.33322,10.679605,-0.005384,13.619172,3.380357,1.8646,1.828194
,4032.29,4074.38,4027.89,4074.38,4074.38,95871896,212173997498.4,1.396668,1.406467,13.336274,19.459852,10.860037,0.823528,13.755362,2.595862,-0.983373,1.824034
,4077.88,4177.1,4076.64,4137.96,4137.96,151395455,319007749371.3,1.548432,1.560483,14.216318,19.648509,10.860037,0.880044,15.360884,1.520299,-0.108083,0.580002
,4138.84,4148.58,4118.16,4137.24,4137.24,95479040,204381576523.4,-0.017401,-0.0174,12.617865,18.535308,9.496665,-1.598453,15.390063,0.473108,0.171706,-0.306955
,4140.1,4151.46,4125.77,4130.31,4130.31,84200645,172126171819.2,-0.167643,-0.167503,10.458285,18.535711,2.379861,-2.15958,15.722186,1.576254,-0.56718,-0.419491
,4125.58,4156.01,4105.98,4156.01,4156.01,94608398,192699589774.1,0.620301,0.622229,10.411617,18.51402,2.379861,-0.046668,15.534376,0.603085,-1.267866,-3.015159
,4166.84,4189.83,4161.67,4181.53,4181.53,123553809,222342455100.7,0.612173,0.61405,10.386631,18.431185,2.379861,-0.024987,15.690351,-0.958778,-2.923565,-4.873229
,4267.62,4268.15,4197.86,4201.35,4201.35,164607064,330193322092.2,0.472869,0.473989,10.112045,17.528853,2.651165,-0.274586,15.543453,-2.762406,-3.821117,-5.848786
,4200.58,4212.73,4153.05,4156.86,4156.86,124550835,249365321627.1,-1.064592,-1.058945,11.48075,17.572087,5.876259,1.368705,15.444918,-1.518132,-2.124967,-4.871042
,4170.13,4195.93,4137.77,4195.93,4195.93,141008954,265553944709.3,0.935503,0.939892,11.319176,16.295339,5.876259,-0.161574,15.943709,-2.896455,-1.65788,-5.071985
,4207.41,4207.41,4170.56,4181.15,4181.15,133823736,262497434837,-0.352868,-0.352246,11.251222,16.216616,5.86134,-0.067953,15.921212,-1.210071,-1.528186,-3.704578
,4162.03,4162.03,4103.17,4141.63,4141.63,117041221,226914770043.9,-0.94969,-0.945195,11.929056,16.254988,7.004643,0.677834,15.630213,-0.856462,-0.267886,-2.726102
,4103.83,4105.94,4065.22,4086.88,4086.88,110192717,226345113968.7,-1.330759,-1.321943,13.344969,15.307711,8.271546,1.415913,14.976497,1.377589,0.540028,-1.727636
,4098.31,4107.34,4077.96,4094.23,4094.23,91360072,183537351577.1,0.179682,0.179844,13.336634,15.307088,8.271546,-0.008335,15.877326,1.239408,-1.114578,-0.774073
,4099.86,4111.47,4072.65,4076.14,4076.14,84786099,170591751817.3,-0.44282,-0.441841,13.562924,15.258418,7.69724,0.22629,15.854475,1.159793,-1.036475,-1.191028
,4067.56,4130.86,4064.75,4130.86,4130.86,102289961,211722604859.2,1.333516,1.342447,12.720297,15.283071,7.69724,-0.842627,15.007779,-0.908771,-2.724103,-3.297406
,4124.1,4125.29,4092.35,4106.31,4106.31,96716733,195348320573.4,-0.59608,-0.594307,13.019868,15.240481,7.202123,0.299571,15.51338,-1.763996,-3.447938,-2.856818
,4098.88,4146.45,4092.27,4143.57,4143.57,128892577,251990181553.9,0.903292,0.907384,13.088542,14.354881,7.202123,0.068674,15.648077,-0.243565,-3.309323,-5.09457
,4151.25,4152.05,4125.26,4145.29,4145.29,102499890,204915435749.9,0.041501,0.04151,13.094186,14.356582,7.202123,0.005644,15.701218,-0.022679,-3.951072,-3.595593
,4146.85,4153.72,4115.97,4123.69,4123.69,121664508,219855528966.4,-0.522436,-0.521073,13.264498,13.957772,6.851105,0.170312,15.676555,-0.406773,-3.373441,-3.591642
,4125.41,4167.9,4068.86,4093.49,4093.49,159310585,281315625588.6,-0.735049,-0.732354,13.619172,13.934662,6.492231,0.354673,15.987339,0.247891,-3.843294,-3.311095
,4086.22,4104.64,4032.93,4034.51,4034.51,116142589,225737746955,-1.451305,-1.440824,13.755362,14.259759,7.337894,0.136191,15.439123,0.65567,-1.893886,-1.963375
,4039.96,4134.86,4035.48,4133.49,4133.49,161794481,280122962150.4,2.423723,2.453334,15.360884,14.991211,7.337894,1.605521,12.278237,-2.192735,-4.817489,-4.678974
,4130.06,4151.8,4116.27,4144.35,4144.35,145776173,249674201048.2,0.262387,0.262732,15.390063,14.848242,6.763161,0.02918,13.059281,-1.823565,-3.986633,-4.314865
,4118.97,4134.88,4101.86,4106.95,4106.95,104290295,191586158991.2,-0.90653,-0.902433,15.722186,15.005344,5.910437,0.332123,12.959254,0.485555,-2.652631,-4.832776
,4106.21,4132.39,4088.21,4103.65,4103.65,103564906,197193582430.1,-0.080384,-0.080352,15.534376,15.012151,6.67029,-0.18781,13.555919,0.342765,-1.58574,-6.144542
,4100.99,4102.61,4048.24,4061.05,4061.05,100989425,191210465053.2,-1.043526,-1.0381,15.690351,15.161256,6.485254,0.155975,13.103469,1.696901,-0.840746,-5.323855
,4040.46,4067.03,4034.52,4043.84,4043.84,93787630,187959491145.3,-0.424683,-0.423782,15.543453,15.18283,6.413734,-0.146898,13.081212,1.598739,-0.778523,-4.887486
,4058.13,4074.26,4026.45,4069.46,4069.46,110323591,198799712379.1,0.631558,0.633556,15.444918,14.993125,6.526646,-0.098535,12.869597,-0.507742,-1.733846,-5.961732
,4068.73,4135.48,4061.22,4126.94,4126.94,156015794,255374791015.7,1.40259,1.412472,15.943709,13.984909,6.526646,0.498791,11.663581,-2.27505,-2.970803,-7.264995
,4119.99,4137.25,4113.83,4117.74,4117.74,148217637,235953764969.5,-0.223174,-0.222925,15.921212,14.002211,6.725257,-0.022497,12.137946,-2.405988,-1.94237,-8.068769
,4126.02,4135.21,4100.38,4130.55,4130.55,160331741,226914545628.4,0.31061,0.311093,15.630213,13.863659,6.954906,-0.291,12.136156,-4.036514,-1.946409,-8.160324
,4131.15,4132.84,4088.45,4109.01,4109.01,162971807,283079861971.5,-0.522845,-0.52148,14.976497,13.845028,6.152262,-0.653715,12.59427,-2.471762,-0.44978,-6.204096
,4103.64,4124.96,4046.57,4048.85,4048.85,195912068,272491994009.2,-1.474923,-1.4641,15.877326,13.672293,7.024279,0.900829,11.4002,-1.597086,1.331233,-5.185436
,4030.74,4037.29,4011.52,4034.11,4034.11,117936493,191659655190.9,-0.364718,-0.364054,15.854475,13.657604,7.099014,-0.022851,11.319756,-1.177172,1.538142,-5.763957
,4035.84,4043.85,4000.89,4019.85,4019.85,116539629,201737990686.8,-0.354112,-0.353486,15.007779,13.66862,6.960973,-0.846696,11.372564,-2.027962,2.540437,-5.905273
,3991.8,4004.36,3966.43,3967.14,3967.14,123855409,218286956131,-1.319916,-1.311243,15.51338,13.944056,7.509206,0.505601,10.269567,-0.209943,3.411402,-3.774527
,3962.64,4008.69,3962.64,4008.69,4008.69,143561370,242865516757.6,1.041907,1.047354,15.648077,13.962622,7.509206,0.134697,9.77649,-1.751731,2.255905,-4.385188
,3999.88,4001.94,3946.94,3984.7,3984.7,150544174,267224848810.5,-0.600248,-0.59845,15.701218,13.821404,7.233967,0.053142,9.438848,-0.05824,2.786375,-3.583668
,4011.84,4018.75,3986.9,3986.9,3986.9,142026007,232101093978.6,0.055196,0.055211,15.676555,13.814724,7.472877,-0.024664,9.890506,0.314036,2.037837,-3.107559
,3958.2,3981.32,3936.48,3939.15,3939.15,152515644,246264286428,-1.204902,-1.197672,15.987339,14.031424,7.759226,0.310784,8.71385,2.505446,3.806888,-1.925687
,3971.16,4004.22,3945.25,3958.82,3958.82,177433818,305541015556.1,0.498104,0.499346,15.439123,14.068646,7.352403,-0.548216,9.659831,1.70881,4.701292,-0.845227
,3962.66,3979.55,3935.02,3939.08,3939.08,205264970,319760032638,-0.499881,-0.498633,12.278237,14.105743,7.099916,-3.160886,9.261916,1.846231,5.505574,0.614243
,3948.16,3982.7,3948.16,3982.38,3982.38,145090679,251631985016.9,1.093244,1.099241,13.059281,13.906669,7.099916,0.781044,9.629079,0.429222,3.507972,-1.300868
,3993.78,4016.45,3986.71,3999.44,3999.44,149228970,265180992104.1,0.427472,0.428387,12.959254,13.467816,7.339528,-0.100027,9.710669,0.167383,2.80032,-1.898165
,3985.99,4039.09,3984,4039.09,4039.09,158887421,296479529467,0.986507,0.991389,13.555919,13.597104,7.035575,0.596665,11.761219,-0.013865,-0.161553,-4.430874
,4035.16,4037.84,4017,4027.05,4027.05,159442330,295785588943.1,-0.298532,-0.298087,13.103469,13.619611,7.10296,-0.45245,12.527328,0.591239,-1.108918,-5.548365
,4023.3,4023.3,3987.03,4012.48,4012.48,168482279,315474696948,-0.362459,-0.361803,13.081212,13.637651,7.161471,-0.022257,12.582675,1.927482,-1.249146,-4.252407
,4015.7,4023.78,3994.6,3999.51,3999.51,131895117,248736920971.8,-0.323765,-0.323241,12.869597,13.6456,6.996754,-0.211615,12.545468,2.557337,-1.012229,-4.049118
,4013.59,4017.76,3992.67,4006.14,4006.14,133743510,263866922733.1,0.165633,0.16577,11.663581,13.460409,6.996754,-1.206016,12.83474,2.233894,-0.443302,-4.70962
,4009.56,4040.5,3983.9,4038.53,4038.53,149901037,280004715991,0.805258,0.808509,12.137946,13.510621,7.022797,0.474365,13.033641,2.07682,-0.234022,-4.977058
,4045.45,4063.57,4039.96,4050.93,4050.93,138842546,279863685781,0.306572,0.307042,12.136156,13.48655,7.022797,-0.001791,12.980864,1.321297,-0.511808,-3.979724
,4059.62,4094.94,4059.06,4090.57,4090.57,182124313,382895558426,0.973784,0.978541,12.59427,13.596475,7.359905,0.458115,12.464857,0.233923,-1.817884,-4.796165
,4089.29,4103.16,4080.07,4103.11,4103.11,197146631,394443175146.2,0.30609,0.306559,11.4002,13.586794,6.232322,-1.194071,13.14168,-0.141944,-0.990729,-5.879826
,4084.13,4098.83,4078.4,4096.64,4096.64,150703374,328981851588.3,-0.15781,-0.157685,11.319756,13.595958,6.557743,-0.080443,13.45097,-0.677477,-1.692694,-6.397887
,4096.9,4131.31,4092.18,4123.28,4123.28,128676738,286567771883.1,0.648184,0.650289,11.372564,13.101234,6.875758,0.052807,13.369705,-0.761512,-3.113741,-7.490751
,4132.01,4132.3,4099.05,4104.81,4104.81,152453002,340822557207.6,-0.448951,-0.447944,10.269567,13.132616,5.076527,-1.102997,13.324835,1.079947,-2.820283,-6.556012
,4108.51,4116.12,4083.49,4100.15,4100.15,153901333,324192951998.7,-0.11359,-0.113525,9.77649,13.041656,5.143477,-0.493076,13.980117,1.497938,-4.041152,-5.790084
,4102.4,4108.25,4090.28,4097.29,4097.29,165965278,325425226403.2,-0.069778,-0.069754,9.438848,13.04253,5.400488,-0.337642,15.289368,0.663357,-2.430896,-6.395798
,4081.39,4088.88,4059.57,4068.98,4068.98,156444295,300291020752.9,-0.693343,-0.690945,9.890506,13.120138,5.319334,0.451657,15.215053,1.07652,-2.256038,-4.282101
,4078.97,4098.22,4075.2,4092,4092,150695682,306201501438.7,0.564149,0.565744,8.71385,13.162375,3.18138,-1.176656,15.042615,-1.462996,-3.274689,-4.828809
,4090.07,4149.38,4089.51,4149.38,4149.38,188773095,341831272792.7,1.392508,1.402248,9.659831,13.160534,3.18138,0.94598,13.882436,-4.101401,-4.770782,-7.043595
,4139.31,4169.67,4138.46,4162.03,4162.03,170184130,331545662315.6,0.304401,0.304865,9.261916,12.789352,3.224183,-0.397915,13.733688,-4.90849,-5.367059,-7.664749
,4159.39,4159.39,4118.63,4124.56,4124.56,162554592,312219504522.6,-0.904359,-0.900282,9.629079,12.925816,4.363064,0.367163,13.867792,-4.090979,-3.836203,-6.866025
,4122.95,4125.82,4094,4113.02,4113.02,162706677,332172409512,-0.28018,-0.279787,9.710669,12.933915,4.14083,0.081591,14.542887,-3.076239,-4.980465,-7.294163
,4114.26,4114.26,4031.91,4032.57,4032.57,180802435,347852011602.5,-1.975366,-1.955984,11.761219,13.47867,8.649919,2.05055,13.750411,-0.086335,-4.397249,-5.365359
,4031.3,4033.64,3967.91,3982.64,3982.64,170099217,328375614674.3,-1.245897,-1.238168,12.527328,13.62573,9.230727,0.766109,13.206705,1.188349,-3.374191,-4.557111
,3985.11,3991.69,3925.44,3962.67,3962.67,172555409,331110619767.7,-0.502688,-0.501426,12.582675,13.602946,9.164809,0.055347,13.160312,1.358744,-2.859817,-1.207206
,3950.26,3975.66,3934.66,3959.23,3959.23,162702006,322062811333.5,-0.086848,-0.08681,12.545468,13.452796,9.418261,-0.037208,13.200732,2.578837,-3.215657,-1.327719
,3948.03,3999.13,3942.82,3988.42,3988.42,153828195,304804002557.4,0.73456,0.737265,12.83474,13.394108,9.418261,0.289273,12.816271,0.984502,-3.850891,-2.181623
,3993.26,4030.45,3993.26,4029.09,4029.09,179508488,328936294025.2,1.014538,1.019702,13.033641,13.569115,9.418261,0.198901,12.304556,-0.802899,-5.892376,-0.906283
,4013.47,4035.78,4001.13,4030.25,4030.25,227582846,345492506049.3,0.028786,0.028791,12.980864,13.443219,9.418261,-0.052777,12.389129,-0.987178,-5.702108,-0.388322
,4031.09,4047.6,3998.39,4016.88,4016.88,206626924,307694489937,-0.332293,-0.331741,12.464857,13.188798,9.056675,-0.516008,13.804431,-1.989345,-3.936432,-0.471125
,4028.11,4070.77,4018.96,4062.66,4062.66,255583085,359539954170.1,1.133245,1.139691,13.14168,13.396326,9.056675,0.676824,12.896357,-1.582111,-5.525941,-2.309703
,4065.44,4092.85,4026.39,4027.88,4027.88,279306048,396422120420.6,-0.859775,-0.856089,13.45097,13.480467,8.89896,0.309289,12.949735,-1.240821,-5.609405,-0.57016
,4017.94,4019.06,3984.63,3996.87,3996.87,207552709,309484851741.1,-0.772863,-0.769884,13.369705,13.266723,8.544577,-0.081265,12.846858,-0.92246,-5.331969,0.591462
,4005.78,4018.06,3988.48,3990.66,3990.66,144804619,241052071431.6,-0.155492,-0.155372,13.324835,13.220613,8.775055,-0.04487,13.403558,-0.870552,-4.365647,-0.012781
,3987.77,3999.38,3937.53,3937.76,3937.76,144421728,228992923388.1,-1.33446,-1.325595,13.980117,13.328129,8.955122,0.655282,12.909665,0.172031,-2.599941,1.060194
,3938.83,3998.89,3923.03,3998.89,3998.89,176257362,279531163508.4,1.540479,1.552405,15.289368,13.736623,8.795038,1.309251,11.398021,-0.741951,-3.939148,-0.786301
,4002.52,4005.02,3966.99,3978.21,3978.21,136833271,234840652671,-0.518485,-0.517144,15.215053,13.736057,8.862535,-0.074315,11.612373,-1.647907,-2.889357,-0.062611
,3971.7,3982.6,3945.71,3960.17,3960.17,118448185,205195685976.4,-0.454502,-0.45347,15.042615,13.68911,8.58266,-0.172437,11.560471,-2.585555,-2.457886,-1.935704
,3965.52,3982.72,3939.55,3956.07,3956.07,136533947,229134184412.9,-0.103585,-0.103531,13.882436,13.377116,8.656991,-1.16018,13.044515,-2.70481,-0.775738,-2.564407
,3946.22,3967.28,3928.32,3944.54,3944.54,120212479,207094944781.3,-0.291876,-0.291451,13.733688,12.36674,8.492789,-0.148747,13.471871,-2.401247,0.475728,-2.51583
,3941,3985.4,3935.8,3969.33,3969.33,109116605,202185550245.9,0.626497,0.628464,13.867792,12.431884,8.739561,0.134103,13.592905,-3.470432,-0.972636,-3.878416
,3968.23,3971.94,3913.19,3913.19,3913.19,118685077,189955815340,-1.424442,-1.414344,14.542887,12.624216,9.172259,0.675095,12.602096,-1.946664,0.28198,-2.120093
,3903.78,3903.78,3859.09,3859.09,3859.09,137258265,211768410520.2,-1.392149,-1.382504,13.750411,12.90721,7.86342,-0.792476,12.83972,-1.581462,0.127928,-1.964975
,3851.41,3861.38,3817.84,3850.5,3850.5,124150770,213313620055.3,-0.222839,-0.222591,13.206705,12.760371,7.622418,-0.543706,13.785949,-1.139568,-1.065256,-3.191275
,3848.42,3859.63,3815.57,3850.95,3850.95,100326439,191537814872.5,0.011686,0.011687,13.160312,12.742626,7.919098,-0.046392,14.224881,0.282129,-0.143444,-2.437177
,3862.08,3866.72,3819.18,3833.94,3833.94,131859967,230095604813.4,-0.442688,-0.441709,13.200732,12.675893,7.571356,0.040419,14.139766,0.268553,0.178768,-3.64714
,3827.79,3844.01,3789.27,3837.75,3837.75,137619629,244566265534.9,0.099326,0.099376,12.816271,12.291899,7.571356,-0.384461,14.246297,-0.774012,-0.415428,-3.024097
,3827.16,3827.16,3781.4,3798.54,3798.54,126387368,235606123947.6,-1.026947,-1.021692,12.304556,12.430011,7.458318,-0.511715,13.858,-0.242492,1.14934,-2.381404
,3788.59,3832.21,3786.73,3806.87,3806.87,134561881,241829546409.4,0.219055,0.219295,12.389129,12.417418,7.458318,0.084573,14.543836,0.349283,2.234191,-1.435307
,3821.62,3865.28,3821.62,3861.83,3861.83,125015110,232696547130.8,1.433384,1.443706,13.804431,12.798459,7.598324,1.415303,13.685854,-0.652854,0.958151,-1.874612
,3860.56,3860.56,3832.46,3844.25,3844.25,116163989,211144360143.7,-0.456264,-0.455225,12.896357,12.498963,7.368608,-0.908074,13.888862,0.004682,0.636844,-1.460572
,3840.46,3867.85,3802.84,3808.16,3808.16,125781258,222091722592.2,-0.943239,-0.938805,12.949735,12.609721,7.417426,0.053377,13.670613,1.479226,0.904212,-1.132656
,3815.48,3823.11,3780.1,3789.34,3789.34,98862432,189879792179.6,-0.495427,-0.494202,12.846858,12.625389,7.444467,-0.102876,13.645158,1.951623,0.95496,0.056722
,3791.08,3834.39,3777.78,3820.19,3820.19,118700934,199119300649.7,0.81083,0.814126,13.403558,12.499424,7.365162,0.556699,13.451473,2.719357,0.629918,0.750022
,3822.41,3836.7,3811.22,3836.7,3836.7,134319863,247296087070.9,0.431246,0.432177,12.909665,12.330391,7.014518,-0.493893,13.561064,3.247701,0.851009,-0.427843
,3827.33,3859.72,3813.86,3844.43,3844.43,126758543,240791270473.5,0.201273,0.201475,11.398021,12.293386,7.014518,-1.511644,13.780306,2.22456,-0.025755,-0.846349
,3838.13,3867.3,3833.46,3864.91,3864.91,110924946,225435215314.9,0.531305,0.532719,11.612373,12.350984,7.325625,0.214353,14.574506,1.523431,0.863295,-2.792644
,3872.72,3891.67,3862.06,3864.02,3864.02,124955759,243932581183.9,-0.02303,-0.023028,11.560471,12.114936,7.898516,-0.051903,14.572776,0.000259,0.903766,-3.262515
,3871.77,3925.5,3871.77,3925.5,3925.5,128369938,282635910894.2,1.578564,1.591089,13.044515,12.512726,7.816477,1.484044,13.687182,-2.994329,-1.497076,-4.107146
,3932.21,3968.01,3928.54,3963.35,3963.35,139760076,280374762837.8,0.95959,0.964208,13.471871,12.627667,7.979982,0.427356,13.146946,-3.02042,-2.773418,-5.251111
,3957.03,3957.03,3922.47,3930.91,3930.91,134905848,268213068579.8,-0.821868,-0.8185,13.592905,12.535731,7.543019,0.121034,12.896736,-2.319027,-2.057185,-5.068146
,3926.09,3937.49,3918.47,3924.24,3924.24,122520318,266274081286.8,-0.169825,-0.169681,12.602096,12.504049,6.885783,-0.990809,13.07425,-2.644072,-2.595678,-4.982389
,3909.1,3920.13,3864.03,3864.03,3864.03,118346575,243630705591.5,-1.546202,-1.53431,12.83972,12.699006,7.406135,0.237624,11.955225,-0.56005,-1.096038,-4.10077
,3833.44,3841.29,3801.05,3809.7,3809.7,133990419,247713845779.5,-1.416023,-1.406045,13.785949,12.986705,8.033395,0.946228,10.938967,2.15988,-0.117664,-2.175634
,3811.69,3851.9,3806.32,3845.43,3845.43,116992681,210097713687.6,0.933498,0.937869,14.224881,13.14228,8.033395,0.438932,14.611396,1.383724,1.796055,-3.302736
,3836.61,3846.85,3808.16,3840.8,3840.8,107021541,206187959876.8,-0.120475,-0.120403,14.139766,13.132172,8.509457,-0.085115,14.631222,0.726629,1.70917,-3.58112
,3836.73,3840.71,3817.38,3821.84,3821.84,98289274,204110031407.8,-0.49487,-0.493647,14.246297,13.151841,8.133386,0.106531,14.493746,0.545627,2.084695,-3.987569
,3816.33,3860.03,3813.55,3842.45,3842.45,101268429,208146272909.3,0.53782,0.539269,13.858,13.086342,8.358278,-0.388297,16.398113,-0.436873,3.836753,-2.731071
,3853.29,3897.33,3853.29,3892.88,3892.88,133158051,256876520211.7,1.303906,1.312444,14.543836,13.369688,8.358278,0.685836,15.930665,-1.254991,3.079595,-4.687824
,3888.03,3899.98,3878.4,3899.01,3899.01,109494527,216335611421.8,0.157343,0.157467,13.685854,13.202048,8.358278,-0.857982,16.05814,-0.759996,2.507156,-5.431333
,3895.19,3899.52,3864.13,3868.81,3868.81,97636384,188400265050.6,-0.777571,-0.774556,13.888862,13.253406,8.306592,0.203008,16.00623,-0.657917,2.579394,-4.447902
,3857.03,3876.89,3836.46,3842.75,3842.75,100121842,184742420862.3,-0.675871,-0.673592,13.670613,13.305814,8.177549,-0.21825,15.92104,1.438309,4.135033,-4.069189
,3831.6,3844.84,3819.08,3825.7,3825.7,100906920,173918560673,-0.44468,-0.443693,13.645158,13.229296,8.20903,-0.025455,15.742612,1.90043,4.968471,-3.75442
,3841.56,3865.46,3831.92,3844.33,3844.33,92033441,185360813110.7,0.485788,0.48697,13.451473,13.270118,8.20903,-0.193685,16.110067,0.592364,3.722949,-4.992065
,3853.8,3870.65,3844.52,3869.49,3869.49,86510716,177585694368.3,0.652338,0.65447,13.561064,13.361574,8.20903,0.109591,16.08588,-0.376727,2.809126,-5.359885
,3864.6,3874.04,3838.56,3843.44,3843.44,111522024,214046519056.1,-0.675492,-0.673215,13.780306,13.41396,7.788799,0.219242,15.889576,0.19313,3.178602,-3.739194
,3855.66,3901.1,3855.66,3898.42,3898.42,120300232,235278706834.5,1.420354,1.430489,14.574506,13.715117,7.788799,0.7942,15.17971,-1.935542,1.963452,-6.217694
,3904.6,3908.49,3893.79,3899.1,3899.1,122364846,220230466522.9,0.017441,0.017443,14.572776,13.652538,7.432555,-0.00173,17.456671,-1.999546,-0.381584,-7.245019
,3881.62,3881.62,3852.26,3867.17,3867.17,98340144,174623552807.4,-0.822278,-0.818907,13.687182,13.383786,7.07006,-0.885594,17.404599,-1.614917,-0.291594,-6.070414
,3871.04,3871.04,3844.51,3854.94,3854.94,91438615,167104315117.1,-0.316753,-0.316252,13.146946,13.360693,6.994729,-0.540236,17.389631,1.549054,-0.21814,-6.548702
,3848.48,3860.01,3830.41,3850.87,3850.87,79585700,151311481029.8,-0.105635,-0.105579,12.896736,13.262305,7.441559,-0.25021,17.578157,1.447328,-0.848594,-8.59989
,3857.77,3875.62,3818.71,3823.69,3823.69,92042076,174320872139.8,-0.708317,-0.705815,13.07425,13.314082,7.078193,0.177514,17.443295,2.036301,0.193604,-8.543181
,3816.98,3849.51,3808.8,3821.91,3821.91,79507563,157144211209.3,-0.046563,-0.046552,11.955225,12.741498,6.12299,-1.119025,17.997265,4.372741,-0.996865,-9.537455
,3803.35,3828.79,3798.8,3805.22,3805.22,75483545,151448369566.2,-0.437649,-0.436693,10.938967,12.534144,4.334505,-1.016258,18.63325,5.357138,-2.008354,-8.729476
,3866.64,3915.81,3866.64,3915.12,3915.12,163066320,299853562168.1,2.847217,2.888138,14.611396,13.857311,4.334505,3.67243,15.460878,2.094826,-4.089788,-11.080954
,3908.17,3912.98,3893.4,3907.01,3907.01,107881717,192912604792,-0.20736,-0.207146,14.631222,13.86199,4.190421,0.019826,16.293204,1.596853,-5.535078,-10.597755
,3914.23,3935.36,3894.69,3902.35,3902.35,110667109,196845425513.3,-0.119344,-0.119273,14.493746,13.773076,4.494203,-0.137476,16.670631,2.595965,-4.693365,-9.114727
,3889.79,4000.92,3886.55,3992.74,3992.74,179735481,310092467404.5,2.289878,2.316297,16.398113,14.421436,4.494203,1.904367,13.745326,0.694846,-7.367497,-10.806239
,4018.89,4064.36,4002.08,4014.63,4014.63,199606830,366544120003.6,0.546748,0.548245,15.930665,14.467163,4.494203,-0.467448,14.448674,-0.611636,-6.749093,-11.667676
,4009.18,4031.7,3983.03,3998,3998,142286859,255620773637.6,-0.415095,-0.414235,16.05814,14.476121,4.304858,0.127475,15.194824,-0.458026,-5.339919,-11.294017
,3985.7,4008.33,3958.51,3969.9,3969.9,125855690,204875690923.8,-0.705333,-0.702851,16.00623,14.346908,4.197187,-0.051909,15.123253,-0.058709,-4.67681,-11.061372
,3962.13,4005,3962.13,4004.98,4004.98,129006640,224809824820.3,0.879768,0.883649,15.92104,14.364502,4.219145,-0.08519,14.584671,-0.733272,-6.171901,-11.102003
,4033.72,4058.24,4011.62,4020.58,4020.58,178267189,316529733837.7,0.388758,0.389515,15.742612,14.297952,4.422703,-0.178428,14.816604,-3.449626,-5.866709,-10.147477
,4002.97,4002.97,3977.02,3990.15,3990.15,121310662,227090572750.9,-0.759735,-0.756856,16.110067,14.381181,4.503843,0.367454,16.003112,-3.422179,-3.602844,-9.74211
,3980.04,4002.29,3963.46,3979.73,3979.73,109871699,202611335313.8,-0.261485,-0.261143,16.08588,14.121769,4.38577,-0.024187,16.127984,-3.403993,-4.087979,-9.720985
,3967.36,3982.11,3961.84,3967.57,3967.57,94640269,174394242765.3,-0.306016,-0.305548,15.889576,13.774051,4.249822,-0.196304,16.123643,-3.834066,-3.999196,-9.366242
,3962.86,3976.46,3945.39,3975.72,3975.72,97176849,175646730198.2,0.205205,0.205415,15.17971,13.740446,4.249822,-0.709866,16.602234,-3.70539,-5.61939,-10.303186
,3977.98,3977.98,3884.25,3884.25,3884.25,126082931,203546314647.4,-2.327595,-2.300715,17.456671,14.518647,9.13735,2.276961,14.779803,-2.614826,-3.784698,-8.173193
,3840.89,3859.47,3814.07,3855.91,3855.91,115966336,197623765246.4,-0.732288,-0.729613,17.404599,14.588841,9.091035,-0.052072,14.980284,-3.331677,-2.318477,-7.366898
,3858.37,3865.28,3811.68,3846.54,3846.54,103097111,177437071692.5,-0.243299,-0.243004,17.389631,14.585637,9.130018,-0.014968,14.975098,-2.322594,-2.259552,-6.422833
,3830.83,3852.42,3817.63,3818.33,3818.33,94616946,169323869027.6,-0.736089,-0.733386,17.578157,14.58624,8.956374,0.188526,14.925354,-3.239156,-2.162367,-6.658671
,3801.2,3836.15,3782.5,3831.1,3831.1,98415493,174093848242.9,0.333881,0.334439,17.443295,14.328956,9.299478,-0.134862,14.834652,-2.850668,-2.580316,-7.112713
,3832.46,3844.2,3784,3784,3784,95549638,168445686988.2,-1.237032,-1.229412,17.997265,14.269623,9.392131,0.55397,14.400372,-1.997891,-2.007867,-5.644731
,3773.23,3782.11,3729.56,3729.56,3729.56,98708369,173379942906.6,-1.449139,-1.438689,18.63325,14.557796,9.944762,0.635985,13.624525,0.6164,-0.049616,-4.062863
,3748.07,3770.06,3704.68,3758.23,3758.23,120318327,203463879671.8,0.765784,0.768723,15.460878,14.653864,9.944762,-3.172372,13.329421,0.844694,-1.009003,-5.857357
,3751.77,3756.17,3695.03,3696.63,3696.63,97081638,160476231586.9,-1.652651,-1.639069,16.293204,15.001344,10.373956,0.832326,12.008074,2.455121,0.244788,-3.723417
,3711.54,3748.86,3701.57,3723.43,3723.43,119614521,196257391083.7,0.722369,0.724985,16.670631,15.083861,10.219792,0.377427,12.117193,1.117429,-1.3789,-5.108086
,3703.51,3734.22,3695.84,3709.15,3709.15,105182610,175601437172.9,-0.384255,-0.383517,13.745326,14.963166,10.046872,-2.925305,13.72613,2.195634,0.799673,-5.463415
,3911.55,3911.55,3740.53,3752.62,3752.62,197990379,335047670966.8,1.165152,1.171967,14.448674,15.157404,10.046872,0.703349,13.258587,2.534612,-1.018326,-6.441382
,3743.05,3810.38,3742.08,3790.11,3790.11,152486146,262134936751,0.994078,0.999035,15.194824,15.002954,10.254382,0.746149,12.78477,0.793915,-2.598569,-8.297766
,3803.12,3813.7,3780.24,3788.51,3788.51,129671661,226727480838.7,-0.042224,-0.042215,15.123253,14.976828,10.967585,-0.071571,12.837561,0.618905,-2.350486,-8.029614
,3786.93,3794,3762,3765.27,3765.27,118961646,193577001342,-0.615323,-0.613434,14.584671,14.905804,10.548954,-0.538582,12.723096,-0.180761,-2.03232,-7.796003
,3778.91,3808.53,3778.91,3791.49,3791.49,105319045,172219141586.1,0.693951,0.696364,14.816604,14.942644,10.548954,0.231933,12.371058,-1.367614,-2.856183,-9.145003
,3812.99,3854.26,3804.59,3848.95,3848.95,142385201,237934727924.3,1.50413,1.515499,16.003112,15.168978,11.012971,1.186509,10.890943,-2.137812,-5.11217,-12.571461
,3839.58,3839.58,3814.33,3820.32,3820.32,104052333,181377877955.3,-0.74662,-0.743839,16.127984,15.222073,10.655529,0.124872,10.88941,-1.575567,-4.081032,-11.667641
,3808.1,3817.52,3790.89,3812.03,3812.03,93442393,166081524007.2,-0.217233,-0.216998,16.123643,15.221763,10.770843,-0.004341,11.627491,-1.997237,-2.9186,-11.695442
,3802.23,3802.23,3756.85,3758.47,3758.47,95103903,164405748827.5,-1.41499,-1.405026,16.602234,15.444868,10.592471,0.478591,11.170961,-0.666315,-2.561755,-10.039536
,3747.65,3753.26,3724.99,3739.99,3739.99,71638166,129197657303.1,-0.492902,-0.491689,14.779803,15.471808,8.248023,-1.822431,11.539536,-0.837996,-3.078737,-8.960322
,3740.58,3788.32,3734.72,3767.54,3767.54,105358016,186871759441.3,0.733933,0.736633,14.980284,15.185231,8.613097,0.200481,11.225336,-1.062816,-3.460344,-9.479539
,3764.33,3775.09,3755.42,3760.6,3760.6,79385378,140117510233.3,-0.184375,-0.184205,14.975098,15.034672,8.699338,-0.005186,11.440754,-1.072045,-4.071009,-10.978151
,3759.61,3768.82,3719.11,3736.65,3736.65,81576901,138238089912.5,-0.638903,-0.636866,14.925354,15.001141,8.717965,-0.049744,13.321098,-0.832001,-5.588929,-10.864424
,3736.94,3748.82,3717.31,3733.51,3733.51,100386075,151578100463.9,-0.084068,-0.084032,14.834652,15.000086,8.85603,-0.090703,13.362962,-1.649252,-6.15647,-11.091404
,3740.79,3749.02,3699.38,3708.78,3708.78,109395689,180398970938.3,-0.664583,-0.662379,14.400372,14.739328,8.484116,-0.43428,13.561459,0.809649,-6.532723,-10.791988
,3698.93,3737.53,3691.11,3727.71,3727.71,86727741,156966973910.5,0.509112,0.51041,13.624525,14.513812,7.942952,-0.775846,13.456565,-0.35231,-6.671506,-11.160932
,3723.42,3724.07,3702.69,3720.5,3720.5,83199038,135216895229.4,-0.193604,-0.193416,13.329421,14.375302,7.807288,-0.295104,13.770478,-0.744872,-5.982162,-12.069346
,3715.96,3718.52,3705.13,3705.69,3705.69,75448209,117691805957.2,-0.398859,-0.398065,12.008074,14.392025,5.839315,-1.321347,13.913179,-0.140153,-5.307465,-10.663595
,3698.31,3708.46,3672.44,3672.44,3672.44,83031005,135011796555.2,-0.901318,-0.897269,12.117193,14.468421,5.904385,0.10912,14.832685,0.464008,-3.042462,-9.571517
,3672.64,3740.42,3664.77,3738.93,3738.93,110231166,192236467362.8,1.794318,1.810513,13.72613,14.914829,6.121408,1.608937,13.277086,-1.460222,-4.238416,-11.060061
,3738.06,3738.06,3711.2,3714.6,3714.6,92596479,155793827361.5,-0.652847,-0.650721,13.258587,14.696169,5.913584,-0.467543,13.182059,-1.559231,-3.900257,-11.086449
,3711.71,3723.85,3692.62,3692.89,3692.89,78044525,137808437774.8,-0.586165,-0.584451,12.78477,14.724252,5.705377,-0.473817,13.109289,-0.688549,-3.355528,-10.152896
,3694.96,3731.14,3694.39,3700.5,3700.5,91629210,164790435265.8,0.20586,0.206072,12.837561,14.666076,5.501743,0.052791,13.074006,0.050791,-4.034076,-8.042516
,3711.21,3716.06,3685.3,3689.52,3689.52,85221719,153500421344,-0.297158,-0.296717,12.723096,14.620174,5.600572,-0.114465,13.576493,-0.710196,-2.897781,-7.261254
,3678.93,3694.17,3642,3684.73,3684.73,102148058,178072374748.1,-0.129912,-0.129827,12.371058,14.599736,5.645076,-0.352038,14.568882,-1.590168,-1.424585,-8.444461
,3696.25,3701.26,3655.59,3657.13,3657.13,99163730,161938958924.8,-0.751857,-0.749037,10.890943,14.621497,5.539626,-1.480114,14.389809,-0.485985,-1.027096,-7.930606
,3674.75,3689.53,3658.36,3667.55,3667.55,102091587,187667554126.6,0.284518,0.284923,10.88941,14.561775,5.649118,-0.001533,14.347873,-1.565544,-1.551974,-9.14445
,3697.93,3711.5,3682.84,3702.38,3702.38,114363225,194598219817.3,0.945199,0.94968,11.627491,14.661585,5.71143,0.73808,13.844327,-4.667565,-2.448446,-10.627086
,3677.96,3678.19,3652.31,3663.41,3663.41,98287987,170152309003,-1.058145,-1.052566,11.170961,14.469655,4.758248,-0.45653,13.598014,-4.261029,-2.12204,-10.870513
,3664.04,3664.04,3615.77,3626.6,3626.6,91853118,159537973598.4,-1.009884,-1.004802,11.539536,14.585647,5.221096,0.368575,13.181269,-4.291982,-1.309759,-9.664842
,3635.3,3645.57,3619.13,3639.4,3639.4,90745188,147056233347.4,0.352326,0.352948,11.225336,14.542928,5.221096,-0.3142,13.101039,-4.273978,-1.588078,-10.485079
,3631.07,3632.06,3608.98,3610.58,3610.58,94545879,158982356667.4,-0.795041,-0.791889,11.440754,14.606106,5.056374,0.215418,13.09327,-2.983198,-0.092272,-9.125894
,3588.52,3588.52,3532.31,3533.54,3533.54,111737520,189194781843.9,-2.156822,-2.133729,13.321098,15.196966,8.386221,1.880343,11.021704,-0.550537,1.092624,-7.318624
,3518.35,3535.66,3501.73,3510.59,3510.59,98518605,169591289145.3,-0.651609,-0.64949,13.362962,15.188404,7.922267,0.041864,10.72756,1.464755,1.624072,-6.766024
,3500.2,3505.35,3450.65,3474.24,3474.24,96561652,152054894179,-1.040836,-1.035438,13.561459,15.297901,8.02043,0.198497,9.879644,3.103957,2.895859,-5.118665
,3481.76,3495,3453.1,3487.13,3487.13,115547289,186529203442,0.37033,0.371016,13.456565,15.324624,8.02043,-0.104894,9.843638,2.418938,2.658259,-7.688178
,3524.3,3531.83,3500.92,3504.46,3504.46,128009617,203691741119.2,0.495739,0.49697,13.770478,14.069565,7.903286,0.313913,10.559685,1.881763,1.133809,-6.780102
,3484.78,3515.57,3478.05,3514.14,3514.14,105143566,176088467225.8,0.275839,0.276219,13.913179,14.101052,8.006242,0.1427,10.641105,1.133236,1.339259,-7.207213
,3501.17,3576.59,3494.55,3562.39,3562.39,120225108,224301960437,1.363684,1.373024,14.832685,14.450009,8.390023,0.919506,9.760275,0.608689,-0.686725,-10.139198
,3554.11,3592.72,3554.02,3583.77,3583.77,144010426,242973328094.4,0.598365,0.600159,13.277086,13.621202,8.390023,-1.555599,9.765408,1.353608,-2.024673,-10.333584
,3581.68,3581.68,3554.58,3572.51,3572.51,112587267,196317658324.1,-0.314689,-0.314194,13.182059,13.539023,8.719624,-0.095027,9.78239,1.31393,-1.522798,-8.630649
,3605.76,3606.41,3564.64,3571.03,3571.03,97645538,182943566435.3,-0.041436,-0.041427,13.109289,13.534671,9.417042,-0.07277,10.170041,1.115006,-2.343669,-6.600939
,3580.07,3597.17,3553.74,3554.19,3554.19,90359643,149465055433.9,-0.472688,-0.471573,13.074006,13.505072,9.068129,-0.035283,10.14846,1.636421,-1.645052,-6.40084
,3558.53,3596.1,3558.53,3584.14,3584.14,97542101,165865989200.3,0.839137,0.842667,13.576493,13.491648,9.240263,0.502487,9.588136,0.065545,-2.865902,-8.139681
,3608.32,3635.79,3600.63,3632.61,3632.61,152982463,254465948110.4,1.343284,1.352347,14.568882,13.803257,9.078459,0.992389,7.965372,-1.475342,-4.864235,-11.282372
,3623.78,3628.46,3606.3,3619.76,3619.76,110288591,190433605310.7,-0.354367,-0.35374,14.389809,13.754087,9.387429,-0.179073,9.95226,-1.046967,-6.432196,-11.847151
,3610.64,3627.05,3591.82,3611.07,3611.07,110594230,192594372352.5,-0.24036,-0.240071,14.347873,13.753505,9.285532,-0.041935,10.094346,-0.105842,-6.034635,-11.53342
,3603.11,3624.41,3601.37,3612.83,3612.83,111872057,189355228591.7,0.048727,0.048739,13.844327,13.756855,9.285532,-0.503547,10.012603,-1.126496,-6.328397,-12.772656
,3596.07,3599.45,3576.1,3586.49,3586.49,102107034,166924677328.3,-0.731739,-0.729068,13.598014,13.785727,9.133561,-0.246313,10.072583,-0.514917,-5.355741,-11.389196
,3593.91,3599.39,3562.77,3579.41,3579.41,96707649,164821249624.7,-0.197603,-0.197407,13.181269,13.033594,9.287543,-0.416745,10.519475,-0.086364,-4.571826,-7.773935
,3581.1,3600.15,3568.88,3582.06,3582.06,100884158,165935163426.2,0.074007,0.074035,13.101039,12.980736,9.287543,-0.080229,10.584813,-0.027642,-4.431117,-6.888101
,3616.88,3620.6,3596.92,3607.25,3607.25,104929218,188932150500.6,0.700766,0.703227,13.09327,13.08705,9.750115,-0.007769,11.194399,-1.757117,-6.81487,-6.953855
,3600.98,3605.29,3572.36,3572.36,3572.36,87464780,146629217157.8,-0.971927,-0.967219,11.021704,13.144267,5.337105,-2.071566,10.970388,-0.303902,-6.368119,-4.833105
,3561.31,3573.68,3547.03,3568.07,3568.07,87319207,139621898705.2,-0.120161,-0.120089,10.72756,13.111528,5.580449,-0.294144,10.945534,-0.846041,-6.559006,-4.506331
,3569.73,3586.97,3545.1,3576.32,3576.32,91080445,157449634694,0.230951,0.231217,9.879644,12.920417,4.770455,-0.847916,10.744506,-1.816575,-7.155124,-3.397078
,3587.88,3615.06,3575.68,3581.07,3581.07,108594314,175922105929.9,0.13273,0.132818,9.843638,12.614915,4.770455,-0.036006,10.749041,-1.762119,-7.147686,-2.671451
,3569.44,3574.38,3544.42,3544.42,3544.42,84784381,136041195538.9,-1.02871,-1.023437,10.559685,12.644527,5.544631,0.716047,10.812726,-1.595716,-7.220993,-1.55473
,3541.44,3562.07,3529.94,3561.52,3561.52,84800167,141499811490.9,0.481288,0.482448,10.641105,12.274491,5.544631,0.08142,11.49522,-1.851076,-6.695389,-3.083975
,3560.65,3560.65,3534,3538.01,3538.01,85018403,140101998555.3,-0.6623,-0.660111,9.760275,12.224457,5.359752,-0.88083,11.571417,-1.570488,-5.84233,-1.229113
,3534.44,3534.44,3492.86,3511.94,3511.94,99102314,155975437035.7,-0.739583,-0.736855,9.765408,12.283141,5.260874,0.005133,11.630073,-1.485954,-4.796973,-1.7719
,3510.66,3521.05,3501.11,3518.52,3518.52,89335789,147740535862.4,0.187186,0.187361,9.78239,12.01657,5.440876,0.016982,11.614763,-3.595468,-5.663393,-0.069371
,3518.88,3519.2,3482.24,3488.31,3488.31,98841412,155948235975.9,-0.862307,-0.8586,10.170041,11.891399,5.08324,0.387651,11.608501,-2.57596,-4.453699,1.408769
,3485.52,3505.13,3481.45,3496.2,3496.2,101350820,153790180653.3,0.225929,0.226184,10.14846,11.913331,5.324907,-0.021581,14.652185,-3.046923,-2.363388,1.26958
,3494.22,3494.22,3452.17,3482.88,3482.88,108530941,176078323469.4,-0.381713,-0.380985,9.588136,11.882583,5.149923,-0.560324,14.767505,-2.424294,-1.497571,2.344756
,3481.04,3488.13,3459.61,3460.14,3460.14,97156826,164664395292.9,-0.655049,-0.652908,7.965372,11.804439,4.925025,-1.622763,15.286047,-1.182933,-2.155641,2.593428
,3450.09,3450.09,3393.81,3394.26,3394.26,100472007,164840691112.1,-1.922328,-1.903969,9.95226,11.839261,7.730433,1.986888,13.723586,0.954111,-0.471315,3.913278
,3387.88,3420.28,3382.95,3399.6,3399.6,105805519,172142987724.9,0.157201,0.157324,10.094346,11.808991,7.725639,0.142086,14.071306,-0.886077,-1.557842,4.185499
,3394.31,3404.41,3369.77,3391.28,3391.28,97713248,160949948197.3,-0.245035,-0.244735,10.012603,11.809357,7.723961,-0.081743,14.1554,-1.166218,-1.850243,5.673862
,3391.86,3409.38,3383.45,3399.46,3399.46,129522054,203034222561.1,0.240916,0.241207,10.072583,11.563699,8.100147,0.05998,14.721122,-1.718182,-3.392732,5.661978
,3378.05,3426.61,3346.89,3419.45,3419.45,139626249,219761181423.1,0.586312,0.588035,10.519475,11.645145,8.054983,0.446892,14.519023,-2.669662,-3.783256,4.374672
,3410,3427.55,3406.1,3426.8,3426.8,105590013,166979964779.7,0.214716,0.214947,10.584813,11.524931,8.054983,0.065338,14.469282,-2.74421,-4.465884,3.875706
,3418.64,3418.64,3369.61,3369.61,3369.61,95285367,165455928375.6,-1.682987,-1.668904,11.194399,11.941286,8.829322,0.609586,13.637285,-2.163241,-2.218752,5.776578
,3387.38,3399.14,3350.76,3351.96,3351.96,83655135,150245775736.4,-0.525176,-0.523799,10.970388,11.925003,8.923255,-0.224011,13.580662,-0.631172,-2.043129,7.236867
,3365.94,3388.5,3339.52,3341.55,3341.55,97787783,164907019372.1,-0.311048,-0.310565,10.945534,11.926189,8.596309,-0.024854,13.558243,-0.129365,-1.83109,6.82658
,3329.19,3352.35,3314.91,3329.37,3329.37,90526826,142303319418.9,-0.365167,-0.364502,10.744506,11.89048,8.45674,-0.201028,13.735726,0.541577,-0.8594,7.408137
,3325.66,3345.78,3313.19,3334.04,3334.04,83808118,135293655396.1,0.140168,0.140267,10.749041,11.823019,8.45674,0.004535,15.692672,-0.277827,-3.198751,7.148244
,3334.33,3338.54,3297.37,3297.5,3297.5,92412868,141290542802.3,-1.102018,-1.095968,10.812726,11.971156,8.512267,0.063685,16.209791,1.171579,-0.692918,7.237355
,3285.6,3339.36,3283.99,3330.87,3330.87,102546198,171120780579.5,1.006893,1.011979,11.49522,12.216147,8.512267,0.682494,15.737227,2.480925,-1.851083,5.686248
,3329.47,3359.06,3315.9,3337.23,3337.23,105220133,167336342309.2,0.190759,0.190941,11.571417,12.144668,8.903422,0.076197,16.535677,2.77427,-3.610144,6.004437
,3330.33,3348.88,3330.33,3347.45,3347.45,74542693,121838327071.1,0.305774,0.306242,11.630073,11.487153,9.379176,0.058656,16.577603,1.155378,-3.511938,4.536093
,3345.4,3345.42,3315.94,3324.79,3324.79,74732935,121689997434.6,-0.679235,-0.676933,11.614763,11.491876,8.918297,-0.01531,17.350921,1.596611,-1.444458,5.732717
,3326.93,3341.27,3309.67,3336.36,3336.36,94403928,140924923674.8,0.347388,0.347992,11.608501,11.511846,9.393025,-0.006262,18.794795,0.319897,0.196428,5.853422
,3335.56,3423.4,3331.21,3414.54,3414.54,148064851,245855634464.3,2.316239,2.343272,14.652185,12.569402,9.393025,3.043685,16.712373,-2.533778,-2.392399,5.1682
,3411.11,3432.54,3409.58,3431.11,3431.11,114928932,193573180515.1,0.484104,0.485278,14.767505,12.627938,9.670015,0.11532,16.771118,-4.319455,-3.776207,4.26689
,3426.27,3426.27,3386.35,3386.35,3386.35,116180726,184096097448.7,-1.313118,-1.304534,15.286047,12.862137,9.914557,0.518542,17.284472,-2.810549,-4.262497,5.219651
,3379.75,3392.85,3362.66,3378.3,3378.3,105613851,165099018642.5,-0.238002,-0.237719,13.723586,12.800823,8.354339,-1.562461,17.465632,-3.040459,-4.943641,4.573946
,3375.02,3375.02,3323.86,3347.05,3347.05,106721013,165512262698.6,-0.929326,-0.925021,14.071306,12.873565,7.947682,0.34772,17.308171,-1.546988,-3.940943,5.420669
,3341.31,3372.54,3313.55,3329.11,3329.11,126400574,182251664948.1,-0.537436,-0.535994,14.1554,12.69093,7.565049,0.084094,17.630755,-1.359104,-4.594016,5.140278
,3322.61,3333.52,3283.34,3286.06,3286.06,117429485,170761644873.4,-1.301572,-1.293138,14.721122,12.772652,7.617124,0.565722,17.41779,-0.156541,-2.640723,6.428439
,3286.71,3304.6,3273.84,3292.5,3292.5,109330465,172276323045.2,0.195788,0.195979,14.519023,12.677177,7.617124,-0.202099,21.498612,0.254194,0.581148,5.418902
,3281.67,3312.92,3268.25,3277.13,3277.13,94199366,159777649838.1,-0.467912,-0.466819,14.469282,12.646707,7.436568,-0.049742,21.657641,-1.477077,2.0089,7.972038
,3275.31,3311.11,3266.79,3295.67,3295.67,108789735,180978533555.5,0.564145,0.565739,13.637285,12.668711,6.228982,-0.831997,21.679215,-0.637406,2.079767,6.332274
,3284.36,3310.47,3279.7,3284.17,3284.17,96853555,156536022291.9,-0.349553,-0.348943,13.580662,11.969324,6.411754,-0.056623,21.914616,-0.439125,3.578144,8.216229
,3270.1,3306.92,3261.27,3280.92,3280.92,88851530,144331722430.6,-0.099009,-0.09896,13.558243,11.918352,6.796664,-0.022419,21.890049,-1.908418,3.883766,8.43857
,3272.57,3300.88,3260.44,3300.88,3300.88,113276665,175650587488.9,0.606523,0.608366,13.735726,11.848414,6.960189,0.177483,22.225693,-2.110962,4.617446,7.040644
,3291.14,3291.14,3229.08,3229.08,3229.08,108769728,173516385174.7,-2.199183,-2.175178,15.692672,12.574331,9.745317,1.956946,20.363763,1.476467,7.674986,8.935553
,3214.28,3279.25,3171.63,3274.73,3274.73,174909168,256784536828,1.403816,1.413715,16.209791,12.900256,10.167311,0.517119,20.022336,2.060925,6.359181,6.830311
,3261.24,3286.94,3251.81,3269.78,3269.78,118501408,191261807098.8,-0.151272,-0.151158,15.737227,12.87494,10.149922,-0.472565,20.547162,1.939609,5.462497,7.419841
,3262.47,3281.42,3193.18,3218.9,3218.9,148705628,225510031844.3,-1.568302,-1.556068,16.535677,12.833785,10.376348,0.798451,19.579832,2.608206,8.22336,9.23375
,3208.43,3249.53,3188.13,3231.93,3231.93,122012000,193791168624.2,0.40398,0.404797,16.577603,12.790251,10.376348,0.041926,20.482259,0.404819,6.537011,10.347535
,3245.96,3281.49,3190.47,3277.11,3277.11,154371954,219036341624.5,1.388245,1.397926,17.350921,13.179456,10.85793,0.773318,20.900007,-1.902572,7.03848,10.059162
,3274.34,3344.24,3269.79,3342.92,3342.92,196833614,265521114954.3,1.988274,2.008172,18.794795,13.884398,10.85793,1.443874,20.024259,-3.817475,5.666039,7.530787
,3326.65,3351.97,3315.13,3333.82,3333.82,180664005,238144899501,-0.272588,-0.272217,16.712373,13.868119,10.665574,-2.082422,19.932367,-4.735396,6.025367,9.276495
,3335.39,3351.37,3303.96,3303.96,3303.96,184164795,244698013593.3,-0.899704,-0.895669,16.771118,13.81936,10.223858,0.058744,19.45575,-3.18397,7.618535,10.207087
,3283.9,3300.2,3244.97,3245.04,3245.04,143649350,199592929911.7,-1.799407,-1.783315,17.284472,13.883523,10.941025,0.513354,17.95576,2.033096,9.011566,11.216558
,3231.54,3252.15,3201.93,3215.35,3215.35,153143469,215333349921.2,-0.919146,-0.914935,17.465632,13.960457,10.569416,0.181161,17.668251,3.912083,9.328233,13.077206
,3202.26,3251.76,3191.9,3217.71,3217.71,145516792,203815063232.5,0.073371,0.073398,17.308171,13.971141,11.037104,-0.157461,17.608301,4.473723,9.684285,13.05076
,3219.87,3235.41,3108.35,3179.63,3179.63,173758089,234495151557,-1.190509,-1.18345,17.630755,14.109998,10.977758,0.322583,16.630328,6.813055,12.118122,14.197891
,3164.25,3233.85,3111.52,3200.42,3200.42,203042970,279713141507.2,0.651721,0.65385,17.41779,14.177403,11.351876,-0.212965,16.682485,6.367948,11.695433,13.337476
,3185.25,3314.51,3182.82,3311.69,3311.69,202713099,285042020945.9,3.417658,3.476731,21.498612,15.989148,11.351876,4.080822,13.510826,4.290492,7.576781,9.068803
,3314.03,3343.63,3289.67,3343.63,3343.63,216647933,297997664575.2,0.959841,0.964462,21.657641,16.139674,11.72147,0.159029,13.522961,4.189008,6.33269,8.502553
,3351.41,3367.21,3336.98,3364.93,3364.93,189977578,270239765211,0.635012,0.637032,21.679215,16.126039,11.72147,0.021574,13.473679,3.642007,5.915563,8.895381
,3393.19,3403.81,3364.14,3403.81,3403.81,183319800,267674145147.3,1.148823,1.155448,21.914616,16.230556,11.923212,0.235401,13.31464,1.445228,5.701853,8.099119
,3395.19,3415.89,3380.1,3410.85,3410.85,140734581,218459281946,0.206613,0.206827,21.890049,16.240962,11.348392,-0.024567,13.786265,2.431176,4.773904,7.49072
,3390.36,3500.13,3383.69,3456.87,3456.87,188879362,291823544608.2,1.340203,1.349224,22.225693,16.487474,11.348392,0.335644,13.158181,-0.191396,3.650091,6.375771
,3450.35,3486.68,3448.41,3486.67,3486.67,141020784,225098128872.7,0.858357,0.862052,20.363763,16.589814,9.739919,-1.86193,12.948224,0.839961,2.67201,4.352819
,3491.34,3507.56,3472.97,3489.74,3489.74,144821273,232926057113.9,0.088011,0.08805,20.022336,16.464234,9.739919,-0.341428,13.574215,1.367783,1.571093,3.151764
,3485.54,3492.61,3445.39,3453.36,3453.36,151248331,238951637715,-1.047956,-1.042485,20.547162,16.561018,7.875669,0.524827,13.13026,2.502479,2.074835,5.145675
,3440.05,3494.79,3437.44,3494.79,3494.79,139528246,244488721250.8,1.192562,1.199701,19.579832,16.704425,7.843301,-0.96733,12.59157,2.003381,1.39122,3.220454
,3499.83,3521.66,3450.26,3450.26,3450.26,189837548,328300591256.4,-1.28237,-1.274182,20.482259,16.840708,7.328944,0.902427,12.427077,2.879374,1.51102,4.623278
,3437.9,3516.08,3437.9,3516.08,3516.08,155944532,281971899288.2,1.889714,1.907682,20.900007,17.289749,7.328944,0.417747,10.588721,0.387181,0.138695,2.200531
,3515.06,3544.36,3503.46,3537.8,3537.8,162709570,288575619224.5,0.615833,0.617733,20.024259,17.240603,7.328944,-0.875748,10.488554,0.200771,-0.009046,1.183539
,3538.37,3548.69,3519.76,3540.87,3540.87,163244613,297719931809.3,0.086739,0.086777,19.932367,17.235982,5.301797,-0.091892,11.984569,1.357359,1.535232,1.343149
,3524.96,3570.69,3519.08,3565.51,3565.51,166422389,299895929709.1,0.693464,0.695874,19.45575,17.269455,5.363956,-0.476617,11.874503,0.892928,0.424563,1.397008
,3556.53,3577.39,3545.1,3551.05,3551.05,143076613,248294165707.4,-0.406377,-0.405552,17.95576,17.234248,5.456139,-1.49999,11.853628,0.598311,0.470582,1.224224
,3548.1,3569.92,3522.9,3529.72,3529.72,148110510,251839533036.1,-0.602479,-0.600667,17.668251,16.79806,6.068236,-0.287508,12.090286,0.91654,0.189354,1.75602
,3529.55,3548.51,3511.58,3544.91,3544.91,125792664,225379101014,0.429422,0.430346,17.608301,16.813683,6.068236,-0.05995,11.990599,0.705002,-0.322672,0.820342
,3545.94,3589.26,3542.28,3589.26,3589.26,148202825,286418582154.6,1.243328,1.25109,16.630328,16.970608,,-0.977973,11.333267,0.396787,-2.383828,-1.30061
,3592.58,3605.7,3574.21,3597.49,3597.49,180685560,339997042337.1,0.229033,0.229295,16.682485,16.970188,,0.052157,11.266946,-0.553581,-2.626272,-1.494649
,3594.42,3594.42,3563.37,3572.36,3572.36,144590590,266898756379.8,-0.700994,-0.698543,13.510826,17.015804,5.59898,-3.171659,11.349368,0.363802,-2.739027,-1.302549
,3571.79,3597.46,3545.61,3562.22,3562.22,140962722,263803609335.2,-0.28425,-0.283846,13.522961,17.028765,6.049927,0.012135,13.794617,0.528328,-0.369553,-0.582511
,3554.91,3572.81,3533.68,3569.99,3569.99,138316044,243991558366.2,0.217885,0.218122,13.473679,16.636634,6.049927,-0.049282,14.257038,-0.702463,-1.663057,-0.951009
,3577.06,3604.05,3573.4,3603.53,3603.53,160379438,295314840611,0.935113,0.939498,13.31464,16.672781,6.049927,-0.15904,14.965818,-2.18179,-1.063767,-1.620934
,3593.34,3610.74,3577.19,3577.63,3577.63,145571786,259553448413.4,-0.721335,-0.71874,13.786265,16.739222,5.522803,0.471626,14.764651,-0.951508,-0.2191,-1.375687
,3568.72,3589.55,3568.43,3585.38,3585.38,129528966,223752103886.2,0.21639,0.216624,13.158181,16.710556,5.522803,-0.628084,14.990478,-2.330467,-1.226892,-2.316479
,3593.07,3601.11,3575.03,3581.09,3581.09,130743377,233162492629.6,-0.119724,-0.119653,12.948224,16.717934,6.125813,-0.209957,15.014305,-1.693354,-1.411443,-2.415647
,3571.27,3575.72,3522.84,3545,3545,139227358,248850931022.2,-1.012906,-1.007794,13.574215,16.691108,6.050679,0.625991,14.794116,-0.212355,-1.099963,-1.942295
,3536.71,3564.96,3525.76,3525.76,3525.76,137015724,233747256235.1,-0.544214,-0.542736,13.13026,16.641959,5.678416,-0.443955,14.774247,1.962877,-0.11749,-1.943455
,3526.68,3547.65,3518.6,3543.75,3543.75,126209535,226730734844.1,0.508947,0.510245,12.59157,16.662561,5.678416,-0.538689,14.681823,1.036724,-0.38083,-1.807848
,3538.72,3542.96,3502.79,3502.79,3502.79,128626763,216404726565.9,-1.162569,-1.155838,12.427077,16.855745,5.265592,-0.164494,14.992416,1.838937,2.299503,-1.399207
,3498.48,3551.21,3489.39,3520.96,3520.96,143334717,232530806334.5,0.517389,0.518729,10.588721,16.805184,5.265592,-1.838355,15.338361,0.437841,2.881987,-1.698544
,3516.88,3538.24,3516.88,3537.48,3537.48,128643290,201749384356.7,0.468093,0.46919,10.488554,16.814728,5.265592,-0.100167,15.472811,-0.112856,1.873794,-1.690544
,3551.58,3600.92,3551.58,3595.65,3595.65,162776561,251637272845.1,1.631017,1.644391,11.984569,16.483939,5.265592,1.496015,15.273605,-2.5617,1.715896,-3.505447
,3593.22,3596.19,3568.75,3580.68,3580.68,141272972,220207515542.9,-0.417205,-0.416336,11.874503,16.494486,5.064952,-0.110066,15.160282,-2.157906,2.163989,-3.329907
,3578.68,3582.43,3558.87,3567.8,3567.8,135592331,214222897580.1,-0.360357,-0.359708,11.853628,16.266978,5.118486,-0.020874,15.41099,-2.611298,1.734409,-3.479016
,3553.56,3567.82,3535.77,3536.41,3536.41,155304283,243249251687.2,-0.883707,-0.879814,12.090286,16.375541,5.324235,0.236658,15.247617,0.357633,3.559619,-3.024284
,3533.38,3543.71,3518.86,3533.49,3533.49,129670942,195893525574.7,-0.082604,-0.08257,11.990599,16.244884,5.669801,-0.099687,15.225172,-0.635382,3.689147,-3.799311
,3528.97,3531.23,3490.05,3504.71,3504.71,128790274,199754768626.1,-0.817827,-0.814492,11.333267,16.30123,5.522253,-0.657333,14.790969,1.716847,4.463597,-1.869154
,3485.03,3520.59,3484.93,3504.24,3504.24,126534395,200293481885.7,-0.013411,-0.013411,11.266946,16.044758,5.869429,-0.066321,14.84853,1.853591,4.268315,-2.171374
,3505.75,3516.7,3470.06,3475.84,3475.84,128921116,208566204702.9,-0.813749,-0.810447,11.349368,16.153955,5.951658,0.082422,14.88327,1.875937,4.231048,-0.22091
,3473.5,3552.41,3473.5,3549.08,3549.08,183941250,267472484531,2.085224,2.107117,13.794617,16.617856,6.066595,2.445249,13.17161,-0.513562,2.539416,-2.184242
,3533.36,3545.5,3503.62,3511.11,3511.11,176153065,253315972272.3,-1.075619,-1.069855,14.257038,16.775133,6.206034,0.462421,12.733404,-0.139369,4.642874,-0.99781
,3509.13,3565.94,3498.03,3565.4,3565.4,168466398,244987812753.2,1.534402,1.546235,14.965818,16.999651,6.206034,0.70878,11.786134,-1.235514,3.461034,-1.900483
,3550.56,3602.79,3547.6,3569.8,3569.8,178574105,261329927268.4,0.123332,0.123408,14.764651,16.992575,6.461248,-0.201168,11.961603,-1.113238,2.935916,-1.929528
,3550.61,3560.95,3529.32,3541.66,3541.66,147281505,226229520121.3,-0.791403,-0.788279,14.990478,17.070205,6.238278,0.225828,11.436857,1.195928,3.952572,-0.587038
,3536.18,3558.16,3528.02,3530.9,3530.9,150579042,229511183118,-0.304275,-0.303812,15.014305,16.40046,5.973072,0.023827,12.311847,2.600076,3.092252,0.229706
,3525.67,3533.76,3499.98,3506.22,3506.22,143113504,213257232210.7,-0.701426,-0.698972,14.794116,16.279497,5.713095,-0.22019,12.769622,2.761401,2.680634,0.247823
,3514.01,3524.54,3495.65,3521.62,3521.62,121739851,195299919746.2,0.438258,0.439219,14.774247,16.283323,5.957299,-0.019868,13.054044,3.796263,3.18833,-2.348452
,3510.64,3543.97,3505.2,3530.28,3530.28,115187722,184524622000.7,0.245608,0.24591,14.681823,15.898068,5.957299,-0.092425,13.424965,3.581543,2.210064,-3.227187
,3531.96,3588.4,3531.96,3584.27,3584.27,197216133,308045062250.7,1.517764,1.52934,14.992416,16.134997,5.559325,0.310594,12.355973,1.273843,0.812754,-5.299412
,3584.54,3645.82,3578.76,3623.91,3623.91,222721381,358709708837.6,1.099873,1.105943,15.338361,16.052802,5.559325,0.345945,11.848449,1.115472,-0.820151,-6.104949
,3619.26,3630.71,3604.39,3604.39,3604.39,191296899,286674161757.8,-0.540101,-0.538645,15.472811,15.659481,5.302289,0.13445,11.780896,1.702498,-0.681209,-6.110436
,3654.05,3668.26,3645.74,3657.88,3657.88,208018007,333270472130,1.47312,1.484024,15.273605,15.877095,5.302289,-0.199206,10.426211,0.186,-1.907979,-8.215499
,3657,3665.68,3648.38,3659.01,3659.01,164834286,247368347983.1,0.030887,0.030892,15.160282,15.726987,5.505492,-0.113323,10.843118,-0.053581,-1.191544,-6.111668
,3650.75,3650.94,3628.7,3630.22,3630.22,130035336,199923460349.8,-0.789937,-0.786825,15.41099,15.317777,5.456536,0.250708,10.679393,-0.114659,-0.980768,-5.986617
,3630.41,3669.76,3630.41,3664.56,3664.56,146559017,232694927940.9,0.941502,0.945948,15.247617,15.218219,5.561593,-0.163373,10.018125,-0.66257,-1.992953,-7.953459
,3669.09,3674.61,3641.76,3666.28,3666.28,150720536,233730562074.5,0.046925,0.046936,15.225172,15.219388,5.067428,-0.022445,10.102858,0.318345,-2.546133,-9.22132
,3646.35,3673.62,3634.6,3664.69,3664.69,157267455,249688465072.9,-0.043378,-0.043368,14.790969,14.945203,5.85422,-0.434203,10.43933,0.714284,-3.380379,-9.188112
,3668.23,3675.78,3646.71,3657.05,3657.05,133406490,214643548213.8,-0.208694,-0.208476,14.84853,14.947157,5.345054,0.057561,10.462858,0.521192,-3.136692,-9.024
,3651.05,3656.53,3624,3626.06,3626.06,123522764,191480969435.1,-0.851015,-0.847404,14.88327,13.543645,5.398575,0.03474,10.22968,1.59746,-2.794571,-8.1296
,3636.6,3657.48,3626.33,3640.36,3640.36,154630503,240288953464,0.393592,0.394367,13.17161,13.448616,5.398575,-1.71166,10.259909,0.039274,-2.752374,-8.86209
,3638.56,3677.97,3627.45,3677.97,3677.97,164570417,247729525192.2,1.027839,1.03314,12.733404,13.533985,4.872271,-0.438206,9.291489,-2.10161,-3.930827,-10.063268
,3682.06,3703.03,3677.44,3690.96,3690.96,184609423,279971341520.4,0.352562,0.353184,11.786134,13.380055,4.872271,-0.94727,9.227963,-1.508217,-4.018201,-10.159683
,3682.29,3684.61,3665.15,3676.16,3676.16,130678283,196575354877.9,-0.401786,-0.40098,11.961603,13.424166,4.606865,0.175469,9.25315,-1.83909,-4.092503,-10.515017
,3675.65,3691.88,3667.09,3684.45,3684.45,151914605,230839373504.9,0.225253,0.225507,11.436857,13.185365,4.599295,-0.524746,9.281973,-1.943889,-5.042159,-9.756679
,3672.84,3674.37,3633.51,3641.79,3641.79,142572990,214205039030.7,-1.164594,-1.157839,12.311847,13.343345,5.7947,0.87499,8.633264,-1.312328,-4.096456,-8.48203
,3630.83,3650.87,3599.67,3601.48,3601.48,124791177,195344742155.9,-1.113045,-1.106873,12.769622,13.562627,6.502963,0.457775,8.053625,-0.600442,-3.522967,-7.030609
,3606.65,3638.15,3603.71,3635.71,3635.71,131272644,206143742535.6,0.945954,0.950443,13.054044,13.486972,6.502963,0.284423,6.963783,-1.300046,-5.014295,-8.702163
,3633.25,3638.97,3605.92,3609.17,3609.17,123532238,184381267979.1,-0.732659,-0.729981,13.424965,13.388922,6.10309,0.370921,7.401778,0.179935,-3.637083,-8.301919
,3609.07,3633.2,3602.82,3613.52,3613.52,115906321,179072813277.6,0.120454,0.120526,12.355973,13.09649,6.10309,-1.068992,7.576794,-0.519679,-4.511465,-8.678599
,3607.05,3624.04,3586.75,3594.31,3594.31,122602995,193069647050.8,-0.533033,-0.531615,11.848449,12.595872,5.783659,-0.507524,7.641344,-0.057329,-3.76038,-7.722394
,3599.82,3614.64,3579.92,3579.92,3579.92,112462019,180707602931.7,-0.401159,-0.400355,11.780896,12.568552,5.890463,-0.067553,7.945245,-0.162426,-2.883129,-7.410539
,3577.38,3600.6,3567.87,3588.75,3588.75,141054591,222756928174.4,0.24635,0.246654,10.426211,12.57644,5.890463,-1.354685,7.810411,-1.2864,-3.313364,-8.226764
,3583.81,3622.5,3580.28,3615.67,3615.67,124545096,195790966233.8,0.747322,0.750122,10.843118,12.589193,5.890463,0.416906,7.026732,-1.998729,-4.302352,-9.545401
,3610.36,3623.32,3594.11,3594.79,3594.79,110906766,182639598874.9,-0.57916,-0.577486,10.679393,12.619324,5.818733,-0.163724,6.983061,-1.928462,-4.232657,-9.234972
,3602.16,3625.01,3584.17,3592.25,3592.25,137893517,226764072639.2,-0.070683,-0.070658,10.018125,12.554103,6.07946,-0.661269,7.00293,-1.421991,-4.59095,-7.838333
,3594.63,3603.07,3552.09,3574.11,3574.11,131103026,213001530097.8,-0.506255,-0.504976,10.102858,12.573153,5.800748,0.084734,7.292174,-1.066349,-4.942325,-9.045337
,3555.82,3565.31,3525.89,3542.88,3542.88,134522306,219282337214,-0.877624,-0.873784,10.43933,12.437795,5.374164,0.336472,8.35396,0.076462,-2.952372,-7.910159
,3539.09,3551.17,3531.57,3544.12,3544.12,122813729,200722600631.1,0.034994,0.035,10.462858,12.427442,5.207652,0.023527,8.345012,-0.434619,-3.302997,-8.59705
,3548.22,3551.08,3520.18,3526.13,3526.13,123245462,214792338449.3,-0.508894,-0.507601,10.22968,12.388981,5.144121,-0.233178,9.421003,-0.650128,-1.657387,-7.916111
,3514.8,3547.15,3503.52,3541.53,3541.53,171516942,283768816845,0.435788,0.436739,10.259909,12.411669,5.144121,0.03023,9.256251,-1.304808,-1.971284,-9.165883
,3521.44,3540.79,3520.74,3536.2,3536.2,137433438,232293851893.9,-0.150613,-0.1505,9.291489,12.405782,5.367256,-0.96842,9.283231,-1.69375,-1.709858,-10.210745
,3533.49,3551.71,3532.78,3545.59,3545.59,123671838,208824124156,0.265187,0.265539,9.227963,12.261577,5.367256,-0.063526,9.554103,-2.504311,-1.343316,-10.387965
,3543.36,3543.36,3524.84,3528.75,3528.75,106642797,184790298728.6,-0.476088,-0.474956,9.25315,12.212464,5.31922,0.025187,9.444207,-1.38367,-0.772941,-10.213669
,3525.17,3533.99,3500.13,3503.28,3503.28,111617396,186515776574.7,-0.724403,-0.721785,9.281973,12.285697,5.125613,0.028824,9.299987,-1.413195,0.502549,-9.918921
,3496.34,3505.51,3473.83,3495.62,3495.62,109186615,182736735066.8,-0.218892,-0.218652,8.633264,12.290174,4.615186,-0.648709,9.407195,-0.976251,1.23391,-10.11761
,3473.64,3505.78,3471.22,3476.81,3476.81,117990184,195787549313.6,-0.539555,-0.538102,8.053625,12.167847,3.692757,-0.579639,9.541929,0.039396,1.090156,-9.206506
,3475.16,3483.22,3440.65,3457.9,3457.9,118448118,190886336762.4,-0.545374,-0.543889,6.963783,12.168055,3.556794,-1.089842,12.226106,0.400884,-0.522488,-7.874892
,3451.54,3487.4,3442.3,3480.26,3480.26,105898861,171538111702.3,0.644554,0.646635,7.401778,12.196962,3.518066,0.437995,12.137382,-0.485335,-1.800168,-8.362812
,3467.29,3471.14,3452.58,3454.12,3454.12,114918101,174112508796.1,-0.753928,-0.751093,7.576794,12.062925,3.585912,0.175016,12.01268,-0.240872,-1.600702,-7.243734
,3443.67,3484.68,3443.67,3461.66,3461.66,135409153,205118806811.8,0.218052,0.21829,7.641344,12.021143,3.727189,0.064551,12.040805,-0.887899,-1.524418,-3.221791
,3458.26,3479.95,3443.81,3478.18,3478.18,121829770,188018227774.8,0.476093,0.477228,7.945245,12.022565,3.868437,0.3039,11.965148,-2.221622,-2.546098,-2.228384
,3472.45,3488.32,3464.52,3471.79,3471.79,121650121,186104752421.9,-0.183886,-0.183717,7.810411,11.517504,3.950388,-0.134833,12.098214,-0.925407,-2.994156,2.095811
,3471.56,3478.7,3454.99,3463.41,3463.41,103857108,163035359363.1,-0.241666,-0.241374,7.026732,11.499753,3.919144,-0.783679,14.550767,-0.999373,-0.617771,6.707327
,3468.3,3483.31,3444.93,3445.81,3445.81,104429909,159477153569.5,-0.509465,-0.50817,6.983061,11.520678,3.887544,-0.043671,14.628815,0.646808,-0.773192,15.358793
,3443.36,3451.04,3399.67,3431.06,3431.06,116609659,181416567402.8,-0.428975,-0.428056,7.00293,11.418712,3.485321,0.019869,14.988594,1.197675,-1.369557,21.5484
,3420.8,3428.04,3395.91,3401.76,3401.76,115528218,177559765827.5,-0.857631,-0.853963,7.292174,11.537892,3.844529,0.289243,15.294647,2.166118,-1.732862,15.093541
,3396.8,3448.93,3384.81,3439.81,3439.81,131629443,215048837819.8,1.112329,1.118539,8.35396,11.676031,3.578806,1.061787,14.632223,1.685518,-2.855361,15.032547
,3425.88,3447.51,3423.65,3428.97,3428.97,127203456,198149476849.1,-0.315631,-0.315134,8.345012,11.690488,3.50203,-0.008948,14.621381,2.095437,-2.584311,12.542146
,3451.04,3473.98,3438.12,3468.17,3468.17,145892466,237551298481.6,1.136715,1.1432,9.421003,11.819063,3.637927,1.075991,13.861165,1.509808,-3.677642,13.295527
,3459.96,3479.1,3457.36,3472.4,3472.4,130874589,205055553856.4,0.121892,0.121966,9.256251,10.992987,3.637927,-0.164752,13.822797,1.900386,-4.138432,10.478179
,3462.61,3481.46,3460.79,3476.25,3476.25,118517083,171584915379.5,0.110813,0.110874,9.283231,10.780787,3.478781,0.02698,13.772877,1.106264,-4.422584,9.732573
,3466.85,3500.29,3464.37,3498.28,3498.28,120659017,200456285077.5,0.631729,0.633729,9.554103,10.377266,3.478781,0.270872,13.526739,-1.683483,-4.798167,7.962483
,3494.21,3514.48,3486.22,3501.58,3501.58,131802062,222830802528.4,0.094288,0.094332,9.444207,10.375584,3.648399,-0.109896,13.585235,-2.410898,-5.649574,11.421065
,3483.3,3522.8,3475.72,3520.93,3520.93,123768199,215783795702.6,0.551086,0.552608,9.299987,10.320623,3.606045,-0.14422,14.017092,-3.516446,-5.217069,11.123655
,3500.81,3545.34,3493.07,3539.02,3539.02,132447975,228065104129,0.512469,0.513785,9.407195,10.356752,3.550038,0.107208,13.793636,-3.734579,-5.619484,11.183341
,3538.4,3540.19,3494.01,3514.92,3514.92,132126337,217457320403.9,-0.683309,-0.680979,9.541929,10.351548,3.696524,0.134735,13.874902,-3.596858,-4.597798,12.255757
,3509.79,3509.79,3439.88,3439.88,3439.88,128897660,202857560168.7,-2.158018,-2.134899,12.226106,11.217711,9.532432,2.684177,12.045879,-2.070784,-3.16538,13.290508
,3432.35,3451.42,3408.41,3418.17,3418.17,127036263,184884499786.8,-0.633127,-0.631127,12.137382,11.266885,8.990528,-0.088724,11.935441,0.697062,-2.864668,14.623426
,3404.61,3415.86,3383.8,3399.27,3399.27,131022242,190131464834.7,-0.554462,-0.552927,12.01268,10.823994,8.998225,-0.124702,11.845767,0.586638,-2.566432,15.373328
,3403.71,3420.82,3388.66,3409.29,3409.29,124195558,187853329477.8,0.294336,0.294769,12.040805,10.569199,8.998225,0.028125,11.91536,-0.733038,-2.437595,14.077312
,3404.37,3408.5,3388.84,3390.74,3390.74,109787786,166697103823.1,-0.545587,-0.544102,11.965148,10.570177,8.552991,-0.075657,11.809771,-1.408386,-1.981313,13.721957
,3380.69,3380.69,3352.8,3369.38,3369.38,104952164,165442824490.2,-0.631944,-0.629951,12.098214,10.100434,8.20399,0.133066,11.774628,-0.786613,-1.919243,14.394772
,3364.03,3445,3364.03,3442.08,3442.08,171959177,258249147336.4,2.134719,2.157667,14.550767,11.118646,8.286645,2.452553,8.413449,-2.965912,-4.625277,12.233836
,3443.14,3448.34,3419.19,3419.27,3419.27,136323464,206038002517.7,-0.664886,-0.662681,14.628815,11.088505,8.206216,0.078048,8.258742,-2.257642,-4.229122,14.296104
,3393.92,3419.1,3380.96,3384.39,3384.39,116615255,179671192427.6,-1.025339,-1.020101,14.988594,11.03211,8.103799,0.359779,9.332961,-1.571201,-1.877827,17.820156
,3362.11,3409.03,3343.32,3343.32,3343.32,142812516,223631266563.2,-1.220936,-1.213513,15.294647,11.247886,8.36827,0.306053,10.240939,-0.523604,-2.37015,18.538169
,3367.35,3376.8,3318.63,3342.98,3342.98,119340279,181724693847.5,-0.01017,-0.01017,14.632223,11.249483,8.884109,-0.662424,10.322273,-0.257287,-2.102426,21.520903
,3338.59,3362.38,3329.97,3341.49,3341.49,95084377,145078975325.5,-0.044581,-0.044571,14.621381,11.251049,9.315823,-0.010842,10.498635,-0.969826,-2.709742,20.555748
,3332.43,3364.79,3320.84,3342.94,3342.94,92495695,149482926226.5,0.043384,0.043394,13.861165,11.162123,9.315823,-0.760216,10.53757,-0.029619,-2.581082,21.170032
,3358.13,3366.67,3331.63,3331.63,3331.63,91511626,142852166559.2,-0.338899,-0.338325,13.822797,11.114669,9.07322,-0.038368,10.79485,0.419334,-3.056167,20.404119
,3327.56,3338.08,3319.89,3325.86,3325.86,79938754,117544892726.5,-0.173339,-0.173188,13.772877,10.841293,9.001709,-0.04992,11.412688,0.931049,-4.078303,21.191126
,3328.01,3335.01,3310.19,3334.39,3334.39,84489679,125259155343,0.256147,0.256475,13.526739,10.823315,9.001709,-0.246139,11.33814,-0.050697,-4.246482,19.186087
,3332.79,3332.79,3309.1,3309.24,3309.24,78742407,118181952004.2,-0.75712,-0.754261,13.585235,10.88026,8.656815,0.058497,11.16179,0.374008,-3.791154,18.175279
,3301.45,3356.76,3297.97,3341.95,3341.95,104766399,149249335425.5,0.983591,0.988444,14.017092,11.108098,8.656815,0.431857,10.284543,-0.865809,-5.2044,16.725731
,3342.03,3356.91,3335.62,3345.63,3345.63,96519083,135885323083,0.110055,0.110115,13.793636,10.922619,8.656815,-0.223456,10.202804,-0.552691,-5.732036,17.284509
,3344.26,3375.96,3343.71,3356.97,3356.97,105571110,143421671337.3,0.338376,0.33895,13.874902,10.775156,9.010199,0.081266,10.230397,-0.980372,-5.698863,17.169174
,3361.64,3362.33,3321.64,3332.7,3332.7,101668331,137910585091.6,-0.7256,-0.722973,12.045879,10.61408,5.626722,-1.829023,10.760503,-0.824647,-4.187024,17.983299
,3322.91,3339.44,3307.99,3321.64,3321.64,89954751,130005992563.3,-0.332415,-0.331863,11.935441,10.550944,5.703859,-0.110438,10.826148,-1.063547,-3.697976,15.168414
,3322.87,3327.7,3305.25,3313.14,3313.14,100366504,147702791560.6,-0.256226,-0.255898,11.845767,10.539712,5.837988,-0.089674,10.995216,-1.076053,-3.0766,14.968054
,3305.93,3336.24,3305.64,3327.19,3327.19,89525774,132680886499.7,0.423172,0.424069,11.91536,10.57134,5.837988,0.069593,19.049216,-0.173269,0.740223,14.339114
,3330.72,3336.53,3311.57,3324.22,3324.22,93990772,139070603958,-0.089304,-0.089265,11.809771,10.55632,6.130165,-0.105588,19.704465,-1.797223,2.299027,16.154499
,3315.69,3320.57,3299.56,3305.33,3305.33,95808157,129755962864.4,-0.569874,-0.568254,11.774628,10.566702,6.104398,-0.035143,24.129705,-0.969795,7.009211,15.837689
,3298.91,3305.35,3274.59,3286.5,3286.5,92696650,135982310964.6,-0.571315,-0.569686,8.413449,10.440097,5.87838,-3.36118,27.731842,-1.050378,11.950375,17.539566
,3273.54,3290.79,3269.53,3277.68,3277.68,130702333,174340106392.6,-0.268731,-0.268371,8.258742,10.406076,5.882727,-0.154707,38.30299,-0.609601,20.361108,18.597954
,3273.75,3351.63,3273.65,3321.43,3321.43,188695443,268376041210.9,1.325956,1.334786,9.332961,10.838449,5.491753,1.074219,41.846566,-2.749541,24.795783,17.379853
,3307.54,3307.76,3264.76,3265.01,3265.01,147612353,194409996348.3,-1.713259,-1.698666,10.240939,11.289979,7.181968,0.907978,50.84063,-2.231757,19.196553,18.551908
,3261.74,3281.59,3261.19,3273.43,3273.43,122897306,155089488535.3,0.257554,0.257886,10.322273,11.217279,7.174073,0.081335,50.773237,-2.401343,19.990334,18.065882
,3253.9,3272.99,3249.98,3252.16,3252.16,104832482,140070063076.9,-0.651897,-0.649777,10.498635,11.261886,6.84907,0.176361,52.25661,-2.051238,17.8362,20.023732
,3252.96,3266.88,3247.17,3257.76,3257.76,97109450,134618198893.7,0.172045,0.172193,10.53757,11.253926,6.84907,0.038935,52.298589,-2.652938,19.554251,19.68619
,3261.15,3274.81,3231.07,3231.35,3231.35,88400417,121541545905.7,-0.813984,-0.81068,10.79485,11.276077,6.879693,0.25728,53.564603,-2.256535,17.672778,21.230376
,3214.8,3222.93,3180.93,3192.95,3192.95,108673069,146516054460.5,-1.195475,-1.188358,11.412688,11.47676,7.097141,0.617838,53.312337,-0.689511,18.233461,22.25527
,3193.46,3205.1,3171.79,3195.76,3195.76,97290078,133610476131.5,0.087968,0.088006,11.33814,11.453769,7.097141,-0.074548,53.739644,0.008761,17.007132,23.156917
,3187.05,3197.34,3174.03,3186.13,3186.13,102482110,141513837135.3,-0.301792,-0.301337,11.16179,11.439639,7.262292,-0.17635,54.381598,0.467187,20.861793,21.064124
,3189.43,3201.55,3171.88,3172.47,3172.47,92868657,136387244637.1,-0.429655,-0.428733,10.284543,11.394512,7.005651,-0.877247,54.18991,1.261992,21.545124,20.949739
,3174.03,3188.91,3159.25,3159.25,3159.25,88336677,137448911397.4,-0.417581,-0.41671,10.202804,11.405772,6.779728,-0.081739,53.941111,5.919567,22.53486,21.627472
,3158.82,3179.9,3145.79,3171.01,3171.01,84722814,123452147968.9,0.371549,0.37224,10.230397,11.432024,6.779728,0.027593,53.937887,7.017518,22.552418,21.761015
,3178.4,3213.84,3149.79,3196.04,3196.04,125439272,181785109712.7,0.786239,0.789338,10.760503,11.56202,7.029392,0.530106,54.52091,10.371588,20.642913,21.065301
,3192.43,3207.99,3173.22,3201.05,3201.05,118064098,163985054956.9,0.156634,0.156756,10.826148,11.465019,7.232892,0.065645,54.439255,14.584804,21.186069,20.458532
,3200.87,3230.16,3198.02,3212.76,3212.76,95344855,143876166860.9,0.36515,0.365817,10.995216,11.438166,7.360131,0.169068,54.47128,22.361655,21.01636,20.241703
,3244.65,3351.97,3222.49,3351.91,3351.91,204072217,307879526847.5,4.239995,4.331167,19.049216,14.505531,7.360131,8.054,53.57123,23.882292,15.774684,17.267819
,3403.7,3465.49,3393.44,3401.53,3401.53,241564255,356862584939.5,1.4695,1.48035,19.704465,14.800373,7.134617,0.655249,53.831869,15.100303,13.404243,15.847006
,3399.32,3545.32,3391.68,3545.32,3545.32,243134010,373983643044.8,4.140309,4.227215,24.129705,17.092829,7.532061,4.42524,52.271114,12.011328,9.304805,11.753103
,3617.92,3708.5,3596.58,3703.68,3703.68,265487774,466692757481.8,4.36985,4.466734,27.731842,19.250618,8.005625,3.602137,50.204056,4.835447,4.908738,7.221366
,3846.65,4038.7,3796.5,4017.85,4017.85,510217707,862528807419.2,8.142001,8.482644,38.30299,25.279125,8.051132,10.571148,40.998125,-1.416458,-1.835882,-0.46901
,4450.37,4450.37,4094.35,4256.1,4256.1,589867894,1130387437130.1,5.760631,5.929788,41.846566,27.635576,8.051132,3.543576,36.17348,-9.872546,-5.097801,-7.846524
,4168.84,4197.6,3942.51,3955.98,3955.98,482269295,1029032062193.4,-7.312489,-7.051526,50.84063,31.71453,40.350202,8.994064,24.858639,-3.19485,1.711765,-3.487323
,3979.61,4098.5,3912.77,3997.79,3997.79,395053099,717952217512.6,1.051335,1.056881,50.773237,31.707705,40.350202,-0.067393,26.714743,-5.384546,3.632994,-5.729894
,3969.76,3978.24,3847.12,3887.17,3887.17,274096505,484998267295.6,-2.806032,-2.767029,52.25661,32.302818,40.319059,1.483372,24.738094,0.974356,5.42929,-3.087963
,3915.22,3979.54,3868.78,3961.34,3961.34,307578993,534076602215.5,1.890097,1.908072,52.298589,32.43187,40.319059,0.041979,24.04569,-0.662065,4.196863,-4.260549
,3942.53,3967.87,3855.99,3855.99,3855.99,242486448,434410916723.5,-2.695457,-2.659454,53.564603,32.978219,39.773678,1.266013,22.079153,2.605548,5.787508,-1.746759
,3806.14,3877.75,3805.09,3831.59,3831.59,218866407,377301324426.4,-0.634792,-0.632782,53.312337,33.019757,40.483924,-0.252265,21.829391,3.629447,7.035969,-1.35876
,3853.84,3882.07,3787.75,3788.22,3788.22,212313820,369170521634.5,-1.138361,-1.131906,53.739644,33.111393,37.855838,0.427307,22.480042,3.644542,6.425438,-1.482336
,3780.31,3998.21,3765.16,3925.23,3925.23,312958834,620673701894.1,3.55287,3.616738,54.381598,33.844774,39.227608,0.641954,20.148401,0.791463,1.104639,-5.302678
,3946.9,3979.26,3896.17,3935.2,3935.2,291185634,600109598949.1,0.253676,0.253998,54.18991,33.836722,40.758513,-0.191688,20.216209,0.733227,0.385007,-2.956993
,3923.74,3965.91,3917.52,3957.78,3957.78,223433396,442881846813.7,0.572156,0.573795,53.941111,33.839408,41.814902,-0.248799,20.254155,-0.840609,0.481684,-4.172748
,3955.32,4012.18,3939.1,3973.21,3973.21,245873949,469120806272.1,0.389107,0.389865,53.937887,33.793025,41.814902,-0.003224,20.223014,-2.130657,0.315619,-4.447327
,3950.9,3957.98,3914.09,3928.83,3928.83,174724062,340486884485.3,-1.123266,-1.116981,54.52091,33.549736,39.16615,0.583023,19.770147,-0.96652,1.527411,-3.00985
,3931.32,3992.89,3921.94,3956.42,3956.42,210694885,412231378430.4,0.69979,0.702245,54.439255,33.515902,39.16615,-0.081654,22.665404,-1.692528,-2.31968,-3.255833
,3953.11,3964.16,3917.2,3964.16,3964.16,216160415,390450182338,0.19544,0.195631,54.47128,33.474833,39.16615,0.032025,22.664751,-0.490586,-2.971706,-3.374795
,3970.01,3991.31,3921.58,3924.65,3924.65,217293984,429625020404.8,-1.00168,-0.99668,53.57123,33.573755,37.046172,-0.90005,22.442408,3.009807,-2.175793,-3.306063
,3904.16,3926.06,3864.31,3889.45,3889.45,219436626,385010582233.2,-0.900942,-0.896895,53.831869,33.616897,35.298213,0.260639,23.13906,3.407825,0.451229,-2.228297
,3888.42,3923.9,3859.11,3891.04,3891.04,300636718,515533818945,0.040871,0.04088,52.271114,33.571573,35.298213,-1.560755,23.362494,6.339518,-0.476327,-1.506521
,3882.46,3933.22,3879.96,3890.02,3890.02,307986481,476472952028.3,-0.026218,-0.026214,50.204056,33.341953,34.967496,-2.067058,23.719043,5.355999,0.680453,-1.892857
,3897.71,3944.76,3891.21,3944.76,3944.76,229239060,381048606068.1,1.397382,1.407191,40.998125,33.380281,34.967496,-9.205931,23.35098,4.616286,0.072728,-3.868262
,3937.62,4046.7,3925.41,4044.57,4044.57,316862794,580971852723.7,2.498712,2.530192,36.17348,33.59112,34.967496,-4.824645,21.425524,1.012762,-2.31813,-5.116617
,4051.29,4091.7,4002.5,4024.28,4024.28,335807938,639124093911.8,-0.502923,-0.50166,24.858639,33.484598,14.994089,-11.314842,21.435124,2.129354,-2.35641,-3.324301
,3987.27,4146.15,3984.67,4145.7,4145.7,341436414,658145920948.1,2.972564,3.017186,26.714743,33.918327,14.994089,1.856105,18.059964,-2.592102,-5.557447,-6.082334
,4192.08,4200.91,4094.16,4104.05,4104.05,332350385,688446559772.2,-1.009736,-1.004655,24.738094,34.024845,11.566915,-1.97665,18.675459,-3.350295,-3.241758,-5.533019
,4066.93,4132.51,4048.04,4131.13,4131.13,289594227,625605935910,0.657669,0.659836,24.04569,34.025062,11.566915,-0.692404,18.423103,-4.47392,-4.064924,-5.249504
,4133.35,4181.71,4060.79,4085.74,4085.74,297778086,660380524820.6,-1.104811,-1.098731,22.079153,34.12762,5.925079,-1.966537,18.383516,-2.700276,-2.22991,-4.520923
,4059.59,4121.07,4059.59,4110.89,4110.89,240484099,512734303119.4,0.613669,0.615556,21.829391,34.115162,6.214984,-0.249762,18.18289,-3.090903,-3.01416,-4.271013
,4101.22,4118.17,4034.94,4039.62,4039.62,230152784,464157560755.1,-1.748892,-1.733688,22.480042,34.385914,7.937243,0.650651,17.578796,-1.253485,-0.275653,-2.309349
,4025.65,4049.07,3968.83,3968.83,3968.83,247399463,474079686588.2,-1.767929,-1.752393,20.148401,34.582958,8.655105,-2.331641,18.523525,-2.632856,-0.902308,-1.422322
,3982.1,4034.06,3931.19,3950.38,3950.38,306777946,472408054830.7,-0.465956,-0.464873,20.216209,34.588691,8.622225,0.067808,18.54911,-2.623486,-0.980393,-0.259045
,3954.6,3979.15,3896.75,3976.89,3976.89,242946465,402610970340.1,0.668833,0.671075,20.254155,34.596006,8.622225,0.037946,18.39543,-3.498087,-1.389073,-1.214062
,3966.12,4001.08,3958.34,3985.77,3985.77,184599372,347577693099.5,0.223041,0.22329,20.223014,34.596097,8.622225,-0.031141,18.481953,-1.995046,-1.107021,-0.184074
,3979.46,3999.57,3966.07,3989.3,3989.3,166125927,324235010779,0.088526,0.088565,19.770147,34.534583,9.097337,-0.452868,18.482161,-2.970257,-1.105023,-0.492021
,3984.24,3990.26,3865.7,3865.7,3865.7,216285809,397566831847.8,-3.1473,-3.098288,22.665404,35.229486,13.981848,2.895258,14.561189,1.307605,1.592142,1.538916
,3875.61,3889.71,3812.32,3848.09,3848.09,190702953,349006773180.1,-0.456586,-0.455545,22.664751,35.244241,13.693999,-0.000653,14.423418,2.553848,2.197049,2.865195
,3836.26,3875.23,3833.28,3840.18,3840.18,149892441,264403254830,-0.205768,-0.205557,22.442408,35.254569,14.356261,-0.222343,14.933488,2.86747,3.668928,3.277319
,3829.34,3907.16,3817.91,3907.04,3907.04,174136096,320632355477,1.726081,1.741064,23.13906,35.378457,15.115699,0.696653,13.777569,0.600186,1.991534,-0.435804
,3904.25,3908.39,3866.01,3872.55,3872.55,150117291,286432871223.5,-0.886685,-0.882765,23.362494,35.416489,14.359668,0.223434,13.280824,1.258398,2.924625,0.410256
,3869.89,3962.7,3869.89,3916.58,3916.58,187656713,375262017919.2,1.130562,1.136977,23.719043,35.416793,14.075446,0.356549,12.793784,1.433789,1.632176,-0.803921
,3909.7,3955.13,3902.17,3947.63,3947.63,197289784,368591235990.8,0.789657,0.792783,23.35098,35.411599,14.075446,-0.368063,12.600467,0.478634,1.294143,-1.148009
,3946.7,3963.95,3922.84,3951.89,3951.89,182496867,327295048700.8,0.107855,0.107913,21.425524,35.350267,14.075446,-1.925457,13.938407,1.100982,-0.430594,0.110013
,3948.13,3957.37,3917.75,3930.56,3930.56,174626318,312040419081.5,-0.541204,-0.539742,21.435124,35.147652,14.028954,0.0096,17.344698,1.471605,-2.842678,0.341606
,3916.56,3936.34,3910.08,3921.59,3921.59,138534038,257716297996.5,-0.228473,-0.228212,18.059964,35.164812,13.996218,-3.375159,17.740424,2.689691,-3.805442,0.183685
,3923.9,3995.12,3923.9,3973.14,3973.14,192057907,351751735425,1.305953,1.314518,18.675459,35.167098,14.751513,0.615495,16.840621,-1.010846,-5.275496,-0.801565
,3970.66,3995.51,3948.42,3966.57,3966.57,175959958,308227216702.9,-0.165497,-0.16536,18.423103,35.180527,14.628299,-0.252356,17.196881,-1.389389,-4.392488,-0.99674
,4094.05,4098.38,3988.97,3995.64,3995.64,253463795,487278042807,0.730203,0.732875,18.383516,35.108676,15.402603,-0.039587,16.82958,-1.859439,-5.304357,-2.126238
,3988.02,4005.33,3977.35,3988.83,3988.83,177252846,310713317895.4,-0.170581,-0.170436,18.18289,34.978087,15.094516,-0.200626,16.82607,-1.183765,-5.380569,0.443506
,3987.15,4031.74,3981.35,4028.5,4028.5,181621777,333667518401.4,0.989614,0.994527,17.578796,34.995738,15.179419,-0.604094,16.486941,-2.082855,-7.632121,-0.790256
,4000.99,4000.99,3931.74,3933.18,3933.18,230353079,421478609274,-2.394584,-2.366141,18.523525,35.431508,16.557527,0.944729,14.671336,-0.138406,-5.505009,1.877424
,3930.78,3938.76,3901.65,3911.84,3911.84,178511251,327619081581.3,-0.544041,-0.542564,18.54911,35.443047,16.509237,0.025585,17.813922,0.553956,-2.361608,2.482578
,3908.13,3955.95,3908.13,3922.03,3922.03,160939090,306037370846.7,0.260153,0.260491,18.39543,35.407622,16.509237,-0.15368,17.848238,1.559915,-3.265359,1.341286
,3934.54,3956.14,3933.97,3941.89,3941.89,157738321,276825381224.3,0.505093,0.50637,18.481953,35.408859,16.509237,0.086523,17.707548,1.103509,-3.655924,-0.692161
,3911.89,3954.35,3899.75,3945.46,3945.46,161081040,321771606933.4,0.090525,0.090566,18.482161,35.402019,16.509237,0.000208,17.771029,1.05939,-3.432238,-0.269279
,3937.47,3958.63,3923.26,3927.74,3927.74,154986496,332143276397.7,-0.450135,-0.449124,14.561189,35.438075,10.607833,-3.920972,17.872509,1.347638,-2.528295,0.11603
,3928.15,3965.85,3928.15,3933.57,3933.57,190067362,354063425208.7,0.148321,0.148431,14.423418,35.440229,11.217292,-0.137771,17.859676,1.650942,-2.600138,-0.361904
,3934.94,3985.86,3934.73,3983.69,3983.69,161494589,310384873294.2,1.266111,1.274161,14.933488,34.554478,11.697337,0.51007,17.276001,-1.232052,-4.799198,-1.295606
,3987.96,4007.76,3969.48,3985.63,3985.63,159390747,299295145793.1,0.048687,0.048699,13.777569,34.469524,11.697337,-1.15592,17.31035,-4.234026,-4.67106,-1.783664
,3981.73,3991.53,3965.55,3987.48,3987.48,143425286,305769929402.7,0.046406,0.046417,13.280824,33.510945,12.547246,-0.496745,17.647408,-5.471669,-3.954819,-2.544205
,3987.02,4007.13,3970.94,3981.03,3981.03,169268666,345011075199,-0.161887,-0.161756,12.793784,32.36751,11.925021,-0.487039,17.663078,-5.473883,-4.205485,-2.3728
,3976.7,4005.78,3976.7,3999.05,3999.05,164612485,322699390191.8,0.451625,0.452647,12.600467,27.732241,11.925021,-0.193317,17.528954,-5.207997,-5.235134,-2.909088
,3995.87,4004.35,3934.91,3934.91,3934.91,183928397,347880439530.4,-1.616882,-1.603881,13.938407,25.182086,12.42638,1.337939,17.54373,-3.772782,-2.367894,-1.88323
,3931.82,3934.2,3796.34,3820.4,3820.4,217898724,388636586639.3,-2.953288,-2.910105,17.344698,21.130935,17.136025,3.406292,14.681289,-1.066287,1.874788,-6.235893
,3825.24,3835.94,3767.67,3775.16,3775.16,175342676,304322755435.9,-1.191236,-1.184169,17.740424,21.127826,16.580743,0.395726,13.875287,-1.136987,3.280555,-3.35074
,3775.99,3788.85,3743.07,3768.97,3768.97,150946670,262803541116.2,-0.164101,-0.163967,16.840621,20.359957,16.283329,-0.899803,14.007467,-1.240358,2.984235,-2.204559
,3760.87,3797.6,3749.06,3796.11,3796.11,146455779,266855795347.4,0.71751,0.720091,17.196881,20.021356,16.583149,0.35626,14.149606,0.641492,3.207908,-1.619691
,3781.26,3810.74,3731.19,3789.22,3789.22,169166968,300965725432.7,-0.181667,-0.181502,16.82958,19.262357,16.260835,-0.367301,14.228623,0.179559,3.013344,-1.02657
,3780.73,3795.26,3768.68,3779.88,3779.88,129794002,251486002819.8,-0.246793,-0.246489,16.82607,19.226627,16.158419,-0.00351,14.362512,0.54088,4.123716,-0.550206
,3778.89,3786.81,3732.48,3732.48,3732.48,137523171,275354209064.3,-1.261937,-1.254008,16.486941,19.258897,15.384195,-0.339129,13.276028,2.117028,5.598424,0.767314
,3704.44,3737.89,3704.11,3722.51,3722.51,136446199,247861953196.7,-0.267472,-0.267115,14.671336,17.760934,13.872378,-1.815605,13.780473,2.838308,4.984995,1.342456
,3728.56,3826.64,3718.88,3820.54,3820.54,170664657,345461480063.6,2.59936,2.633438,17.813922,18.585321,14.541312,3.142586,10.812606,0.315426,3.082956,-1.272809
,3810.04,3816.83,3790.17,3796.03,3796.03,141475520,278850595531.7,-0.643599,-0.641532,17.848238,18.5787,13.830271,0.034317,10.533692,0.026076,3.44037,-0.621257
,3812.19,3842.95,3776.29,3800.38,3800.38,144505871,305734630771.3,0.114528,0.114593,17.707548,18.558258,13.830271,-0.140691,11.205105,0.088373,4.578872,-0.408688
,3788.37,3831.64,3780.21,3812.34,3812.34,126621961,265437489593.6,0.314211,0.314705,17.771029,18.444637,13.830271,0.063481,11.310854,0.536809,4.045239,-0.747474
,3835.3,3858.67,3821.98,3829.68,3829.68,139581277,292175449108.6,0.453807,0.454839,17.872509,18.408773,14.424486,0.10148,12.186993,-0.329552,2.475069,-1.123879
,3850.36,3850.91,3817.12,3832.61,3832.61,141218406,285073351693.4,0.076478,0.076508,17.859676,18.403494,14.424486,-0.012833,12.468194,-0.984054,3.268284,-1.266925
,3823.94,3823.94,3783.14,3797.02,3797.02,137255062,298745637551.4,-0.932948,-0.92861,17.276001,18.388946,13.687704,-0.583675,11.776123,1.199253,4.407588,-0.264504
,3829.05,3864.26,3801.85,3803.74,3803.74,180569551,345198071113.9,0.176824,0.176981,17.31035,18.309686,13.687704,0.034349,14.148297,2.311821,2.243722,-0.58323
,3793.85,3847.6,3793.48,3832.86,3832.86,148971722,296474375469.1,0.762647,0.765562,17.647408,18.382427,13.687704,0.337059,13.944335,1.763705,1.44045,-1.518969
,3836.96,3852,3817.08,3817.08,3817.08,146670772,282940127540.6,-0.412553,-0.411703,17.663078,18.399569,13.408476,0.01567,13.84123,1.715837,1.769388,-1.225955
,3844.7,3844.7,3785.16,3795.08,3795.08,157168308,346016202025.2,-0.578024,-0.576357,17.528954,18.18848,12.868032,-0.134124,13.663253,3.235045,2.792982,0.354042
,3789.61,3843.49,3788.32,3842.83,3842.83,167288176,371891971101.4,1.250358,1.258208,17.54373,17.607739,12.916867,0.014776,13.793337,1.608456,2.9085,-0.291877
,3844.06,3919.35,3833.87,3892.7,3892.7,221857707,487381557078.2,1.289393,1.297742,14.681289,17.808148,6.555924,-2.862442,13.189003,1.182642,1.309497,-1.027689
,3898.1,3906.37,3878.83,3901.06,3901.06,188903040,384968342874.3,0.214531,0.214761,13.875287,16.665505,5.968061,-0.806001,13.271164,1.180882,0.708572,-1.417306
,3905.16,3905.16,3872.91,3883.14,3883.14,166574909,337866056115.9,-0.460421,-0.459362,14.007467,16.575402,5.604772,0.132179,13.173366,0.760401,1.489696,0.192185
,3875.96,3920.72,3867.35,3919.86,3919.86,164228540,354830596297.9,0.941183,0.945626,14.149606,16.640243,5.604772,0.142139,12.843766,0.516539,0.18784,-0.603882
,3913.9,3939.2,3904.98,3905.14,3905.14,172485874,376473453306.6,-0.37623,-0.375524,14.228623,16.516524,5.283022,0.079018,12.853209,0.606585,0.164775,0.970148
,3900.83,3942.04,3900.83,3939.01,3939.01,172976452,360974236854.4,0.863579,0.867318,14.362512,16.568911,5.245965,0.133889,15.157735,0.996036,1.70036,-0.810842
,3954.41,3955.9,3921.7,3947.4,3947.4,213588246,430929575563.2,0.212771,0.212998,13.276028,16.204232,3.481341,-1.086485,15.19339,0.563843,1.24344,-1.488194
,3942.58,3965.42,3901.87,3912.78,3912.78,209425101,400186229940.7,-0.880902,-0.877033,13.780473,15.89897,3.524781,0.504445,14.790197,0.328382,2.397438,-0.914777
,3906.22,3943.67,3904.15,3940.16,3940.16,182829517,363680372562.7,0.697321,0.699758,10.812606,15.939449,3.524781,-2.967867,14.632318,0.500754,1.76123,-1.071412
,3934.65,3940.68,3916.18,3928.9,3928.9,163895236,325972429362.6,-0.286184,-0.285775,10.533692,15.88726,4.009629,-0.278913,14.98236,0.993294,1.166274,-0.319173
,3938.05,3981.05,3927.79,3978.44,3978.44,227400330,504645493577.1,1.253029,1.260913,11.205105,16.093514,4.009629,0.671413,15.290518,-2.246777,-1.615108,-1.636313
,3972.48,3995.95,3949.23,3969.72,3969.72,220810618,455088749684.5,-0.219422,-0.219181,11.310854,16.098402,4.178095,0.105749,15.423068,-2.06798,-0.88228,-2.227553
,3933.64,3955.43,3915.65,3925.65,3925.65,178108580,377981451250.4,-1.116362,-1.110154,12.186993,14.900402,5.028739,0.876139,14.896127,-1.035233,0.169255,-1.683626
,3931.84,3960.33,3925.37,3959.94,3959.94,191062501,386458193762.6,0.869693,0.873486,12.468194,14.964837,5.028739,0.281201,14.581465,-1.459356,-1.03005,-3.091277
,3961.06,3973.93,3933.46,3968.12,3968.12,202887963,428272792667.6,0.206356,0.206569,11.776123,14.958849,4.898106,-0.692071,14.61785,-0.299835,-0.903996,-3.379971
,3950.19,3972.48,3886.4,3890.05,3890.05,198104147,420308043450.1,-1.987042,-1.96743,14.148297,15.121407,8.917417,2.372174,12.811782,1.377596,0.643674,-0.809167
,3899.7,3930,3872.59,3888.47,3888.47,177623166,356057735014,-0.040625,-0.040616,13.944335,15.010246,9.039052,-0.203962,13.08274,1.031827,-0.029836,-1.24835
,3865.99,3890.42,3855.73,3885.22,3885.22,149850967,297739246802.3,-0.083615,-0.08358,13.84123,14.827138,9.409729,-0.103105,13.079163,1.436145,0.063297,-0.858452
,3887.8,3906.42,3877.02,3902.57,3902.57,158652751,290860484504.9,0.44557,0.446564,13.663253,14.764174,9.979441,-0.177977,12.976304,0.629903,-0.466935,-0.870644
,3923.38,3964.49,3917.08,3956.24,3956.24,193960915,397419427642.7,1.365877,1.375248,13.793337,15.033048,9.979441,0.130084,12.021728,-1.135269,-2.423837,-2.008799
,3944.91,3967.07,3935.05,3944.01,3944.01,166732375,340626700285.5,-0.309611,-0.309132,13.189003,15.004782,9.525345,-0.604334,28.217807,1.573505,-9.420177,-1.791557
,3945.58,3949.14,3905.13,3928.8,3928.8,152765232,292574987480.9,-0.386394,-0.385648,13.271164,15.018792,9.082012,0.082161,29.247954,1.71575,-7.339867,-1.11467
,3890.43,3941.42,3889.43,3941.42,3941.42,144754402,287480453119.8,0.320703,0.321218,13.173366,14.787681,9.557699,-0.097798,29.546898,1.668144,-6.67849,-1.945779
,3946.86,3953.61,3921.47,3927.23,3927.23,156732190,309627267364.8,-0.360672,-0.360023,12.843766,14.80166,9.121703,-0.3296,30.111252,2.089929,-5.01544,-0.833566
,3925.74,3939.29,3897.38,3911.58,3911.58,156536443,295173112579.6,-0.399296,-0.3985,12.853209,14.73912,9.111309,0.009442,30.195621,1.608085,-4.204689,-0.496683
,3919.62,4014.16,3919.62,4006.56,4006.56,216139003,450895278803,2.399163,2.428175,15.157735,15.556673,9.111309,2.304526,28.651547,-2.319432,-6.374281,-3.618352
,4020.64,4021.73,3992.26,3996.79,3996.79,162202911,318904417418.3,-0.244148,-0.24385,15.19339,15.428911,8.80097,0.035654,28.681631,-1.561878,-6.074551,-3.12556
,4011.78,4016.87,3995.96,4007.72,4007.72,140208496,292739319544.6,0.273096,0.273469,14.790197,14.617533,9.041231,-0.403193,28.691114,-1.8998,-6.039977,-3.486981
,4004.83,4025.3,3989.51,4010.17,4010.17,144419428,286075300795.3,0.061113,0.061132,14.632318,14.568329,9.041231,-0.157879,28.679487,-2.290526,-6.116995,-3.429571
,4011.06,4012.04,3969.93,3974.99,3974.99,133754670,260020676825.8,-0.88114,-0.87727,14.98236,14.682438,9.144575,0.350043,28.61652,-1.076976,-5.227902,-3.37455
,3966.51,3983.15,3904.77,3914.7,3914.7,165905294,309348613935.4,-1.528353,-1.516733,15.290518,14.985166,9.808306,0.308157,28.282958,0.012005,-3.372452,-1.753866
,3916.11,3938.18,3907.2,3934.85,3934.85,152234674,266051442612.7,0.513406,0.514727,15.423068,15.022482,10.059579,0.13255,28.175156,-1.215536,-3.910432,-1.974977
,3937.9,3946.36,3921.53,3932.3,3932.3,140475399,239246310985.8,-0.064827,-0.064806,14.896127,14.994388,10.13472,-0.526942,28.188427,-1.141192,-3.768204,-0.721514
,3930.21,3942.03,3916.86,3919.36,3919.36,131164187,220943164486.2,-0.329612,-0.32907,14.581465,15.006445,9.726409,-0.314661,28.186415,-0.896242,-3.505159,1.033333
,3911.38,3952.99,3903.65,3932.41,3932.41,126793738,232173613774,0.332409,0.332963,14.61785,14.78879,9.726409,0.036385,28.139016,-1.819676,-3.768096,0.345501
,3930.78,3934.23,3907.38,3915.17,3915.17,126356214,213379194289.3,-0.439372,-0.438408,12.811782,14.812688,6.564441,-1.806069,28.123636,-8.686255,-3.470626,0.168178
,3905.98,3928.45,3872.4,3887.31,3887.31,166798523,268480316572.3,-0.714135,-0.711591,13.08274,14.877852,6.390582,0.270958,28.051178,-6.278204,-2.929583,1.24679
,3892.78,3905.26,3882.4,3887.68,3887.68,140380274,246041674670.2,0.009518,0.009518,13.079163,14.876119,6.374811,-0.003578,28.045399,-5.305642,-3.05864,1.406841
,3884.42,3900.49,3877.16,3884.39,3884.39,113043175,198267515342.4,-0.084662,-0.084626,12.976304,14.841049,6.389102,-0.102859,28.344135,-3.918601,-1.972004,1.514834
,3843.42,3883.7,3843.42,3861.5,3861.5,142599789,263684681545.1,-0.591025,-0.589282,12.021728,14.523514,6.137122,-0.954575,28.386294,-2.916121,-0.776541,2.722412
,3675.2,3707.78,3514.12,3589.44,3589.44,312578586,512971787744.6,-7.305951,-7.045449,28.217807,19.978654,30.567,16.196078,8.308418,4.619401,7.082991,10.383823
,3597.99,3650.76,3583.87,3650.76,3650.76,280197312,464021087837.5,1.693916,1.708344,29.247954,20.181925,31.767107,1.030147,6.827967,2.981067,5.213988,8.261336
,3606.1,3686.79,3587.34,3686.79,3686.79,262305708,455031069289.8,0.98208,0.986918,29.546898,20.292063,31.767107,0.298944,7.082936,2.306657,5.38098,8.115063
,3749.13,3756.14,3708.82,3735.12,3735.12,227252227,403842564855.5,1.302379,1.310896,30.111252,20.419914,33.1043,0.564354,5.943194,0.988374,4.223717,6.63621
,3730.31,3762.37,3708.46,3750.52,3750.52,168759691,318535141904.4,0.411455,0.412303,30.195621,20.436897,34.649469,0.084369,6.876771,0.584872,5.010062,6.690173
,3772.04,3776.63,3754.03,3759.14,3759.14,164462403,292571297039.1,0.229571,0.229835,28.651547,20.437347,34.649469,-1.544074,8.031375,0.682397,3.86308,6.579982
,3756.48,3764.49,3737.85,3761.23,3761.23,134006040,228604621375.8,0.055582,0.055598,28.681631,20.270081,36.296603,0.030084,8.355261,0.602241,3.342917,6.59561
,3757.88,3775.17,3721.6,3772.82,3772.82,156359006,261711094768.5,0.30767,0.308144,28.691114,20.270387,36.296603,0.009483,8.502081,0.371973,2.727762,6.322531
,3755.09,3779.13,3749.5,3772.22,3772.22,122371002,209012323066.2,-0.015904,-0.015903,28.679487,19.545936,34.847526,-0.011628,8.598853,0.32131,3.284352,6.042906
,3760.04,3782.04,3754.41,3772.52,3772.52,102948509,173109384097.2,0.007953,0.007953,28.61652,19.502885,36.914565,-0.062967,8.642082,0.38283,3.742454,6.713669
,3768.14,3790.18,3763.14,3784.88,3784.88,121355730,208085677382.1,0.327097,0.327632,28.282958,19.513561,39.417757,-0.333562,8.669566,-0.086169,3.351247,6.981158
,3780.11,3799.23,3778.08,3783.95,3783.95,125688257,210200698793.7,-0.024574,-0.024571,28.175156,19.502104,37.386868,-0.107801,9.324901,-0.234686,2.56516,7.670261
,3803.43,3807.95,3780.52,3786.88,3786.88,131986870,247117386122.1,0.077402,0.077432,28.188427,19.478909,39.459863,0.013271,9.65149,-0.431628,1.915322,8.405824
,3787.46,3807.26,3775.21,3784.36,3784.36,117164560,205483051375,-0.066568,-0.066546,28.186415,19.478129,39.692826,-0.002012,9.898533,0.636913,1.443932,8.492055
,3792.08,3801.58,3780.78,3786.99,3786.99,124591133,220535052619.3,0.069472,0.069497,28.139016,19.385814,39.692826,-0.047399,9.913743,1.171879,1.292121,9.130547
,3786.39,3792.01,3772.8,3781.62,3781.62,125145091,210635318523.2,-0.141902,-0.141801,28.123636,19.384092,39.920432,-0.015381,10.047,1.867362,2.017785,8.743703
,3776,3785.32,3768.03,3775.08,3775.08,111514694,197462744362.5,-0.173091,-0.172942,28.051178,19.319594,40.231803,-0.072458,10.215511,1.865367,1.711069,9.126404
,3775.83,3787.56,3768.76,3770.57,3770.57,143681658,244820462217.6,-0.119539,-0.119468,28.045399,19.303835,37.954425,-0.005779,10.213948,3.133977,2.136891,9.636878
,3794.38,3809.09,3782.78,3808.54,3808.54,158520459,267937090757.4,1.001973,1.00701,28.344135,19.380328,40.202127,0.298737,9.741527,2.277121,1.568296,8.616117
,3861.58,3863.68,3814.99,3831.63,3831.63,161172299,286010735453.4,0.604439,0.606269,28.386294,19.247931,43.304208,0.042159,9.56185,2.870481,1.191579,6.172522
,3820.55,3867.33,3816.26,3852.9,3852.9,124959833,246987280587.7,0.553581,0.555116,8.308418,19.095069,1.023625,-20.077876,9.392644,1.399489,0.545629,5.110731
,3848.62,3853.66,3836.53,3846.16,3846.16,119389526,216697939671.7,-0.175086,-0.174933,6.827967,19.091574,1.064046,-1.480451,9.404984,1.109995,1.011208,5.673973
,3866.53,3890.73,3859.03,3890.61,3890.61,153332460,296122947807.8,1.149071,1.155698,7.082936,19.21881,1.064046,0.254968,8.648479,-0.346561,-0.648268,5.326213
,3915.59,3915.59,3890.69,3896.26,3896.26,147320299,267586397719.9,0.145116,0.145221,5.943194,19.121866,1.064046,-1.139742,9.071142,0.049009,-0.041844,5.42547
,3894.84,3960.52,3890.65,3943.21,3943.21,172033779,319465226850.5,1.197799,1.205002,6.876771,19.264685,1.064046,0.933577,7.885759,-0.682735,-1.302056,4.256352
,3934.03,3936.47,3904.91,3907.2,3907.2,138081749,241464943553.6,-0.917411,-0.913215,8.031375,19.275834,4.679218,1.154604,7.632647,0.170565,-1.107151,4.937743
,3898.67,3903.85,3874.86,3889.09,3889.09,118405345,208835664039.2,-0.464581,-0.463503,8.355261,19.291849,4.588646,0.323885,7.544839,-0.175516,-0.393926,5.8287
,3882.57,3885.59,3866.57,3877.15,3877.15,98643414,184888170553.8,-0.307485,-0.307013,8.502081,19.218818,4.342266,0.14682,7.473736,-0.440467,-0.174765,6.652013
,3883.1,3911.47,3881.74,3898.17,3898.17,104885234,201636702521.8,0.540686,0.542151,8.598853,19.196681,4.409635,0.096773,7.207609,-1.519111,-0.596929,6.898552
,3899.44,3928.63,3899.44,3916.38,3916.38,109791343,217037739435,0.466055,0.467142,8.642082,19.213666,4.409635,0.043229,7.48266,-2.067504,-1.889103,6.354173
,3912.6,3923.02,3903.09,3913.87,3913.87,107597052,197511410270.8,-0.06411,-0.06409,8.669566,19.033997,4.278694,0.027484,7.511624,-1.419632,-1.732661,7.111724
,3910.37,3931.55,3882.27,3882.27,3882.27,120277419,232945378294.8,-0.810662,-0.807385,9.324901,19.09795,4.914945,0.655335,7.111215,-1.088777,-0.629704,8.800407
,3875.79,3884.54,3849.04,3860.11,3860.11,109601207,208876792148.9,-0.572435,-0.5708,9.65149,18.998939,4.811909,0.326589,8.023486,-0.210059,1.131367,8.993771
,3857.63,3865.43,3834.85,3839.4,3839.4,98572425,178466763540.9,-0.537958,-0.536513,9.898533,18.933745,4.646661,0.247043,9.054149,0.761277,3.09456,10.662554
,3843.07,3849.74,3833.96,3836.24,3836.24,89031026,162496372727.5,-0.082338,-0.082305,9.913743,18.926194,4.648616,0.015211,9.199703,1.071337,2.821476,11.134403
,3838.01,3869.79,3831.46,3858.7,3858.7,108471886,209459602501.2,0.583762,0.585469,10.047,18.535342,4.734549,0.133256,9.41783,0.395206,1.621019,12.626166
,3850.49,3858.61,3829.25,3840.23,3840.23,111672228,199389751071.1,-0.479808,-0.478659,10.215511,18.559925,4.616256,0.168512,9.225842,1.165507,2.465304,15.168164
,3833.46,3863.3,3832.72,3852.01,3852.01,131403090,226782772062.7,0.306283,0.306752,10.213948,18.571486,4.587386,-0.001563,9.202605,0.348819,2.32859,14.489086
,3855.49,3875.86,3855.49,3868.74,3868.74,116803873,211736178154.1,0.433378,0.434319,9.741527,18.570214,4.587386,-0.472422,9.130116,0.666981,1.918542,12.551842
,3872.64,3883.13,3861.27,3877.56,3877.56,122878184,231749275334.6,0.227722,0.227981,9.56185,18.35409,4.587386,-0.179677,9.307168,0.376846,2.307374,14.078985
,3878.1,3889.46,3869.39,3873.98,3873.98,110987971,202034736310.9,-0.092369,-0.092326,9.392644,18.345528,4.661239,-0.169205,9.310347,-0.25329,2.755203,14.907474
,3877.8,3894.65,3871.99,3885.25,3885.25,136306293,262023668465.5,0.290493,0.290915,9.404984,18.341788,4.738055,0.01234,9.501798,-0.295139,2.03614,15.214512
,3887.55,3897.46,3850.47,3865.47,3865.47,145563859,263647551794.8,-0.510405,-0.509105,8.648479,18.355204,4.510189,-0.756506,9.552844,0.126941,3.382351,14.986964
,3870.67,3911.61,3870.67,3894.63,3894.63,142414772,257217704405.4,0.75154,0.754371,9.071142,18.411691,4.510189,0.422663,9.368602,-0.506076,2.454337,13.551197
,3885.52,3900.04,3870.38,3892.2,3892.2,133998697,260239581458,-0.062413,-0.062394,7.885759,18.394508,4.635292,-1.185383,9.417486,-1.269782,2.982168,11.469175
,3881.49,3889.16,3853.82,3864.18,3864.18,172539536,309172346179.9,-0.722505,-0.719901,7.632647,17.750724,4.211767,-0.253112,8.840509,-0.454946,3.824052,14.347101
,3853.62,3876.17,3853.62,3873.8,3873.8,137341835,246860982863.3,0.248644,0.248953,7.544839,17.757654,4.401031,-0.087808,8.84765,-0.411294,3.64662,14.26087
,3875.18,3880.42,3860.41,3870.38,3870.38,122342526,220399818948.5,-0.088324,-0.088285,7.473736,17.744827,4.618783,-0.071103,8.808451,0.865666,3.769535,13.645899
,3871.65,3881.35,3854.66,3874.97,3874.97,127528621,230553858263.6,0.118523,0.118593,7.207609,17.746865,4.618783,-0.266127,8.973142,2.172378,3.355482,13.732293
,3870.05,3872.94,3834.95,3843.09,3843.09,130280658,234840180805.5,-0.826119,-0.822716,7.48266,17.736309,4.88307,0.275051,8.329248,2.643075,4.860317,16.841744
,3839.78,3856.48,3839.78,3846.64,3846.64,118151020,213522822874.5,0.092331,0.092374,7.511624,17.47077,4.801111,0.028964,8.399243,1.934049,5.362573,16.175433
,3831.17,3867.59,3827.08,3857.9,3857.9,133800892,232482215850.4,0.292295,0.292723,7.111215,17.447298,4.611508,-0.400409,8.516556,2.006231,5.734805,16.127421
,3862.39,3914.16,3862.39,3904.03,3904.03,163656188,294228720612.5,1.188636,1.195728,8.023486,17.625704,4.780458,0.912271,8.082229,0.987163,5.359135,14.724131
,3907.07,3963.04,3902.18,3960.07,3960.07,187213671,361727254624,1.425235,1.43544,9.054149,17.856049,5.008149,1.030663,6.860516,-0.41474,3.953563,13.908968
,3953.16,3964.48,3945.26,3946.02,3946.02,165316263,328102847495.6,-0.355423,-0.354792,9.199703,17.859832,4.691471,0.145555,6.761135,0.557235,5.016951,13.094983
,3949.79,3969.26,3918.2,3921.76,3921.76,194557913,343468229813.8,-0.616694,-0.614797,9.41783,17.882392,4.546445,0.218127,6.617135,1.52939,5.104899,13.796344
,3920.31,3940.36,3911.6,3936.08,3936.08,145170236,288821434921.4,0.364477,0.365142,9.225842,17.834249,4.843952,-0.191988,6.606054,0.736343,4.950031,13.890396
,3935.91,3946.25,3924.72,3942.76,3942.76,128959362,236070338399.4,0.169568,0.169712,9.202605,17.836833,4.843952,-0.023237,6.618138,1.40258,5.171398,13.658233
,3943.32,3952.14,3929.7,3943.68,3943.68,147063062,246637847453.8,0.023331,0.023334,9.130116,17.835411,4.843952,-0.072489,6.639648,1.202775,5.129279,14.653858
,3949.4,3971.62,3945.14,3968.07,3968.07,141004006,269609569538.7,0.616553,0.618458,9.307168,17.828889,4.843952,0.177052,9.829181,1.05164,2.673569,14.636025
,3967.46,4013.85,3958.38,3982.2,3982.2,157197133,290512992198,0.35546,0.356093,9.310347,9.12569,4.749074,0.003178,10.046415,0.815559,1.809899,13.330379
,3977.29,3979.75,3956.57,3965.17,3965.17,131135273,225106992875.9,-0.42857,-0.427653,9.501798,8.638536,4.399206,0.191451,9.904027,1.31534,2.626625,15.28568
,3965.43,4002.27,3965.43,3998.45,3998.45,156402895,292089834223.8,0.835806,0.839308,9.552844,8.582487,4.734012,0.051046,9.87219,0.514126,2.59213,14.895628
,3997.5,4016.74,3987.43,3991.4,3991.4,173293796,305398796562.7,-0.176474,-0.176318,9.368602,8.25229,4.630839,-0.184242,9.811973,0.39507,3.012977,16.543545
,3993.42,4032.98,3992.52,4010.02,4010.02,209778904,347836703626.3,0.465418,0.466503,9.417486,8.261429,4.385668,0.048885,9.748411,0.608367,2.576241,14.091209
,4011.47,4065.94,4010.11,4014.81,4014.81,262052773,443780794880.4,0.119379,0.119451,8.840509,8.257788,4.359247,-0.576978,9.834223,1.083574,2.220841,13.475673
,4021.21,4034.92,4017.67,4017.67,4017.67,207917175,321415945157.1,0.071211,0.071236,8.84765,8.257413,4.359247,0.007142,9.895761,1.676891,2.576007,12.201781
,4023.99,4042.66,3994.26,4019.06,4019.06,191042931,353524574440.9,0.034591,0.034597,8.808451,8.248442,3.958886,-0.039199,9.982058,2.455266,3.057244,13.637472
,4019.39,4027.86,3993.92,4007.2,4007.2,151027308,300656795664.6,-0.29553,-0.295094,8.973142,8.285825,3.738666,0.164691,10.076442,2.770459,4.139999,14.195991
,4005.07,4034.59,4005.07,4034.49,4034.49,161249041,325516865722.7,0.678716,0.681024,8.329248,8.36738,2.601146,-0.643894,9.964092,2.799708,3.382959,11.235473
,4039.87,4064.64,4039.32,4058.55,4058.55,186211063,354244444629.7,0.594587,0.596358,8.399243,8.414588,2.601146,0.069995,10.026059,1.676375,3.481813,11.17091
,4069.77,4086.12,4063.44,4085.61,4085.61,223268476,377938564877.6,0.664528,0.666741,8.516556,8.483522,2.601146,0.117313,10.19184,1.221457,3.695306,12.029467
,4087.34,4119.2,4068.34,4118.96,4118.96,257596985,450874014479.4,0.812966,0.81628,8.082229,8.598003,2.601146,-0.434327,10.095231,0.799426,2.503268,10.883908
,4129.15,4155.68,4113.91,4119.77,4119.77,300506154,470330899420.8,0.019663,0.019665,6.860516,8.590963,2.601146,-1.221712,10.693973,0.760975,3.614431,11.163628
,4116.83,4152.43,4111.88,4149.04,4149.04,319632392,487000043884.1,0.707965,0.710477,6.761135,8.667401,,-0.099382,10.544431,-1.786146,3.295977,11.628438
,4145.32,4150.5,4117.8,4127.16,4127.16,273594963,430445513470.9,-0.528746,-0.527351,6.617135,8.759233,,-0.143999,12.195483,-1.765609,5.900248,13.33757
,4128.2,4146.12,4112.97,4135.82,4135.82,222759815,406792873973.3,0.20961,0.20983,6.606054,8.734816,,-0.011082,13.703168,-1.587064,7.752828,12.616692
,4132.68,4153.33,4117.58,4152.02,4152.02,230807880,428764310973.8,0.390935,0.3917,6.618138,8.729657,,0.012085,13.966369,-1.176688,6.989099,13.409481
,4148.94,4185.21,4127.43,4151.24,4151.24,249853048,445168467668,-0.018788,-0.018786,6.639648,8.558429,3.201337,0.02151,15.406318,-0.913527,5.50402,12.626171
,4141.56,4141.82,4063.67,4075.59,4075.59,267087406,492142571738.8,-1.839156,-1.822347,9.829181,9.418387,10.442379,3.189533,14.090211,0.954312,9.098042,12.984323
,4069.93,4085.35,4040.46,4054.93,4054.93,196221826,359685164163.4,-0.50821,-0.50692,10.046415,9.452676,9.535515,0.217234,13.64747,1.226501,10.342371,13.766471
,4037.94,4070.7,4037.94,4070.7,4070.7,162275902,295976826632.4,0.388155,0.388909,9.904027,9.456916,10.409222,-0.142387,13.641464,1.264723,10.551748,12.629831
,4080.39,4106.3,4075.58,4103.45,4103.45,178851999,306934255765.6,0.801311,0.80453,9.87219,9.317112,10.409222,-0.031837,14.309673,0.97924,9.012484,12.013682
,4100.43,4116.71,4098.35,4113.49,4113.49,176676155,307674626124.8,0.244373,0.244672,9.811973,9.321895,11.146877,-0.060217,14.856384,1.522091,8.083883,13.188545
,4120.28,4129.74,4094.82,4114.67,4114.67,198641902,358108366983.7,0.028682,0.028686,9.748411,9.032112,11.146877,-0.063562,17.374153,1.415085,5.910766,12.848089
,4109.27,4122.21,4097.42,4104.97,4104.97,173171201,308507687634.7,-0.23602,-0.235742,9.834223,8.819081,10.304945,0.085812,18.444524,2.344546,8.302208,13.431033
,4110.29,4134.25,4103.61,4122.51,4122.51,190443716,360685826235,0.426377,0.427287,9.895761,8.771999,10.304945,0.061538,18.466172,2.796191,8.038244,12.087158
,4123.58,4153.29,4121.22,4143.83,4143.83,177287823,383088423330,0.515828,0.517161,9.982058,8.772065,10.304945,0.086297,18.869089,1.901291,6.81912,11.436678
,4150.5,4186.75,4147.2,4176.58,4176.58,213934999,462776745465.3,0.787225,0.790332,10.076442,8.837964,11.269424,0.094385,18.799513,2.244891,6.236813,11.851011
,4179.97,4220.31,4165.94,4173.31,4173.31,221103595,485075642622,-0.078324,-0.078294,9.964092,8.815989,10.686732,-0.112351,19.981363,2.712726,8.598469,10.344557
,4162.42,4214.73,4157.5,4202.35,4202.35,261327566,518686873500.8,0.693441,0.695851,10.026059,8.889981,10.686732,0.061967,20.264143,4.094811,7.331048,8.998841
,4218.25,4272.96,4203.42,4239.41,4239.41,301479102,635365867184.5,0.878022,0.881888,10.19184,8.809358,10.686732,0.165781,20.176664,5.278979,6.69731,7.469296
,4241.77,4264.23,4215.21,4223.37,4223.37,250818771,553536203259.6,-0.379072,-0.378355,10.095231,8.750658,9.800293,-0.096609,20.107825,5.285256,6.861727,8.287402
,4208.4,4272.15,4190.56,4271.4,4271.4,246481773,538815306146.9,1.130825,1.137243,10.693973,8.858032,9.800293,0.598742,19.921345,2.650565,6.340974,6.646592
,4284.37,4308.45,4273.65,4288.07,4288.07,259030014,558521268967.4,0.389511,0.39027,10.544431,8.851646,9.800293,-0.149542,20.603018,4.015919,4.782056,3.787825
,4287.36,4378.39,4287.36,4378,4378,290434897,675935075408.9,2.075525,2.097214,12.195483,9.63184,10.734971,1.651053,19.427891,2.676514,2.791197,1.58738
,4416.29,4472.65,4404.78,4469.22,4469.22,358090006,823681964472.7,2.06219,2.0836,13.703168,10.243206,10.734971,1.507685,18.112415,1.211856,1.187536,0.472789
,4453.35,4476.8,4435.53,4452.59,4452.59,270621395,627950450229.2,-0.372795,-0.372101,13.966369,10.322298,9.834125,0.263201,18.047601,0.846697,1.497737,1.450157
,4458.84,4494.91,4386.13,4386.13,4386.13,333133898,785098482973.5,-1.503866,-1.492614,15.406318,10.914967,10.829691,1.43995,17.327961,1.666336,4.020559,2.904649
,4378.04,4464.8,4364.17,4463.78,4463.78,296834536,739423602221.4,1.754865,1.770353,14.090211,11.365442,8.0479,-1.316108,16.414835,-2.232964,2.864414,1.398842
,4455.8,4516.84,4452.36,4496.76,4496.76,351938947,831194066157.9,0.73612,0.738836,13.64747,11.390422,8.997728,-0.442741,16.695966,-0.813663,1.178108,1.757519
,4516.88,4528.13,4487.53,4523.71,4523.71,320366708,770378288126.9,0.597532,0.59932,13.641464,11.412621,8.997728,-0.006006,17.404322,-1.248782,2.107307,0.674598
,4521.98,4548.89,4454.42,4490.45,4490.45,303932566,777999297964.1,-0.737953,-0.735237,14.309673,11.486967,8.177622,0.668209,17.148918,-1.214124,3.291014,0.900078
,4501.34,4510.73,4427.52,4459.83,4459.83,254320217,655697116709.1,-0.684227,-0.681892,14.856384,11.595448,7.507574,0.546711,17.438512,-0.324979,5.446685,1.926245
,4461.25,4465.5,4327.51,4365.21,4365.21,307934609,773124596998.1,-2.144435,-2.121606,17.374153,12.561353,11.241146,2.517769,17.155646,4.102787,5.604202,4.902348
,4365.61,4466.56,4350.3,4460.32,4460.32,249625657,664166970946.5,2.155421,2.178818,18.444524,13.042709,11.570929,1.070372,15.843268,1.373386,2.952624,3.555291
,4467.17,4482.76,4438.07,4467.57,4467.57,267638382,683630879769.1,0.162412,0.162544,18.466172,13.043637,11.570929,0.021648,16.551548,1.455257,1.587531,2.882464
,4448.74,4472.09,4412.69,4436.26,4436.26,221375460,562861103958.4,-0.703296,-0.700828,18.869089,13.169566,10.741236,0.402917,16.981023,1.943898,3.761108,3.446696
,4438.3,4466.63,4414.59,4445.36,4445.36,203597646,535539349489.1,0.204918,0.205128,18.799513,13.167705,10.741236,-0.069576,16.983039,2.349053,3.81918,2.374538
,4438.84,4548.03,4427.92,4548.03,4548.03,253264051,693156671397.7,2.283332,2.309599,19.981363,13.637235,10.382988,1.18185,17.252099,-1.103686,-0.745954,0.721223
,4544.59,4564.67,4517.79,4522,4522,266442003,689576075691.4,-0.57398,-0.572336,20.264143,13.74449,9.820817,0.28278,17.241673,-0.44504,0.358049,0.66255
,4534.89,4566.91,4522.5,4533.06,4533.06,231885678,613314652419.1,0.244283,0.244582,20.176664,13.744503,9.820817,-0.087479,18.043274,-0.230795,1.63685,-0.78644
,4539.92,4552.42,4494.79,4523.34,4523.34,249269206,613728334805.9,-0.214655,-0.214425,20.107825,13.643882,10.164557,-0.068839,18.07381,-0.078734,1.518912,1.242214
,4517.29,4556.03,4503.8,4551.02,4551.02,235716472,608454200521.1,0.610072,0.611937,19.921345,13.443612,10.164557,-0.18648,17.985463,0.33015,1.208223,0.038885
,4546.03,4573.83,4454.99,4498.11,4498.11,309859826,839987127411,-1.169408,-1.162597,20.603018,13.696598,9.641874,0.681673,17.781737,2.098278,3.550405,1.545757
,4499.09,4533.09,4491.84,4501.92,4501.92,225044000,603887059817.1,0.084666,0.084702,19.427891,13.588981,9.641874,-1.175127,18.12785,1.063425,4.646125,2.407523
,4512.03,4523.87,4487.13,4522.61,4522.61,196459956,563149164266,0.458529,0.459582,18.112415,13.594324,9.641874,-1.315477,18.293434,2.131627,3.676328,2.146344
,4536.76,4560.73,4459.73,4519.78,4519.78,252827062,680513630695.8,-0.062594,-0.062574,18.047601,13.607162,10.294319,-0.064814,18.603092,2.639974,4.922646,2.497005
,4495.27,4567.49,4494.11,4566.07,4566.07,220482608,629161495484.1,1.018956,1.024165,17.327961,13.696006,10.229175,-0.719639,18.722385,3.092462,3.101592,1.660875
,4563.98,4613.95,4558.84,4593.49,4593.49,229823333,669866986618.6,0.598721,0.600516,16.414835,13.693984,10.229175,-0.913126,19.507727,0.506824,1.021867,1.378291
,4576.91,4597.85,4550.05,4550.05,4550.05,208482114,598723903173.9,-0.950186,-0.945686,16.695966,13.90831,9.607726,0.281131,19.155135,0.960853,2.245991,1.944036
,4555.03,4647.57,4541.43,4620.05,4620.05,274358877,693395231241.2,1.526731,1.538445,17.404322,14.093589,9.607726,0.708356,18.622008,-1.768559,-0.029225,0.673692
,4629.9,4647.5,4616.22,4640.69,4640.69,247980359,664624101862,0.445753,0.446748,17.148918,14.047498,10.26235,-0.255404,18.561881,-0.74403,-0.289816,-0.231915
,4662.11,4726.34,4651.99,4709.48,4709.48,347678696,862208005908.4,1.471444,1.482323,17.438512,14.239341,11.048728,0.289595,18.507295,-1.952484,-0.342023,0.175449
,4679.5,4692.59,4600.96,4616.83,4616.83,319020899,792743047250.5,-1.986918,-1.967308,17.155646,14.968086,10.275791,-0.282866,17.039581,-2.247369,1.333121,3.696613
,4490.87,4601.81,4490.87,4593.98,4593.98,315010354,714001634395.3,-0.496157,-0.494928,15.843268,15.041346,9.673919,-1.312378,16.932707,-1.221189,2.176201,3.89969
,4634.05,4641.45,4520.93,4539.06,4539.06,372954030,808959003201.4,-1.202681,-1.195478,16.551548,15.320802,9.334725,0.70828,16.667936,1.504577,2.461384,4.282129
,4544.24,4608.82,4526.83,4606.29,4606.29,284771855,607326345325.6,1.470282,1.481144,16.981023,15.534291,9.952617,0.429475,15.903474,-0.298298,0.85645,3.259799
,4588.92,4645.1,4586.28,4618.42,4618.42,248235518,560567191741.4,0.262989,0.263336,16.983039,15.496127,9.952617,0.002016,16.416497,-0.261904,1.795018,3.646105
,4610.7,4618.56,4509.33,4514.23,4514.23,256905617,559085965218.7,-2.281803,-2.255966,17.252099,16.302163,12.063203,0.26906,15.224131,3.192673,2.492043,5.32294
,4558.24,4570.44,4520.5,4538.22,4538.22,218420405,505798833703.2,0.530023,0.531431,17.241673,16.295808,12.617188,-0.010426,15.384148,3.843036,1.309744,4.390936
,4556.12,4615.46,4547.93,4607.87,4607.87,215711175,551390253215.9,1.523085,1.534743,18.043274,16.497197,12.617188,0.801601,14.566258,1.808683,-0.864865,3.067991
,4576.03,4603.49,4567.24,4592.57,4592.57,185333960,440935302747.4,-0.332593,-0.332041,18.07381,16.482586,12.352166,0.030535,14.620379,3.325,-0.093237,2.988069
,4578.7,4611.34,4541.69,4606.34,4606.34,200463917,420800208775.6,0.299384,0.299832,17.985463,16.480831,12.352166,-0.088347,14.679296,2.223518,-0.902605,2.743406
,4622.79,4660.68,4622.79,4660.68,4660.68,208814483,551986648560.5,1.172774,1.179678,17.781737,16.570983,13.320429,-0.203725,16.277334,-0.430261,-4.544636,1.241012
,4699.38,4720.43,4687.69,4716.02,4716.02,262200674,672670372522.7,1.180386,1.18738,18.12785,16.622783,13.320429,0.346112,15.416909,-1.336709,-5.849943,0.149379
,4697.73,4734.32,4679.23,4691.97,4691.97,220906645,571563257095.5,-0.511269,-0.509964,18.293434,16.690644,12.690531,0.165584,16.000983,-1.573926,-4.391075,0.674197
,4701.04,4747.84,4697.27,4747.84,4747.84,246211324,645898688765.2,1.183724,1.190758,18.603092,16.805976,12.151812,0.309658,15.449904,-2.572488,-4.970226,-0.95955
,4735.98,4761.83,4706.45,4709.91,4709.91,273289118,719956285438,-0.802098,-0.79889,18.722385,16.930417,11.381318,0.119293,15.3227,-0.351153,-4.217502,-0.062654
,4702.49,4706.14,4640.67,4640.67,4640.67,281464740,680712251492.7,-1.481005,-1.470092,19.507727,16.760284,10.865627,0.785342,14.635894,0.818078,-2.487439,1.391366
,4636.73,4653.4,4595.73,4653.4,4653.4,239869809,557602941095.9,0.273938,0.274314,19.155135,16.692365,11.567768,-0.352592,15.210928,0.891063,-1.666581,1.378473
,4649.35,4665.32,4595.07,4618.7,4618.7,233224032,505177700976.6,-0.748485,-0.745691,18.622008,16.808337,11.014037,-0.533127,15.086497,0.72205,-1.403485,2.884574
,4562.11,4642.61,4558.76,4627.26,4627.26,203045871,468361161388.7,0.185162,0.185334,18.561881,16.763204,11.014037,-0.060127,15.133062,0.402236,-2.10112,1.694564
,4642.01,4698.09,4642.01,4693.4,4693.4,224241008,553641780921.2,1.419237,1.429356,18.507295,16.948313,11.014037,-0.054586,14.144733,0.184557,-3.178416,-1.880181
,4673.76,4701.37,4666.04,4678.79,4678.79,212497377,507573849500.2,-0.311774,-0.311288,17.039581,16.979046,10.276755,-1.467713,14.55717,-1.088447,-2.034976,-0.400048
,4688.12,4695.18,4654.21,4695.05,4695.05,236026764,593977127605,0.346923,0.347526,16.932707,16.955047,10.669818,-0.106874,14.835295,-2.087646,-1.573534,0.077286
,4706.34,4707.13,4648.49,4652.17,4652.17,186638858,477629076357,-0.917498,-0.913302,16.667936,17.109466,10.554743,-0.264771,14.598495,-1.821671,-1.166451,0.391523
,4643.56,4669.61,4620.99,4645.91,4645.91,209460592,492308866408.7,-0.134651,-0.134561,15.903474,17.11035,10.718816,-0.764463,14.59881,-1.247986,-1.170863,-0.049734
,4643.79,4703.49,4643.79,4702.07,4702.07,207367474,510060678210.4,1.201557,1.208805,16.416497,17.192927,10.718816,0.513024,14.067729,-2.959528,-3.23966,0.360679
,4663.32,4684.26,4628.02,4628.14,4628.14,192092676,444720433578.5,-1.584778,-1.572286,15.224131,17.569233,8.061883,-1.192366,13.270957,-3.844006,-1.024866,2.056434
,4616.81,4624.9,4580.26,4598.05,4598.05,188955466,438940097527.8,-0.652276,-0.650153,15.384148,17.615175,7.619407,0.160017,13.259347,-3.31665,-1.005242,2.486632
,4584.79,4606.62,4552.8,4568.19,4568.19,177713185,420150126547,-0.651524,-0.649406,14.566258,17.624068,7.24303,-0.81789,13.729126,-1.717528,-1.558426,3.260275
,4568.04,4607.86,4568.04,4588.29,4588.29,172924974,385230481969.8,0.439034,0.439999,14.620379,17.603967,7.29423,0.054121,15.20409,-1.551989,-0.183461,1.559602
,4619.54,4620.65,4560.18,4564.95,4564.95,194562593,415064817729.8,-0.509984,-0.508686,14.679296,17.529775,7.039157,0.058917,15.243293,-1.091378,-0.266733,3.075792
,4513.39,4527.04,4453.18,4453.61,4453.61,222851013,481295814462.6,-2.469256,-2.439019,16.277334,18.297837,10.332236,1.598039,12.19708,1.626936,2.539987,6.145467
,4473.16,4478.81,4421.81,4448.05,4448.05,185833729,425807469499.9,-0.124921,-0.124843,15.416909,17.813479,10.461386,-0.860426,12.492866,2.846653,3.611341,6.079745
,4475.84,4510.77,4467.35,4490.4,4490.4,169571929,411523796962.4,0.947599,0.952103,16.000983,17.411347,10.804325,0.584075,12.161371,1.413664,2.861092,4.788412
,4490.2,4538.14,4485.7,4517.63,4517.63,156200368,427361377738.4,0.604574,0.606405,15.449904,17.435274,10.804325,-0.55108,12.053479,0.296618,2.544585,4.565646
,4520.01,4559.22,4509.86,4515.4,4515.4,150311772,417789843567.7,-0.049374,-0.049362,15.3227,17.143178,11.437875,-0.127204,12.036525,0.687933,2.776785,3.064146
,4511.5,4531.72,4492.43,4526.66,4526.66,142902096,341832317979.4,0.249058,0.249369,14.635894,16.776813,11.457255,-0.686806,12.047023,1.270541,2.843864,1.664135
,4539.19,4576.97,4531.29,4576.49,4576.49,200382317,463861587251.4,1.094797,1.100812,15.210928,16.857811,11.457255,0.575034,11.632817,0.984109,1.364625,1.543799
,4571.91,4575.49,4539.43,4554.33,4554.33,148493132,364366426477.8,-0.48539,-0.484214,15.086497,16.847984,11.522128,-0.124431,11.461325,0.959084,2.106402,2.303144
,4554.59,4569.82,4523.5,4531.05,4531.05,169762790,374486168902.9,-0.512473,-0.511162,15.133062,16.811456,11.025984,0.046565,11.425172,1.332494,2.159021,1.845784
,4533.6,4557.42,4514.19,4546.57,4546.57,147198110,348767399211.7,0.34194,0.342525,14.144733,16.760619,11.025984,-0.98833,13.032054,0.123314,3.695889,2.780472
,4547.91,4593.83,4535.02,4584.54,4584.54,196799968,412146806538.3,0.831667,0.835135,14.55717,16.210627,11.383286,0.412437,13.715308,-0.078337,4.398468,2.582972
,4593.14,4640.63,4592.74,4621.75,4621.75,199620990,496716196112.2,0.808365,0.811641,14.835295,15.701695,11.383286,0.278126,13.645625,-1.519354,3.297023,1.413877
,4611.38,4628.7,4584.25,4598.22,4598.22,184160344,452113884581,-0.510415,-0.509115,14.598495,15.743305,11.386158,-0.2368,13.891088,-2.213647,2.987196,1.530563
,4586.25,4598.54,4549.08,4591.83,4591.83,169111106,401452781497.6,-0.139063,-0.138967,14.59881,15.67059,11.380669,0.000314,13.885711,-0.260584,3.574211,1.721443
,4597.19,4610.28,4547.14,4552.18,4552.18,168419405,432431093509.7,-0.86724,-0.86349,14.067729,15.781151,10.878383,-0.53108,13.405777,0.013399,5.090747,1.855625
,4558.74,4583.68,4530.78,4580.95,4580.95,212826520,523863221651.9,0.630016,0.632005,13.270957,15.12733,10.453847,-0.796773,13.66132,-0.279152,3.855763,1.675061
,4550,4595.05,4548.44,4552.06,4552.06,167589967,424383389792.3,-0.632652,-0.630655,13.259347,15.137512,10.453395,-0.01161,13.50005,1.299933,4.086435,0.682848
,4542.42,4553.08,4484.27,4497.55,4497.55,165165201,390500134302.7,-1.204707,-1.19748,13.729126,15.332171,10.808678,0.469779,12.434251,2.70199,5.491282,1.532811
,4499.77,4594.66,4498.93,4579.88,4579.88,178424830,452504741114.1,1.813999,1.830552,15.20409,15.775538,10.808678,1.474964,11.231762,1.176058,3.264768,-3.598569
,4553.98,4571.97,4544.14,4552.79,4552.79,151681328,382102395684.6,-0.593257,-0.5915,15.243293,15.776277,10.782538,0.039203,10.883011,1.95214,3.912744,-1.729645
,4561.37,4591.09,4546.85,4568.18,4568.18,154876220,371577144281.1,0.337464,0.338034,12.19708,15.600206,5.627044,-3.046213,11.024394,1.930812,3.245661,-0.674529
,4587.67,4615.87,4587.67,4611.62,4611.62,165252856,448240599513.9,0.946433,0.950926,12.492866,15.713661,5.511705,0.295786,10.628535,0.599938,2.387981,-2.950765
,4616.03,4644.53,4607.8,4620.73,4620.73,169256412,433141326005.5,0.19735,0.197544,12.161371,15.693061,5.511705,-0.331495,10.63068,0.658975,2.204181,-2.590436
,4623.68,4639.43,4602.14,4634.06,4634.06,153711241,406375640662.1,0.288067,0.288483,12.053479,15.700126,5.511705,-0.107891,10.788573,-0.088946,1.466091,-3.114647
,4629.32,4651.15,4621.92,4642.54,4642.54,139434186,385356060832.4,0.182826,0.182993,12.036525,15.570791,4.93625,-0.016954,10.781243,1.607036,1.378063,-4.23463
,4639.79,4676.13,4635.11,4657.24,4657.24,175396565,460426934267.5,0.316137,0.316637,12.047023,15.537261,4.93625,0.010497,10.745621,2.825145,1.034942,-2.856898
,4658.27,4672.04,4629.06,4639.37,4639.37,200397133,482613536466.5,-0.384442,-0.383704,11.632817,15.428794,4.780176,-0.414206,10.64188,2.916507,1.680428,-3.519887
,4617.32,4664.33,4616.63,4651.28,4651.28,180374974,457185489036.8,0.256387,0.256716,11.461325,15.119836,5.06483,-0.171492,10.895267,1.839878,2.181657,-4.631016
,4656.48,4667.05,4622.1,4629.94,4629.94,170760224,444491545749,-0.459854,-0.458798,11.425172,15.122581,5.108059,-0.036153,11.431283,2.747684,1.636663,-4.17499
,4661.62,4721.64,4661.62,4717.75,4717.75,234144839,630577351311.4,1.878808,1.896569,13.032054,15.314153,5.108059,1.606882,11.976805,1.518172,-2.397653,-2.624137
,4719.21,4790.69,4718.01,4790.69,4790.69,296970686,725414566872.9,1.534246,1.546076,13.715308,15.058046,5.108059,0.683254,11.361175,-0.621042,-2.76354,-4.798872
,4796.93,4802.6,4751.07,4776.67,4776.67,259095564,664897929360.7,-0.29308,-0.292651,13.645625,15.031645,5.044837,-0.069682,11.841263,-0.729943,-1.646203,-2.976878
,4761.01,4765.49,4717.01,4737.65,4737.65,238804957,630655637961.6,-0.820242,-0.816887,13.891088,14.913861,5.203206,0.245462,11.68595,0.290439,-1.429223,-1.950231
,4725.96,4771.43,4719.13,4758.92,4758.92,254688038,668788811126.9,0.447952,0.448957,13.885711,14.649096,4.728519,-0.005377,11.647446,-0.570028,-2.453082,-1.218594
,4769.65,4795.93,4737.57,4789.92,4789.92,294833165,799954082388.1,0.649296,0.651408,13.405777,14.693923,4.895141,-0.479934,12.924884,-1.164603,-1.490408,-2.209443
,4798.05,4836.95,4745.52,4761.03,4761.03,301449497,801054979639.8,-0.604968,-0.603142,13.66132,13.934328,4.53369,0.255543,12.784254,-0.889255,-0.774463,-0.514234
,4767.7,4818.1,4720.25,4741.93,4741.93,364951023,891334219174.3,-0.401981,-0.401174,13.50005,13.939163,4.699919,-0.16127,12.732299,-0.398521,-0.594561,-0.280025
,4721.8,4769.55,4720.94,4751.43,4751.43,254003636,674058683639.6,0.20014,0.20034,12.434251,13.611229,2.818797,-1.065799,12.716619,-0.585112,-0.672581,0.126408
,4778.43,4792.55,4715.36,4731.87,4731.87,325278929,785624166096.3,-0.412515,-0.411666,11.231762,13.621834,2.66445,-1.202488,13.39146,-0.622619,-1.521705,0.760646
,4720.19,4761.63,4715.09,4734.46,4734.46,267612492,655149256235.7,0.05472,0.054735,10.883011,13.611912,2.79843,-0.348751,13.929815,-0.582541,-0.57022,1.367116
,4736.91,4748.23,4684.97,4718.88,4718.88,282719579,671960685391.4,-0.329619,-0.329077,11.024394,13.427574,2.729125,0.141383,14.053821,-0.279907,0.359819,1.419245
,4714.55,4758.28,4714.24,4723.07,4723.07,266353332,665330511237.3,0.088753,0.088792,10.628535,13.209479,2.729125,-0.395859,14.070147,-0.107615,0.080424,0.975521
,4741.75,4757.76,4700.45,4723.71,4723.71,274199932,690235248160.5,0.01355,0.013551,10.63068,13.166013,2.729125,0.002145,14.123992,0.636452,-0.276861,0.995094
,4729.59,4734.79,4684.62,4702.5,4702.5,314635445,755617735528.3,-0.450023,-0.449011,10.788573,12.968844,2.553835,0.157892,14.091882,0.081625,0.55497,1.177726
,4715.38,4754.18,4693.16,4706.96,4706.96,363004481,796832970315.2,0.094798,0.094843,10.781243,12.866493,2.553835,-0.00733,15.158429,-2.168681,-1.090703,2.172758
,4705.17,4736.99,4675.64,4705.69,4705.69,301475697,715267914840.3,-0.026985,-0.026981,10.745621,12.491754,3.25009,-0.035622,15.648457,-0.973336,-2.214671,2.136526
,4725.6,4739.63,4697.91,4717.99,4717.99,382255602,829414067055.4,0.261045,0.261386,10.64188,12.490676,3.441392,-0.103741,16.072423,-0.410124,-1.501254,3.316587
,4733.09,4770.96,4696.05,4753.87,4753.87,415513055,917966160339.3,0.757616,0.760493,10.895267,12.474721,3.441392,0.253387,15.829947,-1.771002,-1.984916,3.038026
,4723.08,4738.87,4645.47,4706.34,4706.34,319786531,750564885195.4,-1.004849,-0.999817,11.431283,12.655941,4.63191,0.536016,15.803844,-1.342061,-1.9499,3.457552
,4674.28,4716.61,4601.76,4605.98,4605.98,304773500,725920381252,-2.155508,-2.132443,11.976805,13.090733,9.465089,0.545522,14.51959,2.425417,1.482237,7.240377
,4648.36,4662.13,4578.21,4660.11,4660.11,265549405,666626842810.7,1.168359,1.175211,11.361175,13.304992,9.465089,-0.61563,14.103489,1.368035,0.948044,5.995451
,4647.97,4701.48,4641.84,4698.68,4698.68,264881032,636018589862.7,0.824257,0.827663,11.841263,13.394834,9.814696,0.480088,13.862977,0.3217,-0.236943,6.182424
,4664.75,4687.02,4639.43,4670.42,4670.42,237856351,550433167197.1,-0.603261,-0.601446,11.68595,13.318032,9.790869,-0.155313,13.764017,1.047081,-0.02741,5.096136
,4622.97,4678.26,4606.64,4643.6,4643.6,202716477,505759806237.8,-0.575908,-0.574252,11.647446,13.368616,9.241875,-0.038504,13.595819,0.36135,0.600314,4.546414
,4693.67,4719.96,4679.9,4719.06,4719.06,207251938,522757267199.4,1.61197,1.625032,12.924884,13.551486,9.241875,1.277437,12.479193,-0.244415,-1.744714,2.396535
,4718.26,4732.09,4713.87,4724.3,4724.3,187000958,450339578978.4,0.110977,0.111039,12.784254,13.14064,9.797735,-0.140629,12.607674,0.245027,-1.406239,2.685294
,4715.67,4723.7,4703.69,4713.82,4713.82,173391681,433428613402,-0.222078,-0.221832,12.732299,13.074047,9.992607,-0.051955,13.762094,0.276463,-2.809027,2.86244
,4720.01,4726.04,4707.74,4719.58,4719.58,197841439,490473852275.1,0.122119,0.122194,12.716619,12.994801,9.992607,-0.01568,13.745512,-0.189391,-3.28589,1.336906
,4693.41,4703.63,4658.4,4660.41,4660.41,189167756,452878594068.8,-1.261639,-1.253713,13.39146,13.244761,10.38017,0.674841,17.37893,1.454055,-5.341632,3.886446
,4727.3,4727.37,4698.35,4707.54,4707.54,218488890,526084235584,1.006205,1.011284,13.929815,13.346792,10.38017,0.538354,17.664749,-1.103025,-5.07217,4.44682
,4713.58,4766.56,4713.34,4735.89,4735.89,284268354,596903872616.7,0.600419,0.602225,14.053821,12.313376,10.790302,0.124006,18.381945,-2.854396,-4.280008,4.378347
,4741.39,4742.15,4706.69,4726.87,4726.87,234847644,599848915404.9,-0.190642,-0.190461,14.070147,12.319294,10.576036,0.016325,18.802684,-1.689293,-5.419169,3.763791
,4698.3,4721.01,4692.89,4710.65,4710.65,261420865,578820992510.3,-0.343735,-0.343145,14.123992,12.224297,10.149639,0.053845,19.027319,-1.071604,-4.517756,4.230511
,4681.01,4735.41,4667.28,4728.67,4728.67,349260752,752681937770.4,0.381808,0.382537,14.091882,12.191935,10.676365,-0.03211,18.891507,-2.423244,-5.135707,3.398177
,4737.32,4744.6,4651.4,4655.9,4655.9,370624272,801659243770,-1.550875,-1.538911,15.158429,12.638097,10.916198,1.066548,18.45447,0.404259,-4.52199,3.965927
,4609.19,4639.42,4575.82,4602.62,4602.62,303035666,608923128590.3,-1.150953,-1.144354,15.648457,12.868014,10.136542,0.490027,19.30667,2.189379,-1.677169,6.557652
,4651.94,4671.53,4630.3,4647.69,4647.69,259317825,570443777084.6,0.974462,0.979225,16.072423,12.827693,10.136542,0.423967,19.170176,0.854187,-3.699061,6.075409
,4621.49,4671.71,4612.79,4660.44,4660.44,238527926,487807080156.9,0.273954,0.27433,15.829947,12.792811,10.136542,-0.242476,19.230385,0.186504,-4.827758,5.109426
,4600.25,4625.98,4548.97,4615.46,4615.46,322787617,665821508005.3,-0.969833,-0.965145,15.803844,12.910722,10.128496,-0.026102,19.049922,1.208153,-3.861753,4.272318
,4648.79,4677.6,4648.79,4674.76,4674.76,263903748,557607876148.6,1.276629,1.284812,14.51959,13.146886,7.775201,-1.284254,22.477677,-0.801533,-1.70872,0.828261
,4681.03,4711.87,4674.71,4704.5,4704.5,270175443,579564397580.3,0.634167,0.636182,14.103489,13.102653,7.775201,-0.416101,22.391664,-0.986248,-2.983377,2.047343
,4700.72,4704.38,4654.31,4687.56,4687.56,302986816,572105482463.8,-0.360731,-0.360081,13.862977,13.029847,7.603873,-0.240512,23.146782,-2.250384,-1.093732,1.293554
,4669.06,4707.42,4659.5,4669.14,4669.14,310772009,580305608197.8,-0.393729,-0.392955,13.764017,13.011604,7.767229,-0.09896,23.128213,-2.211399,-0.493598,1.134436
,4669.22,4673.69,4621.81,4671.56,4671.56,296215070,598799098356.4,0.051816,0.05183,13.595819,13.007172,8.204541,-0.168198,23.520804,-5.580596,0.634175,2.238666
,4685.57,4720.86,4637.37,4637.44,4637.44,263021913,578501505807.6,-0.733057,-0.730377,12.479193,12.970551,7.735788,-1.116626,23.392676,-3.571871,1.025679,5.337945
,4648.75,4662.29,4604.52,4658.33,4658.33,234690705,524173911454,0.449452,0.450464,12.607674,12.940172,7.735788,0.128481,23.646542,-2.628743,1.666468,4.735463
,4611.44,4634.55,4570.39,4583.25,4583.25,254130449,547850295789.2,-1.624866,-1.611736,13.762094,13.310966,8.396134,1.15442,22.80102,-2.33368,3.123563,7.321254
,4602.82,4628.71,4563.07,4567.02,4567.02,257873703,615463088557.8,-0.354744,-0.354116,13.745512,13.091463,8.321527,-0.016583,22.770637,-1.421257,4.08488,7.882825
,4499.1,4514.72,4397.57,4418,4418,328081945,671719761060.9,-3.317381,-3.262959,17.37893,14.2682,14.581624,3.633419,18.593337,1.65998,7.623982,13.561218
,4458.91,4474.83,4394.29,4474.72,4474.72,255532517,530149390314.2,1.275667,1.283839,17.664749,14.482326,14.581624,0.285819,18.327303,-0.552845,7.009505,9.474076
,4506.62,4542.18,4502.03,4537.47,4537.47,262639279,550428161188.3,1.392581,1.402322,18.381945,14.755168,14.581624,0.717196,18.024068,-0.251557,5.339435,8.560689
,4525.33,4541.05,4468.96,4477.53,4477.53,213736788,471127498414.3,-1.329803,-1.321,18.802684,14.861183,13.997633,0.420739,17.191575,0.030816,6.314267,11.43783
,4431.5,4519.89,4431.42,4502.57,4502.57,192400388,440517561617.1,0.557679,0.559237,19.027319,14.904996,14.140808,0.224634,17.194488,-1.381606,5.78971,7.808002
,4461.74,4496.41,4447.14,4491.95,4491.95,209293092,444629519711.2,-0.236144,-0.235865,18.891507,14.89395,14.153249,-0.135812,17.207509,-1.14929,5.758464,9.242714
,4491.92,4523.17,4450.05,4450.05,4450.05,224541585,484558113011.2,-0.937157,-0.93278,18.45447,14.995075,13.956288,-0.437037,16.792765,3.217529,7.785451,11.240009
,4517.27,4532.11,4492.05,4526.07,4526.07,216483196,503744056996,1.693868,1.708295,19.30667,15.407004,14.69765,0.8522,16.127358,0.883172,6.028366,9.134606
,4514.44,4519.69,4459.61,4478.91,4478.91,190992161,429949131699.9,-1.04743,-1.041964,19.170176,15.528345,13.943802,-0.136494,15.78231,3.459516,8.516902,7.179543
,4492.85,4494.46,4437.6,4440.79,4440.79,168321705,373234910157.7,-0.854742,-0.8511,19.230385,15.598862,13.318502,0.06021,15.039574,4.520663,9.850699,8.653068
,4445.86,4458.93,4420.69,4440.62,4440.62,162638787,378261695014.8,-0.003828,-0.003828,19.049922,15.579063,14.103294,-0.180463,15.430672,5.704081,9.269205,8.653385
,4517.34,4595.56,4513.77,4595.56,4595.56,253339213,641779180969.5,3.429661,3.489152,22.477677,16.691945,14.103294,3.427754,11.714234,1.932866,7.46686,4.19115
,4562.67,4579.2,4552.42,4566.22,4566.22,184939783,500445676660.7,-0.640489,-0.638442,22.391664,16.406402,13.564071,-0.086013,11.227845,3.663596,8.030783,4.062242
,4594.95,4655.1,4590.11,4636.57,4636.57,208678605,625717995648.2,1.528914,1.540662,23.146782,16.727101,13.900132,0.755119,10.675198,1.966911,7.513099,5.041392
,4615.13,4653.4,4615.13,4646.15,4646.15,196712277,556620945240.3,0.206405,0.206618,23.128213,16.65726,14.277264,-0.01857,12.952389,2.367079,5.617145,2.856689
,4676.12,4701.28,4654.85,4701.28,4701.28,204700332,605717793585.3,1.179589,1.186574,23.520804,16.814142,14.277264,0.392592,13.407635,1.409212,3.311926,-0.125577
,4726.64,4731.27,4672.56,4685.25,4685.25,201688500,604550556798.3,-0.341554,-0.340971,23.392676,16.768159,14.586356,-0.128128,13.523757,2.411956,3.11557,2.346721
,4694.43,4739.22,4689.41,4736.61,4736.61,192057600,567611323592.2,1.090241,1.096206,23.646542,16.882343,14.586356,0.253866,13.106621,1.044225,2.425065,1.053626
,4729,4738.32,4714.47,4728.67,4728.67,182915336,587622682307.9,-0.167771,-0.16763,22.80102,16.865847,14.609243,-0.845523,13.077915,0.857024,2.547905,-0.641557
,4727.17,4763.04,4720.69,4757.44,4757.44,221633494,626568410330.9,0.606573,0.608416,22.770637,16.907444,15.162987,-0.030382,14.013848,0.283574,0.537916,-4.918646
,4750.51,4776.83,4722.01,4768,4768,205614058,580407995619.7,0.221722,0.221968,18.593337,16.890967,7.212944,-4.1773,14.70445,-0.205538,1.604096,-3.623591
,4751.28,4801.45,4750.35,4799.63,4799.63,204481830,619505670177,0.66119,0.663381,18.327303,16.943062,7.212944,-0.266034,15.508152,0.223101,2.509485,-1.266416
,4816.03,4823.47,4759.86,4786.33,4786.33,232865736,693853775975.6,-0.277489,-0.277105,18.024068,16.938767,7.01155,-0.303235,15.495353,0.437374,3.31892,-1.454006
,4771.73,4786.44,4735.61,4769.37,4769.37,193798314,680097832547.3,-0.354972,-0.354342,17.191575,16.955885,5.689981,-0.832493,15.77597,2.233451,2.868694,-0.871194
,4776.34,4795.17,4762.64,4770.95,4770.95,192796550,648904814981.1,0.033123,0.033128,17.194488,16.955919,5.689981,0.002913,15.77086,2.679383,2.958556,-2.585244
,4757.08,4778.19,4743.44,4758.21,4758.21,216724233,631521664930.9,-0.26739,-0.267033,17.207509,16.938575,5.653584,0.013021,15.848035,2.361451,2.77542,-1.179215
,4737.58,4813.61,4737.11,4810.35,4810.35,233298110,681020507300.6,1.08983,1.09579,16.792765,17.079596,5.379374,-0.414744,15.90621,2.898938,0.702465,-5.136168
,4820.97,4829.27,4797.54,4807.31,4807.31,250633370,726665374516.3,-0.063217,-0.063197,16.127358,17.08033,5.412094,-0.665408,16.660889,2.885588,2.206455,-4.402485
,4857.65,4892.8,4834.28,4877.09,4877.09,274443880,881744311635.1,1.441105,1.451539,15.78231,17.316434,4.285646,-0.345047,15.982292,2.455713,1.257568,-6.948304
,4895.8,4901.86,4866.87,4900.51,4900.51,257833972,787236200022.7,0.479055,0.480204,15.039574,17.277544,3.137766,-0.742736,16.11786,0.287109,0.086484,-6.585149
,4871.12,4887.21,4849.99,4871.91,4871.91,251720996,716546104146,-0.585322,-0.583613,15.430672,17.189245,3.095066,0.391098,17.253885,-0.253199,-1.135134,-6.985885
,4902.28,4960.4,4889.57,4951.84,4951.84,305734801,904479321902.1,1.627317,1.64063,11.714234,16.85394,3.095066,-3.716438,17.595961,-2.418424,-4.929879,-7.350077
,4965.02,4971.3,4926.79,4948.05,4948.05,273812001,819351442664.4,-0.076567,-0.076537,11.227845,16.715946,2.699167,-0.48639,19.11129,-1.942122,-3.000063,-6.037519
,4919.42,5001.12,4919.42,4998.34,4998.34,268454537,823173197928.5,1.01123,1.01636,10.675198,16.754897,2.699167,-0.552646,18.886462,-2.998283,-5.125813,-7.195696
,5027.64,5030.52,4913.6,4914.6,4914.6,280695379,857446326247.6,-1.689549,-1.675356,12.952389,17.094935,7.940655,2.277191,18.159363,-2.712149,-3.98911,-4.583154
,4911.62,4935.62,4832.69,4859.59,4859.59,276967769,887687426984.5,-1.125629,-1.119318,13.407635,17.222348,8.271808,0.455246,18.420164,-0.298619,-1.707435,-3.296187
,4836.33,4868.6,4806.15,4833.52,4833.52,239077587,733452822623.8,-0.537909,-0.536465,13.523757,16.964941,8.22847,0.116122,20.265954,1.80587,1.196695,-3.574656
,4818.71,4854.52,4773.53,4852.88,4852.88,232280852,712401049984.5,0.399736,0.400536,13.106621,16.98042,8.22847,-0.417136,20.237957,1.93808,0.64393,-3.394362
,4829.61,4866.21,4825.64,4850.7,4850.7,220023206,729653332839,-0.044932,-0.044922,13.077915,16.972409,8.394861,-0.028706,20.500366,1.177814,1.649787,-3.92603
,4886.24,4937.93,4780.71,4783.1,4783.1,287342507,891936347970.3,-1.403415,-1.393613,14.013848,17.229841,9.056975,0.935933,19.73491,2.704214,3.260029,-2.481242
,4818.84,4851.35,4785.35,4845.1,4845.1,286940435,771823300850.7,1.287901,1.29623,14.70445,17.21062,9.056975,0.690603,20.880552,0.965786,4.33314,-2.169871
,4873.2,4922.44,4857.13,4921.6,4921.6,264743236,861179421899.8,1.56658,1.578915,15.508152,17.379035,9.056975,0.803702,22.819613,-1.583918,-0.044914,-4.059471
,4900.12,4952.74,4892.68,4947.85,4947.85,302799476,899094487856.9,0.531946,0.533363,15.495353,17.370743,9.393901,-0.0128,22.803998,-0.675091,-0.097666,-7.535638
,4940.95,4974.21,4891.34,4908.17,4908.17,301709175,909011906950,-0.805198,-0.801964,15.77597,17.456027,9.316666,0.280618,23.233879,0.622325,2.254869,-6.642219
,4889.27,4922.33,4843.23,4914.21,4914.21,267432731,819897918903.1,0.122984,0.12306,15.77086,17.435803,9.316666,-0.00511,25.837511,-0.192688,-0.940264,-6.197443
,4937.51,4954.07,4878.79,4892.12,4892.12,332518610,942236490058.1,-0.450526,-0.449513,15.848035,17.455759,9.14439,0.077175,26.157053,-1.549103,0.70883,-6.961696
,4897.9,4918.79,4836.69,4844.26,4844.26,296134051,823984849000.1,-0.983125,-0.978308,15.90621,17.270236,8.797022,0.058175,26.107258,-2.733407,2.752093,-6.222121
,4860.61,4930.28,4832,4914.56,4914.56,281731662,806751344395.2,1.440773,1.451202,16.660889,17.306869,8.559368,0.754679,25.705817,-2.32093,0.899785,-6.815011
,4921.34,4991.85,4904.9,4938.81,4938.81,304035947,906047729419,0.492218,0.493432,15.982292,17.231959,8.559368,-0.678597,27.806726,-3.927668,-2.594927,-6.450707
,4897.32,4938.78,4889.75,4904.75,4904.75,264808910,736143410003.4,-0.692029,-0.68964,16.11786,17.304175,8.128748,0.135569,27.844434,-3.788486,-1.284116,-6.215416
,4886.96,4924.34,4798.91,4816.92,4816.92,301929336,839863796395.6,-1.80694,-1.790713,17.253885,17.604594,9.450857,1.136025,27.072545,-0.8255,0.519314,-4.063889
,4703.77,4779.86,4677.57,4713.64,4713.64,299647565,761046395165.9,-2.167429,-2.144109,17.595961,18.007667,10.785265,0.342076,26.13659,3.70815,1.654168,-2.192026
,4743.45,4802.5,4715.39,4801.81,4801.81,258391601,713286998820.9,1.85325,1.870529,19.11129,18.35697,10.267421,1.515328,25.428577,1.701872,-0.968478,-5.431415
,4753.12,4786.52,4718.99,4748.59,4748.59,259297109,694628416057.3,-1.11452,-1.108332,18.886462,18.490735,9.792313,-0.224827,26.636789,3.777316,2.654105,-4.215363
,4730.07,4766.17,4685.5,4722.41,4722.41,247177059,653931756259.4,-0.552847,-0.551322,18.159363,18.508865,9.522321,-0.727099,27.587002,4.53699,1.228654,-3.762069
,4784.64,4809.86,4757.56,4777.32,4777.32,335922063,871477325201.4,1.156046,1.162754,18.420164,18.655017,9.955278,0.260801,28.025594,5.741957,-1.730067,-4.326865
,4829.29,4892.55,4803.18,4891.71,4891.71,331316076,914145755804.7,2.366222,2.394439,20.265954,19.182212,10.229117,1.845791,27.763501,0.56426,-1.965545,-7.049567
,4894.88,4908.28,4866.06,4884.23,4884.23,282584743,857202587478.1,-0.153029,-0.152912,20.237957,19.173588,10.520783,-0.027997,27.765367,1.196483,-2.01537,-6.592968
,4859.7,4933.93,4859.7,4931.39,4931.39,276053950,850367581580.7,0.960925,0.965556,20.500366,18.922852,9.956665,0.262409,28.140066,1.782896,-4.839249,-8.084757
,4916.04,4976.89,4916.04,4941.6,4941.6,334459902,1021710711056.1,0.206827,0.207041,19.73491,18.897401,10.304837,-0.765456,30.579902,-1.49608,-8.716592,-9.135654
,4949.35,5061.51,4928.46,5059.66,5059.66,375100124,1145900296757.5,2.361012,2.389105,20.880552,18.034641,10.304837,1.145642,29.689681,-2.658524,-9.560827,-12.165838
,5048.03,5064.27,4892.09,4919.39,4919.39,342719336,1047052858821.3,-2.811475,-2.772321,22.819613,18.940984,13.412297,1.939061,30.803602,1.213089,-3.730986,-10.027145
,4900.38,4953.23,4892.27,4943.02,4943.02,312249025,964945849978.7,0.479194,0.480344,22.803998,18.778479,13.412297,-0.015615,30.715161,0.322359,-4.67526,-9.829317
,4950.98,5032,4944.88,5020.1,5020.1,346664289,1110040892256.1,1.547337,1.559371,23.233879,18.740558,14.075679,0.429881,30.050252,-4.227471,-5.994757,-11.826521
,4981.83,4981.98,4845.19,4868.22,4868.22,341179238,1068082662086.9,-3.072149,-3.025438,25.837511,19.878759,16.283445,2.603632,28.724413,-0.53654,-4.603536,-7.70101
,4866.04,4928.6,4827.15,4926.92,4926.92,323216134,1053723822552.5,1.198568,1.20578,26.157053,19.983025,16.371642,0.319541,28.685638,-1.738619,-4.663465,
,4914.49,4987.56,4914.49,4979.43,4979.43,306150226,985795205703.9,1.060138,1.065777,26.107258,19.936353,17.20963,-0.049795,29.706375,-3.831331,-8.590726,
,4972.69,5017.38,4925.63,4958.98,4958.98,342934747,1101717525968.7,-0.411535,-0.41069,25.705817,19.722585,17.181544,-0.401441,29.962252,-4.189192,-7.508725,
,4865.17,4896.99,4800.48,4812.3,4812.3,343243758,1027796834232.7,-3.002493,-2.957866,27.806726,20.617214,18.041495,2.100909,28.475732,1.321365,-5.610945,
,4809.5,4890.97,4809.5,4842.17,4842.17,301067568,942569894349.8,0.618783,0.620701,27.844434,20.540782,18.40331,0.037709,28.580174,-1.275716,-5.387518,
,4868.54,4878.32,4789.8,4842,4842,294050543,907946016953.4,-0.003511,-0.003511,27.072545,20.540772,20.370988,-0.771889,28.671607,-3.074881,-6.370065,
,4813.87,4839.51,4756.73,4792.26,4792.26,246305999,762617505588.8,-1.032574,-1.027261,26.13659,19.501723,20.041047,-0.935956,29.068568,0.088437,-4.074366,
,4804.48,4830.05,4751.4,4755.53,4755.53,243928749,783248978280.6,-0.769397,-0.766444,25.428577,19.523555,19.118705,-0.708013,29.420435,0.65498,-2.068978,
,4774.4,4882.85,4734.87,4876.31,4876.31,281627705,947119396813.8,2.508063,2.53978,26.636789,19.935341,20.251139,1.208212,27.757121,-3.716038,-4.723989,
,4887.54,4906.49,4780.75,4780.79,4780.79,304130286,1083913073039.4,-1.978298,-1.958858,27.587002,20.37597,19.970416,0.950213,27.247848,-5.408256,-1.822698,
,4745.44,4775.24,4670.25,4695.38,4695.38,278634853,907944677889,-1.802676,-1.786525,28.025594,20.583895,18.901987,0.438592,26.493016,-2.088803,0.141316,
,4691.12,4796.5,4649.04,4796.5,4796.5,283250986,924097145132.5,2.130744,2.153606,27.763501,21.028529,18.901987,-0.262093,25.402682,-1.201181,-2.805806,
,4797.94,4826.86,4772.04,4786.78,4786.78,278692669,858314510331.8,-0.202853,-0.202648,27.765367,20.919153,18.803697,0.001866,25.5288,-1.463407,-2.022923,
,4711.53,4771.06,4673.35,4698.43,4698.43,251560977,798830386821.1,-1.862954,-1.845708,28.140066,21.268851,17.919157,0.374699,24.74777,0.627387,-0.736568,
,4661.62,4663.53,4492.09,4529.1,4529.1,302629886,920822412822,-3.670517,-3.60397,30.579902,22.508754,19.676029,2.439836,20.694771,2.616977,2.975321,
,4575.67,4628.8,4521.18,4598.32,4598.32,333116058,933403207740.6,1.516778,1.528339,29.689681,22.738687,19.676029,-0.890221,20.769036,2.238838,3.057816,
,4630.85,4739.23,4566.28,4739.23,4739.23,345403590,1016727269579.4,3.018366,3.06438,30.803602,23.556611,19.82454,1.113921,17.833949,-3.646651,-0.28357,
,4710.66,4772.08,4692.83,4717.24,4717.24,285556357,921519272205.4,-0.465079,-0.463999,30.715161,23.568466,19.627685,-0.088441,20.619009,-2.511106,-2.762712,
,4735.17,4737.51,4698.87,4728,4728,247331675,741818580560.1,0.22784,0.228099,30.050252,23.563798,19.627685,-0.664909,20.59208,-3.843659,-2.902331,
,4685.41,4704.08,4642.94,4649.19,4649.19,221261212,626378644367.9,-1.680927,-1.666878,28.724413,23.809545,18.086825,-1.325839,19.903183,-1.320522,-0.653643,
,4656.03,4702.52,4615.53,4702.43,4702.43,204786941,604552358161.4,1.138639,1.145146,28.685638,23.927044,18.086825,-0.038774,19.819185,-3.445219,-3.00706,
,4623.8,4646.49,4552.23,4569.52,4569.52,215705045,652026893961.9,-2.867123,-2.826411,29.706375,24.510454,18.471734,1.020737,17.042813,0.685029,-0.383488,
,4582.09,4626.71,4516.32,4600.26,4600.26,248082357,751545094170.8,0.670466,0.672718,29.962252,24.559386,18.487082,0.255877,17.149335,1.250555,-0.20607,
,4566.05,4596.21,4478.21,4549.72,4549.72,274651130,803696969760.2,-1.104713,-1.098634,28.475732,24.442761,17.217934,-1.48652,16.90056,2.208321,1.755165,
,4623.85,4635.59,4588.2,4588.2,4588.2,279243698,832909109292.8,0.84221,0.845766,28.580174,24.491791,17.217934,0.104442,16.759859,2.289104,0.456218,
,4561.82,4572.59,4529.19,4543.18,4543.18,232042584,615750950335.6,-0.986058,-0.981213,28.671607,24.538751,15.857472,0.091433,16.358253,3.4365,1.786862,
,4566.94,4613.69,4555.25,4600.93,4600.93,242073611,698818114400.1,1.263125,1.271136,29.068568,24.439363,16.421282,0.396961,15.801038,1.356997,0.228172,
,4550.19,4679.86,4550.19,4658.15,4658.15,276921919,879161152444.8,1.235992,1.243662,29.420435,24.597425,16.713301,0.351867,15.847036,0.701035,-2.393959,
,4621.8,4675.65,4611.07,4651.31,4651.31,247510730,747784204223.3,-0.146947,-0.146839,27.757121,24.488096,17.435437,-1.663314,15.865903,0.271383,-2.14548,
,4656.1,4706.73,4649.58,4694.44,4694.44,239072020,788405762429.7,0.922993,0.927266,27.247848,24.357827,18.205095,-0.509273,15.393378,-0.610237,-3.168026,
,4698.82,4714.46,4659.47,4702.02,4702.02,213075996,733103396912.2,0.161337,0.161468,26.493016,24.263656,19.214226,-0.754832,15.58625,0.827697,-2.738113,
,4689.45,4715.88,4660.47,4663.79,4663.79,209699098,645384756136.2,-0.816378,-0.813055,25.402682,24.294023,18.386443,-1.090333,15.404772,1.321055,-2.278215,
,4660.47,4700.43,4657.69,4690.92,4690.92,184939148,575326282008.4,0.58003,0.581716,25.5288,24.311386,18.215133,0.126118,15.270266,-2.203197,-2.554675,
,4716.97,4727.23,4661.88,4663.95,4663.95,215499615,690715960896.5,-0.5766,-0.574941,24.74777,24.334704,18.698013,-0.78103,15.253289,-1.538376,-2.50894,
,4672.98,4676.71,4637.13,4665.88,4665.88,178430696,549769606284.4,0.041373,0.041381,20.694771,24.175023,13.597619,-4.052999,15.447432,-1.011987,-3.394383,
,4672.28,4742.4,4662.72,4741.1,4741.1,190569286,657601745987.5,1.599272,1.612129,20.769036,24.256433,13.597619,0.074266,14.036182,-3.826038,-5.662827,
,4734.07,4744.01,4687.53,4725.81,4725.81,204245514,619828730176.5,-0.32302,-0.322499,17.833949,24.03123,13.335971,-2.935088,14.104105,-3.746569,-6.012589,
,4660.06,4674.38,4568.07,4588.7,4588.7,244070090,705253505410.7,-2.944222,-2.901302,20.619009,24.707219,16.33917,2.78506,10.498375,0.045536,-2.391345,
,4613.3,4631.13,4569.23,4592.75,4592.75,200874189,554021067145.1,0.088221,0.08826,20.59208,24.670072,16.33917,-0.02693,10.530821,0.813837,-2.929433,
,4585.44,4629,4579.26,4618.9,4618.9,171075891,505501102128.1,0.567761,0.569376,19.903183,24.704882,17.272144,-0.688897,11.093674,-0.210661,-2.443831,
,4620.95,4621.39,4527.49,4563.13,4563.13,206616872,590425593776.3,-1.214779,-1.20743,19.819185,24.800227,16.156641,-0.083998,,1.348704,,
,4542.24,4573.38,4523.02,4552.03,4552.03,171510168,480421573871.9,-0.24355,-0.243254,17.042813,24.736016,13.472825,-2.776372,,1.296689,,
,4549.43,4612.04,4542.84,4590.79,4590.79,184578169,489057278409.9,0.847884,0.851488,17.149335,24.607409,13.472825,0.106522,,-0.937334,,
,4594.48,4631.35,4584.99,4630.28,4630.28,202017250,587120379412.9,0.856522,0.860201,16.90056,24.656992,14.35932,-0.248775,,-1.692324,,
,4615.84,4643.34,4608.46,4609.18,4609.18,180989495,549813480130.3,-0.456737,-0.455696,16.759859,24.637876,13.641075,-0.140701,,-1.33514,,
,4561.99,4625.09,4557.35,4625.09,4625.09,237447640,583433867750.8,0.344586,0.345181,16.358253,24.395919,14.559587,-0.401605,,-1.088476,,
,4618.73,4640.08,4604.77,4611.44,4611.44,214869581,535708359906.7,-0.295566,-0.295129,15.801038,24.006305,13.920914,-0.557215,,-1.14939,,
,4581.51,4583.27,4534.39,4547.96,4547.96,186991888,474680402432.2,-1.386139,-1.376577,15.847036,23.834465,13.473139,0.045997,,0.540319,,
,4570.91,4585.99,4536.92,4552.58,4552.58,182244060,439940676545.4,0.101532,0.101584,15.865903,23.741428,13.688893,0.018868,,-0.092078,,
,4575.32,4602.2,4530.76,4548.05,4548.05,196997428,517509323617.1,-0.099554,-0.099504,15.393378,23.720238,13.543357,-0.472525,,-0.836594,,
,4567.89,4580.7,4545.41,4575.02,4575.02,183218470,535811893130.1,0.59125,0.593001,15.58625,23.624339,13.543357,0.192872,,-2.097017,,
,4575.99,4587.73,4546.31,4558.74,4558.74,173566694,492086620496.5,-0.35648,-0.355845,15.404772,23.076672,13.756778,-0.181478,,-2.413318,,
,4578.51,4581.9,4548.36,4572.6,4572.6,158004433,440048388790.5,0.30357,0.304031,15.270266,23.092636,13.756778,-0.134506,,-2.039866,,
,4550.19,4569.83,4533.66,4548.39,4548.39,146922552,390616200774,-0.530865,-0.529458,15.253289,22.999367,13.77851,-0.016977,,-1.958868,,
,4514.3,4520.17,4461.57,4510.16,4510.16,204230027,522206649512.2,-0.844069,-0.840517,15.447432,23.033518,13.07449,0.194143,,-0.061436,,
,4474.95,4504.49,4473.27,4480.08,4480.08,149488418,398684667727.4,-0.669173,-0.666939,14.036182,22.45109,12.47842,-1.41125,,,,
,4473.81,4496.96,4444.63,4450.04,4450.04,142718095,394775647494.4,-0.672782,-0.670524,14.104105,21.80831,12.286216,0.067924,,,,
,4449.88,4483.36,4417.6,4480.27,4480.27,163494523,476451542068.7,0.677023,0.67932,10.498375,21.837101,6.385009,-3.605731,,,,
,4463.62,4495.83,4453.92,4460.16,4460.16,170025642,448339162423.1,-0.449867,-0.448857,10.530821,21.550364,6.13496,0.032446,,,,
,4492.32,4523.09,4480.59,4507.39,4507.39,189924166,537699359226.9,1.053363,1.058931,11.093674,20.846592,6.13496,0.562853,,,,
